instance,matched_solution_name,solution_part,imported_tier,reference_tier,status
_3779_,_3779_,1,tier1,tier0,exact
_3783_,_3783_,1,tier1,tier0,exact
_3784_,_3784_,1,tier1,tier0,exact
_3786_,_3786_,1,tier1,tier0,exact
_3789_,_3789_,1,tier1,tier0,exact
_3793_,_3793_,0,tier0,tier1,exact
_3794_,_3794_,1,tier1,tier0,exact
_3796_,_3796_,1,tier1,tier0,exact
_3797_,_3797_,1,tier1,tier1,exact
_3798_,_3798_,0,tier0,tier1,exact
_3803_,_3803_,0,tier0,tier1,exact
_3806_,_3806_,0,tier0,tier1,exact
_3810_,_3810_,0,tier0,tier1,exact
_3811_,_3811_,0,tier0,tier1,exact
_3812_,_3812_,0,tier0,tier1,exact
_3813_,_3813_,0,tier0,tier1,exact
_3816_,_3816_,0,tier0,tier1,exact
_3818_,_3818_,0,tier0,tier1,exact
_3820_,_3820_,0,tier0,tier1,exact
_3822_,_3822_,1,tier1,tier1,exact
_3823_,_3823_,0,tier0,tier1,exact
_3824_,_3824_,0,tier0,tier1,exact
_3826_,_3826_,0,tier0,tier1,exact
_3827_,_3827_,1,tier1,tier1,exact
_3828_,_3828_,0,tier0,tier1,exact
_3829_,_3829_,1,tier1,tier1,exact
_3830_,_3830_,0,tier0,tier1,exact
_3831_,_3831_,0,tier0,tier1,exact
_3832_,_3832_,0,tier0,tier1,exact
_3833_,_3833_,0,tier0,tier1,exact
_3834_,_3834_,1,tier1,tier1,exact
_3836_,_3836_,0,tier0,tier1,exact
_3838_,_3838_,1,tier1,tier1,exact
_3839_,_3839_,0,tier0,tier1,exact
_3840_,_3840_,0,tier0,tier1,exact
_3841_,_3841_,0,tier0,tier1,exact
_3842_,_3842_,0,tier0,tier1,exact
_3843_,_3843_,0,tier0,tier1,exact
_3844_,_3844_,0,tier0,tier1,exact
_3845_,_3845_,0,tier0,tier1,exact
_3846_,_3846_,0,tier0,tier1,exact
_3848_,_3848_,0,tier0,tier1,exact
_3849_,_3849_,0,tier0,tier1,exact
_3850_,_3850_,0,tier0,tier1,exact
_3851_,_3851_,0,tier0,tier1,exact
_3852_,_3852_,0,tier0,tier1,exact
_3854_,_3854_,0,tier0,tier1,exact
_3855_,_3855_,0,tier0,tier1,exact
_3856_,_3856_,0,tier0,tier1,exact
_3857_,_3857_,0,tier0,tier1,exact
_3858_,_3858_,0,tier0,tier1,exact
_3859_,_3859_,0,tier0,tier1,exact
_3860_,_3860_,0,tier0,tier1,exact
_3861_,_3861_,0,tier0,tier1,exact
_3862_,_3862_,1,tier1,tier1,exact
_3863_,_3863_,0,tier0,tier1,exact
_3864_,_3864_,0,tier0,tier1,exact
_3868_,_3868_,1,tier1,tier1,exact
_3872_,_3872_,1,tier1,tier1,exact
_3873_,_3873_,1,tier1,tier1,exact
_3875_,_3875_,1,tier1,tier1,exact
_3882_,_3882_,0,tier0,tier1,exact
_3883_,_3883_,0,tier0,tier1,exact
_3884_,_3884_,1,tier1,tier1,exact
_3887_,_3887_,0,tier0,tier1,exact
_3890_,_3890_,0,tier0,tier1,exact
_3899_,_3899_,0,tier0,tier1,exact
_3901_,_3901_,0,tier0,tier1,exact
_3902_,_3902_,0,tier0,tier1,exact
_3907_,_3907_,0,tier0,tier1,exact
_3912_,_3912_,0,tier0,tier1,exact
_3913_,_3913_,0,tier0,tier1,exact
_3918_,_3918_,0,tier0,tier1,exact
_3920_,_3920_,0,tier0,tier1,exact
_3921_,_3921_,0,tier0,tier1,exact
_3927_,_3927_,0,tier0,tier1,exact
_3935_,_3935_,0,tier0,tier1,exact
_3939_,_3939_,0,tier0,tier1,exact
_3940_,_3940_,0,tier0,tier1,exact
_3943_,_3943_,0,tier0,tier1,exact
_3945_,_3945_,0,tier0,tier1,exact
_3948_,_3948_,0,tier0,tier1,exact
_3951_,_3951_,0,tier0,tier1,exact
_3952_,_3952_,0,tier0,tier1,exact
_3953_,_3953_,1,tier1,tier1,exact
_3957_,_3957_,1,tier1,tier1,exact
_3959_,_3959_,1,tier1,tier1,exact
_3960_,_3960_,1,tier1,tier1,exact
_3965_,_3965_,1,tier1,tier1,exact
_3966_,_3966_,1,tier1,tier1,exact
_3969_,_3969_,1,tier1,tier1,exact
_3972_,_3972_,1,tier1,tier1,exact
_3973_,_3973_,1,tier1,tier1,exact
_3974_,_3974_,1,tier1,tier1,exact
_3976_,_3976_,1,tier1,tier1,exact
_3977_,_3977_,1,tier1,tier1,exact
_3978_,_3978_,1,tier1,tier0,exact
_3987_,_3987_,1,tier1,tier1,exact
_3999_,_3999_,1,tier1,tier1,exact
_4003_,_4003_,1,tier1,tier1,exact
_4007_,_4007_,1,tier1,tier1,exact
_4013_,_4013_,1,tier1,tier1,exact
_4019_,_4019_,1,tier1,tier1,exact
_4021_,_4021_,1,tier1,tier1,exact
_4027_,_4027_,1,tier1,tier1,exact
_4030_,_4030_,1,tier1,tier1,exact
_4033_,_4033_,1,tier1,tier1,exact
_4040_,_4040_,1,tier1,tier1,exact
_4044_,_4044_,1,tier1,tier1,exact
_4045_,_4045_,1,tier1,tier1,exact
_4046_,_4046_,1,tier1,tier1,exact
_4047_,_4047_,1,tier1,tier1,exact
_4048_,_4048_,0,tier0,tier1,exact
_4054_,_4054_,1,tier1,tier1,exact
_4058_,_4058_,1,tier1,tier1,exact
_4059_,_4059_,1,tier1,tier1,exact
_4060_,_4060_,1,tier1,tier1,exact
_4061_,_4061_,1,tier1,tier1,exact
_4064_,_4064_,1,tier1,tier1,exact
_4071_,_4071_,1,tier1,tier1,exact
_4072_,_4072_,0,tier0,tier1,exact
_4077_,_4077_,1,tier1,tier1,exact
_4080_,_4080_,1,tier1,tier1,exact
_4086_,_4086_,1,tier1,tier1,exact
_4090_,_4090_,1,tier1,tier1,exact
_4092_,_4092_,1,tier1,tier1,exact
_4094_,_4094_,1,tier1,tier1,exact
_4096_,_4096_,1,tier1,tier1,exact
_4097_,_4097_,1,tier1,tier1,exact
_4098_,_4098_,1,tier1,tier1,exact
_4099_,_4099_,1,tier1,tier1,exact
_4100_,_4100_,1,tier1,tier0,exact
_4102_,_4102_,0,tier0,tier1,exact
_4105_,_4105_,0,tier0,tier1,exact
_4108_,_4108_,0,tier0,tier1,exact
_4109_,_4109_,0,tier0,tier1,exact
_4111_,_4111_,0,tier0,tier1,exact
_4112_,_4112_,0,tier0,tier1,exact
_4114_,_4114_,0,tier0,tier1,exact
_4115_,_4115_,0,tier0,tier1,exact
_4116_,_4116_,0,tier0,tier1,exact
_4119_,_4119_,0,tier0,tier1,exact
_4121_,_4121_,0,tier0,tier1,exact
_4124_,_4124_,0,tier0,tier1,exact
_4126_,_4126_,0,tier0,tier1,exact
_4132_,_4132_,0,tier0,tier1,exact
_4133_,_4133_,0,tier0,tier1,exact
_4134_,_4134_,0,tier0,tier1,exact
_4135_,_4135_,0,tier0,tier1,exact
_4136_,_4136_,0,tier0,tier1,exact
_4137_,_4137_,0,tier0,tier1,exact
_4138_,_4138_,0,tier0,tier1,exact
_4139_,_4139_,0,tier0,tier1,exact
_4142_,_4142_,0,tier0,tier1,exact
_4143_,_4143_,0,tier0,tier1,exact
_4147_,_4147_,0,tier0,tier1,exact
_4150_,_4150_,0,tier0,tier1,exact
_4151_,_4151_,0,tier0,tier1,exact
_4152_,_4152_,0,tier0,tier1,exact
_4153_,_4153_,0,tier0,tier1,exact
_4157_,_4157_,0,tier0,tier1,exact
_4158_,_4158_,0,tier0,tier1,exact
_4160_,_4160_,0,tier0,tier1,exact
_4161_,_4161_,0,tier0,tier1,exact
_4162_,_4162_,0,tier0,tier1,exact
_4164_,_4164_,0,tier0,tier1,exact
_4165_,_4165_,0,tier0,tier1,exact
_4166_,_4166_,0,tier0,tier1,exact
_4167_,_4167_,0,tier0,tier1,exact
_4168_,_4168_,0,tier0,tier1,exact
_4169_,_4169_,0,tier0,tier1,exact
_4170_,_4170_,0,tier0,tier1,exact
_4171_,_4171_,0,tier0,tier1,exact
_4172_,_4172_,0,tier0,tier1,exact
_4175_,_4175_,0,tier0,tier1,exact
_4176_,_4176_,0,tier0,tier1,exact
_4177_,_4177_,0,tier0,tier1,exact
_4179_,_4179_,0,tier0,tier1,exact
_4180_,_4180_,0,tier0,tier1,exact
_4181_,_4181_,1,tier1,tier1,exact
_4183_,_4183_,0,tier0,tier1,exact
_4184_,_4184_,0,tier0,tier1,exact
_4186_,_4186_,0,tier0,tier1,exact
_4187_,_4187_,0,tier0,tier1,exact
_4188_,_4188_,0,tier0,tier1,exact
_4189_,_4189_,0,tier0,tier1,exact
_4190_,_4190_,1,tier1,tier1,exact
_4191_,_4191_,0,tier0,tier1,exact
_4192_,_4192_,0,tier0,tier1,exact
_4195_,_4195_,0,tier0,tier1,exact
_4196_,_4196_,0,tier0,tier1,exact
_4197_,_4197_,0,tier0,tier1,exact
_4198_,_4198_,0,tier0,tier1,exact
_4199_,_4199_,0,tier0,tier1,exact
_4204_,_4204_,0,tier0,tier1,exact
_4205_,_4205_,1,tier1,tier1,exact
_4206_,_4206_,0,tier0,tier1,exact
_4207_,_4207_,0,tier0,tier1,exact
_4208_,_4208_,0,tier0,tier1,exact
_4211_,_4211_,0,tier0,tier1,exact
_4212_,_4212_,0,tier0,tier1,exact
_4214_,_4214_,0,tier0,tier1,exact
_4215_,_4215_,0,tier0,tier1,exact
_4216_,_4216_,0,tier0,tier1,exact
_4217_,_4217_,0,tier0,tier1,exact
_4218_,_4218_,0,tier0,tier1,exact
_4220_,_4220_,0,tier0,tier1,exact
_4221_,_4221_,0,tier0,tier1,exact
_4223_,_4223_,0,tier0,tier1,exact
_4225_,_4225_,0,tier0,tier1,exact
_4226_,_4226_,0,tier0,tier1,exact
_4227_,_4227_,0,tier0,tier1,exact
_4228_,_4228_,0,tier0,tier1,exact
_4229_,_4229_,0,tier0,tier1,exact
_4234_,_4234_,0,tier0,tier1,exact
_4235_,_4235_,0,tier0,tier1,exact
_4236_,_4236_,0,tier0,tier1,exact
_4239_,_4239_,0,tier0,tier1,exact
_4240_,_4240_,0,tier0,tier1,exact
_4241_,_4241_,0,tier0,tier1,exact
_4242_,_4242_,0,tier0,tier1,exact
_4243_,_4243_,0,tier0,tier1,exact
_4245_,_4245_,0,tier0,tier1,exact
_4246_,_4246_,0,tier0,tier1,exact
_4247_,_4247_,0,tier0,tier1,exact
_4248_,_4248_,0,tier0,tier1,exact
_4249_,_4249_,0,tier0,tier1,exact
_4250_,_4250_,0,tier0,tier1,exact
_4251_,_4251_,0,tier0,tier1,exact
_4252_,_4252_,0,tier0,tier1,exact
_4253_,_4253_,0,tier0,tier1,exact
_4254_,_4254_,0,tier0,tier1,exact
_4256_,_4256_,0,tier0,tier1,exact
_4259_,_4259_,0,tier0,tier1,exact
_4260_,_4260_,0,tier0,tier1,exact
_4261_,_4261_,0,tier0,tier1,exact
_4263_,_4263_,0,tier0,tier1,exact
_4264_,_4264_,0,tier0,tier1,exact
_4265_,_4265_,1,tier1,tier1,exact
_4266_,_4266_,1,tier1,tier0,exact
_4267_,_4267_,1,tier1,tier0,exact
_4268_,_4268_,1,tier1,tier0,exact
_4269_,_4269_,1,tier1,tier0,exact
_4270_,_4270_,1,tier1,tier1,exact
_4271_,_4271_,1,tier1,tier1,exact
_4272_,_4272_,1,tier1,tier1,exact
_4273_,_4273_,1,tier1,tier1,exact
_4274_,_4274_,1,tier1,tier1,exact
_4276_,_4276_,1,tier1,tier1,exact
_4277_,_4277_,1,tier1,tier1,exact
_4278_,_4278_,1,tier1,tier1,exact
_4279_,_4279_,1,tier1,tier1,exact
_4280_,_4280_,1,tier1,tier1,exact
_4281_,_4281_,1,tier1,tier1,exact
_4282_,_4282_,1,tier1,tier0,exact
_4283_,_4283_,1,tier1,tier1,exact
_4285_,_4285_,1,tier1,tier1,exact
_4286_,_4286_,1,tier1,tier1,exact
_4287_,_4287_,1,tier1,tier1,exact
_4289_,_4289_,1,tier1,tier1,exact
_4290_,_4290_,1,tier1,tier1,exact
_4291_,_4291_,1,tier1,tier1,exact
_4292_,_4292_,1,tier1,tier1,exact
_4294_,_4294_,1,tier1,tier1,exact
_4295_,_4295_,1,tier1,tier1,exact
_4296_,_4296_,1,tier1,tier1,exact
_4298_,_4298_,1,tier1,tier1,exact
_4299_,_4299_,1,tier1,tier1,exact
_4300_,_4300_,1,tier1,tier1,exact
_4301_,_4301_,1,tier1,tier1,exact
_4302_,_4302_,1,tier1,tier1,exact
_4303_,_4303_,1,tier1,tier1,exact
_4304_,_4304_,1,tier1,tier1,exact
_4305_,_4305_,1,tier1,tier1,exact
_4306_,_4306_,1,tier1,tier1,exact
_4307_,_4307_,1,tier1,tier1,exact
_4308_,_4308_,1,tier1,tier1,exact
_4310_,_4310_,1,tier1,tier1,exact
_4311_,_4311_,1,tier1,tier1,exact
_4313_,_4313_,1,tier1,tier1,exact
_4314_,_4314_,1,tier1,tier1,exact
_4315_,_4315_,1,tier1,tier1,exact
_4316_,_4316_,1,tier1,tier1,exact
_4317_,_4317_,1,tier1,tier1,exact
_4318_,_4318_,1,tier1,tier1,exact
_4319_,_4319_,1,tier1,tier1,exact
_4320_,_4320_,1,tier1,tier1,exact
_4322_,_4322_,1,tier1,tier1,exact
_4323_,_4323_,1,tier1,tier1,exact
_4324_,_4324_,1,tier1,tier1,exact
_4325_,_4325_,1,tier1,tier1,exact
_4326_,_4326_,1,tier1,tier1,exact
_4327_,_4327_,1,tier1,tier1,exact
_4328_,_4328_,1,tier1,tier1,exact
_4329_,_4329_,1,tier1,tier1,exact
_4330_,_4330_,1,tier1,tier1,exact
_4331_,_4331_,1,tier1,tier1,exact
_4332_,_4332_,1,tier1,tier1,exact
_4333_,_4333_,1,tier1,tier1,exact
_4334_,_4334_,1,tier1,tier1,exact
_4335_,_4335_,1,tier1,tier1,exact
_4336_,_4336_,1,tier1,tier1,exact
_4337_,_4337_,0,tier0,tier1,exact
_4338_,_4338_,1,tier1,tier1,exact
_4339_,_4339_,1,tier1,tier1,exact
_4340_,_4340_,1,tier1,tier1,exact
_4341_,_4341_,1,tier1,tier1,exact
_4342_,_4342_,1,tier1,tier1,exact
_4343_,_4343_,1,tier1,tier1,exact
_4344_,_4344_,1,tier1,tier1,exact
_4345_,_4345_,1,tier1,tier1,exact
_4346_,_4346_,1,tier1,tier1,exact
_4347_,_4347_,1,tier1,tier1,exact
_4348_,_4348_,1,tier1,tier1,exact
_4349_,_4349_,1,tier1,tier1,exact
_4350_,_4350_,1,tier1,tier1,exact
_4351_,_4351_,1,tier1,tier1,exact
_4352_,_4352_,1,tier1,tier1,exact
_4353_,_4353_,1,tier1,tier1,exact
_4354_,_4354_,1,tier1,tier1,exact
_4355_,_4355_,1,tier1,tier1,exact
_4356_,_4356_,1,tier1,tier1,exact
_4357_,_4357_,1,tier1,tier1,exact
_4358_,_4358_,1,tier1,tier1,exact
_4359_,_4359_,1,tier1,tier1,exact
_4360_,_4360_,1,tier1,tier1,exact
_4361_,_4361_,1,tier1,tier1,exact
_4362_,_4362_,1,tier1,tier1,exact
_4363_,_4363_,1,tier1,tier1,exact
_4364_,_4364_,1,tier1,tier1,exact
_4365_,_4365_,1,tier1,tier1,exact
_4366_,_4366_,1,tier1,tier1,exact
_4367_,_4367_,1,tier1,tier1,exact
_4368_,_4368_,1,tier1,tier1,exact
_4369_,_4369_,1,tier1,tier1,exact
_4370_,_4370_,1,tier1,tier1,exact
_4371_,_4371_,1,tier1,tier1,exact
_4372_,_4372_,1,tier1,tier1,exact
_4373_,_4373_,1,tier1,tier0,exact
_4374_,_4374_,1,tier1,tier0,exact
_4375_,_4375_,1,tier1,tier1,exact
_4376_,_4376_,1,tier1,tier1,exact
_4377_,_4377_,1,tier1,tier1,exact
_4378_,_4378_,1,tier1,tier1,exact
_4379_,_4379_,1,tier1,tier1,exact
_4380_,_4380_,1,tier1,tier1,exact
_4381_,_4381_,1,tier1,tier1,exact
_4382_,_4382_,1,tier1,tier1,exact
_4383_,_4383_,1,tier1,tier1,exact
_4384_,_4384_,1,tier1,tier1,exact
_4385_,_4385_,1,tier1,tier1,exact
_4386_,_4386_,1,tier1,tier1,exact
_4387_,_4387_,1,tier1,tier1,exact
_4388_,_4388_,1,tier1,tier1,exact
_4389_,_4389_,1,tier1,tier1,exact
_4390_,_4390_,1,tier1,tier1,exact
_4391_,_4391_,1,tier1,tier1,exact
_4392_,_4392_,1,tier1,tier1,exact
_4393_,_4393_,1,tier1,tier1,exact
_4394_,_4394_,1,tier1,tier1,exact
_4395_,_4395_,1,tier1,tier1,exact
_4396_,_4396_,1,tier1,tier1,exact
_4397_,_4397_,1,tier1,tier1,exact
_4398_,_4398_,1,tier1,tier1,exact
_4400_,_4400_,1,tier1,tier1,exact
_4401_,_4401_,1,tier1,tier1,exact
_4402_,_4402_,1,tier1,tier1,exact
_4403_,_4403_,1,tier1,tier1,exact
_4404_,_4404_,1,tier1,tier1,exact
_4405_,_4405_,1,tier1,tier1,exact
_4406_,_4406_,1,tier1,tier1,exact
_4407_,_4407_,1,tier1,tier1,exact
_4408_,_4408_,1,tier1,tier1,exact
_4409_,_4409_,1,tier1,tier1,exact
_4410_,_4410_,1,tier1,tier0,exact
_4411_,_4411_,1,tier1,tier1,exact
_4412_,_4412_,1,tier1,tier1,exact
_4413_,_4413_,1,tier1,tier1,exact
_4416_,_4416_,1,tier1,tier1,exact
_4417_,_4417_,1,tier1,tier1,exact
_4418_,_4418_,1,tier1,tier1,exact
_4419_,_4419_,1,tier1,tier1,exact
_4420_,_4420_,1,tier1,tier1,exact
_4421_,_4421_,1,tier1,tier1,exact
_4422_,_4422_,1,tier1,tier1,exact
_4423_,_4423_,1,tier1,tier1,exact
_4424_,_4424_,1,tier1,tier1,exact
_4425_,_4425_,1,tier1,tier1,exact
_4426_,_4426_,1,tier1,tier1,exact
_4427_,_4427_,1,tier1,tier1,exact
_4428_,_4428_,1,tier1,tier0,exact
_4429_,_4429_,1,tier1,tier0,exact
_4430_,_4430_,0,tier0,tier1,exact
_4431_,_4431_,0,tier0,tier1,exact
_4432_,_4432_,0,tier0,tier1,exact
_4433_,_4433_,0,tier0,tier1,exact
_4434_,_4434_,0,tier0,tier1,exact
_4436_,_4436_,0,tier0,tier1,exact
_4437_,_4437_,0,tier0,tier1,exact
_4438_,_4438_,0,tier0,tier1,exact
_4439_,_4439_,0,tier0,tier1,exact
_4440_,_4440_,0,tier0,tier1,exact
_4441_,_4441_,0,tier0,tier1,exact
_4442_,_4442_,0,tier0,tier1,exact
_4443_,_4443_,0,tier0,tier1,exact
_4444_,_4444_,0,tier0,tier1,exact
_4445_,_4445_,0,tier0,tier1,exact
_4446_,_4446_,0,tier0,tier1,exact
_4447_,_4447_,0,tier0,tier1,exact
_4448_,_4448_,0,tier0,tier1,exact
_4449_,_4449_,0,tier0,tier1,exact
_4450_,_4450_,0,tier0,tier1,exact
_4451_,_4451_,0,tier0,tier1,exact
_4452_,_4452_,0,tier0,tier1,exact
_4453_,_4453_,0,tier0,tier1,exact
_4454_,_4454_,0,tier0,tier1,exact
_4455_,_4455_,0,tier0,tier1,exact
_4456_,_4456_,0,tier0,tier1,exact
_4457_,_4457_,0,tier0,tier1,exact
_4458_,_4458_,0,tier0,tier1,exact
_4459_,_4459_,0,tier0,tier1,exact
_4460_,_4460_,0,tier0,tier1,exact
_4461_,_4461_,0,tier0,tier1,exact
_4462_,_4462_,0,tier0,tier1,exact
_4463_,_4463_,0,tier0,tier1,exact
_4464_,_4464_,0,tier0,tier1,exact
_4465_,_4465_,0,tier0,tier1,exact
_4468_,_4468_,0,tier0,tier1,exact
_4469_,_4469_,0,tier0,tier1,exact
_4470_,_4470_,0,tier0,tier1,exact
_4471_,_4471_,0,tier0,tier1,exact
_4472_,_4472_,0,tier0,tier1,exact
_4473_,_4473_,0,tier0,tier1,exact
_4474_,_4474_,0,tier0,tier1,exact
_4475_,_4475_,0,tier0,tier1,exact
_4477_,_4477_,1,tier1,tier0,exact
_4478_,_4478_,1,tier1,tier0,exact
_4479_,_4479_,1,tier1,tier0,exact
_4480_,_4480_,1,tier1,tier0,exact
_4481_,_4481_,1,tier1,tier1,exact
_4483_,_4483_,1,tier1,tier0,exact
_4485_,_4485_,1,tier1,tier0,exact
_4486_,_4486_,1,tier1,tier0,exact
_4487_,_4487_,1,tier1,tier0,exact
_4488_,_4488_,1,tier1,tier0,exact
_4489_,_4489_,1,tier1,tier0,exact
_4490_,_4490_,1,tier1,tier1,exact
_4491_,_4491_,1,tier1,tier1,exact
_4492_,_4492_,1,tier1,tier1,exact
_4493_,_4493_,1,tier1,tier1,exact
_4494_,_4494_,1,tier1,tier1,exact
_4496_,_4496_,1,tier1,tier1,exact
_4498_,_4498_,1,tier1,tier1,exact
_4499_,_4499_,1,tier1,tier1,exact
_4500_,_4500_,1,tier1,tier1,exact
_4501_,_4501_,1,tier1,tier1,exact
_4502_,_4502_,1,tier1,tier1,exact
_4503_,_4503_,1,tier1,tier1,exact
_4504_,_4504_,1,tier1,tier1,exact
_4505_,_4505_,1,tier1,tier1,exact
_4506_,_4506_,1,tier1,tier1,exact
_4507_,_4507_,1,tier1,tier1,exact
_4508_,_4508_,1,tier1,tier1,exact
_4509_,_4509_,1,tier1,tier1,exact
_4510_,_4510_,1,tier1,tier1,exact
_4511_,_4511_,1,tier1,tier1,exact
_4512_,_4512_,1,tier1,tier1,exact
_4513_,_4513_,1,tier1,tier1,exact
_4514_,_4514_,1,tier1,tier1,exact
_4515_,_4515_,1,tier1,tier1,exact
_4516_,_4516_,1,tier1,tier1,exact
_4517_,_4517_,1,tier1,tier1,exact
_4518_,_4518_,1,tier1,tier1,exact
_4519_,_4519_,1,tier1,tier1,exact
_4520_,_4520_,1,tier1,tier1,exact
_4521_,_4521_,1,tier1,tier1,exact
_4522_,_4522_,1,tier1,tier1,exact
_4523_,_4523_,1,tier1,tier1,exact
_4524_,_4524_,1,tier1,tier1,exact
_4525_,_4525_,1,tier1,tier1,exact
_4526_,_4526_,1,tier1,tier1,exact
_4528_,_4528_,1,tier1,tier1,exact
_4529_,_4529_,1,tier1,tier1,exact
_4530_,_4530_,1,tier1,tier1,exact
_4532_,_4532_,1,tier1,tier1,exact
_4533_,_4533_,1,tier1,tier1,exact
_4534_,_4534_,1,tier1,tier1,exact
_4535_,_4535_,1,tier1,tier1,exact
_4536_,_4536_,1,tier1,tier1,exact
_4537_,_4537_,1,tier1,tier1,exact
_4538_,_4538_,1,tier1,tier1,exact
_4539_,_4539_,1,tier1,tier1,exact
_4540_,_4540_,1,tier1,tier1,exact
_4541_,_4541_,1,tier1,tier1,exact
_4542_,_4542_,1,tier1,tier1,exact
_4543_,_4543_,1,tier1,tier1,exact
_4544_,_4544_,1,tier1,tier1,exact
_4545_,_4545_,1,tier1,tier1,exact
_4546_,_4546_,1,tier1,tier1,exact
_4547_,_4547_,1,tier1,tier1,exact
_4548_,_4548_,1,tier1,tier1,exact
_4549_,_4549_,1,tier1,tier1,exact
_4550_,_4550_,1,tier1,tier0,exact
_4551_,_4551_,0,tier0,tier1,exact
_4552_,_4552_,0,tier0,tier1,exact
_4553_,_4553_,0,tier0,tier1,exact
_4554_,_4554_,0,tier0,tier1,exact
_4555_,_4555_,0,tier0,tier1,exact
_4556_,_4556_,0,tier0,tier1,exact
_4557_,_4557_,0,tier0,tier1,exact
_4558_,_4558_,0,tier0,tier1,exact
_4559_,_4559_,0,tier0,tier1,exact
_4560_,_4560_,0,tier0,tier1,exact
_4561_,_4561_,0,tier0,tier1,exact
_4562_,_4562_,0,tier0,tier1,exact
_4563_,_4563_,0,tier0,tier1,exact
_4564_,_4564_,0,tier0,tier1,exact
_4565_,_4565_,0,tier0,tier1,exact
_4566_,_4566_,0,tier0,tier1,exact
_4567_,_4567_,0,tier0,tier1,exact
_4568_,_4568_,0,tier0,tier1,exact
_4569_,_4569_,0,tier0,tier1,exact
_4570_,_4570_,0,tier0,tier1,exact
_4571_,_4571_,0,tier0,tier1,exact
_4572_,_4572_,0,tier0,tier1,exact
_4573_,_4573_,0,tier0,tier1,exact
_4574_,_4574_,0,tier0,tier1,exact
_4576_,_4576_,0,tier0,tier1,exact
_4577_,_4577_,0,tier0,tier1,exact
_4578_,_4578_,0,tier0,tier1,exact
_4579_,_4579_,0,tier0,tier1,exact
_4580_,_4580_,0,tier0,tier1,exact
_4581_,_4581_,0,tier0,tier1,exact
_4582_,_4582_,0,tier0,tier1,exact
_4583_,_4583_,0,tier0,tier1,exact
_4584_,_4584_,0,tier0,tier1,exact
_4585_,_4585_,0,tier0,tier1,exact
_4586_,_4586_,0,tier0,tier1,exact
_4587_,_4587_,0,tier0,tier1,exact
_4588_,_4588_,0,tier0,tier1,exact
_4589_,_4589_,0,tier0,tier1,exact
_4590_,_4590_,0,tier0,tier1,exact
_4591_,_4591_,0,tier0,tier1,exact
_4592_,_4592_,0,tier0,tier1,exact
_4593_,_4593_,0,tier0,tier1,exact
_4594_,_4594_,0,tier0,tier1,exact
_4595_,_4595_,0,tier0,tier1,exact
_4596_,_4596_,0,tier0,tier1,exact
_4597_,_4597_,0,tier0,tier1,exact
_4598_,_4598_,0,tier0,tier1,exact
_4599_,_4599_,0,tier0,tier1,exact
_4600_,_4600_,0,tier0,tier1,exact
_4601_,_4601_,0,tier0,tier1,exact
_4603_,_4603_,0,tier0,tier1,exact
_4604_,_4604_,0,tier0,tier1,exact
_4605_,_4605_,0,tier0,tier1,exact
_4606_,_4606_,0,tier0,tier1,exact
_4607_,_4607_,0,tier0,tier1,exact
_4608_,_4608_,0,tier0,tier1,exact
_4609_,_4609_,0,tier0,tier1,exact
_4610_,_4610_,1,tier1,tier0,exact
_4611_,_4611_,1,tier1,tier1,exact
_4612_,_4612_,1,tier1,tier1,exact
_4613_,_4613_,1,tier1,tier1,exact
_4614_,_4614_,1,tier1,tier1,exact
_4615_,_4615_,1,tier1,tier1,exact
_4616_,_4616_,1,tier1,tier1,exact
_4617_,_4617_,1,tier1,tier1,exact
_4618_,_4618_,1,tier1,tier1,exact
_4620_,_4620_,1,tier1,tier1,exact
_4621_,_4621_,1,tier1,tier1,exact
_4622_,_4622_,1,tier1,tier1,exact
_4623_,_4623_,1,tier1,tier1,exact
_4624_,_4624_,1,tier1,tier1,exact
_4625_,_4625_,1,tier1,tier1,exact
_4626_,_4626_,1,tier1,tier1,exact
_4627_,_4627_,1,tier1,tier1,exact
_4628_,_4628_,1,tier1,tier1,exact
_4629_,_4629_,1,tier1,tier1,exact
_4631_,_4631_,1,tier1,tier1,exact
_4632_,_4632_,1,tier1,tier1,exact
_4633_,_4633_,1,tier1,tier1,exact
_4634_,_4634_,1,tier1,tier1,exact
_4635_,_4635_,1,tier1,tier1,exact
_4636_,_4636_,1,tier1,tier1,exact
_4637_,_4637_,1,tier1,tier1,exact
_4638_,_4638_,1,tier1,tier1,exact
_4639_,_4639_,1,tier1,tier1,exact
_4640_,_4640_,1,tier1,tier1,exact
_4641_,_4641_,1,tier1,tier1,exact
_4642_,_4642_,1,tier1,tier1,exact
_4643_,_4643_,1,tier1,tier1,exact
_4644_,_4644_,1,tier1,tier1,exact
_4646_,_4646_,1,tier1,tier0,exact
_4648_,_4648_,1,tier1,tier1,exact
_4649_,_4649_,1,tier1,tier1,exact
_4651_,_4651_,1,tier1,tier1,exact
_4653_,_4653_,1,tier1,tier1,exact
_4654_,_4654_,1,tier1,tier1,exact
_4655_,_4655_,1,tier1,tier1,exact
_4657_,_4657_,1,tier1,tier1,exact
_4658_,_4658_,1,tier1,tier1,exact
_4659_,_4659_,1,tier1,tier1,exact
_4660_,_4660_,1,tier1,tier1,exact
_4661_,_4661_,1,tier1,tier1,exact
_4662_,_4662_,1,tier1,tier1,exact
_4663_,_4663_,1,tier1,tier1,exact
_4664_,_4664_,1,tier1,tier1,exact
_4665_,_4665_,1,tier1,tier1,exact
_4666_,_4666_,1,tier1,tier1,exact
_4667_,_4667_,1,tier1,tier1,exact
_4668_,_4668_,1,tier1,tier1,exact
_4669_,_4669_,1,tier1,tier1,exact
_4670_,_4670_,1,tier1,tier1,exact
_4672_,_4672_,1,tier1,tier1,exact
_4673_,_4673_,1,tier1,tier1,exact
_4674_,_4674_,1,tier1,tier1,exact
_4675_,_4675_,1,tier1,tier1,exact
_4676_,_4676_,1,tier1,tier1,exact
_4677_,_4677_,1,tier1,tier1,exact
_4678_,_4678_,1,tier1,tier1,exact
_4679_,_4679_,1,tier1,tier1,exact
_4680_,_4680_,1,tier1,tier1,exact
_4681_,_4681_,1,tier1,tier1,exact
_4682_,_4682_,1,tier1,tier1,exact
_4683_,_4683_,1,tier1,tier1,exact
_4684_,_4684_,1,tier1,tier1,exact
_4685_,_4685_,1,tier1,tier1,exact
_4686_,_4686_,1,tier1,tier1,exact
_4687_,_4687_,1,tier1,tier0,exact
_4688_,_4688_,1,tier1,tier1,exact
_4689_,_4689_,1,tier1,tier1,exact
_4690_,_4690_,1,tier1,tier1,exact
_4691_,_4691_,1,tier1,tier1,exact
_4692_,_4692_,1,tier1,tier1,exact
_4693_,_4693_,1,tier1,tier1,exact
_4694_,_4694_,1,tier1,tier1,exact
_4695_,_4695_,1,tier1,tier1,exact
_4696_,_4696_,1,tier1,tier1,exact
_4697_,_4697_,1,tier1,tier1,exact
_4698_,_4698_,1,tier1,tier1,exact
_4699_,_4699_,1,tier1,tier1,exact
_4700_,_4700_,1,tier1,tier1,exact
_4701_,_4701_,1,tier1,tier1,exact
_4702_,_4702_,1,tier1,tier1,exact
_4703_,_4703_,1,tier1,tier1,exact
_4704_,_4704_,1,tier1,tier1,exact
_4705_,_4705_,1,tier1,tier1,exact
_4706_,_4706_,1,tier1,tier1,exact
_4707_,_4707_,1,tier1,tier1,exact
_4708_,_4708_,1,tier1,tier1,exact
_4709_,_4709_,1,tier1,tier1,exact
_4710_,_4710_,1,tier1,tier1,exact
_4711_,_4711_,1,tier1,tier1,exact
_4712_,_4712_,1,tier1,tier1,exact
_4713_,_4713_,1,tier1,tier1,exact
_4714_,_4714_,1,tier1,tier1,exact
_4715_,_4715_,1,tier1,tier1,exact
_4716_,_4716_,1,tier1,tier1,exact
_4717_,_4717_,1,tier1,tier1,exact
_4718_,_4718_,1,tier1,tier1,exact
_4719_,_4719_,1,tier1,tier1,exact
_4720_,_4720_,1,tier1,tier1,exact
_4721_,_4721_,1,tier1,tier1,exact
_4722_,_4722_,1,tier1,tier1,exact
_4723_,_4723_,1,tier1,tier1,exact
_4724_,_4724_,1,tier1,tier1,exact
_4725_,_4725_,1,tier1,tier1,exact
_4726_,_4726_,1,tier1,tier1,exact
_4727_,_4727_,1,tier1,tier1,exact
_4728_,_4728_,1,tier1,tier1,exact
_4730_,_4730_,1,tier1,tier1,exact
_4731_,_4731_,1,tier1,tier1,exact
_4732_,_4732_,1,tier1,tier1,exact
_4733_,_4733_,1,tier1,tier1,exact
_4734_,_4734_,1,tier1,tier1,exact
_4735_,_4735_,1,tier1,tier1,exact
_4736_,_4736_,1,tier1,tier1,exact
_4737_,_4737_,1,tier1,tier1,exact
_4738_,_4738_,1,tier1,tier1,exact
_4739_,_4739_,1,tier1,tier1,exact
_4740_,_4740_,1,tier1,tier1,exact
_4741_,_4741_,1,tier1,tier0,exact
_4742_,_4742_,1,tier1,tier0,exact
_4743_,_4743_,1,tier1,tier1,exact
_4744_,_4744_,1,tier1,tier1,exact
_4745_,_4745_,1,tier1,tier1,exact
_4746_,_4746_,1,tier1,tier1,exact
_4747_,_4747_,1,tier1,tier1,exact
_4748_,_4748_,1,tier1,tier1,exact
_4749_,_4749_,1,tier1,tier1,exact
_4750_,_4750_,1,tier1,tier1,exact
_4751_,_4751_,1,tier1,tier1,exact
_4752_,_4752_,1,tier1,tier1,exact
_4753_,_4753_,1,tier1,tier1,exact
_4754_,_4754_,1,tier1,tier1,exact
_4755_,_4755_,1,tier1,tier1,exact
_4756_,_4756_,1,tier1,tier1,exact
_4757_,_4757_,1,tier1,tier1,exact
_4758_,_4758_,1,tier1,tier0,exact
_4759_,_4759_,1,tier1,tier1,exact
_4760_,_4760_,1,tier1,tier1,exact
_4761_,_4761_,1,tier1,tier1,exact
_4762_,_4762_,1,tier1,tier1,exact
_4763_,_4763_,1,tier1,tier1,exact
_4764_,_4764_,1,tier1,tier1,exact
_4765_,_4765_,1,tier1,tier1,exact
_4766_,_4766_,1,tier1,tier1,exact
_4767_,_4767_,1,tier1,tier1,exact
_4768_,_4768_,1,tier1,tier1,exact
_4769_,_4769_,1,tier1,tier1,exact
_4770_,_4770_,1,tier1,tier1,exact
_4771_,_4771_,1,tier1,tier1,exact
_4772_,_4772_,1,tier1,tier1,exact
_4773_,_4773_,1,tier1,tier1,exact
_4774_,_4774_,1,tier1,tier1,exact
_4775_,_4775_,1,tier1,tier1,exact
_4776_,_4776_,1,tier1,tier1,exact
_4777_,_4777_,1,tier1,tier1,exact
_4778_,_4778_,1,tier1,tier1,exact
_4779_,_4779_,1,tier1,tier1,exact
_4780_,_4780_,1,tier1,tier1,exact
_4781_,_4781_,1,tier1,tier1,exact
_4782_,_4782_,1,tier1,tier1,exact
_4783_,_4783_,1,tier1,tier1,exact
_4784_,_4784_,1,tier1,tier1,exact
_4785_,_4785_,1,tier1,tier1,exact
_4786_,_4786_,1,tier1,tier1,exact
_4787_,_4787_,1,tier1,tier1,exact
_4788_,_4788_,1,tier1,tier1,exact
_4789_,_4789_,1,tier1,tier1,exact
_4790_,_4790_,1,tier1,tier1,exact
_4791_,_4791_,1,tier1,tier0,exact
_4792_,_4792_,1,tier1,tier1,exact
_4793_,_4793_,1,tier1,tier1,exact
_4794_,_4794_,1,tier1,tier1,exact
_4795_,_4795_,1,tier1,tier1,exact
_4796_,_4796_,1,tier1,tier1,exact
_4797_,_4797_,1,tier1,tier1,exact
_4798_,_4798_,1,tier1,tier1,exact
_4799_,_4799_,1,tier1,tier1,exact
_4800_,_4800_,1,tier1,tier1,exact
_4801_,_4801_,1,tier1,tier1,exact
_4802_,_4802_,1,tier1,tier1,exact
_4803_,_4803_,1,tier1,tier1,exact
_4804_,_4804_,1,tier1,tier1,exact
_4805_,_4805_,1,tier1,tier0,exact
_4806_,_4806_,1,tier1,tier0,exact
_4807_,_4807_,1,tier1,tier1,exact
_4808_,_4808_,1,tier1,tier1,exact
_4809_,_4809_,1,tier1,tier1,exact
_4810_,_4810_,1,tier1,tier1,exact
_4811_,_4811_,1,tier1,tier1,exact
_4812_,_4812_,1,tier1,tier1,exact
_4813_,_4813_,1,tier1,tier1,exact
_4814_,_4814_,1,tier1,tier1,exact
_4815_,_4815_,1,tier1,tier1,exact
_4816_,_4816_,1,tier1,tier1,exact
_4817_,_4817_,1,tier1,tier1,exact
_4818_,_4818_,1,tier1,tier1,exact
_4819_,_4819_,1,tier1,tier1,exact
_4820_,_4820_,1,tier1,tier1,exact
_4821_,_4821_,1,tier1,tier1,exact
_4822_,_4822_,1,tier1,tier1,exact
_4823_,_4823_,1,tier1,tier1,exact
_4824_,_4824_,1,tier1,tier1,exact
_4825_,_4825_,1,tier1,tier1,exact
_4826_,_4826_,1,tier1,tier1,exact
_4827_,_4827_,1,tier1,tier1,exact
_4828_,_4828_,1,tier1,tier1,exact
_4829_,_4829_,1,tier1,tier1,exact
_4830_,_4830_,1,tier1,tier1,exact
_4831_,_4831_,1,tier1,tier1,exact
_4832_,_4832_,1,tier1,tier1,exact
_4833_,_4833_,1,tier1,tier1,exact
_4834_,_4834_,1,tier1,tier1,exact
_4835_,_4835_,1,tier1,tier1,exact
_4836_,_4836_,1,tier1,tier1,exact
_4837_,_4837_,1,tier1,tier0,exact
_4838_,_4838_,1,tier1,tier0,exact
_4839_,_4839_,1,tier1,tier0,exact
_4840_,_4840_,1,tier1,tier0,exact
_4841_,_4841_,1,tier1,tier0,exact
_4842_,_4842_,1,tier1,tier0,exact
_4843_,_4843_,0,tier0,tier1,exact
_4844_,_4844_,0,tier0,tier1,exact
_4845_,_4845_,0,tier0,tier1,exact
_4846_,_4846_,0,tier0,tier1,exact
_4847_,_4847_,0,tier0,tier1,exact
_4848_,_4848_,0,tier0,tier1,exact
_4849_,_4849_,0,tier0,tier1,exact
_4850_,_4850_,0,tier0,tier1,exact
_4851_,_4851_,0,tier0,tier1,exact
_4852_,_4852_,0,tier0,tier1,exact
_4853_,_4853_,0,tier0,tier1,exact
_4854_,_4854_,0,tier0,tier1,exact
_4855_,_4855_,0,tier0,tier1,exact
_4856_,_4856_,0,tier0,tier1,exact
_4857_,_4857_,0,tier0,tier1,exact
_4858_,_4858_,0,tier0,tier1,exact
_4859_,_4859_,0,tier0,tier1,exact
_4860_,_4860_,0,tier0,tier1,exact
_4861_,_4861_,0,tier0,tier1,exact
_4862_,_4862_,0,tier0,tier1,exact
_4863_,_4863_,0,tier0,tier1,exact
_4864_,_4864_,0,tier0,tier1,exact
_4865_,_4865_,0,tier0,tier1,exact
_4866_,_4866_,0,tier0,tier1,exact
_4867_,_4867_,0,tier0,tier1,exact
_4868_,_4868_,0,tier0,tier1,exact
_4869_,_4869_,0,tier0,tier1,exact
_4870_,_4870_,0,tier0,tier1,exact
_4871_,_4871_,0,tier0,tier1,exact
_4872_,_4872_,0,tier0,tier1,exact
_4873_,_4873_,0,tier0,tier1,exact
_4874_,_4874_,0,tier0,tier1,exact
_4875_,_4875_,0,tier0,tier1,exact
_4876_,_4876_,0,tier0,tier1,exact
_4877_,_4877_,0,tier0,tier1,exact
_4878_,_4878_,0,tier0,tier1,exact
_4879_,_4879_,0,tier0,tier1,exact
_4880_,_4880_,0,tier0,tier1,exact
_4881_,_4881_,0,tier0,tier1,exact
_4882_,_4882_,0,tier0,tier1,exact
_4883_,_4883_,0,tier0,tier1,exact
_4884_,_4884_,0,tier0,tier1,exact
_4885_,_4885_,0,tier0,tier1,exact
_4886_,_4886_,0,tier0,tier1,exact
_4887_,_4887_,0,tier0,tier1,exact
_4888_,_4888_,0,tier0,tier1,exact
_4889_,_4889_,0,tier0,tier1,exact
_4890_,_4890_,0,tier0,tier1,exact
_4891_,_4891_,1,tier1,tier0,exact
_4892_,_4892_,1,tier1,tier1,exact
_4893_,_4893_,1,tier1,tier1,exact
_4894_,_4894_,1,tier1,tier1,exact
_4895_,_4895_,1,tier1,tier1,exact
_4896_,_4896_,1,tier1,tier1,exact
_4897_,_4897_,1,tier1,tier1,exact
_4898_,_4898_,1,tier1,tier1,exact
_4899_,_4899_,1,tier1,tier1,exact
_4900_,_4900_,1,tier1,tier1,exact
_4901_,_4901_,1,tier1,tier1,exact
_4902_,_4902_,1,tier1,tier1,exact
_4903_,_4903_,1,tier1,tier1,exact
_4904_,_4904_,1,tier1,tier1,exact
_4905_,_4905_,1,tier1,tier1,exact
_4906_,_4906_,1,tier1,tier1,exact
_4907_,_4907_,1,tier1,tier1,exact
_4908_,_4908_,1,tier1,tier1,exact
_4909_,_4909_,1,tier1,tier1,exact
_4910_,_4910_,1,tier1,tier1,exact
_4911_,_4911_,1,tier1,tier1,exact
_4912_,_4912_,1,tier1,tier1,exact
_4913_,_4913_,1,tier1,tier1,exact
_4914_,_4914_,1,tier1,tier1,exact
_4915_,_4915_,1,tier1,tier1,exact
_4916_,_4916_,1,tier1,tier1,exact
_4917_,_4917_,1,tier1,tier1,exact
_4918_,_4918_,1,tier1,tier1,exact
_4919_,_4919_,1,tier1,tier1,exact
_4920_,_4920_,1,tier1,tier1,exact
_4921_,_4921_,1,tier1,tier1,exact
_4922_,_4922_,1,tier1,tier1,exact
_4923_,_4923_,1,tier1,tier1,exact
_4924_,_4924_,1,tier1,tier1,exact
_4925_,_4925_,1,tier1,tier1,exact
_4926_,_4926_,1,tier1,tier0,exact
_4927_,_4927_,1,tier1,tier1,exact
_4928_,_4928_,1,tier1,tier1,exact
_4929_,_4929_,1,tier1,tier1,exact
_4930_,_4930_,1,tier1,tier1,exact
_4931_,_4931_,1,tier1,tier1,exact
_4932_,_4932_,1,tier1,tier1,exact
_4933_,_4933_,1,tier1,tier1,exact
_4934_,_4934_,1,tier1,tier1,exact
_4935_,_4935_,1,tier1,tier1,exact
_4936_,_4936_,1,tier1,tier1,exact
_4937_,_4937_,1,tier1,tier1,exact
_4938_,_4938_,1,tier1,tier1,exact
_4939_,_4939_,1,tier1,tier1,exact
_4940_,_4940_,1,tier1,tier1,exact
_4941_,_4941_,1,tier1,tier1,exact
_4942_,_4942_,1,tier1,tier0,exact
_4943_,_4943_,1,tier1,tier0,exact
_4944_,_4944_,1,tier1,tier0,exact
_4945_,_4945_,1,tier1,tier0,exact
_4946_,_4946_,1,tier1,tier0,exact
_4947_,_4947_,1,tier1,tier0,exact
_4948_,_4948_,1,tier1,tier0,exact
_4949_,_4949_,0,tier0,tier1,exact
_4950_,_4950_,0,tier0,tier1,exact
_4951_,_4951_,0,tier0,tier1,exact
_4952_,_4952_,0,tier0,tier1,exact
_4953_,_4953_,0,tier0,tier1,exact
_4954_,_4954_,0,tier0,tier1,exact
_4955_,_4955_,0,tier0,tier1,exact
_4956_,_4956_,0,tier0,tier1,exact
_4957_,_4957_,0,tier0,tier1,exact
_4958_,_4958_,0,tier0,tier1,exact
_4959_,_4959_,0,tier0,tier1,exact
_4960_,_4960_,0,tier0,tier1,exact
_4961_,_4961_,0,tier0,tier1,exact
_4962_,_4962_,0,tier0,tier1,exact
_4963_,_4963_,0,tier0,tier1,exact
_4964_,_4964_,0,tier0,tier1,exact
_4965_,_4965_,0,tier0,tier1,exact
_4966_,_4966_,0,tier0,tier1,exact
_4967_,_4967_,0,tier0,tier1,exact
_4968_,_4968_,0,tier0,tier1,exact
_4969_,_4969_,0,tier0,tier1,exact
_4970_,_4970_,0,tier0,tier1,exact
_4971_,_4971_,0,tier0,tier1,exact
_4972_,_4972_,0,tier0,tier1,exact
_4973_,_4973_,0,tier0,tier1,exact
_4974_,_4974_,0,tier0,tier1,exact
_4975_,_4975_,0,tier0,tier1,exact
_4976_,_4976_,0,tier0,tier1,exact
_4977_,_4977_,0,tier0,tier1,exact
_4978_,_4978_,0,tier0,tier1,exact
_4979_,_4979_,0,tier0,tier1,exact
_4980_,_4980_,0,tier0,tier1,exact
_4981_,_4981_,0,tier0,tier1,exact
_4982_,_4982_,0,tier0,tier1,exact
_4983_,_4983_,0,tier0,tier1,exact
_4984_,_4984_,0,tier0,tier1,exact
_4985_,_4985_,0,tier0,tier1,exact
_4986_,_4986_,0,tier0,tier1,exact
_4987_,_4987_,0,tier0,tier1,exact
_4988_,_4988_,0,tier0,tier1,exact
_4989_,_4989_,0,tier0,tier1,exact
_4990_,_4990_,0,tier0,tier1,exact
_4991_,_4991_,0,tier0,tier1,exact
_4992_,_4992_,0,tier0,tier1,exact
_4993_,_4993_,0,tier0,tier1,exact
_4994_,_4994_,1,tier1,tier0,exact
_4995_,_4995_,0,tier0,tier0,exact
_4996_,_4996_,0,tier0,tier0,exact
_4997_,_4997_,0,tier0,tier0,exact
_4998_,_4998_,0,tier0,tier0,exact
_4999_,_4999_,0,tier0,tier0,exact
_5000_,_5000_,0,tier0,tier0,exact
_5001_,_5001_,0,tier0,tier0,exact
_5002_,_5002_,0,tier0,tier0,exact
_5003_,_5003_,0,tier0,tier0,exact
_5004_,_5004_,0,tier0,tier0,exact
_5005_,_5005_,0,tier0,tier0,exact
_5006_,_5006_,0,tier0,tier0,exact
_5007_,_5007_,0,tier0,tier0,exact
_5008_,_5008_,0,tier0,tier0,exact
_5009_,_5009_,0,tier0,tier0,exact
_5010_,_5010_,0,tier0,tier0,exact
_5011_,_5011_,0,tier0,tier0,exact
_5012_,_5012_,0,tier0,tier0,exact
_5013_,_5013_,0,tier0,tier0,exact
_5014_,_5014_,0,tier0,tier0,exact
_5015_,_5015_,0,tier0,tier0,exact
_5016_,_5016_,0,tier0,tier0,exact
_5017_,_5017_,0,tier0,tier0,exact
_5018_,_5018_,0,tier0,tier0,exact
_5019_,_5019_,0,tier0,tier0,exact
_5020_,_5020_,0,tier0,tier0,exact
_5021_,_5021_,0,tier0,tier0,exact
_5022_,_5022_,0,tier0,tier0,exact
_5023_,_5023_,0,tier0,tier0,exact
_5024_,_5024_,0,tier0,tier0,exact
_5025_,_5025_,0,tier0,tier1,exact
_5026_,_5026_,0,tier0,tier0,exact
_5027_,_5027_,0,tier0,tier0,exact
_5028_,_5028_,0,tier0,tier0,exact
_5029_,_5029_,0,tier0,tier0,exact
_5030_,_5030_,0,tier0,tier0,exact
_5031_,_5031_,0,tier0,tier0,exact
_5032_,_5032_,0,tier0,tier0,exact
_5033_,_5033_,0,tier0,tier0,exact
_5034_,_5034_,0,tier0,tier0,exact
_5035_,_5035_,0,tier0,tier0,exact
_5036_,_5036_,0,tier0,tier0,exact
_5037_,_5037_,0,tier0,tier0,exact
_5038_,_5038_,0,tier0,tier0,exact
_5039_,_5039_,0,tier0,tier0,exact
_5040_,_5040_,0,tier0,tier0,exact
_5041_,_5041_,0,tier0,tier0,exact
_5042_,_5042_,0,tier0,tier0,exact
_5043_,_5043_,0,tier0,tier0,exact
_5044_,_5044_,0,tier0,tier0,exact
_5045_,_5045_,0,tier0,tier0,exact
_5046_,_5046_,0,tier0,tier0,exact
_5047_,_5047_,0,tier0,tier0,exact
_5048_,_5048_,0,tier0,tier0,exact
_5049_,_5049_,0,tier0,tier0,exact
_5050_,_5050_,0,tier0,tier0,exact
_5051_,_5051_,0,tier0,tier0,exact
_5052_,_5052_,0,tier0,tier0,exact
_5053_,_5053_,0,tier0,tier0,exact
_5054_,_5054_,0,tier0,tier0,exact
_5055_,_5055_,0,tier0,tier0,exact
_5056_,_5056_,1,tier1,tier0,exact
_5057_,_5057_,1,tier1,tier0,exact
_5058_,_5058_,0,tier0,tier1,exact
_5059_,_5059_,0,tier0,tier1,exact
_5060_,_5060_,0,tier0,tier1,exact
_5061_,_5061_,0,tier0,tier1,exact
_5062_,_5062_,0,tier0,tier1,exact
_5063_,_5063_,0,tier0,tier1,exact
_5064_,_5064_,0,tier0,tier1,exact
_5065_,_5065_,0,tier0,tier1,exact
_5066_,_5066_,0,tier0,tier1,exact
_5067_,_5067_,0,tier0,tier1,exact
_5068_,_5068_,0,tier0,tier1,exact
_5069_,_5069_,0,tier0,tier1,exact
_5070_,_5070_,0,tier0,tier1,exact
_5071_,_5071_,0,tier0,tier1,exact
_5072_,_5072_,0,tier0,tier1,exact
_5073_,_5073_,0,tier0,tier1,exact
_5074_,_5074_,0,tier0,tier1,exact
_5075_,_5075_,0,tier0,tier1,exact
_5076_,_5076_,0,tier0,tier1,exact
_5077_,_5077_,0,tier0,tier1,exact
_5078_,_5078_,0,tier0,tier1,exact
_5079_,_5079_,0,tier0,tier1,exact
_5080_,_5080_,0,tier0,tier1,exact
_5081_,_5081_,0,tier0,tier1,exact
_5082_,_5082_,0,tier0,tier1,exact
_5083_,_5083_,0,tier0,tier1,exact
_5084_,_5084_,0,tier0,tier1,exact
_5085_,_5085_,0,tier0,tier1,exact
_5086_,_5086_,0,tier0,tier1,exact
_5087_,_5087_,0,tier0,tier1,exact
_5088_,_5088_,0,tier0,tier1,exact
_5089_,_5089_,0,tier0,tier1,exact
_5090_,_5090_,0,tier0,tier1,exact
_5091_,_5091_,0,tier0,tier1,exact
_5092_,_5092_,0,tier0,tier1,exact
_5093_,_5093_,0,tier0,tier1,exact
_5094_,_5094_,0,tier0,tier1,exact
_5095_,_5095_,0,tier0,tier1,exact
_5096_,_5096_,0,tier0,tier1,exact
_5097_,_5097_,0,tier0,tier1,exact
_5099_,_5099_,1,tier1,tier0,exact
_5100_,_5100_,0,tier0,tier1,exact
_5101_,_5101_,0,tier0,tier1,exact
_5102_,_5102_,0,tier0,tier1,exact
_5103_,_5103_,0,tier0,tier1,exact
_5104_,_5104_,0,tier0,tier1,exact
_5105_,_5105_,0,tier0,tier1,exact
_5106_,_5106_,0,tier0,tier1,exact
_5107_,_5107_,0,tier0,tier1,exact
_5108_,_5108_,0,tier0,tier1,exact
_5109_,_5109_,0,tier0,tier1,exact
_5110_,_5110_,0,tier0,tier1,exact
_5111_,_5111_,0,tier0,tier1,exact
_5112_,_5112_,0,tier0,tier1,exact
_5113_,_5113_,0,tier0,tier1,exact
_5114_,_5114_,0,tier0,tier1,exact
_5115_,_5115_,0,tier0,tier1,exact
_5116_,_5116_,0,tier0,tier1,exact
_5117_,_5117_,0,tier0,tier1,exact
_5118_,_5118_,0,tier0,tier1,exact
_5119_,_5119_,0,tier0,tier1,exact
_5120_,_5120_,0,tier0,tier1,exact
_5121_,_5121_,0,tier0,tier1,exact
_5122_,_5122_,0,tier0,tier1,exact
_5123_,_5123_,0,tier0,tier0,exact
_5124_,_5124_,0,tier0,tier0,exact
_5125_,_5125_,0,tier0,tier0,exact
_5126_,_5126_,0,tier0,tier0,exact
_5127_,_5127_,0,tier0,tier0,exact
_5128_,_5128_,0,tier0,tier0,exact
_5129_,_5129_,0,tier0,tier0,exact
_5130_,_5130_,0,tier0,tier0,exact
_5131_,_5131_,0,tier0,tier0,exact
_5132_,_5132_,0,tier0,tier0,exact
_5133_,_5133_,0,tier0,tier0,exact
_5134_,_5134_,0,tier0,tier0,exact
_5135_,_5135_,0,tier0,tier0,exact
_5136_,_5136_,0,tier0,tier0,exact
_5137_,_5137_,0,tier0,tier0,exact
_5138_,_5138_,0,tier0,tier0,exact
_5139_,_5139_,0,tier0,tier0,exact
_5140_,_5140_,0,tier0,tier0,exact
_5141_,_5141_,0,tier0,tier0,exact
_5142_,_5142_,0,tier0,tier0,exact
_5143_,_5143_,0,tier0,tier0,exact
_5144_,_5144_,0,tier0,tier0,exact
_5145_,_5145_,0,tier0,tier0,exact
_5146_,_5146_,0,tier0,tier0,exact
_5147_,_5147_,0,tier0,tier0,exact
_5148_,_5148_,0,tier0,tier0,exact
_5149_,_5149_,0,tier0,tier0,exact
_5150_,_5150_,0,tier0,tier0,exact
_5151_,_5151_,0,tier0,tier0,exact
_5152_,_5152_,0,tier0,tier0,exact
_5153_,_5153_,0,tier0,tier0,exact
_5154_,_5154_,0,tier0,tier0,exact
_5155_,_5155_,0,tier0,tier0,exact
_5156_,_5156_,0,tier0,tier0,exact
_5157_,_5157_,0,tier0,tier0,exact
_5158_,_5158_,0,tier0,tier0,exact
_5159_,_5159_,0,tier0,tier0,exact
_5160_,_5160_,0,tier0,tier0,exact
_5161_,_5161_,0,tier0,tier0,exact
_5162_,_5162_,0,tier0,tier0,exact
_5163_,_5163_,0,tier0,tier0,exact
_5164_,_5164_,0,tier0,tier0,exact
_5165_,_5165_,0,tier0,tier0,exact
_5166_,_5166_,0,tier0,tier0,exact
_5167_,_5167_,0,tier0,tier0,exact
_5168_,_5168_,0,tier0,tier0,exact
_5169_,_5169_,0,tier0,tier0,exact
_5170_,_5170_,0,tier0,tier0,exact
_5171_,_5171_,0,tier0,tier0,exact
_5172_,_5172_,0,tier0,tier0,exact
_5173_,_5173_,0,tier0,tier0,exact
_5174_,_5174_,0,tier0,tier0,exact
_5175_,_5175_,0,tier0,tier0,exact
_5176_,_5176_,0,tier0,tier0,exact
_5177_,_5177_,0,tier0,tier0,exact
_5178_,_5178_,0,tier0,tier0,exact
_5179_,_5179_,0,tier0,tier0,exact
_5180_,_5180_,0,tier0,tier0,exact
_5181_,_5181_,0,tier0,tier0,exact
_5182_,_5182_,1,tier1,tier0,exact
_5183_,_5183_,1,tier1,tier0,exact
_5184_,_5184_,1,tier1,tier0,exact
_5185_,_5185_,1,tier1,tier0,exact
_5187_,_5187_,1,tier1,tier0,exact
_5188_,_5188_,1,tier1,tier0,exact
_5189_,_5189_,1,tier1,tier0,exact
_5191_,_5191_,1,tier1,tier0,exact
_5192_,_5192_,1,tier1,tier0,exact
_5193_,_5193_,1,tier1,tier0,exact
_5194_,_5194_,1,tier1,tier0,exact
_5195_,_5195_,0,tier0,tier1,exact
_5196_,_5196_,0,tier0,tier1,exact
_5197_,_5197_,0,tier0,tier1,exact
_5198_,_5198_,0,tier0,tier1,exact
_5199_,_5199_,0,tier0,tier1,exact
_5200_,_5200_,0,tier0,tier1,exact
_5201_,_5201_,0,tier0,tier1,exact
_5202_,_5202_,0,tier0,tier1,exact
_5203_,_5203_,0,tier0,tier1,exact
_5204_,_5204_,0,tier0,tier1,exact
_5205_,_5205_,0,tier0,tier1,exact
_5206_,_5206_,0,tier0,tier1,exact
_5207_,_5207_,0,tier0,tier1,exact
_5208_,_5208_,0,tier0,tier1,exact
_5209_,_5209_,0,tier0,tier1,exact
_5210_,_5210_,0,tier0,tier1,exact
_5211_,_5211_,0,tier0,tier1,exact
_5212_,_5212_,0,tier0,tier1,exact
_5213_,_5213_,0,tier0,tier1,exact
_5214_,_5214_,0,tier0,tier1,exact
_5215_,_5215_,0,tier0,tier1,exact
_5216_,_5216_,0,tier0,tier1,exact
_5217_,_5217_,0,tier0,tier1,exact
_5218_,_5218_,0,tier0,tier1,exact
_5219_,_5219_,0,tier0,tier1,exact
_5220_,_5220_,0,tier0,tier1,exact
_5221_,_5221_,0,tier0,tier1,exact
_5222_,_5222_,0,tier0,tier1,exact
_5223_,_5223_,0,tier0,tier1,exact
_5224_,_5224_,0,tier0,tier1,exact
_5225_,_5225_,0,tier0,tier1,exact
_5226_,_5226_,0,tier0,tier1,exact
_5227_,_5227_,0,tier0,tier1,exact
_5228_,_5228_,0,tier0,tier1,exact
_5229_,_5229_,0,tier0,tier1,exact
_5230_,_5230_,0,tier0,tier1,exact
_5231_,_5231_,0,tier0,tier1,exact
_5232_,_5232_,0,tier0,tier1,exact
_5233_,_5233_,0,tier0,tier1,exact
_5234_,_5234_,0,tier0,tier1,exact
_5235_,_5235_,0,tier0,tier1,exact
_5236_,_5236_,0,tier0,tier1,exact
_5237_,_5237_,0,tier0,tier1,exact
_5238_,_5238_,0,tier0,tier1,exact
_5239_,_5239_,0,tier0,tier1,exact
_5240_,_5240_,0,tier0,tier1,exact
_5241_,_5241_,0,tier0,tier1,exact
_5242_,_5242_,0,tier0,tier1,exact
_5243_,_5243_,0,tier0,tier1,exact
_5244_,_5244_,0,tier0,tier1,exact
_5245_,_5245_,0,tier0,tier1,exact
_5246_,_5246_,0,tier0,tier1,exact
_5247_,_5247_,0,tier0,tier1,exact
_5248_,_5248_,0,tier0,tier1,exact
_5249_,_5249_,0,tier0,tier1,exact
_5250_,_5250_,0,tier0,tier1,exact
_5251_,_5251_,0,tier0,tier1,exact
_5252_,_5252_,0,tier0,tier1,exact
_5253_,_5253_,0,tier0,tier1,exact
_5254_,_5254_,0,tier0,tier1,exact
_5255_,_5255_,0,tier0,tier1,exact
_5256_,_5256_,0,tier0,tier1,exact
_5257_,_5257_,0,tier0,tier1,exact
_5258_,_5258_,0,tier0,tier1,exact
_5259_,_5259_,0,tier0,tier1,exact
_5260_,_5260_,0,tier0,tier1,exact
_5261_,_5261_,0,tier0,tier1,exact
_5262_,_5262_,0,tier0,tier1,exact
_5263_,_5263_,0,tier0,tier1,exact
_5264_,_5264_,0,tier0,tier1,exact
_5265_,_5265_,0,tier0,tier1,exact
_5266_,_5266_,0,tier0,tier1,exact
_5267_,_5267_,0,tier0,tier1,exact
_5268_,_5268_,0,tier0,tier1,exact
_5269_,_5269_,0,tier0,tier1,exact
_5270_,_5270_,0,tier0,tier1,exact
_5271_,_5271_,0,tier0,tier1,exact
_5272_,_5272_,0,tier0,tier1,exact
_5273_,_5273_,0,tier0,tier1,exact
_5274_,_5274_,0,tier0,tier1,exact
_5275_,_5275_,0,tier0,tier1,exact
_5276_,_5276_,0,tier0,tier1,exact
_5277_,_5277_,0,tier0,tier1,exact
_5278_,_5278_,0,tier0,tier1,exact
_5279_,_5279_,0,tier0,tier1,exact
_5280_,_5280_,0,tier0,tier1,exact
_5281_,_5281_,0,tier0,tier1,exact
_5282_,_5282_,0,tier0,tier1,exact
_5283_,_5283_,0,tier0,tier1,exact
_5284_,_5284_,0,tier0,tier1,exact
_5285_,_5285_,0,tier0,tier1,exact
_5286_,_5286_,0,tier0,tier1,exact
_5287_,_5287_,0,tier0,tier1,exact
_5288_,_5288_,0,tier0,tier1,exact
_5289_,_5289_,0,tier0,tier1,exact
_5290_,_5290_,0,tier0,tier1,exact
_5291_,_5291_,0,tier0,tier1,exact
_5293_,_5293_,0,tier0,tier1,exact
_5294_,_5294_,0,tier0,tier1,exact
_5295_,_5295_,0,tier0,tier1,exact
_5296_,_5296_,0,tier0,tier1,exact
_5297_,_5297_,0,tier0,tier1,exact
_5298_,_5298_,0,tier0,tier1,exact
_5299_,_5299_,0,tier0,tier1,exact
_5300_,_5300_,0,tier0,tier1,exact
_5301_,_5301_,0,tier0,tier1,exact
_5302_,_5302_,0,tier0,tier1,exact
_5303_,_5303_,0,tier0,tier1,exact
_5304_,_5304_,0,tier0,tier1,exact
_5305_,_5305_,0,tier0,tier1,exact
_5306_,_5306_,1,tier1,tier0,exact
_5307_,_5307_,0,tier0,tier1,exact
_5308_,_5308_,0,tier0,tier1,exact
_5309_,_5309_,0,tier0,tier1,exact
_5310_,_5310_,0,tier0,tier1,exact
_5311_,_5311_,0,tier0,tier1,exact
_5312_,_5312_,0,tier0,tier1,exact
_5313_,_5313_,0,tier0,tier1,exact
_5314_,_5314_,0,tier0,tier1,exact
_5315_,_5315_,0,tier0,tier1,exact
_5316_,_5316_,0,tier0,tier1,exact
_5317_,_5317_,0,tier0,tier1,exact
_5318_,_5318_,0,tier0,tier1,exact
_5319_,_5319_,0,tier0,tier1,exact
_5320_,_5320_,0,tier0,tier1,exact
_5321_,_5321_,0,tier0,tier1,exact
_5322_,_5322_,0,tier0,tier1,exact
_5323_,_5323_,0,tier0,tier1,exact
_5324_,_5324_,0,tier0,tier1,exact
_5325_,_5325_,0,tier0,tier1,exact
_5326_,_5326_,0,tier0,tier1,exact
_5327_,_5327_,0,tier0,tier1,exact
_5328_,_5328_,0,tier0,tier1,exact
_5329_,_5329_,0,tier0,tier1,exact
_5330_,_5330_,0,tier0,tier1,exact
_5331_,_5331_,0,tier0,tier1,exact
_5332_,_5332_,0,tier0,tier1,exact
_5333_,_5333_,0,tier0,tier1,exact
_5334_,_5334_,0,tier0,tier1,exact
_5335_,_5335_,0,tier0,tier1,exact
_5336_,_5336_,0,tier0,tier1,exact
_5337_,_5337_,0,tier0,tier1,exact
_5338_,_5338_,0,tier0,tier1,exact
_5339_,_5339_,0,tier0,tier1,exact
_5340_,_5340_,0,tier0,tier1,exact
_5341_,_5341_,0,tier0,tier1,exact
_5342_,_5342_,0,tier0,tier1,exact
_5343_,_5343_,0,tier0,tier1,exact
_5344_,_5344_,0,tier0,tier1,exact
_5345_,_5345_,0,tier0,tier1,exact
_5346_,_5346_,0,tier0,tier1,exact
_5347_,_5347_,0,tier0,tier1,exact
_5348_,_5348_,0,tier0,tier1,exact
_5349_,_5349_,0,tier0,tier1,exact
_5350_,_5350_,0,tier0,tier1,exact
_5351_,_5351_,0,tier0,tier1,exact
_5352_,_5352_,0,tier0,tier1,exact
_5353_,_5353_,0,tier0,tier1,exact
_5354_,_5354_,0,tier0,tier1,exact
_5355_,_5355_,1,tier1,tier0,exact
_5356_,_5356_,1,tier1,tier0,exact
_5357_,_5357_,1,tier1,tier0,exact
_5358_,_5358_,0,tier0,tier1,exact
_5359_,_5359_,0,tier0,tier1,exact
_5360_,_5360_,0,tier0,tier1,exact
_5361_,_5361_,0,tier0,tier1,exact
_5362_,_5362_,0,tier0,tier1,exact
_5363_,_5363_,0,tier0,tier1,exact
_5364_,_5364_,0,tier0,tier1,exact
_5365_,_5365_,0,tier0,tier1,exact
_5366_,_5366_,0,tier0,tier1,exact
_5367_,_5367_,0,tier0,tier1,exact
_5368_,_5368_,0,tier0,tier1,exact
_5369_,_5369_,0,tier0,tier1,exact
_5370_,_5370_,0,tier0,tier1,exact
_5371_,_5371_,0,tier0,tier1,exact
_5372_,_5372_,0,tier0,tier1,exact
_5373_,_5373_,0,tier0,tier1,exact
_5374_,_5374_,0,tier0,tier1,exact
_5375_,_5375_,0,tier0,tier1,exact
_5376_,_5376_,0,tier0,tier1,exact
_5377_,_5377_,0,tier0,tier1,exact
_5378_,_5378_,0,tier0,tier1,exact
_5379_,_5379_,0,tier0,tier1,exact
_5380_,_5380_,0,tier0,tier1,exact
_5381_,_5381_,0,tier0,tier1,exact
_5382_,_5382_,0,tier0,tier1,exact
_5383_,_5383_,0,tier0,tier1,exact
_5384_,_5384_,0,tier0,tier1,exact
_5385_,_5385_,0,tier0,tier1,exact
_5386_,_5386_,0,tier0,tier1,exact
_5387_,_5387_,0,tier0,tier1,exact
_5388_,_5388_,0,tier0,tier1,exact
_5389_,_5389_,0,tier0,tier1,exact
_5390_,_5390_,0,tier0,tier1,exact
_5391_,_5391_,0,tier0,tier1,exact
_5392_,_5392_,0,tier0,tier1,exact
_5393_,_5393_,0,tier0,tier1,exact
_5394_,_5394_,0,tier0,tier1,exact
_5395_,_5395_,0,tier0,tier1,exact
_5396_,_5396_,0,tier0,tier1,exact
_5397_,_5397_,0,tier0,tier1,exact
_5398_,_5398_,0,tier0,tier1,exact
_5399_,_5399_,0,tier0,tier1,exact
_5400_,_5400_,0,tier0,tier1,exact
_5401_,_5401_,0,tier0,tier1,exact
_5402_,_5402_,0,tier0,tier1,exact
_5403_,_5403_,0,tier0,tier1,exact
_5404_,_5404_,0,tier0,tier1,exact
_5405_,_5405_,0,tier0,tier1,exact
_5406_,_5406_,0,tier0,tier1,exact
_5407_,_5407_,0,tier0,tier1,exact
_5408_,_5408_,0,tier0,tier1,exact
_5409_,_5409_,0,tier0,tier1,exact
_5410_,_5410_,1,tier1,tier0,exact
_5412_,_5412_,1,tier1,tier0,exact
_5413_,_5413_,1,tier1,tier0,exact
_5414_,_5414_,1,tier1,tier0,exact
_5415_,_5415_,0,tier0,tier1,exact
_5416_,_5416_,0,tier0,tier1,exact
_5417_,_5417_,0,tier0,tier1,exact
_5418_,_5418_,0,tier0,tier1,exact
_5419_,_5419_,0,tier0,tier1,exact
_5420_,_5420_,0,tier0,tier1,exact
_5421_,_5421_,0,tier0,tier1,exact
_5422_,_5422_,0,tier0,tier1,exact
_5423_,_5423_,0,tier0,tier1,exact
_5424_,_5424_,0,tier0,tier1,exact
_5425_,_5425_,0,tier0,tier1,exact
_5426_,_5426_,0,tier0,tier1,exact
_5427_,_5427_,0,tier0,tier1,exact
_5428_,_5428_,0,tier0,tier1,exact
_5429_,_5429_,0,tier0,tier1,exact
_5430_,_5430_,0,tier0,tier1,exact
_5431_,_5431_,0,tier0,tier1,exact
_5432_,_5432_,0,tier0,tier1,exact
_5433_,_5433_,0,tier0,tier1,exact
_5434_,_5434_,0,tier0,tier1,exact
_5435_,_5435_,0,tier0,tier1,exact
_5436_,_5436_,0,tier0,tier1,exact
_5437_,_5437_,0,tier0,tier1,exact
_5438_,_5438_,0,tier0,tier1,exact
_5439_,_5439_,0,tier0,tier1,exact
_5440_,_5440_,0,tier0,tier1,exact
_5441_,_5441_,0,tier0,tier1,exact
_5442_,_5442_,0,tier0,tier1,exact
_5443_,_5443_,0,tier0,tier1,exact
_5444_,_5444_,0,tier0,tier1,exact
_5445_,_5445_,0,tier0,tier1,exact
_5446_,_5446_,0,tier0,tier1,exact
_5447_,_5447_,0,tier0,tier1,exact
_5448_,_5448_,0,tier0,tier1,exact
_5449_,_5449_,0,tier0,tier1,exact
_5450_,_5450_,0,tier0,tier1,exact
_5451_,_5451_,0,tier0,tier1,exact
_5452_,_5452_,0,tier0,tier1,exact
_5453_,_5453_,0,tier0,tier1,exact
_5454_,_5454_,0,tier0,tier1,exact
_5455_,_5455_,0,tier0,tier1,exact
_5456_,_5456_,0,tier0,tier1,exact
_5457_,_5457_,0,tier0,tier1,exact
_5458_,_5458_,0,tier0,tier1,exact
_5459_,_5459_,0,tier0,tier1,exact
_5460_,_5460_,0,tier0,tier1,exact
_5461_,_5461_,0,tier0,tier1,exact
_5462_,_5462_,0,tier0,tier1,exact
_5463_,_5463_,0,tier0,tier1,exact
_5464_,_5464_,0,tier0,tier1,exact
_5465_,_5465_,0,tier0,tier1,exact
_5466_,_5466_,0,tier0,tier1,exact
_5467_,_5467_,0,tier0,tier1,exact
_5468_,_5468_,0,tier0,tier1,exact
_5469_,_5469_,0,tier0,tier1,exact
_5470_,_5470_,0,tier0,tier1,exact
_5471_,_5471_,0,tier0,tier1,exact
_5472_,_5472_,0,tier0,tier1,exact
_5473_,_5473_,0,tier0,tier1,exact
_5474_,_5474_,1,tier1,tier0,exact
_5475_,_5475_,0,tier0,tier0,exact
_5476_,_5476_,0,tier0,tier0,exact
_5477_,_5477_,0,tier0,tier0,exact
_5478_,_5478_,0,tier0,tier0,exact
_5479_,_5479_,0,tier0,tier0,exact
_5480_,_5480_,0,tier0,tier0,exact
_5481_,_5481_,0,tier0,tier0,exact
_5482_,_5482_,0,tier0,tier0,exact
_5483_,_5483_,0,tier0,tier0,exact
_5484_,_5484_,0,tier0,tier0,exact
_5485_,_5485_,0,tier0,tier0,exact
_5486_,_5486_,0,tier0,tier0,exact
_5487_,_5487_,0,tier0,tier0,exact
_5488_,_5488_,0,tier0,tier0,exact
_5489_,_5489_,0,tier0,tier0,exact
_5490_,_5490_,0,tier0,tier0,exact
_5491_,_5491_,0,tier0,tier0,exact
_5492_,_5492_,0,tier0,tier0,exact
_5493_,_5493_,0,tier0,tier0,exact
_5494_,_5494_,0,tier0,tier0,exact
_5495_,_5495_,0,tier0,tier0,exact
_5496_,_5496_,0,tier0,tier0,exact
_5497_,_5497_,0,tier0,tier0,exact
_5498_,_5498_,0,tier0,tier0,exact
_5499_,_5499_,0,tier0,tier0,exact
_5500_,_5500_,0,tier0,tier0,exact
_5501_,_5501_,0,tier0,tier0,exact
_5502_,_5502_,0,tier0,tier0,exact
_5503_,_5503_,0,tier0,tier0,exact
_5504_,_5504_,0,tier0,tier0,exact
_5505_,_5505_,0,tier0,tier0,exact
_5506_,_5506_,0,tier0,tier0,exact
_5507_,_5507_,0,tier0,tier0,exact
_5508_,_5508_,0,tier0,tier0,exact
_5509_,_5509_,0,tier0,tier0,exact
_5510_,_5510_,0,tier0,tier0,exact
_5511_,_5511_,0,tier0,tier0,exact
_5512_,_5512_,0,tier0,tier0,exact
_5513_,_5513_,0,tier0,tier0,exact
_5514_,_5514_,0,tier0,tier0,exact
_5515_,_5515_,0,tier0,tier0,exact
_5516_,_5516_,0,tier0,tier0,exact
_5517_,_5517_,0,tier0,tier0,exact
_5518_,_5518_,0,tier0,tier0,exact
_5519_,_5519_,0,tier0,tier0,exact
_5520_,_5520_,1,tier1,tier0,exact
_5521_,_5521_,0,tier0,tier1,exact
_5522_,_5522_,0,tier0,tier1,exact
_5523_,_5523_,0,tier0,tier1,exact
_5524_,_5524_,0,tier0,tier1,exact
_5525_,_5525_,0,tier0,tier1,exact
_5526_,_5526_,0,tier0,tier1,exact
_5527_,_5527_,0,tier0,tier1,exact
_5528_,_5528_,0,tier0,tier1,exact
_5529_,_5529_,0,tier0,tier1,exact
_5530_,_5530_,0,tier0,tier1,exact
_5531_,_5531_,0,tier0,tier1,exact
_5532_,_5532_,0,tier0,tier1,exact
_5533_,_5533_,0,tier0,tier1,exact
_5534_,_5534_,0,tier0,tier1,exact
_5535_,_5535_,0,tier0,tier1,exact
_5536_,_5536_,0,tier0,tier1,exact
_5537_,_5537_,0,tier0,tier1,exact
_5538_,_5538_,0,tier0,tier1,exact
_5539_,_5539_,0,tier0,tier1,exact
_5540_,_5540_,0,tier0,tier1,exact
_5541_,_5541_,0,tier0,tier1,exact
_5542_,_5542_,0,tier0,tier1,exact
_5543_,_5543_,0,tier0,tier1,exact
_5544_,_5544_,0,tier0,tier1,exact
_5545_,_5545_,0,tier0,tier1,exact
_5546_,_5546_,0,tier0,tier1,exact
_5547_,_5547_,0,tier0,tier1,exact
_5548_,_5548_,0,tier0,tier1,exact
_5549_,_5549_,0,tier0,tier1,exact
_5550_,_5550_,0,tier0,tier1,exact
_5551_,_5551_,0,tier0,tier1,exact
_5552_,_5552_,0,tier0,tier1,exact
_5553_,_5553_,0,tier0,tier1,exact
_5554_,_5554_,1,tier1,tier0,exact
_5555_,_5555_,0,tier0,tier1,exact
_5556_,_5556_,0,tier0,tier1,exact
_5557_,_5557_,0,tier0,tier1,exact
_5558_,_5558_,0,tier0,tier1,exact
_5559_,_5559_,0,tier0,tier1,exact
_5560_,_5560_,0,tier0,tier1,exact
_5561_,_5561_,0,tier0,tier1,exact
_5562_,_5562_,0,tier0,tier1,exact
_5563_,_5563_,0,tier0,tier1,exact
_5564_,_5564_,0,tier0,tier1,exact
_5565_,_5565_,0,tier0,tier1,exact
_5566_,_5566_,0,tier0,tier1,exact
_5567_,_5567_,0,tier0,tier1,exact
_5568_,_5568_,0,tier0,tier1,exact
_5569_,_5569_,0,tier0,tier1,exact
_5570_,_5570_,0,tier0,tier1,exact
_5571_,_5571_,0,tier0,tier1,exact
_5572_,_5572_,0,tier0,tier1,exact
_5573_,_5573_,0,tier0,tier1,exact
_5574_,_5574_,0,tier0,tier1,exact
_5575_,_5575_,0,tier0,tier1,exact
_5576_,_5576_,0,tier0,tier1,exact
_5577_,_5577_,0,tier0,tier1,exact
_5578_,_5578_,0,tier0,tier1,exact
_5579_,_5579_,0,tier0,tier1,exact
_5580_,_5580_,0,tier0,tier1,exact
_5581_,_5581_,0,tier0,tier1,exact
_5582_,_5582_,0,tier0,tier1,exact
_5583_,_5583_,0,tier0,tier1,exact
_5584_,_5584_,0,tier0,tier1,exact
_5585_,_5585_,0,tier0,tier1,exact
_5586_,_5586_,0,tier0,tier1,exact
_5587_,_5587_,0,tier0,tier1,exact
_5588_,_5588_,1,tier1,tier0,exact
_5589_,_5589_,0,tier0,tier1,exact
_5590_,_5590_,0,tier0,tier1,exact
_5591_,_5591_,0,tier0,tier1,exact
_5592_,_5592_,0,tier0,tier1,exact
_5593_,_5593_,0,tier0,tier1,exact
_5594_,_5594_,0,tier0,tier1,exact
_5595_,_5595_,0,tier0,tier1,exact
_5596_,_5596_,0,tier0,tier1,exact
_5597_,_5597_,0,tier0,tier1,exact
_5598_,_5598_,0,tier0,tier1,exact
_5599_,_5599_,0,tier0,tier1,exact
_5600_,_5600_,1,tier1,tier0,exact
_5601_,_5601_,1,tier1,tier0,exact
_5602_,_5602_,1,tier1,tier0,exact
_5603_,_5603_,1,tier1,tier0,exact
_5604_,_5604_,1,tier1,tier0,exact
_5605_,_5605_,0,tier0,tier1,exact
_5606_,_5606_,0,tier0,tier1,exact
_5607_,_5607_,0,tier0,tier1,exact
_5608_,_5608_,0,tier0,tier1,exact
_5609_,_5609_,0,tier0,tier1,exact
_5610_,_5610_,0,tier0,tier1,exact
_5611_,_5611_,0,tier0,tier1,exact
_5612_,_5612_,0,tier0,tier1,exact
_5613_,_5613_,0,tier0,tier1,exact
_5614_,_5614_,0,tier0,tier1,exact
_5615_,_5615_,0,tier0,tier1,exact
_5616_,_5616_,0,tier0,tier1,exact
_5617_,_5617_,0,tier0,tier1,exact
_5618_,_5618_,0,tier0,tier1,exact
_5619_,_5619_,0,tier0,tier1,exact
_5620_,_5620_,0,tier0,tier1,exact
_5621_,_5621_,0,tier0,tier1,exact
_5622_,_5622_,0,tier0,tier1,exact
_5623_,_5623_,0,tier0,tier1,exact
_5624_,_5624_,0,tier0,tier1,exact
_5625_,_5625_,0,tier0,tier1,exact
_5626_,_5626_,0,tier0,tier1,exact
_5627_,_5627_,0,tier0,tier1,exact
_5628_,_5628_,0,tier0,tier1,exact
_5629_,_5629_,0,tier0,tier1,exact
_5630_,_5630_,0,tier0,tier1,exact
_5631_,_5631_,0,tier0,tier1,exact
_5632_,_5632_,0,tier0,tier1,exact
_5633_,_5633_,0,tier0,tier1,exact
_5634_,_5634_,0,tier0,tier1,exact
_5635_,_5635_,0,tier0,tier1,exact
_5636_,_5636_,0,tier0,tier1,exact
_5637_,_5637_,0,tier0,tier1,exact
_5638_,_5638_,0,tier0,tier1,exact
_5639_,_5639_,0,tier0,tier1,exact
_5641_,_5641_,0,tier0,tier1,exact
_5642_,_5642_,0,tier0,tier1,exact
_5643_,_5643_,0,tier0,tier1,exact
_5644_,_5644_,0,tier0,tier1,exact
_5645_,_5645_,0,tier0,tier1,exact
_5646_,_5646_,0,tier0,tier1,exact
_5647_,_5647_,0,tier0,tier1,exact
_5648_,_5648_,0,tier0,tier1,exact
_5649_,_5649_,0,tier0,tier1,exact
_5650_,_5650_,0,tier0,tier1,exact
_5651_,_5651_,0,tier0,tier1,exact
_5652_,_5652_,0,tier0,tier1,exact
_5653_,_5653_,0,tier0,tier1,exact
_5654_,_5654_,0,tier0,tier1,exact
_5655_,_5655_,0,tier0,tier1,exact
_5656_,_5656_,0,tier0,tier1,exact
_5657_,_5657_,0,tier0,tier1,exact
_5658_,_5658_,1,tier1,tier0,exact
_5659_,_5659_,1,tier1,tier0,exact
_5660_,_5660_,0,tier0,tier1,exact
_5661_,_5661_,0,tier0,tier1,exact
_5662_,_5662_,0,tier0,tier1,exact
_5663_,_5663_,0,tier0,tier1,exact
_5664_,_5664_,0,tier0,tier1,exact
_5665_,_5665_,0,tier0,tier1,exact
_5666_,_5666_,0,tier0,tier1,exact
_5667_,_5667_,0,tier0,tier1,exact
_5668_,_5668_,0,tier0,tier1,exact
_5669_,_5669_,0,tier0,tier1,exact
_5670_,_5670_,0,tier0,tier1,exact
_5671_,_5671_,0,tier0,tier1,exact
_5672_,_5672_,0,tier0,tier1,exact
_5673_,_5673_,0,tier0,tier1,exact
_5674_,_5674_,0,tier0,tier1,exact
_5675_,_5675_,0,tier0,tier1,exact
_5676_,_5676_,0,tier0,tier1,exact
_5677_,_5677_,0,tier0,tier1,exact
_5678_,_5678_,0,tier0,tier1,exact
_5679_,_5679_,0,tier0,tier1,exact
_5680_,_5680_,0,tier0,tier1,exact
_5681_,_5681_,0,tier0,tier1,exact
_5682_,_5682_,0,tier0,tier1,exact
_5683_,_5683_,0,tier0,tier1,exact
_5684_,_5684_,0,tier0,tier1,exact
_5685_,_5685_,0,tier0,tier1,exact
_5686_,_5686_,0,tier0,tier1,exact
_5687_,_5687_,0,tier0,tier1,exact
_5688_,_5688_,0,tier0,tier1,exact
_5689_,_5689_,0,tier0,tier1,exact
_5690_,_5690_,0,tier0,tier1,exact
_5691_,_5691_,0,tier0,tier1,exact
_5692_,_5692_,0,tier0,tier1,exact
_5693_,_5693_,0,tier0,tier1,exact
_5694_,_5694_,0,tier0,tier1,exact
_5695_,_5695_,0,tier0,tier1,exact
_5696_,_5696_,0,tier0,tier1,exact
_5697_,_5697_,0,tier0,tier1,exact
_5698_,_5698_,0,tier0,tier1,exact
_5699_,_5699_,0,tier0,tier1,exact
_5700_,_5700_,0,tier0,tier1,exact
_5701_,_5701_,0,tier0,tier1,exact
_5702_,_5702_,0,tier0,tier1,exact
_5703_,_5703_,0,tier0,tier1,exact
_5704_,_5704_,0,tier0,tier1,exact
_5705_,_5705_,0,tier0,tier1,exact
_5706_,_5706_,0,tier0,tier1,exact
_5707_,_5707_,0,tier0,tier1,exact
_5708_,_5708_,0,tier0,tier1,exact
_5709_,_5709_,0,tier0,tier1,exact
_5710_,_5710_,0,tier0,tier1,exact
_5711_,_5711_,0,tier0,tier1,exact
_5712_,_5712_,0,tier0,tier1,exact
_5713_,_5713_,0,tier0,tier1,exact
_5714_,_5714_,1,tier1,tier0,exact
_5715_,_5715_,0,tier0,tier0,exact
_5716_,_5716_,0,tier0,tier0,exact
_5717_,_5717_,0,tier0,tier0,exact
_5718_,_5718_,0,tier0,tier0,exact
_5719_,_5719_,0,tier0,tier0,exact
_5720_,_5720_,0,tier0,tier0,exact
_5721_,_5721_,0,tier0,tier0,exact
_5722_,_5722_,0,tier0,tier0,exact
_5723_,_5723_,0,tier0,tier0,exact
_5724_,_5724_,0,tier0,tier0,exact
_5725_,_5725_,0,tier0,tier0,exact
_5726_,_5726_,0,tier0,tier0,exact
_5727_,_5727_,0,tier0,tier0,exact
_5728_,_5728_,0,tier0,tier0,exact
_5729_,_5729_,0,tier0,tier0,exact
_5730_,_5730_,0,tier0,tier0,exact
_5731_,_5731_,0,tier0,tier0,exact
_5732_,_5732_,0,tier0,tier0,exact
_5733_,_5733_,0,tier0,tier0,exact
_5734_,_5734_,0,tier0,tier0,exact
_5735_,_5735_,0,tier0,tier0,exact
_5736_,_5736_,0,tier0,tier0,exact
_5737_,_5737_,0,tier0,tier0,exact
_5738_,_5738_,0,tier0,tier0,exact
_5739_,_5739_,0,tier0,tier0,exact
_5740_,_5740_,0,tier0,tier0,exact
_5741_,_5741_,0,tier0,tier0,exact
_5742_,_5742_,0,tier0,tier0,exact
_5743_,_5743_,0,tier0,tier0,exact
_5744_,_5744_,0,tier0,tier0,exact
_5745_,_5745_,0,tier0,tier0,exact
_5746_,_5746_,0,tier0,tier0,exact
_5747_,_5747_,0,tier0,tier0,exact
_5748_,_5748_,0,tier0,tier0,exact
_5749_,_5749_,0,tier0,tier0,exact
_5750_,_5750_,0,tier0,tier0,exact
_5751_,_5751_,0,tier0,tier0,exact
_5752_,_5752_,0,tier0,tier0,exact
_5753_,_5753_,0,tier0,tier0,exact
_5754_,_5754_,0,tier0,tier0,exact
_5755_,_5755_,0,tier0,tier0,exact
_5756_,_5756_,0,tier0,tier0,exact
_5757_,_5757_,0,tier0,tier0,exact
_5758_,_5758_,0,tier0,tier0,exact
_5759_,_5759_,0,tier0,tier0,exact
_5760_,_5760_,0,tier0,tier0,exact
_5761_,_5761_,0,tier0,tier0,exact
_5762_,_5762_,0,tier0,tier0,exact
_5763_,_5763_,1,tier1,tier0,exact
_5764_,_5764_,0,tier0,tier0,exact
_5765_,_5765_,0,tier0,tier0,exact
_5766_,_5766_,0,tier0,tier0,exact
_5767_,_5767_,0,tier0,tier0,exact
_5768_,_5768_,0,tier0,tier0,exact
_5769_,_5769_,0,tier0,tier0,exact
_5770_,_5770_,0,tier0,tier0,exact
_5771_,_5771_,0,tier0,tier0,exact
_5772_,_5772_,0,tier0,tier0,exact
_5773_,_5773_,0,tier0,tier0,exact
_5774_,_5774_,0,tier0,tier0,exact
_5775_,_5775_,0,tier0,tier0,exact
_5776_,_5776_,0,tier0,tier0,exact
_5777_,_5777_,0,tier0,tier0,exact
_5778_,_5778_,0,tier0,tier0,exact
_5779_,_5779_,0,tier0,tier0,exact
_5780_,_5780_,0,tier0,tier0,exact
_5781_,_5781_,0,tier0,tier0,exact
_5782_,_5782_,0,tier0,tier0,exact
_5783_,_5783_,0,tier0,tier0,exact
_5784_,_5784_,0,tier0,tier0,exact
_5785_,_5785_,0,tier0,tier0,exact
_5786_,_5786_,0,tier0,tier0,exact
_5787_,_5787_,0,tier0,tier0,exact
_5788_,_5788_,0,tier0,tier0,exact
_5789_,_5789_,0,tier0,tier0,exact
_5790_,_5790_,0,tier0,tier0,exact
_5791_,_5791_,0,tier0,tier0,exact
_5792_,_5792_,0,tier0,tier0,exact
_5793_,_5793_,0,tier0,tier0,exact
_5794_,_5794_,0,tier0,tier0,exact
_5795_,_5795_,0,tier0,tier0,exact
_5796_,_5796_,0,tier0,tier0,exact
_5797_,_5797_,0,tier0,tier0,exact
_5798_,_5798_,0,tier0,tier0,exact
_5799_,_5799_,0,tier0,tier0,exact
_5800_,_5800_,0,tier0,tier0,exact
_5801_,_5801_,0,tier0,tier0,exact
_5802_,_5802_,0,tier0,tier0,exact
_5803_,_5803_,0,tier0,tier0,exact
_5804_,_5804_,0,tier0,tier0,exact
_5805_,_5805_,0,tier0,tier0,exact
_5806_,_5806_,0,tier0,tier0,exact
_5807_,_5807_,0,tier0,tier0,exact
_5808_,_5808_,0,tier0,tier0,exact
_5809_,_5809_,0,tier0,tier0,exact
_5810_,_5810_,0,tier0,tier0,exact
_5811_,_5811_,1,tier1,tier0,exact
_5812_,_5812_,1,tier1,tier0,exact
_5813_,_5813_,1,tier1,tier0,exact
_5814_,_5814_,1,tier1,tier0,exact
_5816_,_5816_,1,tier1,tier0,exact
_5817_,_5817_,1,tier1,tier0,exact
_5818_,_5818_,1,tier1,tier0,exact
_5819_,_5819_,1,tier1,tier0,exact
_5820_,_5820_,1,tier1,tier0,exact
_5821_,_5821_,1,tier1,tier0,exact
_5822_,_5822_,1,tier1,tier0,exact
_5823_,_5823_,1,tier1,tier0,exact
_5824_,_5824_,1,tier1,tier0,exact
_5825_,_5825_,1,tier1,tier0,exact
_5826_,_5826_,1,tier1,tier0,exact
_5827_,_5827_,0,tier0,tier1,exact
_5828_,_5828_,1,tier1,tier0,exact
_5829_,_5829_,1,tier1,tier0,exact
_5830_,_5830_,1,tier1,tier0,exact
_5831_,_5831_,1,tier1,tier0,exact
_5832_,_5832_,1,tier1,tier0,exact
_5833_,_5833_,1,tier1,tier0,exact
_5834_,_5834_,1,tier1,tier0,exact
_5835_,_5835_,1,tier1,tier0,exact
_5836_,_5836_,1,tier1,tier0,exact
_5837_,_5837_,1,tier1,tier0,exact
_5838_,_5838_,1,tier1,tier0,exact
_5840_,_5840_,1,tier1,tier0,exact
_5841_,_5841_,1,tier1,tier0,exact
_5842_,_5842_,1,tier1,tier0,exact
_5843_,_5843_,1,tier1,tier0,exact
_5844_,_5844_,1,tier1,tier0,exact
_5845_,_5845_,1,tier1,tier0,exact
_5846_,_5846_,1,tier1,tier0,exact
_5847_,_5847_,1,tier1,tier0,exact
_5848_,_5848_,1,tier1,tier0,exact
_5849_,_5849_,1,tier1,tier0,exact
_5850_,_5850_,1,tier1,tier0,exact
_5851_,_5851_,1,tier1,tier0,exact
_5852_,_5852_,1,tier1,tier0,exact
_5853_,_5853_,1,tier1,tier0,exact
_5854_,_5854_,1,tier1,tier0,exact
_5855_,_5855_,1,tier1,tier0,exact
_5856_,_5856_,1,tier1,tier0,exact
_5857_,_5857_,1,tier1,tier0,exact
_5858_,_5858_,1,tier1,tier0,exact
_5859_,_5859_,1,tier1,tier0,exact
_5860_,_5860_,1,tier1,tier0,exact
_5861_,_5861_,1,tier1,tier0,exact
_5862_,_5862_,1,tier1,tier0,exact
_5863_,_5863_,1,tier1,tier0,exact
_5864_,_5864_,1,tier1,tier0,exact
_5865_,_5865_,1,tier1,tier0,exact
_5867_,_5867_,1,tier1,tier0,exact
_5868_,_5868_,1,tier1,tier0,exact
_5869_,_5869_,1,tier1,tier0,exact
_5870_,_5870_,1,tier1,tier0,exact
_5871_,_5871_,1,tier1,tier0,exact
_5872_,_5872_,1,tier1,tier0,exact
_5873_,_5873_,1,tier1,tier0,exact
_5874_,_5874_,1,tier1,tier0,exact
_5875_,_5875_,1,tier1,tier0,exact
_5877_,_5877_,1,tier1,tier0,exact
_5878_,_5878_,1,tier1,tier0,exact
_5879_,_5879_,1,tier1,tier0,exact
_5880_,_5880_,1,tier1,tier0,exact
_5881_,_5881_,1,tier1,tier0,exact
_5882_,_5882_,1,tier1,tier0,exact
_5883_,_5883_,1,tier1,tier0,exact
_5884_,_5884_,1,tier1,tier0,exact
_5885_,_5885_,1,tier1,tier0,exact
_5886_,_5886_,1,tier1,tier0,exact
_5887_,_5887_,1,tier1,tier0,exact
_5888_,_5888_,1,tier1,tier0,exact
_5889_,_5889_,1,tier1,tier0,exact
_5890_,_5890_,1,tier1,tier0,exact
_5891_,_5891_,1,tier1,tier0,exact
_5892_,_5892_,1,tier1,tier0,exact
_5893_,_5893_,1,tier1,tier0,exact
_5894_,_5894_,1,tier1,tier0,exact
_5896_,_5896_,1,tier1,tier0,exact
_5898_,_5898_,1,tier1,tier0,exact
_5899_,_5899_,1,tier1,tier0,exact
_5900_,_5900_,1,tier1,tier0,exact
_5901_,_5901_,1,tier1,tier0,exact
_5903_,_5903_,1,tier1,tier0,exact
_5904_,_5904_,1,tier1,tier0,exact
_5905_,_5905_,1,tier1,tier0,exact
_5906_,_5906_,1,tier1,tier0,exact
_5907_,_5907_,1,tier1,tier0,exact
_5909_,_5909_,1,tier1,tier0,exact
_5910_,_5910_,1,tier1,tier0,exact
_5911_,_5911_,1,tier1,tier0,exact
_5912_,_5912_,1,tier1,tier0,exact
_5913_,_5913_,1,tier1,tier0,exact
_5914_,_5914_,1,tier1,tier0,exact
_5915_,_5915_,1,tier1,tier0,exact
_5916_,_5916_,1,tier1,tier0,exact
_5917_,_5917_,1,tier1,tier0,exact
_5918_,_5918_,1,tier1,tier0,exact
_5919_,_5919_,1,tier1,tier0,exact
_5920_,_5920_,1,tier1,tier0,exact
_5922_,_5922_,1,tier1,tier0,exact
_5923_,_5923_,1,tier1,tier0,exact
_5926_,_5926_,1,tier1,tier0,exact
_5927_,_5927_,1,tier1,tier0,exact
_5928_,_5928_,1,tier1,tier0,exact
_5929_,_5929_,1,tier1,tier0,exact
_5930_,_5930_,1,tier1,tier0,exact
_5931_,_5931_,1,tier1,tier0,exact
_5932_,_5932_,1,tier1,tier0,exact
_5933_,_5933_,1,tier1,tier0,exact
_5934_,_5934_,1,tier1,tier0,exact
_5935_,_5935_,1,tier1,tier0,exact
_5936_,_5936_,1,tier1,tier0,exact
_5938_,_5938_,1,tier1,tier0,exact
_5939_,_5939_,1,tier1,tier0,exact
_5940_,_5940_,1,tier1,tier0,exact
_5941_,_5941_,1,tier1,tier0,exact
_5944_,_5944_,1,tier1,tier0,exact
_5945_,_5945_,1,tier1,tier0,exact
_5946_,_5946_,1,tier1,tier0,exact
_5947_,_5947_,1,tier1,tier0,exact
_5948_,_5948_,1,tier1,tier0,exact
_5949_,_5949_,1,tier1,tier0,exact
_5950_,_5950_,1,tier1,tier0,exact
_5951_,_5951_,1,tier1,tier0,exact
_5952_,_5952_,1,tier1,tier0,exact
_5953_,_5953_,1,tier1,tier0,exact
_5954_,_5954_,1,tier1,tier0,exact
_5955_,_5955_,1,tier1,tier0,exact
_5956_,_5956_,1,tier1,tier0,exact
_5957_,_5957_,1,tier1,tier0,exact
_5958_,_5958_,1,tier1,tier0,exact
_5960_,_5960_,1,tier1,tier0,exact
_5961_,_5961_,1,tier1,tier0,exact
_5962_,_5962_,1,tier1,tier0,exact
_5963_,_5963_,1,tier1,tier0,exact
_5964_,_5964_,1,tier1,tier0,exact
_5965_,_5965_,1,tier1,tier0,exact
_5966_,_5966_,1,tier1,tier0,exact
_5967_,_5967_,1,tier1,tier0,exact
_5968_,_5968_,1,tier1,tier0,exact
_5969_,_5969_,1,tier1,tier0,exact
_5970_,_5970_,1,tier1,tier0,exact
_5971_,_5971_,1,tier1,tier0,exact
_5972_,_5972_,1,tier1,tier0,exact
_5973_,_5973_,1,tier1,tier0,exact
_5974_,_5974_,1,tier1,tier0,exact
_5975_,_5975_,1,tier1,tier0,exact
_5978_,_5978_,1,tier1,tier0,exact
_5980_,_5980_,1,tier1,tier0,exact
_5981_,_5981_,1,tier1,tier0,exact
_5983_,_5983_,1,tier1,tier0,exact
_5986_,_5986_,1,tier1,tier0,exact
_5989_,_5989_,1,tier1,tier0,exact
_5992_,_5992_,1,tier1,tier0,exact
_5993_,_5993_,1,tier1,tier0,exact
_5994_,_5994_,1,tier1,tier0,exact
_5995_,_5995_,1,tier1,tier0,exact
_5996_,_5996_,1,tier1,tier0,exact
_5997_,_5997_,1,tier1,tier0,exact
_5998_,_5998_,1,tier1,tier0,exact
_5999_,_5999_,1,tier1,tier0,exact
_6000_,_6000_,1,tier1,tier0,exact
_6001_,_6001_,1,tier1,tier0,exact
_6002_,_6002_,1,tier1,tier0,exact
_6003_,_6003_,1,tier1,tier0,exact
_6004_,_6004_,1,tier1,tier0,exact
_6005_,_6005_,1,tier1,tier0,exact
_6008_,_6008_,1,tier1,tier0,exact
_6009_,_6009_,1,tier1,tier0,exact
_6010_,_6010_,1,tier1,tier0,exact
_6011_,_6011_,1,tier1,tier0,exact
_6012_,_6012_,1,tier1,tier0,exact
_6013_,_6013_,1,tier1,tier0,exact
_6014_,_6014_,1,tier1,tier0,exact
_6015_,_6015_,1,tier1,tier0,exact
_6016_,_6016_,1,tier1,tier0,exact
_6017_,_6017_,1,tier1,tier0,exact
_6021_,_6021_,1,tier1,tier0,exact
_6022_,_6022_,1,tier1,tier0,exact
_6023_,_6023_,1,tier1,tier0,exact
_6024_,_6024_,1,tier1,tier0,exact
_6026_,_6026_,1,tier1,tier0,exact
_6027_,_6027_,1,tier1,tier0,exact
_6028_,_6028_,1,tier1,tier0,exact
_6029_,_6029_,1,tier1,tier0,exact
_6030_,_6030_,1,tier1,tier0,exact
_6031_,_6031_,1,tier1,tier0,exact
_6034_,_6034_,1,tier1,tier0,exact
_6035_,_6035_,1,tier1,tier0,exact
_6036_,_6036_,1,tier1,tier0,exact
_6037_,_6037_,1,tier1,tier0,exact
_6038_,_6038_,1,tier1,tier0,exact
_6039_,_6039_,1,tier1,tier0,exact
_6042_,_6042_,1,tier1,tier0,exact
_6043_,_6043_,1,tier1,tier0,exact
_6045_,_6045_,1,tier1,tier0,exact
_6047_,_6047_,1,tier1,tier0,exact
_6049_,_6049_,1,tier1,tier0,exact
_6050_,_6050_,1,tier1,tier0,exact
_6052_,_6052_,1,tier1,tier0,exact
_6053_,_6053_,1,tier1,tier0,exact
_6054_,_6054_,1,tier1,tier0,exact
_6055_,_6055_,1,tier1,tier0,exact
_6056_,_6056_,1,tier1,tier0,exact
_6058_,_6058_,1,tier1,tier0,exact
_6059_,_6059_,1,tier1,tier0,exact
_6060_,_6060_,1,tier1,tier0,exact
_6064_,_6064_,1,tier1,tier0,exact
_6066_,_6066_,1,tier1,tier0,exact
_6067_,_6067_,1,tier1,tier0,exact
_6068_,_6068_,1,tier1,tier0,exact
_6069_,_6069_,1,tier1,tier0,exact
_6071_,_6071_,1,tier1,tier0,exact
_6073_,_6073_,1,tier1,tier0,exact
_6076_,_6076_,1,tier1,tier0,exact
_6077_,_6077_,1,tier1,tier0,exact
_6078_,_6078_,1,tier1,tier0,exact
_6082_,_6082_,1,tier1,tier0,exact
_6083_,_6083_,1,tier1,tier0,exact
_6084_,_6084_,1,tier1,tier0,exact
_6088_,_6088_,1,tier1,tier0,exact
_6089_,_6089_,1,tier1,tier0,exact
_6091_,_6091_,1,tier1,tier0,exact
_6092_,_6092_,1,tier1,tier0,exact
_6095_,_6095_,1,tier1,tier0,exact
_6096_,_6096_,1,tier1,tier0,exact
_6099_,_6099_,1,tier1,tier0,exact
_6100_,_6100_,1,tier1,tier0,exact
_6101_,_6101_,1,tier1,tier0,exact
_6102_,_6102_,1,tier1,tier0,exact
_6103_,_6103_,1,tier1,tier0,exact
_6104_,_6104_,1,tier1,tier0,exact
_6105_,_6105_,1,tier1,tier0,exact
_6106_,_6106_,1,tier1,tier0,exact
_6107_,_6107_,1,tier1,tier0,exact
_6108_,_6108_,1,tier1,tier0,exact
_6109_,_6109_,1,tier1,tier0,exact
_6110_,_6110_,1,tier1,tier0,exact
_6111_,_6111_,1,tier1,tier0,exact
_6112_,_6112_,1,tier1,tier0,exact
_6114_,_6114_,1,tier1,tier0,exact
_6115_,_6115_,1,tier1,tier0,exact
_6116_,_6116_,1,tier1,tier0,exact
_6120_,_6120_,1,tier1,tier0,exact
_6122_,_6122_,1,tier1,tier0,exact
_6124_,_6124_,1,tier1,tier0,exact
_6126_,_6126_,1,tier1,tier0,exact
_6127_,_6127_,1,tier1,tier0,exact
_6129_,_6129_,1,tier1,tier0,exact
_6130_,_6130_,1,tier1,tier0,exact
_6131_,_6131_,1,tier1,tier0,exact
_6132_,_6132_,1,tier1,tier0,exact
_6133_,_6133_,1,tier1,tier0,exact
_6134_,_6134_,1,tier1,tier0,exact
_6135_,_6135_,1,tier1,tier0,exact
_6136_,_6136_,1,tier1,tier0,exact
_6137_,_6137_,1,tier1,tier0,exact
_6139_,_6139_,1,tier1,tier0,exact
_6142_,_6142_,1,tier1,tier0,exact
_6143_,_6143_,1,tier1,tier0,exact
_6144_,_6144_,1,tier1,tier0,exact
_6145_,_6145_,1,tier1,tier0,exact
_6146_,_6146_,1,tier1,tier0,exact
_6147_,_6147_,1,tier1,tier0,exact
_6148_,_6148_,1,tier1,tier0,exact
_6149_,_6149_,1,tier1,tier0,exact
_6150_,_6150_,1,tier1,tier0,exact
_6151_,_6151_,1,tier1,tier0,exact
_6152_,_6152_,1,tier1,tier0,exact
_6153_,_6153_,1,tier1,tier0,exact
_6154_,_6154_,1,tier1,tier0,exact
_6155_,_6155_,1,tier1,tier0,exact
_6156_,_6156_,1,tier1,tier0,exact
_6157_,_6157_,1,tier1,tier0,exact
_6158_,_6158_,1,tier1,tier0,exact
_6159_,_6159_,1,tier1,tier0,exact
_6160_,_6160_,1,tier1,tier0,exact
_6161_,_6161_,1,tier1,tier0,exact
_6162_,_6162_,1,tier1,tier0,exact
_6163_,_6163_,1,tier1,tier0,exact
_6164_,_6164_,1,tier1,tier0,exact
_6165_,_6165_,1,tier1,tier0,exact
_6166_,_6166_,1,tier1,tier0,exact
_6167_,_6167_,1,tier1,tier0,exact
_6168_,_6168_,1,tier1,tier0,exact
_6169_,_6169_,1,tier1,tier0,exact
_6170_,_6170_,1,tier1,tier0,exact
_6171_,_6171_,1,tier1,tier0,exact
_6172_,_6172_,1,tier1,tier0,exact
_6173_,_6173_,1,tier1,tier0,exact
_6174_,_6174_,1,tier1,tier0,exact
_6175_,_6175_,1,tier1,tier0,exact
_6176_,_6176_,1,tier1,tier0,exact
_6177_,_6177_,1,tier1,tier0,exact
_6178_,_6178_,1,tier1,tier0,exact
_6179_,_6179_,1,tier1,tier0,exact
_6180_,_6180_,1,tier1,tier0,exact
_6181_,_6181_,1,tier1,tier0,exact
_6182_,_6182_,1,tier1,tier0,exact
_6183_,_6183_,1,tier1,tier0,exact
_6184_,_6184_,1,tier1,tier0,exact
_6185_,_6185_,1,tier1,tier0,exact
_6186_,_6186_,1,tier1,tier0,exact
_6187_,_6187_,1,tier1,tier0,exact
_6188_,_6188_,1,tier1,tier0,exact
_6189_,_6189_,1,tier1,tier0,exact
_6191_,_6191_,1,tier1,tier0,exact
_6193_,_6193_,1,tier1,tier0,exact
_6194_,_6194_,1,tier1,tier0,exact
_6195_,_6195_,1,tier1,tier0,exact
_6196_,_6196_,1,tier1,tier0,exact
_6197_,_6197_,1,tier1,tier0,exact
_6201_,_6201_,1,tier1,tier0,exact
_6203_,_6203_,1,tier1,tier0,exact
_6204_,_6204_,1,tier1,tier0,exact
_6205_,_6205_,1,tier1,tier0,exact
_6206_,_6206_,1,tier1,tier0,exact
_6208_,_6208_,1,tier1,tier0,exact
_6209_,_6209_,1,tier1,tier0,exact
_6210_,_6210_,1,tier1,tier0,exact
_6211_,_6211_,1,tier1,tier0,exact
_6212_,_6212_,1,tier1,tier0,exact
_6213_,_6213_,1,tier1,tier0,exact
_6214_,_6214_,1,tier1,tier0,exact
_6215_,_6215_,1,tier1,tier0,exact
_6216_,_6216_,1,tier1,tier0,exact
_6217_,_6217_,1,tier1,tier0,exact
_6218_,_6218_,1,tier1,tier0,exact
_6219_,_6219_,1,tier1,tier0,exact
_6220_,_6220_,1,tier1,tier0,exact
_6221_,_6221_,1,tier1,tier0,exact
_6222_,_6222_,1,tier1,tier0,exact
_6223_,_6223_,1,tier1,tier0,exact
_6228_,_6228_,1,tier1,tier0,exact
_6229_,_6229_,1,tier1,tier0,exact
_6230_,_6230_,1,tier1,tier0,exact
_6231_,_6231_,1,tier1,tier0,exact
_6232_,_6232_,1,tier1,tier0,exact
_6233_,_6233_,1,tier1,tier0,exact
_6234_,_6234_,1,tier1,tier0,exact
_6235_,_6235_,1,tier1,tier0,exact
_6236_,_6236_,1,tier1,tier0,exact
_6237_,_6237_,1,tier1,tier0,exact
_6238_,_6238_,1,tier1,tier0,exact
_6239_,_6239_,1,tier1,tier0,exact
_6240_,_6240_,1,tier1,tier0,exact
_6241_,_6241_,1,tier1,tier0,exact
_6242_,_6242_,1,tier1,tier0,exact
_6243_,_6243_,1,tier1,tier0,exact
_6245_,_6245_,1,tier1,tier0,exact
_6247_,_6247_,1,tier1,tier0,exact
_6248_,_6248_,1,tier1,tier0,exact
_6249_,_6249_,1,tier1,tier0,exact
_6250_,_6250_,1,tier1,tier0,exact
_6251_,_6251_,1,tier1,tier0,exact
_6252_,_6252_,1,tier1,tier0,exact
_6253_,_6253_,1,tier1,tier0,exact
_6254_,_6254_,1,tier1,tier0,exact
_6255_,_6255_,1,tier1,tier0,exact
_6260_,_6260_,1,tier1,tier0,exact
_6261_,_6261_,1,tier1,tier0,exact
_6262_,_6262_,1,tier1,tier0,exact
_6263_,_6263_,1,tier1,tier0,exact
_6264_,_6264_,1,tier1,tier0,exact
_6265_,_6265_,1,tier1,tier0,exact
_6266_,_6266_,1,tier1,tier0,exact
_6267_,_6267_,1,tier1,tier0,exact
_6268_,_6268_,1,tier1,tier0,exact
_6269_,_6269_,1,tier1,tier0,exact
_6270_,_6270_,1,tier1,tier0,exact
_6271_,_6271_,1,tier1,tier0,exact
_6272_,_6272_,1,tier1,tier0,exact
_6273_,_6273_,1,tier1,tier0,exact
_6274_,_6274_,1,tier1,tier0,exact
_6275_,_6275_,1,tier1,tier0,exact
_6276_,_6276_,1,tier1,tier0,exact
_6277_,_6277_,1,tier1,tier0,exact
_6278_,_6278_,1,tier1,tier0,exact
_6279_,_6279_,1,tier1,tier0,exact
_6280_,_6280_,1,tier1,tier0,exact
_6281_,_6281_,1,tier1,tier0,exact
_6282_,_6282_,1,tier1,tier0,exact
_6283_,_6283_,1,tier1,tier0,exact
_6284_,_6284_,1,tier1,tier0,exact
_6285_,_6285_,1,tier1,tier0,exact
_6286_,_6286_,1,tier1,tier0,exact
_6287_,_6287_,1,tier1,tier0,exact
_6288_,_6288_,1,tier1,tier0,exact
_6289_,_6289_,1,tier1,tier0,exact
_6290_,_6290_,1,tier1,tier0,exact
_6291_,_6291_,1,tier1,tier0,exact
_6292_,_6292_,1,tier1,tier0,exact
_6293_,_6293_,1,tier1,tier0,exact
_6294_,_6294_,1,tier1,tier0,exact
_6295_,_6295_,1,tier1,tier0,exact
_6296_,_6296_,1,tier1,tier0,exact
_6297_,_6297_,1,tier1,tier0,exact
_6298_,_6298_,1,tier1,tier0,exact
_6300_,_6300_,1,tier1,tier0,exact
_6301_,_6301_,1,tier1,tier0,exact
_6302_,_6302_,1,tier1,tier0,exact
_6303_,_6303_,1,tier1,tier0,exact
_6304_,_6304_,1,tier1,tier0,exact
_6305_,_6305_,1,tier1,tier0,exact
_6306_,_6306_,1,tier1,tier0,exact
_6307_,_6307_,1,tier1,tier0,exact
_6308_,_6308_,1,tier1,tier0,exact
_6309_,_6309_,1,tier1,tier0,exact
_6310_,_6310_,1,tier1,tier0,exact
_6311_,_6311_,1,tier1,tier0,exact
_6312_,_6312_,1,tier1,tier0,exact
_6313_,_6313_,1,tier1,tier0,exact
_6314_,_6314_,1,tier1,tier0,exact
_6315_,_6315_,1,tier1,tier0,exact
_6316_,_6316_,1,tier1,tier0,exact
_6317_,_6317_,1,tier1,tier0,exact
_6318_,_6318_,1,tier1,tier0,exact
_6319_,_6319_,1,tier1,tier0,exact
_6320_,_6320_,1,tier1,tier0,exact
_6321_,_6321_,1,tier1,tier0,exact
_6322_,_6322_,1,tier1,tier0,exact
_6323_,_6323_,1,tier1,tier0,exact
_6324_,_6324_,1,tier1,tier0,exact
_6326_,_6326_,1,tier1,tier0,exact
_6328_,_6328_,1,tier1,tier0,exact
_6330_,_6330_,1,tier1,tier0,exact
_6331_,_6331_,1,tier1,tier0,exact
_6332_,_6332_,1,tier1,tier0,exact
_6333_,_6333_,1,tier1,tier0,exact
_6334_,_6334_,1,tier1,tier0,exact
_6335_,_6335_,1,tier1,tier0,exact
_6336_,_6336_,1,tier1,tier0,exact
_6337_,_6337_,1,tier1,tier0,exact
_6338_,_6338_,1,tier1,tier0,exact
_6339_,_6339_,1,tier1,tier0,exact
_6340_,_6340_,1,tier1,tier0,exact
_6341_,_6341_,1,tier1,tier0,exact
_6342_,_6342_,1,tier1,tier0,exact
_6343_,_6343_,1,tier1,tier0,exact
_6344_,_6344_,1,tier1,tier0,exact
_6345_,_6345_,1,tier1,tier0,exact
_6346_,_6346_,1,tier1,tier0,exact
_6347_,_6347_,1,tier1,tier0,exact
_6348_,_6348_,1,tier1,tier0,exact
_6349_,_6349_,1,tier1,tier0,exact
_6350_,_6350_,1,tier1,tier0,exact
_6351_,_6351_,1,tier1,tier0,exact
_6353_,_6353_,1,tier1,tier0,exact
_6354_,_6354_,1,tier1,tier0,exact
_6355_,_6355_,1,tier1,tier0,exact
_6356_,_6356_,1,tier1,tier0,exact
_6357_,_6357_,1,tier1,tier0,exact
_6358_,_6358_,1,tier1,tier0,exact
_6359_,_6359_,1,tier1,tier0,exact
_6360_,_6360_,1,tier1,tier0,exact
_6361_,_6361_,1,tier1,tier0,exact
_6363_,_6363_,1,tier1,tier0,exact
_6364_,_6364_,1,tier1,tier0,exact
_6365_,_6365_,1,tier1,tier0,exact
_6366_,_6366_,1,tier1,tier0,exact
_6367_,_6367_,1,tier1,tier0,exact
_6369_,_6369_,1,tier1,tier0,exact
_6370_,_6370_,1,tier1,tier0,exact
_6371_,_6371_,1,tier1,tier0,exact
_6372_,_6372_,1,tier1,tier0,exact
_6373_,_6373_,1,tier1,tier0,exact
_6374_,_6374_,1,tier1,tier0,exact
_6375_,_6375_,1,tier1,tier0,exact
_6376_,_6376_,1,tier1,tier0,exact
_6377_,_6377_,1,tier1,tier0,exact
_6378_,_6378_,1,tier1,tier0,exact
_6379_,_6379_,1,tier1,tier0,exact
_6380_,_6380_,1,tier1,tier0,exact
_6381_,_6381_,1,tier1,tier0,exact
_6382_,_6382_,1,tier1,tier0,exact
_6383_,_6383_,1,tier1,tier0,exact
_6384_,_6384_,1,tier1,tier0,exact
_6385_,_6385_,1,tier1,tier0,exact
_6386_,_6386_,1,tier1,tier0,exact
_6387_,_6387_,1,tier1,tier0,exact
_6388_,_6388_,1,tier1,tier0,exact
_6389_,_6389_,1,tier1,tier0,exact
_6390_,_6390_,1,tier1,tier0,exact
_6391_,_6391_,1,tier1,tier0,exact
_6392_,_6392_,1,tier1,tier0,exact
_6393_,_6393_,1,tier1,tier0,exact
_6394_,_6394_,1,tier1,tier0,exact
_6395_,_6395_,1,tier1,tier0,exact
_6396_,_6396_,1,tier1,tier0,exact
_6397_,_6397_,1,tier1,tier0,exact
_6398_,_6398_,1,tier1,tier0,exact
_6399_,_6399_,1,tier1,tier0,exact
_6400_,_6400_,1,tier1,tier0,exact
_6401_,_6401_,1,tier1,tier0,exact
_6402_,_6402_,1,tier1,tier0,exact
_6403_,_6403_,1,tier1,tier0,exact
_6404_,_6404_,1,tier1,tier0,exact
_6405_,_6405_,1,tier1,tier0,exact
_6406_,_6406_,1,tier1,tier0,exact
_6407_,_6407_,1,tier1,tier0,exact
_6408_,_6408_,1,tier1,tier0,exact
_6409_,_6409_,1,tier1,tier0,exact
_6410_,_6410_,1,tier1,tier0,exact
_6411_,_6411_,1,tier1,tier0,exact
_6412_,_6412_,1,tier1,tier0,exact
_6413_,_6413_,1,tier1,tier0,exact
_6414_,_6414_,1,tier1,tier0,exact
_6415_,_6415_,1,tier1,tier0,exact
_6416_,_6416_,1,tier1,tier0,exact
_6417_,_6417_,1,tier1,tier0,exact
_6418_,_6418_,1,tier1,tier0,exact
_6419_,_6419_,1,tier1,tier0,exact
_6420_,_6420_,1,tier1,tier0,exact
_6421_,_6421_,1,tier1,tier0,exact
_6422_,_6422_,1,tier1,tier0,exact
_6423_,_6423_,1,tier1,tier0,exact
_6424_,_6424_,1,tier1,tier0,exact
_6425_,_6425_,1,tier1,tier0,exact
_6426_,_6426_,1,tier1,tier0,exact
_6427_,_6427_,1,tier1,tier0,exact
_6428_,_6428_,1,tier1,tier0,exact
_6429_,_6429_,1,tier1,tier0,exact
_6430_,_6430_,1,tier1,tier0,exact
_6431_,_6431_,1,tier1,tier0,exact
_6432_,_6432_,1,tier1,tier0,exact
_6433_,_6433_,1,tier1,tier0,exact
_6434_,_6434_,1,tier1,tier0,exact
_6435_,_6435_,1,tier1,tier0,exact
_6436_,_6436_,1,tier1,tier0,exact
_6437_,_6437_,1,tier1,tier0,exact
_6438_,_6438_,1,tier1,tier0,exact
_6439_,_6439_,1,tier1,tier0,exact
_6440_,_6440_,1,tier1,tier0,exact
_6441_,_6441_,1,tier1,tier0,exact
_6442_,_6442_,1,tier1,tier0,exact
_6443_,_6443_,1,tier1,tier0,exact
_6444_,_6444_,1,tier1,tier0,exact
_6445_,_6445_,1,tier1,tier0,exact
_6446_,_6446_,1,tier1,tier0,exact
_6447_,_6447_,1,tier1,tier0,exact
_6448_,_6448_,1,tier1,tier0,exact
_6449_,_6449_,1,tier1,tier0,exact
_6450_,_6450_,1,tier1,tier0,exact
_6451_,_6451_,1,tier1,tier0,exact
_6452_,_6452_,1,tier1,tier0,exact
_6453_,_6453_,1,tier1,tier0,exact
_6454_,_6454_,1,tier1,tier0,exact
_6455_,_6455_,1,tier1,tier0,exact
_6456_,_6456_,1,tier1,tier0,exact
_6457_,_6457_,1,tier1,tier0,exact
_6458_,_6458_,1,tier1,tier0,exact
_6459_,_6459_,1,tier1,tier0,exact
_6460_,_6460_,1,tier1,tier0,exact
_6461_,_6461_,1,tier1,tier0,exact
_6462_,_6462_,1,tier1,tier0,exact
_6463_,_6463_,1,tier1,tier0,exact
_6464_,_6464_,1,tier1,tier0,exact
_6465_,_6465_,1,tier1,tier0,exact
_6466_,_6466_,1,tier1,tier0,exact
_6467_,_6467_,1,tier1,tier0,exact
_6468_,_6468_,1,tier1,tier0,exact
_6469_,_6469_,1,tier1,tier0,exact
_6470_,_6470_,1,tier1,tier0,exact
_6471_,_6471_,1,tier1,tier0,exact
_6472_,_6472_,1,tier1,tier0,exact
_6473_,_6473_,1,tier1,tier0,exact
_6474_,_6474_,1,tier1,tier0,exact
_6475_,_6475_,1,tier1,tier0,exact
_6476_,_6476_,1,tier1,tier0,exact
_6477_,_6477_,1,tier1,tier0,exact
_6478_,_6478_,1,tier1,tier0,exact
_6479_,_6479_,1,tier1,tier0,exact
_6480_,_6480_,1,tier1,tier0,exact
_6481_,_6481_,1,tier1,tier0,exact
_6482_,_6482_,1,tier1,tier0,exact
_6483_,_6483_,1,tier1,tier0,exact
_6484_,_6484_,1,tier1,tier0,exact
_6485_,_6485_,1,tier1,tier0,exact
_6486_,_6486_,1,tier1,tier0,exact
_6487_,_6487_,1,tier1,tier0,exact
_6488_,_6488_,1,tier1,tier0,exact
_6489_,_6489_,1,tier1,tier0,exact
_6490_,_6490_,1,tier1,tier0,exact
_6491_,_6491_,1,tier1,tier0,exact
_6492_,_6492_,1,tier1,tier0,exact
_6493_,_6493_,1,tier1,tier0,exact
_6494_,_6494_,1,tier1,tier0,exact
_6495_,_6495_,1,tier1,tier0,exact
_6496_,_6496_,1,tier1,tier0,exact
_6497_,_6497_,1,tier1,tier0,exact
_6498_,_6498_,1,tier1,tier0,exact
_6499_,_6499_,1,tier1,tier0,exact
_6500_,_6500_,1,tier1,tier0,exact
_6501_,_6501_,1,tier1,tier0,exact
_6502_,_6502_,1,tier1,tier0,exact
_6503_,_6503_,1,tier1,tier0,exact
_6504_,_6504_,1,tier1,tier0,exact
_6505_,_6505_,1,tier1,tier0,exact
_6506_,_6506_,1,tier1,tier0,exact
_6507_,_6507_,1,tier1,tier0,exact
_6508_,_6508_,1,tier1,tier0,exact
_6509_,_6509_,1,tier1,tier0,exact
_6510_,_6510_,1,tier1,tier0,exact
_6511_,_6511_,1,tier1,tier0,exact
_6512_,_6512_,1,tier1,tier0,exact
_6513_,_6513_,1,tier1,tier0,exact
_6514_,_6514_,1,tier1,tier0,exact
_6515_,_6515_,1,tier1,tier0,exact
_6516_,_6516_,1,tier1,tier0,exact
_6517_,_6517_,1,tier1,tier0,exact
_6518_,_6518_,1,tier1,tier0,exact
_6519_,_6519_,1,tier1,tier0,exact
_6520_,_6520_,1,tier1,tier0,exact
_6521_,_6521_,1,tier1,tier0,exact
_6522_,_6522_,1,tier1,tier0,exact
_6523_,_6523_,1,tier1,tier0,exact
_6524_,_6524_,1,tier1,tier0,exact
_6525_,_6525_,1,tier1,tier0,exact
_6526_,_6526_,1,tier1,tier0,exact
_6527_,_6527_,1,tier1,tier0,exact
_6528_,_6528_,1,tier1,tier0,exact
_6529_,_6529_,1,tier1,tier0,exact
_6530_,_6530_,1,tier1,tier0,exact
_6531_,_6531_,1,tier1,tier0,exact
_6532_,_6532_,1,tier1,tier0,exact
_6533_,_6533_,1,tier1,tier0,exact
_6534_,_6534_,1,tier1,tier0,exact
_6535_,_6535_,1,tier1,tier0,exact
_6536_,_6536_,1,tier1,tier0,exact
_6537_,_6537_,1,tier1,tier0,exact
_6539_,_6539_,1,tier1,tier0,exact
_6540_,_6540_,1,tier1,tier0,exact
_6541_,_6541_,1,tier1,tier0,exact
_6542_,_6542_,1,tier1,tier0,exact
_6543_,_6543_,1,tier1,tier0,exact
_6544_,_6544_,1,tier1,tier0,exact
_6545_,_6545_,1,tier1,tier0,exact
_6546_,_6546_,1,tier1,tier0,exact
_6547_,_6547_,1,tier1,tier0,exact
_6548_,_6548_,1,tier1,tier0,exact
_6549_,_6549_,1,tier1,tier0,exact
_6550_,_6550_,1,tier1,tier0,exact
_6551_,_6551_,1,tier1,tier0,exact
_6552_,_6552_,1,tier1,tier0,exact
_6553_,_6553_,1,tier1,tier0,exact
_6554_,_6554_,1,tier1,tier0,exact
_6555_,_6555_,1,tier1,tier0,exact
_6556_,_6556_,1,tier1,tier0,exact
_6557_,_6557_,1,tier1,tier0,exact
_6558_,_6558_,1,tier1,tier0,exact
_6559_,_6559_,1,tier1,tier0,exact
_6560_,_6560_,1,tier1,tier0,exact
_6561_,_6561_,1,tier1,tier0,exact
_6562_,_6562_,1,tier1,tier0,exact
_6563_,_6563_,1,tier1,tier0,exact
_6564_,_6564_,1,tier1,tier0,exact
_6565_,_6565_,1,tier1,tier0,exact
_6566_,_6566_,1,tier1,tier0,exact
_6567_,_6567_,1,tier1,tier0,exact
_6568_,_6568_,1,tier1,tier0,exact
_6569_,_6569_,1,tier1,tier0,exact
_6570_,_6570_,1,tier1,tier0,exact
_6571_,_6571_,1,tier1,tier0,exact
_6572_,_6572_,1,tier1,tier0,exact
_6573_,_6573_,1,tier1,tier0,exact
_6574_,_6574_,1,tier1,tier0,exact
_6575_,_6575_,1,tier1,tier0,exact
_6576_,_6576_,1,tier1,tier0,exact
_6577_,_6577_,1,tier1,tier0,exact
_6578_,_6578_,1,tier1,tier0,exact
_6579_,_6579_,1,tier1,tier0,exact
_6580_,_6580_,1,tier1,tier0,exact
_6581_,_6581_,1,tier1,tier0,exact
_6582_,_6582_,1,tier1,tier0,exact
_6583_,_6583_,1,tier1,tier0,exact
_6584_,_6584_,1,tier1,tier0,exact
_6585_,_6585_,1,tier1,tier0,exact
_6586_,_6586_,1,tier1,tier0,exact
_6587_,_6587_,1,tier1,tier0,exact
_6588_,_6588_,1,tier1,tier0,exact
_6589_,_6589_,1,tier1,tier0,exact
_6590_,_6590_,1,tier1,tier0,exact
_6591_,_6591_,1,tier1,tier0,exact
_6592_,_6592_,1,tier1,tier0,exact
_6593_,_6593_,1,tier1,tier0,exact
_6594_,_6594_,1,tier1,tier0,exact
_6595_,_6595_,1,tier1,tier0,exact
_6596_,_6596_,1,tier1,tier0,exact
_6597_,_6597_,1,tier1,tier0,exact
_6598_,_6598_,1,tier1,tier0,exact
_6599_,_6599_,1,tier1,tier0,exact
_6600_,_6600_,1,tier1,tier0,exact
_6601_,_6601_,1,tier1,tier0,exact
_6602_,_6602_,1,tier1,tier0,exact
_6603_,_6603_,1,tier1,tier0,exact
_6604_,_6604_,1,tier1,tier0,exact
_6605_,_6605_,1,tier1,tier0,exact
_6606_,_6606_,1,tier1,tier0,exact
_6607_,_6607_,1,tier1,tier0,exact
_6608_,_6608_,1,tier1,tier0,exact
_6609_,_6609_,1,tier1,tier0,exact
_6610_,_6610_,1,tier1,tier0,exact
_6611_,_6611_,1,tier1,tier0,exact
_6612_,_6612_,1,tier1,tier0,exact
_6613_,_6613_,1,tier1,tier0,exact
_6614_,_6614_,1,tier1,tier0,exact
_6615_,_6615_,1,tier1,tier0,exact
_6616_,_6616_,1,tier1,tier0,exact
_6617_,_6617_,1,tier1,tier0,exact
_6618_,_6618_,1,tier1,tier0,exact
_6619_,_6619_,1,tier1,tier0,exact
_6620_,_6620_,1,tier1,tier0,exact
_6621_,_6621_,1,tier1,tier0,exact
_6622_,_6622_,1,tier1,tier0,exact
_6623_,_6623_,1,tier1,tier0,exact
_6624_,_6624_,1,tier1,tier0,exact
_6625_,_6625_,1,tier1,tier0,exact
_6626_,_6626_,1,tier1,tier0,exact
_6627_,_6627_,1,tier1,tier0,exact
_6628_,_6628_,1,tier1,tier0,exact
_6629_,_6629_,1,tier1,tier0,exact
_6630_,_6630_,1,tier1,tier0,exact
_6631_,_6631_,1,tier1,tier0,exact
_6632_,_6632_,1,tier1,tier0,exact
_6633_,_6633_,1,tier1,tier0,exact
_6634_,_6634_,1,tier1,tier0,exact
_6635_,_6635_,1,tier1,tier0,exact
_6636_,_6636_,1,tier1,tier0,exact
_6637_,_6637_,1,tier1,tier0,exact
_6638_,_6638_,1,tier1,tier0,exact
_6639_,_6639_,1,tier1,tier0,exact
_6640_,_6640_,1,tier1,tier0,exact
_6641_,_6641_,1,tier1,tier0,exact
_6642_,_6642_,1,tier1,tier0,exact
_6643_,_6643_,1,tier1,tier0,exact
_6644_,_6644_,1,tier1,tier0,exact
_6645_,_6645_,1,tier1,tier0,exact
_6646_,_6646_,1,tier1,tier0,exact
_6647_,_6647_,1,tier1,tier0,exact
_6648_,_6648_,1,tier1,tier0,exact
_6649_,_6649_,1,tier1,tier0,exact
_6650_,_6650_,1,tier1,tier0,exact
_6651_,_6651_,1,tier1,tier0,exact
_6652_,_6652_,1,tier1,tier0,exact
_6653_,_6653_,1,tier1,tier0,exact
_6654_,_6654_,1,tier1,tier0,exact
_6655_,_6655_,1,tier1,tier0,exact
_6656_,_6656_,1,tier1,tier0,exact
_6657_,_6657_,1,tier1,tier0,exact
_6658_,_6658_,1,tier1,tier0,exact
_6659_,_6659_,1,tier1,tier0,exact
_6660_,_6660_,1,tier1,tier0,exact
_6661_,_6661_,1,tier1,tier0,exact
_6662_,_6662_,1,tier1,tier0,exact
_6663_,_6663_,1,tier1,tier0,exact
_6664_,_6664_,1,tier1,tier0,exact
_6665_,_6665_,1,tier1,tier0,exact
_6666_,_6666_,1,tier1,tier0,exact
_6667_,_6667_,1,tier1,tier0,exact
_6668_,_6668_,1,tier1,tier0,exact
_6669_,_6669_,1,tier1,tier0,exact
_6670_,_6670_,1,tier1,tier0,exact
_6671_,_6671_,1,tier1,tier0,exact
_6672_,_6672_,1,tier1,tier0,exact
_6673_,_6673_,1,tier1,tier0,exact
_6674_,_6674_,1,tier1,tier0,exact
_6675_,_6675_,1,tier1,tier0,exact
_6676_,_6676_,1,tier1,tier0,exact
_6677_,_6677_,1,tier1,tier0,exact
_6678_,_6678_,1,tier1,tier0,exact
_6679_,_6679_,1,tier1,tier0,exact
_6680_,_6680_,1,tier1,tier0,exact
_6681_,_6681_,1,tier1,tier0,exact
_6682_,_6682_,1,tier1,tier0,exact
_6683_,_6683_,1,tier1,tier0,exact
_6684_,_6684_,1,tier1,tier0,exact
_6685_,_6685_,1,tier1,tier0,exact
_6686_,_6686_,1,tier1,tier0,exact
_6687_,_6687_,1,tier1,tier0,exact
_6688_,_6688_,1,tier1,tier0,exact
_6689_,_6689_,1,tier1,tier0,exact
_6690_,_6690_,1,tier1,tier0,exact
_6691_,_6691_,1,tier1,tier0,exact
_6692_,_6692_,1,tier1,tier0,exact
_6693_,_6693_,1,tier1,tier0,exact
_6694_,_6694_,1,tier1,tier0,exact
_6695_,_6695_,1,tier1,tier0,exact
_6696_,_6696_,1,tier1,tier0,exact
_6697_,_6697_,1,tier1,tier0,exact
_6698_,_6698_,1,tier1,tier0,exact
_6699_,_6699_,1,tier1,tier0,exact
_6700_,_6700_,1,tier1,tier0,exact
_6701_,_6701_,1,tier1,tier0,exact
_6702_,_6702_,1,tier1,tier0,exact
_6703_,_6703_,1,tier1,tier0,exact
_6704_,_6704_,1,tier1,tier0,exact
_6705_,_6705_,1,tier1,tier0,exact
_6706_,_6706_,1,tier1,tier0,exact
_6707_,_6707_,1,tier1,tier0,exact
_6708_,_6708_,1,tier1,tier0,exact
_6709_,_6709_,1,tier1,tier0,exact
_6710_,_6710_,1,tier1,tier0,exact
_6711_,_6711_,1,tier1,tier0,exact
_6712_,_6712_,1,tier1,tier0,exact
_6713_,_6713_,1,tier1,tier0,exact
_6714_,_6714_,1,tier1,tier0,exact
_6715_,_6715_,1,tier1,tier0,exact
_6716_,_6716_,1,tier1,tier0,exact
_6717_,_6717_,1,tier1,tier0,exact
_6718_,_6718_,1,tier1,tier0,exact
_6719_,_6719_,1,tier1,tier0,exact
_6720_,_6720_,1,tier1,tier0,exact
_6721_,_6721_,1,tier1,tier0,exact
_6722_,_6722_,1,tier1,tier0,exact
_6723_,_6723_,1,tier1,tier0,exact
_6724_,_6724_,1,tier1,tier0,exact
_6725_,_6725_,1,tier1,tier0,exact
_6726_,_6726_,1,tier1,tier0,exact
_6727_,_6727_,1,tier1,tier0,exact
_6728_,_6728_,1,tier1,tier0,exact
_6729_,_6729_,1,tier1,tier0,exact
_6730_,_6730_,1,tier1,tier0,exact
_6731_,_6731_,1,tier1,tier0,exact
_6732_,_6732_,1,tier1,tier0,exact
_6733_,_6733_,1,tier1,tier0,exact
_6734_,_6734_,1,tier1,tier0,exact
_6735_,_6735_,1,tier1,tier0,exact
_6736_,_6736_,1,tier1,tier0,exact
_6737_,_6737_,1,tier1,tier0,exact
_6738_,_6738_,1,tier1,tier0,exact
_6739_,_6739_,1,tier1,tier0,exact
_6740_,_6740_,1,tier1,tier0,exact
_6741_,_6741_,1,tier1,tier0,exact
_6742_,_6742_,1,tier1,tier0,exact
_6743_,_6743_,1,tier1,tier0,exact
_6744_,_6744_,1,tier1,tier0,exact
_6745_,_6745_,1,tier1,tier0,exact
_6746_,_6746_,1,tier1,tier0,exact
_6747_,_6747_,1,tier1,tier0,exact
_6748_,_6748_,1,tier1,tier0,exact
_6749_,_6749_,1,tier1,tier0,exact
_6750_,_6750_,1,tier1,tier0,exact
_6751_,_6751_,1,tier1,tier0,exact
_6752_,_6752_,1,tier1,tier0,exact
_6753_,_6753_,1,tier1,tier0,exact
_6754_,_6754_,1,tier1,tier0,exact
_6755_,_6755_,1,tier1,tier0,exact
_6756_,_6756_,1,tier1,tier0,exact
_6757_,_6757_,1,tier1,tier0,exact
_6758_,_6758_,1,tier1,tier0,exact
_6759_,_6759_,1,tier1,tier0,exact
_6760_,_6760_,1,tier1,tier0,exact
_6761_,_6761_,1,tier1,tier0,exact
_6762_,_6762_,1,tier1,tier0,exact
_6763_,_6763_,1,tier1,tier0,exact
_6764_,_6764_,1,tier1,tier0,exact
_6765_,_6765_,1,tier1,tier0,exact
_6766_,_6766_,1,tier1,tier0,exact
_6767_,_6767_,1,tier1,tier0,exact
_6768_,_6768_,1,tier1,tier0,exact
_6769_,_6769_,1,tier1,tier0,exact
_6770_,_6770_,1,tier1,tier0,exact
_6771_,_6771_,1,tier1,tier0,exact
_6772_,_6772_,1,tier1,tier0,exact
_6773_,_6773_,1,tier1,tier0,exact
_6774_,_6774_,1,tier1,tier0,exact
_6775_,_6775_,1,tier1,tier0,exact
_6776_,_6776_,1,tier1,tier0,exact
_6777_,_6777_,1,tier1,tier0,exact
_6778_,_6778_,1,tier1,tier0,exact
_6779_,_6779_,1,tier1,tier0,exact
_6780_,_6780_,1,tier1,tier0,exact
_6781_,_6781_,1,tier1,tier0,exact
_6782_,_6782_,1,tier1,tier0,exact
_6783_,_6783_,1,tier1,tier0,exact
_6784_,_6784_,1,tier1,tier0,exact
_6785_,_6785_,1,tier1,tier0,exact
_6786_,_6786_,1,tier1,tier0,exact
_6787_,_6787_,1,tier1,tier0,exact
_6788_,_6788_,1,tier1,tier0,exact
_6789_,_6789_,1,tier1,tier0,exact
_6790_,_6790_,1,tier1,tier0,exact
_6791_,_6791_,1,tier1,tier0,exact
_6792_,_6792_,1,tier1,tier0,exact
_6793_,_6793_,1,tier1,tier0,exact
_6794_,_6794_,1,tier1,tier0,exact
_6795_,_6795_,1,tier1,tier0,exact
_6796_,_6796_,1,tier1,tier0,exact
_6797_,_6797_,1,tier1,tier0,exact
_6798_,_6798_,1,tier1,tier0,exact
_6799_,_6799_,1,tier1,tier0,exact
_6800_,_6800_,1,tier1,tier0,exact
_6801_,_6801_,1,tier1,tier0,exact
_6802_,_6802_,1,tier1,tier0,exact
_6803_,_6803_,1,tier1,tier0,exact
_6804_,_6804_,1,tier1,tier0,exact
_6805_,_6805_,1,tier1,tier0,exact
_6806_,_6806_,1,tier1,tier0,exact
_6807_,_6807_,1,tier1,tier0,exact
_6808_,_6808_,1,tier1,tier0,exact
_6809_,_6809_,1,tier1,tier0,exact
_6810_,_6810_,1,tier1,tier0,exact
_6811_,_6811_,1,tier1,tier0,exact
_6812_,_6812_,1,tier1,tier0,exact
_6813_,_6813_,1,tier1,tier0,exact
_6814_,_6814_,1,tier1,tier0,exact
_6815_,_6815_,1,tier1,tier0,exact
_6816_,_6816_,1,tier1,tier0,exact
_6817_,_6817_,1,tier1,tier0,exact
_6818_,_6818_,1,tier1,tier0,exact
_6819_,_6819_,1,tier1,tier0,exact
_6820_,_6820_,1,tier1,tier0,exact
_6821_,_6821_,1,tier1,tier0,exact
_6822_,_6822_,1,tier1,tier0,exact
_6823_,_6823_,1,tier1,tier0,exact
_6824_,_6824_,1,tier1,tier0,exact
_6825_,_6825_,1,tier1,tier0,exact
_6826_,_6826_,1,tier1,tier0,exact
_6827_,_6827_,1,tier1,tier0,exact
_6828_,_6828_,1,tier1,tier0,exact
_6829_,_6829_,1,tier1,tier0,exact
_6830_,_6830_,1,tier1,tier0,exact
_6831_,_6831_,1,tier1,tier0,exact
_6832_,_6832_,1,tier1,tier0,exact
_6833_,_6833_,1,tier1,tier0,exact
_6834_,_6834_,1,tier1,tier0,exact
_6835_,_6835_,1,tier1,tier0,exact
_6836_,_6836_,1,tier1,tier0,exact
_6837_,_6837_,1,tier1,tier0,exact
_6838_,_6838_,1,tier1,tier0,exact
_6839_,_6839_,1,tier1,tier0,exact
_6840_,_6840_,1,tier1,tier0,exact
_6841_,_6841_,1,tier1,tier0,exact
_6842_,_6842_,1,tier1,tier0,exact
_6843_,_6843_,1,tier1,tier0,exact
_6844_,_6844_,1,tier1,tier0,exact
_6845_,_6845_,1,tier1,tier0,exact
_6847_,_6847_,1,tier1,tier0,exact
_6848_,_6848_,1,tier1,tier0,exact
_6849_,_6849_,1,tier1,tier0,exact
_6850_,_6850_,1,tier1,tier0,exact
_6851_,_6851_,1,tier1,tier0,exact
_6852_,_6852_,1,tier1,tier0,exact
_6853_,_6853_,1,tier1,tier0,exact
_6854_,_6854_,1,tier1,tier0,exact
_6855_,_6855_,1,tier1,tier0,exact
_6856_,_6856_,1,tier1,tier0,exact
_6857_,_6857_,1,tier1,tier0,exact
_6858_,_6858_,1,tier1,tier0,exact
_6859_,_6859_,1,tier1,tier0,exact
_6860_,_6860_,1,tier1,tier0,exact
_6861_,_6861_,1,tier1,tier0,exact
_6862_,_6862_,1,tier1,tier0,exact
_6863_,_6863_,1,tier1,tier0,exact
_6864_,_6864_,1,tier1,tier0,exact
_6865_,_6865_,1,tier1,tier0,exact
_6866_,_6866_,1,tier1,tier0,exact
_6867_,_6867_,1,tier1,tier0,exact
_6868_,_6868_,1,tier1,tier0,exact
_6869_,_6869_,1,tier1,tier0,exact
_6870_,_6870_,1,tier1,tier0,exact
_6871_,_6871_,1,tier1,tier0,exact
_6872_,_6872_,1,tier1,tier0,exact
_6873_,_6873_,1,tier1,tier0,exact
_6874_,_6874_,1,tier1,tier0,exact
_6875_,_6875_,1,tier1,tier0,exact
_6877_,_6877_,1,tier1,tier0,exact
_6878_,_6878_,1,tier1,tier0,exact
_6879_,_6879_,1,tier1,tier0,exact
_6880_,_6880_,1,tier1,tier0,exact
_6881_,_6881_,1,tier1,tier0,exact
_6882_,_6882_,1,tier1,tier0,exact
_6883_,_6883_,1,tier1,tier0,exact
_6884_,_6884_,1,tier1,tier0,exact
_6885_,_6885_,1,tier1,tier0,exact
_6886_,_6886_,1,tier1,tier0,exact
_6887_,_6887_,1,tier1,tier0,exact
_6888_,_6888_,1,tier1,tier0,exact
_6889_,_6889_,1,tier1,tier0,exact
_6890_,_6890_,1,tier1,tier0,exact
_6891_,_6891_,1,tier1,tier0,exact
_6892_,_6892_,1,tier1,tier0,exact
_6893_,_6893_,1,tier1,tier0,exact
_6894_,_6894_,1,tier1,tier0,exact
_6895_,_6895_,1,tier1,tier0,exact
_6896_,_6896_,1,tier1,tier0,exact
_6897_,_6897_,1,tier1,tier0,exact
_6898_,_6898_,1,tier1,tier0,exact
_6899_,_6899_,1,tier1,tier0,exact
_6900_,_6900_,1,tier1,tier0,exact
_6901_,_6901_,1,tier1,tier0,exact
_6902_,_6902_,1,tier1,tier0,exact
_6903_,_6903_,1,tier1,tier0,exact
_6904_,_6904_,1,tier1,tier0,exact
_6905_,_6905_,1,tier1,tier0,exact
_6906_,_6906_,1,tier1,tier0,exact
_6907_,_6907_,1,tier1,tier0,exact
_6908_,_6908_,1,tier1,tier0,exact
_6909_,_6909_,1,tier1,tier0,exact
_6910_,_6910_,1,tier1,tier0,exact
_6911_,_6911_,1,tier1,tier0,exact
_6912_,_6912_,1,tier1,tier0,exact
_6913_,_6913_,1,tier1,tier0,exact
_6914_,_6914_,1,tier1,tier0,exact
_6915_,_6915_,1,tier1,tier0,exact
_6916_,_6916_,1,tier1,tier0,exact
_6917_,_6917_,1,tier1,tier0,exact
_6918_,_6918_,1,tier1,tier0,exact
_6919_,_6919_,1,tier1,tier0,exact
_6920_,_6920_,1,tier1,tier0,exact
_6922_,_6922_,1,tier1,tier0,exact
_6923_,_6923_,1,tier1,tier0,exact
_6924_,_6924_,1,tier1,tier0,exact
_6925_,_6925_,1,tier1,tier0,exact
_6926_,_6926_,1,tier1,tier0,exact
_6927_,_6927_,1,tier1,tier0,exact
_6928_,_6928_,1,tier1,tier0,exact
_6929_,_6929_,1,tier1,tier0,exact
_6930_,_6930_,1,tier1,tier0,exact
_6931_,_6931_,1,tier1,tier0,exact
_6932_,_6932_,1,tier1,tier0,exact
_6933_,_6933_,1,tier1,tier0,exact
_6934_,_6934_,1,tier1,tier0,exact
_6935_,_6935_,1,tier1,tier0,exact
_6936_,_6936_,1,tier1,tier0,exact
_6937_,_6937_,1,tier1,tier0,exact
_6938_,_6938_,1,tier1,tier0,exact
_6939_,_6939_,1,tier1,tier0,exact
_6940_,_6940_,1,tier1,tier0,exact
_6941_,_6941_,1,tier1,tier0,exact
_6942_,_6942_,1,tier1,tier0,exact
_6943_,_6943_,1,tier1,tier0,exact
_6944_,_6944_,1,tier1,tier0,exact
_6945_,_6945_,1,tier1,tier0,exact
_6946_,_6946_,1,tier1,tier0,exact
_6947_,_6947_,1,tier1,tier0,exact
_6948_,_6948_,1,tier1,tier0,exact
_6949_,_6949_,1,tier1,tier0,exact
_6950_,_6950_,1,tier1,tier0,exact
_6951_,_6951_,1,tier1,tier0,exact
_6952_,_6952_,1,tier1,tier0,exact
_6953_,_6953_,1,tier1,tier0,exact
_6954_,_6954_,1,tier1,tier0,exact
_6955_,_6955_,1,tier1,tier0,exact
_6956_,_6956_,1,tier1,tier0,exact
_6957_,_6957_,1,tier1,tier0,exact
_6958_,_6958_,1,tier1,tier0,exact
_6959_,_6959_,1,tier1,tier0,exact
_6960_,_6960_,1,tier1,tier0,exact
_6961_,_6961_,1,tier1,tier0,exact
_6962_,_6962_,1,tier1,tier0,exact
_6963_,_6963_,1,tier1,tier0,exact
_6964_,_6964_,1,tier1,tier0,exact
_6965_,_6965_,1,tier1,tier0,exact
_6966_,_6966_,1,tier1,tier0,exact
_6967_,_6967_,1,tier1,tier0,exact
_6968_,_6968_,1,tier1,tier0,exact
_6969_,_6969_,1,tier1,tier0,exact
_6970_,_6970_,1,tier1,tier0,exact
_6971_,_6971_,1,tier1,tier0,exact
_6972_,_6972_,1,tier1,tier0,exact
_6973_,_6973_,1,tier1,tier0,exact
_6974_,_6974_,1,tier1,tier0,exact
_6975_,_6975_,1,tier1,tier0,exact
_6976_,_6976_,1,tier1,tier0,exact
_6977_,_6977_,1,tier1,tier0,exact
_6978_,_6978_,1,tier1,tier0,exact
_6979_,_6979_,1,tier1,tier0,exact
_6980_,_6980_,1,tier1,tier0,exact
_6981_,_6981_,1,tier1,tier0,exact
_6982_,_6982_,1,tier1,tier0,exact
_6983_,_6983_,1,tier1,tier0,exact
_6984_,_6984_,1,tier1,tier0,exact
_6985_,_6985_,1,tier1,tier0,exact
_6986_,_6986_,1,tier1,tier0,exact
_6987_,_6987_,1,tier1,tier0,exact
_6988_,_6988_,1,tier1,tier0,exact
_6989_,_6989_,1,tier1,tier0,exact
_6990_,_6990_,1,tier1,tier0,exact
_6991_,_6991_,1,tier1,tier0,exact
_6992_,_6992_,1,tier1,tier0,exact
_6993_,_6993_,1,tier1,tier0,exact
_6994_,_6994_,1,tier1,tier0,exact
_6995_,_6995_,1,tier1,tier0,exact
_6996_,_6996_,1,tier1,tier0,exact
_6997_,_6997_,1,tier1,tier0,exact
_6998_,_6998_,1,tier1,tier0,exact
_6999_,_6999_,1,tier1,tier0,exact
_7000_,_7000_,1,tier1,tier0,exact
_7001_,_7001_,1,tier1,tier0,exact
_7002_,_7002_,1,tier1,tier0,exact
_7003_,_7003_,1,tier1,tier0,exact
_7004_,_7004_,1,tier1,tier0,exact
_7005_,_7005_,1,tier1,tier0,exact
_7006_,_7006_,1,tier1,tier0,exact
_7007_,_7007_,1,tier1,tier0,exact
_7008_,_7008_,1,tier1,tier0,exact
_7009_,_7009_,1,tier1,tier0,exact
_7010_,_7010_,1,tier1,tier0,exact
_7011_,_7011_,1,tier1,tier0,exact
_7012_,_7012_,1,tier1,tier0,exact
_7013_,_7013_,1,tier1,tier0,exact
_7014_,_7014_,1,tier1,tier0,exact
_7015_,_7015_,1,tier1,tier0,exact
_7016_,_7016_,1,tier1,tier0,exact
_7017_,_7017_,1,tier1,tier0,exact
_7018_,_7018_,1,tier1,tier0,exact
_7020_,_7020_,1,tier1,tier0,exact
_7021_,_7021_,1,tier1,tier0,exact
_7022_,_7022_,1,tier1,tier0,exact
_7023_,_7023_,1,tier1,tier0,exact
_7024_,_7024_,1,tier1,tier0,exact
_7025_,_7025_,1,tier1,tier0,exact
_7026_,_7026_,1,tier1,tier0,exact
_7027_,_7027_,1,tier1,tier0,exact
_7028_,_7028_,1,tier1,tier0,exact
_7029_,_7029_,1,tier1,tier0,exact
_7030_,_7030_,1,tier1,tier0,exact
_7031_,_7031_,1,tier1,tier0,exact
_7032_,_7032_,1,tier1,tier0,exact
_7033_,_7033_,1,tier1,tier0,exact
_7034_,_7034_,1,tier1,tier0,exact
_7035_,_7035_,1,tier1,tier0,exact
_7036_,_7036_,1,tier1,tier0,exact
_7037_,_7037_,1,tier1,tier0,exact
_7038_,_7038_,1,tier1,tier0,exact
_7039_,_7039_,1,tier1,tier0,exact
_7040_,_7040_,1,tier1,tier0,exact
_7041_,_7041_,1,tier1,tier0,exact
_7042_,_7042_,1,tier1,tier0,exact
_7043_,_7043_,1,tier1,tier0,exact
_7044_,_7044_,1,tier1,tier0,exact
_7045_,_7045_,1,tier1,tier0,exact
_7046_,_7046_,1,tier1,tier0,exact
_7047_,_7047_,1,tier1,tier0,exact
_7048_,_7048_,1,tier1,tier0,exact
_7049_,_7049_,1,tier1,tier0,exact
_7050_,_7050_,1,tier1,tier0,exact
_7051_,_7051_,1,tier1,tier0,exact
_7052_,_7052_,1,tier1,tier0,exact
_7053_,_7053_,1,tier1,tier0,exact
_7054_,_7054_,1,tier1,tier0,exact
_7055_,_7055_,1,tier1,tier0,exact
_7056_,_7056_,1,tier1,tier0,exact
_7057_,_7057_,1,tier1,tier0,exact
_7058_,_7058_,1,tier1,tier0,exact
_7059_,_7059_,1,tier1,tier0,exact
_7060_,_7060_,1,tier1,tier0,exact
_7061_,_7061_,1,tier1,tier0,exact
_7062_,_7062_,1,tier1,tier0,exact
_7063_,_7063_,1,tier1,tier0,exact
_7064_,_7064_,1,tier1,tier0,exact
_7065_,_7065_,1,tier1,tier0,exact
_7066_,_7066_,1,tier1,tier0,exact
_7067_,_7067_,1,tier1,tier0,exact
_7068_,_7068_,1,tier1,tier0,exact
_7069_,_7069_,1,tier1,tier0,exact
_7070_,_7070_,1,tier1,tier0,exact
_7071_,_7071_,1,tier1,tier0,exact
_7072_,_7072_,1,tier1,tier0,exact
_7073_,_7073_,1,tier1,tier0,exact
_7074_,_7074_,1,tier1,tier0,exact
_7075_,_7075_,1,tier1,tier0,exact
_7076_,_7076_,1,tier1,tier0,exact
_7077_,_7077_,1,tier1,tier0,exact
_7078_,_7078_,1,tier1,tier0,exact
_7079_,_7079_,1,tier1,tier0,exact
_7080_,_7080_,1,tier1,tier0,exact
_7081_,_7081_,1,tier1,tier0,exact
_7082_,_7082_,1,tier1,tier0,exact
_7083_,_7083_,1,tier1,tier0,exact
_7084_,_7084_,1,tier1,tier0,exact
_7085_,_7085_,1,tier1,tier0,exact
_7086_,_7086_,1,tier1,tier0,exact
_7087_,_7087_,1,tier1,tier0,exact
_7088_,_7088_,1,tier1,tier0,exact
_7089_,_7089_,1,tier1,tier0,exact
_7090_,_7090_,1,tier1,tier0,exact
_7091_,_7091_,1,tier1,tier0,exact
_7092_,_7092_,1,tier1,tier0,exact
_7093_,_7093_,1,tier1,tier0,exact
_7094_,_7094_,1,tier1,tier0,exact
_7095_,_7095_,1,tier1,tier0,exact
_7096_,_7096_,1,tier1,tier0,exact
_7097_,_7097_,1,tier1,tier0,exact
_7098_,_7098_,1,tier1,tier0,exact
_7099_,_7099_,1,tier1,tier0,exact
_7100_,_7100_,1,tier1,tier0,exact
_7101_,_7101_,1,tier1,tier0,exact
_7102_,_7102_,1,tier1,tier0,exact
_7103_,_7103_,1,tier1,tier0,exact
_7104_,_7104_,1,tier1,tier0,exact
_7105_,_7105_,1,tier1,tier0,exact
_7106_,_7106_,1,tier1,tier0,exact
_7107_,_7107_,1,tier1,tier0,exact
_7108_,_7108_,1,tier1,tier0,exact
_7109_,_7109_,1,tier1,tier0,exact
_7110_,_7110_,1,tier1,tier0,exact
_7111_,_7111_,1,tier1,tier0,exact
_7112_,_7112_,1,tier1,tier0,exact
_7113_,_7113_,1,tier1,tier0,exact
_7115_,_7115_,1,tier1,tier0,exact
_7116_,_7116_,1,tier1,tier0,exact
_7121_,_7121_,1,tier1,tier0,exact
_7123_,_7123_,1,tier1,tier0,exact
_7124_,_7124_,1,tier1,tier0,exact
_7127_,_7127_,1,tier1,tier0,exact
_7128_,_7128_,1,tier1,tier0,exact
_7129_,_7129_,1,tier1,tier0,exact
_7130_,_7130_,1,tier1,tier0,exact
_7131_,_7131_,1,tier1,tier0,exact
_7132_,_7132_,1,tier1,tier0,exact
_7134_,_7134_,1,tier1,tier0,exact
_7135_,_7135_,1,tier1,tier0,exact
_7136_,_7136_,1,tier1,tier0,exact
_7140_,_7140_,1,tier1,tier0,exact
_7141_,_7141_,1,tier1,tier0,exact
_7142_,_7142_,1,tier1,tier0,exact
_7143_,_7143_,1,tier1,tier0,exact
_7144_,_7144_,1,tier1,tier0,exact
_7145_,_7145_,1,tier1,tier0,exact
_7146_,_7146_,1,tier1,tier0,exact
_7148_,_7148_,1,tier1,tier0,exact
_7149_,_7149_,1,tier1,tier0,exact
_7150_,_7150_,1,tier1,tier0,exact
_7152_,_7152_,1,tier1,tier0,exact
_7153_,_7153_,1,tier1,tier0,exact
_7155_,_7155_,1,tier1,tier0,exact
_7156_,_7156_,1,tier1,tier0,exact
_7157_,_7157_,1,tier1,tier0,exact
_7158_,_7158_,1,tier1,tier0,exact
_7159_,_7159_,1,tier1,tier0,exact
_7161_,_7161_,1,tier1,tier0,exact
_7162_,_7162_,1,tier1,tier0,exact
_7163_,_7163_,1,tier1,tier0,exact
_7164_,_7164_,1,tier1,tier0,exact
_7165_,_7165_,1,tier1,tier0,exact
_7166_,_7166_,1,tier1,tier0,exact
_7167_,_7167_,1,tier1,tier0,exact
_7168_,_7168_,1,tier1,tier0,exact
_7169_,_7169_,1,tier1,tier0,exact
_7170_,_7170_,1,tier1,tier0,exact
_7171_,_7171_,1,tier1,tier0,exact
_7172_,_7172_,1,tier1,tier0,exact
_7173_,_7173_,1,tier1,tier0,exact
_7174_,_7174_,1,tier1,tier0,exact
_7175_,_7175_,1,tier1,tier0,exact
_7176_,_7176_,1,tier1,tier0,exact
_7177_,_7177_,1,tier1,tier0,exact
_7178_,_7178_,1,tier1,tier0,exact
_7179_,_7179_,1,tier1,tier0,exact
_7180_,_7180_,1,tier1,tier0,exact
_7181_,_7181_,1,tier1,tier0,exact
_7182_,_7182_,1,tier1,tier0,exact
_7183_,_7183_,1,tier1,tier0,exact
_7184_,_7184_,1,tier1,tier0,exact
_7185_,_7185_,1,tier1,tier0,exact
_7186_,_7186_,1,tier1,tier0,exact
_7187_,_7187_,1,tier1,tier0,exact
_7188_,_7188_,1,tier1,tier0,exact
_7189_,_7189_,1,tier1,tier0,exact
_7190_,_7190_,1,tier1,tier0,exact
_7191_,_7191_,1,tier1,tier0,exact
_7192_,_7192_,1,tier1,tier0,exact
_7193_,_7193_,1,tier1,tier0,exact
_7194_,_7194_,1,tier1,tier0,exact
_7195_,_7195_,1,tier1,tier0,exact
_7196_,_7196_,1,tier1,tier0,exact
_7197_,_7197_,1,tier1,tier0,exact
_7198_,_7198_,1,tier1,tier0,exact
_7199_,_7199_,1,tier1,tier0,exact
_7200_,_7200_,1,tier1,tier0,exact
_7201_,_7201_,1,tier1,tier0,exact
_7202_,_7202_,1,tier1,tier0,exact
_7203_,_7203_,1,tier1,tier0,exact
_7204_,_7204_,1,tier1,tier0,exact
_7205_,_7205_,1,tier1,tier0,exact
_7206_,_7206_,1,tier1,tier0,exact
_7207_,_7207_,1,tier1,tier0,exact
_7208_,_7208_,1,tier1,tier0,exact
_7209_,_7209_,1,tier1,tier0,exact
_7210_,_7210_,1,tier1,tier0,exact
_7211_,_7211_,1,tier1,tier0,exact
_7212_,_7212_,1,tier1,tier0,exact
_7213_,_7213_,1,tier1,tier0,exact
_7215_,_7215_,1,tier1,tier0,exact
_7216_,_7216_,1,tier1,tier0,exact
_7217_,_7217_,1,tier1,tier0,exact
_7218_,_7218_,1,tier1,tier0,exact
_7219_,_7219_,1,tier1,tier0,exact
_7220_,_7220_,1,tier1,tier0,exact
_7221_,_7221_,1,tier1,tier0,exact
_7222_,_7222_,1,tier1,tier0,exact
_7223_,_7223_,1,tier1,tier0,exact
_7224_,_7224_,1,tier1,tier0,exact
_7225_,_7225_,1,tier1,tier0,exact
_7226_,_7226_,1,tier1,tier0,exact
_7227_,_7227_,1,tier1,tier0,exact
_7228_,_7228_,1,tier1,tier0,exact
_7229_,_7229_,1,tier1,tier0,exact
_7230_,_7230_,1,tier1,tier0,exact
_7231_,_7231_,1,tier1,tier0,exact
_7232_,_7232_,1,tier1,tier0,exact
_7233_,_7233_,1,tier1,tier0,exact
_7234_,_7234_,1,tier1,tier0,exact
_7235_,_7235_,1,tier1,tier0,exact
_7236_,_7236_,1,tier1,tier0,exact
_7237_,_7237_,1,tier1,tier0,exact
_7238_,_7238_,1,tier1,tier0,exact
_7239_,_7239_,1,tier1,tier0,exact
_7240_,_7240_,1,tier1,tier0,exact
_7241_,_7241_,1,tier1,tier0,exact
_7242_,_7242_,1,tier1,tier0,exact
_7243_,_7243_,1,tier1,tier0,exact
_7244_,_7244_,1,tier1,tier0,exact
_7245_,_7245_,1,tier1,tier0,exact
_7246_,_7246_,1,tier1,tier0,exact
_7247_,_7247_,1,tier1,tier0,exact
_7248_,_7248_,1,tier1,tier0,exact
_7249_,_7249_,1,tier1,tier0,exact
_7250_,_7250_,1,tier1,tier0,exact
_7251_,_7251_,1,tier1,tier0,exact
_7252_,_7252_,1,tier1,tier0,exact
_7253_,_7253_,1,tier1,tier0,exact
_7254_,_7254_,1,tier1,tier0,exact
_7255_,_7255_,1,tier1,tier0,exact
_7256_,_7256_,1,tier1,tier0,exact
_7257_,_7257_,1,tier1,tier0,exact
_7258_,_7258_,1,tier1,tier0,exact
_7259_,_7259_,1,tier1,tier0,exact
_7260_,_7260_,1,tier1,tier0,exact
_7261_,_7261_,1,tier1,tier0,exact
_7262_,_7262_,1,tier1,tier0,exact
_7263_,_7263_,1,tier1,tier0,exact
_7264_,_7264_,1,tier1,tier0,exact
_7265_,_7265_,1,tier1,tier0,exact
_7266_,_7266_,1,tier1,tier0,exact
_7267_,_7267_,1,tier1,tier0,exact
_7268_,_7268_,1,tier1,tier0,exact
_7272_,_7272_,1,tier1,tier0,exact
_7273_,_7273_,1,tier1,tier0,exact
_7274_,_7274_,1,tier1,tier0,exact
_7275_,_7275_,1,tier1,tier0,exact
_7276_,_7276_,1,tier1,tier0,exact
_7277_,_7277_,1,tier1,tier0,exact
_7279_,_7279_,1,tier1,tier0,exact
_7281_,_7281_,1,tier1,tier0,exact
_7282_,_7282_,1,tier1,tier0,exact
_7283_,_7283_,1,tier1,tier0,exact
_7284_,_7284_,1,tier1,tier0,exact
_7285_,_7285_,1,tier1,tier0,exact
_7286_,_7286_,1,tier1,tier0,exact
_7288_,_7288_,1,tier1,tier0,exact
_7289_,_7289_,1,tier1,tier0,exact
_7290_,_7290_,1,tier1,tier0,exact
_7291_,_7291_,1,tier1,tier0,exact
_7292_,_7292_,1,tier1,tier0,exact
_7293_,_7293_,1,tier1,tier0,exact
_7295_,_7295_,1,tier1,tier0,exact
_7296_,_7296_,1,tier1,tier0,exact
_7297_,_7297_,1,tier1,tier0,exact
_7298_,_7298_,1,tier1,tier0,exact
_7299_,_7299_,1,tier1,tier0,exact
_7300_,_7300_,1,tier1,tier0,exact
_7301_,_7301_,1,tier1,tier0,exact
_7303_,_7303_,1,tier1,tier0,exact
_7304_,_7304_,1,tier1,tier0,exact
_7305_,_7305_,1,tier1,tier0,exact
_7306_,_7306_,1,tier1,tier0,exact
_7307_,_7307_,1,tier1,tier0,exact
_7308_,_7308_,1,tier1,tier0,exact
_7309_,_7309_,1,tier1,tier0,exact
_7310_,_7310_,1,tier1,tier0,exact
_7311_,_7311_,1,tier1,tier0,exact
_7312_,_7312_,1,tier1,tier0,exact
_7313_,_7313_,1,tier1,tier0,exact
_7315_,_7315_,1,tier1,tier0,exact
_7316_,_7316_,1,tier1,tier0,exact
_7317_,_7317_,1,tier1,tier0,exact
_7318_,_7318_,1,tier1,tier0,exact
_7319_,_7319_,1,tier1,tier0,exact
_7320_,_7320_,1,tier1,tier0,exact
_7321_,_7321_,1,tier1,tier0,exact
_7322_,_7322_,1,tier1,tier0,exact
_7323_,_7323_,1,tier1,tier0,exact
_7324_,_7324_,1,tier1,tier0,exact
_7325_,_7325_,1,tier1,tier0,exact
_7326_,_7326_,1,tier1,tier0,exact
_7327_,_7327_,1,tier1,tier0,exact
_7328_,_7328_,1,tier1,tier0,exact
_7329_,_7329_,1,tier1,tier0,exact
_7330_,_7330_,1,tier1,tier0,exact
_7331_,_7331_,1,tier1,tier0,exact
_7332_,_7332_,1,tier1,tier0,exact
_7333_,_7333_,1,tier1,tier0,exact
_7334_,_7334_,1,tier1,tier0,exact
_7335_,_7335_,1,tier1,tier0,exact
_7336_,_7336_,1,tier1,tier0,exact
_7337_,_7337_,1,tier1,tier0,exact
_7338_,_7338_,1,tier1,tier0,exact
_7339_,_7339_,1,tier1,tier0,exact
_7340_,_7340_,1,tier1,tier0,exact
_7341_,_7341_,1,tier1,tier0,exact
_7342_,_7342_,1,tier1,tier0,exact
_7346_,_7346_,1,tier1,tier0,exact
_7347_,_7347_,1,tier1,tier0,exact
_7348_,_7348_,1,tier1,tier0,exact
_7349_,_7349_,1,tier1,tier0,exact
_7350_,_7350_,1,tier1,tier0,exact
_7351_,_7351_,1,tier1,tier0,exact
_7352_,_7352_,1,tier1,tier0,exact
_7353_,_7353_,1,tier1,tier0,exact
_7354_,_7354_,1,tier1,tier0,exact
_7355_,_7355_,1,tier1,tier0,exact
_7356_,_7356_,1,tier1,tier0,exact
_7357_,_7357_,1,tier1,tier0,exact
_7358_,_7358_,1,tier1,tier0,exact
_7359_,_7359_,1,tier1,tier0,exact
_7360_,_7360_,1,tier1,tier0,exact
_7361_,_7361_,1,tier1,tier0,exact
_7362_,_7362_,1,tier1,tier0,exact
_7363_,_7363_,1,tier1,tier0,exact
_7364_,_7364_,1,tier1,tier0,exact
_7365_,_7365_,1,tier1,tier0,exact
_7366_,_7366_,1,tier1,tier0,exact
_7368_,_7368_,1,tier1,tier0,exact
_7369_,_7369_,1,tier1,tier0,exact
_7370_,_7370_,1,tier1,tier0,exact
_7372_,_7372_,1,tier1,tier0,exact
_7373_,_7373_,1,tier1,tier0,exact
_7374_,_7374_,1,tier1,tier0,exact
_7375_,_7375_,1,tier1,tier0,exact
_7376_,_7376_,1,tier1,tier0,exact
_7377_,_7377_,1,tier1,tier0,exact
_7378_,_7378_,1,tier1,tier0,exact
_7379_,_7379_,1,tier1,tier0,exact
_7380_,_7380_,1,tier1,tier0,exact
_7381_,_7381_,1,tier1,tier0,exact
_7382_,_7382_,1,tier1,tier0,exact
_7383_,_7383_,1,tier1,tier0,exact
_7384_,_7384_,1,tier1,tier0,exact
_7385_,_7385_,1,tier1,tier0,exact
_7386_,_7386_,1,tier1,tier0,exact
_7387_,_7387_,1,tier1,tier0,exact
_7388_,_7388_,1,tier1,tier0,exact
_7389_,_7389_,1,tier1,tier0,exact
_7390_,_7390_,1,tier1,tier0,exact
_7391_,_7391_,1,tier1,tier0,exact
_7393_,_7393_,1,tier1,tier0,exact
_7394_,_7394_,1,tier1,tier0,exact
_7396_,_7396_,1,tier1,tier0,exact
_7397_,_7397_,1,tier1,tier0,exact
_7398_,_7398_,1,tier1,tier0,exact
_7399_,_7399_,1,tier1,tier0,exact
_7400_,_7400_,1,tier1,tier0,exact
_7401_,_7401_,1,tier1,tier0,exact
_7402_,_7402_,1,tier1,tier0,exact
_7403_,_7403_,1,tier1,tier0,exact
_7404_,_7404_,1,tier1,tier0,exact
_7405_,_7405_,1,tier1,tier0,exact
_7406_,_7406_,1,tier1,tier0,exact
_7407_,_7407_,1,tier1,tier0,exact
_7408_,_7408_,1,tier1,tier0,exact
_7409_,_7409_,1,tier1,tier0,exact
_7410_,_7410_,1,tier1,tier0,exact
_7411_,_7411_,1,tier1,tier0,exact
_7412_,_7412_,1,tier1,tier0,exact
_7413_,_7413_,1,tier1,tier0,exact
_7414_,_7414_,1,tier1,tier0,exact
_7415_,_7415_,1,tier1,tier0,exact
_7416_,_7416_,1,tier1,tier0,exact
_7417_,_7417_,1,tier1,tier0,exact
_7418_,_7418_,1,tier1,tier0,exact
_7419_,_7419_,1,tier1,tier0,exact
_7420_,_7420_,1,tier1,tier0,exact
_7421_,_7421_,1,tier1,tier0,exact
_7422_,_7422_,1,tier1,tier0,exact
_7423_,_7423_,1,tier1,tier0,exact
_7424_,_7424_,1,tier1,tier0,exact
_7425_,_7425_,1,tier1,tier0,exact
_7426_,_7426_,1,tier1,tier0,exact
_7427_,_7427_,1,tier1,tier0,exact
_7428_,_7428_,1,tier1,tier0,exact
_7429_,_7429_,1,tier1,tier0,exact
_7430_,_7430_,1,tier1,tier0,exact
_7431_,_7431_,1,tier1,tier0,exact
_7432_,_7432_,1,tier1,tier0,exact
_7433_,_7433_,1,tier1,tier0,exact
_7434_,_7434_,1,tier1,tier0,exact
_7435_,_7435_,1,tier1,tier0,exact
_7436_,_7436_,1,tier1,tier0,exact
_7437_,_7437_,1,tier1,tier0,exact
_7438_,_7438_,1,tier1,tier0,exact
_7439_,_7439_,1,tier1,tier0,exact
_7440_,_7440_,1,tier1,tier0,exact
_7441_,_7441_,1,tier1,tier0,exact
_7442_,_7442_,1,tier1,tier0,exact
_7444_,_7444_,1,tier1,tier0,exact
_7445_,_7445_,1,tier1,tier0,exact
_7446_,_7446_,1,tier1,tier0,exact
_7447_,_7447_,1,tier1,tier0,exact
_7448_,_7448_,1,tier1,tier0,exact
_7449_,_7449_,1,tier1,tier0,exact
_7450_,_7450_,1,tier1,tier0,exact
_7451_,_7451_,1,tier1,tier0,exact
_7452_,_7452_,1,tier1,tier0,exact
_7453_,_7453_,1,tier1,tier0,exact
_7454_,_7454_,1,tier1,tier0,exact
_7455_,_7455_,1,tier1,tier0,exact
_7456_,_7456_,1,tier1,tier0,exact
_7457_,_7457_,1,tier1,tier0,exact
_7458_,_7458_,1,tier1,tier0,exact
_7459_,_7459_,1,tier1,tier0,exact
_7460_,_7460_,1,tier1,tier0,exact
_7461_,_7461_,1,tier1,tier0,exact
_7462_,_7462_,1,tier1,tier0,exact
_7463_,_7463_,1,tier1,tier0,exact
_7464_,_7464_,1,tier1,tier0,exact
_7465_,_7465_,1,tier1,tier0,exact
_7466_,_7466_,1,tier1,tier0,exact
_7467_,_7467_,1,tier1,tier0,exact
_7468_,_7468_,1,tier1,tier0,exact
_7469_,_7469_,1,tier1,tier0,exact
_7470_,_7470_,1,tier1,tier0,exact
_7471_,_7471_,1,tier1,tier0,exact
_7472_,_7472_,1,tier1,tier0,exact
_7473_,_7473_,1,tier1,tier0,exact
_7474_,_7474_,1,tier1,tier0,exact
_7475_,_7475_,1,tier1,tier0,exact
_7476_,_7476_,1,tier1,tier0,exact
_7477_,_7477_,1,tier1,tier0,exact
_7478_,_7478_,1,tier1,tier0,exact
_7479_,_7479_,1,tier1,tier0,exact
_7480_,_7480_,1,tier1,tier0,exact
_7481_,_7481_,1,tier1,tier0,exact
_7482_,_7482_,1,tier1,tier0,exact
_7483_,_7483_,1,tier1,tier0,exact
_7484_,_7484_,1,tier1,tier0,exact
_7485_,_7485_,1,tier1,tier0,exact
_7486_,_7486_,1,tier1,tier0,exact
_7487_,_7487_,1,tier1,tier0,exact
_7488_,_7488_,1,tier1,tier0,exact
_7489_,_7489_,1,tier1,tier0,exact
_7490_,_7490_,1,tier1,tier0,exact
_7491_,_7491_,1,tier1,tier0,exact
_7492_,_7492_,1,tier1,tier0,exact
_7493_,_7493_,1,tier1,tier0,exact
_7494_,_7494_,1,tier1,tier0,exact
_7495_,_7495_,1,tier1,tier0,exact
_7496_,_7496_,1,tier1,tier0,exact
_7497_,_7497_,1,tier1,tier0,exact
_7498_,_7498_,1,tier1,tier0,exact
_7499_,_7499_,1,tier1,tier0,exact
_7500_,_7500_,1,tier1,tier0,exact
_7501_,_7501_,1,tier1,tier0,exact
_7502_,_7502_,1,tier1,tier0,exact
_7503_,_7503_,1,tier1,tier0,exact
_7504_,_7504_,1,tier1,tier0,exact
_7505_,_7505_,1,tier1,tier0,exact
_7506_,_7506_,1,tier1,tier0,exact
_7507_,_7507_,1,tier1,tier0,exact
_7508_,_7508_,1,tier1,tier0,exact
_7509_,_7509_,1,tier1,tier0,exact
_7510_,_7510_,1,tier1,tier0,exact
_7511_,_7511_,1,tier1,tier0,exact
_7512_,_7512_,1,tier1,tier0,exact
_7513_,_7513_,1,tier1,tier0,exact
_7514_,_7514_,1,tier1,tier0,exact
_7515_,_7515_,1,tier1,tier0,exact
_7516_,_7516_,1,tier1,tier0,exact
_7517_,_7517_,1,tier1,tier0,exact
_7518_,_7518_,1,tier1,tier0,exact
_7519_,_7519_,1,tier1,tier0,exact
_7520_,_7520_,1,tier1,tier0,exact
_7521_,_7521_,1,tier1,tier0,exact
_7522_,_7522_,1,tier1,tier0,exact
_7523_,_7523_,1,tier1,tier0,exact
_7524_,_7524_,1,tier1,tier0,exact
_7525_,_7525_,1,tier1,tier0,exact
_7526_,_7526_,1,tier1,tier0,exact
_7527_,_7527_,1,tier1,tier0,exact
_7528_,_7528_,1,tier1,tier0,exact
_7529_,_7529_,1,tier1,tier0,exact
_7530_,_7530_,1,tier1,tier0,exact
_7531_,_7531_,1,tier1,tier0,exact
_7532_,_7532_,1,tier1,tier0,exact
_7533_,_7533_,1,tier1,tier0,exact
_7534_,_7534_,1,tier1,tier0,exact
_7535_,_7535_,1,tier1,tier0,exact
_7536_,_7536_,1,tier1,tier0,exact
_7537_,_7537_,1,tier1,tier0,exact
_7538_,_7538_,1,tier1,tier0,exact
_7539_,_7539_,1,tier1,tier0,exact
_7540_,_7540_,1,tier1,tier0,exact
_7541_,_7541_,1,tier1,tier0,exact
_7542_,_7542_,1,tier1,tier0,exact
_7543_,_7543_,1,tier1,tier0,exact
_7544_,_7544_,1,tier1,tier0,exact
_7545_,_7545_,1,tier1,tier0,exact
_7546_,_7546_,1,tier1,tier0,exact
_7547_,_7547_,1,tier1,tier0,exact
_7548_,_7548_,1,tier1,tier0,exact
_7549_,_7549_,1,tier1,tier0,exact
_7550_,_7550_,1,tier1,tier1,exact
_7551_,_7551_,1,tier1,tier0,exact
_7552_,_7552_,1,tier1,tier0,exact
_7553_,_7553_,1,tier1,tier0,exact
_7554_,_7554_,1,tier1,tier1,exact
_7555_,_7555_,1,tier1,tier1,exact
_7556_,_7556_,1,tier1,tier1,exact
_7557_,_7557_,1,tier1,tier1,exact
_7558_,_7558_,1,tier1,tier1,exact
_7559_,_7559_,1,tier1,tier1,exact
_7560_,_7560_,1,tier1,tier1,exact
_7561_,_7561_,1,tier1,tier1,exact
_7562_,_7562_,1,tier1,tier1,exact
_7563_,_7563_,1,tier1,tier1,exact
_7564_,_7564_,1,tier1,tier1,exact
_7565_,_7565_,1,tier1,tier1,exact
_7566_,_7566_,1,tier1,tier1,exact
_7567_,_7567_,1,tier1,tier1,exact
_7568_,_7568_,1,tier1,tier1,exact
_7569_,_7569_,1,tier1,tier1,exact
_7570_,_7570_,1,tier1,tier1,exact
_7571_,_7571_,1,tier1,tier1,exact
_7572_,_7572_,1,tier1,tier1,exact
_7573_,_7573_,1,tier1,tier1,exact
_7574_,_7574_,1,tier1,tier1,exact
_7575_,_7575_,1,tier1,tier1,exact
_7576_,_7576_,1,tier1,tier1,exact
_7577_,_7577_,1,tier1,tier1,exact
_7578_,_7578_,1,tier1,tier1,exact
_7579_,_7579_,1,tier1,tier1,exact
_7580_,_7580_,1,tier1,tier1,exact
_7581_,_7581_,1,tier1,tier1,exact
_7582_,_7582_,1,tier1,tier1,exact
_7583_,_7583_,1,tier1,tier1,exact
_7584_,_7584_,1,tier1,tier1,exact
_7585_,_7585_,1,tier1,tier1,exact
_7586_,_7586_,1,tier1,tier1,exact
_7587_,_7587_,1,tier1,tier1,exact
_7588_,_7588_,1,tier1,tier1,exact
_7589_,_7589_,1,tier1,tier1,exact
_7590_,_7590_,1,tier1,tier1,exact
_7591_,_7591_,1,tier1,tier1,exact
_7592_,_7592_,1,tier1,tier1,exact
_7593_,_7593_,1,tier1,tier1,exact
_7594_,_7594_,1,tier1,tier1,exact
_7595_,_7595_,1,tier1,tier1,exact
_7596_,_7596_,1,tier1,tier1,exact
_7597_,_7597_,1,tier1,tier1,exact
_7598_,_7598_,1,tier1,tier1,exact
_7599_,_7599_,1,tier1,tier1,exact
_7600_,_7600_,1,tier1,tier0,exact
_7601_,_7601_,1,tier1,tier0,exact
_7602_,_7602_,1,tier1,tier0,exact
_7603_,_7603_,1,tier1,tier0,exact
_7604_,_7604_,1,tier1,tier0,exact
_7605_,_7605_,1,tier1,tier0,exact
_7606_,_7606_,1,tier1,tier0,exact
_7607_,_7607_,1,tier1,tier0,exact
_7608_,_7608_,1,tier1,tier0,exact
_7609_,_7609_,1,tier1,tier0,exact
_7610_,_7610_,1,tier1,tier0,exact
_7611_,_7611_,1,tier1,tier0,exact
_7612_,_7612_,1,tier1,tier0,exact
_7613_,_7613_,1,tier1,tier0,exact
_7614_,_7614_,1,tier1,tier0,exact
_7615_,_7615_,1,tier1,tier0,exact
_7616_,_7616_,1,tier1,tier0,exact
_7617_,_7617_,1,tier1,tier0,exact
_7618_,_7618_,1,tier1,tier0,exact
_7619_,_7619_,1,tier1,tier0,exact
_7620_,_7620_,1,tier1,tier0,exact
_7621_,_7621_,1,tier1,tier0,exact
_7622_,_7622_,1,tier1,tier0,exact
_7623_,_7623_,1,tier1,tier0,exact
_7624_,_7624_,1,tier1,tier0,exact
_7625_,_7625_,1,tier1,tier0,exact
_7626_,_7626_,1,tier1,tier0,exact
_7627_,_7627_,1,tier1,tier0,exact
_7628_,_7628_,1,tier1,tier0,exact
_7629_,_7629_,1,tier1,tier0,exact
_7630_,_7630_,1,tier1,tier0,exact
_7631_,_7631_,1,tier1,tier0,exact
_7632_,_7632_,1,tier1,tier0,exact
_7633_,_7633_,1,tier1,tier0,exact
_7634_,_7634_,1,tier1,tier0,exact
_7635_,_7635_,1,tier1,tier0,exact
_7636_,_7636_,1,tier1,tier0,exact
_7637_,_7637_,1,tier1,tier0,exact
_7638_,_7638_,1,tier1,tier0,exact
_7639_,_7639_,1,tier1,tier1,exact
_7640_,_7640_,1,tier1,tier0,exact
_7641_,_7641_,1,tier1,tier0,exact
_7642_,_7642_,1,tier1,tier0,exact
_7643_,_7643_,1,tier1,tier0,exact
_7644_,_7644_,1,tier1,tier0,exact
_7645_,_7645_,1,tier1,tier0,exact
_7646_,_7646_,1,tier1,tier0,exact
_7647_,_7647_,1,tier1,tier0,exact
_7648_,_7648_,1,tier1,tier0,exact
_7649_,_7649_,1,tier1,tier0,exact
_7650_,_7650_,1,tier1,tier0,exact
_7651_,_7651_,1,tier1,tier0,exact
_7652_,_7652_,1,tier1,tier0,exact
_7653_,_7653_,1,tier1,tier0,exact
_7654_,_7654_,1,tier1,tier0,exact
_7655_,_7655_,1,tier1,tier0,exact
_7656_,_7656_,1,tier1,tier0,exact
_7657_,_7657_,1,tier1,tier0,exact
_7658_,_7658_,1,tier1,tier0,exact
_7659_,_7659_,1,tier1,tier0,exact
_7660_,_7660_,1,tier1,tier0,exact
_7661_,_7661_,1,tier1,tier0,exact
_7662_,_7662_,1,tier1,tier0,exact
_7663_,_7663_,1,tier1,tier0,exact
_7664_,_7664_,1,tier1,tier0,exact
_7665_,_7665_,1,tier1,tier0,exact
_7666_,_7666_,1,tier1,tier0,exact
_7667_,_7667_,1,tier1,tier0,exact
_7668_,_7668_,1,tier1,tier0,exact
_7669_,_7669_,1,tier1,tier0,exact
_7670_,_7670_,1,tier1,tier0,exact
_7671_,_7671_,1,tier1,tier0,exact
_7672_,_7672_,1,tier1,tier0,exact
_7673_,_7673_,1,tier1,tier0,exact
_7674_,_7674_,1,tier1,tier0,exact
_7675_,_7675_,1,tier1,tier0,exact
_7676_,_7676_,1,tier1,tier0,exact
_7677_,_7677_,1,tier1,tier0,exact
_7678_,_7678_,1,tier1,tier0,exact
_7679_,_7679_,1,tier1,tier0,exact
_7680_,_7680_,1,tier1,tier0,exact
_7681_,_7681_,1,tier1,tier0,exact
_7682_,_7682_,1,tier1,tier0,exact
_7683_,_7683_,1,tier1,tier0,exact
_7684_,_7684_,1,tier1,tier0,exact
_7685_,_7685_,1,tier1,tier0,exact
_7686_,_7686_,1,tier1,tier0,exact
_7687_,_7687_,1,tier1,tier0,exact
_7688_,_7688_,1,tier1,tier0,exact
_7689_,_7689_,1,tier1,tier0,exact
_7690_,_7690_,1,tier1,tier0,exact
_7691_,_7691_,1,tier1,tier0,exact
_7692_,_7692_,1,tier1,tier0,exact
_7693_,_7693_,1,tier1,tier0,exact
_7694_,_7694_,1,tier1,tier0,exact
_7695_,_7695_,1,tier1,tier0,exact
_7696_,_7696_,1,tier1,tier0,exact
_7697_,_7697_,1,tier1,tier0,exact
_7698_,_7698_,1,tier1,tier0,exact
_7699_,_7699_,1,tier1,tier0,exact
_7700_,_7700_,1,tier1,tier0,exact
_7701_,_7701_,1,tier1,tier0,exact
_7702_,_7702_,1,tier1,tier0,exact
_7703_,_7703_,1,tier1,tier0,exact
_7704_,_7704_,1,tier1,tier0,exact
_7705_,_7705_,1,tier1,tier0,exact
_7706_,_7706_,1,tier1,tier0,exact
_7707_,_7707_,1,tier1,tier0,exact
_7708_,_7708_,1,tier1,tier0,exact
_7709_,_7709_,1,tier1,tier0,exact
_7710_,_7710_,1,tier1,tier0,exact
_7711_,_7711_,1,tier1,tier0,exact
_7712_,_7712_,1,tier1,tier0,exact
_7713_,_7713_,1,tier1,tier0,exact
_7714_,_7714_,1,tier1,tier0,exact
_7715_,_7715_,1,tier1,tier0,exact
_7716_,_7716_,1,tier1,tier0,exact
_7717_,_7717_,1,tier1,tier0,exact
_7718_,_7718_,1,tier1,tier0,exact
_7719_,_7719_,1,tier1,tier0,exact
_7720_,_7720_,1,tier1,tier0,exact
_7721_,_7721_,1,tier1,tier0,exact
_7722_,_7722_,1,tier1,tier0,exact
_7723_,_7723_,1,tier1,tier0,exact
_7724_,_7724_,1,tier1,tier0,exact
_7725_,_7725_,1,tier1,tier0,exact
_7726_,_7726_,1,tier1,tier0,exact
_7727_,_7727_,1,tier1,tier0,exact
_7728_,_7728_,1,tier1,tier0,exact
_7729_,_7729_,1,tier1,tier0,exact
_7730_,_7730_,1,tier1,tier0,exact
_7731_,_7731_,1,tier1,tier0,exact
_7732_,_7732_,1,tier1,tier0,exact
_7733_,_7733_,1,tier1,tier0,exact
_7734_,_7734_,1,tier1,tier0,exact
_7735_,_7735_,1,tier1,tier0,exact
_7736_,_7736_,1,tier1,tier0,exact
_7737_,_7737_,1,tier1,tier0,exact
_7738_,_7738_,1,tier1,tier0,exact
_7739_,_7739_,1,tier1,tier0,exact
_7740_,_7740_,1,tier1,tier0,exact
_7741_,_7741_,1,tier1,tier0,exact
_7742_,_7742_,1,tier1,tier0,exact
_7743_,_7743_,1,tier1,tier0,exact
_7744_,_7744_,1,tier1,tier0,exact
_7745_,_7745_,1,tier1,tier0,exact
_7746_,_7746_,1,tier1,tier0,exact
clkbuf_0_clk,clkbuf_0_clk,1,tier1,tier1,exact
clkbuf_3_0__f_clk,clkbuf_3_0__f_clk,1,tier1,tier1,exact
clkbuf_3_1__f_clk,clkbuf_3_1__f_clk,0,tier0,tier1,exact
clkbuf_3_2__f_clk,clkbuf_3_2__f_clk,1,tier1,tier1,exact
clkbuf_3_3__f_clk,clkbuf_3_3__f_clk,1,tier1,tier1,exact
clkbuf_3_4__f_clk,clkbuf_3_4__f_clk,0,tier0,tier1,exact
clkbuf_3_5__f_clk,clkbuf_3_5__f_clk,0,tier0,tier1,exact
clkbuf_3_6__f_clk,clkbuf_3_6__f_clk,1,tier1,tier1,exact
clkbuf_3_7__f_clk,clkbuf_3_7__f_clk,0,tier0,tier0,exact
clkbuf_leaf_0_clk,clkbuf_leaf_0_clk,0,tier0,tier1,exact
clkbuf_leaf_100_clk,clkbuf_leaf_100_clk,0,tier0,tier1,exact
clkbuf_leaf_101_clk,clkbuf_leaf_101_clk,0,tier0,tier1,exact
clkbuf_leaf_10_clk,clkbuf_leaf_10_clk,0,tier0,tier1,exact
clkbuf_leaf_11_clk,clkbuf_leaf_11_clk,0,tier0,tier1,exact
clkbuf_leaf_12_clk,clkbuf_leaf_12_clk,0,tier0,tier1,exact
clkbuf_leaf_13_clk,clkbuf_leaf_13_clk,0,tier0,tier1,exact
clkbuf_leaf_14_clk,clkbuf_leaf_14_clk,0,tier0,tier1,exact
clkbuf_leaf_15_clk,clkbuf_leaf_15_clk,0,tier0,tier1,exact
clkbuf_leaf_16_clk,clkbuf_leaf_16_clk,0,tier0,tier1,exact
clkbuf_leaf_17_clk,clkbuf_leaf_17_clk,1,tier1,tier1,exact
clkbuf_leaf_18_clk,clkbuf_leaf_18_clk,0,tier0,tier1,exact
clkbuf_leaf_19_clk,clkbuf_leaf_19_clk,0,tier0,tier1,exact
clkbuf_leaf_1_clk,clkbuf_leaf_1_clk,0,tier0,tier1,exact
clkbuf_leaf_20_clk,clkbuf_leaf_20_clk,0,tier0,tier1,exact
clkbuf_leaf_21_clk,clkbuf_leaf_21_clk,0,tier0,tier1,exact
clkbuf_leaf_22_clk,clkbuf_leaf_22_clk,0,tier0,tier1,exact
clkbuf_leaf_23_clk,clkbuf_leaf_23_clk,0,tier0,tier1,exact
clkbuf_leaf_24_clk,clkbuf_leaf_24_clk,0,tier0,tier1,exact
clkbuf_leaf_25_clk,clkbuf_leaf_25_clk,0,tier0,tier1,exact
clkbuf_leaf_26_clk,clkbuf_leaf_26_clk,0,tier0,tier1,exact
clkbuf_leaf_27_clk,clkbuf_leaf_27_clk,0,tier0,tier1,exact
clkbuf_leaf_28_clk,clkbuf_leaf_28_clk,0,tier0,tier1,exact
clkbuf_leaf_29_clk,clkbuf_leaf_29_clk,0,tier0,tier1,exact
clkbuf_leaf_2_clk,clkbuf_leaf_2_clk,0,tier0,tier1,exact
clkbuf_leaf_30_clk,clkbuf_leaf_30_clk,0,tier0,tier1,exact
clkbuf_leaf_31_clk,clkbuf_leaf_31_clk,0,tier0,tier1,exact
clkbuf_leaf_32_clk,clkbuf_leaf_32_clk,0,tier0,tier1,exact
clkbuf_leaf_33_clk,clkbuf_leaf_33_clk,0,tier0,tier1,exact
clkbuf_leaf_34_clk,clkbuf_leaf_34_clk,0,tier0,tier1,exact
clkbuf_leaf_35_clk,clkbuf_leaf_35_clk,0,tier0,tier1,exact
clkbuf_leaf_36_clk,clkbuf_leaf_36_clk,0,tier0,tier1,exact
clkbuf_leaf_37_clk,clkbuf_leaf_37_clk,0,tier0,tier1,exact
clkbuf_leaf_38_clk,clkbuf_leaf_38_clk,0,tier0,tier1,exact
clkbuf_leaf_39_clk,clkbuf_leaf_39_clk,0,tier0,tier1,exact
clkbuf_leaf_3_clk,clkbuf_leaf_3_clk,0,tier0,tier1,exact
clkbuf_leaf_40_clk,clkbuf_leaf_40_clk,0,tier0,tier1,exact
clkbuf_leaf_41_clk,clkbuf_leaf_41_clk,0,tier0,tier1,exact
clkbuf_leaf_42_clk,clkbuf_leaf_42_clk,0,tier0,tier0,exact
clkbuf_leaf_43_clk,clkbuf_leaf_43_clk,0,tier0,tier0,exact
clkbuf_leaf_44_clk,clkbuf_leaf_44_clk,0,tier0,tier0,exact
clkbuf_leaf_45_clk,clkbuf_leaf_45_clk,0,tier0,tier0,exact
clkbuf_leaf_46_clk,clkbuf_leaf_46_clk,0,tier0,tier0,exact
clkbuf_leaf_47_clk,clkbuf_leaf_47_clk,0,tier0,tier0,exact
clkbuf_leaf_48_clk,clkbuf_leaf_48_clk,0,tier0,tier0,exact
clkbuf_leaf_49_clk,clkbuf_leaf_49_clk,0,tier0,tier0,exact
clkbuf_leaf_4_clk,clkbuf_leaf_4_clk,0,tier0,tier1,exact
clkbuf_leaf_50_clk,clkbuf_leaf_50_clk,0,tier0,tier0,exact
clkbuf_leaf_51_clk,clkbuf_leaf_51_clk,0,tier0,tier0,exact
clkbuf_leaf_52_clk,clkbuf_leaf_52_clk,0,tier0,tier1,exact
clkbuf_leaf_53_clk,clkbuf_leaf_53_clk,0,tier0,tier1,exact
clkbuf_leaf_54_clk,clkbuf_leaf_54_clk,0,tier0,tier1,exact
clkbuf_leaf_55_clk,clkbuf_leaf_55_clk,1,tier1,tier1,exact
clkbuf_leaf_56_clk,clkbuf_leaf_56_clk,1,tier1,tier1,exact
clkbuf_leaf_57_clk,clkbuf_leaf_57_clk,1,tier1,tier0,exact
clkbuf_leaf_58_clk,clkbuf_leaf_58_clk,0,tier0,tier0,exact
clkbuf_leaf_59_clk,clkbuf_leaf_59_clk,0,tier0,tier0,exact
clkbuf_leaf_5_clk,clkbuf_leaf_5_clk,0,tier0,tier1,exact
clkbuf_leaf_60_clk,clkbuf_leaf_60_clk,0,tier0,tier0,exact
clkbuf_leaf_61_clk,clkbuf_leaf_61_clk,0,tier0,tier0,exact
clkbuf_leaf_62_clk,clkbuf_leaf_62_clk,1,tier1,tier1,exact
clkbuf_leaf_63_clk,clkbuf_leaf_63_clk,1,tier1,tier1,exact
clkbuf_leaf_64_clk,clkbuf_leaf_64_clk,1,tier1,tier1,exact
clkbuf_leaf_65_clk,clkbuf_leaf_65_clk,1,tier1,tier0,exact
clkbuf_leaf_66_clk,clkbuf_leaf_66_clk,1,tier1,tier1,exact
clkbuf_leaf_67_clk,clkbuf_leaf_67_clk,1,tier1,tier1,exact
clkbuf_leaf_68_clk,clkbuf_leaf_68_clk,1,tier1,tier1,exact
clkbuf_leaf_69_clk,clkbuf_leaf_69_clk,1,tier1,tier1,exact
clkbuf_leaf_6_clk,clkbuf_leaf_6_clk,0,tier0,tier1,exact
clkbuf_leaf_70_clk,clkbuf_leaf_70_clk,1,tier1,tier1,exact
clkbuf_leaf_71_clk,clkbuf_leaf_71_clk,1,tier1,tier1,exact
clkbuf_leaf_72_clk,clkbuf_leaf_72_clk,1,tier1,tier1,exact
clkbuf_leaf_73_clk,clkbuf_leaf_73_clk,1,tier1,tier1,exact
clkbuf_leaf_74_clk,clkbuf_leaf_74_clk,1,tier1,tier1,exact
clkbuf_leaf_75_clk,clkbuf_leaf_75_clk,1,tier1,tier1,exact
clkbuf_leaf_76_clk,clkbuf_leaf_76_clk,1,tier1,tier1,exact
clkbuf_leaf_77_clk,clkbuf_leaf_77_clk,1,tier1,tier1,exact
clkbuf_leaf_78_clk,clkbuf_leaf_78_clk,1,tier1,tier1,exact
clkbuf_leaf_79_clk,clkbuf_leaf_79_clk,1,tier1,tier1,exact
clkbuf_leaf_7_clk,clkbuf_leaf_7_clk,0,tier0,tier1,exact
clkbuf_leaf_80_clk,clkbuf_leaf_80_clk,1,tier1,tier1,exact
clkbuf_leaf_81_clk,clkbuf_leaf_81_clk,1,tier1,tier1,exact
clkbuf_leaf_82_clk,clkbuf_leaf_82_clk,1,tier1,tier1,exact
clkbuf_leaf_83_clk,clkbuf_leaf_83_clk,1,tier1,tier1,exact
clkbuf_leaf_84_clk,clkbuf_leaf_84_clk,0,tier0,tier1,exact
clkbuf_leaf_85_clk,clkbuf_leaf_85_clk,1,tier1,tier1,exact
clkbuf_leaf_86_clk,clkbuf_leaf_86_clk,0,tier0,tier1,exact
clkbuf_leaf_87_clk,clkbuf_leaf_87_clk,1,tier1,tier1,exact
clkbuf_leaf_88_clk,clkbuf_leaf_88_clk,0,tier0,tier1,exact
clkbuf_leaf_89_clk,clkbuf_leaf_89_clk,1,tier1,tier1,exact
clkbuf_leaf_8_clk,clkbuf_leaf_8_clk,0,tier0,tier1,exact
clkbuf_leaf_90_clk,clkbuf_leaf_90_clk,1,tier1,tier1,exact
clkbuf_leaf_91_clk,clkbuf_leaf_91_clk,1,tier1,tier1,exact
clkbuf_leaf_92_clk,clkbuf_leaf_92_clk,1,tier1,tier1,exact
clkbuf_leaf_93_clk,clkbuf_leaf_93_clk,1,tier1,tier1,exact
clkbuf_leaf_94_clk,clkbuf_leaf_94_clk,1,tier1,tier1,exact
clkbuf_leaf_95_clk,clkbuf_leaf_95_clk,1,tier1,tier1,exact
clkbuf_leaf_96_clk,clkbuf_leaf_96_clk,0,tier0,tier1,exact
clkbuf_leaf_97_clk,clkbuf_leaf_97_clk,0,tier0,tier1,exact
clkbuf_leaf_98_clk,clkbuf_leaf_98_clk,0,tier0,tier1,exact
clkbuf_leaf_99_clk,clkbuf_leaf_99_clk,0,tier0,tier1,exact
clkbuf_leaf_9_clk,clkbuf_leaf_9_clk,0,tier0,tier1,exact
clkload0,clkload0,1,tier1,tier1,exact
clkload1,clkload1,1,tier1,tier1,exact
clkload10,clkload10,1,tier1,tier1,exact
clkload11,clkload11,1,tier1,tier1,exact
clkload12,clkload12,0,tier0,tier1,exact
clkload13,clkload13,0,tier0,tier1,exact
clkload14,clkload14,0,tier0,tier1,exact
clkload15,clkload15,0,tier0,tier1,exact
clkload16,clkload16,0,tier0,tier1,exact
clkload17,clkload17,0,tier0,tier1,exact
clkload18,clkload18,0,tier0,tier1,exact
clkload19,clkload19,0,tier0,tier1,exact
clkload2,clkload2,0,tier0,tier1,exact
clkload20,clkload20,0,tier0,tier1,exact
clkload21,clkload21,0,tier0,tier1,exact
clkload22,clkload22,0,tier0,tier1,exact
clkload23,clkload23,0,tier0,tier1,exact
clkload24,clkload24,0,tier0,tier1,exact
clkload25,clkload25,0,tier0,tier1,exact
clkload26,clkload26,0,tier0,tier1,exact
clkload27,clkload27,0,tier0,tier1,exact
clkload28,clkload28,0,tier0,tier1,exact
clkload29,clkload29,1,tier1,tier1,exact
clkload3,clkload3,1,tier1,tier1,exact
clkload30,clkload30,1,tier1,tier1,exact
clkload31,clkload31,1,tier1,tier1,exact
clkload32,clkload32,1,tier1,tier1,exact
clkload33,clkload33,1,tier1,tier1,exact
clkload34,clkload34,1,tier1,tier1,exact
clkload35,clkload35,1,tier1,tier1,exact
clkload36,clkload36,1,tier1,tier1,exact
clkload37,clkload37,1,tier1,tier1,exact
clkload38,clkload38,1,tier1,tier1,exact
clkload39,clkload39,1,tier1,tier1,exact
clkload4,clkload4,0,tier0,tier0,exact
clkload40,clkload40,1,tier1,tier1,exact
clkload41,clkload41,1,tier1,tier1,exact
clkload42,clkload42,1,tier1,tier1,exact
clkload43,clkload43,1,tier1,tier1,exact
clkload44,clkload44,1,tier1,tier1,exact
clkload45,clkload45,1,tier1,tier1,exact
clkload46,clkload46,1,tier1,tier0,exact
clkload47,clkload47,1,tier1,tier1,exact
clkload48,clkload48,1,tier1,tier1,exact
clkload49,clkload49,1,tier1,tier1,exact
clkload5,clkload5,0,tier0,tier1,exact
clkload50,clkload50,1,tier1,tier1,exact
clkload51,clkload51,1,tier1,tier1,exact
clkload52,clkload52,1,tier1,tier1,exact
clkload53,clkload53,1,tier1,tier1,exact
clkload54,clkload54,0,tier0,tier1,exact
clkload55,clkload55,0,tier0,tier1,exact
clkload56,clkload56,0,tier0,tier1,exact
clkload57,clkload57,0,tier0,tier1,exact
clkload58,clkload58,0,tier0,tier1,exact
clkload59,clkload59,0,tier0,tier1,exact
clkload6,clkload6,0,tier0,tier1,exact
clkload60,clkload60,0,tier0,tier1,exact
clkload61,clkload61,0,tier0,tier1,exact
clkload62,clkload62,0,tier0,tier1,exact
clkload63,clkload63,0,tier0,tier1,exact
clkload64,clkload64,0,tier0,tier1,exact
clkload65,clkload65,0,tier0,tier1,exact
clkload66,clkload66,0,tier0,tier1,exact
clkload67,clkload67,0,tier0,tier1,exact
clkload68,clkload68,0,tier0,tier1,exact
clkload69,clkload69,0,tier0,tier1,exact
clkload7,clkload7,0,tier0,tier1,exact
clkload70,clkload70,0,tier0,tier1,exact
clkload71,clkload71,0,tier0,tier1,exact
clkload72,clkload72,0,tier0,tier1,exact
clkload73,clkload73,0,tier0,tier1,exact
clkload74,clkload74,0,tier0,tier1,exact
clkload75,clkload75,0,tier0,tier1,exact
clkload76,clkload76,0,tier0,tier0,exact
clkload77,clkload77,0,tier0,tier0,exact
clkload78,clkload78,0,tier0,tier0,exact
clkload79,clkload79,0,tier0,tier0,exact
clkload8,clkload8,1,tier1,tier1,exact
clkload80,clkload80,0,tier0,tier1,exact
clkload81,clkload81,0,tier0,tier1,exact
clkload82,clkload82,0,tier0,tier1,exact
clkload83,clkload83,1,tier1,tier1,exact
clkload84,clkload84,1,tier1,tier1,exact
clkload85,clkload85,1,tier1,tier0,exact
clkload86,clkload86,1,tier1,tier1,exact
clkload87,clkload87,0,tier0,tier0,exact
clkload88,clkload88,1,tier1,tier0,exact
clkload89,clkload89,0,tier0,tier0,exact
clkload9,clkload9,0,tier0,tier1,exact
clkload90,clkload90,1,tier1,tier0,exact
clone1759,clone1759,0,tier0,tier0,exact
clone1895,clone1895,0,tier0,tier0,exact
clone1896,clone1896,0,tier0,tier0,exact
clone2085,clone2085,0,tier0,tier1,exact
clone2086,clone2086,0,tier0,tier1,exact
clone2171,clone2171,0,tier0,tier1,exact
clone2172,clone2172,0,tier0,tier1,exact
clone2331,clone2331,0,tier0,tier0,exact
clone2575,clone2575,0,tier0,tier1,exact
clone2664,clone2664,0,tier0,tier1,exact
dp.pcreg.q[0]$_DFFE_PP0P_,dp.pcreg.q\[0\]$_DFFE_PP0P_,1,tier1,tier0,normalized_unique
dp.pcreg.q[10]$_DFF_PP0_,dp.pcreg.q\[10\]$_DFF_PP0_,1,tier1,tier0,normalized_unique
dp.pcreg.q[11]$_DFF_PP0_,dp.pcreg.q\[11\]$_DFF_PP0_,1,tier1,tier0,normalized_unique
dp.pcreg.q[12]$_DFF_PP0_,dp.pcreg.q\[12\]$_DFF_PP0_,1,tier1,tier0,normalized_unique
dp.pcreg.q[13]$_DFF_PP0_,dp.pcreg.q\[13\]$_DFF_PP0_,1,tier1,tier0,normalized_unique
dp.pcreg.q[14]$_DFF_PP0_,dp.pcreg.q\[14\]$_DFF_PP0_,1,tier1,tier0,normalized_unique
dp.pcreg.q[15]$_DFF_PP0_,dp.pcreg.q\[15\]$_DFF_PP0_,1,tier1,tier0,normalized_unique
dp.pcreg.q[16]$_DFF_PP0_,dp.pcreg.q\[16\]$_DFF_PP0_,1,tier1,tier0,normalized_unique
dp.pcreg.q[17]$_DFF_PP0_,dp.pcreg.q\[17\]$_DFF_PP0_,1,tier1,tier0,normalized_unique
dp.pcreg.q[18]$_DFF_PP0_,dp.pcreg.q\[18\]$_DFF_PP0_,1,tier1,tier0,normalized_unique
dp.pcreg.q[19]$_DFF_PP0_,dp.pcreg.q\[19\]$_DFF_PP0_,1,tier1,tier0,normalized_unique
dp.pcreg.q[1]$_DFFE_PP0P_,dp.pcreg.q\[1\]$_DFFE_PP0P_,1,tier1,tier0,normalized_unique
dp.pcreg.q[20]$_DFF_PP0_,dp.pcreg.q\[20\]$_DFF_PP0_,1,tier1,tier0,normalized_unique
dp.pcreg.q[21]$_DFF_PP0_,dp.pcreg.q\[21\]$_DFF_PP0_,1,tier1,tier0,normalized_unique
dp.pcreg.q[22]$_DFF_PP0_,dp.pcreg.q\[22\]$_DFF_PP0_,1,tier1,tier0,normalized_unique
dp.pcreg.q[23]$_DFF_PP0_,dp.pcreg.q\[23\]$_DFF_PP0_,1,tier1,tier0,normalized_unique
dp.pcreg.q[24]$_DFF_PP0_,dp.pcreg.q\[24\]$_DFF_PP0_,1,tier1,tier0,normalized_unique
dp.pcreg.q[25]$_DFF_PP0_,dp.pcreg.q\[25\]$_DFF_PP0_,1,tier1,tier0,normalized_unique
dp.pcreg.q[26]$_DFF_PP0_,dp.pcreg.q\[26\]$_DFF_PP0_,1,tier1,tier0,normalized_unique
dp.pcreg.q[27]$_DFF_PP0_,dp.pcreg.q\[27\]$_DFF_PP0_,1,tier1,tier0,normalized_unique
dp.pcreg.q[28]$_DFF_PP0_,dp.pcreg.q\[28\]$_DFF_PP0_,1,tier1,tier0,normalized_unique
dp.pcreg.q[29]$_DFF_PP0_,dp.pcreg.q\[29\]$_DFF_PP0_,1,tier1,tier0,normalized_unique
dp.pcreg.q[2]$_DFF_PP0_,dp.pcreg.q\[2\]$_DFF_PP0_,1,tier1,tier0,normalized_unique
dp.pcreg.q[30]$_DFF_PP0_,dp.pcreg.q\[30\]$_DFF_PP0_,1,tier1,tier0,normalized_unique
dp.pcreg.q[31]$_DFF_PP0_,dp.pcreg.q\[31\]$_DFF_PP0_,1,tier1,tier0,normalized_unique
dp.pcreg.q[3]$_DFF_PP0_,dp.pcreg.q\[3\]$_DFF_PP0_,1,tier1,tier0,normalized_unique
dp.pcreg.q[4]$_DFF_PP0_,dp.pcreg.q\[4\]$_DFF_PP0_,1,tier1,tier0,normalized_unique
dp.pcreg.q[5]$_DFF_PP0_,dp.pcreg.q\[5\]$_DFF_PP0_,1,tier1,tier0,normalized_unique
dp.pcreg.q[6]$_DFF_PP0_,dp.pcreg.q\[6\]$_DFF_PP0_,1,tier1,tier0,normalized_unique
dp.pcreg.q[7]$_DFF_PP0_,dp.pcreg.q\[7\]$_DFF_PP0_,1,tier1,tier0,normalized_unique
dp.pcreg.q[8]$_DFF_PP0_,dp.pcreg.q\[8\]$_DFF_PP0_,1,tier1,tier0,normalized_unique
dp.pcreg.q[9]$_DFF_PP0_,dp.pcreg.q\[9\]$_DFF_PP0_,1,tier1,tier0,normalized_unique
dp.rf.rf[0][0]$_DFFE_PP_,,,tier1,tier1,fallback_reference_ambiguous
dp.rf.rf[0][0]$_DFFE_PP__1,,,tier1,tier1,fallback_reference_ambiguous
dp.rf.rf[0][10]$_DFFE_PP_,,,tier1,tier1,fallback_reference_ambiguous
dp.rf.rf[0][10]$_DFFE_PP__2,,,tier1,tier1,fallback_reference_ambiguous
dp.rf.rf[0][11]$_DFFE_PP_,,,tier1,tier1,fallback_reference_ambiguous
dp.rf.rf[0][11]$_DFFE_PP__3,,,tier1,tier1,fallback_reference_ambiguous
dp.rf.rf[0][12]$_DFFE_PP_,,,tier1,tier1,fallback_reference_ambiguous
dp.rf.rf[0][12]$_DFFE_PP__4,,,tier1,tier1,fallback_reference_ambiguous
dp.rf.rf[0][13]$_DFFE_PP_,,,tier1,tier1,fallback_reference_ambiguous
dp.rf.rf[0][13]$_DFFE_PP__5,,,tier1,tier1,fallback_reference_ambiguous
dp.rf.rf[0][14]$_DFFE_PP_,,,tier1,tier1,fallback_reference_ambiguous
dp.rf.rf[0][14]$_DFFE_PP__6,,,tier1,tier1,fallback_reference_ambiguous
dp.rf.rf[0][15]$_DFFE_PP_,,,tier1,tier1,fallback_reference_ambiguous
dp.rf.rf[0][15]$_DFFE_PP__7,,,tier1,tier1,fallback_reference_ambiguous
dp.rf.rf[0][16]$_DFFE_PP_,,,tier0,tier0,fallback_reference_ambiguous
dp.rf.rf[0][16]$_DFFE_PP__8,,,tier0,tier0,fallback_reference_ambiguous
dp.rf.rf[0][17]$_DFFE_PP_,,,tier0,tier0,fallback_reference_ambiguous
dp.rf.rf[0][17]$_DFFE_PP__9,,,tier0,tier0,fallback_reference_ambiguous
dp.rf.rf[0][18]$_DFFE_PP_,,,tier1,tier1,fallback_reference_ambiguous
dp.rf.rf[0][18]$_DFFE_PP__10,,,tier1,tier1,fallback_reference_ambiguous
dp.rf.rf[0][19]$_DFFE_PP_,,,tier1,tier1,fallback_reference_ambiguous
dp.rf.rf[0][19]$_DFFE_PP__11,,,tier1,tier1,fallback_reference_ambiguous
dp.rf.rf[0][1]$_DFFE_PP_,,,tier1,tier1,fallback_reference_ambiguous
dp.rf.rf[0][1]$_DFFE_PP__12,,,tier1,tier1,fallback_reference_ambiguous
dp.rf.rf[0][20]$_DFFE_PP_,,,tier0,tier0,fallback_reference_ambiguous
dp.rf.rf[0][20]$_DFFE_PP__13,,,tier0,tier0,fallback_reference_ambiguous
dp.rf.rf[0][21]$_DFFE_PP_,,,tier1,tier1,fallback_reference_ambiguous
dp.rf.rf[0][21]$_DFFE_PP__14,,,tier1,tier1,fallback_reference_ambiguous
dp.rf.rf[0][22]$_DFFE_PP_,,,tier1,tier1,fallback_reference_ambiguous
dp.rf.rf[0][22]$_DFFE_PP__15,,,tier1,tier1,fallback_reference_ambiguous
dp.rf.rf[0][23]$_DFFE_PP_,,,tier1,tier1,fallback_reference_ambiguous
dp.rf.rf[0][23]$_DFFE_PP__16,,,tier1,tier1,fallback_reference_ambiguous
dp.rf.rf[0][24]$_DFFE_PP_,,,tier1,tier1,fallback_reference_ambiguous
dp.rf.rf[0][24]$_DFFE_PP__17,,,tier1,tier1,fallback_reference_ambiguous
dp.rf.rf[0][25]$_DFFE_PP_,,,tier1,tier1,fallback_reference_ambiguous
dp.rf.rf[0][25]$_DFFE_PP__18,,,tier1,tier1,fallback_reference_ambiguous
dp.rf.rf[0][26]$_DFFE_PP_,,,tier1,tier1,fallback_reference_ambiguous
dp.rf.rf[0][26]$_DFFE_PP__19,,,tier1,tier1,fallback_reference_ambiguous
dp.rf.rf[0][27]$_DFFE_PP_,,,tier1,tier1,fallback_reference_ambiguous
dp.rf.rf[0][27]$_DFFE_PP__20,,,tier1,tier1,fallback_reference_ambiguous
dp.rf.rf[0][28]$_DFFE_PP_,,,tier0,tier0,fallback_reference_ambiguous
dp.rf.rf[0][28]$_DFFE_PP__21,,,tier0,tier0,fallback_reference_ambiguous
dp.rf.rf[0][29]$_DFFE_PP_,,,tier1,tier1,fallback_reference_ambiguous
dp.rf.rf[0][29]$_DFFE_PP__22,,,tier1,tier1,fallback_reference_ambiguous
dp.rf.rf[0][2]$_DFFE_PP_,,,tier1,tier1,fallback_reference_ambiguous
dp.rf.rf[0][2]$_DFFE_PP__23,,,tier1,tier1,fallback_reference_ambiguous
dp.rf.rf[0][30]$_DFFE_PP_,,,tier0,tier0,fallback_reference_ambiguous
dp.rf.rf[0][30]$_DFFE_PP__24,,,tier0,tier0,fallback_reference_ambiguous
dp.rf.rf[0][31]$_DFFE_PP_,,,tier1,tier1,fallback_reference_ambiguous
dp.rf.rf[0][31]$_DFFE_PP__25,,,tier1,tier1,fallback_reference_ambiguous
dp.rf.rf[0][3]$_DFFE_PP_,,,tier1,tier1,fallback_reference_ambiguous
dp.rf.rf[0][3]$_DFFE_PP__26,,,tier1,tier1,fallback_reference_ambiguous
dp.rf.rf[0][4]$_DFFE_PP_,,,tier1,tier1,fallback_reference_ambiguous
dp.rf.rf[0][4]$_DFFE_PP__27,,,tier1,tier1,fallback_reference_ambiguous
dp.rf.rf[0][5]$_DFFE_PP_,,,tier1,tier1,fallback_reference_ambiguous
dp.rf.rf[0][5]$_DFFE_PP__28,,,tier1,tier1,fallback_reference_ambiguous
dp.rf.rf[0][6]$_DFFE_PP_,,,tier1,tier1,fallback_reference_ambiguous
dp.rf.rf[0][6]$_DFFE_PP__29,,,tier1,tier1,fallback_reference_ambiguous
dp.rf.rf[0][7]$_DFFE_PP_,,,tier1,tier1,fallback_reference_ambiguous
dp.rf.rf[0][7]$_DFFE_PP__30,,,tier1,tier1,fallback_reference_ambiguous
dp.rf.rf[0][8]$_DFFE_PP_,,,tier1,tier1,fallback_reference_ambiguous
dp.rf.rf[0][8]$_DFFE_PP__31,,,tier1,tier1,fallback_reference_ambiguous
dp.rf.rf[0][9]$_DFFE_PP_,,,tier1,tier1,fallback_reference_ambiguous
dp.rf.rf[0][9]$_DFFE_PP__32,,,tier1,tier1,fallback_reference_ambiguous
dp.rf.rf[10][0]$_DFFE_PP_,dp.rf.rf\[10\]\[0\]$_DFFE_PP_,1,tier1,tier1,normalized_unique
dp.rf.rf[10][10]$_DFFE_PP_,dp.rf.rf\[10\]\[10\]$_DFFE_PP_,1,tier1,tier1,normalized_unique
dp.rf.rf[10][11]$_DFFE_PP_,dp.rf.rf\[10\]\[11\]$_DFFE_PP_,0,tier0,tier1,normalized_unique
dp.rf.rf[10][12]$_DFFE_PP_,dp.rf.rf\[10\]\[12\]$_DFFE_PP_,1,tier1,tier1,normalized_unique
dp.rf.rf[10][13]$_DFFE_PP_,dp.rf.rf\[10\]\[13\]$_DFFE_PP_,1,tier1,tier1,normalized_unique
dp.rf.rf[10][14]$_DFFE_PP_,dp.rf.rf\[10\]\[14\]$_DFFE_PP_,1,tier1,tier1,normalized_unique
dp.rf.rf[10][15]$_DFFE_PP_,dp.rf.rf\[10\]\[15\]$_DFFE_PP_,1,tier1,tier1,normalized_unique
dp.rf.rf[10][16]$_DFFE_PP_,dp.rf.rf\[10\]\[16\]$_DFFE_PP_,0,tier0,tier0,normalized_unique
dp.rf.rf[10][17]$_DFFE_PP_,dp.rf.rf\[10\]\[17\]$_DFFE_PP_,0,tier0,tier0,normalized_unique
dp.rf.rf[10][18]$_DFFE_PP_,dp.rf.rf\[10\]\[18\]$_DFFE_PP_,0,tier0,tier1,normalized_unique
dp.rf.rf[10][19]$_DFFE_PP_,dp.rf.rf\[10\]\[19\]$_DFFE_PP_,0,tier0,tier1,normalized_unique
dp.rf.rf[10][1]$_DFFE_PP_,dp.rf.rf\[10\]\[1\]$_DFFE_PP_,1,tier1,tier1,normalized_unique
dp.rf.rf[10][20]$_DFFE_PP_,dp.rf.rf\[10\]\[20\]$_DFFE_PP_,0,tier0,tier0,normalized_unique
dp.rf.rf[10][21]$_DFFE_PP_,dp.rf.rf\[10\]\[21\]$_DFFE_PP_,0,tier0,tier1,normalized_unique
dp.rf.rf[10][22]$_DFFE_PP_,dp.rf.rf\[10\]\[22\]$_DFFE_PP_,0,tier0,tier1,normalized_unique
dp.rf.rf[10][23]$_DFFE_PP_,dp.rf.rf\[10\]\[23\]$_DFFE_PP_,0,tier0,tier1,normalized_unique
dp.rf.rf[10][24]$_DFFE_PP_,dp.rf.rf\[10\]\[24\]$_DFFE_PP_,0,tier0,tier1,normalized_unique
dp.rf.rf[10][25]$_DFFE_PP_,dp.rf.rf\[10\]\[25\]$_DFFE_PP_,0,tier0,tier1,normalized_unique
dp.rf.rf[10][26]$_DFFE_PP_,dp.rf.rf\[10\]\[26\]$_DFFE_PP_,0,tier0,tier1,normalized_unique
dp.rf.rf[10][27]$_DFFE_PP_,dp.rf.rf\[10\]\[27\]$_DFFE_PP_,0,tier0,tier1,normalized_unique
dp.rf.rf[10][28]$_DFFE_PP_,dp.rf.rf\[10\]\[28\]$_DFFE_PP_,0,tier0,tier0,normalized_unique
dp.rf.rf[10][29]$_DFFE_PP_,dp.rf.rf\[10\]\[29\]$_DFFE_PP_,0,tier0,tier1,normalized_unique
dp.rf.rf[10][2]$_DFFE_PP_,dp.rf.rf\[10\]\[2\]$_DFFE_PP_,1,tier1,tier1,normalized_unique
dp.rf.rf[10][30]$_DFFE_PP_,dp.rf.rf\[10\]\[30\]$_DFFE_PP_,0,tier0,tier0,normalized_unique
dp.rf.rf[10][31]$_DFFE_PP_,dp.rf.rf\[10\]\[31\]$_DFFE_PP_,0,tier0,tier1,normalized_unique
dp.rf.rf[10][3]$_DFFE_PP_,dp.rf.rf\[10\]\[3\]$_DFFE_PP_,0,tier0,tier1,normalized_unique
dp.rf.rf[10][4]$_DFFE_PP_,dp.rf.rf\[10\]\[4\]$_DFFE_PP_,1,tier1,tier1,normalized_unique
dp.rf.rf[10][5]$_DFFE_PP_,dp.rf.rf\[10\]\[5\]$_DFFE_PP_,0,tier0,tier1,normalized_unique
dp.rf.rf[10][6]$_DFFE_PP_,dp.rf.rf\[10\]\[6\]$_DFFE_PP_,0,tier0,tier1,normalized_unique
dp.rf.rf[10][7]$_DFFE_PP_,dp.rf.rf\[10\]\[7\]$_DFFE_PP_,0,tier0,tier1,normalized_unique
dp.rf.rf[10][8]$_DFFE_PP_,dp.rf.rf\[10\]\[8\]$_DFFE_PP_,0,tier0,tier1,normalized_unique
dp.rf.rf[10][9]$_DFFE_PP_,dp.rf.rf\[10\]\[9\]$_DFFE_PP_,1,tier1,tier1,normalized_unique
dp.rf.rf[11][0]$_DFFE_PP_,dp.rf.rf\[11\]\[0\]$_DFFE_PP_,1,tier1,tier1,normalized_unique
dp.rf.rf[11][10]$_DFFE_PP_,dp.rf.rf\[11\]\[10\]$_DFFE_PP_,1,tier1,tier1,normalized_unique
dp.rf.rf[11][11]$_DFFE_PP_,dp.rf.rf\[11\]\[11\]$_DFFE_PP_,0,tier0,tier1,normalized_unique
dp.rf.rf[11][12]$_DFFE_PP_,dp.rf.rf\[11\]\[12\]$_DFFE_PP_,1,tier1,tier1,normalized_unique
dp.rf.rf[11][13]$_DFFE_PP_,dp.rf.rf\[11\]\[13\]$_DFFE_PP_,1,tier1,tier1,normalized_unique
dp.rf.rf[11][14]$_DFFE_PP_,dp.rf.rf\[11\]\[14\]$_DFFE_PP_,1,tier1,tier1,normalized_unique
dp.rf.rf[11][15]$_DFFE_PP_,dp.rf.rf\[11\]\[15\]$_DFFE_PP_,1,tier1,tier1,normalized_unique
dp.rf.rf[11][16]$_DFFE_PP_,dp.rf.rf\[11\]\[16\]$_DFFE_PP_,0,tier0,tier0,normalized_unique
dp.rf.rf[11][17]$_DFFE_PP_,dp.rf.rf\[11\]\[17\]$_DFFE_PP_,0,tier0,tier0,normalized_unique
dp.rf.rf[11][18]$_DFFE_PP_,dp.rf.rf\[11\]\[18\]$_DFFE_PP_,0,tier0,tier1,normalized_unique
dp.rf.rf[11][19]$_DFFE_PP_,dp.rf.rf\[11\]\[19\]$_DFFE_PP_,0,tier0,tier1,normalized_unique
dp.rf.rf[11][1]$_DFFE_PP_,dp.rf.rf\[11\]\[1\]$_DFFE_PP_,1,tier1,tier1,normalized_unique
dp.rf.rf[11][20]$_DFFE_PP_,dp.rf.rf\[11\]\[20\]$_DFFE_PP_,0,tier0,tier0,normalized_unique
dp.rf.rf[11][21]$_DFFE_PP_,dp.rf.rf\[11\]\[21\]$_DFFE_PP_,0,tier0,tier1,normalized_unique
dp.rf.rf[11][22]$_DFFE_PP_,dp.rf.rf\[11\]\[22\]$_DFFE_PP_,0,tier0,tier1,normalized_unique
dp.rf.rf[11][23]$_DFFE_PP_,dp.rf.rf\[11\]\[23\]$_DFFE_PP_,0,tier0,tier1,normalized_unique
dp.rf.rf[11][24]$_DFFE_PP_,dp.rf.rf\[11\]\[24\]$_DFFE_PP_,0,tier0,tier1,normalized_unique
dp.rf.rf[11][25]$_DFFE_PP_,dp.rf.rf\[11\]\[25\]$_DFFE_PP_,0,tier0,tier1,normalized_unique
dp.rf.rf[11][26]$_DFFE_PP_,dp.rf.rf\[11\]\[26\]$_DFFE_PP_,0,tier0,tier1,normalized_unique
dp.rf.rf[11][27]$_DFFE_PP_,dp.rf.rf\[11\]\[27\]$_DFFE_PP_,0,tier0,tier1,normalized_unique
dp.rf.rf[11][28]$_DFFE_PP_,dp.rf.rf\[11\]\[28\]$_DFFE_PP_,0,tier0,tier0,normalized_unique
dp.rf.rf[11][29]$_DFFE_PP_,dp.rf.rf\[11\]\[29\]$_DFFE_PP_,0,tier0,tier1,normalized_unique
dp.rf.rf[11][2]$_DFFE_PP_,dp.rf.rf\[11\]\[2\]$_DFFE_PP_,1,tier1,tier1,normalized_unique
dp.rf.rf[11][30]$_DFFE_PP_,dp.rf.rf\[11\]\[30\]$_DFFE_PP_,0,tier0,tier0,normalized_unique
dp.rf.rf[11][31]$_DFFE_PP_,dp.rf.rf\[11\]\[31\]$_DFFE_PP_,0,tier0,tier1,normalized_unique
dp.rf.rf[11][3]$_DFFE_PP_,dp.rf.rf\[11\]\[3\]$_DFFE_PP_,0,tier0,tier1,normalized_unique
dp.rf.rf[11][4]$_DFFE_PP_,dp.rf.rf\[11\]\[4\]$_DFFE_PP_,1,tier1,tier1,normalized_unique
dp.rf.rf[11][5]$_DFFE_PP_,dp.rf.rf\[11\]\[5\]$_DFFE_PP_,0,tier0,tier1,normalized_unique
dp.rf.rf[11][6]$_DFFE_PP_,dp.rf.rf\[11\]\[6\]$_DFFE_PP_,0,tier0,tier1,normalized_unique
dp.rf.rf[11][7]$_DFFE_PP_,dp.rf.rf\[11\]\[7\]$_DFFE_PP_,0,tier0,tier1,normalized_unique
dp.rf.rf[11][8]$_DFFE_PP_,dp.rf.rf\[11\]\[8\]$_DFFE_PP_,0,tier0,tier1,normalized_unique
dp.rf.rf[11][9]$_DFFE_PP_,dp.rf.rf\[11\]\[9\]$_DFFE_PP_,1,tier1,tier1,normalized_unique
dp.rf.rf[12][0]$_DFFE_PP_,dp.rf.rf\[12\]\[0\]$_DFFE_PP_,1,tier1,tier1,normalized_unique
dp.rf.rf[12][10]$_DFFE_PP_,dp.rf.rf\[12\]\[10\]$_DFFE_PP_,1,tier1,tier1,normalized_unique
dp.rf.rf[12][11]$_DFFE_PP_,dp.rf.rf\[12\]\[11\]$_DFFE_PP_,0,tier0,tier1,normalized_unique
dp.rf.rf[12][12]$_DFFE_PP_,dp.rf.rf\[12\]\[12\]$_DFFE_PP_,1,tier1,tier1,normalized_unique
dp.rf.rf[12][13]$_DFFE_PP_,dp.rf.rf\[12\]\[13\]$_DFFE_PP_,1,tier1,tier1,normalized_unique
dp.rf.rf[12][14]$_DFFE_PP_,dp.rf.rf\[12\]\[14\]$_DFFE_PP_,1,tier1,tier1,normalized_unique
dp.rf.rf[12][15]$_DFFE_PP_,dp.rf.rf\[12\]\[15\]$_DFFE_PP_,1,tier1,tier1,normalized_unique
dp.rf.rf[12][16]$_DFFE_PP_,dp.rf.rf\[12\]\[16\]$_DFFE_PP_,0,tier0,tier0,normalized_unique
dp.rf.rf[12][17]$_DFFE_PP_,dp.rf.rf\[12\]\[17\]$_DFFE_PP_,0,tier0,tier0,normalized_unique
dp.rf.rf[12][18]$_DFFE_PP_,dp.rf.rf\[12\]\[18\]$_DFFE_PP_,0,tier0,tier1,normalized_unique
dp.rf.rf[12][19]$_DFFE_PP_,dp.rf.rf\[12\]\[19\]$_DFFE_PP_,0,tier0,tier1,normalized_unique
dp.rf.rf[12][1]$_DFFE_PP_,dp.rf.rf\[12\]\[1\]$_DFFE_PP_,1,tier1,tier1,normalized_unique
dp.rf.rf[12][20]$_DFFE_PP_,dp.rf.rf\[12\]\[20\]$_DFFE_PP_,0,tier0,tier0,normalized_unique
dp.rf.rf[12][21]$_DFFE_PP_,dp.rf.rf\[12\]\[21\]$_DFFE_PP_,0,tier0,tier1,normalized_unique
dp.rf.rf[12][22]$_DFFE_PP_,dp.rf.rf\[12\]\[22\]$_DFFE_PP_,0,tier0,tier1,normalized_unique
dp.rf.rf[12][23]$_DFFE_PP_,dp.rf.rf\[12\]\[23\]$_DFFE_PP_,0,tier0,tier1,normalized_unique
dp.rf.rf[12][24]$_DFFE_PP_,dp.rf.rf\[12\]\[24\]$_DFFE_PP_,0,tier0,tier1,normalized_unique
dp.rf.rf[12][25]$_DFFE_PP_,dp.rf.rf\[12\]\[25\]$_DFFE_PP_,0,tier0,tier1,normalized_unique
dp.rf.rf[12][26]$_DFFE_PP_,dp.rf.rf\[12\]\[26\]$_DFFE_PP_,0,tier0,tier1,normalized_unique
dp.rf.rf[12][27]$_DFFE_PP_,dp.rf.rf\[12\]\[27\]$_DFFE_PP_,0,tier0,tier1,normalized_unique
dp.rf.rf[12][28]$_DFFE_PP_,dp.rf.rf\[12\]\[28\]$_DFFE_PP_,0,tier0,tier0,normalized_unique
dp.rf.rf[12][29]$_DFFE_PP_,dp.rf.rf\[12\]\[29\]$_DFFE_PP_,0,tier0,tier1,normalized_unique
dp.rf.rf[12][2]$_DFFE_PP_,dp.rf.rf\[12\]\[2\]$_DFFE_PP_,1,tier1,tier1,normalized_unique
dp.rf.rf[12][30]$_DFFE_PP_,dp.rf.rf\[12\]\[30\]$_DFFE_PP_,0,tier0,tier0,normalized_unique
dp.rf.rf[12][31]$_DFFE_PP_,dp.rf.rf\[12\]\[31\]$_DFFE_PP_,0,tier0,tier1,normalized_unique
dp.rf.rf[12][3]$_DFFE_PP_,dp.rf.rf\[12\]\[3\]$_DFFE_PP_,0,tier0,tier1,normalized_unique
dp.rf.rf[12][4]$_DFFE_PP_,dp.rf.rf\[12\]\[4\]$_DFFE_PP_,1,tier1,tier1,normalized_unique
dp.rf.rf[12][5]$_DFFE_PP_,dp.rf.rf\[12\]\[5\]$_DFFE_PP_,0,tier0,tier1,normalized_unique
dp.rf.rf[12][6]$_DFFE_PP_,dp.rf.rf\[12\]\[6\]$_DFFE_PP_,0,tier0,tier1,normalized_unique
dp.rf.rf[12][7]$_DFFE_PP_,dp.rf.rf\[12\]\[7\]$_DFFE_PP_,0,tier0,tier1,normalized_unique
dp.rf.rf[12][8]$_DFFE_PP_,dp.rf.rf\[12\]\[8\]$_DFFE_PP_,0,tier0,tier1,normalized_unique
dp.rf.rf[12][9]$_DFFE_PP_,dp.rf.rf\[12\]\[9\]$_DFFE_PP_,1,tier1,tier1,normalized_unique
dp.rf.rf[13][0]$_DFFE_PP_,dp.rf.rf\[13\]\[0\]$_DFFE_PP_,1,tier1,tier1,normalized_unique
dp.rf.rf[13][10]$_DFFE_PP_,dp.rf.rf\[13\]\[10\]$_DFFE_PP_,1,tier1,tier1,normalized_unique
dp.rf.rf[13][11]$_DFFE_PP_,dp.rf.rf\[13\]\[11\]$_DFFE_PP_,0,tier0,tier1,normalized_unique
dp.rf.rf[13][12]$_DFFE_PP_,dp.rf.rf\[13\]\[12\]$_DFFE_PP_,1,tier1,tier1,normalized_unique
dp.rf.rf[13][13]$_DFFE_PP_,dp.rf.rf\[13\]\[13\]$_DFFE_PP_,1,tier1,tier1,normalized_unique
dp.rf.rf[13][14]$_DFFE_PP_,dp.rf.rf\[13\]\[14\]$_DFFE_PP_,1,tier1,tier1,normalized_unique
dp.rf.rf[13][15]$_DFFE_PP_,dp.rf.rf\[13\]\[15\]$_DFFE_PP_,1,tier1,tier1,normalized_unique
dp.rf.rf[13][16]$_DFFE_PP_,dp.rf.rf\[13\]\[16\]$_DFFE_PP_,0,tier0,tier0,normalized_unique
dp.rf.rf[13][17]$_DFFE_PP_,dp.rf.rf\[13\]\[17\]$_DFFE_PP_,0,tier0,tier0,normalized_unique
dp.rf.rf[13][18]$_DFFE_PP_,dp.rf.rf\[13\]\[18\]$_DFFE_PP_,0,tier0,tier1,normalized_unique
dp.rf.rf[13][19]$_DFFE_PP_,dp.rf.rf\[13\]\[19\]$_DFFE_PP_,0,tier0,tier1,normalized_unique
dp.rf.rf[13][1]$_DFFE_PP_,dp.rf.rf\[13\]\[1\]$_DFFE_PP_,1,tier1,tier1,normalized_unique
dp.rf.rf[13][20]$_DFFE_PP_,dp.rf.rf\[13\]\[20\]$_DFFE_PP_,0,tier0,tier0,normalized_unique
dp.rf.rf[13][21]$_DFFE_PP_,dp.rf.rf\[13\]\[21\]$_DFFE_PP_,0,tier0,tier1,normalized_unique
dp.rf.rf[13][22]$_DFFE_PP_,dp.rf.rf\[13\]\[22\]$_DFFE_PP_,0,tier0,tier1,normalized_unique
dp.rf.rf[13][23]$_DFFE_PP_,dp.rf.rf\[13\]\[23\]$_DFFE_PP_,0,tier0,tier1,normalized_unique
dp.rf.rf[13][24]$_DFFE_PP_,dp.rf.rf\[13\]\[24\]$_DFFE_PP_,0,tier0,tier1,normalized_unique
dp.rf.rf[13][25]$_DFFE_PP_,dp.rf.rf\[13\]\[25\]$_DFFE_PP_,0,tier0,tier1,normalized_unique
dp.rf.rf[13][26]$_DFFE_PP_,dp.rf.rf\[13\]\[26\]$_DFFE_PP_,0,tier0,tier1,normalized_unique
dp.rf.rf[13][27]$_DFFE_PP_,dp.rf.rf\[13\]\[27\]$_DFFE_PP_,0,tier0,tier1,normalized_unique
dp.rf.rf[13][28]$_DFFE_PP_,dp.rf.rf\[13\]\[28\]$_DFFE_PP_,0,tier0,tier0,normalized_unique
dp.rf.rf[13][29]$_DFFE_PP_,dp.rf.rf\[13\]\[29\]$_DFFE_PP_,0,tier0,tier1,normalized_unique
dp.rf.rf[13][2]$_DFFE_PP_,dp.rf.rf\[13\]\[2\]$_DFFE_PP_,1,tier1,tier1,normalized_unique
dp.rf.rf[13][30]$_DFFE_PP_,dp.rf.rf\[13\]\[30\]$_DFFE_PP_,0,tier0,tier0,normalized_unique
dp.rf.rf[13][31]$_DFFE_PP_,dp.rf.rf\[13\]\[31\]$_DFFE_PP_,0,tier0,tier1,normalized_unique
dp.rf.rf[13][3]$_DFFE_PP_,dp.rf.rf\[13\]\[3\]$_DFFE_PP_,0,tier0,tier1,normalized_unique
dp.rf.rf[13][4]$_DFFE_PP_,dp.rf.rf\[13\]\[4\]$_DFFE_PP_,1,tier1,tier1,normalized_unique
dp.rf.rf[13][5]$_DFFE_PP_,dp.rf.rf\[13\]\[5\]$_DFFE_PP_,0,tier0,tier1,normalized_unique
dp.rf.rf[13][6]$_DFFE_PP_,dp.rf.rf\[13\]\[6\]$_DFFE_PP_,0,tier0,tier1,normalized_unique
dp.rf.rf[13][7]$_DFFE_PP_,dp.rf.rf\[13\]\[7\]$_DFFE_PP_,0,tier0,tier1,normalized_unique
dp.rf.rf[13][8]$_DFFE_PP_,dp.rf.rf\[13\]\[8\]$_DFFE_PP_,0,tier0,tier1,normalized_unique
dp.rf.rf[13][9]$_DFFE_PP_,dp.rf.rf\[13\]\[9\]$_DFFE_PP_,1,tier1,tier1,normalized_unique
dp.rf.rf[14][0]$_DFFE_PP_,dp.rf.rf\[14\]\[0\]$_DFFE_PP_,1,tier1,tier1,normalized_unique
dp.rf.rf[14][10]$_DFFE_PP_,dp.rf.rf\[14\]\[10\]$_DFFE_PP_,1,tier1,tier1,normalized_unique
dp.rf.rf[14][11]$_DFFE_PP_,dp.rf.rf\[14\]\[11\]$_DFFE_PP_,0,tier0,tier1,normalized_unique
dp.rf.rf[14][12]$_DFFE_PP_,dp.rf.rf\[14\]\[12\]$_DFFE_PP_,1,tier1,tier1,normalized_unique
dp.rf.rf[14][13]$_DFFE_PP_,dp.rf.rf\[14\]\[13\]$_DFFE_PP_,1,tier1,tier1,normalized_unique
dp.rf.rf[14][14]$_DFFE_PP_,dp.rf.rf\[14\]\[14\]$_DFFE_PP_,1,tier1,tier1,normalized_unique
dp.rf.rf[14][15]$_DFFE_PP_,dp.rf.rf\[14\]\[15\]$_DFFE_PP_,1,tier1,tier1,normalized_unique
dp.rf.rf[14][16]$_DFFE_PP_,dp.rf.rf\[14\]\[16\]$_DFFE_PP_,0,tier0,tier0,normalized_unique
dp.rf.rf[14][17]$_DFFE_PP_,dp.rf.rf\[14\]\[17\]$_DFFE_PP_,0,tier0,tier0,normalized_unique
dp.rf.rf[14][18]$_DFFE_PP_,dp.rf.rf\[14\]\[18\]$_DFFE_PP_,0,tier0,tier1,normalized_unique
dp.rf.rf[14][19]$_DFFE_PP_,dp.rf.rf\[14\]\[19\]$_DFFE_PP_,0,tier0,tier1,normalized_unique
dp.rf.rf[14][1]$_DFFE_PP_,dp.rf.rf\[14\]\[1\]$_DFFE_PP_,1,tier1,tier1,normalized_unique
dp.rf.rf[14][20]$_DFFE_PP_,dp.rf.rf\[14\]\[20\]$_DFFE_PP_,0,tier0,tier0,normalized_unique
dp.rf.rf[14][21]$_DFFE_PP_,dp.rf.rf\[14\]\[21\]$_DFFE_PP_,0,tier0,tier1,normalized_unique
dp.rf.rf[14][22]$_DFFE_PP_,dp.rf.rf\[14\]\[22\]$_DFFE_PP_,0,tier0,tier1,normalized_unique
dp.rf.rf[14][23]$_DFFE_PP_,dp.rf.rf\[14\]\[23\]$_DFFE_PP_,0,tier0,tier1,normalized_unique
dp.rf.rf[14][24]$_DFFE_PP_,dp.rf.rf\[14\]\[24\]$_DFFE_PP_,0,tier0,tier1,normalized_unique
dp.rf.rf[14][25]$_DFFE_PP_,dp.rf.rf\[14\]\[25\]$_DFFE_PP_,0,tier0,tier1,normalized_unique
dp.rf.rf[14][26]$_DFFE_PP_,dp.rf.rf\[14\]\[26\]$_DFFE_PP_,0,tier0,tier1,normalized_unique
dp.rf.rf[14][27]$_DFFE_PP_,dp.rf.rf\[14\]\[27\]$_DFFE_PP_,0,tier0,tier1,normalized_unique
dp.rf.rf[14][28]$_DFFE_PP_,dp.rf.rf\[14\]\[28\]$_DFFE_PP_,0,tier0,tier0,normalized_unique
dp.rf.rf[14][29]$_DFFE_PP_,dp.rf.rf\[14\]\[29\]$_DFFE_PP_,0,tier0,tier1,normalized_unique
dp.rf.rf[14][2]$_DFFE_PP_,dp.rf.rf\[14\]\[2\]$_DFFE_PP_,1,tier1,tier1,normalized_unique
dp.rf.rf[14][30]$_DFFE_PP_,dp.rf.rf\[14\]\[30\]$_DFFE_PP_,0,tier0,tier0,normalized_unique
dp.rf.rf[14][31]$_DFFE_PP_,dp.rf.rf\[14\]\[31\]$_DFFE_PP_,0,tier0,tier1,normalized_unique
dp.rf.rf[14][3]$_DFFE_PP_,dp.rf.rf\[14\]\[3\]$_DFFE_PP_,0,tier0,tier1,normalized_unique
dp.rf.rf[14][4]$_DFFE_PP_,dp.rf.rf\[14\]\[4\]$_DFFE_PP_,1,tier1,tier1,normalized_unique
dp.rf.rf[14][5]$_DFFE_PP_,dp.rf.rf\[14\]\[5\]$_DFFE_PP_,0,tier0,tier1,normalized_unique
dp.rf.rf[14][6]$_DFFE_PP_,dp.rf.rf\[14\]\[6\]$_DFFE_PP_,0,tier0,tier1,normalized_unique
dp.rf.rf[14][7]$_DFFE_PP_,dp.rf.rf\[14\]\[7\]$_DFFE_PP_,0,tier0,tier1,normalized_unique
dp.rf.rf[14][8]$_DFFE_PP_,dp.rf.rf\[14\]\[8\]$_DFFE_PP_,0,tier0,tier1,normalized_unique
dp.rf.rf[14][9]$_DFFE_PP_,dp.rf.rf\[14\]\[9\]$_DFFE_PP_,1,tier1,tier1,normalized_unique
dp.rf.rf[15][0]$_DFFE_PP_,dp.rf.rf\[15\]\[0\]$_DFFE_PP_,1,tier1,tier1,normalized_unique
dp.rf.rf[15][10]$_DFFE_PP_,dp.rf.rf\[15\]\[10\]$_DFFE_PP_,1,tier1,tier1,normalized_unique
dp.rf.rf[15][11]$_DFFE_PP_,dp.rf.rf\[15\]\[11\]$_DFFE_PP_,0,tier0,tier1,normalized_unique
dp.rf.rf[15][12]$_DFFE_PP_,dp.rf.rf\[15\]\[12\]$_DFFE_PP_,1,tier1,tier1,normalized_unique
dp.rf.rf[15][13]$_DFFE_PP_,dp.rf.rf\[15\]\[13\]$_DFFE_PP_,1,tier1,tier1,normalized_unique
dp.rf.rf[15][14]$_DFFE_PP_,dp.rf.rf\[15\]\[14\]$_DFFE_PP_,1,tier1,tier1,normalized_unique
dp.rf.rf[15][15]$_DFFE_PP_,dp.rf.rf\[15\]\[15\]$_DFFE_PP_,1,tier1,tier1,normalized_unique
dp.rf.rf[15][16]$_DFFE_PP_,dp.rf.rf\[15\]\[16\]$_DFFE_PP_,0,tier0,tier0,normalized_unique
dp.rf.rf[15][17]$_DFFE_PP_,dp.rf.rf\[15\]\[17\]$_DFFE_PP_,0,tier0,tier0,normalized_unique
dp.rf.rf[15][18]$_DFFE_PP_,dp.rf.rf\[15\]\[18\]$_DFFE_PP_,0,tier0,tier1,normalized_unique
dp.rf.rf[15][19]$_DFFE_PP_,dp.rf.rf\[15\]\[19\]$_DFFE_PP_,0,tier0,tier1,normalized_unique
dp.rf.rf[15][1]$_DFFE_PP_,dp.rf.rf\[15\]\[1\]$_DFFE_PP_,1,tier1,tier1,normalized_unique
dp.rf.rf[15][20]$_DFFE_PP_,dp.rf.rf\[15\]\[20\]$_DFFE_PP_,0,tier0,tier0,normalized_unique
dp.rf.rf[15][21]$_DFFE_PP_,dp.rf.rf\[15\]\[21\]$_DFFE_PP_,0,tier0,tier1,normalized_unique
dp.rf.rf[15][22]$_DFFE_PP_,dp.rf.rf\[15\]\[22\]$_DFFE_PP_,0,tier0,tier1,normalized_unique
dp.rf.rf[15][23]$_DFFE_PP_,dp.rf.rf\[15\]\[23\]$_DFFE_PP_,0,tier0,tier1,normalized_unique
dp.rf.rf[15][24]$_DFFE_PP_,dp.rf.rf\[15\]\[24\]$_DFFE_PP_,0,tier0,tier1,normalized_unique
dp.rf.rf[15][25]$_DFFE_PP_,dp.rf.rf\[15\]\[25\]$_DFFE_PP_,0,tier0,tier1,normalized_unique
dp.rf.rf[15][26]$_DFFE_PP_,dp.rf.rf\[15\]\[26\]$_DFFE_PP_,0,tier0,tier1,normalized_unique
dp.rf.rf[15][27]$_DFFE_PP_,dp.rf.rf\[15\]\[27\]$_DFFE_PP_,0,tier0,tier1,normalized_unique
dp.rf.rf[15][28]$_DFFE_PP_,dp.rf.rf\[15\]\[28\]$_DFFE_PP_,0,tier0,tier0,normalized_unique
dp.rf.rf[15][29]$_DFFE_PP_,dp.rf.rf\[15\]\[29\]$_DFFE_PP_,0,tier0,tier1,normalized_unique
dp.rf.rf[15][2]$_DFFE_PP_,dp.rf.rf\[15\]\[2\]$_DFFE_PP_,1,tier1,tier1,normalized_unique
dp.rf.rf[15][30]$_DFFE_PP_,dp.rf.rf\[15\]\[30\]$_DFFE_PP_,0,tier0,tier0,normalized_unique
dp.rf.rf[15][31]$_DFFE_PP_,dp.rf.rf\[15\]\[31\]$_DFFE_PP_,0,tier0,tier1,normalized_unique
dp.rf.rf[15][3]$_DFFE_PP_,dp.rf.rf\[15\]\[3\]$_DFFE_PP_,0,tier0,tier1,normalized_unique
dp.rf.rf[15][4]$_DFFE_PP_,dp.rf.rf\[15\]\[4\]$_DFFE_PP_,1,tier1,tier1,normalized_unique
dp.rf.rf[15][5]$_DFFE_PP_,dp.rf.rf\[15\]\[5\]$_DFFE_PP_,0,tier0,tier1,normalized_unique
dp.rf.rf[15][6]$_DFFE_PP_,dp.rf.rf\[15\]\[6\]$_DFFE_PP_,0,tier0,tier1,normalized_unique
dp.rf.rf[15][7]$_DFFE_PP_,dp.rf.rf\[15\]\[7\]$_DFFE_PP_,0,tier0,tier1,normalized_unique
dp.rf.rf[15][8]$_DFFE_PP_,dp.rf.rf\[15\]\[8\]$_DFFE_PP_,0,tier0,tier1,normalized_unique
dp.rf.rf[15][9]$_DFFE_PP_,dp.rf.rf\[15\]\[9\]$_DFFE_PP_,1,tier1,tier1,normalized_unique
dp.rf.rf[16][0]$_DFFE_PP_,dp.rf.rf\[16\]\[0\]$_DFFE_PP_,1,tier1,tier1,normalized_unique
dp.rf.rf[16][10]$_DFFE_PP_,dp.rf.rf\[16\]\[10\]$_DFFE_PP_,1,tier1,tier1,normalized_unique
dp.rf.rf[16][11]$_DFFE_PP_,dp.rf.rf\[16\]\[11\]$_DFFE_PP_,0,tier0,tier1,normalized_unique
dp.rf.rf[16][12]$_DFFE_PP_,dp.rf.rf\[16\]\[12\]$_DFFE_PP_,1,tier1,tier1,normalized_unique
dp.rf.rf[16][13]$_DFFE_PP_,dp.rf.rf\[16\]\[13\]$_DFFE_PP_,1,tier1,tier1,normalized_unique
dp.rf.rf[16][14]$_DFFE_PP_,dp.rf.rf\[16\]\[14\]$_DFFE_PP_,1,tier1,tier1,normalized_unique
dp.rf.rf[16][15]$_DFFE_PP_,dp.rf.rf\[16\]\[15\]$_DFFE_PP_,1,tier1,tier1,normalized_unique
dp.rf.rf[16][16]$_DFFE_PP_,dp.rf.rf\[16\]\[16\]$_DFFE_PP_,0,tier0,tier0,normalized_unique
dp.rf.rf[16][17]$_DFFE_PP_,dp.rf.rf\[16\]\[17\]$_DFFE_PP_,0,tier0,tier0,normalized_unique
dp.rf.rf[16][18]$_DFFE_PP_,dp.rf.rf\[16\]\[18\]$_DFFE_PP_,0,tier0,tier1,normalized_unique
dp.rf.rf[16][19]$_DFFE_PP_,dp.rf.rf\[16\]\[19\]$_DFFE_PP_,0,tier0,tier1,normalized_unique
dp.rf.rf[16][1]$_DFFE_PP_,dp.rf.rf\[16\]\[1\]$_DFFE_PP_,1,tier1,tier1,normalized_unique
dp.rf.rf[16][20]$_DFFE_PP_,dp.rf.rf\[16\]\[20\]$_DFFE_PP_,0,tier0,tier0,normalized_unique
dp.rf.rf[16][21]$_DFFE_PP_,dp.rf.rf\[16\]\[21\]$_DFFE_PP_,0,tier0,tier1,normalized_unique
dp.rf.rf[16][22]$_DFFE_PP_,dp.rf.rf\[16\]\[22\]$_DFFE_PP_,0,tier0,tier1,normalized_unique
dp.rf.rf[16][23]$_DFFE_PP_,dp.rf.rf\[16\]\[23\]$_DFFE_PP_,0,tier0,tier1,normalized_unique
dp.rf.rf[16][24]$_DFFE_PP_,dp.rf.rf\[16\]\[24\]$_DFFE_PP_,0,tier0,tier1,normalized_unique
dp.rf.rf[16][25]$_DFFE_PP_,dp.rf.rf\[16\]\[25\]$_DFFE_PP_,0,tier0,tier1,normalized_unique
dp.rf.rf[16][26]$_DFFE_PP_,dp.rf.rf\[16\]\[26\]$_DFFE_PP_,0,tier0,tier1,normalized_unique
dp.rf.rf[16][27]$_DFFE_PP_,dp.rf.rf\[16\]\[27\]$_DFFE_PP_,0,tier0,tier1,normalized_unique
dp.rf.rf[16][28]$_DFFE_PP_,dp.rf.rf\[16\]\[28\]$_DFFE_PP_,0,tier0,tier0,normalized_unique
dp.rf.rf[16][29]$_DFFE_PP_,dp.rf.rf\[16\]\[29\]$_DFFE_PP_,0,tier0,tier1,normalized_unique
dp.rf.rf[16][2]$_DFFE_PP_,dp.rf.rf\[16\]\[2\]$_DFFE_PP_,1,tier1,tier1,normalized_unique
dp.rf.rf[16][30]$_DFFE_PP_,dp.rf.rf\[16\]\[30\]$_DFFE_PP_,0,tier0,tier0,normalized_unique
dp.rf.rf[16][31]$_DFFE_PP_,dp.rf.rf\[16\]\[31\]$_DFFE_PP_,0,tier0,tier1,normalized_unique
dp.rf.rf[16][3]$_DFFE_PP_,dp.rf.rf\[16\]\[3\]$_DFFE_PP_,0,tier0,tier1,normalized_unique
dp.rf.rf[16][4]$_DFFE_PP_,dp.rf.rf\[16\]\[4\]$_DFFE_PP_,1,tier1,tier1,normalized_unique
dp.rf.rf[16][5]$_DFFE_PP_,dp.rf.rf\[16\]\[5\]$_DFFE_PP_,0,tier0,tier1,normalized_unique
dp.rf.rf[16][6]$_DFFE_PP_,dp.rf.rf\[16\]\[6\]$_DFFE_PP_,0,tier0,tier1,normalized_unique
dp.rf.rf[16][7]$_DFFE_PP_,dp.rf.rf\[16\]\[7\]$_DFFE_PP_,0,tier0,tier1,normalized_unique
dp.rf.rf[16][8]$_DFFE_PP_,dp.rf.rf\[16\]\[8\]$_DFFE_PP_,0,tier0,tier1,normalized_unique
dp.rf.rf[16][9]$_DFFE_PP_,dp.rf.rf\[16\]\[9\]$_DFFE_PP_,1,tier1,tier1,normalized_unique
dp.rf.rf[17][0]$_DFFE_PP_,dp.rf.rf\[17\]\[0\]$_DFFE_PP_,1,tier1,tier1,normalized_unique
dp.rf.rf[17][10]$_DFFE_PP_,dp.rf.rf\[17\]\[10\]$_DFFE_PP_,1,tier1,tier1,normalized_unique
dp.rf.rf[17][11]$_DFFE_PP_,dp.rf.rf\[17\]\[11\]$_DFFE_PP_,0,tier0,tier1,normalized_unique
dp.rf.rf[17][12]$_DFFE_PP_,dp.rf.rf\[17\]\[12\]$_DFFE_PP_,1,tier1,tier1,normalized_unique
dp.rf.rf[17][13]$_DFFE_PP_,dp.rf.rf\[17\]\[13\]$_DFFE_PP_,1,tier1,tier1,normalized_unique
dp.rf.rf[17][14]$_DFFE_PP_,dp.rf.rf\[17\]\[14\]$_DFFE_PP_,1,tier1,tier1,normalized_unique
dp.rf.rf[17][15]$_DFFE_PP_,dp.rf.rf\[17\]\[15\]$_DFFE_PP_,1,tier1,tier1,normalized_unique
dp.rf.rf[17][16]$_DFFE_PP_,dp.rf.rf\[17\]\[16\]$_DFFE_PP_,0,tier0,tier0,normalized_unique
dp.rf.rf[17][17]$_DFFE_PP_,dp.rf.rf\[17\]\[17\]$_DFFE_PP_,0,tier0,tier0,normalized_unique
dp.rf.rf[17][18]$_DFFE_PP_,dp.rf.rf\[17\]\[18\]$_DFFE_PP_,0,tier0,tier1,normalized_unique
dp.rf.rf[17][19]$_DFFE_PP_,dp.rf.rf\[17\]\[19\]$_DFFE_PP_,0,tier0,tier1,normalized_unique
dp.rf.rf[17][1]$_DFFE_PP_,dp.rf.rf\[17\]\[1\]$_DFFE_PP_,1,tier1,tier1,normalized_unique
dp.rf.rf[17][20]$_DFFE_PP_,dp.rf.rf\[17\]\[20\]$_DFFE_PP_,0,tier0,tier0,normalized_unique
dp.rf.rf[17][21]$_DFFE_PP_,dp.rf.rf\[17\]\[21\]$_DFFE_PP_,0,tier0,tier1,normalized_unique
dp.rf.rf[17][22]$_DFFE_PP_,dp.rf.rf\[17\]\[22\]$_DFFE_PP_,0,tier0,tier1,normalized_unique
dp.rf.rf[17][23]$_DFFE_PP_,dp.rf.rf\[17\]\[23\]$_DFFE_PP_,0,tier0,tier1,normalized_unique
dp.rf.rf[17][24]$_DFFE_PP_,dp.rf.rf\[17\]\[24\]$_DFFE_PP_,0,tier0,tier1,normalized_unique
dp.rf.rf[17][25]$_DFFE_PP_,dp.rf.rf\[17\]\[25\]$_DFFE_PP_,0,tier0,tier1,normalized_unique
dp.rf.rf[17][26]$_DFFE_PP_,dp.rf.rf\[17\]\[26\]$_DFFE_PP_,0,tier0,tier1,normalized_unique
dp.rf.rf[17][27]$_DFFE_PP_,dp.rf.rf\[17\]\[27\]$_DFFE_PP_,0,tier0,tier1,normalized_unique
dp.rf.rf[17][28]$_DFFE_PP_,dp.rf.rf\[17\]\[28\]$_DFFE_PP_,0,tier0,tier0,normalized_unique
dp.rf.rf[17][29]$_DFFE_PP_,dp.rf.rf\[17\]\[29\]$_DFFE_PP_,0,tier0,tier1,normalized_unique
dp.rf.rf[17][2]$_DFFE_PP_,dp.rf.rf\[17\]\[2\]$_DFFE_PP_,1,tier1,tier1,normalized_unique
dp.rf.rf[17][30]$_DFFE_PP_,dp.rf.rf\[17\]\[30\]$_DFFE_PP_,0,tier0,tier0,normalized_unique
dp.rf.rf[17][31]$_DFFE_PP_,dp.rf.rf\[17\]\[31\]$_DFFE_PP_,0,tier0,tier1,normalized_unique
dp.rf.rf[17][3]$_DFFE_PP_,dp.rf.rf\[17\]\[3\]$_DFFE_PP_,0,tier0,tier1,normalized_unique
dp.rf.rf[17][4]$_DFFE_PP_,dp.rf.rf\[17\]\[4\]$_DFFE_PP_,1,tier1,tier1,normalized_unique
dp.rf.rf[17][5]$_DFFE_PP_,dp.rf.rf\[17\]\[5\]$_DFFE_PP_,0,tier0,tier1,normalized_unique
dp.rf.rf[17][6]$_DFFE_PP_,dp.rf.rf\[17\]\[6\]$_DFFE_PP_,0,tier0,tier1,normalized_unique
dp.rf.rf[17][7]$_DFFE_PP_,dp.rf.rf\[17\]\[7\]$_DFFE_PP_,0,tier0,tier1,normalized_unique
dp.rf.rf[17][8]$_DFFE_PP_,dp.rf.rf\[17\]\[8\]$_DFFE_PP_,0,tier0,tier1,normalized_unique
dp.rf.rf[17][9]$_DFFE_PP_,dp.rf.rf\[17\]\[9\]$_DFFE_PP_,1,tier1,tier1,normalized_unique
dp.rf.rf[18][0]$_DFFE_PP_,dp.rf.rf\[18\]\[0\]$_DFFE_PP_,1,tier1,tier1,normalized_unique
dp.rf.rf[18][10]$_DFFE_PP_,dp.rf.rf\[18\]\[10\]$_DFFE_PP_,1,tier1,tier1,normalized_unique
dp.rf.rf[18][11]$_DFFE_PP_,dp.rf.rf\[18\]\[11\]$_DFFE_PP_,0,tier0,tier1,normalized_unique
dp.rf.rf[18][12]$_DFFE_PP_,dp.rf.rf\[18\]\[12\]$_DFFE_PP_,1,tier1,tier1,normalized_unique
dp.rf.rf[18][13]$_DFFE_PP_,dp.rf.rf\[18\]\[13\]$_DFFE_PP_,1,tier1,tier1,normalized_unique
dp.rf.rf[18][14]$_DFFE_PP_,dp.rf.rf\[18\]\[14\]$_DFFE_PP_,1,tier1,tier1,normalized_unique
dp.rf.rf[18][15]$_DFFE_PP_,dp.rf.rf\[18\]\[15\]$_DFFE_PP_,1,tier1,tier1,normalized_unique
dp.rf.rf[18][16]$_DFFE_PP_,dp.rf.rf\[18\]\[16\]$_DFFE_PP_,0,tier0,tier0,normalized_unique
dp.rf.rf[18][17]$_DFFE_PP_,dp.rf.rf\[18\]\[17\]$_DFFE_PP_,0,tier0,tier0,normalized_unique
dp.rf.rf[18][18]$_DFFE_PP_,dp.rf.rf\[18\]\[18\]$_DFFE_PP_,0,tier0,tier1,normalized_unique
dp.rf.rf[18][19]$_DFFE_PP_,dp.rf.rf\[18\]\[19\]$_DFFE_PP_,0,tier0,tier1,normalized_unique
dp.rf.rf[18][1]$_DFFE_PP_,dp.rf.rf\[18\]\[1\]$_DFFE_PP_,1,tier1,tier1,normalized_unique
dp.rf.rf[18][20]$_DFFE_PP_,dp.rf.rf\[18\]\[20\]$_DFFE_PP_,0,tier0,tier0,normalized_unique
dp.rf.rf[18][21]$_DFFE_PP_,dp.rf.rf\[18\]\[21\]$_DFFE_PP_,0,tier0,tier1,normalized_unique
dp.rf.rf[18][22]$_DFFE_PP_,dp.rf.rf\[18\]\[22\]$_DFFE_PP_,0,tier0,tier1,normalized_unique
dp.rf.rf[18][23]$_DFFE_PP_,dp.rf.rf\[18\]\[23\]$_DFFE_PP_,0,tier0,tier1,normalized_unique
dp.rf.rf[18][24]$_DFFE_PP_,dp.rf.rf\[18\]\[24\]$_DFFE_PP_,0,tier0,tier1,normalized_unique
dp.rf.rf[18][25]$_DFFE_PP_,dp.rf.rf\[18\]\[25\]$_DFFE_PP_,0,tier0,tier1,normalized_unique
dp.rf.rf[18][26]$_DFFE_PP_,dp.rf.rf\[18\]\[26\]$_DFFE_PP_,0,tier0,tier1,normalized_unique
dp.rf.rf[18][27]$_DFFE_PP_,dp.rf.rf\[18\]\[27\]$_DFFE_PP_,0,tier0,tier1,normalized_unique
dp.rf.rf[18][28]$_DFFE_PP_,dp.rf.rf\[18\]\[28\]$_DFFE_PP_,0,tier0,tier0,normalized_unique
dp.rf.rf[18][29]$_DFFE_PP_,dp.rf.rf\[18\]\[29\]$_DFFE_PP_,0,tier0,tier1,normalized_unique
dp.rf.rf[18][2]$_DFFE_PP_,dp.rf.rf\[18\]\[2\]$_DFFE_PP_,1,tier1,tier1,normalized_unique
dp.rf.rf[18][30]$_DFFE_PP_,dp.rf.rf\[18\]\[30\]$_DFFE_PP_,0,tier0,tier0,normalized_unique
dp.rf.rf[18][31]$_DFFE_PP_,dp.rf.rf\[18\]\[31\]$_DFFE_PP_,0,tier0,tier1,normalized_unique
dp.rf.rf[18][3]$_DFFE_PP_,dp.rf.rf\[18\]\[3\]$_DFFE_PP_,0,tier0,tier1,normalized_unique
dp.rf.rf[18][4]$_DFFE_PP_,dp.rf.rf\[18\]\[4\]$_DFFE_PP_,1,tier1,tier1,normalized_unique
dp.rf.rf[18][5]$_DFFE_PP_,dp.rf.rf\[18\]\[5\]$_DFFE_PP_,0,tier0,tier1,normalized_unique
dp.rf.rf[18][6]$_DFFE_PP_,dp.rf.rf\[18\]\[6\]$_DFFE_PP_,0,tier0,tier1,normalized_unique
dp.rf.rf[18][7]$_DFFE_PP_,dp.rf.rf\[18\]\[7\]$_DFFE_PP_,0,tier0,tier1,normalized_unique
dp.rf.rf[18][8]$_DFFE_PP_,dp.rf.rf\[18\]\[8\]$_DFFE_PP_,0,tier0,tier1,normalized_unique
dp.rf.rf[18][9]$_DFFE_PP_,dp.rf.rf\[18\]\[9\]$_DFFE_PP_,1,tier1,tier1,normalized_unique
dp.rf.rf[19][0]$_DFFE_PP_,dp.rf.rf\[19\]\[0\]$_DFFE_PP_,1,tier1,tier1,normalized_unique
dp.rf.rf[19][10]$_DFFE_PP_,dp.rf.rf\[19\]\[10\]$_DFFE_PP_,1,tier1,tier1,normalized_unique
dp.rf.rf[19][11]$_DFFE_PP_,dp.rf.rf\[19\]\[11\]$_DFFE_PP_,0,tier0,tier1,normalized_unique
dp.rf.rf[19][12]$_DFFE_PP_,dp.rf.rf\[19\]\[12\]$_DFFE_PP_,1,tier1,tier1,normalized_unique
dp.rf.rf[19][13]$_DFFE_PP_,dp.rf.rf\[19\]\[13\]$_DFFE_PP_,1,tier1,tier1,normalized_unique
dp.rf.rf[19][14]$_DFFE_PP_,dp.rf.rf\[19\]\[14\]$_DFFE_PP_,1,tier1,tier1,normalized_unique
dp.rf.rf[19][15]$_DFFE_PP_,dp.rf.rf\[19\]\[15\]$_DFFE_PP_,1,tier1,tier1,normalized_unique
dp.rf.rf[19][16]$_DFFE_PP_,dp.rf.rf\[19\]\[16\]$_DFFE_PP_,0,tier0,tier0,normalized_unique
dp.rf.rf[19][17]$_DFFE_PP_,dp.rf.rf\[19\]\[17\]$_DFFE_PP_,0,tier0,tier0,normalized_unique
dp.rf.rf[19][18]$_DFFE_PP_,dp.rf.rf\[19\]\[18\]$_DFFE_PP_,0,tier0,tier1,normalized_unique
dp.rf.rf[19][19]$_DFFE_PP_,dp.rf.rf\[19\]\[19\]$_DFFE_PP_,0,tier0,tier1,normalized_unique
dp.rf.rf[19][1]$_DFFE_PP_,dp.rf.rf\[19\]\[1\]$_DFFE_PP_,1,tier1,tier1,normalized_unique
dp.rf.rf[19][20]$_DFFE_PP_,dp.rf.rf\[19\]\[20\]$_DFFE_PP_,0,tier0,tier0,normalized_unique
dp.rf.rf[19][21]$_DFFE_PP_,dp.rf.rf\[19\]\[21\]$_DFFE_PP_,0,tier0,tier1,normalized_unique
dp.rf.rf[19][22]$_DFFE_PP_,dp.rf.rf\[19\]\[22\]$_DFFE_PP_,0,tier0,tier1,normalized_unique
dp.rf.rf[19][23]$_DFFE_PP_,dp.rf.rf\[19\]\[23\]$_DFFE_PP_,0,tier0,tier1,normalized_unique
dp.rf.rf[19][24]$_DFFE_PP_,dp.rf.rf\[19\]\[24\]$_DFFE_PP_,0,tier0,tier1,normalized_unique
dp.rf.rf[19][25]$_DFFE_PP_,dp.rf.rf\[19\]\[25\]$_DFFE_PP_,0,tier0,tier1,normalized_unique
dp.rf.rf[19][26]$_DFFE_PP_,dp.rf.rf\[19\]\[26\]$_DFFE_PP_,0,tier0,tier1,normalized_unique
dp.rf.rf[19][27]$_DFFE_PP_,dp.rf.rf\[19\]\[27\]$_DFFE_PP_,0,tier0,tier1,normalized_unique
dp.rf.rf[19][28]$_DFFE_PP_,dp.rf.rf\[19\]\[28\]$_DFFE_PP_,0,tier0,tier0,normalized_unique
dp.rf.rf[19][29]$_DFFE_PP_,dp.rf.rf\[19\]\[29\]$_DFFE_PP_,0,tier0,tier1,normalized_unique
dp.rf.rf[19][2]$_DFFE_PP_,dp.rf.rf\[19\]\[2\]$_DFFE_PP_,1,tier1,tier1,normalized_unique
dp.rf.rf[19][30]$_DFFE_PP_,dp.rf.rf\[19\]\[30\]$_DFFE_PP_,0,tier0,tier0,normalized_unique
dp.rf.rf[19][31]$_DFFE_PP_,dp.rf.rf\[19\]\[31\]$_DFFE_PP_,0,tier0,tier1,normalized_unique
dp.rf.rf[19][3]$_DFFE_PP_,dp.rf.rf\[19\]\[3\]$_DFFE_PP_,0,tier0,tier1,normalized_unique
dp.rf.rf[19][4]$_DFFE_PP_,dp.rf.rf\[19\]\[4\]$_DFFE_PP_,1,tier1,tier1,normalized_unique
dp.rf.rf[19][5]$_DFFE_PP_,dp.rf.rf\[19\]\[5\]$_DFFE_PP_,0,tier0,tier1,normalized_unique
dp.rf.rf[19][6]$_DFFE_PP_,dp.rf.rf\[19\]\[6\]$_DFFE_PP_,0,tier0,tier1,normalized_unique
dp.rf.rf[19][7]$_DFFE_PP_,dp.rf.rf\[19\]\[7\]$_DFFE_PP_,0,tier0,tier1,normalized_unique
dp.rf.rf[19][8]$_DFFE_PP_,dp.rf.rf\[19\]\[8\]$_DFFE_PP_,0,tier0,tier1,normalized_unique
dp.rf.rf[19][9]$_DFFE_PP_,dp.rf.rf\[19\]\[9\]$_DFFE_PP_,1,tier1,tier1,normalized_unique
dp.rf.rf[1][0]$_DFFE_PP_,dp.rf.rf\[1\]\[0\]$_DFFE_PP_,1,tier1,tier1,normalized_unique
dp.rf.rf[1][10]$_DFFE_PP_,dp.rf.rf\[1\]\[10\]$_DFFE_PP_,1,tier1,tier1,normalized_unique
dp.rf.rf[1][11]$_DFFE_PP_,dp.rf.rf\[1\]\[11\]$_DFFE_PP_,0,tier0,tier1,normalized_unique
dp.rf.rf[1][12]$_DFFE_PP_,dp.rf.rf\[1\]\[12\]$_DFFE_PP_,1,tier1,tier1,normalized_unique
dp.rf.rf[1][13]$_DFFE_PP_,dp.rf.rf\[1\]\[13\]$_DFFE_PP_,1,tier1,tier1,normalized_unique
dp.rf.rf[1][14]$_DFFE_PP_,dp.rf.rf\[1\]\[14\]$_DFFE_PP_,1,tier1,tier1,normalized_unique
dp.rf.rf[1][15]$_DFFE_PP_,dp.rf.rf\[1\]\[15\]$_DFFE_PP_,1,tier1,tier1,normalized_unique
dp.rf.rf[1][16]$_DFFE_PP_,dp.rf.rf\[1\]\[16\]$_DFFE_PP_,0,tier0,tier0,normalized_unique
dp.rf.rf[1][17]$_DFFE_PP_,dp.rf.rf\[1\]\[17\]$_DFFE_PP_,0,tier0,tier0,normalized_unique
dp.rf.rf[1][18]$_DFFE_PP_,dp.rf.rf\[1\]\[18\]$_DFFE_PP_,0,tier0,tier1,normalized_unique
dp.rf.rf[1][19]$_DFFE_PP_,dp.rf.rf\[1\]\[19\]$_DFFE_PP_,0,tier0,tier1,normalized_unique
dp.rf.rf[1][1]$_DFFE_PP_,dp.rf.rf\[1\]\[1\]$_DFFE_PP_,1,tier1,tier1,normalized_unique
dp.rf.rf[1][20]$_DFFE_PP_,dp.rf.rf\[1\]\[20\]$_DFFE_PP_,0,tier0,tier0,normalized_unique
dp.rf.rf[1][21]$_DFFE_PP_,dp.rf.rf\[1\]\[21\]$_DFFE_PP_,0,tier0,tier1,normalized_unique
dp.rf.rf[1][22]$_DFFE_PP_,dp.rf.rf\[1\]\[22\]$_DFFE_PP_,0,tier0,tier1,normalized_unique
dp.rf.rf[1][23]$_DFFE_PP_,dp.rf.rf\[1\]\[23\]$_DFFE_PP_,0,tier0,tier1,normalized_unique
dp.rf.rf[1][24]$_DFFE_PP_,dp.rf.rf\[1\]\[24\]$_DFFE_PP_,0,tier0,tier1,normalized_unique
dp.rf.rf[1][25]$_DFFE_PP_,dp.rf.rf\[1\]\[25\]$_DFFE_PP_,0,tier0,tier1,normalized_unique
dp.rf.rf[1][26]$_DFFE_PP_,dp.rf.rf\[1\]\[26\]$_DFFE_PP_,0,tier0,tier1,normalized_unique
dp.rf.rf[1][27]$_DFFE_PP_,dp.rf.rf\[1\]\[27\]$_DFFE_PP_,0,tier0,tier1,normalized_unique
dp.rf.rf[1][28]$_DFFE_PP_,dp.rf.rf\[1\]\[28\]$_DFFE_PP_,0,tier0,tier0,normalized_unique
dp.rf.rf[1][29]$_DFFE_PP_,dp.rf.rf\[1\]\[29\]$_DFFE_PP_,0,tier0,tier1,normalized_unique
dp.rf.rf[1][2]$_DFFE_PP_,dp.rf.rf\[1\]\[2\]$_DFFE_PP_,1,tier1,tier1,normalized_unique
dp.rf.rf[1][30]$_DFFE_PP_,dp.rf.rf\[1\]\[30\]$_DFFE_PP_,0,tier0,tier0,normalized_unique
dp.rf.rf[1][31]$_DFFE_PP_,dp.rf.rf\[1\]\[31\]$_DFFE_PP_,0,tier0,tier1,normalized_unique
dp.rf.rf[1][3]$_DFFE_PP_,dp.rf.rf\[1\]\[3\]$_DFFE_PP_,0,tier0,tier1,normalized_unique
dp.rf.rf[1][4]$_DFFE_PP_,dp.rf.rf\[1\]\[4\]$_DFFE_PP_,1,tier1,tier1,normalized_unique
dp.rf.rf[1][5]$_DFFE_PP_,dp.rf.rf\[1\]\[5\]$_DFFE_PP_,0,tier0,tier1,normalized_unique
dp.rf.rf[1][6]$_DFFE_PP_,dp.rf.rf\[1\]\[6\]$_DFFE_PP_,0,tier0,tier1,normalized_unique
dp.rf.rf[1][7]$_DFFE_PP_,dp.rf.rf\[1\]\[7\]$_DFFE_PP_,0,tier0,tier1,normalized_unique
dp.rf.rf[1][8]$_DFFE_PP_,dp.rf.rf\[1\]\[8\]$_DFFE_PP_,0,tier0,tier1,normalized_unique
dp.rf.rf[1][9]$_DFFE_PP_,dp.rf.rf\[1\]\[9\]$_DFFE_PP_,1,tier1,tier1,normalized_unique
dp.rf.rf[20][0]$_DFFE_PP_,dp.rf.rf\[20\]\[0\]$_DFFE_PP_,1,tier1,tier1,normalized_unique
dp.rf.rf[20][10]$_DFFE_PP_,dp.rf.rf\[20\]\[10\]$_DFFE_PP_,1,tier1,tier1,normalized_unique
dp.rf.rf[20][11]$_DFFE_PP_,dp.rf.rf\[20\]\[11\]$_DFFE_PP_,0,tier0,tier1,normalized_unique
dp.rf.rf[20][12]$_DFFE_PP_,dp.rf.rf\[20\]\[12\]$_DFFE_PP_,1,tier1,tier1,normalized_unique
dp.rf.rf[20][13]$_DFFE_PP_,dp.rf.rf\[20\]\[13\]$_DFFE_PP_,1,tier1,tier1,normalized_unique
dp.rf.rf[20][14]$_DFFE_PP_,dp.rf.rf\[20\]\[14\]$_DFFE_PP_,1,tier1,tier1,normalized_unique
dp.rf.rf[20][15]$_DFFE_PP_,dp.rf.rf\[20\]\[15\]$_DFFE_PP_,1,tier1,tier1,normalized_unique
dp.rf.rf[20][16]$_DFFE_PP_,dp.rf.rf\[20\]\[16\]$_DFFE_PP_,0,tier0,tier0,normalized_unique
dp.rf.rf[20][17]$_DFFE_PP_,dp.rf.rf\[20\]\[17\]$_DFFE_PP_,0,tier0,tier0,normalized_unique
dp.rf.rf[20][18]$_DFFE_PP_,dp.rf.rf\[20\]\[18\]$_DFFE_PP_,0,tier0,tier1,normalized_unique
dp.rf.rf[20][19]$_DFFE_PP_,dp.rf.rf\[20\]\[19\]$_DFFE_PP_,0,tier0,tier1,normalized_unique
dp.rf.rf[20][1]$_DFFE_PP_,dp.rf.rf\[20\]\[1\]$_DFFE_PP_,1,tier1,tier1,normalized_unique
dp.rf.rf[20][20]$_DFFE_PP_,dp.rf.rf\[20\]\[20\]$_DFFE_PP_,0,tier0,tier0,normalized_unique
dp.rf.rf[20][21]$_DFFE_PP_,dp.rf.rf\[20\]\[21\]$_DFFE_PP_,0,tier0,tier1,normalized_unique
dp.rf.rf[20][22]$_DFFE_PP_,dp.rf.rf\[20\]\[22\]$_DFFE_PP_,0,tier0,tier1,normalized_unique
dp.rf.rf[20][23]$_DFFE_PP_,dp.rf.rf\[20\]\[23\]$_DFFE_PP_,0,tier0,tier1,normalized_unique
dp.rf.rf[20][24]$_DFFE_PP_,dp.rf.rf\[20\]\[24\]$_DFFE_PP_,0,tier0,tier1,normalized_unique
dp.rf.rf[20][25]$_DFFE_PP_,dp.rf.rf\[20\]\[25\]$_DFFE_PP_,0,tier0,tier1,normalized_unique
dp.rf.rf[20][26]$_DFFE_PP_,dp.rf.rf\[20\]\[26\]$_DFFE_PP_,0,tier0,tier1,normalized_unique
dp.rf.rf[20][27]$_DFFE_PP_,dp.rf.rf\[20\]\[27\]$_DFFE_PP_,0,tier0,tier1,normalized_unique
dp.rf.rf[20][28]$_DFFE_PP_,dp.rf.rf\[20\]\[28\]$_DFFE_PP_,0,tier0,tier0,normalized_unique
dp.rf.rf[20][29]$_DFFE_PP_,dp.rf.rf\[20\]\[29\]$_DFFE_PP_,0,tier0,tier1,normalized_unique
dp.rf.rf[20][2]$_DFFE_PP_,dp.rf.rf\[20\]\[2\]$_DFFE_PP_,1,tier1,tier1,normalized_unique
dp.rf.rf[20][30]$_DFFE_PP_,dp.rf.rf\[20\]\[30\]$_DFFE_PP_,0,tier0,tier0,normalized_unique
dp.rf.rf[20][31]$_DFFE_PP_,dp.rf.rf\[20\]\[31\]$_DFFE_PP_,0,tier0,tier1,normalized_unique
dp.rf.rf[20][3]$_DFFE_PP_,dp.rf.rf\[20\]\[3\]$_DFFE_PP_,0,tier0,tier1,normalized_unique
dp.rf.rf[20][4]$_DFFE_PP_,dp.rf.rf\[20\]\[4\]$_DFFE_PP_,1,tier1,tier1,normalized_unique
dp.rf.rf[20][5]$_DFFE_PP_,dp.rf.rf\[20\]\[5\]$_DFFE_PP_,0,tier0,tier1,normalized_unique
dp.rf.rf[20][6]$_DFFE_PP_,dp.rf.rf\[20\]\[6\]$_DFFE_PP_,0,tier0,tier1,normalized_unique
dp.rf.rf[20][7]$_DFFE_PP_,dp.rf.rf\[20\]\[7\]$_DFFE_PP_,0,tier0,tier1,normalized_unique
dp.rf.rf[20][8]$_DFFE_PP_,dp.rf.rf\[20\]\[8\]$_DFFE_PP_,0,tier0,tier1,normalized_unique
dp.rf.rf[20][9]$_DFFE_PP_,dp.rf.rf\[20\]\[9\]$_DFFE_PP_,1,tier1,tier1,normalized_unique
dp.rf.rf[21][0]$_DFFE_PP_,dp.rf.rf\[21\]\[0\]$_DFFE_PP_,1,tier1,tier1,normalized_unique
dp.rf.rf[21][10]$_DFFE_PP_,dp.rf.rf\[21\]\[10\]$_DFFE_PP_,1,tier1,tier1,normalized_unique
dp.rf.rf[21][11]$_DFFE_PP_,dp.rf.rf\[21\]\[11\]$_DFFE_PP_,0,tier0,tier1,normalized_unique
dp.rf.rf[21][12]$_DFFE_PP_,dp.rf.rf\[21\]\[12\]$_DFFE_PP_,1,tier1,tier1,normalized_unique
dp.rf.rf[21][13]$_DFFE_PP_,dp.rf.rf\[21\]\[13\]$_DFFE_PP_,1,tier1,tier1,normalized_unique
dp.rf.rf[21][14]$_DFFE_PP_,dp.rf.rf\[21\]\[14\]$_DFFE_PP_,1,tier1,tier1,normalized_unique
dp.rf.rf[21][15]$_DFFE_PP_,dp.rf.rf\[21\]\[15\]$_DFFE_PP_,1,tier1,tier1,normalized_unique
dp.rf.rf[21][16]$_DFFE_PP_,dp.rf.rf\[21\]\[16\]$_DFFE_PP_,0,tier0,tier0,normalized_unique
dp.rf.rf[21][17]$_DFFE_PP_,dp.rf.rf\[21\]\[17\]$_DFFE_PP_,0,tier0,tier0,normalized_unique
dp.rf.rf[21][18]$_DFFE_PP_,dp.rf.rf\[21\]\[18\]$_DFFE_PP_,0,tier0,tier1,normalized_unique
dp.rf.rf[21][19]$_DFFE_PP_,dp.rf.rf\[21\]\[19\]$_DFFE_PP_,0,tier0,tier1,normalized_unique
dp.rf.rf[21][1]$_DFFE_PP_,dp.rf.rf\[21\]\[1\]$_DFFE_PP_,1,tier1,tier1,normalized_unique
dp.rf.rf[21][20]$_DFFE_PP_,dp.rf.rf\[21\]\[20\]$_DFFE_PP_,0,tier0,tier0,normalized_unique
dp.rf.rf[21][21]$_DFFE_PP_,dp.rf.rf\[21\]\[21\]$_DFFE_PP_,0,tier0,tier1,normalized_unique
dp.rf.rf[21][22]$_DFFE_PP_,dp.rf.rf\[21\]\[22\]$_DFFE_PP_,0,tier0,tier1,normalized_unique
dp.rf.rf[21][23]$_DFFE_PP_,dp.rf.rf\[21\]\[23\]$_DFFE_PP_,0,tier0,tier1,normalized_unique
dp.rf.rf[21][24]$_DFFE_PP_,dp.rf.rf\[21\]\[24\]$_DFFE_PP_,0,tier0,tier1,normalized_unique
dp.rf.rf[21][25]$_DFFE_PP_,dp.rf.rf\[21\]\[25\]$_DFFE_PP_,0,tier0,tier1,normalized_unique
dp.rf.rf[21][26]$_DFFE_PP_,dp.rf.rf\[21\]\[26\]$_DFFE_PP_,0,tier0,tier1,normalized_unique
dp.rf.rf[21][27]$_DFFE_PP_,dp.rf.rf\[21\]\[27\]$_DFFE_PP_,0,tier0,tier1,normalized_unique
dp.rf.rf[21][28]$_DFFE_PP_,dp.rf.rf\[21\]\[28\]$_DFFE_PP_,0,tier0,tier0,normalized_unique
dp.rf.rf[21][29]$_DFFE_PP_,dp.rf.rf\[21\]\[29\]$_DFFE_PP_,0,tier0,tier1,normalized_unique
dp.rf.rf[21][2]$_DFFE_PP_,dp.rf.rf\[21\]\[2\]$_DFFE_PP_,1,tier1,tier1,normalized_unique
dp.rf.rf[21][30]$_DFFE_PP_,dp.rf.rf\[21\]\[30\]$_DFFE_PP_,0,tier0,tier0,normalized_unique
dp.rf.rf[21][31]$_DFFE_PP_,dp.rf.rf\[21\]\[31\]$_DFFE_PP_,0,tier0,tier1,normalized_unique
dp.rf.rf[21][3]$_DFFE_PP_,dp.rf.rf\[21\]\[3\]$_DFFE_PP_,0,tier0,tier1,normalized_unique
dp.rf.rf[21][4]$_DFFE_PP_,dp.rf.rf\[21\]\[4\]$_DFFE_PP_,1,tier1,tier1,normalized_unique
dp.rf.rf[21][5]$_DFFE_PP_,dp.rf.rf\[21\]\[5\]$_DFFE_PP_,0,tier0,tier1,normalized_unique
dp.rf.rf[21][6]$_DFFE_PP_,dp.rf.rf\[21\]\[6\]$_DFFE_PP_,0,tier0,tier1,normalized_unique
dp.rf.rf[21][7]$_DFFE_PP_,dp.rf.rf\[21\]\[7\]$_DFFE_PP_,0,tier0,tier1,normalized_unique
dp.rf.rf[21][8]$_DFFE_PP_,dp.rf.rf\[21\]\[8\]$_DFFE_PP_,0,tier0,tier1,normalized_unique
dp.rf.rf[21][9]$_DFFE_PP_,dp.rf.rf\[21\]\[9\]$_DFFE_PP_,1,tier1,tier1,normalized_unique
dp.rf.rf[22][0]$_DFFE_PP_,dp.rf.rf\[22\]\[0\]$_DFFE_PP_,1,tier1,tier1,normalized_unique
dp.rf.rf[22][10]$_DFFE_PP_,dp.rf.rf\[22\]\[10\]$_DFFE_PP_,1,tier1,tier1,normalized_unique
dp.rf.rf[22][11]$_DFFE_PP_,dp.rf.rf\[22\]\[11\]$_DFFE_PP_,0,tier0,tier1,normalized_unique
dp.rf.rf[22][12]$_DFFE_PP_,dp.rf.rf\[22\]\[12\]$_DFFE_PP_,1,tier1,tier1,normalized_unique
dp.rf.rf[22][13]$_DFFE_PP_,dp.rf.rf\[22\]\[13\]$_DFFE_PP_,1,tier1,tier1,normalized_unique
dp.rf.rf[22][14]$_DFFE_PP_,dp.rf.rf\[22\]\[14\]$_DFFE_PP_,1,tier1,tier1,normalized_unique
dp.rf.rf[22][15]$_DFFE_PP_,dp.rf.rf\[22\]\[15\]$_DFFE_PP_,1,tier1,tier1,normalized_unique
dp.rf.rf[22][16]$_DFFE_PP_,dp.rf.rf\[22\]\[16\]$_DFFE_PP_,0,tier0,tier0,normalized_unique
dp.rf.rf[22][17]$_DFFE_PP_,dp.rf.rf\[22\]\[17\]$_DFFE_PP_,0,tier0,tier0,normalized_unique
dp.rf.rf[22][18]$_DFFE_PP_,dp.rf.rf\[22\]\[18\]$_DFFE_PP_,0,tier0,tier1,normalized_unique
dp.rf.rf[22][19]$_DFFE_PP_,dp.rf.rf\[22\]\[19\]$_DFFE_PP_,0,tier0,tier1,normalized_unique
dp.rf.rf[22][1]$_DFFE_PP_,dp.rf.rf\[22\]\[1\]$_DFFE_PP_,1,tier1,tier1,normalized_unique
dp.rf.rf[22][20]$_DFFE_PP_,dp.rf.rf\[22\]\[20\]$_DFFE_PP_,0,tier0,tier0,normalized_unique
dp.rf.rf[22][21]$_DFFE_PP_,dp.rf.rf\[22\]\[21\]$_DFFE_PP_,0,tier0,tier1,normalized_unique
dp.rf.rf[22][22]$_DFFE_PP_,dp.rf.rf\[22\]\[22\]$_DFFE_PP_,0,tier0,tier1,normalized_unique
dp.rf.rf[22][23]$_DFFE_PP_,dp.rf.rf\[22\]\[23\]$_DFFE_PP_,0,tier0,tier1,normalized_unique
dp.rf.rf[22][24]$_DFFE_PP_,dp.rf.rf\[22\]\[24\]$_DFFE_PP_,0,tier0,tier1,normalized_unique
dp.rf.rf[22][25]$_DFFE_PP_,dp.rf.rf\[22\]\[25\]$_DFFE_PP_,0,tier0,tier1,normalized_unique
dp.rf.rf[22][26]$_DFFE_PP_,dp.rf.rf\[22\]\[26\]$_DFFE_PP_,0,tier0,tier1,normalized_unique
dp.rf.rf[22][27]$_DFFE_PP_,dp.rf.rf\[22\]\[27\]$_DFFE_PP_,0,tier0,tier1,normalized_unique
dp.rf.rf[22][28]$_DFFE_PP_,dp.rf.rf\[22\]\[28\]$_DFFE_PP_,0,tier0,tier0,normalized_unique
dp.rf.rf[22][29]$_DFFE_PP_,dp.rf.rf\[22\]\[29\]$_DFFE_PP_,0,tier0,tier1,normalized_unique
dp.rf.rf[22][2]$_DFFE_PP_,dp.rf.rf\[22\]\[2\]$_DFFE_PP_,1,tier1,tier1,normalized_unique
dp.rf.rf[22][30]$_DFFE_PP_,dp.rf.rf\[22\]\[30\]$_DFFE_PP_,0,tier0,tier0,normalized_unique
dp.rf.rf[22][31]$_DFFE_PP_,dp.rf.rf\[22\]\[31\]$_DFFE_PP_,0,tier0,tier1,normalized_unique
dp.rf.rf[22][3]$_DFFE_PP_,dp.rf.rf\[22\]\[3\]$_DFFE_PP_,0,tier0,tier1,normalized_unique
dp.rf.rf[22][4]$_DFFE_PP_,dp.rf.rf\[22\]\[4\]$_DFFE_PP_,1,tier1,tier1,normalized_unique
dp.rf.rf[22][5]$_DFFE_PP_,dp.rf.rf\[22\]\[5\]$_DFFE_PP_,0,tier0,tier1,normalized_unique
dp.rf.rf[22][6]$_DFFE_PP_,dp.rf.rf\[22\]\[6\]$_DFFE_PP_,0,tier0,tier1,normalized_unique
dp.rf.rf[22][7]$_DFFE_PP_,dp.rf.rf\[22\]\[7\]$_DFFE_PP_,0,tier0,tier1,normalized_unique
dp.rf.rf[22][8]$_DFFE_PP_,dp.rf.rf\[22\]\[8\]$_DFFE_PP_,0,tier0,tier1,normalized_unique
dp.rf.rf[22][9]$_DFFE_PP_,dp.rf.rf\[22\]\[9\]$_DFFE_PP_,1,tier1,tier1,normalized_unique
dp.rf.rf[23][0]$_DFFE_PP_,dp.rf.rf\[23\]\[0\]$_DFFE_PP_,1,tier1,tier1,normalized_unique
dp.rf.rf[23][10]$_DFFE_PP_,dp.rf.rf\[23\]\[10\]$_DFFE_PP_,1,tier1,tier1,normalized_unique
dp.rf.rf[23][11]$_DFFE_PP_,dp.rf.rf\[23\]\[11\]$_DFFE_PP_,0,tier0,tier1,normalized_unique
dp.rf.rf[23][12]$_DFFE_PP_,dp.rf.rf\[23\]\[12\]$_DFFE_PP_,1,tier1,tier1,normalized_unique
dp.rf.rf[23][13]$_DFFE_PP_,dp.rf.rf\[23\]\[13\]$_DFFE_PP_,1,tier1,tier1,normalized_unique
dp.rf.rf[23][14]$_DFFE_PP_,dp.rf.rf\[23\]\[14\]$_DFFE_PP_,1,tier1,tier1,normalized_unique
dp.rf.rf[23][15]$_DFFE_PP_,dp.rf.rf\[23\]\[15\]$_DFFE_PP_,1,tier1,tier1,normalized_unique
dp.rf.rf[23][16]$_DFFE_PP_,dp.rf.rf\[23\]\[16\]$_DFFE_PP_,0,tier0,tier0,normalized_unique
dp.rf.rf[23][17]$_DFFE_PP_,dp.rf.rf\[23\]\[17\]$_DFFE_PP_,0,tier0,tier0,normalized_unique
dp.rf.rf[23][18]$_DFFE_PP_,dp.rf.rf\[23\]\[18\]$_DFFE_PP_,0,tier0,tier1,normalized_unique
dp.rf.rf[23][19]$_DFFE_PP_,dp.rf.rf\[23\]\[19\]$_DFFE_PP_,0,tier0,tier1,normalized_unique
dp.rf.rf[23][1]$_DFFE_PP_,dp.rf.rf\[23\]\[1\]$_DFFE_PP_,1,tier1,tier1,normalized_unique
dp.rf.rf[23][20]$_DFFE_PP_,dp.rf.rf\[23\]\[20\]$_DFFE_PP_,0,tier0,tier0,normalized_unique
dp.rf.rf[23][21]$_DFFE_PP_,dp.rf.rf\[23\]\[21\]$_DFFE_PP_,0,tier0,tier1,normalized_unique
dp.rf.rf[23][22]$_DFFE_PP_,dp.rf.rf\[23\]\[22\]$_DFFE_PP_,0,tier0,tier1,normalized_unique
dp.rf.rf[23][23]$_DFFE_PP_,dp.rf.rf\[23\]\[23\]$_DFFE_PP_,0,tier0,tier1,normalized_unique
dp.rf.rf[23][24]$_DFFE_PP_,dp.rf.rf\[23\]\[24\]$_DFFE_PP_,0,tier0,tier1,normalized_unique
dp.rf.rf[23][25]$_DFFE_PP_,dp.rf.rf\[23\]\[25\]$_DFFE_PP_,0,tier0,tier1,normalized_unique
dp.rf.rf[23][26]$_DFFE_PP_,dp.rf.rf\[23\]\[26\]$_DFFE_PP_,0,tier0,tier1,normalized_unique
dp.rf.rf[23][27]$_DFFE_PP_,dp.rf.rf\[23\]\[27\]$_DFFE_PP_,0,tier0,tier1,normalized_unique
dp.rf.rf[23][28]$_DFFE_PP_,dp.rf.rf\[23\]\[28\]$_DFFE_PP_,0,tier0,tier0,normalized_unique
dp.rf.rf[23][29]$_DFFE_PP_,dp.rf.rf\[23\]\[29\]$_DFFE_PP_,0,tier0,tier1,normalized_unique
dp.rf.rf[23][2]$_DFFE_PP_,dp.rf.rf\[23\]\[2\]$_DFFE_PP_,1,tier1,tier1,normalized_unique
dp.rf.rf[23][30]$_DFFE_PP_,dp.rf.rf\[23\]\[30\]$_DFFE_PP_,0,tier0,tier0,normalized_unique
dp.rf.rf[23][31]$_DFFE_PP_,dp.rf.rf\[23\]\[31\]$_DFFE_PP_,0,tier0,tier1,normalized_unique
dp.rf.rf[23][3]$_DFFE_PP_,dp.rf.rf\[23\]\[3\]$_DFFE_PP_,0,tier0,tier1,normalized_unique
dp.rf.rf[23][4]$_DFFE_PP_,dp.rf.rf\[23\]\[4\]$_DFFE_PP_,1,tier1,tier1,normalized_unique
dp.rf.rf[23][5]$_DFFE_PP_,dp.rf.rf\[23\]\[5\]$_DFFE_PP_,0,tier0,tier1,normalized_unique
dp.rf.rf[23][6]$_DFFE_PP_,dp.rf.rf\[23\]\[6\]$_DFFE_PP_,0,tier0,tier1,normalized_unique
dp.rf.rf[23][7]$_DFFE_PP_,dp.rf.rf\[23\]\[7\]$_DFFE_PP_,0,tier0,tier1,normalized_unique
dp.rf.rf[23][8]$_DFFE_PP_,dp.rf.rf\[23\]\[8\]$_DFFE_PP_,0,tier0,tier1,normalized_unique
dp.rf.rf[23][9]$_DFFE_PP_,dp.rf.rf\[23\]\[9\]$_DFFE_PP_,1,tier1,tier1,normalized_unique
dp.rf.rf[24][0]$_DFFE_PP_,dp.rf.rf\[24\]\[0\]$_DFFE_PP_,1,tier1,tier1,normalized_unique
dp.rf.rf[24][10]$_DFFE_PP_,dp.rf.rf\[24\]\[10\]$_DFFE_PP_,1,tier1,tier1,normalized_unique
dp.rf.rf[24][11]$_DFFE_PP_,dp.rf.rf\[24\]\[11\]$_DFFE_PP_,0,tier0,tier1,normalized_unique
dp.rf.rf[24][12]$_DFFE_PP_,dp.rf.rf\[24\]\[12\]$_DFFE_PP_,1,tier1,tier1,normalized_unique
dp.rf.rf[24][13]$_DFFE_PP_,dp.rf.rf\[24\]\[13\]$_DFFE_PP_,1,tier1,tier1,normalized_unique
dp.rf.rf[24][14]$_DFFE_PP_,dp.rf.rf\[24\]\[14\]$_DFFE_PP_,1,tier1,tier1,normalized_unique
dp.rf.rf[24][15]$_DFFE_PP_,dp.rf.rf\[24\]\[15\]$_DFFE_PP_,1,tier1,tier1,normalized_unique
dp.rf.rf[24][16]$_DFFE_PP_,dp.rf.rf\[24\]\[16\]$_DFFE_PP_,0,tier0,tier0,normalized_unique
dp.rf.rf[24][17]$_DFFE_PP_,dp.rf.rf\[24\]\[17\]$_DFFE_PP_,0,tier0,tier0,normalized_unique
dp.rf.rf[24][18]$_DFFE_PP_,dp.rf.rf\[24\]\[18\]$_DFFE_PP_,0,tier0,tier1,normalized_unique
dp.rf.rf[24][19]$_DFFE_PP_,dp.rf.rf\[24\]\[19\]$_DFFE_PP_,0,tier0,tier1,normalized_unique
dp.rf.rf[24][1]$_DFFE_PP_,dp.rf.rf\[24\]\[1\]$_DFFE_PP_,1,tier1,tier1,normalized_unique
dp.rf.rf[24][20]$_DFFE_PP_,dp.rf.rf\[24\]\[20\]$_DFFE_PP_,0,tier0,tier0,normalized_unique
dp.rf.rf[24][21]$_DFFE_PP_,dp.rf.rf\[24\]\[21\]$_DFFE_PP_,0,tier0,tier1,normalized_unique
dp.rf.rf[24][22]$_DFFE_PP_,dp.rf.rf\[24\]\[22\]$_DFFE_PP_,0,tier0,tier1,normalized_unique
dp.rf.rf[24][23]$_DFFE_PP_,dp.rf.rf\[24\]\[23\]$_DFFE_PP_,0,tier0,tier1,normalized_unique
dp.rf.rf[24][24]$_DFFE_PP_,dp.rf.rf\[24\]\[24\]$_DFFE_PP_,0,tier0,tier1,normalized_unique
dp.rf.rf[24][25]$_DFFE_PP_,dp.rf.rf\[24\]\[25\]$_DFFE_PP_,0,tier0,tier1,normalized_unique
dp.rf.rf[24][26]$_DFFE_PP_,dp.rf.rf\[24\]\[26\]$_DFFE_PP_,0,tier0,tier1,normalized_unique
dp.rf.rf[24][27]$_DFFE_PP_,dp.rf.rf\[24\]\[27\]$_DFFE_PP_,0,tier0,tier1,normalized_unique
dp.rf.rf[24][28]$_DFFE_PP_,dp.rf.rf\[24\]\[28\]$_DFFE_PP_,0,tier0,tier0,normalized_unique
dp.rf.rf[24][29]$_DFFE_PP_,dp.rf.rf\[24\]\[29\]$_DFFE_PP_,0,tier0,tier1,normalized_unique
dp.rf.rf[24][2]$_DFFE_PP_,dp.rf.rf\[24\]\[2\]$_DFFE_PP_,1,tier1,tier1,normalized_unique
dp.rf.rf[24][30]$_DFFE_PP_,dp.rf.rf\[24\]\[30\]$_DFFE_PP_,0,tier0,tier0,normalized_unique
dp.rf.rf[24][31]$_DFFE_PP_,dp.rf.rf\[24\]\[31\]$_DFFE_PP_,0,tier0,tier1,normalized_unique
dp.rf.rf[24][3]$_DFFE_PP_,dp.rf.rf\[24\]\[3\]$_DFFE_PP_,0,tier0,tier1,normalized_unique
dp.rf.rf[24][4]$_DFFE_PP_,dp.rf.rf\[24\]\[4\]$_DFFE_PP_,1,tier1,tier1,normalized_unique
dp.rf.rf[24][5]$_DFFE_PP_,dp.rf.rf\[24\]\[5\]$_DFFE_PP_,0,tier0,tier1,normalized_unique
dp.rf.rf[24][6]$_DFFE_PP_,dp.rf.rf\[24\]\[6\]$_DFFE_PP_,0,tier0,tier1,normalized_unique
dp.rf.rf[24][7]$_DFFE_PP_,dp.rf.rf\[24\]\[7\]$_DFFE_PP_,0,tier0,tier1,normalized_unique
dp.rf.rf[24][8]$_DFFE_PP_,dp.rf.rf\[24\]\[8\]$_DFFE_PP_,0,tier0,tier1,normalized_unique
dp.rf.rf[24][9]$_DFFE_PP_,dp.rf.rf\[24\]\[9\]$_DFFE_PP_,1,tier1,tier1,normalized_unique
dp.rf.rf[25][0]$_DFFE_PP_,dp.rf.rf\[25\]\[0\]$_DFFE_PP_,1,tier1,tier1,normalized_unique
dp.rf.rf[25][10]$_DFFE_PP_,dp.rf.rf\[25\]\[10\]$_DFFE_PP_,1,tier1,tier1,normalized_unique
dp.rf.rf[25][11]$_DFFE_PP_,dp.rf.rf\[25\]\[11\]$_DFFE_PP_,0,tier0,tier1,normalized_unique
dp.rf.rf[25][12]$_DFFE_PP_,dp.rf.rf\[25\]\[12\]$_DFFE_PP_,1,tier1,tier1,normalized_unique
dp.rf.rf[25][13]$_DFFE_PP_,dp.rf.rf\[25\]\[13\]$_DFFE_PP_,1,tier1,tier1,normalized_unique
dp.rf.rf[25][14]$_DFFE_PP_,dp.rf.rf\[25\]\[14\]$_DFFE_PP_,1,tier1,tier1,normalized_unique
dp.rf.rf[25][15]$_DFFE_PP_,dp.rf.rf\[25\]\[15\]$_DFFE_PP_,1,tier1,tier1,normalized_unique
dp.rf.rf[25][16]$_DFFE_PP_,dp.rf.rf\[25\]\[16\]$_DFFE_PP_,0,tier0,tier0,normalized_unique
dp.rf.rf[25][17]$_DFFE_PP_,dp.rf.rf\[25\]\[17\]$_DFFE_PP_,0,tier0,tier0,normalized_unique
dp.rf.rf[25][18]$_DFFE_PP_,dp.rf.rf\[25\]\[18\]$_DFFE_PP_,0,tier0,tier1,normalized_unique
dp.rf.rf[25][19]$_DFFE_PP_,dp.rf.rf\[25\]\[19\]$_DFFE_PP_,0,tier0,tier1,normalized_unique
dp.rf.rf[25][1]$_DFFE_PP_,dp.rf.rf\[25\]\[1\]$_DFFE_PP_,1,tier1,tier1,normalized_unique
dp.rf.rf[25][20]$_DFFE_PP_,dp.rf.rf\[25\]\[20\]$_DFFE_PP_,0,tier0,tier0,normalized_unique
dp.rf.rf[25][21]$_DFFE_PP_,dp.rf.rf\[25\]\[21\]$_DFFE_PP_,0,tier0,tier1,normalized_unique
dp.rf.rf[25][22]$_DFFE_PP_,dp.rf.rf\[25\]\[22\]$_DFFE_PP_,0,tier0,tier1,normalized_unique
dp.rf.rf[25][23]$_DFFE_PP_,dp.rf.rf\[25\]\[23\]$_DFFE_PP_,0,tier0,tier1,normalized_unique
dp.rf.rf[25][24]$_DFFE_PP_,dp.rf.rf\[25\]\[24\]$_DFFE_PP_,0,tier0,tier1,normalized_unique
dp.rf.rf[25][25]$_DFFE_PP_,dp.rf.rf\[25\]\[25\]$_DFFE_PP_,0,tier0,tier1,normalized_unique
dp.rf.rf[25][26]$_DFFE_PP_,dp.rf.rf\[25\]\[26\]$_DFFE_PP_,0,tier0,tier1,normalized_unique
dp.rf.rf[25][27]$_DFFE_PP_,dp.rf.rf\[25\]\[27\]$_DFFE_PP_,0,tier0,tier1,normalized_unique
dp.rf.rf[25][28]$_DFFE_PP_,dp.rf.rf\[25\]\[28\]$_DFFE_PP_,0,tier0,tier0,normalized_unique
dp.rf.rf[25][29]$_DFFE_PP_,dp.rf.rf\[25\]\[29\]$_DFFE_PP_,0,tier0,tier1,normalized_unique
dp.rf.rf[25][2]$_DFFE_PP_,dp.rf.rf\[25\]\[2\]$_DFFE_PP_,1,tier1,tier1,normalized_unique
dp.rf.rf[25][30]$_DFFE_PP_,dp.rf.rf\[25\]\[30\]$_DFFE_PP_,0,tier0,tier0,normalized_unique
dp.rf.rf[25][31]$_DFFE_PP_,dp.rf.rf\[25\]\[31\]$_DFFE_PP_,0,tier0,tier1,normalized_unique
dp.rf.rf[25][3]$_DFFE_PP_,dp.rf.rf\[25\]\[3\]$_DFFE_PP_,0,tier0,tier1,normalized_unique
dp.rf.rf[25][4]$_DFFE_PP_,dp.rf.rf\[25\]\[4\]$_DFFE_PP_,1,tier1,tier1,normalized_unique
dp.rf.rf[25][5]$_DFFE_PP_,dp.rf.rf\[25\]\[5\]$_DFFE_PP_,0,tier0,tier1,normalized_unique
dp.rf.rf[25][6]$_DFFE_PP_,dp.rf.rf\[25\]\[6\]$_DFFE_PP_,0,tier0,tier1,normalized_unique
dp.rf.rf[25][7]$_DFFE_PP_,dp.rf.rf\[25\]\[7\]$_DFFE_PP_,0,tier0,tier1,normalized_unique
dp.rf.rf[25][8]$_DFFE_PP_,dp.rf.rf\[25\]\[8\]$_DFFE_PP_,0,tier0,tier1,normalized_unique
dp.rf.rf[25][9]$_DFFE_PP_,dp.rf.rf\[25\]\[9\]$_DFFE_PP_,1,tier1,tier1,normalized_unique
dp.rf.rf[26][0]$_DFFE_PP_,dp.rf.rf\[26\]\[0\]$_DFFE_PP_,1,tier1,tier1,normalized_unique
dp.rf.rf[26][10]$_DFFE_PP_,dp.rf.rf\[26\]\[10\]$_DFFE_PP_,1,tier1,tier1,normalized_unique
dp.rf.rf[26][11]$_DFFE_PP_,dp.rf.rf\[26\]\[11\]$_DFFE_PP_,0,tier0,tier1,normalized_unique
dp.rf.rf[26][12]$_DFFE_PP_,dp.rf.rf\[26\]\[12\]$_DFFE_PP_,1,tier1,tier1,normalized_unique
dp.rf.rf[26][13]$_DFFE_PP_,dp.rf.rf\[26\]\[13\]$_DFFE_PP_,1,tier1,tier1,normalized_unique
dp.rf.rf[26][14]$_DFFE_PP_,dp.rf.rf\[26\]\[14\]$_DFFE_PP_,1,tier1,tier1,normalized_unique
dp.rf.rf[26][15]$_DFFE_PP_,dp.rf.rf\[26\]\[15\]$_DFFE_PP_,1,tier1,tier1,normalized_unique
dp.rf.rf[26][16]$_DFFE_PP_,dp.rf.rf\[26\]\[16\]$_DFFE_PP_,0,tier0,tier0,normalized_unique
dp.rf.rf[26][17]$_DFFE_PP_,dp.rf.rf\[26\]\[17\]$_DFFE_PP_,0,tier0,tier0,normalized_unique
dp.rf.rf[26][18]$_DFFE_PP_,dp.rf.rf\[26\]\[18\]$_DFFE_PP_,0,tier0,tier1,normalized_unique
dp.rf.rf[26][19]$_DFFE_PP_,dp.rf.rf\[26\]\[19\]$_DFFE_PP_,0,tier0,tier1,normalized_unique
dp.rf.rf[26][1]$_DFFE_PP_,dp.rf.rf\[26\]\[1\]$_DFFE_PP_,1,tier1,tier1,normalized_unique
dp.rf.rf[26][20]$_DFFE_PP_,dp.rf.rf\[26\]\[20\]$_DFFE_PP_,0,tier0,tier0,normalized_unique
dp.rf.rf[26][21]$_DFFE_PP_,dp.rf.rf\[26\]\[21\]$_DFFE_PP_,0,tier0,tier1,normalized_unique
dp.rf.rf[26][22]$_DFFE_PP_,dp.rf.rf\[26\]\[22\]$_DFFE_PP_,0,tier0,tier1,normalized_unique
dp.rf.rf[26][23]$_DFFE_PP_,dp.rf.rf\[26\]\[23\]$_DFFE_PP_,0,tier0,tier1,normalized_unique
dp.rf.rf[26][24]$_DFFE_PP_,dp.rf.rf\[26\]\[24\]$_DFFE_PP_,0,tier0,tier1,normalized_unique
dp.rf.rf[26][25]$_DFFE_PP_,dp.rf.rf\[26\]\[25\]$_DFFE_PP_,0,tier0,tier1,normalized_unique
dp.rf.rf[26][26]$_DFFE_PP_,dp.rf.rf\[26\]\[26\]$_DFFE_PP_,0,tier0,tier1,normalized_unique
dp.rf.rf[26][27]$_DFFE_PP_,dp.rf.rf\[26\]\[27\]$_DFFE_PP_,0,tier0,tier1,normalized_unique
dp.rf.rf[26][28]$_DFFE_PP_,dp.rf.rf\[26\]\[28\]$_DFFE_PP_,0,tier0,tier0,normalized_unique
dp.rf.rf[26][29]$_DFFE_PP_,dp.rf.rf\[26\]\[29\]$_DFFE_PP_,0,tier0,tier1,normalized_unique
dp.rf.rf[26][2]$_DFFE_PP_,dp.rf.rf\[26\]\[2\]$_DFFE_PP_,1,tier1,tier1,normalized_unique
dp.rf.rf[26][30]$_DFFE_PP_,dp.rf.rf\[26\]\[30\]$_DFFE_PP_,0,tier0,tier0,normalized_unique
dp.rf.rf[26][31]$_DFFE_PP_,dp.rf.rf\[26\]\[31\]$_DFFE_PP_,0,tier0,tier1,normalized_unique
dp.rf.rf[26][3]$_DFFE_PP_,dp.rf.rf\[26\]\[3\]$_DFFE_PP_,1,tier1,tier1,normalized_unique
dp.rf.rf[26][4]$_DFFE_PP_,dp.rf.rf\[26\]\[4\]$_DFFE_PP_,1,tier1,tier1,normalized_unique
dp.rf.rf[26][5]$_DFFE_PP_,dp.rf.rf\[26\]\[5\]$_DFFE_PP_,0,tier0,tier1,normalized_unique
dp.rf.rf[26][6]$_DFFE_PP_,dp.rf.rf\[26\]\[6\]$_DFFE_PP_,0,tier0,tier1,normalized_unique
dp.rf.rf[26][7]$_DFFE_PP_,dp.rf.rf\[26\]\[7\]$_DFFE_PP_,0,tier0,tier1,normalized_unique
dp.rf.rf[26][8]$_DFFE_PP_,dp.rf.rf\[26\]\[8\]$_DFFE_PP_,0,tier0,tier1,normalized_unique
dp.rf.rf[26][9]$_DFFE_PP_,dp.rf.rf\[26\]\[9\]$_DFFE_PP_,1,tier1,tier1,normalized_unique
dp.rf.rf[27][0]$_DFFE_PP_,dp.rf.rf\[27\]\[0\]$_DFFE_PP_,1,tier1,tier1,normalized_unique
dp.rf.rf[27][10]$_DFFE_PP_,dp.rf.rf\[27\]\[10\]$_DFFE_PP_,1,tier1,tier1,normalized_unique
dp.rf.rf[27][11]$_DFFE_PP_,dp.rf.rf\[27\]\[11\]$_DFFE_PP_,0,tier0,tier1,normalized_unique
dp.rf.rf[27][12]$_DFFE_PP_,dp.rf.rf\[27\]\[12\]$_DFFE_PP_,1,tier1,tier1,normalized_unique
dp.rf.rf[27][13]$_DFFE_PP_,dp.rf.rf\[27\]\[13\]$_DFFE_PP_,1,tier1,tier1,normalized_unique
dp.rf.rf[27][14]$_DFFE_PP_,dp.rf.rf\[27\]\[14\]$_DFFE_PP_,1,tier1,tier1,normalized_unique
dp.rf.rf[27][15]$_DFFE_PP_,dp.rf.rf\[27\]\[15\]$_DFFE_PP_,1,tier1,tier1,normalized_unique
dp.rf.rf[27][16]$_DFFE_PP_,dp.rf.rf\[27\]\[16\]$_DFFE_PP_,0,tier0,tier0,normalized_unique
dp.rf.rf[27][17]$_DFFE_PP_,dp.rf.rf\[27\]\[17\]$_DFFE_PP_,0,tier0,tier0,normalized_unique
dp.rf.rf[27][18]$_DFFE_PP_,dp.rf.rf\[27\]\[18\]$_DFFE_PP_,0,tier0,tier1,normalized_unique
dp.rf.rf[27][19]$_DFFE_PP_,dp.rf.rf\[27\]\[19\]$_DFFE_PP_,0,tier0,tier1,normalized_unique
dp.rf.rf[27][1]$_DFFE_PP_,dp.rf.rf\[27\]\[1\]$_DFFE_PP_,1,tier1,tier1,normalized_unique
dp.rf.rf[27][20]$_DFFE_PP_,dp.rf.rf\[27\]\[20\]$_DFFE_PP_,0,tier0,tier0,normalized_unique
dp.rf.rf[27][21]$_DFFE_PP_,dp.rf.rf\[27\]\[21\]$_DFFE_PP_,0,tier0,tier1,normalized_unique
dp.rf.rf[27][22]$_DFFE_PP_,dp.rf.rf\[27\]\[22\]$_DFFE_PP_,0,tier0,tier1,normalized_unique
dp.rf.rf[27][23]$_DFFE_PP_,dp.rf.rf\[27\]\[23\]$_DFFE_PP_,0,tier0,tier1,normalized_unique
dp.rf.rf[27][24]$_DFFE_PP_,dp.rf.rf\[27\]\[24\]$_DFFE_PP_,0,tier0,tier1,normalized_unique
dp.rf.rf[27][25]$_DFFE_PP_,dp.rf.rf\[27\]\[25\]$_DFFE_PP_,0,tier0,tier1,normalized_unique
dp.rf.rf[27][26]$_DFFE_PP_,dp.rf.rf\[27\]\[26\]$_DFFE_PP_,0,tier0,tier1,normalized_unique
dp.rf.rf[27][27]$_DFFE_PP_,dp.rf.rf\[27\]\[27\]$_DFFE_PP_,0,tier0,tier1,normalized_unique
dp.rf.rf[27][28]$_DFFE_PP_,dp.rf.rf\[27\]\[28\]$_DFFE_PP_,0,tier0,tier0,normalized_unique
dp.rf.rf[27][29]$_DFFE_PP_,dp.rf.rf\[27\]\[29\]$_DFFE_PP_,0,tier0,tier1,normalized_unique
dp.rf.rf[27][2]$_DFFE_PP_,dp.rf.rf\[27\]\[2\]$_DFFE_PP_,1,tier1,tier1,normalized_unique
dp.rf.rf[27][30]$_DFFE_PP_,dp.rf.rf\[27\]\[30\]$_DFFE_PP_,0,tier0,tier0,normalized_unique
dp.rf.rf[27][31]$_DFFE_PP_,dp.rf.rf\[27\]\[31\]$_DFFE_PP_,0,tier0,tier1,normalized_unique
dp.rf.rf[27][3]$_DFFE_PP_,dp.rf.rf\[27\]\[3\]$_DFFE_PP_,0,tier0,tier1,normalized_unique
dp.rf.rf[27][4]$_DFFE_PP_,dp.rf.rf\[27\]\[4\]$_DFFE_PP_,1,tier1,tier1,normalized_unique
dp.rf.rf[27][5]$_DFFE_PP_,dp.rf.rf\[27\]\[5\]$_DFFE_PP_,0,tier0,tier1,normalized_unique
dp.rf.rf[27][6]$_DFFE_PP_,dp.rf.rf\[27\]\[6\]$_DFFE_PP_,0,tier0,tier1,normalized_unique
dp.rf.rf[27][7]$_DFFE_PP_,dp.rf.rf\[27\]\[7\]$_DFFE_PP_,0,tier0,tier1,normalized_unique
dp.rf.rf[27][8]$_DFFE_PP_,dp.rf.rf\[27\]\[8\]$_DFFE_PP_,0,tier0,tier1,normalized_unique
dp.rf.rf[27][9]$_DFFE_PP_,dp.rf.rf\[27\]\[9\]$_DFFE_PP_,1,tier1,tier1,normalized_unique
dp.rf.rf[28][0]$_DFFE_PP_,dp.rf.rf\[28\]\[0\]$_DFFE_PP_,1,tier1,tier1,normalized_unique
dp.rf.rf[28][10]$_DFFE_PP_,dp.rf.rf\[28\]\[10\]$_DFFE_PP_,1,tier1,tier1,normalized_unique
dp.rf.rf[28][11]$_DFFE_PP_,dp.rf.rf\[28\]\[11\]$_DFFE_PP_,0,tier0,tier1,normalized_unique
dp.rf.rf[28][12]$_DFFE_PP_,dp.rf.rf\[28\]\[12\]$_DFFE_PP_,1,tier1,tier1,normalized_unique
dp.rf.rf[28][13]$_DFFE_PP_,dp.rf.rf\[28\]\[13\]$_DFFE_PP_,1,tier1,tier1,normalized_unique
dp.rf.rf[28][14]$_DFFE_PP_,dp.rf.rf\[28\]\[14\]$_DFFE_PP_,1,tier1,tier1,normalized_unique
dp.rf.rf[28][15]$_DFFE_PP_,dp.rf.rf\[28\]\[15\]$_DFFE_PP_,1,tier1,tier1,normalized_unique
dp.rf.rf[28][16]$_DFFE_PP_,dp.rf.rf\[28\]\[16\]$_DFFE_PP_,0,tier0,tier0,normalized_unique
dp.rf.rf[28][17]$_DFFE_PP_,dp.rf.rf\[28\]\[17\]$_DFFE_PP_,0,tier0,tier0,normalized_unique
dp.rf.rf[28][18]$_DFFE_PP_,dp.rf.rf\[28\]\[18\]$_DFFE_PP_,0,tier0,tier1,normalized_unique
dp.rf.rf[28][19]$_DFFE_PP_,dp.rf.rf\[28\]\[19\]$_DFFE_PP_,0,tier0,tier1,normalized_unique
dp.rf.rf[28][1]$_DFFE_PP_,dp.rf.rf\[28\]\[1\]$_DFFE_PP_,1,tier1,tier1,normalized_unique
dp.rf.rf[28][20]$_DFFE_PP_,dp.rf.rf\[28\]\[20\]$_DFFE_PP_,0,tier0,tier0,normalized_unique
dp.rf.rf[28][21]$_DFFE_PP_,dp.rf.rf\[28\]\[21\]$_DFFE_PP_,0,tier0,tier1,normalized_unique
dp.rf.rf[28][22]$_DFFE_PP_,dp.rf.rf\[28\]\[22\]$_DFFE_PP_,0,tier0,tier1,normalized_unique
dp.rf.rf[28][23]$_DFFE_PP_,dp.rf.rf\[28\]\[23\]$_DFFE_PP_,0,tier0,tier1,normalized_unique
dp.rf.rf[28][24]$_DFFE_PP_,dp.rf.rf\[28\]\[24\]$_DFFE_PP_,0,tier0,tier1,normalized_unique
dp.rf.rf[28][25]$_DFFE_PP_,dp.rf.rf\[28\]\[25\]$_DFFE_PP_,0,tier0,tier1,normalized_unique
dp.rf.rf[28][26]$_DFFE_PP_,dp.rf.rf\[28\]\[26\]$_DFFE_PP_,0,tier0,tier1,normalized_unique
dp.rf.rf[28][27]$_DFFE_PP_,dp.rf.rf\[28\]\[27\]$_DFFE_PP_,0,tier0,tier1,normalized_unique
dp.rf.rf[28][28]$_DFFE_PP_,dp.rf.rf\[28\]\[28\]$_DFFE_PP_,0,tier0,tier0,normalized_unique
dp.rf.rf[28][29]$_DFFE_PP_,dp.rf.rf\[28\]\[29\]$_DFFE_PP_,0,tier0,tier1,normalized_unique
dp.rf.rf[28][2]$_DFFE_PP_,dp.rf.rf\[28\]\[2\]$_DFFE_PP_,1,tier1,tier1,normalized_unique
dp.rf.rf[28][30]$_DFFE_PP_,dp.rf.rf\[28\]\[30\]$_DFFE_PP_,0,tier0,tier0,normalized_unique
dp.rf.rf[28][31]$_DFFE_PP_,dp.rf.rf\[28\]\[31\]$_DFFE_PP_,0,tier0,tier1,normalized_unique
dp.rf.rf[28][3]$_DFFE_PP_,dp.rf.rf\[28\]\[3\]$_DFFE_PP_,0,tier0,tier1,normalized_unique
dp.rf.rf[28][4]$_DFFE_PP_,dp.rf.rf\[28\]\[4\]$_DFFE_PP_,1,tier1,tier1,normalized_unique
dp.rf.rf[28][5]$_DFFE_PP_,dp.rf.rf\[28\]\[5\]$_DFFE_PP_,0,tier0,tier1,normalized_unique
dp.rf.rf[28][6]$_DFFE_PP_,dp.rf.rf\[28\]\[6\]$_DFFE_PP_,0,tier0,tier1,normalized_unique
dp.rf.rf[28][7]$_DFFE_PP_,dp.rf.rf\[28\]\[7\]$_DFFE_PP_,0,tier0,tier1,normalized_unique
dp.rf.rf[28][8]$_DFFE_PP_,dp.rf.rf\[28\]\[8\]$_DFFE_PP_,0,tier0,tier1,normalized_unique
dp.rf.rf[28][9]$_DFFE_PP_,dp.rf.rf\[28\]\[9\]$_DFFE_PP_,1,tier1,tier1,normalized_unique
dp.rf.rf[29][0]$_DFFE_PP_,dp.rf.rf\[29\]\[0\]$_DFFE_PP_,1,tier1,tier1,normalized_unique
dp.rf.rf[29][10]$_DFFE_PP_,dp.rf.rf\[29\]\[10\]$_DFFE_PP_,1,tier1,tier1,normalized_unique
dp.rf.rf[29][11]$_DFFE_PP_,dp.rf.rf\[29\]\[11\]$_DFFE_PP_,0,tier0,tier1,normalized_unique
dp.rf.rf[29][12]$_DFFE_PP_,dp.rf.rf\[29\]\[12\]$_DFFE_PP_,1,tier1,tier1,normalized_unique
dp.rf.rf[29][13]$_DFFE_PP_,dp.rf.rf\[29\]\[13\]$_DFFE_PP_,1,tier1,tier1,normalized_unique
dp.rf.rf[29][14]$_DFFE_PP_,dp.rf.rf\[29\]\[14\]$_DFFE_PP_,1,tier1,tier1,normalized_unique
dp.rf.rf[29][15]$_DFFE_PP_,dp.rf.rf\[29\]\[15\]$_DFFE_PP_,1,tier1,tier1,normalized_unique
dp.rf.rf[29][16]$_DFFE_PP_,dp.rf.rf\[29\]\[16\]$_DFFE_PP_,0,tier0,tier0,normalized_unique
dp.rf.rf[29][17]$_DFFE_PP_,dp.rf.rf\[29\]\[17\]$_DFFE_PP_,0,tier0,tier0,normalized_unique
dp.rf.rf[29][18]$_DFFE_PP_,dp.rf.rf\[29\]\[18\]$_DFFE_PP_,1,tier1,tier1,normalized_unique
dp.rf.rf[29][19]$_DFFE_PP_,dp.rf.rf\[29\]\[19\]$_DFFE_PP_,0,tier0,tier1,normalized_unique
dp.rf.rf[29][1]$_DFFE_PP_,dp.rf.rf\[29\]\[1\]$_DFFE_PP_,1,tier1,tier1,normalized_unique
dp.rf.rf[29][20]$_DFFE_PP_,dp.rf.rf\[29\]\[20\]$_DFFE_PP_,0,tier0,tier0,normalized_unique
dp.rf.rf[29][21]$_DFFE_PP_,dp.rf.rf\[29\]\[21\]$_DFFE_PP_,0,tier0,tier1,normalized_unique
dp.rf.rf[29][22]$_DFFE_PP_,dp.rf.rf\[29\]\[22\]$_DFFE_PP_,0,tier0,tier1,normalized_unique
dp.rf.rf[29][23]$_DFFE_PP_,dp.rf.rf\[29\]\[23\]$_DFFE_PP_,0,tier0,tier1,normalized_unique
dp.rf.rf[29][24]$_DFFE_PP_,dp.rf.rf\[29\]\[24\]$_DFFE_PP_,0,tier0,tier1,normalized_unique
dp.rf.rf[29][25]$_DFFE_PP_,dp.rf.rf\[29\]\[25\]$_DFFE_PP_,0,tier0,tier1,normalized_unique
dp.rf.rf[29][26]$_DFFE_PP_,dp.rf.rf\[29\]\[26\]$_DFFE_PP_,0,tier0,tier1,normalized_unique
dp.rf.rf[29][27]$_DFFE_PP_,dp.rf.rf\[29\]\[27\]$_DFFE_PP_,0,tier0,tier1,normalized_unique
dp.rf.rf[29][28]$_DFFE_PP_,dp.rf.rf\[29\]\[28\]$_DFFE_PP_,0,tier0,tier0,normalized_unique
dp.rf.rf[29][29]$_DFFE_PP_,dp.rf.rf\[29\]\[29\]$_DFFE_PP_,0,tier0,tier1,normalized_unique
dp.rf.rf[29][2]$_DFFE_PP_,dp.rf.rf\[29\]\[2\]$_DFFE_PP_,1,tier1,tier1,normalized_unique
dp.rf.rf[29][30]$_DFFE_PP_,dp.rf.rf\[29\]\[30\]$_DFFE_PP_,0,tier0,tier0,normalized_unique
dp.rf.rf[29][31]$_DFFE_PP_,dp.rf.rf\[29\]\[31\]$_DFFE_PP_,0,tier0,tier1,normalized_unique
dp.rf.rf[29][3]$_DFFE_PP_,dp.rf.rf\[29\]\[3\]$_DFFE_PP_,0,tier0,tier1,normalized_unique
dp.rf.rf[29][4]$_DFFE_PP_,dp.rf.rf\[29\]\[4\]$_DFFE_PP_,1,tier1,tier1,normalized_unique
dp.rf.rf[29][5]$_DFFE_PP_,dp.rf.rf\[29\]\[5\]$_DFFE_PP_,0,tier0,tier1,normalized_unique
dp.rf.rf[29][6]$_DFFE_PP_,dp.rf.rf\[29\]\[6\]$_DFFE_PP_,0,tier0,tier1,normalized_unique
dp.rf.rf[29][7]$_DFFE_PP_,dp.rf.rf\[29\]\[7\]$_DFFE_PP_,0,tier0,tier1,normalized_unique
dp.rf.rf[29][8]$_DFFE_PP_,dp.rf.rf\[29\]\[8\]$_DFFE_PP_,0,tier0,tier1,normalized_unique
dp.rf.rf[29][9]$_DFFE_PP_,dp.rf.rf\[29\]\[9\]$_DFFE_PP_,1,tier1,tier1,normalized_unique
dp.rf.rf[2][0]$_DFFE_PP_,dp.rf.rf\[2\]\[0\]$_DFFE_PP_,1,tier1,tier1,normalized_unique
dp.rf.rf[2][10]$_DFFE_PP_,dp.rf.rf\[2\]\[10\]$_DFFE_PP_,1,tier1,tier1,normalized_unique
dp.rf.rf[2][11]$_DFFE_PP_,dp.rf.rf\[2\]\[11\]$_DFFE_PP_,0,tier0,tier1,normalized_unique
dp.rf.rf[2][12]$_DFFE_PP_,dp.rf.rf\[2\]\[12\]$_DFFE_PP_,1,tier1,tier1,normalized_unique
dp.rf.rf[2][13]$_DFFE_PP_,dp.rf.rf\[2\]\[13\]$_DFFE_PP_,1,tier1,tier1,normalized_unique
dp.rf.rf[2][14]$_DFFE_PP_,dp.rf.rf\[2\]\[14\]$_DFFE_PP_,1,tier1,tier1,normalized_unique
dp.rf.rf[2][15]$_DFFE_PP_,dp.rf.rf\[2\]\[15\]$_DFFE_PP_,1,tier1,tier1,normalized_unique
dp.rf.rf[2][16]$_DFFE_PP_,dp.rf.rf\[2\]\[16\]$_DFFE_PP_,0,tier0,tier0,normalized_unique
dp.rf.rf[2][17]$_DFFE_PP_,dp.rf.rf\[2\]\[17\]$_DFFE_PP_,0,tier0,tier0,normalized_unique
dp.rf.rf[2][18]$_DFFE_PP_,dp.rf.rf\[2\]\[18\]$_DFFE_PP_,0,tier0,tier1,normalized_unique
dp.rf.rf[2][19]$_DFFE_PP_,dp.rf.rf\[2\]\[19\]$_DFFE_PP_,0,tier0,tier1,normalized_unique
dp.rf.rf[2][1]$_DFFE_PP_,dp.rf.rf\[2\]\[1\]$_DFFE_PP_,1,tier1,tier1,normalized_unique
dp.rf.rf[2][20]$_DFFE_PP_,dp.rf.rf\[2\]\[20\]$_DFFE_PP_,0,tier0,tier0,normalized_unique
dp.rf.rf[2][21]$_DFFE_PP_,dp.rf.rf\[2\]\[21\]$_DFFE_PP_,0,tier0,tier1,normalized_unique
dp.rf.rf[2][22]$_DFFE_PP_,dp.rf.rf\[2\]\[22\]$_DFFE_PP_,0,tier0,tier1,normalized_unique
dp.rf.rf[2][23]$_DFFE_PP_,dp.rf.rf\[2\]\[23\]$_DFFE_PP_,0,tier0,tier1,normalized_unique
dp.rf.rf[2][24]$_DFFE_PP_,dp.rf.rf\[2\]\[24\]$_DFFE_PP_,0,tier0,tier1,normalized_unique
dp.rf.rf[2][25]$_DFFE_PP_,dp.rf.rf\[2\]\[25\]$_DFFE_PP_,0,tier0,tier1,normalized_unique
dp.rf.rf[2][26]$_DFFE_PP_,dp.rf.rf\[2\]\[26\]$_DFFE_PP_,0,tier0,tier1,normalized_unique
dp.rf.rf[2][27]$_DFFE_PP_,dp.rf.rf\[2\]\[27\]$_DFFE_PP_,0,tier0,tier1,normalized_unique
dp.rf.rf[2][28]$_DFFE_PP_,dp.rf.rf\[2\]\[28\]$_DFFE_PP_,0,tier0,tier0,normalized_unique
dp.rf.rf[2][29]$_DFFE_PP_,dp.rf.rf\[2\]\[29\]$_DFFE_PP_,0,tier0,tier1,normalized_unique
dp.rf.rf[2][2]$_DFFE_PP_,dp.rf.rf\[2\]\[2\]$_DFFE_PP_,1,tier1,tier1,normalized_unique
dp.rf.rf[2][30]$_DFFE_PP_,dp.rf.rf\[2\]\[30\]$_DFFE_PP_,0,tier0,tier0,normalized_unique
dp.rf.rf[2][31]$_DFFE_PP_,dp.rf.rf\[2\]\[31\]$_DFFE_PP_,0,tier0,tier1,normalized_unique
dp.rf.rf[2][3]$_DFFE_PP_,dp.rf.rf\[2\]\[3\]$_DFFE_PP_,0,tier0,tier1,normalized_unique
dp.rf.rf[2][4]$_DFFE_PP_,dp.rf.rf\[2\]\[4\]$_DFFE_PP_,1,tier1,tier1,normalized_unique
dp.rf.rf[2][5]$_DFFE_PP_,dp.rf.rf\[2\]\[5\]$_DFFE_PP_,0,tier0,tier1,normalized_unique
dp.rf.rf[2][6]$_DFFE_PP_,dp.rf.rf\[2\]\[6\]$_DFFE_PP_,0,tier0,tier1,normalized_unique
dp.rf.rf[2][7]$_DFFE_PP_,dp.rf.rf\[2\]\[7\]$_DFFE_PP_,0,tier0,tier1,normalized_unique
dp.rf.rf[2][8]$_DFFE_PP_,dp.rf.rf\[2\]\[8\]$_DFFE_PP_,0,tier0,tier1,normalized_unique
dp.rf.rf[2][9]$_DFFE_PP_,dp.rf.rf\[2\]\[9\]$_DFFE_PP_,1,tier1,tier1,normalized_unique
dp.rf.rf[30][0]$_DFFE_PP_,dp.rf.rf\[30\]\[0\]$_DFFE_PP_,1,tier1,tier1,normalized_unique
dp.rf.rf[30][10]$_DFFE_PP_,dp.rf.rf\[30\]\[10\]$_DFFE_PP_,1,tier1,tier1,normalized_unique
dp.rf.rf[30][11]$_DFFE_PP_,dp.rf.rf\[30\]\[11\]$_DFFE_PP_,0,tier0,tier1,normalized_unique
dp.rf.rf[30][12]$_DFFE_PP_,dp.rf.rf\[30\]\[12\]$_DFFE_PP_,1,tier1,tier1,normalized_unique
dp.rf.rf[30][13]$_DFFE_PP_,dp.rf.rf\[30\]\[13\]$_DFFE_PP_,1,tier1,tier1,normalized_unique
dp.rf.rf[30][14]$_DFFE_PP_,dp.rf.rf\[30\]\[14\]$_DFFE_PP_,1,tier1,tier1,normalized_unique
dp.rf.rf[30][15]$_DFFE_PP_,dp.rf.rf\[30\]\[15\]$_DFFE_PP_,1,tier1,tier1,normalized_unique
dp.rf.rf[30][16]$_DFFE_PP_,dp.rf.rf\[30\]\[16\]$_DFFE_PP_,0,tier0,tier0,normalized_unique
dp.rf.rf[30][17]$_DFFE_PP_,dp.rf.rf\[30\]\[17\]$_DFFE_PP_,0,tier0,tier0,normalized_unique
dp.rf.rf[30][18]$_DFFE_PP_,dp.rf.rf\[30\]\[18\]$_DFFE_PP_,0,tier0,tier1,normalized_unique
dp.rf.rf[30][19]$_DFFE_PP_,dp.rf.rf\[30\]\[19\]$_DFFE_PP_,0,tier0,tier1,normalized_unique
dp.rf.rf[30][1]$_DFFE_PP_,dp.rf.rf\[30\]\[1\]$_DFFE_PP_,1,tier1,tier1,normalized_unique
dp.rf.rf[30][20]$_DFFE_PP_,dp.rf.rf\[30\]\[20\]$_DFFE_PP_,0,tier0,tier0,normalized_unique
dp.rf.rf[30][21]$_DFFE_PP_,dp.rf.rf\[30\]\[21\]$_DFFE_PP_,0,tier0,tier1,normalized_unique
dp.rf.rf[30][22]$_DFFE_PP_,dp.rf.rf\[30\]\[22\]$_DFFE_PP_,0,tier0,tier1,normalized_unique
dp.rf.rf[30][23]$_DFFE_PP_,dp.rf.rf\[30\]\[23\]$_DFFE_PP_,0,tier0,tier1,normalized_unique
dp.rf.rf[30][24]$_DFFE_PP_,dp.rf.rf\[30\]\[24\]$_DFFE_PP_,0,tier0,tier1,normalized_unique
dp.rf.rf[30][25]$_DFFE_PP_,dp.rf.rf\[30\]\[25\]$_DFFE_PP_,0,tier0,tier1,normalized_unique
dp.rf.rf[30][26]$_DFFE_PP_,dp.rf.rf\[30\]\[26\]$_DFFE_PP_,0,tier0,tier1,normalized_unique
dp.rf.rf[30][27]$_DFFE_PP_,dp.rf.rf\[30\]\[27\]$_DFFE_PP_,0,tier0,tier1,normalized_unique
dp.rf.rf[30][28]$_DFFE_PP_,dp.rf.rf\[30\]\[28\]$_DFFE_PP_,0,tier0,tier0,normalized_unique
dp.rf.rf[30][29]$_DFFE_PP_,dp.rf.rf\[30\]\[29\]$_DFFE_PP_,0,tier0,tier1,normalized_unique
dp.rf.rf[30][2]$_DFFE_PP_,dp.rf.rf\[30\]\[2\]$_DFFE_PP_,1,tier1,tier1,normalized_unique
dp.rf.rf[30][30]$_DFFE_PP_,dp.rf.rf\[30\]\[30\]$_DFFE_PP_,0,tier0,tier0,normalized_unique
dp.rf.rf[30][31]$_DFFE_PP_,dp.rf.rf\[30\]\[31\]$_DFFE_PP_,0,tier0,tier1,normalized_unique
dp.rf.rf[30][3]$_DFFE_PP_,dp.rf.rf\[30\]\[3\]$_DFFE_PP_,0,tier0,tier1,normalized_unique
dp.rf.rf[30][4]$_DFFE_PP_,dp.rf.rf\[30\]\[4\]$_DFFE_PP_,1,tier1,tier1,normalized_unique
dp.rf.rf[30][5]$_DFFE_PP_,dp.rf.rf\[30\]\[5\]$_DFFE_PP_,0,tier0,tier1,normalized_unique
dp.rf.rf[30][6]$_DFFE_PP_,dp.rf.rf\[30\]\[6\]$_DFFE_PP_,0,tier0,tier1,normalized_unique
dp.rf.rf[30][7]$_DFFE_PP_,dp.rf.rf\[30\]\[7\]$_DFFE_PP_,0,tier0,tier1,normalized_unique
dp.rf.rf[30][8]$_DFFE_PP_,dp.rf.rf\[30\]\[8\]$_DFFE_PP_,0,tier0,tier1,normalized_unique
dp.rf.rf[30][9]$_DFFE_PP_,dp.rf.rf\[30\]\[9\]$_DFFE_PP_,1,tier1,tier1,normalized_unique
dp.rf.rf[31][0]$_DFFE_PP_,dp.rf.rf\[31\]\[0\]$_DFFE_PP_,1,tier1,tier1,normalized_unique
dp.rf.rf[31][10]$_DFFE_PP_,dp.rf.rf\[31\]\[10\]$_DFFE_PP_,1,tier1,tier1,normalized_unique
dp.rf.rf[31][11]$_DFFE_PP_,dp.rf.rf\[31\]\[11\]$_DFFE_PP_,0,tier0,tier1,normalized_unique
dp.rf.rf[31][12]$_DFFE_PP_,dp.rf.rf\[31\]\[12\]$_DFFE_PP_,1,tier1,tier1,normalized_unique
dp.rf.rf[31][13]$_DFFE_PP_,dp.rf.rf\[31\]\[13\]$_DFFE_PP_,1,tier1,tier1,normalized_unique
dp.rf.rf[31][14]$_DFFE_PP_,dp.rf.rf\[31\]\[14\]$_DFFE_PP_,1,tier1,tier1,normalized_unique
dp.rf.rf[31][15]$_DFFE_PP_,dp.rf.rf\[31\]\[15\]$_DFFE_PP_,1,tier1,tier1,normalized_unique
dp.rf.rf[31][16]$_DFFE_PP_,dp.rf.rf\[31\]\[16\]$_DFFE_PP_,0,tier0,tier0,normalized_unique
dp.rf.rf[31][17]$_DFFE_PP_,dp.rf.rf\[31\]\[17\]$_DFFE_PP_,0,tier0,tier0,normalized_unique
dp.rf.rf[31][18]$_DFFE_PP_,dp.rf.rf\[31\]\[18\]$_DFFE_PP_,0,tier0,tier1,normalized_unique
dp.rf.rf[31][19]$_DFFE_PP_,dp.rf.rf\[31\]\[19\]$_DFFE_PP_,0,tier0,tier1,normalized_unique
dp.rf.rf[31][1]$_DFFE_PP_,dp.rf.rf\[31\]\[1\]$_DFFE_PP_,1,tier1,tier1,normalized_unique
dp.rf.rf[31][20]$_DFFE_PP_,dp.rf.rf\[31\]\[20\]$_DFFE_PP_,0,tier0,tier0,normalized_unique
dp.rf.rf[31][21]$_DFFE_PP_,dp.rf.rf\[31\]\[21\]$_DFFE_PP_,0,tier0,tier1,normalized_unique
dp.rf.rf[31][22]$_DFFE_PP_,dp.rf.rf\[31\]\[22\]$_DFFE_PP_,0,tier0,tier1,normalized_unique
dp.rf.rf[31][23]$_DFFE_PP_,dp.rf.rf\[31\]\[23\]$_DFFE_PP_,0,tier0,tier1,normalized_unique
dp.rf.rf[31][24]$_DFFE_PP_,dp.rf.rf\[31\]\[24\]$_DFFE_PP_,0,tier0,tier1,normalized_unique
dp.rf.rf[31][25]$_DFFE_PP_,dp.rf.rf\[31\]\[25\]$_DFFE_PP_,0,tier0,tier1,normalized_unique
dp.rf.rf[31][26]$_DFFE_PP_,dp.rf.rf\[31\]\[26\]$_DFFE_PP_,0,tier0,tier1,normalized_unique
dp.rf.rf[31][27]$_DFFE_PP_,dp.rf.rf\[31\]\[27\]$_DFFE_PP_,0,tier0,tier1,normalized_unique
dp.rf.rf[31][28]$_DFFE_PP_,dp.rf.rf\[31\]\[28\]$_DFFE_PP_,0,tier0,tier0,normalized_unique
dp.rf.rf[31][29]$_DFFE_PP_,dp.rf.rf\[31\]\[29\]$_DFFE_PP_,0,tier0,tier1,normalized_unique
dp.rf.rf[31][2]$_DFFE_PP_,dp.rf.rf\[31\]\[2\]$_DFFE_PP_,1,tier1,tier1,normalized_unique
dp.rf.rf[31][30]$_DFFE_PP_,dp.rf.rf\[31\]\[30\]$_DFFE_PP_,0,tier0,tier0,normalized_unique
dp.rf.rf[31][31]$_DFFE_PP_,dp.rf.rf\[31\]\[31\]$_DFFE_PP_,0,tier0,tier1,normalized_unique
dp.rf.rf[31][3]$_DFFE_PP_,dp.rf.rf\[31\]\[3\]$_DFFE_PP_,0,tier0,tier1,normalized_unique
dp.rf.rf[31][4]$_DFFE_PP_,dp.rf.rf\[31\]\[4\]$_DFFE_PP_,1,tier1,tier1,normalized_unique
dp.rf.rf[31][5]$_DFFE_PP_,dp.rf.rf\[31\]\[5\]$_DFFE_PP_,0,tier0,tier1,normalized_unique
dp.rf.rf[31][6]$_DFFE_PP_,dp.rf.rf\[31\]\[6\]$_DFFE_PP_,0,tier0,tier1,normalized_unique
dp.rf.rf[31][7]$_DFFE_PP_,dp.rf.rf\[31\]\[7\]$_DFFE_PP_,0,tier0,tier1,normalized_unique
dp.rf.rf[31][8]$_DFFE_PP_,dp.rf.rf\[31\]\[8\]$_DFFE_PP_,0,tier0,tier1,normalized_unique
dp.rf.rf[31][9]$_DFFE_PP_,dp.rf.rf\[31\]\[9\]$_DFFE_PP_,1,tier1,tier1,normalized_unique
dp.rf.rf[3][0]$_DFFE_PP_,dp.rf.rf\[3\]\[0\]$_DFFE_PP_,1,tier1,tier1,normalized_unique
dp.rf.rf[3][10]$_DFFE_PP_,dp.rf.rf\[3\]\[10\]$_DFFE_PP_,1,tier1,tier1,normalized_unique
dp.rf.rf[3][11]$_DFFE_PP_,dp.rf.rf\[3\]\[11\]$_DFFE_PP_,0,tier0,tier1,normalized_unique
dp.rf.rf[3][12]$_DFFE_PP_,dp.rf.rf\[3\]\[12\]$_DFFE_PP_,1,tier1,tier1,normalized_unique
dp.rf.rf[3][13]$_DFFE_PP_,dp.rf.rf\[3\]\[13\]$_DFFE_PP_,1,tier1,tier1,normalized_unique
dp.rf.rf[3][14]$_DFFE_PP_,dp.rf.rf\[3\]\[14\]$_DFFE_PP_,1,tier1,tier1,normalized_unique
dp.rf.rf[3][15]$_DFFE_PP_,dp.rf.rf\[3\]\[15\]$_DFFE_PP_,1,tier1,tier1,normalized_unique
dp.rf.rf[3][16]$_DFFE_PP_,dp.rf.rf\[3\]\[16\]$_DFFE_PP_,0,tier0,tier0,normalized_unique
dp.rf.rf[3][17]$_DFFE_PP_,dp.rf.rf\[3\]\[17\]$_DFFE_PP_,0,tier0,tier0,normalized_unique
dp.rf.rf[3][18]$_DFFE_PP_,dp.rf.rf\[3\]\[18\]$_DFFE_PP_,0,tier0,tier1,normalized_unique
dp.rf.rf[3][19]$_DFFE_PP_,dp.rf.rf\[3\]\[19\]$_DFFE_PP_,0,tier0,tier1,normalized_unique
dp.rf.rf[3][1]$_DFFE_PP_,dp.rf.rf\[3\]\[1\]$_DFFE_PP_,1,tier1,tier1,normalized_unique
dp.rf.rf[3][20]$_DFFE_PP_,dp.rf.rf\[3\]\[20\]$_DFFE_PP_,0,tier0,tier0,normalized_unique
dp.rf.rf[3][21]$_DFFE_PP_,dp.rf.rf\[3\]\[21\]$_DFFE_PP_,0,tier0,tier1,normalized_unique
dp.rf.rf[3][22]$_DFFE_PP_,dp.rf.rf\[3\]\[22\]$_DFFE_PP_,0,tier0,tier1,normalized_unique
dp.rf.rf[3][23]$_DFFE_PP_,dp.rf.rf\[3\]\[23\]$_DFFE_PP_,0,tier0,tier1,normalized_unique
dp.rf.rf[3][24]$_DFFE_PP_,dp.rf.rf\[3\]\[24\]$_DFFE_PP_,0,tier0,tier1,normalized_unique
dp.rf.rf[3][25]$_DFFE_PP_,dp.rf.rf\[3\]\[25\]$_DFFE_PP_,0,tier0,tier1,normalized_unique
dp.rf.rf[3][26]$_DFFE_PP_,dp.rf.rf\[3\]\[26\]$_DFFE_PP_,0,tier0,tier1,normalized_unique
dp.rf.rf[3][27]$_DFFE_PP_,dp.rf.rf\[3\]\[27\]$_DFFE_PP_,0,tier0,tier1,normalized_unique
dp.rf.rf[3][28]$_DFFE_PP_,dp.rf.rf\[3\]\[28\]$_DFFE_PP_,0,tier0,tier0,normalized_unique
dp.rf.rf[3][29]$_DFFE_PP_,dp.rf.rf\[3\]\[29\]$_DFFE_PP_,0,tier0,tier1,normalized_unique
dp.rf.rf[3][2]$_DFFE_PP_,dp.rf.rf\[3\]\[2\]$_DFFE_PP_,1,tier1,tier1,normalized_unique
dp.rf.rf[3][30]$_DFFE_PP_,dp.rf.rf\[3\]\[30\]$_DFFE_PP_,0,tier0,tier0,normalized_unique
dp.rf.rf[3][31]$_DFFE_PP_,dp.rf.rf\[3\]\[31\]$_DFFE_PP_,0,tier0,tier1,normalized_unique
dp.rf.rf[3][3]$_DFFE_PP_,dp.rf.rf\[3\]\[3\]$_DFFE_PP_,0,tier0,tier1,normalized_unique
dp.rf.rf[3][4]$_DFFE_PP_,dp.rf.rf\[3\]\[4\]$_DFFE_PP_,1,tier1,tier1,normalized_unique
dp.rf.rf[3][5]$_DFFE_PP_,dp.rf.rf\[3\]\[5\]$_DFFE_PP_,0,tier0,tier1,normalized_unique
dp.rf.rf[3][6]$_DFFE_PP_,dp.rf.rf\[3\]\[6\]$_DFFE_PP_,0,tier0,tier1,normalized_unique
dp.rf.rf[3][7]$_DFFE_PP_,dp.rf.rf\[3\]\[7\]$_DFFE_PP_,0,tier0,tier1,normalized_unique
dp.rf.rf[3][8]$_DFFE_PP_,dp.rf.rf\[3\]\[8\]$_DFFE_PP_,0,tier0,tier1,normalized_unique
dp.rf.rf[3][9]$_DFFE_PP_,dp.rf.rf\[3\]\[9\]$_DFFE_PP_,1,tier1,tier1,normalized_unique
dp.rf.rf[4][0]$_DFFE_PP_,dp.rf.rf\[4\]\[0\]$_DFFE_PP_,1,tier1,tier1,normalized_unique
dp.rf.rf[4][10]$_DFFE_PP_,dp.rf.rf\[4\]\[10\]$_DFFE_PP_,1,tier1,tier1,normalized_unique
dp.rf.rf[4][11]$_DFFE_PP_,dp.rf.rf\[4\]\[11\]$_DFFE_PP_,0,tier0,tier1,normalized_unique
dp.rf.rf[4][12]$_DFFE_PP_,dp.rf.rf\[4\]\[12\]$_DFFE_PP_,1,tier1,tier1,normalized_unique
dp.rf.rf[4][13]$_DFFE_PP_,dp.rf.rf\[4\]\[13\]$_DFFE_PP_,1,tier1,tier1,normalized_unique
dp.rf.rf[4][14]$_DFFE_PP_,dp.rf.rf\[4\]\[14\]$_DFFE_PP_,1,tier1,tier1,normalized_unique
dp.rf.rf[4][15]$_DFFE_PP_,dp.rf.rf\[4\]\[15\]$_DFFE_PP_,1,tier1,tier1,normalized_unique
dp.rf.rf[4][16]$_DFFE_PP_,dp.rf.rf\[4\]\[16\]$_DFFE_PP_,0,tier0,tier0,normalized_unique
dp.rf.rf[4][17]$_DFFE_PP_,dp.rf.rf\[4\]\[17\]$_DFFE_PP_,0,tier0,tier0,normalized_unique
dp.rf.rf[4][18]$_DFFE_PP_,dp.rf.rf\[4\]\[18\]$_DFFE_PP_,0,tier0,tier1,normalized_unique
dp.rf.rf[4][19]$_DFFE_PP_,dp.rf.rf\[4\]\[19\]$_DFFE_PP_,0,tier0,tier1,normalized_unique
dp.rf.rf[4][1]$_DFFE_PP_,dp.rf.rf\[4\]\[1\]$_DFFE_PP_,1,tier1,tier1,normalized_unique
dp.rf.rf[4][20]$_DFFE_PP_,dp.rf.rf\[4\]\[20\]$_DFFE_PP_,0,tier0,tier0,normalized_unique
dp.rf.rf[4][21]$_DFFE_PP_,dp.rf.rf\[4\]\[21\]$_DFFE_PP_,0,tier0,tier1,normalized_unique
dp.rf.rf[4][22]$_DFFE_PP_,dp.rf.rf\[4\]\[22\]$_DFFE_PP_,0,tier0,tier1,normalized_unique
dp.rf.rf[4][23]$_DFFE_PP_,dp.rf.rf\[4\]\[23\]$_DFFE_PP_,0,tier0,tier1,normalized_unique
dp.rf.rf[4][24]$_DFFE_PP_,dp.rf.rf\[4\]\[24\]$_DFFE_PP_,0,tier0,tier1,normalized_unique
dp.rf.rf[4][25]$_DFFE_PP_,dp.rf.rf\[4\]\[25\]$_DFFE_PP_,0,tier0,tier1,normalized_unique
dp.rf.rf[4][26]$_DFFE_PP_,dp.rf.rf\[4\]\[26\]$_DFFE_PP_,0,tier0,tier1,normalized_unique
dp.rf.rf[4][27]$_DFFE_PP_,dp.rf.rf\[4\]\[27\]$_DFFE_PP_,0,tier0,tier1,normalized_unique
dp.rf.rf[4][28]$_DFFE_PP_,dp.rf.rf\[4\]\[28\]$_DFFE_PP_,0,tier0,tier0,normalized_unique
dp.rf.rf[4][29]$_DFFE_PP_,dp.rf.rf\[4\]\[29\]$_DFFE_PP_,0,tier0,tier1,normalized_unique
dp.rf.rf[4][2]$_DFFE_PP_,dp.rf.rf\[4\]\[2\]$_DFFE_PP_,1,tier1,tier1,normalized_unique
dp.rf.rf[4][30]$_DFFE_PP_,dp.rf.rf\[4\]\[30\]$_DFFE_PP_,0,tier0,tier0,normalized_unique
dp.rf.rf[4][31]$_DFFE_PP_,dp.rf.rf\[4\]\[31\]$_DFFE_PP_,0,tier0,tier1,normalized_unique
dp.rf.rf[4][3]$_DFFE_PP_,dp.rf.rf\[4\]\[3\]$_DFFE_PP_,0,tier0,tier1,normalized_unique
dp.rf.rf[4][4]$_DFFE_PP_,dp.rf.rf\[4\]\[4\]$_DFFE_PP_,1,tier1,tier1,normalized_unique
dp.rf.rf[4][5]$_DFFE_PP_,dp.rf.rf\[4\]\[5\]$_DFFE_PP_,0,tier0,tier1,normalized_unique
dp.rf.rf[4][6]$_DFFE_PP_,dp.rf.rf\[4\]\[6\]$_DFFE_PP_,0,tier0,tier1,normalized_unique
dp.rf.rf[4][7]$_DFFE_PP_,dp.rf.rf\[4\]\[7\]$_DFFE_PP_,0,tier0,tier1,normalized_unique
dp.rf.rf[4][8]$_DFFE_PP_,dp.rf.rf\[4\]\[8\]$_DFFE_PP_,0,tier0,tier1,normalized_unique
dp.rf.rf[4][9]$_DFFE_PP_,dp.rf.rf\[4\]\[9\]$_DFFE_PP_,1,tier1,tier1,normalized_unique
dp.rf.rf[5][0]$_DFFE_PP_,dp.rf.rf\[5\]\[0\]$_DFFE_PP_,1,tier1,tier1,normalized_unique
dp.rf.rf[5][10]$_DFFE_PP_,dp.rf.rf\[5\]\[10\]$_DFFE_PP_,1,tier1,tier1,normalized_unique
dp.rf.rf[5][11]$_DFFE_PP_,dp.rf.rf\[5\]\[11\]$_DFFE_PP_,0,tier0,tier1,normalized_unique
dp.rf.rf[5][12]$_DFFE_PP_,dp.rf.rf\[5\]\[12\]$_DFFE_PP_,1,tier1,tier1,normalized_unique
dp.rf.rf[5][13]$_DFFE_PP_,dp.rf.rf\[5\]\[13\]$_DFFE_PP_,1,tier1,tier1,normalized_unique
dp.rf.rf[5][14]$_DFFE_PP_,dp.rf.rf\[5\]\[14\]$_DFFE_PP_,1,tier1,tier1,normalized_unique
dp.rf.rf[5][15]$_DFFE_PP_,dp.rf.rf\[5\]\[15\]$_DFFE_PP_,1,tier1,tier1,normalized_unique
dp.rf.rf[5][16]$_DFFE_PP_,dp.rf.rf\[5\]\[16\]$_DFFE_PP_,0,tier0,tier0,normalized_unique
dp.rf.rf[5][17]$_DFFE_PP_,dp.rf.rf\[5\]\[17\]$_DFFE_PP_,0,tier0,tier0,normalized_unique
dp.rf.rf[5][18]$_DFFE_PP_,dp.rf.rf\[5\]\[18\]$_DFFE_PP_,0,tier0,tier1,normalized_unique
dp.rf.rf[5][19]$_DFFE_PP_,dp.rf.rf\[5\]\[19\]$_DFFE_PP_,0,tier0,tier1,normalized_unique
dp.rf.rf[5][1]$_DFFE_PP_,dp.rf.rf\[5\]\[1\]$_DFFE_PP_,1,tier1,tier1,normalized_unique
dp.rf.rf[5][20]$_DFFE_PP_,dp.rf.rf\[5\]\[20\]$_DFFE_PP_,0,tier0,tier0,normalized_unique
dp.rf.rf[5][21]$_DFFE_PP_,dp.rf.rf\[5\]\[21\]$_DFFE_PP_,0,tier0,tier1,normalized_unique
dp.rf.rf[5][22]$_DFFE_PP_,dp.rf.rf\[5\]\[22\]$_DFFE_PP_,0,tier0,tier1,normalized_unique
dp.rf.rf[5][23]$_DFFE_PP_,dp.rf.rf\[5\]\[23\]$_DFFE_PP_,0,tier0,tier1,normalized_unique
dp.rf.rf[5][24]$_DFFE_PP_,dp.rf.rf\[5\]\[24\]$_DFFE_PP_,0,tier0,tier1,normalized_unique
dp.rf.rf[5][25]$_DFFE_PP_,dp.rf.rf\[5\]\[25\]$_DFFE_PP_,0,tier0,tier1,normalized_unique
dp.rf.rf[5][26]$_DFFE_PP_,dp.rf.rf\[5\]\[26\]$_DFFE_PP_,0,tier0,tier1,normalized_unique
dp.rf.rf[5][27]$_DFFE_PP_,dp.rf.rf\[5\]\[27\]$_DFFE_PP_,0,tier0,tier1,normalized_unique
dp.rf.rf[5][28]$_DFFE_PP_,dp.rf.rf\[5\]\[28\]$_DFFE_PP_,0,tier0,tier0,normalized_unique
dp.rf.rf[5][29]$_DFFE_PP_,dp.rf.rf\[5\]\[29\]$_DFFE_PP_,0,tier0,tier1,normalized_unique
dp.rf.rf[5][2]$_DFFE_PP_,dp.rf.rf\[5\]\[2\]$_DFFE_PP_,1,tier1,tier1,normalized_unique
dp.rf.rf[5][30]$_DFFE_PP_,dp.rf.rf\[5\]\[30\]$_DFFE_PP_,0,tier0,tier0,normalized_unique
dp.rf.rf[5][31]$_DFFE_PP_,dp.rf.rf\[5\]\[31\]$_DFFE_PP_,0,tier0,tier1,normalized_unique
dp.rf.rf[5][3]$_DFFE_PP_,dp.rf.rf\[5\]\[3\]$_DFFE_PP_,0,tier0,tier1,normalized_unique
dp.rf.rf[5][4]$_DFFE_PP_,dp.rf.rf\[5\]\[4\]$_DFFE_PP_,1,tier1,tier1,normalized_unique
dp.rf.rf[5][5]$_DFFE_PP_,dp.rf.rf\[5\]\[5\]$_DFFE_PP_,0,tier0,tier1,normalized_unique
dp.rf.rf[5][6]$_DFFE_PP_,dp.rf.rf\[5\]\[6\]$_DFFE_PP_,0,tier0,tier1,normalized_unique
dp.rf.rf[5][7]$_DFFE_PP_,dp.rf.rf\[5\]\[7\]$_DFFE_PP_,0,tier0,tier1,normalized_unique
dp.rf.rf[5][8]$_DFFE_PP_,dp.rf.rf\[5\]\[8\]$_DFFE_PP_,0,tier0,tier1,normalized_unique
dp.rf.rf[5][9]$_DFFE_PP_,dp.rf.rf\[5\]\[9\]$_DFFE_PP_,1,tier1,tier1,normalized_unique
dp.rf.rf[6][0]$_DFFE_PP_,dp.rf.rf\[6\]\[0\]$_DFFE_PP_,1,tier1,tier1,normalized_unique
dp.rf.rf[6][10]$_DFFE_PP_,dp.rf.rf\[6\]\[10\]$_DFFE_PP_,1,tier1,tier1,normalized_unique
dp.rf.rf[6][11]$_DFFE_PP_,dp.rf.rf\[6\]\[11\]$_DFFE_PP_,0,tier0,tier1,normalized_unique
dp.rf.rf[6][12]$_DFFE_PP_,dp.rf.rf\[6\]\[12\]$_DFFE_PP_,1,tier1,tier1,normalized_unique
dp.rf.rf[6][13]$_DFFE_PP_,dp.rf.rf\[6\]\[13\]$_DFFE_PP_,1,tier1,tier1,normalized_unique
dp.rf.rf[6][14]$_DFFE_PP_,dp.rf.rf\[6\]\[14\]$_DFFE_PP_,1,tier1,tier1,normalized_unique
dp.rf.rf[6][15]$_DFFE_PP_,dp.rf.rf\[6\]\[15\]$_DFFE_PP_,1,tier1,tier1,normalized_unique
dp.rf.rf[6][16]$_DFFE_PP_,dp.rf.rf\[6\]\[16\]$_DFFE_PP_,0,tier0,tier0,normalized_unique
dp.rf.rf[6][17]$_DFFE_PP_,dp.rf.rf\[6\]\[17\]$_DFFE_PP_,0,tier0,tier0,normalized_unique
dp.rf.rf[6][18]$_DFFE_PP_,dp.rf.rf\[6\]\[18\]$_DFFE_PP_,0,tier0,tier1,normalized_unique
dp.rf.rf[6][19]$_DFFE_PP_,dp.rf.rf\[6\]\[19\]$_DFFE_PP_,0,tier0,tier1,normalized_unique
dp.rf.rf[6][1]$_DFFE_PP_,dp.rf.rf\[6\]\[1\]$_DFFE_PP_,1,tier1,tier1,normalized_unique
dp.rf.rf[6][20]$_DFFE_PP_,dp.rf.rf\[6\]\[20\]$_DFFE_PP_,0,tier0,tier0,normalized_unique
dp.rf.rf[6][21]$_DFFE_PP_,dp.rf.rf\[6\]\[21\]$_DFFE_PP_,0,tier0,tier1,normalized_unique
dp.rf.rf[6][22]$_DFFE_PP_,dp.rf.rf\[6\]\[22\]$_DFFE_PP_,0,tier0,tier1,normalized_unique
dp.rf.rf[6][23]$_DFFE_PP_,dp.rf.rf\[6\]\[23\]$_DFFE_PP_,0,tier0,tier1,normalized_unique
dp.rf.rf[6][24]$_DFFE_PP_,dp.rf.rf\[6\]\[24\]$_DFFE_PP_,0,tier0,tier1,normalized_unique
dp.rf.rf[6][25]$_DFFE_PP_,dp.rf.rf\[6\]\[25\]$_DFFE_PP_,0,tier0,tier1,normalized_unique
dp.rf.rf[6][26]$_DFFE_PP_,dp.rf.rf\[6\]\[26\]$_DFFE_PP_,0,tier0,tier1,normalized_unique
dp.rf.rf[6][27]$_DFFE_PP_,dp.rf.rf\[6\]\[27\]$_DFFE_PP_,0,tier0,tier1,normalized_unique
dp.rf.rf[6][28]$_DFFE_PP_,dp.rf.rf\[6\]\[28\]$_DFFE_PP_,0,tier0,tier0,normalized_unique
dp.rf.rf[6][29]$_DFFE_PP_,dp.rf.rf\[6\]\[29\]$_DFFE_PP_,0,tier0,tier1,normalized_unique
dp.rf.rf[6][2]$_DFFE_PP_,dp.rf.rf\[6\]\[2\]$_DFFE_PP_,1,tier1,tier1,normalized_unique
dp.rf.rf[6][30]$_DFFE_PP_,dp.rf.rf\[6\]\[30\]$_DFFE_PP_,0,tier0,tier0,normalized_unique
dp.rf.rf[6][31]$_DFFE_PP_,dp.rf.rf\[6\]\[31\]$_DFFE_PP_,0,tier0,tier1,normalized_unique
dp.rf.rf[6][3]$_DFFE_PP_,dp.rf.rf\[6\]\[3\]$_DFFE_PP_,0,tier0,tier1,normalized_unique
dp.rf.rf[6][4]$_DFFE_PP_,dp.rf.rf\[6\]\[4\]$_DFFE_PP_,1,tier1,tier1,normalized_unique
dp.rf.rf[6][5]$_DFFE_PP_,dp.rf.rf\[6\]\[5\]$_DFFE_PP_,0,tier0,tier1,normalized_unique
dp.rf.rf[6][6]$_DFFE_PP_,dp.rf.rf\[6\]\[6\]$_DFFE_PP_,0,tier0,tier1,normalized_unique
dp.rf.rf[6][7]$_DFFE_PP_,dp.rf.rf\[6\]\[7\]$_DFFE_PP_,0,tier0,tier1,normalized_unique
dp.rf.rf[6][8]$_DFFE_PP_,dp.rf.rf\[6\]\[8\]$_DFFE_PP_,0,tier0,tier1,normalized_unique
dp.rf.rf[6][9]$_DFFE_PP_,dp.rf.rf\[6\]\[9\]$_DFFE_PP_,1,tier1,tier1,normalized_unique
dp.rf.rf[7][0]$_DFFE_PP_,dp.rf.rf\[7\]\[0\]$_DFFE_PP_,1,tier1,tier1,normalized_unique
dp.rf.rf[7][10]$_DFFE_PP_,dp.rf.rf\[7\]\[10\]$_DFFE_PP_,1,tier1,tier1,normalized_unique
dp.rf.rf[7][11]$_DFFE_PP_,dp.rf.rf\[7\]\[11\]$_DFFE_PP_,0,tier0,tier1,normalized_unique
dp.rf.rf[7][12]$_DFFE_PP_,dp.rf.rf\[7\]\[12\]$_DFFE_PP_,1,tier1,tier1,normalized_unique
dp.rf.rf[7][13]$_DFFE_PP_,dp.rf.rf\[7\]\[13\]$_DFFE_PP_,1,tier1,tier1,normalized_unique
dp.rf.rf[7][14]$_DFFE_PP_,dp.rf.rf\[7\]\[14\]$_DFFE_PP_,1,tier1,tier1,normalized_unique
dp.rf.rf[7][15]$_DFFE_PP_,dp.rf.rf\[7\]\[15\]$_DFFE_PP_,1,tier1,tier1,normalized_unique
dp.rf.rf[7][16]$_DFFE_PP_,dp.rf.rf\[7\]\[16\]$_DFFE_PP_,0,tier0,tier0,normalized_unique
dp.rf.rf[7][17]$_DFFE_PP_,dp.rf.rf\[7\]\[17\]$_DFFE_PP_,0,tier0,tier0,normalized_unique
dp.rf.rf[7][18]$_DFFE_PP_,dp.rf.rf\[7\]\[18\]$_DFFE_PP_,0,tier0,tier1,normalized_unique
dp.rf.rf[7][19]$_DFFE_PP_,dp.rf.rf\[7\]\[19\]$_DFFE_PP_,0,tier0,tier1,normalized_unique
dp.rf.rf[7][1]$_DFFE_PP_,dp.rf.rf\[7\]\[1\]$_DFFE_PP_,1,tier1,tier1,normalized_unique
dp.rf.rf[7][20]$_DFFE_PP_,dp.rf.rf\[7\]\[20\]$_DFFE_PP_,0,tier0,tier0,normalized_unique
dp.rf.rf[7][21]$_DFFE_PP_,dp.rf.rf\[7\]\[21\]$_DFFE_PP_,0,tier0,tier1,normalized_unique
dp.rf.rf[7][22]$_DFFE_PP_,dp.rf.rf\[7\]\[22\]$_DFFE_PP_,0,tier0,tier1,normalized_unique
dp.rf.rf[7][23]$_DFFE_PP_,dp.rf.rf\[7\]\[23\]$_DFFE_PP_,0,tier0,tier1,normalized_unique
dp.rf.rf[7][24]$_DFFE_PP_,dp.rf.rf\[7\]\[24\]$_DFFE_PP_,0,tier0,tier1,normalized_unique
dp.rf.rf[7][25]$_DFFE_PP_,dp.rf.rf\[7\]\[25\]$_DFFE_PP_,0,tier0,tier1,normalized_unique
dp.rf.rf[7][26]$_DFFE_PP_,dp.rf.rf\[7\]\[26\]$_DFFE_PP_,0,tier0,tier1,normalized_unique
dp.rf.rf[7][27]$_DFFE_PP_,dp.rf.rf\[7\]\[27\]$_DFFE_PP_,0,tier0,tier1,normalized_unique
dp.rf.rf[7][28]$_DFFE_PP_,dp.rf.rf\[7\]\[28\]$_DFFE_PP_,0,tier0,tier0,normalized_unique
dp.rf.rf[7][29]$_DFFE_PP_,dp.rf.rf\[7\]\[29\]$_DFFE_PP_,0,tier0,tier1,normalized_unique
dp.rf.rf[7][2]$_DFFE_PP_,dp.rf.rf\[7\]\[2\]$_DFFE_PP_,1,tier1,tier1,normalized_unique
dp.rf.rf[7][30]$_DFFE_PP_,dp.rf.rf\[7\]\[30\]$_DFFE_PP_,0,tier0,tier0,normalized_unique
dp.rf.rf[7][31]$_DFFE_PP_,dp.rf.rf\[7\]\[31\]$_DFFE_PP_,0,tier0,tier1,normalized_unique
dp.rf.rf[7][3]$_DFFE_PP_,dp.rf.rf\[7\]\[3\]$_DFFE_PP_,0,tier0,tier1,normalized_unique
dp.rf.rf[7][4]$_DFFE_PP_,dp.rf.rf\[7\]\[4\]$_DFFE_PP_,1,tier1,tier1,normalized_unique
dp.rf.rf[7][5]$_DFFE_PP_,dp.rf.rf\[7\]\[5\]$_DFFE_PP_,0,tier0,tier1,normalized_unique
dp.rf.rf[7][6]$_DFFE_PP_,dp.rf.rf\[7\]\[6\]$_DFFE_PP_,0,tier0,tier1,normalized_unique
dp.rf.rf[7][7]$_DFFE_PP_,dp.rf.rf\[7\]\[7\]$_DFFE_PP_,0,tier0,tier1,normalized_unique
dp.rf.rf[7][8]$_DFFE_PP_,dp.rf.rf\[7\]\[8\]$_DFFE_PP_,0,tier0,tier1,normalized_unique
dp.rf.rf[7][9]$_DFFE_PP_,dp.rf.rf\[7\]\[9\]$_DFFE_PP_,1,tier1,tier1,normalized_unique
dp.rf.rf[8][0]$_DFFE_PP_,dp.rf.rf\[8\]\[0\]$_DFFE_PP_,1,tier1,tier1,normalized_unique
dp.rf.rf[8][10]$_DFFE_PP_,dp.rf.rf\[8\]\[10\]$_DFFE_PP_,1,tier1,tier1,normalized_unique
dp.rf.rf[8][11]$_DFFE_PP_,dp.rf.rf\[8\]\[11\]$_DFFE_PP_,0,tier0,tier1,normalized_unique
dp.rf.rf[8][12]$_DFFE_PP_,dp.rf.rf\[8\]\[12\]$_DFFE_PP_,1,tier1,tier1,normalized_unique
dp.rf.rf[8][13]$_DFFE_PP_,dp.rf.rf\[8\]\[13\]$_DFFE_PP_,1,tier1,tier1,normalized_unique
dp.rf.rf[8][14]$_DFFE_PP_,dp.rf.rf\[8\]\[14\]$_DFFE_PP_,1,tier1,tier1,normalized_unique
dp.rf.rf[8][15]$_DFFE_PP_,dp.rf.rf\[8\]\[15\]$_DFFE_PP_,1,tier1,tier1,normalized_unique
dp.rf.rf[8][16]$_DFFE_PP_,dp.rf.rf\[8\]\[16\]$_DFFE_PP_,0,tier0,tier0,normalized_unique
dp.rf.rf[8][17]$_DFFE_PP_,dp.rf.rf\[8\]\[17\]$_DFFE_PP_,0,tier0,tier0,normalized_unique
dp.rf.rf[8][18]$_DFFE_PP_,dp.rf.rf\[8\]\[18\]$_DFFE_PP_,0,tier0,tier1,normalized_unique
dp.rf.rf[8][19]$_DFFE_PP_,dp.rf.rf\[8\]\[19\]$_DFFE_PP_,0,tier0,tier1,normalized_unique
dp.rf.rf[8][1]$_DFFE_PP_,dp.rf.rf\[8\]\[1\]$_DFFE_PP_,1,tier1,tier1,normalized_unique
dp.rf.rf[8][20]$_DFFE_PP_,dp.rf.rf\[8\]\[20\]$_DFFE_PP_,0,tier0,tier0,normalized_unique
dp.rf.rf[8][21]$_DFFE_PP_,dp.rf.rf\[8\]\[21\]$_DFFE_PP_,0,tier0,tier1,normalized_unique
dp.rf.rf[8][22]$_DFFE_PP_,dp.rf.rf\[8\]\[22\]$_DFFE_PP_,0,tier0,tier1,normalized_unique
dp.rf.rf[8][23]$_DFFE_PP_,dp.rf.rf\[8\]\[23\]$_DFFE_PP_,0,tier0,tier1,normalized_unique
dp.rf.rf[8][24]$_DFFE_PP_,dp.rf.rf\[8\]\[24\]$_DFFE_PP_,0,tier0,tier1,normalized_unique
dp.rf.rf[8][25]$_DFFE_PP_,dp.rf.rf\[8\]\[25\]$_DFFE_PP_,0,tier0,tier1,normalized_unique
dp.rf.rf[8][26]$_DFFE_PP_,dp.rf.rf\[8\]\[26\]$_DFFE_PP_,0,tier0,tier1,normalized_unique
dp.rf.rf[8][27]$_DFFE_PP_,dp.rf.rf\[8\]\[27\]$_DFFE_PP_,0,tier0,tier1,normalized_unique
dp.rf.rf[8][28]$_DFFE_PP_,dp.rf.rf\[8\]\[28\]$_DFFE_PP_,0,tier0,tier0,normalized_unique
dp.rf.rf[8][29]$_DFFE_PP_,dp.rf.rf\[8\]\[29\]$_DFFE_PP_,0,tier0,tier1,normalized_unique
dp.rf.rf[8][2]$_DFFE_PP_,dp.rf.rf\[8\]\[2\]$_DFFE_PP_,1,tier1,tier1,normalized_unique
dp.rf.rf[8][30]$_DFFE_PP_,dp.rf.rf\[8\]\[30\]$_DFFE_PP_,0,tier0,tier0,normalized_unique
dp.rf.rf[8][31]$_DFFE_PP_,dp.rf.rf\[8\]\[31\]$_DFFE_PP_,0,tier0,tier1,normalized_unique
dp.rf.rf[8][3]$_DFFE_PP_,dp.rf.rf\[8\]\[3\]$_DFFE_PP_,0,tier0,tier1,normalized_unique
dp.rf.rf[8][4]$_DFFE_PP_,dp.rf.rf\[8\]\[4\]$_DFFE_PP_,1,tier1,tier1,normalized_unique
dp.rf.rf[8][5]$_DFFE_PP_,dp.rf.rf\[8\]\[5\]$_DFFE_PP_,0,tier0,tier1,normalized_unique
dp.rf.rf[8][6]$_DFFE_PP_,dp.rf.rf\[8\]\[6\]$_DFFE_PP_,0,tier0,tier1,normalized_unique
dp.rf.rf[8][7]$_DFFE_PP_,dp.rf.rf\[8\]\[7\]$_DFFE_PP_,0,tier0,tier1,normalized_unique
dp.rf.rf[8][8]$_DFFE_PP_,dp.rf.rf\[8\]\[8\]$_DFFE_PP_,0,tier0,tier1,normalized_unique
dp.rf.rf[8][9]$_DFFE_PP_,dp.rf.rf\[8\]\[9\]$_DFFE_PP_,1,tier1,tier1,normalized_unique
dp.rf.rf[9][0]$_DFFE_PP_,dp.rf.rf\[9\]\[0\]$_DFFE_PP_,1,tier1,tier1,normalized_unique
dp.rf.rf[9][10]$_DFFE_PP_,dp.rf.rf\[9\]\[10\]$_DFFE_PP_,1,tier1,tier1,normalized_unique
dp.rf.rf[9][11]$_DFFE_PP_,dp.rf.rf\[9\]\[11\]$_DFFE_PP_,0,tier0,tier1,normalized_unique
dp.rf.rf[9][12]$_DFFE_PP_,dp.rf.rf\[9\]\[12\]$_DFFE_PP_,1,tier1,tier1,normalized_unique
dp.rf.rf[9][13]$_DFFE_PP_,dp.rf.rf\[9\]\[13\]$_DFFE_PP_,1,tier1,tier1,normalized_unique
dp.rf.rf[9][14]$_DFFE_PP_,dp.rf.rf\[9\]\[14\]$_DFFE_PP_,1,tier1,tier1,normalized_unique
dp.rf.rf[9][15]$_DFFE_PP_,dp.rf.rf\[9\]\[15\]$_DFFE_PP_,1,tier1,tier1,normalized_unique
dp.rf.rf[9][16]$_DFFE_PP_,dp.rf.rf\[9\]\[16\]$_DFFE_PP_,0,tier0,tier0,normalized_unique
dp.rf.rf[9][17]$_DFFE_PP_,dp.rf.rf\[9\]\[17\]$_DFFE_PP_,0,tier0,tier0,normalized_unique
dp.rf.rf[9][18]$_DFFE_PP_,dp.rf.rf\[9\]\[18\]$_DFFE_PP_,0,tier0,tier1,normalized_unique
dp.rf.rf[9][19]$_DFFE_PP_,dp.rf.rf\[9\]\[19\]$_DFFE_PP_,0,tier0,tier1,normalized_unique
dp.rf.rf[9][1]$_DFFE_PP_,dp.rf.rf\[9\]\[1\]$_DFFE_PP_,1,tier1,tier1,normalized_unique
dp.rf.rf[9][20]$_DFFE_PP_,dp.rf.rf\[9\]\[20\]$_DFFE_PP_,0,tier0,tier0,normalized_unique
dp.rf.rf[9][21]$_DFFE_PP_,dp.rf.rf\[9\]\[21\]$_DFFE_PP_,0,tier0,tier1,normalized_unique
dp.rf.rf[9][22]$_DFFE_PP_,dp.rf.rf\[9\]\[22\]$_DFFE_PP_,0,tier0,tier1,normalized_unique
dp.rf.rf[9][23]$_DFFE_PP_,dp.rf.rf\[9\]\[23\]$_DFFE_PP_,0,tier0,tier1,normalized_unique
dp.rf.rf[9][24]$_DFFE_PP_,dp.rf.rf\[9\]\[24\]$_DFFE_PP_,0,tier0,tier1,normalized_unique
dp.rf.rf[9][25]$_DFFE_PP_,dp.rf.rf\[9\]\[25\]$_DFFE_PP_,0,tier0,tier1,normalized_unique
dp.rf.rf[9][26]$_DFFE_PP_,dp.rf.rf\[9\]\[26\]$_DFFE_PP_,0,tier0,tier1,normalized_unique
dp.rf.rf[9][27]$_DFFE_PP_,dp.rf.rf\[9\]\[27\]$_DFFE_PP_,0,tier0,tier1,normalized_unique
dp.rf.rf[9][28]$_DFFE_PP_,dp.rf.rf\[9\]\[28\]$_DFFE_PP_,0,tier0,tier0,normalized_unique
dp.rf.rf[9][29]$_DFFE_PP_,dp.rf.rf\[9\]\[29\]$_DFFE_PP_,0,tier0,tier1,normalized_unique
dp.rf.rf[9][2]$_DFFE_PP_,dp.rf.rf\[9\]\[2\]$_DFFE_PP_,1,tier1,tier1,normalized_unique
dp.rf.rf[9][30]$_DFFE_PP_,dp.rf.rf\[9\]\[30\]$_DFFE_PP_,0,tier0,tier0,normalized_unique
dp.rf.rf[9][31]$_DFFE_PP_,dp.rf.rf\[9\]\[31\]$_DFFE_PP_,0,tier0,tier1,normalized_unique
dp.rf.rf[9][3]$_DFFE_PP_,dp.rf.rf\[9\]\[3\]$_DFFE_PP_,0,tier0,tier1,normalized_unique
dp.rf.rf[9][4]$_DFFE_PP_,dp.rf.rf\[9\]\[4\]$_DFFE_PP_,1,tier1,tier1,normalized_unique
dp.rf.rf[9][5]$_DFFE_PP_,dp.rf.rf\[9\]\[5\]$_DFFE_PP_,0,tier0,tier1,normalized_unique
dp.rf.rf[9][6]$_DFFE_PP_,dp.rf.rf\[9\]\[6\]$_DFFE_PP_,0,tier0,tier1,normalized_unique
dp.rf.rf[9][7]$_DFFE_PP_,dp.rf.rf\[9\]\[7\]$_DFFE_PP_,0,tier0,tier1,normalized_unique
dp.rf.rf[9][8]$_DFFE_PP_,dp.rf.rf\[9\]\[8\]$_DFFE_PP_,0,tier0,tier1,normalized_unique
dp.rf.rf[9][9]$_DFFE_PP_,dp.rf.rf\[9\]\[9\]$_DFFE_PP_,1,tier1,tier1,normalized_unique
input33,input33,1,tier1,tier0,exact
input34,input34,1,tier1,tier1,exact
input35,input35,1,tier1,tier1,exact
input36,input36,1,tier1,tier0,exact
input37,input37,1,tier1,tier0,exact
input38,input38,1,tier1,tier0,exact
input39,input39,1,tier1,tier1,exact
input40,input40,0,tier0,tier1,exact
input41,input41,0,tier0,tier1,exact
input42,input42,1,tier1,tier1,exact
input43,input43,1,tier1,tier1,exact
input44,input44,1,tier1,tier0,exact
input45,input45,1,tier1,tier1,exact
input46,input46,1,tier1,tier1,exact
input47,input47,1,tier1,tier1,exact
input48,input48,1,tier1,tier1,exact
input49,input49,1,tier1,tier1,exact
input50,input50,1,tier1,tier0,exact
input51,input51,1,tier1,tier0,exact
input52,input52,1,tier1,tier0,exact
input53,input53,1,tier1,tier0,exact
input54,input54,1,tier1,tier0,exact
input55,input55,1,tier1,tier0,exact
input56,input56,1,tier1,tier0,exact
input57,input57,1,tier1,tier0,exact
input58,input58,1,tier1,tier0,exact
input59,input59,1,tier1,tier0,exact
input60,input60,1,tier1,tier0,exact
input61,input61,1,tier1,tier0,exact
input62,input62,1,tier1,tier1,exact
input63,input63,1,tier1,tier1,exact
input64,input64,1,tier1,tier1,exact
input65,input65,1,tier1,tier0,exact
input66,input66,1,tier1,tier0,exact
input67,input67,1,tier1,tier0,exact
input68,input68,1,tier1,tier0,exact
input69,input69,1,tier1,tier0,exact
input70,input70,1,tier1,tier0,exact
input71,input71,1,tier1,tier0,exact
input72,input72,1,tier1,tier0,exact
input73,input73,1,tier1,tier0,exact
input74,input74,1,tier1,tier0,exact
input75,input75,1,tier1,tier0,exact
input76,input76,1,tier1,tier0,exact
input77,input77,1,tier1,tier0,exact
input78,input78,1,tier1,tier0,exact
input79,input79,1,tier1,tier0,exact
input80,input80,1,tier1,tier0,exact
input81,input81,1,tier1,tier0,exact
input82,input82,1,tier1,tier0,exact
input83,input83,1,tier1,tier0,exact
input84,input84,1,tier1,tier0,exact
input85,input85,1,tier1,tier0,exact
input86,input86,1,tier1,tier0,exact
input87,input87,1,tier1,tier0,exact
input88,input88,1,tier1,tier0,exact
input89,input89,1,tier1,tier0,exact
input90,input90,1,tier1,tier0,exact
input91,input91,1,tier1,tier0,exact
input92,input92,1,tier1,tier0,exact
input93,input93,1,tier1,tier0,exact
input94,input94,1,tier1,tier0,exact
input95,input95,1,tier1,tier0,exact
input96,input96,1,tier1,tier0,exact
input97,input97,1,tier1,tier0,exact
output100,output100,1,tier1,tier0,exact
output101,output101,1,tier1,tier0,exact
output102,output102,1,tier1,tier0,exact
output103,output103,1,tier1,tier0,exact
output104,output104,1,tier1,tier0,exact
output105,output105,1,tier1,tier0,exact
output106,output106,1,tier1,tier0,exact
output107,output107,1,tier1,tier0,exact
output108,output108,1,tier1,tier0,exact
output109,output109,1,tier1,tier0,exact
output110,output110,1,tier1,tier0,exact
output111,output111,1,tier1,tier0,exact
output112,output112,1,tier1,tier0,exact
output113,output113,1,tier1,tier0,exact
output114,output114,1,tier1,tier0,exact
output115,output115,1,tier1,tier0,exact
output116,output116,1,tier1,tier0,exact
output117,output117,1,tier1,tier0,exact
output118,output118,1,tier1,tier0,exact
output119,output119,1,tier1,tier0,exact
output120,output120,1,tier1,tier0,exact
output121,output121,1,tier1,tier0,exact
output122,output122,1,tier1,tier0,exact
output123,output123,1,tier1,tier0,exact
output124,output124,1,tier1,tier0,exact
output125,output125,1,tier1,tier0,exact
output126,output126,1,tier1,tier0,exact
output127,output127,1,tier1,tier0,exact
output128,output128,1,tier1,tier0,exact
output129,output129,1,tier1,tier0,exact
output130,output130,1,tier1,tier0,exact
output131,output131,1,tier1,tier0,exact
output132,output132,1,tier1,tier0,exact
output133,output133,1,tier1,tier0,exact
output134,output134,1,tier1,tier0,exact
output135,output135,1,tier1,tier0,exact
output136,output136,1,tier1,tier0,exact
output137,output137,1,tier1,tier0,exact
output138,output138,1,tier1,tier0,exact
output139,output139,1,tier1,tier0,exact
output140,output140,1,tier1,tier0,exact
output141,output141,1,tier1,tier0,exact
output142,output142,1,tier1,tier0,exact
output143,output143,1,tier1,tier0,exact
output144,output144,1,tier1,tier0,exact
output145,output145,1,tier1,tier0,exact
output146,output146,1,tier1,tier0,exact
output147,output147,1,tier1,tier0,exact
output148,output148,1,tier1,tier0,exact
output149,output149,1,tier1,tier0,exact
output150,output150,1,tier1,tier0,exact
output151,output151,1,tier1,tier0,exact
output152,output152,1,tier1,tier0,exact
output153,output153,1,tier1,tier0,exact
output154,output154,1,tier1,tier0,exact
output155,output155,1,tier1,tier0,exact
output156,output156,1,tier1,tier0,exact
output157,output157,1,tier1,tier0,exact
output158,output158,1,tier1,tier0,exact
output159,output159,1,tier1,tier0,exact
output160,output160,1,tier1,tier0,exact
output161,output161,1,tier1,tier0,exact
output162,output162,1,tier1,tier0,exact
output163,output163,1,tier1,tier0,exact
output164,output164,1,tier1,tier0,exact
output165,output165,1,tier1,tier0,exact
output166,output166,1,tier1,tier0,exact
output167,output167,1,tier1,tier0,exact
output168,output168,1,tier1,tier0,exact
output169,output169,1,tier1,tier0,exact
output170,output170,1,tier1,tier0,exact
output171,output171,1,tier1,tier0,exact
output172,output172,1,tier1,tier0,exact
output173,output173,1,tier1,tier0,exact
output174,output174,1,tier1,tier0,exact
output175,output175,1,tier1,tier0,exact
output176,output176,1,tier1,tier0,exact
output177,output177,1,tier1,tier0,exact
output178,output178,1,tier1,tier0,exact
output179,output179,1,tier1,tier0,exact
output180,output180,1,tier1,tier0,exact
output181,output181,1,tier1,tier0,exact
output182,output182,1,tier1,tier0,exact
output183,output183,1,tier1,tier0,exact
output184,output184,1,tier1,tier0,exact
output185,output185,1,tier1,tier0,exact
output186,output186,1,tier1,tier0,exact
output187,output187,1,tier1,tier0,exact
output188,output188,1,tier1,tier0,exact
output189,output189,1,tier1,tier0,exact
output190,output190,1,tier1,tier0,exact
output191,output191,1,tier1,tier0,exact
output192,output192,1,tier1,tier0,exact
output193,output193,1,tier1,tier0,exact
output194,output194,1,tier1,tier0,exact
output195,output195,1,tier1,tier0,exact
output196,output196,1,tier1,tier0,exact
output98,output98,1,tier1,tier0,exact
output99,output99,1,tier1,tier0,exact
place1000,place1000,1,tier1,tier0,exact
place1001,place1001,1,tier1,tier0,exact
place1002,place1002,1,tier1,tier0,exact
place1003,place1003,0,tier0,tier1,exact
place1004,place1004,1,tier1,tier1,exact
place1005,place1005,1,tier1,tier1,exact
place1006,place1006,1,tier1,tier1,exact
place1007,place1007,0,tier0,tier0,exact
place1008,place1008,1,tier1,tier1,exact
place1009,place1009,1,tier1,tier0,exact
place1010,place1010,1,tier1,tier0,exact
place1011,place1011,1,tier1,tier0,exact
place1012,place1012,1,tier1,tier0,exact
place1013,place1013,1,tier1,tier0,exact
place1014,place1014,1,tier1,tier0,exact
place1015,place1015,1,tier1,tier0,exact
place1016,place1016,0,tier0,tier0,exact
place1017,place1017,1,tier1,tier0,exact
place1018,place1018,1,tier1,tier0,exact
place1019,place1019,1,tier1,tier0,exact
place1020,place1020,1,tier1,tier0,exact
place1021,place1021,1,tier1,tier0,exact
place1022,place1022,1,tier1,tier0,exact
place1023,place1023,0,tier0,tier1,exact
place1024,place1024,0,tier0,tier1,exact
place1025,place1025,1,tier1,tier1,exact
place1026,place1026,0,tier0,tier1,exact
place1027,place1027,1,tier1,tier1,exact
place1028,place1028,1,tier1,tier0,exact
place1029,place1029,1,tier1,tier0,exact
place1030,place1030,1,tier1,tier0,exact
place1031,place1031,1,tier1,tier0,exact
place1032,place1032,1,tier1,tier0,exact
place1033,place1033,1,tier1,tier0,exact
place1034,place1034,1,tier1,tier0,exact
place1035,place1035,1,tier1,tier0,exact
place1036,place1036,1,tier1,tier0,exact
place1037,place1037,1,tier1,tier0,exact
place1038,place1038,1,tier1,tier0,exact
place1039,place1039,1,tier1,tier0,exact
place1040,place1040,1,tier1,tier0,exact
place1041,place1041,1,tier1,tier0,exact
place1042,place1042,1,tier1,tier0,exact
place1043,place1043,1,tier1,tier0,exact
place1044,place1044,1,tier1,tier0,exact
place1045,place1045,1,tier1,tier0,exact
place1047,place1047,1,tier1,tier0,exact
place1048,place1048,1,tier1,tier0,exact
place1049,place1049,1,tier1,tier1,exact
place1051,place1051,1,tier1,tier0,exact
place1052,place1052,1,tier1,tier0,exact
place1053,place1053,1,tier1,tier0,exact
place1054,place1054,1,tier1,tier0,exact
place1055,place1055,1,tier1,tier0,exact
place1057,place1057,1,tier1,tier0,exact
place1058,place1058,1,tier1,tier0,exact
place1059,place1059,1,tier1,tier0,exact
place1060,place1060,1,tier1,tier0,exact
place1062,place1062,1,tier1,tier0,exact
place1063,place1063,1,tier1,tier0,exact
place1064,place1064,1,tier1,tier0,exact
place1065,place1065,1,tier1,tier0,exact
place1066,place1066,1,tier1,tier0,exact
place1067,place1067,1,tier1,tier0,exact
place1068,place1068,1,tier1,tier0,exact
place1069,place1069,1,tier1,tier0,exact
place1070,place1070,1,tier1,tier0,exact
place1071,place1071,1,tier1,tier0,exact
place1072,place1072,1,tier1,tier0,exact
place1073,place1073,1,tier1,tier0,exact
place1075,place1075,1,tier1,tier0,exact
place1076,place1076,1,tier1,tier0,exact
place1077,place1077,1,tier1,tier0,exact
place1079,place1079,1,tier1,tier0,exact
place1080,place1080,1,tier1,tier0,exact
place1081,place1081,1,tier1,tier0,exact
place1082,place1082,1,tier1,tier0,exact
place1083,place1083,1,tier1,tier0,exact
place1084,place1084,1,tier1,tier0,exact
place1085,place1085,1,tier1,tier0,exact
place1086,place1086,1,tier1,tier0,exact
place1087,place1087,1,tier1,tier0,exact
place1088,place1088,1,tier1,tier0,exact
place1089,place1089,1,tier1,tier0,exact
place1090,place1090,1,tier1,tier0,exact
place1091,place1091,1,tier1,tier0,exact
place1092,place1092,1,tier1,tier0,exact
place1094,place1094,1,tier1,tier0,exact
place1095,place1095,1,tier1,tier0,exact
place1096,place1096,1,tier1,tier0,exact
place1097,place1097,1,tier1,tier0,exact
place1098,place1098,1,tier1,tier0,exact
place1099,place1099,1,tier1,tier0,exact
place1100,place1100,1,tier1,tier0,exact
place1101,place1101,1,tier1,tier0,exact
place1103,place1103,1,tier1,tier0,exact
place1104,place1104,1,tier1,tier0,exact
place1105,place1105,1,tier1,tier0,exact
place1106,place1106,1,tier1,tier0,exact
place1107,place1107,1,tier1,tier0,exact
place1108,place1108,1,tier1,tier0,exact
place1109,place1109,1,tier1,tier0,exact
place1110,place1110,1,tier1,tier0,exact
place1111,place1111,1,tier1,tier0,exact
place1112,place1112,1,tier1,tier0,exact
place1113,place1113,1,tier1,tier0,exact
place1114,place1114,1,tier1,tier0,exact
place1115,place1115,1,tier1,tier0,exact
place1116,place1116,1,tier1,tier0,exact
place1117,place1117,1,tier1,tier0,exact
place1118,place1118,1,tier1,tier0,exact
place1119,place1119,1,tier1,tier0,exact
place1120,place1120,1,tier1,tier0,exact
place1121,place1121,1,tier1,tier0,exact
place1122,place1122,1,tier1,tier0,exact
place1123,place1123,1,tier1,tier0,exact
place1124,place1124,1,tier1,tier0,exact
place1125,place1125,1,tier1,tier0,exact
place1126,place1126,1,tier1,tier0,exact
place1127,place1127,1,tier1,tier0,exact
place1128,place1128,1,tier1,tier0,exact
place1129,place1129,1,tier1,tier0,exact
place1130,place1130,1,tier1,tier0,exact
place1131,place1131,1,tier1,tier0,exact
place1132,place1132,1,tier1,tier0,exact
place1133,place1133,1,tier1,tier0,exact
place1134,place1134,1,tier1,tier0,exact
place1135,place1135,1,tier1,tier0,exact
place1136,place1136,1,tier1,tier0,exact
place1137,place1137,1,tier1,tier0,exact
place1138,place1138,1,tier1,tier0,exact
place1139,place1139,1,tier1,tier0,exact
place1140,place1140,1,tier1,tier0,exact
place1141,place1141,1,tier1,tier0,exact
place1142,place1142,1,tier1,tier0,exact
place1143,place1143,1,tier1,tier0,exact
place1144,place1144,1,tier1,tier0,exact
place1145,place1145,1,tier1,tier0,exact
place1146,place1146,1,tier1,tier0,exact
place1147,place1147,1,tier1,tier0,exact
place1148,place1148,1,tier1,tier0,exact
place1149,place1149,1,tier1,tier0,exact
place1150,place1150,1,tier1,tier0,exact
place1151,place1151,1,tier1,tier0,exact
place1152,place1152,1,tier1,tier0,exact
place1153,place1153,1,tier1,tier0,exact
place1154,place1154,1,tier1,tier0,exact
place1155,place1155,1,tier1,tier0,exact
place1156,place1156,1,tier1,tier0,exact
place1157,place1157,1,tier1,tier0,exact
place1158,place1158,1,tier1,tier0,exact
place1159,place1159,1,tier1,tier0,exact
place1160,place1160,1,tier1,tier0,exact
place1161,place1161,1,tier1,tier0,exact
place1162,place1162,1,tier1,tier0,exact
place1163,place1163,1,tier1,tier0,exact
place1164,place1164,1,tier1,tier0,exact
place1165,place1165,1,tier1,tier0,exact
place1166,place1166,1,tier1,tier0,exact
place1167,place1167,1,tier1,tier0,exact
place1168,place1168,1,tier1,tier0,exact
place1169,place1169,1,tier1,tier0,exact
place1170,place1170,1,tier1,tier0,exact
place1171,place1171,1,tier1,tier0,exact
place1172,place1172,1,tier1,tier0,exact
place1173,place1173,1,tier1,tier0,exact
place1174,place1174,1,tier1,tier0,exact
place1175,place1175,1,tier1,tier0,exact
place1176,place1176,1,tier1,tier0,exact
place1177,place1177,1,tier1,tier0,exact
place1178,place1178,1,tier1,tier0,exact
place1179,place1179,1,tier1,tier0,exact
place1180,place1180,1,tier1,tier0,exact
place1181,place1181,1,tier1,tier0,exact
place1182,place1182,1,tier1,tier0,exact
place1183,place1183,1,tier1,tier0,exact
place1184,place1184,1,tier1,tier0,exact
place1185,place1185,1,tier1,tier0,exact
place1186,place1186,1,tier1,tier0,exact
place1187,place1187,1,tier1,tier0,exact
place1188,place1188,1,tier1,tier0,exact
place1189,place1189,1,tier1,tier0,exact
place1190,place1190,1,tier1,tier0,exact
place1191,place1191,1,tier1,tier0,exact
place1192,place1192,1,tier1,tier0,exact
place1193,place1193,1,tier1,tier0,exact
place1194,place1194,1,tier1,tier0,exact
place1195,place1195,1,tier1,tier0,exact
place1196,place1196,1,tier1,tier0,exact
place1197,place1197,1,tier1,tier0,exact
place1198,place1198,1,tier1,tier0,exact
place1199,place1199,1,tier1,tier0,exact
place1200,place1200,1,tier1,tier0,exact
place1201,place1201,1,tier1,tier0,exact
place1202,place1202,1,tier1,tier0,exact
place1203,place1203,1,tier1,tier0,exact
place1204,place1204,1,tier1,tier0,exact
place1205,place1205,1,tier1,tier0,exact
place1206,place1206,1,tier1,tier0,exact
place1207,place1207,1,tier1,tier0,exact
place1208,place1208,1,tier1,tier0,exact
place1209,place1209,1,tier1,tier0,exact
place1210,place1210,1,tier1,tier0,exact
place1211,place1211,1,tier1,tier0,exact
place1212,place1212,1,tier1,tier0,exact
place1213,place1213,1,tier1,tier0,exact
place1214,place1214,1,tier1,tier0,exact
place1215,place1215,1,tier1,tier0,exact
place1216,place1216,1,tier1,tier0,exact
place1217,place1217,1,tier1,tier0,exact
place1218,place1218,1,tier1,tier0,exact
place1219,place1219,1,tier1,tier0,exact
place1220,place1220,1,tier1,tier0,exact
place1221,place1221,1,tier1,tier0,exact
place1222,place1222,1,tier1,tier0,exact
place1223,place1223,1,tier1,tier0,exact
place1224,place1224,1,tier1,tier0,exact
place1225,place1225,1,tier1,tier0,exact
place1226,place1226,1,tier1,tier0,exact
place1227,place1227,1,tier1,tier0,exact
place1228,place1228,1,tier1,tier0,exact
place1229,place1229,1,tier1,tier0,exact
place1230,place1230,1,tier1,tier0,exact
place1231,place1231,1,tier1,tier0,exact
place1232,place1232,1,tier1,tier0,exact
place1233,place1233,1,tier1,tier0,exact
place1234,place1234,1,tier1,tier0,exact
place1235,place1235,1,tier1,tier0,exact
place1237,place1237,1,tier1,tier0,exact
place1238,place1238,1,tier1,tier0,exact
place1239,place1239,1,tier1,tier0,exact
place1240,place1240,1,tier1,tier0,exact
place1241,place1241,1,tier1,tier0,exact
place1242,place1242,1,tier1,tier0,exact
place1243,place1243,1,tier1,tier0,exact
place1244,place1244,1,tier1,tier0,exact
place1245,place1245,1,tier1,tier0,exact
place1246,place1246,1,tier1,tier0,exact
place1247,place1247,1,tier1,tier0,exact
place1248,place1248,1,tier1,tier0,exact
place1249,place1249,1,tier1,tier0,exact
place1250,place1250,1,tier1,tier0,exact
place1251,place1251,1,tier1,tier0,exact
place1252,place1252,1,tier1,tier0,exact
place1253,place1253,1,tier1,tier0,exact
place1254,place1254,1,tier1,tier0,exact
place1255,place1255,1,tier1,tier0,exact
place1256,place1256,1,tier1,tier0,exact
place1257,place1257,1,tier1,tier0,exact
place1258,place1258,1,tier1,tier0,exact
place1259,place1259,1,tier1,tier0,exact
place1260,place1260,1,tier1,tier0,exact
place1261,place1261,1,tier1,tier1,exact
place1262,place1262,1,tier1,tier0,exact
place1263,place1263,1,tier1,tier1,exact
place1264,place1264,1,tier1,tier1,exact
place1265,place1265,1,tier1,tier1,exact
place1266,place1266,1,tier1,tier1,exact
place1267,place1267,1,tier1,tier1,exact
place1268,place1268,1,tier1,tier1,exact
place1269,place1269,1,tier1,tier1,exact
place1270,place1270,1,tier1,tier1,exact
place1271,place1271,1,tier1,tier1,exact
place1272,place1272,1,tier1,tier1,exact
place1273,place1273,1,tier1,tier1,exact
place1274,place1274,1,tier1,tier1,exact
place1275,place1275,1,tier1,tier1,exact
place1276,place1276,1,tier1,tier1,exact
place1277,place1277,1,tier1,tier1,exact
place1278,place1278,1,tier1,tier1,exact
place1279,place1279,1,tier1,tier1,exact
place1280,place1280,1,tier1,tier1,exact
place1281,place1281,1,tier1,tier1,exact
place1282,place1282,1,tier1,tier1,exact
place1283,place1283,1,tier1,tier1,exact
place1284,place1284,1,tier1,tier1,exact
place1285,place1285,1,tier1,tier1,exact
place1286,place1286,1,tier1,tier1,exact
place1287,place1287,1,tier1,tier1,exact
place1288,place1288,1,tier1,tier1,exact
place1289,place1289,1,tier1,tier1,exact
place1290,place1290,1,tier1,tier1,exact
place1291,place1291,1,tier1,tier1,exact
place1292,place1292,1,tier1,tier1,exact
place1293,place1293,1,tier1,tier0,exact
place1294,place1294,1,tier1,tier0,exact
place1295,place1295,1,tier1,tier0,exact
place1296,place1296,1,tier1,tier0,exact
place1297,place1297,1,tier1,tier0,exact
place1298,place1298,1,tier1,tier0,exact
place1299,place1299,1,tier1,tier0,exact
place1300,place1300,1,tier1,tier0,exact
place1301,place1301,1,tier1,tier0,exact
place1302,place1302,1,tier1,tier0,exact
place1303,place1303,1,tier1,tier0,exact
place1304,place1304,1,tier1,tier0,exact
place1305,place1305,1,tier1,tier0,exact
place1306,place1306,1,tier1,tier0,exact
place1307,place1307,1,tier1,tier0,exact
place1308,place1308,1,tier1,tier0,exact
place1309,place1309,1,tier1,tier0,exact
place1310,place1310,1,tier1,tier0,exact
place1311,place1311,1,tier1,tier0,exact
place1312,place1312,1,tier1,tier0,exact
place1313,place1313,1,tier1,tier0,exact
place1314,place1314,1,tier1,tier0,exact
place1315,place1315,0,tier0,tier1,exact
place1316,place1316,1,tier1,tier0,exact
place1317,place1317,0,tier0,tier1,exact
place1318,place1318,1,tier1,tier0,exact
place1319,place1319,0,tier0,tier1,exact
place1320,place1320,1,tier1,tier0,exact
place1321,place1321,0,tier0,tier1,exact
place1322,place1322,0,tier0,tier1,exact
place1323,place1323,0,tier0,tier1,exact
place1324,place1324,1,tier1,tier0,exact
place1325,place1325,1,tier1,tier0,exact
place1326,place1326,1,tier1,tier0,exact
place1327,place1327,1,tier1,tier0,exact
place1328,place1328,1,tier1,tier0,exact
place1329,place1329,1,tier1,tier0,exact
place1330,place1330,1,tier1,tier0,exact
place1331,place1331,1,tier1,tier0,exact
place1332,place1332,1,tier1,tier0,exact
place1333,place1333,1,tier1,tier0,exact
place1334,place1334,0,tier0,tier1,exact
place1335,place1335,1,tier1,tier0,exact
place1336,place1336,1,tier1,tier0,exact
place1337,place1337,1,tier1,tier1,exact
place1339,place1339,1,tier1,tier1,exact
place1340,place1340,1,tier1,tier0,exact
place1341,place1341,1,tier1,tier0,exact
place1342,place1342,1,tier1,tier0,exact
place1343,place1343,0,tier0,tier1,exact
place1344,place1344,1,tier1,tier0,exact
place1345,place1345,1,tier1,tier0,exact
place1346,place1346,1,tier1,tier0,exact
place1347,place1347,1,tier1,tier0,exact
place1348,place1348,1,tier1,tier0,exact
place1349,place1349,1,tier1,tier0,exact
place1350,place1350,1,tier1,tier0,exact
place1351,place1351,1,tier1,tier0,exact
place1352,place1352,1,tier1,tier0,exact
place1353,place1353,1,tier1,tier0,exact
place1354,place1354,1,tier1,tier0,exact
place1355,place1355,1,tier1,tier0,exact
place1356,place1356,1,tier1,tier0,exact
place1357,place1357,1,tier1,tier0,exact
place1358,place1358,1,tier1,tier0,exact
place1359,place1359,1,tier1,tier0,exact
place1360,place1360,1,tier1,tier0,exact
place1361,place1361,1,tier1,tier0,exact
place1362,place1362,1,tier1,tier0,exact
place1363,place1363,1,tier1,tier0,exact
place1364,place1364,1,tier1,tier0,exact
place1365,place1365,1,tier1,tier0,exact
place1366,place1366,0,tier0,tier0,exact
place1367,place1367,1,tier1,tier0,exact
place1368,place1368,1,tier1,tier0,exact
place1369,place1369,0,tier0,tier1,exact
place1370,place1370,1,tier1,tier0,exact
place1371,place1371,0,tier0,tier0,exact
place1372,place1372,0,tier0,tier1,exact
place1373,place1373,1,tier1,tier0,exact
place1374,place1374,0,tier0,tier1,exact
place1375,place1375,1,tier1,tier0,exact
place1376,place1376,0,tier0,tier0,exact
place1377,place1377,1,tier1,tier0,exact
place1378,place1378,1,tier1,tier0,exact
place1379,place1379,1,tier1,tier0,exact
place1380,place1380,1,tier1,tier0,exact
place1381,place1381,1,tier1,tier0,exact
place1382,place1382,0,tier0,tier1,exact
place1383,place1383,1,tier1,tier0,exact
place1384,place1384,1,tier1,tier0,exact
place1385,place1385,1,tier1,tier0,exact
place1386,place1386,1,tier1,tier0,exact
place1387,place1387,1,tier1,tier1,exact
place1388,place1388,1,tier1,tier0,exact
place1389,place1389,1,tier1,tier1,exact
place1390,place1390,1,tier1,tier0,exact
place1391,place1391,1,tier1,tier0,exact
place1392,place1392,0,tier0,tier1,exact
place1393,place1393,1,tier1,tier0,exact
place1394,place1394,1,tier1,tier0,exact
place1395,place1395,1,tier1,tier0,exact
place1396,place1396,0,tier0,tier1,exact
place1397,place1397,1,tier1,tier0,exact
place1398,place1398,1,tier1,tier1,exact
place1399,place1399,1,tier1,tier0,exact
place1400,place1400,1,tier1,tier1,exact
place1401,place1401,1,tier1,tier0,exact
place1402,place1402,0,tier0,tier1,exact
place1403,place1403,1,tier1,tier1,exact
place1404,place1404,1,tier1,tier0,exact
place1405,place1405,1,tier1,tier0,exact
place1406,place1406,1,tier1,tier0,exact
place1407,place1407,1,tier1,tier0,exact
place1408,place1408,1,tier1,tier0,exact
place1409,place1409,0,tier0,tier0,exact
place1410,place1410,1,tier1,tier0,exact
place1411,place1411,1,tier1,tier0,exact
place1412,place1412,0,tier0,tier1,exact
place1413,place1413,1,tier1,tier0,exact
place1414,place1414,0,tier0,tier0,exact
place1415,place1415,1,tier1,tier0,exact
place1416,place1416,1,tier1,tier0,exact
place1417,place1417,0,tier0,tier1,exact
place1418,place1418,1,tier1,tier0,exact
place1419,place1419,0,tier0,tier1,exact
place1420,place1420,1,tier1,tier0,exact
place1421,place1421,0,tier0,tier1,exact
place1422,place1422,1,tier1,tier0,exact
place1423,place1423,0,tier0,tier1,exact
place1424,place1424,1,tier1,tier0,exact
place1425,place1425,0,tier0,tier0,exact
place1426,place1426,0,tier0,tier0,exact
place1427,place1427,0,tier0,tier0,exact
place1428,place1428,1,tier1,tier0,exact
place1429,place1429,0,tier0,tier1,exact
place1430,place1430,1,tier1,tier0,exact
place1431,place1431,1,tier1,tier0,exact
place1432,place1432,1,tier1,tier1,exact
place1433,place1433,1,tier1,tier0,exact
place1434,place1434,1,tier1,tier1,exact
place1435,place1435,1,tier1,tier0,exact
place1436,place1436,1,tier1,tier1,exact
place1437,place1437,1,tier1,tier1,exact
place1438,place1438,1,tier1,tier0,exact
place1439,place1439,0,tier0,tier1,exact
place1440,place1440,0,tier0,tier1,exact
place1441,place1441,1,tier1,tier0,exact
place1442,place1442,1,tier1,tier1,exact
place1443,place1443,1,tier1,tier0,exact
place1444,place1444,0,tier0,tier1,exact
place1445,place1445,1,tier1,tier0,exact
place1446,place1446,1,tier1,tier1,exact
place1447,place1447,1,tier1,tier0,exact
place1448,place1448,1,tier1,tier0,exact
place1449,place1449,1,tier1,tier0,exact
place1450,place1450,1,tier1,tier0,exact
place1451,place1451,0,tier0,tier1,exact
place1452,place1452,1,tier1,tier0,exact
place1453,place1453,1,tier1,tier0,exact
place1454,place1454,1,tier1,tier0,exact
place1455,place1455,1,tier1,tier0,exact
place1456,place1456,1,tier1,tier1,exact
place1457,place1457,1,tier1,tier0,exact
place1458,place1458,1,tier1,tier0,exact
place1459,place1459,1,tier1,tier0,exact
place1460,place1460,1,tier1,tier0,exact
place1461,place1461,1,tier1,tier1,exact
place1462,place1462,1,tier1,tier1,exact
place1463,place1463,0,tier0,tier1,exact
place1464,place1464,0,tier0,tier1,exact
place1465,place1465,0,tier0,tier1,exact
place1466,place1466,0,tier0,tier1,exact
place1467,place1467,1,tier1,tier0,exact
place1468,place1468,1,tier1,tier1,exact
place1469,place1469,1,tier1,tier1,exact
place1470,place1470,0,tier0,tier1,exact
place1471,place1471,1,tier1,tier1,exact
place1472,place1472,0,tier0,tier1,exact
place1473,place1473,1,tier1,tier1,exact
place1474,place1474,0,tier0,tier1,exact
place1475,place1475,0,tier0,tier1,exact
place1476,place1476,0,tier0,tier1,exact
place1477,place1477,0,tier0,tier1,exact
place1478,place1478,0,tier0,tier1,exact
place1479,place1479,0,tier0,tier1,exact
place1480,place1480,0,tier0,tier1,exact
place1481,place1481,1,tier1,tier1,exact
place1482,place1482,1,tier1,tier1,exact
place1483,place1483,0,tier0,tier1,exact
place1484,place1484,0,tier0,tier1,exact
place1485,place1485,1,tier1,tier1,exact
place1486,place1486,0,tier0,tier1,exact
place1487,place1487,0,tier0,tier1,exact
place1488,place1488,1,tier1,tier1,exact
place1489,place1489,0,tier0,tier1,exact
place1490,place1490,1,tier1,tier1,exact
place1491,place1491,0,tier0,tier1,exact
place1492,place1492,0,tier0,tier1,exact
place1493,place1493,0,tier0,tier0,exact
place1494,place1494,0,tier0,tier1,exact
place1495,place1495,0,tier0,tier1,exact
place1496,place1496,0,tier0,tier0,exact
place1497,place1497,0,tier0,tier1,exact
place1498,place1498,0,tier0,tier0,exact
place1499,place1499,1,tier1,tier1,exact
place1500,place1500,1,tier1,tier1,exact
place1501,place1501,0,tier0,tier1,exact
place1502,place1502,0,tier0,tier0,exact
place1503,place1503,0,tier0,tier0,exact
place1504,place1504,0,tier0,tier0,exact
place1505,place1505,1,tier1,tier1,exact
place1506,place1506,1,tier1,tier1,exact
place1507,place1507,1,tier1,tier1,exact
place1508,place1508,1,tier1,tier1,exact
place1509,place1509,0,tier0,tier1,exact
place1510,place1510,0,tier0,tier0,exact
place1511,place1511,0,tier0,tier0,exact
place1512,place1512,1,tier1,tier1,exact
place1513,place1513,1,tier1,tier1,exact
place1514,place1514,1,tier1,tier1,exact
place1515,place1515,1,tier1,tier1,exact
place1516,place1516,0,tier0,tier0,exact
place1517,place1517,0,tier0,tier0,exact
place1518,place1518,1,tier1,tier1,exact
place1519,place1519,1,tier1,tier1,exact
place1520,place1520,0,tier0,tier1,exact
place1521,place1521,0,tier0,tier1,exact
place1522,place1522,0,tier0,tier1,exact
place1523,place1523,0,tier0,tier1,exact
place1524,place1524,0,tier0,tier0,exact
place1525,place1525,1,tier1,tier1,exact
place1526,place1526,0,tier0,tier1,exact
place1527,place1527,0,tier0,tier1,exact
place1528,place1528,0,tier0,tier1,exact
place1529,place1529,0,tier0,tier1,exact
place1530,place1530,1,tier1,tier1,exact
place1531,place1531,0,tier0,tier1,exact
place1532,place1532,1,tier1,tier1,exact
place1533,place1533,0,tier0,tier1,exact
place1534,place1534,0,tier0,tier1,exact
place1535,place1535,0,tier0,tier1,exact
place1536,place1536,0,tier0,tier1,exact
place1537,place1537,0,tier0,tier0,exact
place1538,place1538,0,tier0,tier1,exact
place1539,place1539,0,tier0,tier1,exact
place1540,place1540,0,tier0,tier0,exact
place1541,place1541,0,tier0,tier0,exact
place1542,place1542,1,tier1,tier1,exact
place1543,place1543,1,tier1,tier1,exact
place1544,place1544,1,tier1,tier1,exact
place1545,place1545,1,tier1,tier1,exact
place1546,place1546,0,tier0,tier1,exact
place1547,place1547,1,tier1,tier1,exact
place1548,place1548,1,tier1,tier1,exact
place1549,place1549,0,tier0,tier1,exact
place1550,place1550,0,tier0,tier1,exact
place1551,place1551,0,tier0,tier1,exact
place1552,place1552,1,tier1,tier1,exact
place1553,place1553,0,tier0,tier1,exact
place1554,place1554,0,tier0,tier0,exact
place1555,place1555,0,tier0,tier0,exact
place1556,place1556,1,tier1,tier1,exact
place1557,place1557,1,tier1,tier1,exact
place1558,place1558,1,tier1,tier1,exact
place1559,place1559,0,tier0,tier1,exact
place1560,place1560,0,tier0,tier1,exact
place1561,place1561,0,tier0,tier0,exact
place1562,place1562,0,tier0,tier1,exact
place1563,place1563,0,tier0,tier1,exact
place1564,place1564,1,tier1,tier1,exact
place1565,place1565,0,tier0,tier1,exact
place1566,place1566,1,tier1,tier1,exact
place1567,place1567,0,tier0,tier1,exact
place1568,place1568,0,tier0,tier0,exact
place1569,place1569,1,tier1,tier1,exact
place1570,place1570,1,tier1,tier1,exact
place1571,place1571,1,tier1,tier1,exact
place1572,place1572,0,tier0,tier1,exact
place1573,place1573,0,tier0,tier1,exact
place1574,place1574,0,tier0,tier0,exact
place1575,place1575,1,tier1,tier1,exact
place1576,place1576,1,tier1,tier1,exact
place1577,place1577,0,tier0,tier1,exact
place1578,place1578,0,tier0,tier0,exact
place1579,place1579,0,tier0,tier1,exact
place1580,place1580,0,tier0,tier0,exact
place1581,place1581,0,tier0,tier1,exact
place1582,place1582,0,tier0,tier1,exact
place1583,place1583,0,tier0,tier1,exact
place1584,place1584,0,tier0,tier1,exact
place1585,place1585,1,tier1,tier1,exact
place1586,place1586,0,tier0,tier1,exact
place1587,place1587,0,tier0,tier0,exact
place1588,place1588,0,tier0,tier0,exact
place1589,place1589,1,tier1,tier1,exact
place1590,place1590,1,tier1,tier1,exact
place1591,place1591,1,tier1,tier0,exact
place1592,place1592,0,tier0,tier1,exact
place1593,place1593,0,tier0,tier1,exact
place1594,place1594,1,tier1,tier1,exact
place1595,place1595,1,tier1,tier1,exact
place1596,place1596,0,tier0,tier1,exact
place1597,place1597,0,tier0,tier1,exact
place1598,place1598,0,tier0,tier1,exact
place1599,place1599,0,tier0,tier1,exact
place1600,place1600,0,tier0,tier1,exact
place1601,place1601,0,tier0,tier1,exact
place1602,place1602,1,tier1,tier1,exact
place1603,place1603,0,tier0,tier1,exact
place1604,place1604,1,tier1,tier1,exact
place1605,place1605,1,tier1,tier0,exact
place1606,place1606,1,tier1,tier1,exact
place1607,place1607,1,tier1,tier1,exact
place1608,place1608,1,tier1,tier1,exact
place1609,place1609,1,tier1,tier1,exact
place1610,place1610,0,tier0,tier1,exact
place1611,place1611,1,tier1,tier1,exact
place1612,place1612,1,tier1,tier1,exact
place1613,place1613,0,tier0,tier1,exact
place1614,place1614,0,tier0,tier1,exact
place1615,place1615,1,tier1,tier1,exact
place1616,place1616,0,tier0,tier1,exact
place1617,place1617,1,tier1,tier1,exact
place1618,place1618,1,tier1,tier1,exact
place1619,place1619,1,tier1,tier1,exact
place1620,place1620,0,tier0,tier1,exact
place1621,place1621,0,tier0,tier1,exact
place1622,place1622,0,tier0,tier1,exact
place1623,place1623,1,tier1,tier1,exact
place1624,place1624,1,tier1,tier1,exact
place1625,place1625,0,tier0,tier1,exact
place1626,place1626,0,tier0,tier1,exact
place1627,place1627,0,tier0,tier1,exact
place1628,place1628,1,tier1,tier1,exact
place1629,place1629,0,tier0,tier1,exact
place1630,place1630,0,tier0,tier1,exact
place1631,place1631,0,tier0,tier1,exact
place1632,place1632,0,tier0,tier1,exact
place1633,place1633,0,tier0,tier1,exact
place1634,place1634,1,tier1,tier1,exact
place1635,place1635,1,tier1,tier1,exact
place1636,place1636,1,tier1,tier1,exact
place1637,place1637,1,tier1,tier1,exact
place1638,place1638,0,tier0,tier1,exact
place1639,place1639,1,tier1,tier1,exact
place975,place975,1,tier1,tier1,exact
place976,place976,0,tier0,tier0,exact
place977,place977,1,tier1,tier0,exact
place978,place978,1,tier1,tier1,exact
place979,place979,1,tier1,tier0,exact
place980,place980,0,tier0,tier0,exact
place981,place981,1,tier1,tier0,exact
place982,place982,1,tier1,tier1,exact
place983,place983,0,tier0,tier0,exact
place984,place984,1,tier1,tier0,exact
place985,place985,0,tier0,tier1,exact
place986,place986,1,tier1,tier0,exact
place987,place987,1,tier1,tier1,exact
place988,place988,0,tier0,tier1,exact
place989,place989,1,tier1,tier0,exact
place990,place990,1,tier1,tier0,exact
place991,place991,1,tier1,tier1,exact
place992,place992,1,tier1,tier1,exact
place993,place993,0,tier0,tier0,exact
place994,place994,1,tier1,tier0,exact
place995,place995,1,tier1,tier0,exact
place996,place996,1,tier1,tier0,exact
place997,place997,1,tier1,tier0,exact
place998,place998,1,tier1,tier0,exact
place999,place999,1,tier1,tier0,exact
rebuffer1640,rebuffer1640,1,tier1,tier0,exact
rebuffer1642,rebuffer1642,1,tier1,tier0,exact
rebuffer1656,rebuffer1656,1,tier1,tier0,exact
rebuffer1657,rebuffer1657,1,tier1,tier0,exact
rebuffer1658,rebuffer1658,1,tier1,tier0,exact
rebuffer1659,rebuffer1659,1,tier1,tier0,exact
rebuffer1660,rebuffer1660,1,tier1,tier0,exact
rebuffer1661,rebuffer1661,1,tier1,tier0,exact
rebuffer1662,rebuffer1662,1,tier1,tier0,exact
rebuffer1663,rebuffer1663,1,tier1,tier0,exact
rebuffer1665,rebuffer1665,1,tier1,tier0,exact
rebuffer1667,rebuffer1667,1,tier1,tier0,exact
rebuffer1668,rebuffer1668,1,tier1,tier0,exact
rebuffer1669,rebuffer1669,1,tier1,tier0,exact
rebuffer1670,rebuffer1670,1,tier1,tier0,exact
rebuffer1673,rebuffer1673,1,tier1,tier0,exact
rebuffer1674,rebuffer1674,1,tier1,tier0,exact
rebuffer1675,rebuffer1675,1,tier1,tier0,exact
rebuffer1676,rebuffer1676,1,tier1,tier1,exact
rebuffer1761,rebuffer1761,1,tier1,tier0,exact
rebuffer1762,rebuffer1762,1,tier1,tier0,exact
rebuffer1763,rebuffer1763,1,tier1,tier0,exact
rebuffer1764,rebuffer1764,1,tier1,tier0,exact
rebuffer1765,rebuffer1765,1,tier1,tier0,exact
rebuffer1766,rebuffer1766,1,tier1,tier0,exact
rebuffer1767,rebuffer1767,1,tier1,tier0,exact
rebuffer1768,rebuffer1768,1,tier1,tier0,exact
rebuffer1783,rebuffer1783,1,tier1,tier0,exact
rebuffer1784,rebuffer1784,1,tier1,tier0,exact
rebuffer1795,rebuffer1795,0,tier0,tier0,exact
rebuffer1844,rebuffer1844,1,tier1,tier0,exact
rebuffer1885,rebuffer1885,1,tier1,tier0,exact
rebuffer1886,rebuffer1886,1,tier1,tier0,exact
rebuffer1916,rebuffer1916,0,tier0,tier0,exact
rebuffer2069,rebuffer2069,1,tier1,tier0,exact
rebuffer2084,rebuffer2084,1,tier1,tier0,exact
rebuffer2223,rebuffer2223,1,tier1,tier0,exact
rebuffer2224,rebuffer2224,1,tier1,tier0,exact
rebuffer2225,rebuffer2225,1,tier1,tier0,exact
rebuffer2226,rebuffer2226,1,tier1,tier0,exact
rebuffer2228,rebuffer2228,1,tier1,tier1,exact
rebuffer2229,rebuffer2229,1,tier1,tier0,exact
rebuffer2230,rebuffer2230,1,tier1,tier0,exact
rebuffer2231,rebuffer2231,1,tier1,tier0,exact
rebuffer2234,rebuffer2234,1,tier1,tier0,exact
rebuffer2235,rebuffer2235,1,tier1,tier0,exact
rebuffer2250,rebuffer2250,1,tier1,tier0,exact
rebuffer2251,rebuffer2251,1,tier1,tier0,exact
rebuffer2252,rebuffer2252,1,tier1,tier0,exact
rebuffer2275,rebuffer2275,1,tier1,tier0,exact
rebuffer2276,rebuffer2276,1,tier1,tier0,exact
rebuffer2300,rebuffer2300,1,tier1,tier0,exact
rebuffer2302,rebuffer2302,1,tier1,tier0,exact
rebuffer2303,rebuffer2303,1,tier1,tier1,exact
rebuffer2304,rebuffer2304,1,tier1,tier0,exact
rebuffer2330,rebuffer2330,1,tier1,tier0,exact
rebuffer2332,rebuffer2332,1,tier1,tier0,exact
rebuffer2333,rebuffer2333,1,tier1,tier0,exact
rebuffer2334,rebuffer2334,1,tier1,tier0,exact
rebuffer2448,rebuffer2448,1,tier1,tier0,exact
rebuffer2449,rebuffer2449,0,tier0,tier0,exact
rebuffer2450,rebuffer2450,0,tier0,tier0,exact
rebuffer2573,rebuffer2573,0,tier0,tier1,exact
rebuffer2574,rebuffer2574,1,tier1,tier0,exact
rebuffer2576,rebuffer2576,1,tier1,tier0,exact
rebuffer2577,rebuffer2577,1,tier1,tier0,exact
rebuffer2578,rebuffer2578,1,tier1,tier0,exact
rebuffer2579,rebuffer2579,1,tier1,tier0,exact
rebuffer2621,rebuffer2621,1,tier1,tier0,exact
