instance,tier,architecture_unit,semantic_group,weight
_13512__1,tier1,unclassified,infrastructure,2
_13513__2,tier1,unclassified,infrastructure,2
_13514__3,tier1,load_store,datapath,2
_13515__4,tier1,load_store,datapath,2
_13516__5,tier0,fetch,control,2
_13517__6,tier0,fetch,control,2
_13518_,tier1,unclassified,infrastructure,8
_13518__10,tier1,unclassified,infrastructure,2
_13518__11,tier1,unclassified,infrastructure,2
_13518__12,tier1,unclassified,infrastructure,2
_13518__7,tier1,unclassified,infrastructure,2
_13518__8,tier1,unclassified,infrastructure,2
_13518__9,tier1,unclassified,infrastructure,2
_13519_,tier0,generated_control,infrastructure,5
_13520_,tier0,unclassified,infrastructure,6
_13521_,tier0,generated_control,infrastructure,8
_13522_,tier0,generated_control,infrastructure,8
_13523_,tier0,generated_control,infrastructure,8
_13524_,tier0,generated_control,infrastructure,5
_13525_,tier1,generated_control,infrastructure,4
_13526_,tier0,generated_datapath,infrastructure,5
_13527_,tier1,unclassified,infrastructure,6
_13528_,tier1,generated_datapath,infrastructure,5
_13529_,tier1,generated_datapath,infrastructure,5
_13530_,tier0,generated_control,infrastructure,5
_13531_,tier0,generated_control,infrastructure,5
_13532_,tier1,generated_datapath,infrastructure,6
_13533_,tier0,generated_control,infrastructure,5
_13534_,tier1,generated_datapath,infrastructure,6
_13535_,tier1,generated_datapath,infrastructure,5
_13536_,tier1,generated_control,infrastructure,4
_13537_,tier0,generated_control,infrastructure,5
_13538_,tier0,generated_control,infrastructure,5
_13539_,tier0,generated_datapath,infrastructure,6
_13540_,tier0,generated_control,infrastructure,5
_13541_,tier0,generated_control,infrastructure,5
_13542_,tier1,generated_datapath,infrastructure,6
_13543_,tier1,generated_control,infrastructure,4
_13544_,tier0,generated_control,infrastructure,5
_13545_,tier0,generated_control,infrastructure,4
_13546_,tier0,generated_control,infrastructure,5
_13547_,tier0,generated_control,infrastructure,5
_13548_,tier0,generated_control,infrastructure,5
_13549_,tier0,generated_datapath,infrastructure,6
_13550_,tier1,generated_datapath,infrastructure,5
_13551_,tier1,generated_control,infrastructure,5
_13552_,tier0,generated_control,infrastructure,5
_13553_,tier0,generated_control,infrastructure,5
_13554_,tier1,generated_datapath,infrastructure,6
_13555_,tier0,generated_control,infrastructure,5
_13556_,tier0,generated_control,infrastructure,5
_13557_,tier0,generated_datapath,infrastructure,6
_13558_,tier0,generated_control,infrastructure,5
_13559_,tier1,generated_datapath,infrastructure,6
_13560_,tier1,generated_control,infrastructure,4
_13561_,tier1,generated_datapath,infrastructure,5
_13562_,tier1,generated_datapath,infrastructure,5
_13563_,tier1,generated_datapath,infrastructure,5
_13564_,tier1,generated_datapath,infrastructure,5
_13565_,tier1,generated_datapath,infrastructure,5
_13566_,tier0,generated_control,infrastructure,5
_13567_,tier0,generated_control,infrastructure,5
_13568_,tier1,generated_datapath,infrastructure,6
_13569_,tier0,generated_control,infrastructure,5
_13570_,tier0,generated_datapath,infrastructure,6
_13571_,tier1,generated_datapath,infrastructure,5
_13572_,tier1,generated_control,infrastructure,4
_13573_,tier0,generated_control,infrastructure,5
_13574_,tier0,generated_control,infrastructure,4
_13575_,tier0,generated_control,infrastructure,5
_13576_,tier0,generated_control,infrastructure,5
_13577_,tier0,generated_control,infrastructure,5
_13578_,tier1,generated_datapath,infrastructure,6
_13579_,tier1,generated_datapath,infrastructure,5
_13580_,tier1,generated_control,infrastructure,5
_13581_,tier0,generated_control,infrastructure,5
_13582_,tier0,generated_control,infrastructure,4
_13583_,tier0,generated_control,infrastructure,5
_13584_,tier0,generated_control,infrastructure,5
_13585_,tier0,generated_control,infrastructure,5
_13586_,tier1,generated_datapath,infrastructure,6
_13587_,tier0,generated_datapath,infrastructure,5
_13588_,tier0,generated_control,infrastructure,5
_13589_,tier0,generated_control,infrastructure,5
_13590_,tier0,generated_control,infrastructure,5
_13591_,tier0,generated_datapath,infrastructure,6
_13592_,tier0,generated_control,infrastructure,5
_13593_,tier0,generated_control,infrastructure,5
_13594_,tier1,generated_datapath,infrastructure,6
_13595_,tier0,generated_control,infrastructure,5
_13596_,tier0,generated_control,infrastructure,5
_13597_,tier1,generated_control,infrastructure,4
_13598_,tier1,generated_datapath,infrastructure,5
_13599_,tier1,generated_datapath,infrastructure,5
_13600_,tier1,generated_datapath,infrastructure,5
_13601_,tier0,generated_control,infrastructure,4
_13602_,tier1,unclassified,infrastructure,6
_13603_,tier1,generated_control,infrastructure,4
_13604_,tier0,generated_control,infrastructure,5
_13605_,tier0,generated_control,infrastructure,5
_13606_,tier1,generated_datapath,infrastructure,6
_13607_,tier0,generated_control,infrastructure,5
_13608_,tier1,generated_datapath,infrastructure,6
_13609_,tier1,generated_datapath,infrastructure,5
_13610_,tier1,generated_control,infrastructure,4
_13611_,tier0,generated_control,infrastructure,5
_13612_,tier0,generated_control,infrastructure,4
_13613_,tier0,generated_control,infrastructure,5
_13614_,tier0,generated_control,infrastructure,5
_13615_,tier0,generated_control,infrastructure,5
_13616_,tier0,generated_datapath,infrastructure,6
_13617_,tier1,generated_datapath,infrastructure,5
_13618_,tier0,generated_control,infrastructure,5
_13619_,tier0,generated_control,infrastructure,5
_13620_,tier0,generated_control,infrastructure,4
_13621_,tier0,generated_control,infrastructure,5
_13622_,tier0,generated_control,infrastructure,5
_13623_,tier0,generated_control,infrastructure,5
_13624_,tier0,generated_datapath,infrastructure,6
_13625_,tier1,generated_datapath,infrastructure,5
_13626_,tier0,generated_control,infrastructure,5
_13627_,tier0,generated_control,infrastructure,5
_13628_,tier0,generated_control,infrastructure,5
_13629_,tier0,generated_datapath,infrastructure,6
_13630_,tier0,generated_control,infrastructure,5
_13631_,tier0,generated_control,infrastructure,5
_13632_,tier0,generated_datapath,infrastructure,6
_13633_,tier0,generated_control,infrastructure,5
_13634_,tier0,generated_control,infrastructure,5
_13635_,tier1,generated_control,infrastructure,4
_13636_,tier1,generated_control,infrastructure,4
_13637_,tier0,generated_datapath,infrastructure,5
_13638_,tier1,generated_datapath,infrastructure,5
_13639_,tier0,generated_control,infrastructure,4
_13640_,tier1,unclassified,infrastructure,6
_13641_,tier1,generated_control,infrastructure,4
_13642_,tier0,generated_control,infrastructure,5
_13643_,tier0,generated_control,infrastructure,5
_13644_,tier1,generated_datapath,infrastructure,6
_13645_,tier0,generated_control,infrastructure,5
_13646_,tier1,generated_datapath,infrastructure,6
_13647_,tier1,generated_datapath,infrastructure,5
_13648_,tier1,generated_control,infrastructure,4
_13649_,tier0,generated_control,infrastructure,5
_13650_,tier0,generated_control,infrastructure,4
_13651_,tier0,generated_control,infrastructure,5
_13652_,tier0,generated_control,infrastructure,5
_13653_,tier0,generated_control,infrastructure,5
_13654_,tier0,generated_datapath,infrastructure,6
_13655_,tier1,generated_datapath,infrastructure,5
_13656_,tier0,generated_control,infrastructure,5
_13657_,tier0,generated_control,infrastructure,5
_13658_,tier0,generated_control,infrastructure,4
_13659_,tier0,generated_control,infrastructure,5
_13660_,tier0,generated_control,infrastructure,5
_13661_,tier0,generated_control,infrastructure,5
_13662_,tier0,generated_datapath,infrastructure,6
_13663_,tier1,generated_datapath,infrastructure,5
_13664_,tier0,generated_control,infrastructure,5
_13665_,tier0,generated_control,infrastructure,5
_13666_,tier0,generated_control,infrastructure,5
_13667_,tier0,generated_datapath,infrastructure,6
_13668_,tier0,generated_control,infrastructure,5
_13669_,tier0,generated_control,infrastructure,5
_13670_,tier0,generated_datapath,infrastructure,6
_13671_,tier0,generated_control,infrastructure,5
_13672_,tier0,generated_control,infrastructure,5
_13673_,tier1,generated_control,infrastructure,4
_13674_,tier1,generated_control,infrastructure,4
_13675_,tier1,generated_datapath,infrastructure,5
_13676_,tier1,generated_datapath,infrastructure,5
_13677_,tier0,generated_control,infrastructure,4
_13678_,tier1,generated_control,infrastructure,5
_13679_,tier0,generated_control,infrastructure,4
_13680_,tier0,generated_control,infrastructure,5
_13681_,tier0,generated_control,infrastructure,5
_13682_,tier1,generated_datapath,infrastructure,6
_13683_,tier0,generated_control,infrastructure,5
_13684_,tier1,generated_datapath,infrastructure,6
_13685_,tier1,generated_datapath,infrastructure,5
_13686_,tier0,generated_control,infrastructure,5
_13687_,tier0,generated_control,infrastructure,4
_13688_,tier0,generated_control,infrastructure,5
_13689_,tier0,generated_control,infrastructure,5
_13690_,tier0,generated_control,infrastructure,5
_13691_,tier1,generated_datapath,infrastructure,6
_13692_,tier1,generated_datapath,infrastructure,5
_13693_,tier1,generated_control,infrastructure,5
_13694_,tier0,generated_control,infrastructure,5
_13695_,tier0,generated_control,infrastructure,4
_13696_,tier0,generated_control,infrastructure,5
_13697_,tier0,generated_control,infrastructure,5
_13698_,tier0,generated_control,infrastructure,5
_13699_,tier1,generated_datapath,infrastructure,6
_13700_,tier1,generated_datapath,infrastructure,5
_13701_,tier1,generated_control,infrastructure,5
_13702_,tier0,generated_control,infrastructure,5
_13703_,tier0,generated_control,infrastructure,5
_13704_,tier1,generated_datapath,infrastructure,6
_13705_,tier0,generated_control,infrastructure,5
_13706_,tier0,generated_control,infrastructure,5
_13707_,tier0,generated_datapath,infrastructure,6
_13708_,tier1,generated_control,infrastructure,5
_13709_,tier1,generated_datapath,infrastructure,6
_13710_,tier1,generated_control,infrastructure,4
_13711_,tier1,generated_datapath,infrastructure,5
_13712_,tier1,generated_datapath,infrastructure,5
_13713_,tier1,generated_datapath,infrastructure,5
_13714_,tier1,generated_datapath,infrastructure,5
_13715_,tier1,generated_datapath,infrastructure,5
_13716_,tier0,generated_control,infrastructure,5
_13717_,tier0,generated_control,infrastructure,5
_13718_,tier1,generated_datapath,infrastructure,6
_13719_,tier0,generated_control,infrastructure,5
_13720_,tier1,generated_datapath,infrastructure,6
_13721_,tier1,generated_datapath,infrastructure,5
_13722_,tier0,generated_control,infrastructure,5
_13723_,tier0,generated_control,infrastructure,4
_13724_,tier0,generated_control,infrastructure,5
_13725_,tier0,generated_control,infrastructure,5
_13726_,tier0,generated_control,infrastructure,5
_13727_,tier1,generated_datapath,infrastructure,6
_13728_,tier1,generated_datapath,infrastructure,5
_13729_,tier1,generated_control,infrastructure,5
_13730_,tier0,generated_control,infrastructure,5
_13731_,tier0,generated_control,infrastructure,4
_13732_,tier0,generated_control,infrastructure,5
_13733_,tier0,generated_control,infrastructure,5
_13734_,tier0,generated_control,infrastructure,5
_13735_,tier1,generated_datapath,infrastructure,6
_13736_,tier1,generated_datapath,infrastructure,5
_13737_,tier1,generated_control,infrastructure,5
_13738_,tier0,generated_control,infrastructure,5
_13739_,tier0,generated_control,infrastructure,5
_13740_,tier1,generated_datapath,infrastructure,6
_13741_,tier0,generated_control,infrastructure,5
_13742_,tier0,generated_control,infrastructure,5
_13743_,tier0,generated_datapath,infrastructure,6
_13744_,tier1,generated_control,infrastructure,5
_13745_,tier1,generated_datapath,infrastructure,6
_13746_,tier1,generated_control,infrastructure,4
_13747_,tier0,generated_datapath,infrastructure,5
_13748_,tier1,generated_datapath,infrastructure,5
_13749_,tier1,generated_datapath,infrastructure,5
_13750_,tier0,generated_control,infrastructure,4
_13751_,tier1,unclassified,infrastructure,6
_13752_,tier0,generated_control,infrastructure,5
_13753_,tier0,generated_control,infrastructure,5
_13754_,tier1,generated_datapath,infrastructure,6
_13755_,tier0,generated_control,infrastructure,5
_13756_,tier1,generated_datapath,infrastructure,6
_13757_,tier1,generated_datapath,infrastructure,5
_13758_,tier1,generated_control,infrastructure,4
_13759_,tier0,generated_control,infrastructure,5
_13760_,tier0,generated_control,infrastructure,4
_13761_,tier0,generated_control,infrastructure,5
_13762_,tier0,generated_control,infrastructure,5
_13763_,tier0,generated_control,infrastructure,5
_13764_,tier0,generated_datapath,infrastructure,6
_13765_,tier1,generated_datapath,infrastructure,5
_13766_,tier0,generated_control,infrastructure,5
_13767_,tier0,generated_control,infrastructure,5
_13768_,tier0,generated_control,infrastructure,4
_13769_,tier0,generated_control,infrastructure,5
_13770_,tier0,generated_control,infrastructure,5
_13771_,tier0,generated_control,infrastructure,5
_13772_,tier0,generated_datapath,infrastructure,6
_13773_,tier1,generated_datapath,infrastructure,5
_13774_,tier0,generated_control,infrastructure,5
_13775_,tier0,generated_control,infrastructure,5
_13776_,tier0,generated_control,infrastructure,5
_13777_,tier0,generated_datapath,infrastructure,6
_13778_,tier0,generated_control,infrastructure,5
_13779_,tier0,generated_control,infrastructure,5
_13780_,tier0,generated_datapath,infrastructure,6
_13781_,tier0,generated_control,infrastructure,5
_13782_,tier0,generated_control,infrastructure,5
_13783_,tier1,generated_control,infrastructure,4
_13784_,tier1,generated_datapath,infrastructure,5
_13785_,tier1,generated_datapath,infrastructure,5
_13786_,tier1,generated_datapath,infrastructure,5
_13787_,tier0,generated_control,infrastructure,4
_13788_,tier1,generated_control,infrastructure,5
_13789_,tier0,generated_control,infrastructure,4
_13790_,tier0,generated_control,infrastructure,5
_13791_,tier0,generated_control,infrastructure,5
_13792_,tier1,generated_datapath,infrastructure,6
_13793_,tier0,generated_control,infrastructure,5
_13794_,tier0,generated_datapath,infrastructure,6
_13795_,tier1,generated_datapath,infrastructure,5
_13796_,tier0,generated_control,infrastructure,4
_13797_,tier0,generated_control,infrastructure,5
_13798_,tier0,generated_control,infrastructure,4
_13799_,tier0,generated_control,infrastructure,5
_13800_,tier0,generated_control,infrastructure,5
_13801_,tier0,generated_control,infrastructure,5
_13802_,tier1,generated_datapath,infrastructure,6
_13803_,tier1,generated_datapath,infrastructure,5
_13804_,tier1,generated_control,infrastructure,5
_13805_,tier0,generated_control,infrastructure,5
_13806_,tier0,generated_control,infrastructure,4
_13807_,tier0,generated_control,infrastructure,5
_13808_,tier0,generated_control,infrastructure,5
_13809_,tier0,generated_control,infrastructure,5
_13810_,tier1,generated_datapath,infrastructure,6
_13811_,tier0,generated_datapath,infrastructure,5
_13812_,tier0,generated_control,infrastructure,5
_13813_,tier0,generated_control,infrastructure,5
_13814_,tier0,generated_control,infrastructure,5
_13815_,tier0,generated_datapath,infrastructure,6
_13816_,tier0,generated_control,infrastructure,5
_13817_,tier0,generated_control,infrastructure,5
_13818_,tier1,generated_datapath,infrastructure,6
_13819_,tier0,generated_control,infrastructure,5
_13820_,tier1,generated_control,infrastructure,5
_13821_,tier1,generated_control,infrastructure,4
_13822_,tier1,generated_datapath,infrastructure,5
_13823_,tier1,generated_datapath,infrastructure,5
_13824_,tier1,generated_datapath,infrastructure,5
_13825_,tier0,generated_control,infrastructure,4
_13826_,tier1,unclassified,infrastructure,6
_13827_,tier0,generated_control,infrastructure,5
_13828_,tier0,generated_control,infrastructure,5
_13829_,tier1,generated_datapath,infrastructure,6
_13830_,tier0,generated_control,infrastructure,5
_13831_,tier1,generated_datapath,infrastructure,6
_13832_,tier1,generated_datapath,infrastructure,5
_13833_,tier0,generated_control,infrastructure,5
_13834_,tier0,generated_control,infrastructure,4
_13835_,tier0,generated_control,infrastructure,5
_13836_,tier0,generated_control,infrastructure,5
_13837_,tier0,generated_control,infrastructure,5
_13838_,tier1,generated_datapath,infrastructure,6
_13839_,tier1,generated_datapath,infrastructure,5
_13840_,tier1,generated_control,infrastructure,5
_13841_,tier0,generated_control,infrastructure,5
_13842_,tier0,generated_control,infrastructure,4
_13843_,tier0,generated_control,infrastructure,5
_13844_,tier0,generated_control,infrastructure,5
_13845_,tier0,generated_control,infrastructure,5
_13846_,tier1,generated_datapath,infrastructure,6
_13847_,tier1,generated_datapath,infrastructure,5
_13848_,tier1,generated_control,infrastructure,5
_13849_,tier0,generated_control,infrastructure,5
_13850_,tier0,generated_control,infrastructure,5
_13851_,tier1,generated_datapath,infrastructure,6
_13852_,tier0,generated_control,infrastructure,5
_13853_,tier0,generated_control,infrastructure,5
_13854_,tier0,generated_datapath,infrastructure,6
_13855_,tier1,generated_control,infrastructure,5
_13856_,tier1,generated_datapath,infrastructure,6
_13857_,tier1,generated_control,infrastructure,4
_13858_,tier0,generated_datapath,infrastructure,5
_13859_,tier1,generated_datapath,infrastructure,5
_13860_,tier1,generated_datapath,infrastructure,5
_13861_,tier1,generated_datapath,infrastructure,5
_13862_,tier1,generated_datapath,infrastructure,5
_13863_,tier0,generated_control,infrastructure,8
_13864_,tier0,generated_control,infrastructure,8
_13865_,tier0,generated_control,infrastructure,5
_13866_,tier0,generated_control,infrastructure,8
_13867_,tier0,generated_control,infrastructure,8
_13868_,tier0,generated_control,infrastructure,8
_13869_,tier0,generated_control,infrastructure,8
_13870_,tier0,unclassified,infrastructure,6
_13871_,tier0,generated_control,infrastructure,5
_13872_,tier0,generated_control,infrastructure,8
_13873_,tier0,generated_datapath,infrastructure,6
_13874_,tier0,generated_control,infrastructure,8
_13875_,tier0,generated_datapath,infrastructure,6
_13876_,tier0,generated_datapath,infrastructure,5
_13877_,tier1,generated_control,infrastructure,5
_13878_,tier1,generated_control,infrastructure,4
_13879_,tier1,generated_datapath,infrastructure,5
_13880_,tier1,generated_datapath,infrastructure,5
_13881_,tier1,generated_datapath,infrastructure,5
_13882_,tier1,generated_datapath,infrastructure,5
_13883_,tier0,generated_control,infrastructure,5
_13884_,tier0,generated_control,infrastructure,5
_13885_,tier1,generated_datapath,infrastructure,6
_13886_,tier0,generated_control,infrastructure,5
_13887_,tier1,generated_datapath,infrastructure,6
_13888_,tier1,generated_datapath,infrastructure,5
_13889_,tier1,generated_control,infrastructure,4
_13890_,tier0,generated_control,infrastructure,5
_13891_,tier0,generated_control,infrastructure,5
_13892_,tier0,generated_datapath,infrastructure,6
_13893_,tier0,generated_control,infrastructure,5
_13894_,tier0,generated_control,infrastructure,5
_13895_,tier0,generated_datapath,infrastructure,6
_13896_,tier0,generated_control,infrastructure,4
_13897_,tier0,generated_control,infrastructure,5
_13898_,tier0,generated_control,infrastructure,4
_13899_,tier0,generated_control,infrastructure,5
_13900_,tier0,generated_control,infrastructure,5
_13901_,tier0,generated_control,infrastructure,5
_13902_,tier0,generated_datapath,infrastructure,6
_13903_,tier1,generated_datapath,infrastructure,5
_13904_,tier1,generated_control,infrastructure,5
_13905_,tier0,generated_control,infrastructure,5
_13906_,tier0,generated_control,infrastructure,5
_13907_,tier0,generated_datapath,infrastructure,6
_13908_,tier0,generated_control,infrastructure,5
_13909_,tier0,generated_control,infrastructure,5
_13910_,tier0,generated_datapath,infrastructure,6
_13911_,tier0,generated_control,infrastructure,5
_13912_,tier1,generated_datapath,infrastructure,6
_13913_,tier1,generated_control,infrastructure,4
_13914_,tier1,generated_control,infrastructure,4
_13915_,tier1,generated_datapath,infrastructure,5
_13916_,tier1,generated_control,infrastructure,4
_13917_,tier1,generated_datapath,infrastructure,5
_13918_,tier0,generated_control,infrastructure,4
_13919_,tier1,generated_control,infrastructure,5
_13920_,tier0,generated_control,infrastructure,4
_13921_,tier0,generated_control,infrastructure,5
_13922_,tier0,generated_control,infrastructure,5
_13923_,tier1,generated_datapath,infrastructure,6
_13924_,tier0,generated_control,infrastructure,5
_13925_,tier0,generated_datapath,infrastructure,6
_13926_,tier1,generated_datapath,infrastructure,5
_13927_,tier0,generated_control,infrastructure,4
_13928_,tier0,generated_control,infrastructure,5
_13929_,tier0,generated_control,infrastructure,5
_13930_,tier1,generated_datapath,infrastructure,6
_13931_,tier0,generated_control,infrastructure,5
_13932_,tier0,generated_control,infrastructure,5
_13933_,tier0,generated_datapath,infrastructure,6
_13934_,tier1,generated_control,infrastructure,4
_13935_,tier0,generated_control,infrastructure,5
_13936_,tier0,generated_control,infrastructure,4
_13937_,tier0,generated_control,infrastructure,5
_13938_,tier0,generated_control,infrastructure,5
_13939_,tier0,generated_control,infrastructure,5
_13940_,tier0,generated_datapath,infrastructure,6
_13941_,tier0,generated_datapath,infrastructure,5
_13942_,tier0,generated_control,infrastructure,5
_13943_,tier0,generated_control,infrastructure,5
_13944_,tier0,generated_control,infrastructure,5
_13945_,tier0,generated_datapath,infrastructure,6
_13946_,tier0,generated_control,infrastructure,5
_13947_,tier0,generated_control,infrastructure,5
_13948_,tier1,generated_datapath,infrastructure,6
_13949_,tier0,generated_control,infrastructure,5
_13950_,tier1,generated_datapath,infrastructure,6
_13951_,tier1,generated_control,infrastructure,4
_13952_,tier1,generated_control,infrastructure,4
_13953_,tier0,generated_datapath,infrastructure,5
_13954_,tier1,generated_control,infrastructure,4
_13955_,tier1,generated_datapath,infrastructure,5
_13956_,tier0,generated_control,infrastructure,4
_13957_,tier1,generated_control,infrastructure,5
_13958_,tier0,generated_control,infrastructure,4
_13959_,tier0,generated_control,infrastructure,5
_13960_,tier0,generated_control,infrastructure,5
_13961_,tier1,generated_datapath,infrastructure,6
_13962_,tier0,generated_control,infrastructure,5
_13963_,tier0,generated_datapath,infrastructure,6
_13964_,tier1,generated_datapath,infrastructure,5
_13965_,tier1,generated_control,infrastructure,4
_13966_,tier0,generated_control,infrastructure,5
_13967_,tier0,generated_control,infrastructure,5
_13968_,tier0,generated_datapath,infrastructure,6
_13969_,tier0,generated_control,infrastructure,5
_13970_,tier0,generated_control,infrastructure,5
_13971_,tier0,generated_datapath,infrastructure,6
_13972_,tier0,generated_control,infrastructure,4
_13973_,tier0,generated_control,infrastructure,5
_13974_,tier0,generated_control,infrastructure,4
_13975_,tier0,generated_control,infrastructure,5
_13976_,tier0,generated_control,infrastructure,5
_13977_,tier0,generated_control,infrastructure,5
_13978_,tier0,generated_datapath,infrastructure,6
_13979_,tier1,generated_datapath,infrastructure,5
_13980_,tier1,generated_control,infrastructure,5
_13981_,tier0,generated_control,infrastructure,5
_13982_,tier0,generated_control,infrastructure,5
_13983_,tier0,generated_datapath,infrastructure,6
_13984_,tier0,generated_control,infrastructure,5
_13985_,tier0,generated_control,infrastructure,5
_13986_,tier0,generated_datapath,infrastructure,6
_13987_,tier0,generated_control,infrastructure,5
_13988_,tier1,generated_datapath,infrastructure,6
_13989_,tier1,generated_control,infrastructure,4
_13990_,tier0,clock_reset,control,3
_13991_,tier0,generated_control,infrastructure,4
_13992_,tier1,generated_datapath,infrastructure,5
_13993_,tier1,generated_control,infrastructure,4
_13994_,tier1,generated_datapath,infrastructure,5
_13995_,tier0,generated_control,infrastructure,4
_13996_,tier0,generated_control,infrastructure,5
_13997_,tier0,generated_control,infrastructure,4
_13998_,tier0,generated_control,infrastructure,5
_13999_,tier0,generated_control,infrastructure,5
_14000_,tier1,generated_datapath,infrastructure,6
_14001_,tier0,generated_control,infrastructure,5
_14002_,tier1,generated_datapath,infrastructure,6
_14003_,tier1,generated_datapath,infrastructure,5
_14004_,tier1,generated_control,infrastructure,4
_14005_,tier0,generated_control,infrastructure,5
_14006_,tier0,generated_control,infrastructure,4
_14007_,tier0,generated_control,infrastructure,5
_14008_,tier0,generated_control,infrastructure,5
_14009_,tier0,generated_control,infrastructure,5
_14010_,tier1,generated_datapath,infrastructure,6
_14011_,tier1,generated_datapath,infrastructure,5
_14012_,tier1,generated_control,infrastructure,5
_14013_,tier0,generated_control,infrastructure,5
_14014_,tier0,generated_control,infrastructure,4
_14015_,tier0,generated_control,infrastructure,5
_14016_,tier0,generated_control,infrastructure,5
_14017_,tier0,generated_control,infrastructure,5
_14018_,tier1,generated_datapath,infrastructure,6
_14019_,tier1,generated_datapath,infrastructure,5
_14020_,tier1,generated_control,infrastructure,5
_14021_,tier0,generated_control,infrastructure,5
_14022_,tier0,generated_control,infrastructure,5
_14023_,tier1,generated_datapath,infrastructure,6
_14024_,tier0,generated_control,infrastructure,5
_14025_,tier0,generated_control,infrastructure,5
_14026_,tier0,generated_datapath,infrastructure,6
_14027_,tier0,generated_control,infrastructure,5
_14028_,tier1,generated_control,infrastructure,5
_14029_,tier1,generated_control,infrastructure,4
_14030_,tier1,generated_control,infrastructure,4
_14031_,tier1,generated_datapath,infrastructure,5
_14032_,tier1,generated_control,infrastructure,4
_14033_,tier1,generated_datapath,infrastructure,5
_14034_,tier0,generated_control,infrastructure,4
_14035_,tier1,generated_control,infrastructure,5
_14036_,tier0,generated_control,infrastructure,4
_14037_,tier0,generated_control,infrastructure,5
_14038_,tier0,generated_control,infrastructure,5
_14039_,tier0,generated_datapath,infrastructure,6
_14040_,tier0,generated_control,infrastructure,5
_14041_,tier1,generated_datapath,infrastructure,6
_14042_,tier1,generated_datapath,infrastructure,5
_14043_,tier0,generated_control,infrastructure,5
_14044_,tier0,generated_control,infrastructure,4
_14045_,tier0,generated_control,infrastructure,5
_14046_,tier0,generated_control,infrastructure,5
_14047_,tier0,generated_control,infrastructure,5
_14048_,tier0,generated_control,infrastructure,4
_14049_,tier0,generated_control,infrastructure,5
_14050_,tier0,generated_datapath,infrastructure,5
_14051_,tier0,generated_control,infrastructure,6
_14052_,tier0,generated_control,infrastructure,5
_14053_,tier0,generated_control,infrastructure,4
_14054_,tier0,generated_control,infrastructure,5
_14055_,tier0,generated_control,infrastructure,5
_14056_,tier0,generated_control,infrastructure,5
_14057_,tier0,generated_control,infrastructure,4
_14058_,tier0,generated_control,infrastructure,5
_14059_,tier0,generated_control,infrastructure,5
_14060_,tier0,generated_datapath,infrastructure,6
_14061_,tier0,generated_control,infrastructure,5
_14062_,tier0,generated_control,infrastructure,4
_14063_,tier0,generated_control,infrastructure,5
_14064_,tier0,generated_control,infrastructure,5
_14065_,tier0,generated_control,infrastructure,5
_14066_,tier0,generated_control,infrastructure,4
_14067_,tier0,generated_control,infrastructure,5
_14068_,tier0,generated_datapath,infrastructure,5
_14069_,tier0,generated_control,infrastructure,6
_14070_,tier0,unclassified,infrastructure,7
_14071_,tier1,generated_control,infrastructure,4
_14072_,tier1,generated_control,infrastructure,4
_14073_,tier1,generated_control,infrastructure,4
_14074_,tier1,generated_datapath,infrastructure,5
_14075_,tier1,generated_control,infrastructure,4
_14076_,tier1,generated_datapath,infrastructure,5
_14077_,tier0,generated_control,infrastructure,4
_14078_,tier1,unclassified,infrastructure,6
_14079_,tier0,generated_control,infrastructure,5
_14080_,tier0,generated_control,infrastructure,4
_14081_,tier0,generated_control,infrastructure,4
_14082_,tier0,generated_control,infrastructure,4
_14083_,tier0,generated_control,infrastructure,5
_14084_,tier0,generated_control,infrastructure,4
_14085_,tier0,generated_datapath,infrastructure,5
_14086_,tier0,generated_control,infrastructure,4
_14087_,tier1,generated_datapath,infrastructure,5
_14088_,tier1,generated_control,infrastructure,4
_14089_,tier0,generated_datapath,infrastructure,7
_14090_,tier0,generated_control,infrastructure,5
_14091_,tier1,generated_control,infrastructure,4
_14092_,tier0,generated_control,infrastructure,4
_14093_,tier0,generated_control,infrastructure,4
_14094_,tier0,generated_control,infrastructure,4
_14095_,tier0,generated_datapath,infrastructure,5
_14096_,tier0,generated_control,infrastructure,4
_14097_,tier0,generated_control,infrastructure,6
_14098_,tier0,unclassified,infrastructure,6
_14099_,tier0,unclassified,infrastructure,6
_14100_,tier0,unclassified,infrastructure,7
_14101_,tier0,generated_control,infrastructure,4
_14102_,tier0,generated_control,infrastructure,4
_14103_,tier0,generated_control,infrastructure,4
_14104_,tier0,generated_control,infrastructure,6
_14105_,tier0,generated_control,infrastructure,6
_14106_,tier0,generated_control,infrastructure,4
_14107_,tier0,generated_datapath,infrastructure,5
_14108_,tier0,unclassified,infrastructure,6
_14109_,tier0,generated_control,infrastructure,4
_14110_,tier0,generated_datapath,infrastructure,5
_14111_,tier0,unclassified,infrastructure,7
_14112_,tier0,unclassified,infrastructure,7
_14113_,tier0,generated_control,infrastructure,4
_14114_,tier0,generated_control,infrastructure,5
_14115_,tier0,generated_control,infrastructure,5
_14116_,tier0,generated_datapath,infrastructure,6
_14117_,tier0,generated_control,infrastructure,4
_14118_,tier0,generated_datapath,infrastructure,5
_14119_,tier0,unclassified,infrastructure,7
_14120_,tier0,generated_control,infrastructure,4
_14121_,tier0,generated_control,infrastructure,4
_14122_,tier0,generated_datapath,infrastructure,5
_14123_,tier0,generated_datapath,infrastructure,5
_14124_,tier0,generated_control,infrastructure,6
_14125_,tier0,generated_control,infrastructure,5
_14126_,tier0,unclassified,infrastructure,6
_14127_,tier0,generated_datapath,infrastructure,6
_14128_,tier0,clock_reset,control,3
_14129_,tier0,unclassified,infrastructure,7
_14130_,tier0,unclassified,infrastructure,7
_14131_,tier0,generated_control,infrastructure,4
_14132_,tier0,generated_control,infrastructure,4
_14133_,tier0,generated_control,infrastructure,5
_14134_,tier0,generated_datapath,infrastructure,5
_14135_,tier0,generated_control,infrastructure,4
_14136_,tier0,generated_datapath,infrastructure,6
_14137_,tier0,generated_datapath,infrastructure,5
_14138_,tier0,generated_datapath,infrastructure,5
_14139_,tier0,generated_control,infrastructure,4
_14140_,tier0,generated_control,infrastructure,4
_14141_,tier0,generated_control,infrastructure,4
_14142_,tier0,generated_datapath,infrastructure,6
_14143_,tier0,generated_datapath,infrastructure,5
_14144_,tier0,generated_datapath,infrastructure,5
_14145_,tier0,generated_datapath,infrastructure,5
_14146_,tier0,generated_datapath,infrastructure,5
_14147_,tier0,generated_datapath,infrastructure,5
_14148_,tier1,generated_control,infrastructure,4
_14149_,tier1,generated_control,infrastructure,4
_14150_,tier0,generated_control,infrastructure,5
_14151_,tier0,clock_reset,control,3
_14152_,tier0,generated_control,infrastructure,8
_14153_,tier0,generated_control,infrastructure,8
_14154_,tier0,generated_control,infrastructure,8
_14155_,tier0,generated_control,infrastructure,8
_14156_,tier0,generated_control,infrastructure,4
_14157_,tier0,generated_control,infrastructure,4
_14158_,tier0,generated_datapath,infrastructure,6
_14159_,tier0,generated_control,infrastructure,4
_14160_,tier0,generated_control,infrastructure,4
_14161_,tier0,generated_datapath,infrastructure,6
_14162_,tier0,generated_datapath,infrastructure,5
_14163_,tier0,generated_control,infrastructure,8
_14164_,tier0,generated_control,infrastructure,8
_14165_,tier0,generated_control,infrastructure,8
_14166_,tier0,generated_control,infrastructure,5
_14167_,tier0,generated_control,infrastructure,4
_14168_,tier0,generated_control,infrastructure,4
_14169_,tier0,generated_control,infrastructure,4
_14170_,tier0,generated_datapath,infrastructure,6
_14171_,tier0,generated_control,infrastructure,4
_14172_,tier0,generated_control,infrastructure,4
_14173_,tier0,generated_control,infrastructure,4
_14174_,tier0,generated_control,infrastructure,4
_14175_,tier0,generated_datapath,infrastructure,7
_14176_,tier0,generated_control,infrastructure,5
_14177_,tier0,generated_datapath,infrastructure,5
_14178_,tier0,clock_reset,control,3
_14179_,tier0,generated_control,infrastructure,6
_14180_,tier0,generated_control,infrastructure,6
_14181_,tier0,generated_control,infrastructure,4
_14182_,tier0,generated_datapath,infrastructure,6
_14183_,tier0,generated_datapath,infrastructure,6
_14184_,tier0,generated_control,infrastructure,5
_14185_,tier0,generated_control,infrastructure,4
_14186_,tier0,generated_control,infrastructure,5
_14187_,tier0,generated_control,infrastructure,5
_14188_,tier0,generated_control,infrastructure,6
_14189_,tier0,generated_control,infrastructure,6
_14190_,tier1,generated_datapath,infrastructure,5
_14191_,tier0,generated_control,infrastructure,5
_14192_,tier0,generated_control,infrastructure,6
_14193_,tier0,generated_datapath,infrastructure,5
_14194_,tier0,generated_datapath,infrastructure,5
_14195_,tier0,generated_control,infrastructure,4
_14196_,tier1,generated_control,infrastructure,5
_14197_,tier1,generated_control,infrastructure,5
_14198_,tier1,generated_datapath,infrastructure,6
_14199_,tier1,generated_datapath,infrastructure,7
_14200_,tier0,generated_datapath,infrastructure,7
_14201_,tier0,generated_control,infrastructure,5
_14202_,tier0,generated_control,infrastructure,5
_14203_,tier0,generated_datapath,infrastructure,6
_14204_,tier0,generated_control,infrastructure,5
_14205_,tier0,generated_control,infrastructure,4
_14206_,tier1,generated_datapath,infrastructure,6
_14207_,tier0,generated_datapath,infrastructure,5
_14208_,tier0,generated_control,infrastructure,4
_14209_,tier0,generated_control,infrastructure,4
_14210_,tier0,generated_control,infrastructure,4
_14211_,tier0,generated_control,infrastructure,5
_14212_,tier0,generated_control,infrastructure,5
_14213_,tier0,generated_datapath,infrastructure,6
_14214_,tier0,generated_control,infrastructure,5
_14215_,tier0,generated_control,infrastructure,5
_14216_,tier0,generated_datapath,infrastructure,6
_14217_,tier0,generated_control,infrastructure,5
_14218_,tier0,generated_control,infrastructure,4
_14219_,tier0,generated_control,infrastructure,5
_14220_,tier0,generated_control,infrastructure,5
_14221_,tier0,generated_datapath,infrastructure,6
_14222_,tier0,generated_control,infrastructure,5
_14223_,tier0,generated_control,infrastructure,5
_14224_,tier0,generated_datapath,infrastructure,6
_14225_,tier0,generated_control,infrastructure,5
_14226_,tier0,generated_control,infrastructure,4
_14227_,tier0,generated_control,infrastructure,5
_14228_,tier0,generated_control,infrastructure,5
_14229_,tier0,generated_datapath,infrastructure,6
_14230_,tier0,generated_control,infrastructure,5
_14231_,tier0,generated_control,infrastructure,5
_14232_,tier0,generated_datapath,infrastructure,6
_14233_,tier0,generated_control,infrastructure,5
_14234_,tier1,generated_datapath,infrastructure,6
_14235_,tier1,generated_control,infrastructure,4
_14236_,tier0,generated_datapath,infrastructure,5
_14237_,tier0,unclassified,infrastructure,7
_14238_,tier0,generated_control,infrastructure,4
_14239_,tier0,generated_control,infrastructure,4
_14240_,tier0,generated_datapath,infrastructure,6
_14241_,tier0,unclassified,infrastructure,6
_14242_,tier0,fetch,control,6
_14243_,tier0,generated_control,infrastructure,4
_14244_,tier0,generated_datapath,infrastructure,5
_14245_,tier1,generated_datapath,infrastructure,5
_14246_,tier0,generated_datapath,infrastructure,5
_14247_,tier0,generated_datapath,infrastructure,6
_14248_,tier1,generated_datapath,infrastructure,5
_14249_,tier1,generated_datapath,infrastructure,5
_14250_,tier1,generated_datapath,infrastructure,6
_14251_,tier1,generated_datapath,infrastructure,5
_14252_,tier0,generated_control,infrastructure,8
_14253_,tier0,generated_control,infrastructure,8
_14254_,tier0,generated_control,infrastructure,5
_14255_,tier0,generated_control,infrastructure,8
_14256_,tier0,generated_control,infrastructure,8
_14257_,tier0,generated_control,infrastructure,5
_14258_,tier0,generated_control,infrastructure,8
_14259_,tier0,generated_control,infrastructure,4
_14260_,tier0,generated_control,infrastructure,5
_14261_,tier0,generated_datapath,infrastructure,7
_14262_,tier0,generated_control,infrastructure,8
_14263_,tier0,generated_control,infrastructure,8
_14264_,tier0,generated_control,infrastructure,5
_14265_,tier1,generated_datapath,infrastructure,6
_14266_,tier0,unclassified,infrastructure,7
_14267_,tier1,generated_control,infrastructure,4
_14268_,tier0,fetch,control,4
_14269_,tier0,generated_datapath,infrastructure,7
_14270_,tier0,generated_datapath,infrastructure,6
_14271_,tier0,generated_control,infrastructure,5
_14272_,tier0,generated_datapath,infrastructure,6
_14273_,tier1,generated_datapath,infrastructure,7
_14274_,tier1,generated_control,infrastructure,4
_14275_,tier0,generated_datapath,infrastructure,6
_14276_,tier0,generated_datapath,infrastructure,6
_14277_,tier0,generated_control,infrastructure,8
_14278_,tier0,generated_control,infrastructure,8
_14279_,tier0,generated_control,infrastructure,8
_14280_,tier0,generated_control,infrastructure,8
_14281_,tier0,generated_datapath,infrastructure,6
_14282_,tier0,generated_datapath,infrastructure,6
_14283_,tier0,generated_control,infrastructure,5
_14284_,tier0,generated_control,infrastructure,8
_14285_,tier0,generated_control,infrastructure,8
_14286_,tier0,generated_control,infrastructure,8
_14287_,tier0,generated_control,infrastructure,5
_14288_,tier0,generated_datapath,infrastructure,6
_14289_,tier0,generated_control,infrastructure,4
_14290_,tier0,generated_datapath,infrastructure,7
_14291_,tier0,unclassified,infrastructure,6
_14292_,tier0,generated_control,infrastructure,4
_14293_,tier0,generated_control,infrastructure,4
_14294_,tier0,generated_datapath,infrastructure,5
_14295_,tier0,generated_control,infrastructure,4
_14296_,tier1,generated_datapath,infrastructure,6
_14297_,tier1,generated_datapath,infrastructure,7
_14298_,tier0,generated_datapath,infrastructure,7
_14299_,tier0,generated_datapath,infrastructure,6
_14300_,tier0,generated_control,infrastructure,4
_14301_,tier0,generated_control,infrastructure,8
_14302_,tier0,generated_control,infrastructure,8
_14303_,tier0,generated_control,infrastructure,8
_14304_,tier0,generated_control,infrastructure,8
_14305_,tier0,generated_datapath,infrastructure,6
_14306_,tier0,generated_datapath,infrastructure,6
_14307_,tier0,generated_datapath,infrastructure,5
_14308_,tier0,generated_control,infrastructure,8
_14309_,tier0,generated_control,infrastructure,8
_14310_,tier0,generated_control,infrastructure,8
_14311_,tier0,generated_control,infrastructure,5
_14312_,tier0,generated_datapath,infrastructure,6
_14313_,tier0,generated_control,infrastructure,4
_14314_,tier0,generated_datapath,infrastructure,7
_14315_,tier0,generated_control,infrastructure,6
_14316_,tier0,generated_control,infrastructure,4
_14317_,tier0,generated_datapath,infrastructure,5
_14318_,tier0,generated_datapath,infrastructure,5
_14319_,tier0,generated_control,infrastructure,4
_14320_,tier1,generated_control,infrastructure,4
_14321_,tier1,generated_datapath,infrastructure,6
_14322_,tier1,generated_datapath,infrastructure,6
_14323_,tier0,generated_datapath,infrastructure,7
_14324_,tier1,generated_control,infrastructure,4
_14325_,tier1,generated_control,infrastructure,5
_14326_,tier0,generated_control,infrastructure,4
_14327_,tier0,generated_control,infrastructure,5
_14328_,tier0,generated_control,infrastructure,5
_14329_,tier0,generated_control,infrastructure,8
_14330_,tier0,generated_control,infrastructure,8
_14331_,tier0,generated_control,infrastructure,8
_14332_,tier0,generated_control,infrastructure,8
_14333_,tier0,generated_datapath,infrastructure,6
_14334_,tier0,generated_datapath,infrastructure,6
_14335_,tier0,generated_control,infrastructure,4
_14336_,tier0,generated_control,infrastructure,8
_14337_,tier0,generated_control,infrastructure,8
_14338_,tier0,generated_control,infrastructure,8
_14339_,tier0,generated_control,infrastructure,5
_14340_,tier0,generated_datapath,infrastructure,6
_14341_,tier0,generated_control,infrastructure,4
_14342_,tier0,generated_datapath,infrastructure,7
_14343_,tier0,generated_control,infrastructure,6
_14344_,tier0,generated_datapath,infrastructure,5
_14345_,tier0,generated_datapath,infrastructure,5
_14346_,tier0,generated_datapath,infrastructure,5
_14347_,tier0,clock_reset,control,3
_14348_,tier0,generated_control,infrastructure,4
_14349_,tier1,generated_datapath,infrastructure,6
_14350_,tier1,generated_datapath,infrastructure,7
_14351_,tier0,generated_datapath,infrastructure,7
_14352_,tier0,generated_control,infrastructure,5
_14353_,tier0,generated_control,infrastructure,4
_14354_,tier0,generated_control,infrastructure,5
_14355_,tier0,generated_control,infrastructure,5
_14356_,tier0,generated_control,infrastructure,5
_14357_,tier0,generated_datapath,infrastructure,6
_14358_,tier1,generated_datapath,infrastructure,5
_14359_,tier1,generated_control,infrastructure,5
_14360_,tier0,generated_control,infrastructure,5
_14361_,tier0,generated_control,infrastructure,4
_14362_,tier0,generated_control,infrastructure,5
_14363_,tier0,generated_control,infrastructure,5
_14364_,tier0,generated_control,infrastructure,5
_14365_,tier0,generated_datapath,infrastructure,6
_14366_,tier0,generated_datapath,infrastructure,5
_14367_,tier0,generated_control,infrastructure,5
_14368_,tier0,generated_control,infrastructure,5
_14369_,tier0,generated_control,infrastructure,4
_14370_,tier0,generated_control,infrastructure,5
_14371_,tier0,generated_control,infrastructure,5
_14372_,tier0,generated_control,infrastructure,5
_14373_,tier0,generated_datapath,infrastructure,6
_14374_,tier1,generated_datapath,infrastructure,5
_14375_,tier1,generated_control,infrastructure,5
_14376_,tier1,generated_control,infrastructure,5
_14377_,tier0,generated_control,infrastructure,5
_14378_,tier0,generated_control,infrastructure,5
_14379_,tier0,generated_datapath,infrastructure,6
_14380_,tier0,generated_control,infrastructure,5
_14381_,tier1,generated_datapath,infrastructure,6
_14382_,tier0,generated_datapath,infrastructure,5
_14383_,tier0,generated_control,infrastructure,4
_14384_,tier1,generated_control,infrastructure,4
_14385_,tier0,generated_control,infrastructure,5
_14386_,tier0,generated_datapath,infrastructure,5
_14387_,tier0,generated_datapath,infrastructure,5
_14388_,tier1,generated_datapath,infrastructure,6
_14389_,tier1,generated_datapath,infrastructure,7
_14390_,tier0,generated_control,infrastructure,4
_14391_,tier1,generated_datapath,infrastructure,5
_14392_,tier1,generated_datapath,infrastructure,5
_14393_,tier0,generated_control,infrastructure,8
_14394_,tier0,generated_control,infrastructure,8
_14395_,tier0,generated_control,infrastructure,8
_14396_,tier0,generated_control,infrastructure,8
_14397_,tier0,generated_datapath,infrastructure,6
_14398_,tier0,generated_datapath,infrastructure,6
_14399_,tier0,generated_datapath,infrastructure,5
_14400_,tier0,generated_control,infrastructure,8
_14401_,tier0,generated_control,infrastructure,8
_14402_,tier0,generated_control,infrastructure,8
_14403_,tier0,generated_control,infrastructure,5
_14404_,tier0,generated_datapath,infrastructure,6
_14405_,tier0,generated_control,infrastructure,4
_14406_,tier0,generated_datapath,infrastructure,7
_14407_,tier0,generated_control,infrastructure,6
_14408_,tier0,generated_control,infrastructure,4
_14409_,tier0,generated_control,infrastructure,4
_14410_,tier0,generated_control,infrastructure,4
_14411_,tier0,unclassified,infrastructure,6
_14412_,tier0,generated_control,infrastructure,4
_14413_,tier1,generated_datapath,infrastructure,6
_14414_,tier1,generated_datapath,infrastructure,7
_14415_,tier0,generated_datapath,infrastructure,7
_14416_,tier0,generated_control,infrastructure,8
_14417_,tier0,generated_control,infrastructure,8
_14418_,tier0,generated_control,infrastructure,8
_14419_,tier0,generated_control,infrastructure,8
_14420_,tier0,generated_datapath,infrastructure,6
_14421_,tier0,generated_datapath,infrastructure,6
_14422_,tier0,generated_datapath,infrastructure,5
_14423_,tier0,generated_control,infrastructure,8
_14424_,tier0,generated_control,infrastructure,8
_14425_,tier0,generated_control,infrastructure,8
_14426_,tier0,generated_control,infrastructure,5
_14427_,tier0,generated_datapath,infrastructure,6
_14428_,tier0,generated_control,infrastructure,4
_14429_,tier0,generated_datapath,infrastructure,7
_14430_,tier0,generated_control,infrastructure,6
_14431_,tier0,generated_control,infrastructure,4
_14432_,tier0,generated_control,infrastructure,4
_14433_,tier0,unclassified,infrastructure,6
_14434_,tier0,generated_control,infrastructure,4
_14435_,tier1,generated_datapath,infrastructure,6
_14436_,tier1,generated_datapath,infrastructure,7
_14437_,tier0,generated_datapath,infrastructure,7
_14438_,tier0,generated_control,infrastructure,8
_14439_,tier0,generated_control,infrastructure,8
_14440_,tier0,generated_control,infrastructure,8
_14441_,tier0,generated_control,infrastructure,8
_14442_,tier0,generated_datapath,infrastructure,6
_14443_,tier0,generated_datapath,infrastructure,6
_14444_,tier0,generated_datapath,infrastructure,5
_14445_,tier0,generated_control,infrastructure,8
_14446_,tier0,generated_control,infrastructure,8
_14447_,tier0,generated_control,infrastructure,8
_14448_,tier0,generated_control,infrastructure,5
_14449_,tier0,generated_datapath,infrastructure,6
_14450_,tier0,generated_datapath,infrastructure,6
_14451_,tier0,generated_control,infrastructure,4
_14452_,tier0,generated_datapath,infrastructure,6
_14453_,tier0,generated_datapath,infrastructure,7
_14454_,tier0,generated_control,infrastructure,4
_14455_,tier0,generated_control,infrastructure,5
_14456_,tier0,generated_datapath,infrastructure,5
_14457_,tier0,generated_datapath,infrastructure,5
_14458_,tier0,generated_control,infrastructure,4
_14459_,tier1,generated_datapath,infrastructure,6
_14460_,tier1,generated_datapath,infrastructure,7
_14461_,tier0,generated_datapath,infrastructure,7
_14462_,tier0,generated_control,infrastructure,8
_14463_,tier0,generated_control,infrastructure,8
_14464_,tier0,generated_control,infrastructure,8
_14465_,tier0,generated_control,infrastructure,8
_14466_,tier0,generated_datapath,infrastructure,6
_14467_,tier0,generated_datapath,infrastructure,6
_14468_,tier0,generated_control,infrastructure,4
_14469_,tier0,generated_datapath,infrastructure,5
_14470_,tier0,generated_control,infrastructure,8
_14471_,tier0,generated_control,infrastructure,8
_14472_,tier0,generated_control,infrastructure,8
_14473_,tier0,generated_control,infrastructure,5
_14474_,tier0,generated_datapath,infrastructure,6
_14475_,tier0,generated_control,infrastructure,4
_14476_,tier0,generated_datapath,infrastructure,7
_14477_,tier0,generated_control,infrastructure,5
_14478_,tier0,generated_datapath,infrastructure,5
_14479_,tier0,generated_control,infrastructure,4
_14480_,tier0,unclassified,infrastructure,6
_14481_,tier0,generated_control,infrastructure,4
_14482_,tier1,generated_datapath,infrastructure,6
_14483_,tier1,generated_datapath,infrastructure,7
_14484_,tier0,generated_datapath,infrastructure,7
_14485_,tier0,generated_datapath,infrastructure,5
_14486_,tier1,generated_control,infrastructure,5
_14487_,tier0,generated_datapath,infrastructure,5
_14488_,tier0,unclassified,infrastructure,6
_14489_,tier0,generated_control,infrastructure,8
_14490_,tier0,generated_control,infrastructure,8
_14491_,tier0,generated_control,infrastructure,8
_14492_,tier0,generated_control,infrastructure,8
_14493_,tier0,generated_datapath,infrastructure,6
_14494_,tier0,generated_datapath,infrastructure,6
_14495_,tier0,generated_datapath,infrastructure,5
_14496_,tier0,generated_control,infrastructure,8
_14497_,tier0,generated_control,infrastructure,8
_14498_,tier0,generated_control,infrastructure,8
_14499_,tier0,generated_control,infrastructure,5
_14500_,tier0,generated_datapath,infrastructure,6
_14501_,tier0,generated_control,infrastructure,4
_14502_,tier0,generated_datapath,infrastructure,7
_14503_,tier0,generated_control,infrastructure,6
_14504_,tier0,generated_control,infrastructure,4
_14505_,tier0,generated_control,infrastructure,5
_14506_,tier0,generated_control,infrastructure,5
_14507_,tier0,generated_control,infrastructure,4
_14508_,tier1,generated_datapath,infrastructure,6
_14509_,tier1,generated_datapath,infrastructure,7
_14510_,tier0,generated_datapath,infrastructure,7
_14511_,tier0,generated_control,infrastructure,8
_14512_,tier0,generated_control,infrastructure,8
_14513_,tier0,generated_control,infrastructure,8
_14514_,tier0,generated_control,infrastructure,8
_14515_,tier0,generated_control,infrastructure,8
_14516_,tier0,generated_control,infrastructure,8
_14517_,tier0,generated_control,infrastructure,5
_14518_,tier0,generated_datapath,infrastructure,6
_14519_,tier0,generated_control,infrastructure,8
_14520_,tier0,generated_control,infrastructure,8
_14521_,tier0,generated_control,infrastructure,8
_14522_,tier0,generated_control,infrastructure,5
_14523_,tier0,generated_control,infrastructure,4
_14524_,tier0,generated_datapath,infrastructure,6
_14525_,tier0,generated_control,infrastructure,6
_14526_,tier0,unclassified,infrastructure,6
_14527_,tier1,generated_datapath,infrastructure,6
_14528_,tier1,generated_datapath,infrastructure,5
_14529_,tier1,generated_datapath,infrastructure,5
_14530_,tier1,generated_datapath,infrastructure,5
_14531_,tier1,generated_datapath,infrastructure,6
_14532_,tier1,generated_datapath,infrastructure,7
_14533_,tier1,generated_datapath,infrastructure,5
_14534_,tier0,generated_control,infrastructure,8
_14535_,tier0,generated_control,infrastructure,8
_14536_,tier0,generated_control,infrastructure,8
_14537_,tier0,generated_control,infrastructure,8
_14538_,tier0,generated_control,infrastructure,8
_14539_,tier0,generated_control,infrastructure,8
_14540_,tier0,generated_control,infrastructure,5
_14541_,tier0,generated_datapath,infrastructure,6
_14542_,tier0,generated_control,infrastructure,8
_14543_,tier0,generated_control,infrastructure,8
_14544_,tier0,generated_control,infrastructure,8
_14545_,tier0,generated_control,infrastructure,5
_14546_,tier0,generated_datapath,infrastructure,6
_14547_,tier1,generated_datapath,infrastructure,5
_14548_,tier1,generated_datapath,infrastructure,5
_14549_,tier1,generated_datapath,infrastructure,5
_14550_,tier1,generated_datapath,infrastructure,6
_14551_,tier1,generated_datapath,infrastructure,7
_14552_,tier1,generated_datapath,infrastructure,5
_14553_,tier0,generated_control,infrastructure,8
_14554_,tier0,generated_control,infrastructure,8
_14555_,tier0,generated_control,infrastructure,8
_14556_,tier0,generated_control,infrastructure,8
_14557_,tier0,generated_control,infrastructure,8
_14558_,tier0,generated_control,infrastructure,8
_14559_,tier0,generated_control,infrastructure,5
_14560_,tier0,generated_datapath,infrastructure,6
_14561_,tier0,generated_control,infrastructure,8
_14562_,tier0,generated_control,infrastructure,8
_14563_,tier0,generated_control,infrastructure,8
_14564_,tier0,generated_control,infrastructure,5
_14565_,tier1,generated_datapath,infrastructure,6
_14566_,tier1,generated_datapath,infrastructure,5
_14567_,tier1,generated_datapath,infrastructure,5
_14568_,tier1,generated_datapath,infrastructure,5
_14569_,tier1,generated_datapath,infrastructure,6
_14570_,tier1,generated_datapath,infrastructure,7
_14571_,tier1,generated_datapath,infrastructure,5
_14572_,tier1,generated_datapath,infrastructure,6
_14573_,tier0,generated_control,infrastructure,8
_14574_,tier0,generated_control,infrastructure,8
_14575_,tier0,generated_control,infrastructure,5
_14576_,tier0,generated_control,infrastructure,8
_14577_,tier0,generated_control,infrastructure,8
_14578_,tier0,generated_control,infrastructure,5
_14579_,tier0,generated_control,infrastructure,5
_14580_,tier0,generated_control,infrastructure,5
_14581_,tier0,generated_control,infrastructure,5
_14582_,tier0,generated_control,infrastructure,4
_14583_,tier0,generated_control,infrastructure,8
_14584_,tier0,generated_control,infrastructure,8
_14585_,tier0,generated_control,infrastructure,8
_14586_,tier0,generated_control,infrastructure,5
_14587_,tier0,generated_control,infrastructure,8
_14588_,tier1,generated_datapath,infrastructure,7
_14589_,tier1,generated_datapath,infrastructure,6
_14590_,tier1,generated_datapath,infrastructure,5
_14591_,tier0,generated_control,infrastructure,4
_14592_,tier1,unclassified,infrastructure,6
_14593_,tier1,generated_datapath,infrastructure,5
_14594_,tier1,generated_datapath,infrastructure,6
_14595_,tier0,generated_control,infrastructure,5
_14596_,tier0,generated_control,infrastructure,5
_14597_,tier0,generated_control,infrastructure,5
_14598_,tier0,generated_control,infrastructure,4
_14599_,tier0,generated_control,infrastructure,8
_14600_,tier0,generated_control,infrastructure,8
_14601_,tier0,generated_control,infrastructure,8
_14602_,tier0,generated_control,infrastructure,5
_14603_,tier0,generated_control,infrastructure,8
_14604_,tier0,generated_control,infrastructure,8
_14605_,tier0,generated_control,infrastructure,5
_14606_,tier0,generated_control,infrastructure,8
_14607_,tier0,generated_control,infrastructure,8
_14608_,tier0,generated_control,infrastructure,5
_14609_,tier0,generated_control,infrastructure,8
_14610_,tier0,clock_reset,control,3
_14611_,tier1,generated_datapath,infrastructure,7
_14612_,tier0,generated_datapath,infrastructure,5
_14613_,tier1,generated_control,infrastructure,4
_14614_,tier0,generated_datapath,infrastructure,5
_14615_,tier1,generated_control,infrastructure,5
_14616_,tier1,generated_control,infrastructure,4
_14617_,tier1,generated_datapath,infrastructure,6
_14618_,tier0,generated_control,infrastructure,8
_14619_,tier0,generated_control,infrastructure,8
_14620_,tier0,generated_control,infrastructure,5
_14621_,tier0,generated_control,infrastructure,8
_14622_,tier0,generated_control,infrastructure,8
_14623_,tier0,generated_control,infrastructure,5
_14624_,tier0,generated_control,infrastructure,5
_14625_,tier0,generated_control,infrastructure,5
_14626_,tier0,generated_control,infrastructure,5
_14627_,tier1,generated_control,infrastructure,4
_14628_,tier0,generated_control,infrastructure,8
_14629_,tier0,generated_control,infrastructure,8
_14630_,tier0,generated_control,infrastructure,8
_14631_,tier0,generated_control,infrastructure,5
_14632_,tier0,generated_control,infrastructure,8
_14633_,tier1,generated_datapath,infrastructure,6
_14634_,tier1,generated_datapath,infrastructure,5
_14635_,tier1,generated_datapath,infrastructure,6
_14636_,tier1,generated_datapath,infrastructure,7
_14637_,tier1,generated_datapath,infrastructure,6
_14638_,tier1,generated_datapath,infrastructure,5
_14639_,tier0,generated_control,infrastructure,8
_14640_,tier0,generated_control,infrastructure,8
_14641_,tier0,generated_control,infrastructure,5
_14642_,tier0,generated_control,infrastructure,8
_14643_,tier0,generated_control,infrastructure,8
_14644_,tier0,generated_control,infrastructure,5
_14645_,tier0,generated_control,infrastructure,5
_14646_,tier0,generated_control,infrastructure,5
_14647_,tier0,generated_control,infrastructure,5
_14648_,tier1,generated_control,infrastructure,4
_14649_,tier0,generated_control,infrastructure,8
_14650_,tier0,generated_control,infrastructure,8
_14651_,tier0,generated_control,infrastructure,8
_14652_,tier0,generated_control,infrastructure,5
_14653_,tier0,generated_control,infrastructure,8
_14654_,tier1,generated_datapath,infrastructure,6
_14655_,tier1,generated_datapath,infrastructure,5
_14656_,tier1,generated_datapath,infrastructure,5
_14657_,tier1,generated_datapath,infrastructure,5
_14658_,tier1,generated_datapath,infrastructure,6
_14659_,tier1,generated_datapath,infrastructure,7
_14660_,tier1,generated_datapath,infrastructure,5
_14661_,tier0,generated_control,infrastructure,8
_14662_,tier0,generated_control,infrastructure,8
_14663_,tier0,generated_control,infrastructure,5
_14664_,tier0,generated_control,infrastructure,8
_14665_,tier0,generated_control,infrastructure,8
_14666_,tier0,generated_control,infrastructure,5
_14667_,tier0,generated_control,infrastructure,5
_14668_,tier0,generated_control,infrastructure,5
_14669_,tier0,generated_control,infrastructure,5
_14670_,tier0,generated_control,infrastructure,5
_14671_,tier0,generated_control,infrastructure,4
_14672_,tier0,generated_control,infrastructure,8
_14673_,tier0,generated_control,infrastructure,8
_14674_,tier0,generated_control,infrastructure,8
_14675_,tier0,generated_control,infrastructure,5
_14676_,tier0,generated_control,infrastructure,5
_14677_,tier0,generated_control,infrastructure,8
_14678_,tier0,generated_control,infrastructure,5
_14679_,tier1,generated_datapath,infrastructure,6
_14680_,tier1,generated_datapath,infrastructure,5
_14681_,tier1,generated_datapath,infrastructure,5
_14682_,tier1,generated_datapath,infrastructure,5
_14683_,tier1,generated_datapath,infrastructure,6
_14684_,tier1,generated_datapath,infrastructure,7
_14685_,tier1,generated_datapath,infrastructure,5
_14686_,tier0,generated_control,infrastructure,8
_14687_,tier0,generated_control,infrastructure,8
_14688_,tier0,generated_control,infrastructure,5
_14689_,tier0,generated_control,infrastructure,8
_14690_,tier0,generated_control,infrastructure,8
_14691_,tier0,generated_control,infrastructure,5
_14692_,tier0,generated_control,infrastructure,5
_14693_,tier0,generated_control,infrastructure,5
_14694_,tier0,generated_control,infrastructure,5
_14695_,tier0,generated_control,infrastructure,4
_14696_,tier0,generated_control,infrastructure,8
_14697_,tier0,generated_control,infrastructure,8
_14698_,tier0,generated_control,infrastructure,8
_14699_,tier0,generated_control,infrastructure,5
_14700_,tier0,generated_control,infrastructure,8
_14701_,tier1,generated_datapath,infrastructure,7
_14702_,tier1,generated_datapath,infrastructure,5
_14703_,tier1,generated_datapath,infrastructure,6
_14704_,tier1,generated_datapath,infrastructure,7
_14705_,tier1,generated_datapath,infrastructure,6
_14706_,tier1,generated_datapath,infrastructure,5
_14707_,tier0,generated_control,infrastructure,8
_14708_,tier0,generated_control,infrastructure,8
_14709_,tier0,generated_control,infrastructure,8
_14710_,tier0,generated_control,infrastructure,8
_14711_,tier0,generated_control,infrastructure,8
_14712_,tier0,generated_control,infrastructure,8
_14713_,tier0,generated_control,infrastructure,5
_14714_,tier0,generated_datapath,infrastructure,6
_14715_,tier0,generated_control,infrastructure,8
_14716_,tier0,generated_control,infrastructure,8
_14717_,tier0,generated_control,infrastructure,8
_14718_,tier0,generated_control,infrastructure,5
_14719_,tier1,generated_datapath,infrastructure,7
_14720_,tier1,generated_datapath,infrastructure,5
_14721_,tier0,generated_datapath,infrastructure,6
_14722_,tier1,generated_datapath,infrastructure,7
_14723_,tier1,generated_datapath,infrastructure,6
_14724_,tier1,generated_datapath,infrastructure,5
_14725_,tier0,generated_control,infrastructure,8
_14726_,tier0,generated_control,infrastructure,8
_14727_,tier0,generated_control,infrastructure,8
_14728_,tier0,generated_control,infrastructure,8
_14729_,tier0,generated_control,infrastructure,8
_14730_,tier0,generated_control,infrastructure,8
_14731_,tier0,generated_control,infrastructure,5
_14732_,tier0,generated_datapath,infrastructure,6
_14733_,tier0,generated_control,infrastructure,8
_14734_,tier0,generated_control,infrastructure,8
_14735_,tier0,generated_control,infrastructure,8
_14736_,tier0,generated_control,infrastructure,5
_14737_,tier1,generated_datapath,infrastructure,7
_14738_,tier1,generated_datapath,infrastructure,5
_14739_,tier0,generated_datapath,infrastructure,6
_14740_,tier1,generated_datapath,infrastructure,7
_14741_,tier1,generated_datapath,infrastructure,6
_14742_,tier1,generated_datapath,infrastructure,5
_14743_,tier0,generated_control,infrastructure,8
_14744_,tier0,generated_control,infrastructure,8
_14745_,tier0,generated_control,infrastructure,8
_14746_,tier0,generated_control,infrastructure,8
_14747_,tier0,generated_control,infrastructure,8
_14748_,tier0,generated_control,infrastructure,4
_14749_,tier0,generated_control,infrastructure,8
_14750_,tier0,generated_control,infrastructure,5
_14751_,tier0,generated_control,infrastructure,8
_14752_,tier0,generated_control,infrastructure,4
_14753_,tier0,generated_control,infrastructure,8
_14754_,tier0,generated_control,infrastructure,4
_14755_,tier0,generated_datapath,infrastructure,7
_14756_,tier0,unclassified,infrastructure,6
_14757_,tier0,generated_control,infrastructure,4
_14758_,tier0,generated_control,infrastructure,5
_14759_,tier0,generated_control,infrastructure,4
_14760_,tier0,unclassified,infrastructure,6
_14761_,tier1,generated_datapath,infrastructure,7
_14762_,tier1,generated_datapath,infrastructure,5
_14763_,tier1,generated_datapath,infrastructure,6
_14764_,tier1,generated_datapath,infrastructure,7
_14765_,tier1,generated_datapath,infrastructure,6
_14766_,tier1,generated_datapath,infrastructure,5
_14767_,tier0,generated_control,infrastructure,8
_14768_,tier0,generated_control,infrastructure,8
_14769_,tier0,generated_control,infrastructure,5
_14770_,tier0,generated_control,infrastructure,8
_14771_,tier0,generated_control,infrastructure,8
_14772_,tier0,generated_control,infrastructure,5
_14773_,tier0,generated_control,infrastructure,5
_14774_,tier0,generated_control,infrastructure,5
_14775_,tier0,generated_control,infrastructure,5
_14776_,tier1,generated_control,infrastructure,4
_14777_,tier0,generated_control,infrastructure,8
_14778_,tier0,generated_control,infrastructure,8
_14779_,tier0,generated_control,infrastructure,8
_14780_,tier0,generated_control,infrastructure,5
_14781_,tier0,generated_control,infrastructure,8
_14782_,tier1,generated_datapath,infrastructure,7
_14783_,tier1,generated_datapath,infrastructure,5
_14784_,tier1,generated_datapath,infrastructure,6
_14785_,tier1,generated_datapath,infrastructure,7
_14786_,tier1,generated_datapath,infrastructure,6
_14787_,tier1,generated_datapath,infrastructure,5
_14788_,tier0,generated_control,infrastructure,8
_14789_,tier0,generated_control,infrastructure,8
_14790_,tier0,generated_control,infrastructure,5
_14791_,tier0,generated_control,infrastructure,8
_14792_,tier0,generated_control,infrastructure,8
_14793_,tier0,generated_control,infrastructure,5
_14794_,tier0,generated_control,infrastructure,5
_14795_,tier0,generated_control,infrastructure,5
_14796_,tier0,generated_control,infrastructure,5
_14797_,tier1,generated_control,infrastructure,4
_14798_,tier0,generated_control,infrastructure,8
_14799_,tier0,generated_control,infrastructure,8
_14800_,tier0,generated_control,infrastructure,8
_14801_,tier0,generated_control,infrastructure,5
_14802_,tier0,generated_control,infrastructure,8
_14803_,tier1,generated_datapath,infrastructure,7
_14804_,tier1,generated_datapath,infrastructure,5
_14805_,tier1,generated_datapath,infrastructure,6
_14806_,tier1,generated_datapath,infrastructure,7
_14807_,tier1,generated_datapath,infrastructure,6
_14808_,tier1,generated_datapath,infrastructure,5
_14809_,tier0,generated_control,infrastructure,8
_14810_,tier0,generated_control,infrastructure,5
_14811_,tier0,generated_datapath,infrastructure,6
_14812_,tier0,generated_control,infrastructure,8
_14813_,tier0,generated_control,infrastructure,8
_14814_,tier0,generated_control,infrastructure,8
_14815_,tier0,generated_control,infrastructure,8
_14816_,tier0,generated_control,infrastructure,8
_14817_,tier0,generated_control,infrastructure,8
_14818_,tier0,generated_control,infrastructure,8
_14819_,tier0,generated_control,infrastructure,8
_14820_,tier0,generated_control,infrastructure,5
_14821_,tier1,generated_datapath,infrastructure,7
_14822_,tier1,generated_datapath,infrastructure,5
_14823_,tier1,generated_control,infrastructure,4
_14824_,tier1,generated_datapath,infrastructure,6
_14825_,tier1,generated_datapath,infrastructure,5
_14826_,tier1,generated_datapath,infrastructure,5
_14827_,tier1,generated_datapath,infrastructure,7
_14828_,tier0,generated_control,infrastructure,8
_14829_,tier0,generated_control,infrastructure,8
_14830_,tier0,generated_control,infrastructure,8
_14831_,tier0,generated_control,infrastructure,8
_14832_,tier0,generated_control,infrastructure,8
_14833_,tier0,generated_control,infrastructure,8
_14834_,tier0,generated_control,infrastructure,5
_14835_,tier0,generated_datapath,infrastructure,6
_14836_,tier0,generated_control,infrastructure,8
_14837_,tier0,generated_control,infrastructure,8
_14838_,tier0,generated_control,infrastructure,8
_14839_,tier0,generated_control,infrastructure,5
_14840_,tier1,generated_datapath,infrastructure,7
_14841_,tier1,generated_datapath,infrastructure,5
_14842_,tier1,generated_datapath,infrastructure,6
_14843_,tier1,generated_datapath,infrastructure,7
_14844_,tier1,generated_datapath,infrastructure,6
_14845_,tier1,generated_datapath,infrastructure,5
_14846_,tier0,generated_control,infrastructure,8
_14847_,tier0,generated_control,infrastructure,8
_14848_,tier0,generated_control,infrastructure,8
_14849_,tier0,generated_control,infrastructure,8
_14850_,tier0,generated_control,infrastructure,8
_14851_,tier0,generated_control,infrastructure,8
_14852_,tier0,generated_control,infrastructure,5
_14853_,tier0,generated_datapath,infrastructure,6
_14854_,tier0,generated_control,infrastructure,8
_14855_,tier0,generated_control,infrastructure,8
_14856_,tier0,generated_control,infrastructure,8
_14857_,tier0,generated_control,infrastructure,5
_14858_,tier1,generated_datapath,infrastructure,7
_14859_,tier1,generated_datapath,infrastructure,5
_14860_,tier1,generated_datapath,infrastructure,6
_14861_,tier1,generated_datapath,infrastructure,7
_14862_,tier1,generated_datapath,infrastructure,6
_14863_,tier1,generated_datapath,infrastructure,5
_14864_,tier0,generated_control,infrastructure,8
_14865_,tier0,generated_control,infrastructure,8
_14866_,tier0,generated_control,infrastructure,8
_14867_,tier0,generated_control,infrastructure,8
_14868_,tier0,generated_control,infrastructure,8
_14869_,tier0,generated_control,infrastructure,8
_14870_,tier0,generated_control,infrastructure,5
_14871_,tier0,generated_datapath,infrastructure,6
_14872_,tier0,generated_control,infrastructure,8
_14873_,tier0,generated_control,infrastructure,8
_14874_,tier0,generated_control,infrastructure,8
_14875_,tier0,generated_control,infrastructure,5
_14876_,tier1,generated_datapath,infrastructure,7
_14877_,tier1,generated_datapath,infrastructure,5
_14878_,tier1,generated_datapath,infrastructure,6
_14879_,tier1,generated_datapath,infrastructure,7
_14880_,tier1,generated_datapath,infrastructure,6
_14881_,tier1,generated_datapath,infrastructure,5
_14882_,tier0,generated_control,infrastructure,8
_14883_,tier0,generated_control,infrastructure,8
_14884_,tier0,generated_control,infrastructure,8
_14885_,tier0,generated_control,infrastructure,8
_14886_,tier0,generated_control,infrastructure,8
_14887_,tier0,generated_control,infrastructure,8
_14888_,tier0,generated_control,infrastructure,5
_14889_,tier0,generated_datapath,infrastructure,6
_14890_,tier0,generated_control,infrastructure,8
_14891_,tier0,generated_control,infrastructure,8
_14892_,tier0,generated_control,infrastructure,8
_14893_,tier0,generated_control,infrastructure,5
_14894_,tier1,generated_datapath,infrastructure,7
_14895_,tier1,generated_datapath,infrastructure,5
_14896_,tier1,generated_datapath,infrastructure,6
_14897_,tier1,generated_datapath,infrastructure,7
_14898_,tier1,generated_datapath,infrastructure,6
_14899_,tier1,generated_datapath,infrastructure,5
_14900_,tier0,generated_control,infrastructure,8
_14901_,tier0,generated_control,infrastructure,8
_14902_,tier0,generated_control,infrastructure,8
_14903_,tier0,generated_control,infrastructure,8
_14904_,tier0,generated_control,infrastructure,8
_14905_,tier0,generated_control,infrastructure,4
_14906_,tier0,generated_control,infrastructure,8
_14907_,tier0,generated_control,infrastructure,8
_14908_,tier0,generated_control,infrastructure,4
_14909_,tier0,generated_control,infrastructure,8
_14910_,tier0,generated_control,infrastructure,4
_14911_,tier0,generated_datapath,infrastructure,7
_14912_,tier0,unclassified,infrastructure,6
_14913_,tier0,generated_control,infrastructure,5
_14914_,tier0,generated_datapath,infrastructure,5
_14915_,tier1,generated_datapath,infrastructure,5
_14916_,tier1,generated_datapath,infrastructure,5
_14917_,tier0,generated_control,infrastructure,4
_14918_,tier0,unclassified,infrastructure,6
_14919_,tier0,clock_reset,control,3
_14920_,tier0,generated_control,infrastructure,4
_14921_,tier1,generated_datapath,infrastructure,6
_14922_,tier1,generated_datapath,infrastructure,7
_14923_,tier0,generated_datapath,infrastructure,7
_14924_,tier0,generated_control,infrastructure,4
_14925_,tier1,generated_control,infrastructure,4
_14926_,tier1,generated_control,infrastructure,5
_14927_,tier0,generated_control,infrastructure,4
_14928_,tier0,generated_control,infrastructure,4
_14929_,tier1,generated_datapath,infrastructure,6
_14930_,tier0,generated_control,infrastructure,4
_14931_,tier0,generated_control,infrastructure,4
_14932_,tier0,generated_control,infrastructure,4
_14933_,tier0,generated_control,infrastructure,4
_14934_,tier1,generated_datapath,infrastructure,6
_14935_,tier1,generated_datapath,infrastructure,6
_14936_,tier0,generated_control,infrastructure,4
_14937_,tier0,generated_control,infrastructure,4
_14938_,tier0,generated_control,infrastructure,4
_14939_,tier0,generated_datapath,infrastructure,5
_14940_,tier0,generated_datapath,infrastructure,5
_14941_,tier1,generated_control,infrastructure,4
_14942_,tier1,generated_datapath,infrastructure,4
_14943_,tier1,generated_control,infrastructure,5
_14944_,tier1,generated_datapath,infrastructure,6
_14945_,tier1,generated_datapath,infrastructure,5
_14946_,tier1,generated_control,infrastructure,4
_14947_,tier1,generated_control,infrastructure,4
_14948_,tier1,generated_control,infrastructure,4
_14949_,tier0,generated_datapath,infrastructure,5
_14950_,tier1,generated_datapath,infrastructure,5
_14951_,tier1,generated_control,infrastructure,4
_14952_,tier1,generated_control,infrastructure,4
_14953_,tier1,generated_datapath,infrastructure,6
_14954_,tier1,generated_control,infrastructure,4
_14955_,tier1,generated_control,infrastructure,4
_14956_,tier1,generated_datapath,infrastructure,5
_14957_,tier1,generated_datapath,infrastructure,5
_14958_,tier1,generated_control,infrastructure,4
_14959_,tier1,generated_datapath,infrastructure,5
_14960_,tier1,generated_datapath,infrastructure,5
_14961_,tier1,generated_control,infrastructure,4
_14962_,tier1,generated_datapath,infrastructure,7
_14963_,tier1,generated_datapath,infrastructure,6
_14964_,tier1,generated_datapath,infrastructure,4
_14965_,tier1,generated_datapath,infrastructure,5
_14966_,tier0,generated_control,infrastructure,4
_14967_,tier1,generated_control,infrastructure,4
_14968_,tier0,generated_control,infrastructure,4
_14969_,tier0,generated_control,infrastructure,4
_14970_,tier1,generated_datapath,infrastructure,4
_14971_,tier1,generated_datapath,infrastructure,4
_14972_,tier1,generated_control,infrastructure,5
_14973_,tier1,generated_datapath,infrastructure,5
_14974_,tier1,generated_control,infrastructure,4
_14975_,tier0,generated_control,infrastructure,4
_14976_,tier1,generated_datapath,infrastructure,5
_14977_,tier1,generated_datapath,infrastructure,5
_14978_,tier1,generated_control,infrastructure,4
_14979_,tier1,generated_control,infrastructure,4
_14980_,tier1,generated_datapath,infrastructure,5
_14981_,tier0,generated_control,infrastructure,5
_14982_,tier1,generated_datapath,infrastructure,6
_14983_,tier1,generated_control,infrastructure,4
_14984_,tier1,generated_control,infrastructure,4
_14985_,tier1,generated_datapath,infrastructure,4
_14986_,tier1,generated_datapath,infrastructure,4
_14987_,tier1,generated_datapath,infrastructure,4
_14988_,tier0,generated_control,infrastructure,4
_14989_,tier0,generated_control,infrastructure,4
_14990_,tier0,generated_control,infrastructure,4
_14991_,tier0,generated_control,infrastructure,5
_14992_,tier0,generated_datapath,infrastructure,4
_14993_,tier1,unclassified,infrastructure,7
_14994_,tier1,generated_control,infrastructure,4
_14995_,tier1,generated_control,infrastructure,4
_14996_,tier1,generated_datapath,infrastructure,4
_14997_,tier1,generated_datapath,infrastructure,5
_14998_,tier1,generated_datapath,infrastructure,5
_14999_,tier1,generated_datapath,infrastructure,5
_15000_,tier1,generated_datapath,infrastructure,5
_15001_,tier1,generated_control,infrastructure,4
_15002_,tier1,generated_datapath,infrastructure,5
_15003_,tier1,generated_control,infrastructure,5
_15004_,tier1,generated_datapath,infrastructure,5
_15005_,tier1,generated_datapath,infrastructure,6
_15006_,tier1,generated_datapath,infrastructure,6
_15007_,tier1,generated_datapath,infrastructure,5
_15008_,tier1,generated_control,infrastructure,5
_15009_,tier1,generated_datapath,infrastructure,5
_15010_,tier1,generated_control,infrastructure,4
_15011_,tier1,generated_datapath,infrastructure,6
_15012_,tier1,generated_datapath,infrastructure,4
_15013_,tier0,clock_reset,control,3
_15014_,tier0,generated_control,infrastructure,4
_15015_,tier0,generated_control,infrastructure,4
_15016_,tier0,generated_control,infrastructure,4
_15017_,tier0,generated_control,infrastructure,4
_15018_,tier0,generated_control,infrastructure,4
_15019_,tier0,generated_datapath,infrastructure,4
_15020_,tier1,generated_control,infrastructure,5
_15021_,tier1,generated_control,infrastructure,5
_15022_,tier1,generated_datapath,infrastructure,5
_15023_,tier1,generated_control,infrastructure,4
_15024_,tier1,generated_control,infrastructure,4
_15025_,tier1,generated_datapath,infrastructure,5
_15026_,tier1,generated_datapath,infrastructure,5
_15027_,tier1,generated_control,infrastructure,5
_15028_,tier1,generated_control,infrastructure,4
_15029_,tier1,generated_datapath,infrastructure,5
_15030_,tier1,generated_datapath,infrastructure,6
_15031_,tier1,generated_datapath,infrastructure,4
_15032_,tier1,generated_datapath,infrastructure,4
_15033_,tier1,generated_datapath,infrastructure,5
_15034_,tier1,generated_control,infrastructure,4
_15035_,tier1,generated_datapath,infrastructure,4
_15036_,tier1,generated_control,infrastructure,4
_15037_,tier1,generated_control,infrastructure,5
_15038_,tier1,generated_control,infrastructure,5
_15039_,tier1,generated_datapath,infrastructure,5
_15040_,tier1,generated_control,infrastructure,4
_15041_,tier1,generated_datapath,infrastructure,4
_15042_,tier1,generated_datapath,infrastructure,4
_15043_,tier1,generated_datapath,infrastructure,5
_15044_,tier1,generated_control,infrastructure,4
_15045_,tier1,generated_control,infrastructure,4
_15046_,tier1,generated_control,infrastructure,4
_15047_,tier1,generated_datapath,infrastructure,5
_15048_,tier1,generated_datapath,infrastructure,5
_15049_,tier1,generated_datapath,infrastructure,4
_15050_,tier1,generated_datapath,infrastructure,4
_15051_,tier1,generated_datapath,infrastructure,4
_15052_,tier1,generated_datapath,infrastructure,4
_15053_,tier0,generated_datapath,infrastructure,5
_15054_,tier1,generated_datapath,infrastructure,4
_15055_,tier1,generated_datapath,infrastructure,5
_15056_,tier1,generated_datapath,infrastructure,5
_15057_,tier1,generated_control,infrastructure,4
_15058_,tier1,generated_control,infrastructure,4
_15059_,tier1,generated_control,infrastructure,5
_15060_,tier1,generated_datapath,infrastructure,5
_15061_,tier1,generated_datapath,infrastructure,7
_15062_,tier1,generated_datapath,infrastructure,5
_15063_,tier1,generated_datapath,infrastructure,5
_15064_,tier1,generated_datapath,infrastructure,5
_15065_,tier1,generated_datapath,infrastructure,5
_15066_,tier1,unclassified,infrastructure,6
_15067_,tier1,generated_datapath,infrastructure,6
_15068_,tier1,generated_control,infrastructure,4
_15069_,tier1,generated_datapath,infrastructure,4
_15070_,tier0,generated_datapath,infrastructure,5
_15071_,tier0,generated_datapath,infrastructure,5
_15072_,tier1,generated_datapath,infrastructure,5
_15073_,tier1,generated_datapath,infrastructure,5
_15074_,tier1,generated_datapath,infrastructure,5
_15075_,tier1,generated_control,infrastructure,5
_15076_,tier1,generated_control,infrastructure,4
_15077_,tier1,generated_datapath,infrastructure,5
_15078_,tier1,generated_datapath,infrastructure,6
_15079_,tier1,generated_datapath,infrastructure,5
_15080_,tier1,generated_datapath,infrastructure,5
_15081_,tier1,generated_datapath,infrastructure,5
_15082_,tier1,generated_datapath,infrastructure,4
_15083_,tier1,generated_datapath,infrastructure,4
_15084_,tier1,generated_datapath,infrastructure,4
_15085_,tier1,generated_datapath,infrastructure,4
_15086_,tier1,generated_control,infrastructure,4
_15087_,tier1,generated_datapath,infrastructure,4
_15088_,tier1,generated_datapath,infrastructure,5
_15089_,tier1,generated_datapath,infrastructure,5
_15090_,tier1,generated_datapath,infrastructure,5
_15091_,tier1,generated_datapath,infrastructure,4
_15092_,tier1,generated_datapath,infrastructure,4
_15093_,tier1,generated_datapath,infrastructure,5
_15094_,tier1,generated_datapath,infrastructure,5
_15095_,tier1,generated_control,infrastructure,4
_15096_,tier1,generated_control,infrastructure,4
_15097_,tier1,generated_control,infrastructure,4
_15098_,tier1,generated_control,infrastructure,4
_15099_,tier1,generated_datapath,infrastructure,5
_15100_,tier1,generated_control,infrastructure,4
_15101_,tier1,generated_control,infrastructure,5
_15102_,tier1,generated_datapath,infrastructure,5
_15103_,tier1,generated_datapath,infrastructure,6
_15104_,tier1,unclassified,infrastructure,7
_15105_,tier1,generated_datapath,infrastructure,4
_15106_,tier0,generated_datapath,infrastructure,5
_15107_,tier0,generated_datapath,infrastructure,5
_15108_,tier1,generated_datapath,infrastructure,5
_15109_,tier1,generated_datapath,infrastructure,5
_15110_,tier1,generated_datapath,infrastructure,5
_15111_,tier0,generated_control,infrastructure,5
_15112_,tier1,generated_datapath,infrastructure,6
_15113_,tier1,generated_datapath,infrastructure,6
_15114_,tier1,generated_datapath,infrastructure,5
_15115_,tier1,generated_datapath,infrastructure,5
_15116_,tier1,generated_datapath,infrastructure,5
_15117_,tier1,generated_datapath,infrastructure,5
_15118_,tier1,generated_datapath,infrastructure,5
_15119_,tier0,clock_reset,control,3
_15120_,tier0,generated_control,infrastructure,4
_15121_,tier1,generated_datapath,infrastructure,4
_15122_,tier1,generated_datapath,infrastructure,5
_15123_,tier1,generated_control,infrastructure,4
_15124_,tier1,generated_datapath,infrastructure,5
_15125_,tier1,generated_datapath,infrastructure,4
_15126_,tier1,generated_datapath,infrastructure,4
_15127_,tier1,generated_control,infrastructure,5
_15128_,tier1,generated_datapath,infrastructure,6
_15129_,tier1,generated_datapath,infrastructure,5
_15130_,tier1,generated_control,infrastructure,4
_15131_,tier1,generated_datapath,infrastructure,5
_15132_,tier1,unclassified,infrastructure,7
_15133_,tier1,generated_control,infrastructure,4
_15134_,tier1,generated_datapath,infrastructure,5
_15135_,tier1,generated_datapath,infrastructure,4
_15136_,tier1,generated_datapath,infrastructure,5
_15137_,tier1,generated_datapath,infrastructure,6
_15138_,tier1,generated_datapath,infrastructure,6
_15139_,tier1,generated_datapath,infrastructure,5
_15140_,tier1,generated_datapath,infrastructure,5
_15141_,tier1,generated_datapath,infrastructure,5
_15142_,tier1,generated_datapath,infrastructure,5
_15143_,tier1,generated_datapath,infrastructure,5
_15144_,tier1,generated_control,infrastructure,6
_15145_,tier1,generated_datapath,infrastructure,6
_15146_,tier1,generated_datapath,infrastructure,6
_15147_,tier1,generated_control,infrastructure,4
_15148_,tier1,generated_datapath,infrastructure,5
_15149_,tier1,generated_datapath,infrastructure,6
_15150_,tier1,generated_datapath,infrastructure,5
_15151_,tier1,generated_datapath,infrastructure,4
_15152_,tier1,generated_datapath,infrastructure,4
_15153_,tier0,generated_datapath,infrastructure,4
_15154_,tier1,generated_datapath,infrastructure,5
_15155_,tier1,generated_datapath,infrastructure,5
_15156_,tier1,generated_datapath,infrastructure,5
_15157_,tier1,generated_datapath,infrastructure,5
_15158_,tier1,generated_datapath,infrastructure,5
_15159_,tier1,generated_control,infrastructure,5
_15160_,tier1,generated_control,infrastructure,4
_15161_,tier1,generated_datapath,infrastructure,5
_15162_,tier1,generated_datapath,infrastructure,6
_15163_,tier1,generated_datapath,infrastructure,5
_15164_,tier1,generated_datapath,infrastructure,5
_15165_,tier1,generated_datapath,infrastructure,5
_15166_,tier1,generated_datapath,infrastructure,5
_15167_,tier1,generated_datapath,infrastructure,5
_15168_,tier0,clock_reset,control,3
_15169_,tier0,generated_control,infrastructure,4
_15170_,tier0,generated_datapath,infrastructure,4
_15171_,tier1,generated_datapath,infrastructure,4
_15172_,tier1,generated_datapath,infrastructure,4
_15173_,tier1,generated_control,infrastructure,5
_15174_,tier0,generated_datapath,infrastructure,4
_15175_,tier0,generated_datapath,infrastructure,4
_15176_,tier0,generated_control,infrastructure,4
_15177_,tier0,generated_datapath,infrastructure,4
_15178_,tier0,generated_control,infrastructure,4
_15179_,tier0,generated_datapath,infrastructure,4
_15180_,tier0,generated_datapath,infrastructure,5
_15181_,tier1,generated_datapath,infrastructure,5
_15182_,tier1,generated_datapath,infrastructure,5
_15183_,tier1,generated_control,infrastructure,5
_15184_,tier1,generated_datapath,infrastructure,6
_15185_,tier1,generated_datapath,infrastructure,6
_15186_,tier1,generated_datapath,infrastructure,5
_15187_,tier1,generated_datapath,infrastructure,5
_15188_,tier1,generated_datapath,infrastructure,5
_15189_,tier1,generated_datapath,infrastructure,5
_15190_,tier1,generated_datapath,infrastructure,5
_15191_,tier1,generated_control,infrastructure,4
_15192_,tier1,generated_datapath,infrastructure,4
_15193_,tier0,generated_control,infrastructure,4
_15194_,tier0,generated_datapath,infrastructure,4
_15195_,tier0,generated_datapath,infrastructure,4
_15196_,tier1,generated_datapath,infrastructure,5
_15197_,tier1,generated_datapath,infrastructure,5
_15198_,tier1,generated_datapath,infrastructure,5
_15199_,tier1,generated_datapath,infrastructure,6
_15200_,tier1,generated_datapath,infrastructure,5
_15201_,tier1,generated_datapath,infrastructure,5
_15202_,tier1,generated_datapath,infrastructure,5
_15203_,tier1,generated_datapath,infrastructure,5
_15204_,tier1,generated_datapath,infrastructure,5
_15205_,tier1,generated_datapath,infrastructure,5
_15206_,tier1,generated_control,infrastructure,4
_15207_,tier1,generated_datapath,infrastructure,4
_15208_,tier1,generated_datapath,infrastructure,4
_15209_,tier1,generated_control,infrastructure,4
_15210_,tier1,generated_datapath,infrastructure,4
_15211_,tier0,generated_datapath,infrastructure,5
_15212_,tier0,generated_control,infrastructure,4
_15213_,tier0,generated_control,infrastructure,4
_15214_,tier0,generated_control,infrastructure,4
_15215_,tier1,generated_control,infrastructure,4
_15216_,tier1,generated_control,infrastructure,4
_15217_,tier1,generated_datapath,infrastructure,4
_15218_,tier0,generated_control,infrastructure,4
_15219_,tier0,generated_datapath,infrastructure,4
_15220_,tier0,generated_datapath,infrastructure,5
_15221_,tier1,generated_datapath,infrastructure,4
_15222_,tier1,generated_datapath,infrastructure,4
_15223_,tier1,generated_datapath,infrastructure,5
_15224_,tier1,generated_datapath,infrastructure,5
_15225_,tier1,generated_datapath,infrastructure,5
_15226_,tier1,generated_control,infrastructure,5
_15227_,tier1,generated_control,infrastructure,4
_15228_,tier1,generated_datapath,infrastructure,5
_15229_,tier1,generated_datapath,infrastructure,6
_15230_,tier1,generated_datapath,infrastructure,4
_15231_,tier1,generated_datapath,infrastructure,4
_15232_,tier1,generated_datapath,infrastructure,5
_15233_,tier1,generated_datapath,infrastructure,5
_15234_,tier1,generated_datapath,infrastructure,4
_15235_,tier1,generated_datapath,infrastructure,4
_15236_,tier1,generated_datapath,infrastructure,5
_15237_,tier0,clock_reset,control,3
_15238_,tier0,generated_control,infrastructure,4
_15239_,tier1,generated_datapath,infrastructure,4
_15240_,tier1,generated_datapath,infrastructure,4
_15241_,tier1,generated_datapath,infrastructure,4
_15242_,tier0,generated_datapath,infrastructure,5
_15243_,tier1,generated_control,infrastructure,4
_15244_,tier0,generated_control,infrastructure,4
_15245_,tier0,generated_control,infrastructure,4
_15246_,tier1,generated_control,infrastructure,4
_15247_,tier1,generated_control,infrastructure,4
_15248_,tier1,generated_datapath,infrastructure,4
_15249_,tier1,generated_datapath,infrastructure,5
_15250_,tier1,generated_datapath,infrastructure,5
_15251_,tier1,generated_datapath,infrastructure,5
_15252_,tier1,generated_datapath,infrastructure,5
_15253_,tier1,generated_datapath,infrastructure,6
_15254_,tier1,generated_datapath,infrastructure,5
_15255_,tier1,generated_datapath,infrastructure,5
_15256_,tier1,generated_datapath,infrastructure,5
_15257_,tier1,generated_datapath,infrastructure,5
_15258_,tier1,generated_datapath,infrastructure,5
_15259_,tier1,generated_datapath,infrastructure,5
_15260_,tier1,generated_datapath,infrastructure,5
_15261_,tier1,generated_control,infrastructure,5
_15262_,tier1,generated_datapath,infrastructure,4
_15263_,tier0,generated_control,infrastructure,4
_15264_,tier0,generated_control,infrastructure,4
_15265_,tier0,generated_control,infrastructure,4
_15266_,tier1,generated_datapath,infrastructure,4
_15267_,tier1,generated_datapath,infrastructure,4
_15268_,tier0,generated_datapath,infrastructure,5
_15269_,tier1,generated_datapath,infrastructure,4
_15270_,tier1,generated_datapath,infrastructure,4
_15271_,tier0,generated_datapath,infrastructure,5
_15272_,tier1,generated_control,infrastructure,4
_15273_,tier1,generated_datapath,infrastructure,5
_15274_,tier1,generated_control,infrastructure,5
_15275_,tier1,generated_control,infrastructure,4
_15276_,tier1,generated_datapath,infrastructure,5
_15277_,tier1,generated_datapath,infrastructure,6
_15278_,tier1,generated_datapath,infrastructure,4
_15279_,tier1,generated_datapath,infrastructure,4
_15280_,tier1,generated_datapath,infrastructure,5
_15281_,tier1,generated_datapath,infrastructure,5
_15282_,tier1,generated_datapath,infrastructure,4
_15283_,tier1,generated_datapath,infrastructure,4
_15284_,tier1,generated_datapath,infrastructure,5
_15285_,tier0,generated_control,infrastructure,4
_15286_,tier0,generated_datapath,infrastructure,4
_15287_,tier0,generated_datapath,infrastructure,4
_15288_,tier1,generated_datapath,infrastructure,4
_15289_,tier1,generated_datapath,infrastructure,6
_15290_,tier1,generated_datapath,infrastructure,6
_15291_,tier1,generated_datapath,infrastructure,4
_15292_,tier1,generated_datapath,infrastructure,5
_15293_,tier1,generated_datapath,infrastructure,5
_15294_,tier1,generated_control,infrastructure,4
_15295_,tier1,generated_datapath,infrastructure,5
_15296_,tier1,generated_control,infrastructure,5
_15297_,tier1,generated_datapath,infrastructure,7
_15298_,tier1,generated_control,infrastructure,4
_15299_,tier1,generated_datapath,infrastructure,6
_15300_,tier1,generated_datapath,infrastructure,5
_15301_,tier1,generated_datapath,infrastructure,5
_15302_,tier1,generated_datapath,infrastructure,5
_15303_,tier1,generated_datapath,infrastructure,6
_15304_,tier1,generated_datapath,infrastructure,5
_15305_,tier1,generated_datapath,infrastructure,5
_15306_,tier1,generated_datapath,infrastructure,5
_15307_,tier1,generated_datapath,infrastructure,5
_15308_,tier1,generated_datapath,infrastructure,5
_15309_,tier1,generated_datapath,infrastructure,5
_15310_,tier1,generated_datapath,infrastructure,5
_15311_,tier0,generated_datapath,infrastructure,4
_15312_,tier0,clock_reset,control,3
_15313_,tier0,generated_control,infrastructure,4
_15314_,tier0,generated_datapath,infrastructure,4
_15315_,tier0,generated_control,infrastructure,4
_15316_,tier0,generated_control,infrastructure,4
_15317_,tier1,generated_control,infrastructure,4
_15318_,tier1,generated_datapath,infrastructure,4
_15319_,tier1,generated_datapath,infrastructure,5
_15320_,tier1,generated_datapath,infrastructure,5
_15321_,tier1,generated_datapath,infrastructure,4
_15322_,tier1,generated_datapath,infrastructure,4
_15323_,tier1,generated_datapath,infrastructure,5
_15324_,tier1,generated_datapath,infrastructure,5
_15325_,tier1,generated_datapath,infrastructure,5
_15326_,tier1,generated_datapath,infrastructure,5
_15327_,tier1,generated_control,infrastructure,4
_15328_,tier1,generated_datapath,infrastructure,5
_15329_,tier0,clock_reset,control,3
_15330_,tier0,generated_control,infrastructure,4
_15331_,tier0,generated_datapath,infrastructure,4
_15332_,tier1,generated_datapath,infrastructure,6
_15333_,tier1,generated_control,infrastructure,4
_15334_,tier0,generated_control,infrastructure,4
_15335_,tier0,generated_datapath,infrastructure,4
_15336_,tier1,generated_control,infrastructure,6
_15337_,tier1,generated_datapath,infrastructure,5
_15338_,tier1,generated_datapath,infrastructure,5
_15339_,tier1,generated_datapath,infrastructure,6
_15340_,tier1,generated_datapath,infrastructure,5
_15341_,tier1,generated_datapath,infrastructure,4
_15342_,tier1,generated_datapath,infrastructure,4
_15343_,tier1,generated_datapath,infrastructure,5
_15344_,tier1,generated_datapath,infrastructure,5
_15345_,tier1,generated_datapath,infrastructure,5
_15346_,tier1,generated_datapath,infrastructure,5
_15347_,tier1,generated_datapath,infrastructure,4
_15348_,tier1,generated_datapath,infrastructure,4
_15349_,tier1,generated_datapath,infrastructure,5
_15350_,tier1,generated_datapath,infrastructure,4
_15351_,tier1,generated_datapath,infrastructure,4
_15352_,tier0,generated_control,infrastructure,4
_15353_,tier0,generated_datapath,infrastructure,4
_15354_,tier0,generated_control,infrastructure,4
_15355_,tier0,generated_datapath,infrastructure,5
_15356_,tier1,generated_datapath,infrastructure,5
_15357_,tier1,generated_datapath,infrastructure,5
_15358_,tier1,generated_control,infrastructure,5
_15359_,tier1,generated_control,infrastructure,4
_15360_,tier1,generated_datapath,infrastructure,5
_15361_,tier1,generated_datapath,infrastructure,6
_15362_,tier1,generated_datapath,infrastructure,5
_15363_,tier1,generated_datapath,infrastructure,5
_15364_,tier1,generated_datapath,infrastructure,5
_15365_,tier1,generated_datapath,infrastructure,4
_15366_,tier1,generated_datapath,infrastructure,4
_15367_,tier1,generated_datapath,infrastructure,5
_15368_,tier1,generated_control,infrastructure,4
_15369_,tier1,generated_datapath,infrastructure,4
_15370_,tier0,generated_datapath,infrastructure,4
_15371_,tier0,generated_datapath,infrastructure,4
_15372_,tier0,generated_datapath,infrastructure,4
_15373_,tier0,generated_datapath,infrastructure,4
_15374_,tier1,generated_datapath,infrastructure,5
_15375_,tier0,generated_datapath,infrastructure,5
_15376_,tier1,generated_datapath,infrastructure,4
_15377_,tier1,generated_datapath,infrastructure,4
_15378_,tier1,generated_datapath,infrastructure,5
_15379_,tier1,generated_datapath,infrastructure,5
_15380_,tier1,generated_datapath,infrastructure,5
_15381_,tier1,generated_datapath,infrastructure,6
_15382_,tier1,generated_datapath,infrastructure,5
_15383_,tier1,generated_datapath,infrastructure,5
_15384_,tier1,generated_datapath,infrastructure,5
_15385_,tier1,generated_datapath,infrastructure,5
_15386_,tier1,generated_datapath,infrastructure,5
_15387_,tier1,generated_datapath,infrastructure,5
_15388_,tier0,generated_datapath,infrastructure,5
_15389_,tier0,clock_reset,control,3
_15390_,tier0,generated_datapath,infrastructure,4
_15391_,tier1,generated_datapath,infrastructure,4
_15392_,tier1,generated_datapath,infrastructure,5
_15393_,tier1,generated_datapath,infrastructure,5
_15394_,tier1,generated_datapath,infrastructure,5
_15395_,tier1,generated_datapath,infrastructure,5
_15396_,tier1,generated_datapath,infrastructure,5
_15397_,tier1,generated_control,infrastructure,4
_15398_,tier1,generated_datapath,infrastructure,4
_15399_,tier1,generated_datapath,infrastructure,6
_15400_,tier1,generated_control,infrastructure,4
_15401_,tier1,generated_control,infrastructure,4
_15402_,tier1,generated_datapath,infrastructure,4
_15403_,tier1,generated_control,infrastructure,4
_15404_,tier1,generated_datapath,infrastructure,4
_15405_,tier1,generated_datapath,infrastructure,4
_15406_,tier1,generated_datapath,infrastructure,4
_15407_,tier1,generated_control,infrastructure,4
_15408_,tier1,generated_control,infrastructure,4
_15409_,tier1,generated_datapath,infrastructure,5
_15410_,tier0,generated_datapath,infrastructure,5
_15411_,tier1,generated_datapath,infrastructure,5
_15412_,tier1,generated_datapath,infrastructure,5
_15413_,tier1,generated_control,infrastructure,5
_15414_,tier1,generated_datapath,infrastructure,5
_15415_,tier1,generated_control,infrastructure,4
_15416_,tier1,generated_datapath,infrastructure,5
_15417_,tier1,generated_datapath,infrastructure,6
_15418_,tier1,generated_datapath,infrastructure,5
_15419_,tier1,generated_datapath,infrastructure,5
_15420_,tier1,generated_datapath,infrastructure,5
_15421_,tier1,generated_datapath,infrastructure,5
_15422_,tier1,generated_datapath,infrastructure,5
_15423_,tier1,generated_control,infrastructure,4
_15424_,tier1,generated_datapath,infrastructure,4
_15425_,tier1,clock_reset,control,3
_15426_,tier1,generated_datapath,infrastructure,4
_15427_,tier1,generated_datapath,infrastructure,4
_15428_,tier1,generated_datapath,infrastructure,4
_15429_,tier1,generated_datapath,infrastructure,4
_15430_,tier0,generated_datapath,infrastructure,5
_15431_,tier0,generated_control,infrastructure,4
_15432_,tier0,generated_control,infrastructure,4
_15433_,tier0,generated_datapath,infrastructure,5
_15434_,tier1,generated_datapath,infrastructure,4
_15435_,tier1,generated_datapath,infrastructure,4
_15436_,tier1,generated_datapath,infrastructure,5
_15437_,tier0,generated_datapath,infrastructure,5
_15438_,tier0,generated_datapath,infrastructure,5
_15439_,tier1,generated_datapath,infrastructure,5
_15440_,tier1,generated_control,infrastructure,4
_15441_,tier1,generated_datapath,infrastructure,5
_15442_,tier1,generated_control,infrastructure,5
_15443_,tier0,generated_control,infrastructure,4
_15444_,tier1,generated_datapath,infrastructure,5
_15445_,tier1,generated_datapath,infrastructure,6
_15446_,tier1,generated_datapath,infrastructure,5
_15447_,tier1,generated_datapath,infrastructure,5
_15448_,tier1,generated_datapath,infrastructure,5
_15449_,tier1,generated_datapath,infrastructure,5
_15450_,tier1,generated_datapath,infrastructure,5
_15451_,tier1,generated_control,infrastructure,4
_15452_,tier1,generated_datapath,infrastructure,4
_15453_,tier1,generated_datapath,infrastructure,4
_15454_,tier1,generated_datapath,infrastructure,4
_15455_,tier1,generated_datapath,infrastructure,5
_15456_,tier1,generated_datapath,infrastructure,5
_15457_,tier1,generated_datapath,infrastructure,5
_15458_,tier1,generated_datapath,infrastructure,6
_15459_,tier1,generated_datapath,infrastructure,5
_15460_,tier1,generated_datapath,infrastructure,5
_15461_,tier1,generated_datapath,infrastructure,5
_15462_,tier1,generated_datapath,infrastructure,5
_15463_,tier1,generated_datapath,infrastructure,5
_15464_,tier1,generated_datapath,infrastructure,5
_15465_,tier1,generated_datapath,infrastructure,4
_15466_,tier1,generated_datapath,infrastructure,4
_15467_,tier1,generated_datapath,infrastructure,5
_15468_,tier1,generated_datapath,infrastructure,6
_15469_,tier1,generated_control,infrastructure,4
_15470_,tier1,generated_datapath,infrastructure,5
_15471_,tier1,generated_datapath,infrastructure,5
_15472_,tier1,generated_datapath,infrastructure,4
_15473_,tier1,generated_datapath,infrastructure,4
_15474_,tier1,generated_control,infrastructure,4
_15475_,tier1,generated_control,infrastructure,5
_15476_,tier1,generated_datapath,infrastructure,5
_15477_,tier1,generated_datapath,infrastructure,5
_15478_,tier1,generated_datapath,infrastructure,5
_15479_,tier1,generated_datapath,infrastructure,5
_15480_,tier1,generated_datapath,infrastructure,5
_15481_,tier1,generated_datapath,infrastructure,5
_15482_,tier1,generated_control,infrastructure,4
_15483_,tier1,generated_datapath,infrastructure,4
_15484_,tier1,generated_datapath,infrastructure,4
_15485_,tier1,generated_datapath,infrastructure,4
_15486_,tier1,generated_control,infrastructure,4
_15487_,tier1,generated_control,infrastructure,4
_15488_,tier1,generated_datapath,infrastructure,4
_15489_,tier1,generated_datapath,infrastructure,4
_15490_,tier1,generated_datapath,infrastructure,5
_15491_,tier1,generated_datapath,infrastructure,5
_15492_,tier1,generated_datapath,infrastructure,5
_15493_,tier1,generated_datapath,infrastructure,4
_15494_,tier1,generated_datapath,infrastructure,4
_15495_,tier1,generated_datapath,infrastructure,5
_15496_,tier1,generated_datapath,infrastructure,5
_15497_,tier1,generated_datapath,infrastructure,6
_15498_,tier1,generated_datapath,infrastructure,5
_15499_,tier1,generated_datapath,infrastructure,5
_15500_,tier1,generated_datapath,infrastructure,5
_15501_,tier1,generated_datapath,infrastructure,5
_15502_,tier1,generated_datapath,infrastructure,5
_15503_,tier1,generated_datapath,infrastructure,5
_15504_,tier1,generated_control,infrastructure,4
_15505_,tier1,generated_control,infrastructure,4
_15506_,tier1,generated_datapath,infrastructure,5
_15507_,tier1,generated_datapath,infrastructure,5
_15508_,tier1,generated_datapath,infrastructure,5
_15509_,tier1,generated_datapath,infrastructure,5
_15510_,tier1,generated_datapath,infrastructure,5
_15511_,tier1,generated_datapath,infrastructure,5
_15512_,tier1,generated_datapath,infrastructure,5
_15513_,tier1,generated_datapath,infrastructure,5
_15514_,tier1,generated_datapath,infrastructure,4
_15515_,tier1,generated_datapath,infrastructure,4
_15516_,tier1,generated_datapath,infrastructure,5
_15517_,tier0,generated_datapath,infrastructure,4
_15518_,tier1,generated_datapath,infrastructure,4
_15519_,tier1,generated_datapath,infrastructure,6
_15520_,tier1,generated_datapath,infrastructure,6
_15521_,tier1,generated_control,infrastructure,4
_15522_,tier1,generated_datapath,infrastructure,5
_15523_,tier1,generated_datapath,infrastructure,5
_15524_,tier1,generated_datapath,infrastructure,5
_15525_,tier0,clock_reset,control,3
_15526_,tier1,generated_datapath,infrastructure,5
_15527_,tier1,generated_datapath,infrastructure,4
_15528_,tier1,generated_control,infrastructure,4
_15529_,tier1,generated_datapath,infrastructure,5
_15530_,tier1,generated_datapath,infrastructure,4
_15531_,tier1,generated_datapath,infrastructure,4
_15532_,tier0,clock_reset,control,3
_15533_,tier1,generated_datapath,infrastructure,5
_15534_,tier1,generated_datapath,infrastructure,5
_15535_,tier0,generated_datapath,infrastructure,5
_15536_,tier0,generated_datapath,infrastructure,5
_15537_,tier1,generated_datapath,infrastructure,5
_15538_,tier1,generated_datapath,infrastructure,5
_15539_,tier1,generated_control,infrastructure,4
_15540_,tier1,generated_control,infrastructure,4
_15541_,tier1,generated_datapath,infrastructure,5
_15542_,tier1,generated_control,infrastructure,5
_15543_,tier1,generated_datapath,infrastructure,5
_15544_,tier1,generated_control,infrastructure,4
_15545_,tier1,generated_datapath,infrastructure,5
_15546_,tier1,generated_datapath,infrastructure,6
_15547_,tier1,generated_datapath,infrastructure,5
_15548_,tier1,generated_datapath,infrastructure,5
_15549_,tier1,generated_datapath,infrastructure,5
_15550_,tier1,generated_datapath,infrastructure,5
_15551_,tier1,generated_datapath,infrastructure,5
_15552_,tier0,generated_control,infrastructure,4
_15553_,tier0,generated_datapath,infrastructure,4
_15554_,tier0,generated_datapath,infrastructure,4
_15555_,tier1,generated_datapath,infrastructure,4
_15556_,tier0,clock_reset,control,3
_15557_,tier1,generated_datapath,infrastructure,5
_15558_,tier1,generated_datapath,infrastructure,4
_15559_,tier1,generated_datapath,infrastructure,4
_15560_,tier1,generated_datapath,infrastructure,5
_15561_,tier1,generated_datapath,infrastructure,5
_15562_,tier1,generated_datapath,infrastructure,4
_15563_,tier1,generated_datapath,infrastructure,4
_15564_,tier1,generated_control,infrastructure,4
_15565_,tier1,generated_control,infrastructure,4
_15566_,tier1,generated_datapath,infrastructure,5
_15567_,tier1,generated_datapath,infrastructure,6
_15568_,tier1,generated_datapath,infrastructure,5
_15569_,tier1,generated_control,infrastructure,4
_15570_,tier1,generated_control,infrastructure,5
_15571_,tier1,generated_datapath,infrastructure,5
_15572_,tier1,generated_datapath,infrastructure,6
_15573_,tier1,unclassified,infrastructure,7
_15574_,tier1,generated_control,infrastructure,4
_15575_,tier1,generated_datapath,infrastructure,5
_15576_,tier1,generated_control,infrastructure,4
_15577_,tier1,generated_datapath,infrastructure,5
_15578_,tier1,generated_datapath,infrastructure,5
_15579_,tier1,generated_datapath,infrastructure,5
_15580_,tier1,generated_datapath,infrastructure,5
_15581_,tier1,generated_datapath,infrastructure,4
_15582_,tier1,generated_datapath,infrastructure,4
_15583_,tier1,generated_datapath,infrastructure,5
_15584_,tier1,generated_datapath,infrastructure,5
_15585_,tier0,generated_datapath,infrastructure,4
_15586_,tier1,generated_datapath,infrastructure,4
_15587_,tier1,generated_datapath,infrastructure,4
_15588_,tier1,generated_datapath,infrastructure,4
_15589_,tier0,generated_control,infrastructure,4
_15590_,tier0,generated_control,infrastructure,4
_15591_,tier1,generated_datapath,infrastructure,5
_15592_,tier1,generated_datapath,infrastructure,5
_15593_,tier1,generated_datapath,infrastructure,5
_15594_,tier1,generated_datapath,infrastructure,5
_15595_,tier1,generated_datapath,infrastructure,6
_15596_,tier1,generated_datapath,infrastructure,4
_15597_,tier1,generated_datapath,infrastructure,4
_15598_,tier1,generated_datapath,infrastructure,5
_15599_,tier1,generated_datapath,infrastructure,5
_15600_,tier1,generated_datapath,infrastructure,5
_15601_,tier1,generated_datapath,infrastructure,5
_15602_,tier1,generated_datapath,infrastructure,4
_15603_,tier1,generated_datapath,infrastructure,4
_15604_,tier1,generated_datapath,infrastructure,5
_15605_,tier1,generated_datapath,infrastructure,4
_15606_,tier1,generated_control,infrastructure,4
_15607_,tier1,generated_control,infrastructure,4
_15608_,tier1,generated_datapath,infrastructure,4
_15609_,tier1,generated_datapath,infrastructure,5
_15610_,tier1,generated_datapath,infrastructure,5
_15611_,tier0,generated_datapath,infrastructure,5
_15612_,tier1,generated_datapath,infrastructure,5
_15613_,tier1,generated_control,infrastructure,4
_15614_,tier1,generated_control,infrastructure,4
_15615_,tier1,generated_datapath,infrastructure,5
_15616_,tier0,generated_control,infrastructure,5
_15617_,tier1,generated_datapath,infrastructure,6
_15618_,tier1,generated_datapath,infrastructure,6
_15619_,tier1,generated_datapath,infrastructure,5
_15620_,tier1,generated_datapath,infrastructure,5
_15621_,tier1,generated_datapath,infrastructure,5
_15622_,tier1,generated_datapath,infrastructure,5
_15623_,tier1,generated_datapath,infrastructure,5
_15624_,tier0,generated_control,infrastructure,4
_15625_,tier0,generated_datapath,infrastructure,4
_15626_,tier1,generated_datapath,infrastructure,5
_15627_,tier0,clock_reset,control,3
_15628_,tier0,generated_datapath,infrastructure,5
_15629_,tier0,generated_control,infrastructure,4
_15630_,tier0,generated_control,infrastructure,4
_15631_,tier1,generated_control,infrastructure,4
_15632_,tier1,generated_datapath,infrastructure,4
_15633_,tier0,generated_control,infrastructure,4
_15634_,tier0,clock_reset,control,3
_15635_,tier0,generated_control,infrastructure,4
_15636_,tier1,generated_datapath,infrastructure,5
_15637_,tier0,generated_datapath,infrastructure,5
_15638_,tier1,generated_datapath,infrastructure,4
_15639_,tier1,generated_datapath,infrastructure,4
_15640_,tier1,generated_datapath,infrastructure,5
_15641_,tier1,generated_datapath,infrastructure,5
_15642_,tier1,generated_datapath,infrastructure,5
_15643_,tier1,generated_datapath,infrastructure,4
_15644_,tier1,generated_datapath,infrastructure,4
_15645_,tier1,generated_datapath,infrastructure,5
_15646_,tier0,generated_control,infrastructure,4
_15647_,tier0,generated_control,infrastructure,4
_15648_,tier1,generated_datapath,infrastructure,7
_15649_,tier1,generated_control,infrastructure,4
_15650_,tier1,generated_control,infrastructure,4
_15651_,tier1,generated_control,infrastructure,5
_15652_,tier1,generated_control,infrastructure,6
_15653_,tier1,generated_control,infrastructure,6
_15654_,tier1,generated_control,infrastructure,5
_15655_,tier1,generated_datapath,infrastructure,4
_15656_,tier1,generated_control,infrastructure,5
_15657_,tier1,generated_datapath,infrastructure,5
_15658_,tier1,generated_control,infrastructure,4
_15659_,tier1,generated_control,infrastructure,4
_15660_,tier1,generated_control,infrastructure,4
_15661_,tier1,generated_control,infrastructure,4
_15662_,tier1,clock_reset,control,3
_15663_,tier1,generated_datapath,infrastructure,5
_15664_,tier1,unclassified,infrastructure,6
_15665_,tier1,generated_datapath,infrastructure,6
_15666_,tier1,generated_datapath,infrastructure,4
_15667_,tier1,generated_control,infrastructure,4
_15668_,tier1,generated_datapath,infrastructure,4
_15669_,tier1,generated_control,infrastructure,4
_15670_,tier0,clock_reset,control,3
_15671_,tier1,generated_datapath,infrastructure,5
_15672_,tier1,generated_datapath,infrastructure,5
_15673_,tier1,generated_datapath,infrastructure,5
_15674_,tier1,generated_datapath,infrastructure,5
_15675_,tier1,generated_datapath,infrastructure,4
_15676_,tier1,generated_datapath,infrastructure,4
_15677_,tier1,generated_datapath,infrastructure,5
_15678_,tier1,clock_reset,control,3
_15679_,tier1,generated_datapath,infrastructure,5
_15680_,tier0,clock_reset,control,3
_15681_,tier0,generated_datapath,infrastructure,4
_15682_,tier1,generated_datapath,infrastructure,4
_15683_,tier1,generated_control,infrastructure,4
_15684_,tier1,generated_datapath,infrastructure,4
_15685_,tier1,clock_reset,control,3
_15686_,tier1,generated_datapath,infrastructure,5
_15687_,tier1,clock_reset,control,3
_15688_,tier1,generated_datapath,infrastructure,5
_15689_,tier1,generated_datapath,infrastructure,5
_15690_,tier1,generated_datapath,infrastructure,6
_15691_,tier1,generated_datapath,infrastructure,4
_15692_,tier1,generated_datapath,infrastructure,4
_15693_,tier1,generated_datapath,infrastructure,5
_15694_,tier1,generated_control,infrastructure,4
_15695_,tier1,generated_datapath,infrastructure,5
_15696_,tier0,clock_reset,control,3
_15697_,tier1,generated_datapath,infrastructure,5
_15698_,tier1,generated_datapath,infrastructure,4
_15699_,tier1,generated_datapath,infrastructure,4
_15700_,tier0,clock_reset,control,3
_15701_,tier1,generated_datapath,infrastructure,5
_15702_,tier1,generated_datapath,infrastructure,5
_15703_,tier0,generated_control,infrastructure,4
_15704_,tier0,generated_control,infrastructure,4
_15705_,tier1,generated_datapath,infrastructure,5
_15706_,tier1,generated_datapath,infrastructure,5
_15707_,tier0,generated_control,infrastructure,4
_15708_,tier0,generated_control,infrastructure,4
_15709_,tier0,generated_datapath,infrastructure,4
_15710_,tier1,generated_datapath,infrastructure,4
_15711_,tier1,generated_datapath,infrastructure,5
_15712_,tier1,generated_datapath,infrastructure,5
_15713_,tier1,generated_control,infrastructure,5
_15714_,tier1,generated_control,infrastructure,4
_15715_,tier1,generated_control,infrastructure,5
_15716_,tier1,generated_datapath,infrastructure,6
_15717_,tier1,generated_datapath,infrastructure,6
_15718_,tier1,generated_datapath,infrastructure,4
_15719_,tier0,generated_control,infrastructure,4
_15720_,tier0,generated_control,infrastructure,5
_15721_,tier1,generated_control,infrastructure,4
_15722_,tier1,generated_control,infrastructure,4
_15723_,tier1,generated_datapath,infrastructure,5
_15724_,tier1,generated_control,infrastructure,4
_15725_,tier1,generated_datapath,infrastructure,6
_15726_,tier1,generated_control,infrastructure,4
_15727_,tier0,generated_control,infrastructure,5
_15728_,tier1,generated_control,infrastructure,5
_15729_,tier1,generated_datapath,infrastructure,6
_15730_,tier1,generated_datapath,infrastructure,7
_15731_,tier1,generated_datapath,infrastructure,7
_15732_,tier0,clock_reset,control,3
_15733_,tier1,generated_datapath,infrastructure,4
_15734_,tier1,generated_datapath,infrastructure,5
_15735_,tier1,generated_datapath,infrastructure,5
_15736_,tier1,generated_datapath,infrastructure,4
_15737_,tier1,generated_datapath,infrastructure,4
_15738_,tier1,generated_datapath,infrastructure,5
_15739_,tier1,generated_datapath,infrastructure,4
_15740_,tier1,generated_datapath,infrastructure,4
_15741_,tier0,generated_control,infrastructure,4
_15742_,tier0,generated_control,infrastructure,4
_15743_,tier0,generated_datapath,infrastructure,4
_15744_,tier1,generated_datapath,infrastructure,4
_15745_,tier1,generated_datapath,infrastructure,5
_15746_,tier0,clock_reset,control,3
_15747_,tier1,generated_datapath,infrastructure,5
_15748_,tier0,generated_control,infrastructure,4
_15749_,tier0,generated_control,infrastructure,4
_15750_,tier0,generated_datapath,infrastructure,5
_15751_,tier1,generated_datapath,infrastructure,4
_15752_,tier1,generated_datapath,infrastructure,4
_15753_,tier0,generated_control,infrastructure,4
_15754_,tier0,generated_control,infrastructure,4
_15755_,tier1,generated_datapath,infrastructure,5
_15756_,tier0,clock_reset,control,3
_15757_,tier1,generated_datapath,infrastructure,5
_15758_,tier1,generated_datapath,infrastructure,5
_15759_,tier1,generated_datapath,infrastructure,6
_15760_,tier1,generated_datapath,infrastructure,5
_15761_,tier1,generated_datapath,infrastructure,5
_15762_,tier1,generated_datapath,infrastructure,5
_15763_,tier1,generated_datapath,infrastructure,5
_15764_,tier1,generated_datapath,infrastructure,5
_15765_,tier1,generated_datapath,infrastructure,5
_15766_,tier1,generated_datapath,infrastructure,4
_15767_,tier1,generated_datapath,infrastructure,4
_15768_,tier1,generated_datapath,infrastructure,5
_15769_,tier1,generated_datapath,infrastructure,5
_15770_,tier0,generated_control,infrastructure,4
_15771_,tier0,generated_control,infrastructure,4
_15772_,tier0,generated_datapath,infrastructure,4
_15773_,tier0,generated_datapath,infrastructure,4
_15774_,tier1,generated_control,infrastructure,4
_15775_,tier1,generated_datapath,infrastructure,5
_15776_,tier1,generated_control,infrastructure,5
_15777_,tier1,generated_datapath,infrastructure,5
_15778_,tier1,generated_datapath,infrastructure,4
_15779_,tier1,generated_control,infrastructure,4
_15780_,tier1,generated_datapath,infrastructure,5
_15781_,tier1,generated_datapath,infrastructure,5
_15782_,tier1,generated_datapath,infrastructure,5
_15783_,tier1,generated_datapath,infrastructure,5
_15784_,tier1,generated_datapath,infrastructure,4
_15785_,tier1,generated_datapath,infrastructure,4
_15786_,tier0,generated_control,infrastructure,4
_15787_,tier0,generated_control,infrastructure,4
_15788_,tier0,generated_datapath,infrastructure,4
_15789_,tier0,generated_datapath,infrastructure,4
_15790_,tier1,generated_datapath,infrastructure,5
_15791_,tier1,generated_control,infrastructure,5
_15792_,tier1,generated_datapath,infrastructure,5
_15793_,tier1,unclassified,infrastructure,6
_15794_,tier1,generated_control,infrastructure,4
_15795_,tier1,generated_datapath,infrastructure,5
_15796_,tier1,generated_datapath,infrastructure,5
_15797_,tier1,generated_datapath,infrastructure,5
_15798_,tier1,generated_datapath,infrastructure,5
_15799_,tier1,generated_datapath,infrastructure,5
_15800_,tier1,generated_datapath,infrastructure,5
_15801_,tier1,generated_datapath,infrastructure,5
_15802_,tier1,generated_datapath,infrastructure,4
_15803_,tier0,clock_reset,control,3
_15804_,tier0,generated_datapath,infrastructure,4
_15805_,tier0,generated_datapath,infrastructure,5
_15806_,tier0,generated_control,infrastructure,4
_15807_,tier0,generated_control,infrastructure,4
_15808_,tier0,generated_datapath,infrastructure,4
_15809_,tier1,generated_datapath,infrastructure,4
_15810_,tier1,generated_datapath,infrastructure,5
_15811_,tier0,generated_control,infrastructure,4
_15812_,tier1,generated_datapath,infrastructure,5
_15813_,tier0,generated_control,infrastructure,4
_15814_,tier0,generated_datapath,infrastructure,5
_15815_,tier0,unclassified,infrastructure,6
_15816_,tier0,clock_reset,control,3
_15817_,tier0,generated_control,infrastructure,6
_15818_,tier0,unclassified,infrastructure,6
_15819_,tier0,generated_datapath,infrastructure,6
_15820_,tier1,generated_control,infrastructure,4
_15821_,tier1,clock_reset,control,3
_15822_,tier1,generated_control,infrastructure,4
_15823_,tier1,generated_control,infrastructure,4
_15824_,tier1,generated_datapath,infrastructure,4
_15825_,tier1,generated_datapath,infrastructure,5
_15826_,tier1,generated_datapath,infrastructure,4
_15827_,tier0,clock_reset,control,3
_15828_,tier1,generated_datapath,infrastructure,4
_15829_,tier1,generated_datapath,infrastructure,5
_15830_,tier1,generated_datapath,infrastructure,4
_15831_,tier1,generated_datapath,infrastructure,5
_15832_,tier1,generated_datapath,infrastructure,5
_15833_,tier0,generated_control,infrastructure,4
_15834_,tier0,generated_control,infrastructure,4
_15835_,tier0,generated_datapath,infrastructure,4
_15836_,tier0,generated_datapath,infrastructure,4
_15837_,tier0,generated_datapath,infrastructure,5
_15838_,tier0,generated_control,infrastructure,4
_15839_,tier0,generated_control,infrastructure,4
_15840_,tier0,generated_datapath,infrastructure,4
_15841_,tier1,generated_datapath,infrastructure,4
_15842_,tier1,generated_datapath,infrastructure,5
_15843_,tier0,generated_datapath,infrastructure,5
_15844_,tier0,generated_control,infrastructure,4
_15845_,tier0,generated_control,infrastructure,4
_15846_,tier0,generated_datapath,infrastructure,4
_15847_,tier0,generated_datapath,infrastructure,4
_15848_,tier1,generated_datapath,infrastructure,5
_15849_,tier1,generated_control,infrastructure,4
_15850_,tier0,generated_datapath,infrastructure,5
_15851_,tier1,generated_control,infrastructure,4
_15852_,tier1,generated_control,infrastructure,4
_15853_,tier1,generated_datapath,infrastructure,5
_15854_,tier1,generated_datapath,infrastructure,5
_15855_,tier1,generated_control,infrastructure,4
_15856_,tier1,generated_datapath,infrastructure,4
_15857_,tier1,generated_control,infrastructure,4
_15858_,tier0,generated_datapath,infrastructure,5
_15859_,tier1,generated_datapath,infrastructure,4
_15860_,tier1,generated_control,infrastructure,6
_15861_,tier0,generated_control,infrastructure,6
_15862_,tier1,generated_datapath,infrastructure,4
_15863_,tier1,generated_datapath,infrastructure,5
_15864_,tier1,generated_control,infrastructure,4
_15865_,tier1,generated_datapath,infrastructure,4
_15866_,tier1,generated_datapath,infrastructure,5
_15867_,tier0,generated_datapath,infrastructure,5
_15868_,tier1,generated_datapath,infrastructure,5
_15869_,tier1,generated_datapath,infrastructure,5
_15870_,tier1,generated_datapath,infrastructure,5
_15871_,tier1,generated_datapath,infrastructure,4
_15872_,tier1,generated_datapath,infrastructure,4
_15873_,tier1,generated_datapath,infrastructure,5
_15874_,tier1,generated_datapath,infrastructure,5
_15875_,tier0,generated_datapath,infrastructure,4
_15876_,tier1,generated_datapath,infrastructure,4
_15877_,tier1,generated_control,infrastructure,5
_15878_,tier1,generated_datapath,infrastructure,6
_15879_,tier1,generated_datapath,infrastructure,6
_15880_,tier1,generated_datapath,infrastructure,5
_15881_,tier1,generated_datapath,infrastructure,5
_15882_,tier1,generated_datapath,infrastructure,5
_15883_,tier1,generated_datapath,infrastructure,4
_15884_,tier1,generated_control,infrastructure,5
_15885_,tier1,generated_datapath,infrastructure,4
_15886_,tier1,generated_datapath,infrastructure,5
_15887_,tier1,generated_datapath,infrastructure,5
_15888_,tier1,generated_datapath,infrastructure,5
_15889_,tier1,generated_datapath,infrastructure,4
_15890_,tier0,clock_reset,control,3
_15891_,tier1,generated_datapath,infrastructure,4
_15892_,tier0,generated_datapath,infrastructure,4
_15893_,tier1,generated_datapath,infrastructure,4
_15894_,tier0,clock_reset,control,3
_15895_,tier1,generated_datapath,infrastructure,5
_15896_,tier0,generated_datapath,infrastructure,5
_15897_,tier1,generated_control,infrastructure,4
_15898_,tier1,generated_control,infrastructure,4
_15899_,tier1,generated_control,infrastructure,4
_15900_,tier1,generated_datapath,infrastructure,5
_15901_,tier1,generated_datapath,infrastructure,5
_15902_,tier1,generated_datapath,infrastructure,5
_15903_,tier1,generated_datapath,infrastructure,5
_15904_,tier1,generated_datapath,infrastructure,6
_15905_,tier1,generated_datapath,infrastructure,4
_15906_,tier1,generated_datapath,infrastructure,4
_15907_,tier1,generated_datapath,infrastructure,4
_15908_,tier1,generated_datapath,infrastructure,4
_15909_,tier1,generated_datapath,infrastructure,5
_15910_,tier1,generated_datapath,infrastructure,5
_15911_,tier1,generated_control,infrastructure,4
_15912_,tier1,generated_control,infrastructure,4
_15913_,tier1,generated_control,infrastructure,4
_15914_,tier0,clock_reset,control,3
_15915_,tier1,generated_datapath,infrastructure,4
_15916_,tier1,generated_datapath,infrastructure,5
_15917_,tier0,generated_control,infrastructure,4
_15918_,tier0,generated_control,infrastructure,4
_15919_,tier0,generated_datapath,infrastructure,4
_15920_,tier1,generated_datapath,infrastructure,4
_15921_,tier0,generated_datapath,infrastructure,5
_15922_,tier1,generated_datapath,infrastructure,5
_15923_,tier1,generated_datapath,infrastructure,4
_15924_,tier0,clock_reset,control,3
_15925_,tier1,generated_datapath,infrastructure,4
_15926_,tier0,generated_control,infrastructure,4
_15927_,tier0,generated_control,infrastructure,4
_15928_,tier1,generated_datapath,infrastructure,5
_15929_,tier1,generated_datapath,infrastructure,5
_15930_,tier1,generated_datapath,infrastructure,5
_15931_,tier1,generated_datapath,infrastructure,5
_15932_,tier1,generated_datapath,infrastructure,4
_15933_,tier1,generated_datapath,infrastructure,4
_15934_,tier1,generated_datapath,infrastructure,5
_15935_,tier1,generated_datapath,infrastructure,5
_15936_,tier0,generated_datapath,infrastructure,4
_15937_,tier0,generated_datapath,infrastructure,4
_15938_,tier1,generated_datapath,infrastructure,5
_15939_,tier1,generated_datapath,infrastructure,5
_15940_,tier1,generated_control,infrastructure,5
_15941_,tier1,generated_datapath,infrastructure,5
_15942_,tier1,generated_datapath,infrastructure,5
_15943_,tier1,generated_datapath,infrastructure,5
_15944_,tier1,generated_datapath,infrastructure,5
_15945_,tier1,generated_datapath,infrastructure,5
_15946_,tier0,clock_reset,control,3
_15947_,tier1,generated_datapath,infrastructure,5
_15948_,tier1,generated_datapath,infrastructure,5
_15949_,tier0,generated_control,infrastructure,4
_15950_,tier0,generated_control,infrastructure,4
_15951_,tier1,generated_control,infrastructure,4
_15952_,tier1,generated_datapath,infrastructure,4
_15953_,tier1,generated_datapath,infrastructure,5
_15954_,tier1,generated_control,infrastructure,4
_15955_,tier1,generated_datapath,infrastructure,4
_15956_,tier1,generated_control,infrastructure,4
_15957_,tier0,clock_reset,control,3
_15958_,tier1,generated_datapath,infrastructure,4
_15959_,tier1,generated_datapath,infrastructure,5
_15960_,tier1,generated_datapath,infrastructure,5
_15961_,tier1,generated_datapath,infrastructure,5
_15962_,tier1,generated_datapath,infrastructure,6
_15963_,tier1,generated_datapath,infrastructure,4
_15964_,tier1,generated_datapath,infrastructure,4
_15965_,tier1,generated_datapath,infrastructure,4
_15966_,tier0,clock_reset,control,3
_15967_,tier1,generated_datapath,infrastructure,4
_15968_,tier1,generated_datapath,infrastructure,5
_15969_,tier0,generated_control,infrastructure,4
_15970_,tier0,generated_control,infrastructure,4
_15971_,tier0,generated_datapath,infrastructure,5
_15972_,tier0,generated_control,infrastructure,4
_15973_,tier0,generated_control,infrastructure,4
_15974_,tier0,generated_datapath,infrastructure,4
_15975_,tier0,clock_reset,control,3
_15976_,tier0,generated_datapath,infrastructure,4
_15977_,tier0,generated_control,infrastructure,4
_15978_,tier0,generated_control,infrastructure,4
_15979_,tier0,generated_datapath,infrastructure,4
_15980_,tier1,generated_datapath,infrastructure,4
_15981_,tier0,clock_reset,control,3
_15982_,tier1,generated_datapath,infrastructure,5
_15983_,tier1,generated_datapath,infrastructure,5
_15984_,tier1,generated_datapath,infrastructure,5
_15985_,tier1,generated_datapath,infrastructure,5
_15986_,tier1,generated_control,infrastructure,4
_15987_,tier1,generated_control,infrastructure,4
_15988_,tier1,generated_control,infrastructure,4
_15989_,tier1,generated_control,infrastructure,4
_15990_,tier1,generated_datapath,infrastructure,4
_15991_,tier1,generated_datapath,infrastructure,5
_15992_,tier1,generated_datapath,infrastructure,4
_15993_,tier1,generated_datapath,infrastructure,5
_15994_,tier1,generated_datapath,infrastructure,4
_15995_,tier1,generated_datapath,infrastructure,4
_15996_,tier1,generated_datapath,infrastructure,5
_15997_,tier1,generated_control,infrastructure,4
_15998_,tier1,generated_datapath,infrastructure,4
_15999_,tier1,generated_datapath,infrastructure,4
_16000_,tier1,generated_datapath,infrastructure,4
_16001_,tier1,generated_datapath,infrastructure,5
_16002_,tier1,generated_datapath,infrastructure,5
_16003_,tier1,generated_datapath,infrastructure,5
_16004_,tier1,generated_datapath,infrastructure,4
_16005_,tier1,generated_datapath,infrastructure,4
_16006_,tier0,generated_datapath,infrastructure,5
_16007_,tier1,generated_datapath,infrastructure,5
_16008_,tier1,unclassified,infrastructure,7
_16009_,tier1,generated_datapath,infrastructure,5
_16010_,tier1,generated_control,infrastructure,4
_16011_,tier1,generated_control,infrastructure,4
_16012_,tier1,generated_datapath,infrastructure,5
_16013_,tier1,generated_control,infrastructure,5
_16014_,tier1,generated_control,infrastructure,4
_16015_,tier1,generated_datapath,infrastructure,5
_16016_,tier1,generated_datapath,infrastructure,5
_16017_,tier1,generated_datapath,infrastructure,5
_16018_,tier1,generated_control,infrastructure,4
_16019_,tier1,generated_datapath,infrastructure,4
_16020_,tier1,generated_datapath,infrastructure,4
_16021_,tier1,generated_datapath,infrastructure,4
_16022_,tier1,generated_datapath,infrastructure,6
_16023_,tier1,generated_control,infrastructure,5
_16024_,tier1,generated_control,infrastructure,4
_16025_,tier1,generated_datapath,infrastructure,5
_16026_,tier1,generated_datapath,infrastructure,5
_16027_,tier1,generated_datapath,infrastructure,5
_16028_,tier1,generated_datapath,infrastructure,5
_16029_,tier1,generated_datapath,infrastructure,5
_16030_,tier1,generated_control,infrastructure,5
_16031_,tier1,generated_datapath,infrastructure,5
_16032_,tier0,clock_reset,control,3
_16033_,tier1,generated_datapath,infrastructure,5
_16034_,tier1,generated_datapath,infrastructure,5
_16035_,tier1,generated_datapath,infrastructure,5
_16036_,tier1,generated_datapath,infrastructure,5
_16037_,tier1,generated_datapath,infrastructure,5
_16038_,tier1,generated_datapath,infrastructure,5
_16039_,tier1,generated_datapath,infrastructure,5
_16040_,tier1,generated_datapath,infrastructure,5
_16041_,tier1,generated_datapath,infrastructure,5
_16042_,tier1,generated_datapath,infrastructure,5
_16043_,tier0,clock_reset,control,3
_16044_,tier1,generated_datapath,infrastructure,5
_16045_,tier1,generated_datapath,infrastructure,5
_16046_,tier1,generated_datapath,infrastructure,5
_16047_,tier1,generated_datapath,infrastructure,5
_16048_,tier1,generated_control,infrastructure,4
_16049_,tier1,generated_control,infrastructure,4
_16050_,tier1,generated_control,infrastructure,4
_16051_,tier1,generated_datapath,infrastructure,4
_16052_,tier1,generated_datapath,infrastructure,5
_16053_,tier1,generated_datapath,infrastructure,5
_16054_,tier1,generated_datapath,infrastructure,5
_16055_,tier1,generated_datapath,infrastructure,6
_16056_,tier1,generated_datapath,infrastructure,4
_16057_,tier1,generated_datapath,infrastructure,4
_16058_,tier1,generated_datapath,infrastructure,5
_16059_,tier1,generated_control,infrastructure,4
_16060_,tier1,generated_datapath,infrastructure,6
_16061_,tier1,generated_control,infrastructure,5
_16062_,tier1,generated_control,infrastructure,5
_16063_,tier1,generated_datapath,infrastructure,5
_16064_,tier1,generated_datapath,infrastructure,5
_16065_,tier1,generated_control,infrastructure,5
_16066_,tier1,generated_datapath,infrastructure,5
_16067_,tier1,generated_control,infrastructure,5
_16068_,tier1,generated_control,infrastructure,5
_16069_,tier1,generated_datapath,infrastructure,5
_16070_,tier1,generated_datapath,infrastructure,5
_16071_,tier0,generated_control,infrastructure,4
_16072_,tier0,generated_control,infrastructure,4
_16073_,tier0,generated_datapath,infrastructure,5
_16074_,tier1,generated_datapath,infrastructure,4
_16075_,tier1,generated_datapath,infrastructure,4
_16076_,tier1,generated_datapath,infrastructure,5
_16077_,tier0,generated_control,infrastructure,4
_16078_,tier0,generated_control,infrastructure,4
_16079_,tier0,generated_datapath,infrastructure,4
_16080_,tier1,generated_datapath,infrastructure,4
_16081_,tier0,generated_datapath,infrastructure,5
_16082_,tier1,generated_datapath,infrastructure,5
_16083_,tier1,generated_datapath,infrastructure,4
_16084_,tier1,generated_datapath,infrastructure,4
_16085_,tier1,generated_datapath,infrastructure,5
_16086_,tier1,generated_datapath,infrastructure,5
_16087_,tier1,generated_datapath,infrastructure,5
_16088_,tier1,generated_control,infrastructure,5
_16089_,tier1,generated_datapath,infrastructure,5
_16090_,tier1,generated_datapath,infrastructure,5
_16091_,tier1,generated_datapath,infrastructure,5
_16092_,tier1,generated_datapath,infrastructure,5
_16093_,tier1,generated_datapath,infrastructure,5
_16094_,tier1,generated_datapath,infrastructure,5
_16095_,tier1,generated_datapath,infrastructure,4
_16096_,tier1,generated_datapath,infrastructure,4
_16097_,tier1,generated_datapath,infrastructure,5
_16098_,tier1,generated_datapath,infrastructure,5
_16099_,tier1,generated_datapath,infrastructure,5
_16100_,tier1,generated_datapath,infrastructure,5
_16101_,tier1,generated_datapath,infrastructure,5
_16102_,tier1,generated_datapath,infrastructure,5
_16103_,tier1,generated_datapath,infrastructure,5
_16104_,tier1,generated_datapath,infrastructure,5
_16105_,tier0,generated_control,infrastructure,4
_16106_,tier0,generated_control,infrastructure,4
_16107_,tier0,generated_control,infrastructure,4
_16108_,tier1,generated_datapath,infrastructure,4
_16109_,tier1,generated_datapath,infrastructure,5
_16110_,tier1,generated_control,infrastructure,4
_16111_,tier1,generated_datapath,infrastructure,6
_16112_,tier1,generated_control,infrastructure,4
_16113_,tier1,generated_control,infrastructure,4
_16114_,tier1,generated_datapath,infrastructure,4
_16115_,tier1,generated_datapath,infrastructure,4
_16116_,tier1,generated_datapath,infrastructure,5
_16117_,tier1,generated_datapath,infrastructure,5
_16118_,tier1,generated_datapath,infrastructure,5
_16119_,tier1,generated_control,infrastructure,4
_16120_,tier1,generated_control,infrastructure,4
_16121_,tier1,generated_datapath,infrastructure,5
_16122_,tier1,generated_datapath,infrastructure,4
_16123_,tier1,generated_datapath,infrastructure,4
_16124_,tier1,generated_datapath,infrastructure,4
_16125_,tier1,generated_datapath,infrastructure,4
_16126_,tier1,generated_datapath,infrastructure,5
_16127_,tier1,generated_datapath,infrastructure,5
_16128_,tier1,generated_datapath,infrastructure,5
_16129_,tier1,generated_datapath,infrastructure,5
_16130_,tier1,generated_datapath,infrastructure,4
_16131_,tier1,generated_datapath,infrastructure,5
_16132_,tier1,generated_control,infrastructure,4
_16133_,tier1,generated_datapath,infrastructure,7
_16134_,tier1,generated_control,infrastructure,5
_16135_,tier1,generated_datapath,infrastructure,6
_16136_,tier1,generated_datapath,infrastructure,5
_16137_,tier1,generated_control,infrastructure,5
_16138_,tier1,generated_control,infrastructure,5
_16139_,tier1,generated_datapath,infrastructure,5
_16140_,tier1,generated_control,infrastructure,4
_16141_,tier1,generated_control,infrastructure,4
_16142_,tier1,generated_datapath,infrastructure,5
_16143_,tier1,generated_datapath,infrastructure,5
_16144_,tier1,clock_reset,control,3
_16145_,tier1,generated_datapath,infrastructure,5
_16146_,tier1,generated_datapath,infrastructure,4
_16147_,tier1,generated_datapath,infrastructure,5
_16148_,tier0,generated_control,infrastructure,4
_16149_,tier0,generated_control,infrastructure,4
_16150_,tier0,generated_datapath,infrastructure,4
_16151_,tier1,generated_datapath,infrastructure,4
_16152_,tier1,generated_datapath,infrastructure,4
_16153_,tier1,generated_datapath,infrastructure,5
_16154_,tier1,generated_datapath,infrastructure,4
_16155_,tier1,generated_datapath,infrastructure,4
_16156_,tier0,generated_datapath,infrastructure,5
_16157_,tier1,generated_datapath,infrastructure,5
_16158_,tier1,generated_datapath,infrastructure,5
_16159_,tier1,generated_control,infrastructure,5
_16160_,tier1,generated_datapath,infrastructure,5
_16161_,tier1,generated_datapath,infrastructure,5
_16162_,tier1,generated_datapath,infrastructure,5
_16163_,tier1,generated_datapath,infrastructure,5
_16164_,tier1,generated_datapath,infrastructure,5
_16165_,tier1,generated_datapath,infrastructure,5
_16166_,tier1,generated_datapath,infrastructure,5
_16167_,tier1,generated_datapath,infrastructure,5
_16168_,tier1,generated_datapath,infrastructure,5
_16169_,tier1,generated_datapath,infrastructure,5
_16170_,tier1,generated_datapath,infrastructure,5
_16171_,tier1,generated_datapath,infrastructure,5
_16172_,tier1,generated_datapath,infrastructure,5
_16173_,tier1,generated_datapath,infrastructure,5
_16174_,tier1,generated_datapath,infrastructure,5
_16175_,tier1,generated_datapath,infrastructure,4
_16176_,tier1,generated_datapath,infrastructure,4
_16177_,tier0,generated_control,infrastructure,4
_16178_,tier0,generated_control,infrastructure,4
_16179_,tier1,generated_control,infrastructure,4
_16180_,tier1,generated_control,infrastructure,5
_16181_,tier1,generated_datapath,infrastructure,5
_16182_,tier1,generated_control,infrastructure,4
_16183_,tier1,generated_datapath,infrastructure,7
_16184_,tier1,generated_datapath,infrastructure,5
_16185_,tier1,generated_datapath,infrastructure,5
_16186_,tier1,generated_datapath,infrastructure,5
_16187_,tier1,generated_datapath,infrastructure,5
_16188_,tier1,generated_datapath,infrastructure,4
_16189_,tier1,generated_control,infrastructure,4
_16190_,tier1,generated_control,infrastructure,4
_16191_,tier1,generated_datapath,infrastructure,5
_16192_,tier1,generated_datapath,infrastructure,5
_16193_,tier0,generated_control,infrastructure,4
_16194_,tier0,generated_control,infrastructure,4
_16195_,tier0,generated_datapath,infrastructure,4
_16196_,tier1,generated_datapath,infrastructure,4
_16197_,tier1,generated_datapath,infrastructure,4
_16198_,tier1,generated_datapath,infrastructure,4
_16199_,tier1,generated_datapath,infrastructure,5
_16200_,tier0,generated_datapath,infrastructure,5
_16201_,tier1,unclassified,infrastructure,7
_16202_,tier1,generated_datapath,infrastructure,6
_16203_,tier1,generated_datapath,infrastructure,4
_16204_,tier0,generated_datapath,infrastructure,5
_16205_,tier0,generated_datapath,infrastructure,5
_16206_,tier1,generated_datapath,infrastructure,4
_16207_,tier1,generated_control,infrastructure,4
_16208_,tier1,generated_control,infrastructure,4
_16209_,tier1,generated_control,infrastructure,4
_16210_,tier1,generated_datapath,infrastructure,5
_16211_,tier1,generated_control,infrastructure,4
_16212_,tier1,generated_datapath,infrastructure,7
_16213_,tier1,generated_control,infrastructure,5
_16214_,tier1,generated_control,infrastructure,5
_16215_,tier1,generated_datapath,infrastructure,5
_16216_,tier1,generated_datapath,infrastructure,5
_16217_,tier1,unclassified,infrastructure,6
_16218_,tier1,generated_control,infrastructure,4
_16219_,tier1,generated_datapath,infrastructure,4
_16220_,tier1,generated_datapath,infrastructure,5
_16221_,tier1,generated_datapath,infrastructure,4
_16222_,tier1,generated_datapath,infrastructure,4
_16223_,tier1,generated_control,infrastructure,4
_16224_,tier1,unclassified,infrastructure,6
_16225_,tier1,generated_datapath,infrastructure,5
_16226_,tier1,generated_datapath,infrastructure,5
_16227_,tier1,generated_datapath,infrastructure,5
_16228_,tier1,generated_datapath,infrastructure,6
_16229_,tier1,generated_datapath,infrastructure,5
_16230_,tier1,generated_datapath,infrastructure,7
_16231_,tier1,generated_datapath,infrastructure,4
_16232_,tier1,generated_datapath,infrastructure,4
_16233_,tier1,generated_datapath,infrastructure,5
_16234_,tier1,generated_datapath,infrastructure,5
_16235_,tier1,generated_datapath,infrastructure,5
_16236_,tier1,generated_datapath,infrastructure,7
_16237_,tier1,generated_datapath,infrastructure,5
_16238_,tier1,generated_datapath,infrastructure,4
_16239_,tier1,generated_datapath,infrastructure,4
_16240_,tier1,generated_control,infrastructure,5
_16241_,tier1,generated_datapath,infrastructure,5
_16242_,tier1,unclassified,infrastructure,7
_16243_,tier1,generated_control,infrastructure,5
_16244_,tier1,generated_datapath,infrastructure,5
_16245_,tier1,generated_datapath,infrastructure,5
_16246_,tier1,generated_control,infrastructure,4
_16247_,tier1,generated_datapath,infrastructure,6
_16248_,tier1,generated_datapath,infrastructure,5
_16249_,tier1,generated_datapath,infrastructure,4
_16250_,tier0,clock_reset,control,3
_16251_,tier1,generated_datapath,infrastructure,5
_16252_,tier1,generated_control,infrastructure,4
_16253_,tier1,generated_control,infrastructure,5
_16254_,tier1,generated_datapath,infrastructure,5
_16255_,tier1,generated_control,infrastructure,5
_16256_,tier1,generated_control,infrastructure,4
_16257_,tier1,generated_datapath,infrastructure,6
_16258_,tier1,generated_datapath,infrastructure,6
_16259_,tier1,unclassified,infrastructure,7
_16260_,tier1,generated_datapath,infrastructure,4
_16261_,tier1,generated_datapath,infrastructure,6
_16262_,tier1,generated_datapath,infrastructure,5
_16263_,tier1,generated_datapath,infrastructure,5
_16264_,tier1,generated_datapath,infrastructure,7
_16265_,tier1,generated_control,infrastructure,5
_16266_,tier1,generated_datapath,infrastructure,5
_16267_,tier1,generated_control,infrastructure,6
_16268_,tier1,generated_datapath,infrastructure,6
_16269_,tier1,generated_control,infrastructure,6
_16270_,tier1,generated_datapath,infrastructure,5
_16271_,tier1,generated_datapath,infrastructure,5
_16272_,tier1,generated_datapath,infrastructure,4
_16273_,tier1,generated_datapath,infrastructure,4
_16274_,tier1,generated_datapath,infrastructure,5
_16275_,tier1,generated_datapath,infrastructure,5
_16276_,tier1,generated_control,infrastructure,5
_16277_,tier1,generated_datapath,infrastructure,5
_16278_,tier0,generated_datapath,infrastructure,5
_16279_,tier0,clock_reset,control,3
_16280_,tier1,generated_datapath,infrastructure,5
_16281_,tier1,generated_datapath,infrastructure,5
_16282_,tier1,generated_datapath,infrastructure,5
_16283_,tier1,generated_datapath,infrastructure,5
_16284_,tier0,generated_datapath,infrastructure,5
_16285_,tier0,generated_datapath,infrastructure,5
_16286_,tier0,clock_reset,control,3
_16287_,tier1,generated_datapath,infrastructure,5
_16288_,tier1,generated_datapath,infrastructure,5
_16289_,tier1,generated_datapath,infrastructure,5
_16290_,tier1,generated_datapath,infrastructure,5
_16291_,tier1,generated_datapath,infrastructure,5
_16292_,tier1,generated_datapath,infrastructure,5
_16293_,tier1,generated_datapath,infrastructure,5
_16294_,tier0,generated_datapath,infrastructure,5
_16295_,tier1,generated_datapath,infrastructure,5
_16296_,tier0,generated_control,infrastructure,4
_16297_,tier0,generated_control,infrastructure,4
_16298_,tier1,generated_control,infrastructure,4
_16299_,tier1,generated_datapath,infrastructure,4
_16300_,tier1,generated_datapath,infrastructure,4
_16301_,tier1,generated_datapath,infrastructure,4
_16302_,tier1,generated_datapath,infrastructure,5
_16303_,tier1,generated_datapath,infrastructure,5
_16304_,tier1,generated_datapath,infrastructure,4
_16305_,tier1,generated_datapath,infrastructure,4
_16306_,tier1,generated_datapath,infrastructure,5
_16307_,tier1,generated_datapath,infrastructure,5
_16308_,tier1,generated_control,infrastructure,5
_16309_,tier1,generated_control,infrastructure,5
_16310_,tier1,generated_datapath,infrastructure,5
_16311_,tier1,generated_datapath,infrastructure,5
_16312_,tier1,generated_datapath,infrastructure,5
_16313_,tier1,generated_datapath,infrastructure,5
_16314_,tier1,generated_datapath,infrastructure,5
_16315_,tier1,generated_datapath,infrastructure,5
_16316_,tier1,generated_datapath,infrastructure,5
_16317_,tier0,generated_datapath,infrastructure,5
_16318_,tier1,generated_datapath,infrastructure,5
_16319_,tier1,generated_datapath,infrastructure,5
_16320_,tier1,generated_datapath,infrastructure,4
_16321_,tier1,generated_control,infrastructure,4
_16322_,tier1,generated_datapath,infrastructure,4
_16323_,tier1,generated_datapath,infrastructure,5
_16324_,tier1,generated_datapath,infrastructure,5
_16325_,tier0,generated_datapath,infrastructure,4
_16326_,tier1,generated_datapath,infrastructure,4
_16327_,tier1,generated_datapath,infrastructure,4
_16328_,tier1,generated_datapath,infrastructure,4
_16329_,tier0,generated_datapath,infrastructure,5
_16330_,tier1,generated_datapath,infrastructure,5
_16331_,tier1,generated_datapath,infrastructure,4
_16332_,tier1,generated_datapath,infrastructure,4
_16333_,tier1,generated_datapath,infrastructure,5
_16334_,tier1,generated_control,infrastructure,5
_16335_,tier0,generated_control,infrastructure,5
_16336_,tier1,generated_datapath,infrastructure,4
_16337_,tier1,generated_control,infrastructure,5
_16338_,tier1,generated_datapath,infrastructure,4
_16339_,tier1,generated_datapath,infrastructure,4
_16340_,tier1,generated_datapath,infrastructure,5
_16341_,tier1,generated_control,infrastructure,5
_16342_,tier1,generated_datapath,infrastructure,5
_16343_,tier1,generated_datapath,infrastructure,5
_16344_,tier1,generated_control,infrastructure,4
_16345_,tier1,generated_control,infrastructure,5
_16346_,tier1,generated_datapath,infrastructure,6
_16347_,tier1,generated_control,infrastructure,5
_16348_,tier1,generated_control,infrastructure,5
_16349_,tier1,unclassified,infrastructure,6
_16350_,tier1,generated_datapath,infrastructure,5
_16351_,tier1,generated_datapath,infrastructure,4
_16352_,tier0,clock_reset,control,3
_16353_,tier1,generated_datapath,infrastructure,4
_16354_,tier1,generated_control,infrastructure,4
_16355_,tier1,generated_control,infrastructure,4
_16356_,tier1,generated_control,infrastructure,5
_16357_,tier1,generated_datapath,infrastructure,5
_16358_,tier1,generated_datapath,infrastructure,6
_16359_,tier0,clock_reset,control,3
_16360_,tier1,generated_datapath,infrastructure,5
_16361_,tier1,generated_control,infrastructure,5
_16362_,tier1,generated_control,infrastructure,5
_16363_,tier1,generated_datapath,infrastructure,5
_16364_,tier1,generated_datapath,infrastructure,5
_16365_,tier1,unclassified,infrastructure,6
_16366_,tier1,generated_control,infrastructure,4
_16367_,tier1,generated_control,infrastructure,5
_16368_,tier1,generated_control,infrastructure,5
_16369_,tier1,generated_datapath,infrastructure,5
_16370_,tier1,generated_control,infrastructure,5
_16371_,tier1,generated_datapath,infrastructure,5
_16372_,tier0,clock_reset,control,3
_16373_,tier1,generated_datapath,infrastructure,5
_16374_,tier1,generated_datapath,infrastructure,5
_16375_,tier1,generated_datapath,infrastructure,5
_16376_,tier1,generated_control,infrastructure,5
_16377_,tier1,generated_datapath,infrastructure,5
_16378_,tier1,unclassified,infrastructure,7
_16379_,tier1,generated_datapath,infrastructure,5
_16380_,tier1,generated_datapath,infrastructure,5
_16381_,tier0,clock_reset,control,3
_16382_,tier0,clock_reset,control,3
_16383_,tier1,generated_datapath,infrastructure,4
_16384_,tier0,clock_reset,control,3
_16385_,tier1,generated_datapath,infrastructure,5
_16386_,tier1,generated_datapath,infrastructure,4
_16387_,tier1,generated_datapath,infrastructure,4
_16388_,tier1,generated_datapath,infrastructure,4
_16389_,tier0,generated_datapath,infrastructure,5
_16390_,tier1,generated_datapath,infrastructure,5
_16391_,tier1,generated_datapath,infrastructure,4
_16392_,tier1,generated_datapath,infrastructure,4
_16393_,tier1,generated_datapath,infrastructure,4
_16394_,tier1,generated_datapath,infrastructure,4
_16395_,tier0,generated_datapath,infrastructure,5
_16396_,tier1,generated_control,infrastructure,4
_16397_,tier1,generated_control,infrastructure,5
_16398_,tier1,generated_datapath,infrastructure,6
_16399_,tier1,generated_control,infrastructure,4
_16400_,tier1,generated_control,infrastructure,5
_16401_,tier1,generated_datapath,infrastructure,5
_16402_,tier1,generated_control,infrastructure,4
_16403_,tier1,unclassified,infrastructure,7
_16404_,tier1,generated_datapath,infrastructure,5
_16405_,tier1,generated_control,infrastructure,4
_16406_,tier1,generated_datapath,infrastructure,5
_16407_,tier1,generated_control,infrastructure,5
_16408_,tier1,generated_datapath,infrastructure,5
_16409_,tier1,generated_datapath,infrastructure,5
_16410_,tier1,generated_control,infrastructure,4
_16411_,tier1,generated_control,infrastructure,5
_16412_,tier1,generated_datapath,infrastructure,6
_16413_,tier1,generated_control,infrastructure,5
_16414_,tier1,generated_datapath,infrastructure,5
_16415_,tier1,generated_control,infrastructure,5
_16416_,tier1,generated_datapath,infrastructure,4
_16417_,tier1,unclassified,infrastructure,6
_16418_,tier1,generated_control,infrastructure,6
_16419_,tier1,generated_datapath,infrastructure,5
_16420_,tier1,generated_datapath,infrastructure,5
_16421_,tier1,generated_datapath,infrastructure,5
_16422_,tier1,generated_datapath,infrastructure,4
_16423_,tier1,generated_datapath,infrastructure,4
_16424_,tier1,generated_datapath,infrastructure,4
_16425_,tier0,clock_reset,control,3
_16426_,tier1,generated_datapath,infrastructure,5
_16427_,tier1,generated_datapath,infrastructure,5
_16428_,tier1,generated_datapath,infrastructure,5
_16429_,tier1,generated_datapath,infrastructure,5
_16430_,tier1,generated_control,infrastructure,5
_16431_,tier1,generated_datapath,infrastructure,5
_16432_,tier1,generated_datapath,infrastructure,5
_16433_,tier1,generated_datapath,infrastructure,5
_16434_,tier1,generated_datapath,infrastructure,5
_16435_,tier1,generated_datapath,infrastructure,5
_16436_,tier1,generated_datapath,infrastructure,5
_16437_,tier1,generated_control,infrastructure,4
_16438_,tier1,generated_control,infrastructure,4
_16439_,tier1,generated_datapath,infrastructure,5
_16440_,tier1,generated_datapath,infrastructure,5
_16441_,tier1,generated_datapath,infrastructure,5
_16442_,tier0,generated_datapath,infrastructure,6
_16443_,tier0,generated_datapath,infrastructure,6
_16444_,tier1,generated_datapath,infrastructure,5
_16445_,tier1,generated_datapath,infrastructure,4
_16446_,tier1,generated_datapath,infrastructure,5
_16447_,tier1,generated_datapath,infrastructure,5
_16448_,tier1,generated_datapath,infrastructure,5
_16449_,tier1,generated_datapath,infrastructure,5
_16450_,tier0,generated_control,infrastructure,4
_16451_,tier0,generated_control,infrastructure,4
_16452_,tier1,generated_datapath,infrastructure,5
_16453_,tier1,generated_datapath,infrastructure,4
_16454_,tier1,generated_datapath,infrastructure,4
_16455_,tier1,generated_datapath,infrastructure,4
_16456_,tier1,generated_datapath,infrastructure,4
_16457_,tier1,generated_datapath,infrastructure,4
_16458_,tier1,generated_datapath,infrastructure,4
_16459_,tier1,generated_datapath,infrastructure,5
_16460_,tier1,generated_datapath,infrastructure,4
_16461_,tier1,generated_datapath,infrastructure,4
_16462_,tier1,generated_datapath,infrastructure,4
_16463_,tier1,generated_datapath,infrastructure,4
_16464_,tier1,generated_datapath,infrastructure,4
_16465_,tier1,generated_datapath,infrastructure,5
_16466_,tier1,generated_datapath,infrastructure,5
_16467_,tier1,generated_control,infrastructure,4
_16468_,tier0,generated_datapath,infrastructure,5
_16469_,tier1,generated_control,infrastructure,4
_16470_,tier1,generated_control,infrastructure,4
_16471_,tier1,generated_control,infrastructure,4
_16472_,tier1,generated_datapath,infrastructure,6
_16473_,tier1,generated_control,infrastructure,4
_16474_,tier1,generated_control,infrastructure,4
_16475_,tier1,generated_datapath,infrastructure,5
_16476_,tier1,generated_datapath,infrastructure,5
_16477_,tier1,unclassified,infrastructure,7
_16478_,tier1,generated_datapath,infrastructure,5
_16479_,tier1,unclassified,infrastructure,7
_16480_,tier1,generated_control,infrastructure,4
_16481_,tier1,generated_datapath,infrastructure,5
_16482_,tier1,generated_datapath,infrastructure,5
_16483_,tier1,generated_datapath,infrastructure,5
_16484_,tier1,generated_control,infrastructure,4
_16485_,tier1,generated_control,infrastructure,5
_16486_,tier1,generated_datapath,infrastructure,5
_16487_,tier1,generated_control,infrastructure,5
_16488_,tier1,generated_datapath,infrastructure,5
_16489_,tier1,generated_control,infrastructure,5
_16490_,tier1,generated_datapath,infrastructure,4
_16491_,tier1,generated_datapath,infrastructure,5
_16492_,tier1,generated_datapath,infrastructure,4
_16493_,tier1,generated_datapath,infrastructure,4
_16494_,tier0,clock_reset,control,3
_16495_,tier1,generated_datapath,infrastructure,5
_16496_,tier0,clock_reset,control,3
_16497_,tier1,generated_datapath,infrastructure,5
_16498_,tier1,generated_datapath,infrastructure,5
_16499_,tier1,generated_datapath,infrastructure,5
_16500_,tier1,generated_datapath,infrastructure,4
_16501_,tier1,generated_control,infrastructure,5
_16502_,tier1,generated_datapath,infrastructure,4
_16503_,tier1,generated_datapath,infrastructure,5
_16504_,tier1,generated_datapath,infrastructure,5
_16505_,tier1,generated_datapath,infrastructure,5
_16506_,tier1,generated_datapath,infrastructure,5
_16507_,tier1,generated_datapath,infrastructure,5
_16508_,tier0,generated_control,infrastructure,4
_16509_,tier0,generated_control,infrastructure,4
_16510_,tier0,generated_datapath,infrastructure,4
_16511_,tier1,generated_datapath,infrastructure,4
_16512_,tier1,generated_datapath,infrastructure,5
_16513_,tier1,generated_datapath,infrastructure,5
_16514_,tier1,generated_control,infrastructure,4
_16515_,tier1,generated_datapath,infrastructure,5
_16516_,tier1,generated_datapath,infrastructure,6
_16517_,tier1,generated_datapath,infrastructure,7
_16518_,tier1,generated_datapath,infrastructure,4
_16519_,tier1,generated_datapath,infrastructure,5
_16520_,tier1,generated_control,infrastructure,4
_16521_,tier1,generated_control,infrastructure,4
_16522_,tier1,generated_datapath,infrastructure,5
_16523_,tier1,generated_datapath,infrastructure,4
_16524_,tier1,generated_datapath,infrastructure,4
_16525_,tier1,generated_datapath,infrastructure,4
_16526_,tier1,generated_datapath,infrastructure,4
_16527_,tier1,generated_datapath,infrastructure,4
_16528_,tier1,generated_datapath,infrastructure,4
_16529_,tier1,generated_datapath,infrastructure,5
_16530_,tier1,generated_datapath,infrastructure,4
_16531_,tier1,generated_datapath,infrastructure,4
_16532_,tier1,generated_datapath,infrastructure,4
_16533_,tier1,generated_datapath,infrastructure,4
_16534_,tier1,generated_datapath,infrastructure,5
_16535_,tier1,generated_datapath,infrastructure,4
_16536_,tier0,generated_datapath,infrastructure,5
_16537_,tier1,generated_datapath,infrastructure,4
_16538_,tier1,generated_datapath,infrastructure,5
_16539_,tier1,generated_datapath,infrastructure,5
_16540_,tier1,generated_control,infrastructure,4
_16541_,tier1,generated_datapath,infrastructure,5
_16542_,tier1,generated_datapath,infrastructure,6
_16543_,tier1,generated_control,infrastructure,5
_16544_,tier1,generated_control,infrastructure,4
_16545_,tier1,generated_control,infrastructure,4
_16546_,tier1,generated_control,infrastructure,4
_16547_,tier1,generated_control,infrastructure,5
_16548_,tier1,generated_datapath,infrastructure,4
_16549_,tier1,generated_control,infrastructure,5
_16550_,tier1,generated_control,infrastructure,4
_16551_,tier1,generated_control,infrastructure,5
_16552_,tier1,generated_control,infrastructure,4
_16553_,tier1,generated_control,infrastructure,4
_16554_,tier1,generated_datapath,infrastructure,5
_16555_,tier1,generated_control,infrastructure,4
_16556_,tier1,generated_control,infrastructure,4
_16557_,tier1,unclassified,infrastructure,6
_16558_,tier1,generated_datapath,infrastructure,5
_16559_,tier1,generated_datapath,infrastructure,7
_16560_,tier1,unclassified,infrastructure,6
_16561_,tier1,generated_datapath,infrastructure,5
_16562_,tier1,generated_datapath,infrastructure,4
_16563_,tier1,generated_datapath,infrastructure,4
_16564_,tier0,clock_reset,control,3
_16565_,tier0,generated_datapath,infrastructure,5
_16566_,tier0,generated_datapath,infrastructure,4
_16567_,tier1,generated_datapath,infrastructure,5
_16568_,tier1,generated_datapath,infrastructure,5
_16569_,tier1,generated_datapath,infrastructure,5
_16570_,tier0,generated_datapath,infrastructure,4
_16571_,tier1,generated_control,infrastructure,5
_16572_,tier1,generated_datapath,infrastructure,4
_16573_,tier1,generated_datapath,infrastructure,5
_16574_,tier0,clock_reset,control,3
_16575_,tier1,generated_datapath,infrastructure,5
_16576_,tier1,generated_datapath,infrastructure,5
_16577_,tier1,generated_control,infrastructure,4
_16578_,tier1,generated_datapath,infrastructure,5
_16579_,tier1,generated_datapath,infrastructure,4
_16580_,tier1,generated_datapath,infrastructure,4
_16581_,tier1,generated_datapath,infrastructure,5
_16582_,tier1,generated_datapath,infrastructure,5
_16583_,tier1,generated_datapath,infrastructure,4
_16584_,tier1,generated_datapath,infrastructure,4
_16585_,tier1,generated_datapath,infrastructure,4
_16586_,tier1,generated_datapath,infrastructure,4
_16587_,tier1,generated_control,infrastructure,4
_16588_,tier1,generated_control,infrastructure,4
_16589_,tier1,generated_datapath,infrastructure,5
_16590_,tier1,generated_datapath,infrastructure,5
_16591_,tier1,generated_control,infrastructure,5
_16592_,tier1,generated_datapath,infrastructure,5
_16593_,tier1,generated_control,infrastructure,6
_16594_,tier1,generated_control,infrastructure,6
_16595_,tier1,generated_datapath,infrastructure,4
_16596_,tier1,generated_datapath,infrastructure,5
_16597_,tier1,generated_datapath,infrastructure,5
_16598_,tier1,generated_datapath,infrastructure,4
_16599_,tier1,generated_datapath,infrastructure,4
_16600_,tier1,generated_datapath,infrastructure,4
_16601_,tier1,generated_datapath,infrastructure,4
_16602_,tier1,generated_datapath,infrastructure,5
_16603_,tier1,generated_control,infrastructure,5
_16604_,tier1,generated_control,infrastructure,5
_16605_,tier1,generated_datapath,infrastructure,5
_16606_,tier1,generated_control,infrastructure,4
_16607_,tier1,generated_control,infrastructure,4
_16608_,tier1,generated_datapath,infrastructure,5
_16609_,tier1,generated_datapath,infrastructure,7
_16610_,tier1,generated_datapath,infrastructure,5
_16611_,tier1,generated_datapath,infrastructure,4
_16612_,tier1,generated_control,infrastructure,5
_16613_,tier1,generated_control,infrastructure,4
_16614_,tier1,generated_control,infrastructure,5
_16615_,tier1,generated_datapath,infrastructure,5
_16616_,tier1,generated_control,infrastructure,4
_16617_,tier1,generated_datapath,infrastructure,6
_16618_,tier1,unclassified,infrastructure,6
_16619_,tier1,generated_datapath,infrastructure,5
_16620_,tier1,generated_control,infrastructure,5
_16621_,tier1,generated_datapath,infrastructure,6
_16622_,tier1,generated_datapath,infrastructure,5
_16623_,tier1,generated_datapath,infrastructure,5
_16624_,tier1,generated_datapath,infrastructure,4
_16625_,tier0,generated_datapath,infrastructure,5
_16626_,tier1,generated_control,infrastructure,4
_16627_,tier1,generated_control,infrastructure,4
_16628_,tier1,generated_control,infrastructure,5
_16629_,tier1,generated_datapath,infrastructure,5
_16630_,tier0,generated_control,infrastructure,4
_16631_,tier0,generated_control,infrastructure,4
_16632_,tier1,generated_datapath,infrastructure,5
_16633_,tier1,generated_control,infrastructure,4
_16634_,tier1,generated_datapath,infrastructure,4
_16635_,tier1,generated_control,infrastructure,4
_16636_,tier1,generated_datapath,infrastructure,4
_16637_,tier1,generated_datapath,infrastructure,5
_16638_,tier0,generated_datapath,infrastructure,5
_16639_,tier1,generated_datapath,infrastructure,5
_16640_,tier1,generated_datapath,infrastructure,4
_16641_,tier1,generated_datapath,infrastructure,5
_16642_,tier1,generated_datapath,infrastructure,5
_16643_,tier1,generated_datapath,infrastructure,5
_16644_,tier1,generated_datapath,infrastructure,5
_16645_,tier1,generated_datapath,infrastructure,5
_16646_,tier1,generated_control,infrastructure,6
_16647_,tier1,generated_control,infrastructure,6
_16648_,tier1,generated_datapath,infrastructure,5
_16649_,tier1,generated_datapath,infrastructure,5
_16650_,tier1,generated_datapath,infrastructure,4
_16651_,tier1,generated_datapath,infrastructure,4
_16652_,tier1,generated_control,infrastructure,4
_16653_,tier1,generated_control,infrastructure,5
_16654_,tier1,generated_datapath,infrastructure,6
_16655_,tier1,generated_control,infrastructure,4
_16656_,tier1,generated_datapath,infrastructure,5
_16657_,tier1,generated_datapath,infrastructure,5
_16658_,tier1,generated_datapath,infrastructure,6
_16659_,tier1,generated_datapath,infrastructure,5
_16660_,tier1,unclassified,infrastructure,7
_16661_,tier1,generated_control,infrastructure,4
_16662_,tier1,generated_datapath,infrastructure,5
_16663_,tier0,clock_reset,control,3
_16664_,tier1,generated_datapath,infrastructure,5
_16665_,tier1,generated_datapath,infrastructure,5
_16666_,tier1,generated_datapath,infrastructure,5
_16667_,tier1,generated_datapath,infrastructure,5
_16668_,tier1,generated_datapath,infrastructure,6
_16669_,tier1,generated_control,infrastructure,5
_16670_,tier1,generated_control,infrastructure,5
_16671_,tier1,generated_datapath,infrastructure,5
_16672_,tier1,generated_datapath,infrastructure,5
_16673_,tier1,generated_datapath,infrastructure,4
_16674_,tier0,clock_reset,control,3
_16675_,tier1,generated_datapath,infrastructure,5
_16676_,tier1,generated_datapath,infrastructure,4
_16677_,tier1,generated_datapath,infrastructure,4
_16678_,tier1,generated_datapath,infrastructure,4
_16679_,tier1,generated_datapath,infrastructure,4
_16680_,tier1,generated_datapath,infrastructure,5
_16681_,tier1,generated_datapath,infrastructure,4
_16682_,tier1,generated_datapath,infrastructure,4
_16683_,tier1,generated_datapath,infrastructure,4
_16684_,tier0,clock_reset,control,3
_16685_,tier1,generated_datapath,infrastructure,4
_16686_,tier1,generated_datapath,infrastructure,5
_16687_,tier1,generated_datapath,infrastructure,5
_16688_,tier1,generated_datapath,infrastructure,5
_16689_,tier1,generated_datapath,infrastructure,5
_16690_,tier1,generated_datapath,infrastructure,5
_16691_,tier1,generated_datapath,infrastructure,6
_16692_,tier1,generated_control,infrastructure,5
_16693_,tier1,generated_control,infrastructure,5
_16694_,tier1,generated_datapath,infrastructure,5
_16695_,tier1,generated_datapath,infrastructure,5
_16696_,tier1,generated_datapath,infrastructure,4
_16697_,tier1,generated_control,infrastructure,5
_16698_,tier1,generated_datapath,infrastructure,5
_16699_,tier1,generated_control,infrastructure,4
_16700_,tier1,generated_control,infrastructure,5
_16701_,tier1,generated_control,infrastructure,4
_16702_,tier1,generated_datapath,infrastructure,6
_16703_,tier1,unclassified,infrastructure,6
_16704_,tier1,generated_control,infrastructure,5
_16705_,tier1,generated_datapath,infrastructure,5
_16706_,tier1,generated_control,infrastructure,5
_16707_,tier1,generated_datapath,infrastructure,6
_16708_,tier1,generated_datapath,infrastructure,5
_16709_,tier1,generated_datapath,infrastructure,5
_16710_,tier1,generated_datapath,infrastructure,4
_16711_,tier1,generated_datapath,infrastructure,4
_16712_,tier1,generated_datapath,infrastructure,4
_16713_,tier1,generated_datapath,infrastructure,5
_16714_,tier1,generated_datapath,infrastructure,4
_16715_,tier1,generated_datapath,infrastructure,5
_16716_,tier1,generated_control,infrastructure,4
_16717_,tier1,generated_control,infrastructure,4
_16718_,tier1,generated_datapath,infrastructure,4
_16719_,tier1,generated_control,infrastructure,4
_16720_,tier1,generated_datapath,infrastructure,4
_16721_,tier1,generated_datapath,infrastructure,5
_16722_,tier1,generated_datapath,infrastructure,4
_16723_,tier1,generated_control,infrastructure,4
_16724_,tier0,clock_reset,control,3
_16725_,tier1,generated_control,infrastructure,4
_16726_,tier0,clock_reset,control,3
_16727_,tier1,generated_datapath,infrastructure,4
_16728_,tier1,generated_datapath,infrastructure,4
_16729_,tier1,generated_datapath,infrastructure,5
_16730_,tier1,generated_control,infrastructure,4
_16731_,tier1,generated_datapath,infrastructure,5
_16732_,tier1,generated_datapath,infrastructure,4
_16733_,tier1,generated_control,infrastructure,4
_16734_,tier1,clock_reset,control,3
_16735_,tier1,generated_datapath,infrastructure,5
_16736_,tier1,generated_datapath,infrastructure,4
_16737_,tier1,generated_datapath,infrastructure,4
_16738_,tier1,generated_datapath,infrastructure,5
_16739_,tier1,generated_datapath,infrastructure,5
_16740_,tier1,generated_datapath,infrastructure,5
_16741_,tier1,generated_datapath,infrastructure,4
_16742_,tier1,generated_datapath,infrastructure,5
_16743_,tier1,generated_datapath,infrastructure,5
_16744_,tier1,generated_datapath,infrastructure,4
_16745_,tier1,generated_datapath,infrastructure,4
_16746_,tier1,generated_datapath,infrastructure,4
_16747_,tier1,generated_datapath,infrastructure,5
_16748_,tier0,generated_datapath,infrastructure,4
_16749_,tier0,generated_datapath,infrastructure,4
_16750_,tier1,generated_datapath,infrastructure,4
_16751_,tier1,generated_datapath,infrastructure,4
_16752_,tier1,generated_datapath,infrastructure,5
_16753_,tier1,generated_control,infrastructure,4
_16754_,tier1,generated_control,infrastructure,4
_16755_,tier1,generated_control,infrastructure,4
_16756_,tier1,generated_control,infrastructure,4
_16757_,tier1,generated_control,infrastructure,4
_16758_,tier1,generated_control,infrastructure,4
_16759_,tier1,generated_control,infrastructure,5
_16760_,tier1,generated_datapath,infrastructure,5
_16761_,tier1,generated_control,infrastructure,4
_16762_,tier1,unclassified,infrastructure,6
_16763_,tier1,generated_datapath,infrastructure,5
_16764_,tier1,generated_datapath,infrastructure,5
_16765_,tier1,unclassified,infrastructure,7
_16766_,tier1,generated_datapath,infrastructure,5
_16767_,tier1,generated_datapath,infrastructure,5
_16768_,tier1,generated_datapath,infrastructure,5
_16769_,tier1,generated_control,infrastructure,4
_16770_,tier1,unclassified,infrastructure,6
_16771_,tier1,generated_datapath,infrastructure,4
_16772_,tier1,generated_datapath,infrastructure,5
_16773_,tier1,generated_datapath,infrastructure,4
_16774_,tier1,generated_datapath,infrastructure,4
_16775_,tier1,generated_control,infrastructure,4
_16776_,tier1,generated_control,infrastructure,4
_16777_,tier1,generated_datapath,infrastructure,4
_16778_,tier1,generated_control,infrastructure,4
_16779_,tier1,generated_datapath,infrastructure,4
_16780_,tier0,clock_reset,control,3
_16781_,tier1,generated_datapath,infrastructure,5
_16782_,tier1,generated_datapath,infrastructure,4
_16783_,tier1,generated_datapath,infrastructure,4
_16784_,tier0,generated_datapath,infrastructure,5
_16785_,tier1,generated_datapath,infrastructure,4
_16786_,tier1,generated_datapath,infrastructure,4
_16787_,tier1,generated_control,infrastructure,4
_16788_,tier1,generated_datapath,infrastructure,5
_16789_,tier1,generated_datapath,infrastructure,5
_16790_,tier1,generated_datapath,infrastructure,5
_16791_,tier1,generated_control,infrastructure,4
_16792_,tier1,generated_datapath,infrastructure,5
_16793_,tier1,generated_datapath,infrastructure,6
_16794_,tier1,generated_control,infrastructure,5
_16795_,tier1,generated_datapath,infrastructure,4
_16796_,tier1,generated_datapath,infrastructure,4
_16797_,tier1,generated_datapath,infrastructure,4
_16798_,tier1,generated_control,infrastructure,4
_16799_,tier1,generated_control,infrastructure,4
_16800_,tier1,generated_datapath,infrastructure,4
_16801_,tier1,generated_datapath,infrastructure,5
_16802_,tier1,generated_datapath,infrastructure,4
_16803_,tier1,generated_datapath,infrastructure,4
_16804_,tier1,generated_datapath,infrastructure,4
_16805_,tier1,generated_datapath,infrastructure,5
_16806_,tier0,generated_datapath,infrastructure,4
_16807_,tier0,generated_datapath,infrastructure,4
_16808_,tier1,generated_control,infrastructure,4
_16809_,tier1,generated_datapath,infrastructure,5
_16810_,tier1,generated_datapath,infrastructure,5
_16811_,tier1,generated_control,infrastructure,4
_16812_,tier1,generated_datapath,infrastructure,5
_16813_,tier1,generated_control,infrastructure,4
_16814_,tier1,generated_datapath,infrastructure,4
_16815_,tier1,generated_control,infrastructure,4
_16816_,tier1,generated_datapath,infrastructure,4
_16817_,tier1,generated_datapath,infrastructure,4
_16818_,tier1,generated_datapath,infrastructure,5
_16819_,tier1,generated_datapath,infrastructure,4
_16820_,tier1,generated_datapath,infrastructure,4
_16821_,tier1,generated_datapath,infrastructure,5
_16822_,tier1,generated_control,infrastructure,4
_16823_,tier1,generated_control,infrastructure,4
_16824_,tier1,generated_control,infrastructure,5
_16825_,tier1,generated_control,infrastructure,4
_16826_,tier1,generated_control,infrastructure,4
_16827_,tier0,clock_reset,control,3
_16828_,tier1,generated_datapath,infrastructure,5
_16829_,tier1,generated_datapath,infrastructure,5
_16830_,tier1,generated_control,infrastructure,5
_16831_,tier1,unclassified,infrastructure,6
_16832_,tier1,generated_datapath,infrastructure,7
_16833_,tier1,generated_datapath,infrastructure,5
_16834_,tier0,generated_datapath,infrastructure,5
_16835_,tier0,generated_datapath,infrastructure,5
_16836_,tier1,generated_control,infrastructure,4
_16837_,tier1,generated_datapath,infrastructure,5
_16838_,tier1,generated_datapath,infrastructure,5
_16839_,tier1,generated_datapath,infrastructure,4
_16840_,tier1,generated_datapath,infrastructure,5
_16841_,tier1,clock_reset,control,3
_16842_,tier1,generated_datapath,infrastructure,4
_16843_,tier1,generated_datapath,infrastructure,4
_16844_,tier1,generated_datapath,infrastructure,4
_16845_,tier1,generated_datapath,infrastructure,4
_16846_,tier1,generated_datapath,infrastructure,5
_16847_,tier0,clock_reset,control,3
_16848_,tier1,generated_datapath,infrastructure,5
_16849_,tier1,generated_datapath,infrastructure,4
_16850_,tier1,generated_datapath,infrastructure,4
_16851_,tier1,generated_control,infrastructure,4
_16852_,tier1,generated_control,infrastructure,4
_16853_,tier1,generated_datapath,infrastructure,5
_16854_,tier1,generated_control,infrastructure,4
_16855_,tier1,generated_control,infrastructure,5
_16856_,tier1,generated_datapath,infrastructure,6
_16857_,tier1,generated_control,infrastructure,4
_16858_,tier1,generated_datapath,infrastructure,5
_16859_,tier1,generated_control,infrastructure,4
_16860_,tier1,generated_control,infrastructure,4
_16861_,tier1,generated_datapath,infrastructure,6
_16862_,tier1,generated_control,infrastructure,4
_16863_,tier1,generated_datapath,infrastructure,5
_16864_,tier1,unclassified,infrastructure,7
_16865_,tier1,generated_datapath,infrastructure,5
_16866_,tier1,generated_datapath,infrastructure,5
_16867_,tier1,generated_control,infrastructure,4
_16868_,tier1,generated_datapath,infrastructure,5
_16869_,tier1,generated_datapath,infrastructure,5
_16870_,tier1,generated_datapath,infrastructure,5
_16871_,tier1,generated_control,infrastructure,5
_16872_,tier1,generated_datapath,infrastructure,5
_16873_,tier1,generated_datapath,infrastructure,5
_16874_,tier1,generated_datapath,infrastructure,4
_16875_,tier1,generated_datapath,infrastructure,4
_16876_,tier1,generated_datapath,infrastructure,4
_16877_,tier1,generated_datapath,infrastructure,4
_16878_,tier1,generated_control,infrastructure,4
_16879_,tier1,generated_control,infrastructure,4
_16880_,tier1,generated_datapath,infrastructure,5
_16881_,tier1,generated_control,infrastructure,5
_16882_,tier1,generated_datapath,infrastructure,5
_16883_,tier1,generated_control,infrastructure,4
_16884_,tier1,generated_datapath,infrastructure,5
_16885_,tier1,generated_datapath,infrastructure,4
_16886_,tier1,generated_datapath,infrastructure,4
_16887_,tier1,generated_datapath,infrastructure,4
_16888_,tier1,generated_datapath,infrastructure,4
_16889_,tier1,generated_datapath,infrastructure,5
_16890_,tier1,generated_datapath,infrastructure,4
_16891_,tier1,generated_datapath,infrastructure,4
_16892_,tier1,generated_control,infrastructure,4
_16893_,tier1,generated_control,infrastructure,5
_16894_,tier1,generated_datapath,infrastructure,6
_16895_,tier1,generated_control,infrastructure,4
_16896_,tier1,generated_datapath,infrastructure,5
_16897_,tier1,generated_control,infrastructure,4
_16898_,tier1,generated_control,infrastructure,4
_16899_,tier1,unclassified,infrastructure,7
_16900_,tier1,generated_control,infrastructure,4
_16901_,tier1,generated_datapath,infrastructure,5
_16902_,tier1,generated_control,infrastructure,5
_16903_,tier1,generated_datapath,infrastructure,5
_16904_,tier1,generated_datapath,infrastructure,5
_16905_,tier1,generated_datapath,infrastructure,5
_16906_,tier1,generated_control,infrastructure,5
_16907_,tier1,generated_control,infrastructure,4
_16908_,tier1,unclassified,infrastructure,6
_16909_,tier1,generated_control,infrastructure,5
_16910_,tier1,generated_datapath,infrastructure,7
_16911_,tier1,generated_control,infrastructure,5
_16912_,tier1,generated_control,infrastructure,4
_16913_,tier1,generated_datapath,infrastructure,5
_16914_,tier1,generated_datapath,infrastructure,5
_16915_,tier1,generated_datapath,infrastructure,5
_16916_,tier1,generated_datapath,infrastructure,4
_16917_,tier1,generated_datapath,infrastructure,4
_16918_,tier1,generated_datapath,infrastructure,4
_16919_,tier1,generated_control,infrastructure,5
_16920_,tier1,generated_control,infrastructure,5
_16921_,tier1,generated_datapath,infrastructure,4
_16922_,tier1,generated_datapath,infrastructure,6
_16923_,tier1,generated_datapath,infrastructure,4
_16924_,tier1,generated_datapath,infrastructure,5
_16925_,tier1,generated_datapath,infrastructure,4
_16926_,tier0,generated_control,infrastructure,5
_16927_,tier1,generated_control,infrastructure,4
_16928_,tier1,generated_control,infrastructure,4
_16929_,tier1,generated_datapath,infrastructure,5
_16930_,tier0,clock_reset,control,3
_16931_,tier1,generated_datapath,infrastructure,5
_16932_,tier1,generated_datapath,infrastructure,5
_16933_,tier1,generated_datapath,infrastructure,5
_16934_,tier1,generated_datapath,infrastructure,5
_16935_,tier1,generated_datapath,infrastructure,5
_16936_,tier1,clock_reset,control,3
_16937_,tier1,generated_datapath,infrastructure,5
_16938_,tier1,generated_datapath,infrastructure,5
_16939_,tier1,generated_datapath,infrastructure,5
_16940_,tier0,generated_datapath,infrastructure,5
_16941_,tier1,generated_datapath,infrastructure,5
_16942_,tier1,generated_datapath,infrastructure,5
_16943_,tier1,generated_datapath,infrastructure,5
_16944_,tier0,clock_reset,control,3
_16945_,tier1,generated_datapath,infrastructure,5
_16946_,tier1,generated_datapath,infrastructure,5
_16947_,tier1,generated_datapath,infrastructure,5
_16948_,tier1,generated_datapath,infrastructure,5
_16949_,tier1,generated_datapath,infrastructure,5
_16950_,tier1,generated_datapath,infrastructure,5
_16951_,tier1,generated_datapath,infrastructure,5
_16952_,tier1,generated_datapath,infrastructure,5
_16953_,tier0,generated_control,infrastructure,4
_16954_,tier0,generated_control,infrastructure,4
_16955_,tier0,generated_datapath,infrastructure,5
_16956_,tier0,generated_control,infrastructure,4
_16957_,tier0,generated_control,infrastructure,4
_16958_,tier0,generated_datapath,infrastructure,5
_16959_,tier0,generated_datapath,infrastructure,5
_16960_,tier1,generated_control,infrastructure,4
_16961_,tier1,generated_control,infrastructure,4
_16962_,tier1,generated_datapath,infrastructure,5
_16963_,tier1,generated_control,infrastructure,4
_16964_,tier0,generated_control,infrastructure,4
_16965_,tier0,decode_control,control,5
_16966_,tier0,decode_control,control,6
_16967_,tier0,generated_control,infrastructure,4
_16968_,tier1,generated_control,infrastructure,4
_16969_,tier0,decode_control,control,4
_16970_,tier0,decode_control,control,5
_16971_,tier0,decode_control,control,5
_16972_,tier0,generated_control,infrastructure,4
_16973_,tier0,generated_control,infrastructure,5
_16974_,tier0,generated_control,infrastructure,5
_16975_,tier0,generated_control,infrastructure,6
_16976_,tier0,generated_control,infrastructure,4
_16977_,tier0,generated_control,infrastructure,6
_16978_,tier0,generated_control,infrastructure,5
_16979_,tier0,generated_control,infrastructure,4
_16980_,tier1,generated_control,infrastructure,6
_16981_,tier0,generated_control,infrastructure,4
_16982_,tier0,generated_control,infrastructure,5
_16983_,tier0,generated_control,infrastructure,5
_16984_,tier0,generated_control,infrastructure,4
_16985_,tier0,generated_datapath,infrastructure,5
_16986_,tier0,generated_control,infrastructure,6
_16987_,tier0,generated_control,infrastructure,4
_16988_,tier0,generated_control,infrastructure,4
_16989_,tier0,generated_control,infrastructure,4
_16990_,tier0,generated_control,infrastructure,4
_16991_,tier0,trap_debug,control,6
_16992_,tier0,csr,control,4
_16993_,tier0,generated_control,infrastructure,4
_16994_,tier0,generated_control,infrastructure,6
_16995_,tier0,generated_control,infrastructure,4
_16996_,tier0,generated_control,infrastructure,5
_16997_,tier0,generated_control,infrastructure,4
_16998_,tier0,fetch,control,4
_16999_,tier0,fetch,control,4
_17000_,tier0,decode_control,control,4
_17001_,tier0,generated_control,infrastructure,4
_17002_,tier0,generated_control,infrastructure,6
_17003_,tier0,generated_control,infrastructure,4
_17004_,tier1,generated_datapath,infrastructure,6
_17005_,tier1,generated_datapath,infrastructure,6
_17006_,tier1,generated_control,infrastructure,4
_17007_,tier1,generated_control,infrastructure,4
_17008_,tier1,generated_control,infrastructure,4
_17009_,tier1,generated_control,infrastructure,4
_17010_,tier1,generated_datapath,infrastructure,7
_17011_,tier1,generated_control,infrastructure,5
_17012_,tier1,generated_datapath,infrastructure,6
_17013_,tier1,generated_datapath,infrastructure,7
_17014_,tier1,generated_control,infrastructure,4
_17015_,tier1,generated_control,infrastructure,4
_17016_,tier1,generated_control,infrastructure,4
_17017_,tier1,generated_datapath,infrastructure,5
_17018_,tier1,generated_control,infrastructure,5
_17019_,tier1,generated_control,infrastructure,4
_17020_,tier0,generated_control,infrastructure,4
_17021_,tier0,generated_datapath,infrastructure,6
_17022_,tier0,generated_datapath,infrastructure,5
_17023_,tier0,generated_control,infrastructure,5
_17024_,tier0,csr,control,4
_17025_,tier0,clock_reset,control,3
_17026_,tier0,trap_debug,control,5
_17027_,tier0,decode_control,control,5
_17028_,tier0,csr,control,5
_17029_,tier0,generated_control,infrastructure,4
_17030_,tier0,generated_datapath,infrastructure,5
_17031_,tier0,generated_control,infrastructure,4
_17032_,tier0,generated_control,infrastructure,4
_17033_,tier0,generated_control,infrastructure,4
_17034_,tier0,generated_control,infrastructure,4
_17035_,tier0,generated_control,infrastructure,5
_17036_,tier0,generated_control,infrastructure,5
_17037_,tier0,generated_control,infrastructure,4
_17038_,tier0,generated_control,infrastructure,4
_17039_,tier0,generated_control,infrastructure,4
_17040_,tier0,generated_control,infrastructure,5
_17041_,tier0,generated_datapath,infrastructure,5
_17042_,tier0,unclassified,infrastructure,7
_17043_,tier0,generated_datapath,infrastructure,5
_17044_,tier0,unclassified,infrastructure,7
_17045_,tier0,generated_control,infrastructure,5
_17046_,tier0,decode_control,control,5
_17047_,tier0,unclassified,infrastructure,7
_17048_,tier0,generated_control,infrastructure,4
_17049_,tier0,generated_datapath,infrastructure,5
_17050_,tier0,generated_control,infrastructure,5
_17051_,tier0,clock_reset,control,3
_17052_,tier0,generated_control,infrastructure,6
_17053_,tier0,generated_datapath,infrastructure,5
_17054_,tier0,unclassified,infrastructure,7
_17055_,tier0,generated_control,infrastructure,4
_17056_,tier0,unclassified,infrastructure,7
_17057_,tier0,fetch,control,5
_17058_,tier0,fetch,control,6
_17059_,tier0,clock_reset,control,3
_17060_,tier0,pipeline_state,control,4
_17061_,tier0,pipeline_state,control,5
_17062_,tier0,decode_control,control,4
_17063_,tier0,generated_datapath,infrastructure,5
_17064_,tier0,generated_datapath,infrastructure,5
_17065_,tier1,generated_datapath,infrastructure,5
_17066_,tier1,generated_datapath,infrastructure,5
_17067_,tier0,generated_control,infrastructure,4
_17068_,tier0,clock_reset,control,3
_17069_,tier1,unclassified,infrastructure,6
_17070_,tier1,generated_datapath,infrastructure,5
_17071_,tier0,clock_reset,control,4
_17072_,tier0,fetch,control,5
_17073_,tier1,generated_datapath,infrastructure,5
_17074_,tier0,generated_control,infrastructure,4
_17075_,tier1,generated_control,infrastructure,5
_17076_,tier1,generated_datapath,infrastructure,5
_17077_,tier0,generated_control,infrastructure,5
_17078_,tier0,generated_control,infrastructure,4
_17079_,tier0,pipeline_state,control,5
_17080_,tier0,multdiv,datapath,6
_17081_,tier0,generated_control,infrastructure,4
_17082_,tier0,pipeline_state,control,6
_17083_,tier0,generated_control,infrastructure,4
_17084_,tier0,generated_control,infrastructure,4
_17085_,tier0,generated_control,infrastructure,4
_17086_,tier1,generated_control,infrastructure,4
_17087_,tier0,generated_control,infrastructure,5
_17088_,tier0,generated_control,infrastructure,4
_17089_,tier0,pipeline_state,control,4
_17090_,tier0,generated_control,infrastructure,4
_17091_,tier0,unclassified,infrastructure,6
_17092_,tier0,generated_control,infrastructure,4
_17093_,tier0,generated_control,infrastructure,4
_17094_,tier0,generated_control,infrastructure,5
_17095_,tier0,generated_control,infrastructure,5
_17096_,tier0,generated_control,infrastructure,6
_17097_,tier0,generated_datapath,infrastructure,7
_17098_,tier0,generated_control,infrastructure,4
_17099_,tier0,generated_control,infrastructure,5
_17100_,tier0,unclassified,infrastructure,6
_17101_,tier0,generated_datapath,infrastructure,5
_17102_,tier0,generated_datapath,infrastructure,5
_17103_,tier0,generated_datapath,infrastructure,4
_17104_,tier0,unclassified,infrastructure,6
_17105_,tier0,generated_control,infrastructure,4
_17106_,tier0,generated_datapath,infrastructure,5
_17107_,tier0,generated_control,infrastructure,4
_17108_,tier0,generated_datapath,infrastructure,6
_17109_,tier1,execute_alu,datapath,4
_17110_,tier0,generated_control,infrastructure,6
_17111_,tier0,generated_control,infrastructure,6
_17112_,tier0,generated_control,infrastructure,6
_17113_,tier0,generated_control,infrastructure,6
_17114_,tier0,generated_control,infrastructure,5
_17115_,tier0,generated_control,infrastructure,6
_17116_,tier0,generated_control,infrastructure,4
_17117_,tier0,generated_control,infrastructure,6
_17118_,tier0,generated_control,infrastructure,6
_17119_,tier0,generated_control,infrastructure,6
_17120_,tier0,clock_reset,control,3
_17121_,tier0,generated_control,infrastructure,6
_17122_,tier0,generated_control,infrastructure,4
_17123_,tier0,generated_control,infrastructure,5
_17124_,tier0,generated_datapath,infrastructure,5
_17125_,tier0,generated_control,infrastructure,4
_17126_,tier0,unclassified,infrastructure,7
_17127_,tier0,generated_control,infrastructure,4
_17128_,tier0,generated_control,infrastructure,4
_17129_,tier0,generated_control,infrastructure,4
_17130_,tier0,generated_control,infrastructure,5
_17131_,tier0,unclassified,infrastructure,6
_17132_,tier0,generated_datapath,infrastructure,5
_17133_,tier0,unclassified,infrastructure,7
_17134_,tier0,generated_datapath,infrastructure,5
_17135_,tier0,generated_datapath,infrastructure,5
_17136_,tier0,generated_datapath,infrastructure,5
_17137_,tier0,generated_datapath,infrastructure,5
_17138_,tier0,generated_datapath,infrastructure,5
_17139_,tier0,generated_control,infrastructure,4
_17140_,tier0,generated_control,infrastructure,4
_17141_,tier0,generated_datapath,infrastructure,5
_17142_,tier0,csr,control,4
_17143_,tier1,generated_datapath,infrastructure,5
_17144_,tier0,clock_reset,control,3
_17145_,tier0,generated_control,infrastructure,6
_17146_,tier0,generated_control,infrastructure,4
_17147_,tier0,generated_control,infrastructure,5
_17148_,tier0,generated_control,infrastructure,5
_17149_,tier0,csr,control,5
_17150_,tier0,csr,control,6
_17151_,tier0,fetch,control,6
_17152_,tier0,generated_control,infrastructure,4
_17153_,tier0,generated_control,infrastructure,4
_17154_,tier0,generated_control,infrastructure,4
_17155_,tier0,generated_control,infrastructure,5
_17156_,tier0,generated_control,infrastructure,5
_17157_,tier0,generated_datapath,infrastructure,5
_17158_,tier0,clock_reset,control,3
_17159_,tier0,generated_control,infrastructure,5
_17160_,tier0,clock_reset,control,3
_17161_,tier0,generated_control,infrastructure,5
_17162_,tier0,generated_control,infrastructure,4
_17163_,tier0,generated_control,infrastructure,5
_17164_,tier0,generated_control,infrastructure,5
_17165_,tier0,generated_control,infrastructure,5
_17166_,tier0,generated_control,infrastructure,5
_17167_,tier0,generated_datapath,infrastructure,5
_17168_,tier0,clock_reset,control,3
_17169_,tier0,generated_control,infrastructure,5
_17170_,tier0,generated_control,infrastructure,4
_17171_,tier0,generated_datapath,infrastructure,6
_17172_,tier0,generated_control,infrastructure,4
_17173_,tier0,generated_control,infrastructure,4
_17174_,tier0,generated_control,infrastructure,4
_17175_,tier0,generated_control,infrastructure,4
_17176_,tier0,generated_control,infrastructure,5
_17177_,tier0,generated_control,infrastructure,5
_17178_,tier0,generated_datapath,infrastructure,5
_17179_,tier0,generated_control,infrastructure,4
_17180_,tier0,generated_control,infrastructure,4
_17181_,tier0,unclassified,infrastructure,7
_17182_,tier0,generated_control,infrastructure,4
_17183_,tier0,generated_control,infrastructure,5
_17184_,tier0,generated_control,infrastructure,5
_17185_,tier0,generated_control,infrastructure,4
_17186_,tier0,generated_control,infrastructure,4
_17187_,tier0,generated_control,infrastructure,5
_17188_,tier0,generated_control,infrastructure,4
_17189_,tier0,generated_control,infrastructure,4
_17190_,tier0,csr,control,4
_17191_,tier0,generated_control,infrastructure,4
_17192_,tier0,generated_datapath,infrastructure,5
_17193_,tier0,generated_datapath,infrastructure,5
_17194_,tier0,generated_control,infrastructure,5
_17195_,tier0,generated_datapath,infrastructure,6
_17196_,tier0,generated_control,infrastructure,5
_17197_,tier0,generated_datapath,infrastructure,5
_17198_,tier0,generated_datapath,infrastructure,5
_17199_,tier0,generated_control,infrastructure,4
_17200_,tier0,generated_control,infrastructure,4
_17201_,tier0,generated_control,infrastructure,4
_17202_,tier0,generated_control,infrastructure,4
_17203_,tier0,generated_control,infrastructure,4
_17204_,tier0,generated_datapath,infrastructure,5
_17205_,tier0,generated_control,infrastructure,4
_17206_,tier0,generated_datapath,infrastructure,5
_17207_,tier0,generated_control,infrastructure,4
_17208_,tier0,generated_datapath,infrastructure,5
_17209_,tier0,generated_datapath,infrastructure,5
_17210_,tier0,generated_datapath,infrastructure,7
_17211_,tier0,generated_control,infrastructure,4
_17212_,tier0,generated_control,infrastructure,4
_17213_,tier0,generated_control,infrastructure,4
_17214_,tier0,generated_control,infrastructure,4
_17215_,tier0,generated_datapath,infrastructure,5
_17216_,tier0,generated_control,infrastructure,5
_17217_,tier0,generated_datapath,infrastructure,5
_17218_,tier0,generated_control,infrastructure,4
_17219_,tier0,generated_datapath,infrastructure,5
_17220_,tier0,unclassified,infrastructure,7
_17221_,tier0,generated_control,infrastructure,6
_17222_,tier0,generated_datapath,infrastructure,5
_17223_,tier0,generated_control,infrastructure,4
_17224_,tier0,generated_control,infrastructure,4
_17225_,tier0,generated_control,infrastructure,4
_17226_,tier0,generated_control,infrastructure,4
_17227_,tier0,generated_control,infrastructure,4
_17228_,tier0,generated_control,infrastructure,5
_17229_,tier0,unclassified,infrastructure,6
_17230_,tier0,generated_control,infrastructure,4
_17231_,tier0,generated_datapath,infrastructure,5
_17232_,tier0,generated_control,infrastructure,4
_17233_,tier0,generated_control,infrastructure,5
_17234_,tier0,generated_control,infrastructure,5
_17235_,tier0,unclassified,infrastructure,6
_17236_,tier0,generated_control,infrastructure,4
_17237_,tier0,generated_control,infrastructure,6
_17238_,tier0,generated_control,infrastructure,4
_17239_,tier0,generated_control,infrastructure,5
_17240_,tier0,unclassified,infrastructure,6
_17241_,tier0,generated_control,infrastructure,4
_17242_,tier0,generated_control,infrastructure,4
_17243_,tier0,generated_control,infrastructure,5
_17244_,tier0,generated_control,infrastructure,4
_17245_,tier0,generated_control,infrastructure,4
_17246_,tier0,generated_control,infrastructure,4
_17247_,tier0,generated_datapath,infrastructure,5
_17248_,tier0,generated_control,infrastructure,4
_17249_,tier0,generated_control,infrastructure,4
_17250_,tier0,generated_control,infrastructure,5
_17251_,tier0,generated_control,infrastructure,4
_17252_,tier0,generated_control,infrastructure,6
_17253_,tier0,generated_control,infrastructure,5
_17254_,tier0,generated_control,infrastructure,6
_17255_,tier0,generated_control,infrastructure,5
_17256_,tier0,generated_control,infrastructure,6
_17257_,tier0,generated_control,infrastructure,5
_17258_,tier0,generated_datapath,infrastructure,5
_17259_,tier0,generated_datapath,infrastructure,7
_17260_,tier0,generated_datapath,infrastructure,7
_17261_,tier0,generated_control,infrastructure,4
_17262_,tier0,generated_control,infrastructure,5
_17263_,tier0,generated_datapath,infrastructure,5
_17264_,tier0,generated_control,infrastructure,4
_17265_,tier0,generated_control,infrastructure,4
_17266_,tier0,generated_datapath,infrastructure,7
_17267_,tier0,generated_control,infrastructure,5
_17268_,tier0,generated_datapath,infrastructure,5
_17269_,tier0,generated_control,infrastructure,5
_17270_,tier0,generated_datapath,infrastructure,5
_17271_,tier0,generated_control,infrastructure,4
_17272_,tier0,generated_datapath,infrastructure,5
_17273_,tier0,generated_control,infrastructure,4
_17274_,tier0,generated_control,infrastructure,5
_17275_,tier0,clock_reset,control,3
_17276_,tier0,generated_control,infrastructure,4
_17277_,tier0,generated_control,infrastructure,4
_17278_,tier0,generated_control,infrastructure,4
_17279_,tier0,generated_control,infrastructure,5
_17280_,tier0,generated_control,infrastructure,5
_17281_,tier0,generated_control,infrastructure,6
_17282_,tier0,generated_control,infrastructure,5
_17283_,tier0,generated_control,infrastructure,6
_17284_,tier0,generated_control,infrastructure,4
_17285_,tier0,generated_datapath,infrastructure,5
_17286_,tier0,generated_control,infrastructure,5
_17287_,tier0,generated_control,infrastructure,6
_17288_,tier0,generated_control,infrastructure,4
_17289_,tier0,generated_control,infrastructure,6
_17290_,tier0,clock_reset,control,3
_17291_,tier0,generated_datapath,infrastructure,5
_17292_,tier0,generated_control,infrastructure,4
_17293_,tier0,generated_control,infrastructure,4
_17294_,tier0,generated_datapath,infrastructure,5
_17295_,tier0,load_store,datapath,4
_17296_,tier0,generated_control,infrastructure,4
_17297_,tier0,load_store,datapath,5
_17298_,tier0,generated_control,infrastructure,4
_17299_,tier0,generated_datapath,infrastructure,5
_17300_,tier0,generated_datapath,infrastructure,5
_17301_,tier0,generated_control,infrastructure,4
_17302_,tier0,generated_control,infrastructure,6
_17303_,tier0,generated_control,infrastructure,4
_17304_,tier0,generated_control,infrastructure,4
_17305_,tier0,generated_control,infrastructure,6
_17306_,tier0,generated_datapath,infrastructure,5
_17307_,tier0,generated_control,infrastructure,5
_17308_,tier0,generated_control,infrastructure,5
_17309_,tier0,generated_control,infrastructure,4
_17310_,tier0,decode_control,control,5
_17311_,tier1,generated_datapath,infrastructure,5
_17312_,tier1,generated_datapath,infrastructure,5
_17313_,tier1,generated_datapath,infrastructure,6
_17314_,tier1,generated_datapath,infrastructure,5
_17315_,tier0,generated_control,infrastructure,4
_17316_,tier1,generated_control,infrastructure,4
_17317_,tier1,generated_datapath,infrastructure,5
_17318_,tier1,generated_control,infrastructure,4
_17319_,tier1,generated_control,infrastructure,5
_17320_,tier1,generated_datapath,infrastructure,5
_17321_,tier0,generated_control,infrastructure,6
_17322_,tier0,generated_control,infrastructure,4
_17323_,tier0,generated_datapath,infrastructure,5
_17324_,tier0,unclassified,infrastructure,7
_17325_,tier0,load_store,datapath,4
_17326_,tier0,load_store,datapath,4
_17327_,tier0,generated_control,infrastructure,4
_17328_,tier0,generated_datapath,infrastructure,5
_17329_,tier0,generated_control,infrastructure,4
_17330_,tier0,csr,control,6
_17331_,tier0,generated_control,infrastructure,4
_17332_,tier0,generated_datapath,infrastructure,5
_17333_,tier1,generated_control,infrastructure,6
_17334_,tier0,generated_control,infrastructure,5
_17335_,tier0,generated_control,infrastructure,4
_17336_,tier0,clock_reset,control,3
_17337_,tier0,generated_control,infrastructure,4
_17338_,tier0,generated_control,infrastructure,4
_17339_,tier0,generated_control,infrastructure,4
_17340_,tier1,generated_control,infrastructure,4
_17341_,tier0,generated_control,infrastructure,4
_17342_,tier0,generated_control,infrastructure,4
_17343_,tier1,generated_control,infrastructure,4
_17344_,tier1,generated_control,infrastructure,4
_17345_,tier0,generated_control,infrastructure,4
_17346_,tier1,generated_datapath,infrastructure,5
_17347_,tier0,generated_control,infrastructure,4
_17348_,tier0,generated_control,infrastructure,4
_17349_,tier0,generated_control,infrastructure,4
_17350_,tier0,generated_control,infrastructure,5
_17351_,tier1,generated_control,infrastructure,4
_17352_,tier0,generated_control,infrastructure,5
_17353_,tier0,generated_control,infrastructure,4
_17354_,tier0,unclassified,infrastructure,6
_17355_,tier1,generated_control,infrastructure,4
_17356_,tier0,generated_control,infrastructure,4
_17357_,tier0,generated_control,infrastructure,4
_17358_,tier0,unclassified,infrastructure,6
_17359_,tier0,generated_control,infrastructure,5
_17360_,tier0,generated_datapath,infrastructure,5
_17361_,tier0,generated_control,infrastructure,5
_17362_,tier0,generated_control,infrastructure,5
_17363_,tier0,generated_control,infrastructure,4
_17364_,tier0,generated_control,infrastructure,4
_17365_,tier0,generated_control,infrastructure,4
_17366_,tier0,generated_control,infrastructure,4
_17367_,tier0,generated_control,infrastructure,5
_17368_,tier0,generated_control,infrastructure,4
_17369_,tier0,generated_control,infrastructure,4
_17370_,tier0,generated_control,infrastructure,5
_17371_,tier0,generated_control,infrastructure,4
_17372_,tier0,generated_control,infrastructure,4
_17373_,tier1,generated_control,infrastructure,4
_17374_,tier0,generated_control,infrastructure,4
_17375_,tier0,generated_control,infrastructure,5
_17376_,tier0,generated_control,infrastructure,4
_17377_,tier0,generated_control,infrastructure,4
_17378_,tier0,generated_control,infrastructure,5
_17379_,tier0,generated_control,infrastructure,5
_17380_,tier0,generated_datapath,infrastructure,5
_17381_,tier0,generated_control,infrastructure,6
_17382_,tier0,generated_control,infrastructure,4
_17383_,tier0,generated_datapath,infrastructure,5
_17384_,tier0,generated_control,infrastructure,4
_17385_,tier0,generated_control,infrastructure,5
_17386_,tier1,generated_datapath,infrastructure,6
_17387_,tier0,generated_control,infrastructure,4
_17388_,tier0,generated_control,infrastructure,5
_17389_,tier1,clock_reset,control,3
_17390_,tier0,generated_control,infrastructure,6
_17391_,tier1,generated_control,infrastructure,4
_17392_,tier1,generated_datapath,infrastructure,5
_17393_,tier0,generated_control,infrastructure,5
_17394_,tier1,generated_control,infrastructure,5
_17395_,tier1,generated_datapath,infrastructure,6
_17396_,tier0,generated_control,infrastructure,4
_17397_,tier0,generated_control,infrastructure,4
_17398_,tier0,generated_control,infrastructure,4
_17399_,tier0,generated_control,infrastructure,4
_17400_,tier0,generated_datapath,infrastructure,8
_17401_,tier0,generated_control,infrastructure,5
_17402_,tier0,generated_control,infrastructure,6
_17403_,tier0,generated_datapath,infrastructure,7
_17404_,tier0,generated_control,infrastructure,5
_17405_,tier0,generated_control,infrastructure,4
_17406_,tier0,generated_datapath,infrastructure,6
_17407_,tier0,generated_control,infrastructure,4
_17408_,tier0,generated_control,infrastructure,4
_17409_,tier0,generated_datapath,infrastructure,6
_17410_,tier0,generated_control,infrastructure,6
_17411_,tier1,generated_datapath,infrastructure,5
_17412_,tier1,generated_control,infrastructure,4
_17413_,tier1,clock_reset,control,3
_17414_,tier1,generated_control,infrastructure,6
_17415_,tier0,generated_control,infrastructure,5
_17416_,tier0,clock_reset,control,3
_17417_,tier0,generated_control,infrastructure,4
_17418_,tier0,generated_control,infrastructure,5
_17419_,tier0,generated_control,infrastructure,4
_17420_,tier0,generated_control,infrastructure,4
_17421_,tier0,generated_control,infrastructure,5
_17422_,tier0,generated_control,infrastructure,6
_17423_,tier0,clock_reset,control,3
_17424_,tier1,generated_datapath,infrastructure,5
_17425_,tier0,generated_control,infrastructure,4
_17426_,tier0,generated_datapath,infrastructure,8
_17427_,tier1,generated_datapath,infrastructure,6
_17428_,tier0,generated_datapath,infrastructure,6
_17429_,tier1,generated_datapath,infrastructure,6
_17430_,tier1,generated_control,infrastructure,4
_17431_,tier0,generated_control,infrastructure,4
_17432_,tier0,generated_datapath,infrastructure,8
_17433_,tier0,generated_control,infrastructure,4
_17434_,tier0,generated_datapath,infrastructure,7
_17435_,tier0,generated_control,infrastructure,5
_17436_,tier0,generated_control,infrastructure,5
_17437_,tier0,generated_control,infrastructure,4
_17438_,tier0,clock_reset,control,3
_17439_,tier0,generated_datapath,infrastructure,5
_17440_,tier0,generated_control,infrastructure,5
_17441_,tier0,unclassified,infrastructure,6
_17442_,tier0,generated_datapath,infrastructure,5
_17443_,tier0,generated_control,infrastructure,4
_17444_,tier0,generated_datapath,infrastructure,5
_17445_,tier1,generated_datapath,infrastructure,6
_17446_,tier1,unclassified,infrastructure,7
_17447_,tier0,generated_control,infrastructure,4
_17448_,tier0,generated_control,infrastructure,4
_17449_,tier0,generated_datapath,infrastructure,8
_17450_,tier0,generated_datapath,infrastructure,8
_17451_,tier0,generated_datapath,infrastructure,6
_17452_,tier0,generated_datapath,infrastructure,7
_17453_,tier0,generated_control,infrastructure,6
_17454_,tier0,generated_control,infrastructure,4
_17455_,tier0,clock_reset,control,3
_17456_,tier0,generated_control,infrastructure,5
_17457_,tier0,generated_control,infrastructure,4
_17458_,tier0,generated_control,infrastructure,5
_17459_,tier1,generated_control,infrastructure,5
_17460_,tier1,generated_control,infrastructure,5
_17461_,tier1,generated_control,infrastructure,4
_17462_,tier1,generated_datapath,infrastructure,5
_17463_,tier1,clock_reset,control,3
_17464_,tier1,generated_control,infrastructure,5
_17465_,tier1,generated_control,infrastructure,5
_17466_,tier0,generated_control,infrastructure,4
_17467_,tier0,generated_datapath,infrastructure,5
_17468_,tier1,clock_reset,control,3
_17469_,tier1,generated_control,infrastructure,5
_17470_,tier1,generated_control,infrastructure,5
_17471_,tier0,generated_control,infrastructure,4
_17472_,tier0,generated_datapath,infrastructure,5
_17473_,tier1,clock_reset,control,3
_17474_,tier1,generated_control,infrastructure,4
_17475_,tier1,clock_reset,control,3
_17476_,tier1,generated_control,infrastructure,5
_17477_,tier1,generated_control,infrastructure,4
_17478_,tier1,generated_datapath,infrastructure,8
_17479_,tier1,generated_datapath,infrastructure,5
_17480_,tier0,unclassified,infrastructure,6
_17481_,tier1,generated_control,infrastructure,4
_17482_,tier1,generated_datapath,infrastructure,6
_17483_,tier0,generated_control,infrastructure,5
_17484_,tier0,generated_control,infrastructure,4
_17485_,tier0,generated_control,infrastructure,4
_17486_,tier0,generated_control,infrastructure,6
_17487_,tier0,generated_control,infrastructure,4
_17488_,tier0,generated_datapath,infrastructure,5
_17489_,tier0,generated_datapath,infrastructure,5
_17490_,tier0,decode_control,control,4
_17491_,tier0,generated_datapath,infrastructure,4
_17492_,tier0,generated_datapath,infrastructure,4
_17493_,tier0,generated_control,infrastructure,4
_17494_,tier0,generated_control,infrastructure,5
_17495_,tier0,decode_control,control,4
_17496_,tier0,generated_control,infrastructure,4
_17497_,tier0,decode_control,control,5
_17498_,tier0,generated_control,infrastructure,4
_17499_,tier0,generated_control,infrastructure,4
_17500_,tier0,generated_datapath,infrastructure,5
_17501_,tier0,generated_datapath,infrastructure,5
_17502_,tier0,generated_control,infrastructure,4
_17503_,tier0,generated_datapath,infrastructure,5
_17504_,tier0,decode_control,control,4
_17505_,tier1,generated_control,infrastructure,4
_17506_,tier0,generated_datapath,infrastructure,7
_17507_,tier1,generated_control,infrastructure,4
_17508_,tier1,generated_datapath,infrastructure,5
_17509_,tier1,generated_datapath,infrastructure,6
_17510_,tier1,generated_datapath,infrastructure,5
_17511_,tier0,generated_control,infrastructure,4
_17512_,tier0,generated_control,infrastructure,4
_17513_,tier0,generated_control,infrastructure,5
_17514_,tier1,generated_control,infrastructure,4
_17515_,tier1,generated_control,infrastructure,5
_17516_,tier0,generated_control,infrastructure,4
_17517_,tier0,generated_control,infrastructure,4
_17518_,tier0,generated_control,infrastructure,5
_17519_,tier0,generated_control,infrastructure,4
_17520_,tier0,generated_control,infrastructure,5
_17521_,tier0,generated_control,infrastructure,4
_17522_,tier0,generated_control,infrastructure,5
_17523_,tier0,generated_control,infrastructure,4
_17524_,tier0,generated_control,infrastructure,4
_17525_,tier0,generated_control,infrastructure,5
_17526_,tier0,generated_control,infrastructure,4
_17527_,tier0,generated_control,infrastructure,4
_17528_,tier0,generated_control,infrastructure,5
_17529_,tier0,generated_control,infrastructure,4
_17530_,tier0,generated_control,infrastructure,4
_17531_,tier0,generated_control,infrastructure,5
_17532_,tier0,generated_control,infrastructure,4
_17533_,tier0,generated_control,infrastructure,4
_17534_,tier0,generated_control,infrastructure,5
_17535_,tier0,generated_control,infrastructure,4
_17536_,tier0,generated_control,infrastructure,4
_17537_,tier0,generated_control,infrastructure,5
_17538_,tier0,generated_control,infrastructure,4
_17539_,tier0,generated_control,infrastructure,4
_17540_,tier0,generated_control,infrastructure,5
_17541_,tier0,generated_datapath,infrastructure,4
_17542_,tier1,generated_datapath,infrastructure,6
_17543_,tier1,generated_datapath,infrastructure,5
_17544_,tier0,generated_control,infrastructure,4
_17545_,tier1,generated_datapath,infrastructure,6
_17546_,tier0,generated_datapath,infrastructure,5
_17547_,tier0,generated_control,infrastructure,4
_17548_,tier0,generated_control,infrastructure,4
_17549_,tier1,generated_datapath,infrastructure,4
_17550_,tier1,generated_datapath,infrastructure,6
_17551_,tier1,generated_datapath,infrastructure,5
_17552_,tier1,generated_control,infrastructure,4
_17553_,tier1,generated_datapath,infrastructure,5
_17554_,tier1,generated_datapath,infrastructure,5
_17555_,tier1,generated_control,infrastructure,4
_17556_,tier1,unclassified,infrastructure,6
_17557_,tier1,generated_control,infrastructure,5
_17558_,tier1,generated_control,infrastructure,5
_17559_,tier1,generated_control,infrastructure,4
_17560_,tier1,generated_control,infrastructure,4
_17561_,tier1,generated_control,infrastructure,4
_17562_,tier1,clock_reset,control,3
_17563_,tier1,generated_control,infrastructure,5
_17564_,tier1,generated_datapath,infrastructure,5
_17565_,tier1,generated_control,infrastructure,4
_17566_,tier0,generated_control,infrastructure,4
_17567_,tier1,generated_datapath,infrastructure,5
_17568_,tier1,generated_datapath,infrastructure,5
_17569_,tier1,generated_datapath,infrastructure,6
_17570_,tier1,generated_datapath,infrastructure,6
_17571_,tier0,clock_reset,control,3
_17572_,tier0,generated_datapath,infrastructure,8
_17573_,tier0,generated_datapath,infrastructure,6
_17574_,tier0,generated_datapath,infrastructure,6
_17575_,tier0,generated_datapath,infrastructure,7
_17576_,tier0,generated_control,infrastructure,5
_17577_,tier1,generated_datapath,infrastructure,6
_17578_,tier1,generated_datapath,infrastructure,5
_17579_,tier1,generated_datapath,infrastructure,5
_17580_,tier0,generated_control,infrastructure,4
_17581_,tier0,generated_datapath,infrastructure,5
_17582_,tier0,generated_control,infrastructure,5
_17583_,tier0,generated_control,infrastructure,4
_17584_,tier0,generated_control,infrastructure,6
_17585_,tier0,generated_control,infrastructure,5
_17586_,tier1,generated_control,infrastructure,4
_17587_,tier1,generated_control,infrastructure,4
_17588_,tier0,generated_control,infrastructure,5
_17589_,tier0,generated_control,infrastructure,5
_17590_,tier0,generated_control,infrastructure,4
_17591_,tier0,generated_control,infrastructure,5
_17592_,tier0,generated_control,infrastructure,5
_17593_,tier0,generated_control,infrastructure,4
_17594_,tier0,generated_control,infrastructure,5
_17595_,tier0,generated_control,infrastructure,6
_17596_,tier0,generated_control,infrastructure,4
_17597_,tier0,generated_control,infrastructure,5
_17598_,tier0,generated_control,infrastructure,4
_17599_,tier0,generated_control,infrastructure,5
_17600_,tier0,generated_control,infrastructure,4
_17601_,tier0,generated_control,infrastructure,5
_17602_,tier0,generated_control,infrastructure,5
_17603_,tier0,generated_control,infrastructure,4
_17604_,tier0,generated_control,infrastructure,5
_17605_,tier0,generated_control,infrastructure,6
_17606_,tier1,generated_datapath,infrastructure,5
_17607_,tier1,generated_control,infrastructure,4
_17608_,tier1,generated_control,infrastructure,4
_17609_,tier1,generated_datapath,infrastructure,5
_17610_,tier1,generated_datapath,infrastructure,6
_17611_,tier0,fetch,control,4
_17612_,tier0,generated_control,infrastructure,4
_17613_,tier0,generated_control,infrastructure,4
_17614_,tier0,generated_control,infrastructure,4
_17615_,tier0,generated_control,infrastructure,5
_17616_,tier0,generated_datapath,infrastructure,5
_17617_,tier1,generated_control,infrastructure,5
_17618_,tier1,generated_control,infrastructure,5
_17619_,tier1,generated_control,infrastructure,4
_17620_,tier1,generated_datapath,infrastructure,5
_17621_,tier1,generated_control,infrastructure,5
_17622_,tier1,generated_datapath,infrastructure,5
_17623_,tier1,multdiv,datapath,5
_17624_,tier1,unclassified,infrastructure,7
_17625_,tier1,generated_control,infrastructure,4
_17626_,tier1,generated_control,infrastructure,4
_17627_,tier1,generated_control,infrastructure,4
_17628_,tier0,generated_control,infrastructure,4
_17629_,tier0,generated_control,infrastructure,4
_17630_,tier0,generated_control,infrastructure,4
_17631_,tier1,generated_datapath,infrastructure,5
_17632_,tier1,generated_control,infrastructure,4
_17633_,tier1,generated_control,infrastructure,4
_17634_,tier1,generated_control,infrastructure,4
_17635_,tier0,unclassified,infrastructure,6
_17636_,tier0,generated_control,infrastructure,5
_17637_,tier1,generated_control,infrastructure,5
_17638_,tier1,generated_control,infrastructure,5
_17639_,tier1,generated_control,infrastructure,4
_17640_,tier1,generated_datapath,infrastructure,5
_17641_,tier1,clock_reset,control,3
_17642_,tier1,generated_control,infrastructure,5
_17643_,tier1,generated_control,infrastructure,5
_17644_,tier1,generated_control,infrastructure,4
_17645_,tier1,generated_datapath,infrastructure,5
_17646_,tier1,generated_control,infrastructure,4
_17647_,tier1,generated_control,infrastructure,4
_17648_,tier1,generated_control,infrastructure,5
_17649_,tier1,generated_control,infrastructure,5
_17650_,tier1,generated_control,infrastructure,4
_17651_,tier1,generated_datapath,infrastructure,5
_17652_,tier1,clock_reset,control,3
_17653_,tier1,generated_control,infrastructure,4
_17654_,tier1,generated_control,infrastructure,4
_17655_,tier1,generated_control,infrastructure,4
_17656_,tier1,generated_control,infrastructure,4
_17657_,tier1,generated_control,infrastructure,5
_17658_,tier1,generated_control,infrastructure,5
_17659_,tier0,generated_control,infrastructure,4
_17660_,tier0,generated_datapath,infrastructure,5
_17661_,tier1,clock_reset,control,3
_17662_,tier1,generated_control,infrastructure,5
_17663_,tier1,generated_control,infrastructure,5
_17664_,tier1,generated_control,infrastructure,4
_17665_,tier1,generated_datapath,infrastructure,5
_17666_,tier1,clock_reset,control,3
_17667_,tier1,generated_control,infrastructure,4
_17668_,tier1,generated_control,infrastructure,4
_17669_,tier1,generated_control,infrastructure,4
_17670_,tier1,generated_control,infrastructure,4
_17671_,tier1,generated_control,infrastructure,4
_17672_,tier1,generated_control,infrastructure,4
_17673_,tier1,generated_control,infrastructure,4
_17674_,tier1,generated_control,infrastructure,4
_17675_,tier1,generated_control,infrastructure,4
_17676_,tier1,generated_control,infrastructure,4
_17677_,tier1,generated_control,infrastructure,4
_17678_,tier1,generated_control,infrastructure,4
_17679_,tier1,generated_control,infrastructure,4
_17680_,tier1,generated_control,infrastructure,5
_17681_,tier1,unclassified,infrastructure,6
_17682_,tier1,generated_control,infrastructure,5
_17683_,tier1,generated_control,infrastructure,5
_17684_,tier1,generated_control,infrastructure,4
_17685_,tier1,generated_datapath,infrastructure,5
_17686_,tier1,clock_reset,control,3
_17687_,tier1,generated_control,infrastructure,4
_17688_,tier1,generated_control,infrastructure,4
_17689_,tier1,generated_datapath,infrastructure,5
_17690_,tier1,generated_datapath,infrastructure,5
_17691_,tier1,generated_control,infrastructure,4
_17692_,tier1,generated_control,infrastructure,5
_17693_,tier1,generated_control,infrastructure,5
_17694_,tier1,generated_control,infrastructure,4
_17695_,tier1,generated_datapath,infrastructure,5
_17696_,tier1,clock_reset,control,3
_17697_,tier1,generated_control,infrastructure,5
_17698_,tier1,generated_control,infrastructure,5
_17699_,tier1,generated_control,infrastructure,4
_17700_,tier1,generated_datapath,infrastructure,5
_17701_,tier1,clock_reset,control,3
_17702_,tier1,generated_control,infrastructure,5
_17703_,tier1,generated_control,infrastructure,5
_17704_,tier1,generated_control,infrastructure,4
_17705_,tier1,generated_datapath,infrastructure,5
_17706_,tier1,clock_reset,control,3
_17707_,tier1,generated_control,infrastructure,6
_17708_,tier1,generated_control,infrastructure,4
_17709_,tier1,generated_control,infrastructure,5
_17710_,tier1,generated_control,infrastructure,5
_17711_,tier1,generated_control,infrastructure,4
_17712_,tier1,generated_datapath,infrastructure,5
_17713_,tier1,generated_control,infrastructure,5
_17714_,tier1,generated_control,infrastructure,5
_17715_,tier1,generated_control,infrastructure,4
_17716_,tier1,generated_datapath,infrastructure,5
_17717_,tier1,clock_reset,control,3
_17718_,tier1,generated_control,infrastructure,5
_17719_,tier1,generated_control,infrastructure,5
_17720_,tier1,generated_control,infrastructure,4
_17721_,tier1,generated_datapath,infrastructure,5
_17722_,tier1,generated_control,infrastructure,4
_17723_,tier1,generated_control,infrastructure,5
_17724_,tier1,generated_control,infrastructure,5
_17725_,tier1,generated_control,infrastructure,4
_17726_,tier1,generated_datapath,infrastructure,5
_17727_,tier1,clock_reset,control,3
_17728_,tier1,generated_control,infrastructure,5
_17729_,tier1,generated_control,infrastructure,4
_17730_,tier1,generated_datapath,infrastructure,6
_17731_,tier1,generated_control,infrastructure,4
_17732_,tier1,generated_control,infrastructure,4
_17733_,tier1,generated_control,infrastructure,4
_17734_,tier1,generated_control,infrastructure,4
_17735_,tier1,generated_control,infrastructure,4
_17736_,tier1,generated_control,infrastructure,4
_17737_,tier1,generated_control,infrastructure,4
_17738_,tier1,generated_control,infrastructure,4
_17739_,tier1,generated_control,infrastructure,4
_17740_,tier1,generated_control,infrastructure,5
_17741_,tier1,generated_control,infrastructure,5
_17742_,tier1,generated_control,infrastructure,4
_17743_,tier1,generated_control,infrastructure,4
_17744_,tier1,generated_datapath,infrastructure,7
_17745_,tier1,generated_control,infrastructure,4
_17746_,tier1,generated_datapath,infrastructure,6
_17747_,tier1,generated_datapath,infrastructure,5
_17748_,tier1,unclassified,infrastructure,7
_17749_,tier1,generated_datapath,infrastructure,5
_17750_,tier1,generated_datapath,infrastructure,7
_17751_,tier1,generated_datapath,infrastructure,6
_17752_,tier1,generated_control,infrastructure,4
_17753_,tier1,generated_control,infrastructure,4
_17754_,tier1,generated_datapath,infrastructure,5
_17755_,tier1,generated_datapath,infrastructure,6
_17756_,tier1,generated_control,infrastructure,4
_17757_,tier1,generated_datapath,infrastructure,5
_17758_,tier1,generated_datapath,infrastructure,6
_17759_,tier1,generated_datapath,infrastructure,6
_17760_,tier1,generated_datapath,infrastructure,7
_17761_,tier1,generated_control,infrastructure,4
_17762_,tier1,generated_control,infrastructure,4
_17763_,tier1,generated_control,infrastructure,4
_17764_,tier1,generated_control,infrastructure,4
_17765_,tier1,generated_datapath,infrastructure,5
_17766_,tier1,generated_control,infrastructure,4
_17767_,tier1,generated_datapath,infrastructure,5
_17768_,tier1,generated_datapath,infrastructure,5
_17769_,tier1,generated_datapath,infrastructure,5
_17770_,tier1,generated_datapath,infrastructure,5
_17771_,tier1,generated_datapath,infrastructure,6
_17772_,tier1,generated_control,infrastructure,5
_17773_,tier1,generated_datapath,infrastructure,6
_17774_,tier1,generated_control,infrastructure,4
_17775_,tier1,generated_datapath,infrastructure,5
_17776_,tier1,generated_datapath,infrastructure,6
_17777_,tier1,generated_datapath,infrastructure,5
_17778_,tier1,generated_datapath,infrastructure,6
_17779_,tier1,generated_datapath,infrastructure,5
_17780_,tier0,generated_control,infrastructure,4
_17781_,tier1,generated_datapath,infrastructure,7
_17782_,tier1,generated_control,infrastructure,4
_17783_,tier1,generated_control,infrastructure,4
_17784_,tier1,generated_datapath,infrastructure,5
_17785_,tier1,generated_datapath,infrastructure,6
_17786_,tier1,generated_control,infrastructure,6
_17787_,tier1,unclassified,infrastructure,7
_17788_,tier1,generated_datapath,infrastructure,6
_17789_,tier1,unclassified,infrastructure,6
_17790_,tier1,generated_datapath,infrastructure,7
_17791_,tier1,generated_datapath,infrastructure,5
_17792_,tier1,generated_datapath,infrastructure,6
_17793_,tier1,generated_datapath,infrastructure,5
_17794_,tier1,generated_datapath,infrastructure,6
_17795_,tier1,generated_datapath,infrastructure,5
_17796_,tier1,generated_datapath,infrastructure,6
_17797_,tier1,generated_control,infrastructure,4
_17798_,tier1,generated_datapath,infrastructure,5
_17799_,tier1,generated_datapath,infrastructure,5
_17800_,tier1,generated_datapath,infrastructure,5
_17801_,tier1,generated_control,infrastructure,4
_17802_,tier1,generated_control,infrastructure,5
_17803_,tier1,generated_datapath,infrastructure,7
_17804_,tier1,generated_control,infrastructure,4
_17805_,tier1,generated_control,infrastructure,4
_17806_,tier1,unclassified,infrastructure,6
_17807_,tier1,generated_control,infrastructure,4
_17808_,tier1,generated_datapath,infrastructure,6
_17809_,tier1,generated_datapath,infrastructure,5
_17810_,tier1,generated_datapath,infrastructure,5
_17811_,tier1,generated_datapath,infrastructure,5
_17812_,tier1,generated_datapath,infrastructure,5
_17813_,tier1,unclassified,infrastructure,6
_17814_,tier1,generated_datapath,infrastructure,5
_17815_,tier1,generated_datapath,infrastructure,5
_17816_,tier1,generated_datapath,infrastructure,5
_17817_,tier1,generated_control,infrastructure,4
_17818_,tier1,generated_control,infrastructure,4
_17819_,tier1,generated_datapath,infrastructure,5
_17820_,tier1,generated_datapath,infrastructure,5
_17821_,tier1,generated_datapath,infrastructure,5
_17822_,tier1,generated_datapath,infrastructure,6
_17823_,tier1,generated_datapath,infrastructure,5
_17824_,tier1,generated_control,infrastructure,4
_17825_,tier1,generated_control,infrastructure,4
_17826_,tier1,unclassified,infrastructure,7
_17827_,tier1,generated_datapath,infrastructure,6
_17828_,tier1,generated_datapath,infrastructure,5
_17829_,tier1,generated_datapath,infrastructure,8
_17830_,tier1,generated_datapath,infrastructure,5
_17831_,tier1,generated_control,infrastructure,4
_17832_,tier1,generated_datapath,infrastructure,5
_17833_,tier1,generated_datapath,infrastructure,5
_17834_,tier1,generated_datapath,infrastructure,6
_17835_,tier1,generated_control,infrastructure,5
_17836_,tier1,generated_datapath,infrastructure,5
_17837_,tier1,generated_datapath,infrastructure,5
_17838_,tier1,generated_control,infrastructure,5
_17839_,tier1,generated_control,infrastructure,5
_17840_,tier0,generated_control,infrastructure,4
_17841_,tier0,generated_control,infrastructure,4
_17842_,tier0,generated_control,infrastructure,4
_17843_,tier1,generated_control,infrastructure,4
_17844_,tier1,generated_datapath,infrastructure,5
_17845_,tier1,generated_datapath,infrastructure,6
_17846_,tier1,generated_datapath,infrastructure,8
_17847_,tier1,generated_datapath,infrastructure,5
_17848_,tier1,generated_datapath,infrastructure,5
_17849_,tier1,generated_datapath,infrastructure,5
_17850_,tier1,generated_datapath,infrastructure,6
_17851_,tier1,generated_datapath,infrastructure,5
_17852_,tier1,generated_control,infrastructure,4
_17853_,tier1,generated_datapath,infrastructure,5
_17854_,tier1,generated_control,infrastructure,4
_17855_,tier1,generated_control,infrastructure,5
_17856_,tier0,generated_control,infrastructure,4
_17857_,tier0,generated_control,infrastructure,4
_17858_,tier0,generated_control,infrastructure,4
_17859_,tier1,generated_control,infrastructure,5
_17860_,tier1,generated_datapath,infrastructure,5
_17861_,tier1,generated_datapath,infrastructure,8
_17862_,tier1,generated_control,infrastructure,4
_17863_,tier1,unclassified,infrastructure,6
_17864_,tier1,generated_datapath,infrastructure,6
_17865_,tier1,generated_control,infrastructure,4
_17866_,tier1,generated_control,infrastructure,4
_17867_,tier1,generated_datapath,infrastructure,7
_17868_,tier1,generated_datapath,infrastructure,5
_17869_,tier1,generated_control,infrastructure,4
_17870_,tier1,generated_datapath,infrastructure,5
_17871_,tier1,generated_datapath,infrastructure,5
_17872_,tier1,generated_datapath,infrastructure,5
_17873_,tier1,generated_control,infrastructure,5
_17874_,tier1,generated_control,infrastructure,5
_17875_,tier1,generated_datapath,infrastructure,6
_17876_,tier1,generated_datapath,infrastructure,5
_17877_,tier1,generated_datapath,infrastructure,6
_17878_,tier1,generated_datapath,infrastructure,5
_17879_,tier1,generated_control,infrastructure,4
_17880_,tier1,generated_datapath,infrastructure,5
_17881_,tier1,unclassified,infrastructure,6
_17882_,tier1,generated_control,infrastructure,5
_17883_,tier1,generated_control,infrastructure,5
_17884_,tier1,generated_control,infrastructure,4
_17885_,tier1,generated_datapath,infrastructure,5
_17886_,tier1,generated_datapath,infrastructure,7
_17887_,tier1,generated_control,infrastructure,5
_17888_,tier1,clock_reset,control,3
_17889_,tier1,generated_control,infrastructure,4
_17890_,tier1,generated_datapath,infrastructure,5
_17891_,tier1,generated_datapath,infrastructure,5
_17892_,tier1,generated_datapath,infrastructure,5
_17893_,tier1,generated_datapath,infrastructure,7
_17894_,tier1,generated_datapath,infrastructure,6
_17895_,tier1,generated_control,infrastructure,5
_17896_,tier1,generated_control,infrastructure,5
_17897_,tier1,generated_datapath,infrastructure,5
_17898_,tier1,generated_datapath,infrastructure,7
_17899_,tier1,generated_datapath,infrastructure,5
_17900_,tier1,unclassified,infrastructure,6
_17901_,tier1,generated_datapath,infrastructure,5
_17902_,tier1,generated_control,infrastructure,4
_17903_,tier0,clock_reset,control,3
_17904_,tier1,generated_datapath,infrastructure,5
_17905_,tier1,generated_datapath,infrastructure,5
_17906_,tier1,unclassified,infrastructure,7
_17907_,tier1,generated_control,infrastructure,5
_17908_,tier1,generated_control,infrastructure,5
_17909_,tier1,generated_datapath,infrastructure,5
_17910_,tier0,load_store,datapath,4
_17911_,tier1,generated_control,infrastructure,4
_17912_,tier1,unclassified,infrastructure,7
_17913_,tier1,generated_control,infrastructure,5
_17914_,tier1,generated_control,infrastructure,5
_17915_,tier1,generated_datapath,infrastructure,5
_17916_,tier1,generated_control,infrastructure,4
_17917_,tier1,generated_control,infrastructure,4
_17918_,tier1,generated_datapath,infrastructure,6
_17919_,tier1,generated_control,infrastructure,5
_17920_,tier1,clock_reset,control,3
_17921_,tier1,generated_control,infrastructure,4
_17922_,tier1,generated_datapath,infrastructure,5
_17923_,tier1,generated_control,infrastructure,5
_17924_,tier1,generated_datapath,infrastructure,6
_17925_,tier1,generated_datapath,infrastructure,5
_17926_,tier1,generated_control,infrastructure,4
_17927_,tier1,generated_control,infrastructure,5
_17928_,tier1,generated_control,infrastructure,4
_17929_,tier0,generated_control,infrastructure,4
_17930_,tier1,generated_datapath,infrastructure,5
_17931_,tier1,generated_datapath,infrastructure,5
_17932_,tier1,generated_datapath,infrastructure,6
_17933_,tier1,generated_control,infrastructure,4
_17934_,tier1,generated_datapath,infrastructure,5
_17935_,tier1,generated_datapath,infrastructure,6
_17936_,tier1,generated_datapath,infrastructure,7
_17937_,tier1,generated_datapath,infrastructure,5
_17938_,tier1,generated_datapath,infrastructure,5
_17939_,tier1,generated_datapath,infrastructure,6
_17940_,tier1,generated_control,infrastructure,4
_17941_,tier1,generated_control,infrastructure,5
_17942_,tier0,clock_reset,control,3
_17943_,tier1,generated_control,infrastructure,5
_17944_,tier1,generated_datapath,infrastructure,5
_17945_,tier0,generated_control,infrastructure,4
_17946_,tier1,generated_datapath,infrastructure,5
_17947_,tier1,generated_control,infrastructure,5
_17948_,tier0,generated_control,infrastructure,4
_17949_,tier1,generated_datapath,infrastructure,7
_17950_,tier1,generated_control,infrastructure,4
_17951_,tier1,generated_datapath,infrastructure,5
_17952_,tier1,unclassified,infrastructure,7
_17953_,tier1,generated_control,infrastructure,4
_17954_,tier1,generated_control,infrastructure,5
_17955_,tier1,generated_datapath,infrastructure,5
_17956_,tier0,generated_control,infrastructure,6
_17957_,tier1,generated_datapath,infrastructure,5
_17958_,tier1,generated_datapath,infrastructure,5
_17959_,tier1,generated_datapath,infrastructure,5
_17960_,tier1,generated_datapath,infrastructure,5
_17961_,tier1,generated_control,infrastructure,4
_17962_,tier1,generated_control,infrastructure,5
_17963_,tier0,generated_control,infrastructure,4
_17964_,tier1,unclassified,infrastructure,7
_17965_,tier1,generated_datapath,infrastructure,5
_17966_,tier0,generated_control,infrastructure,5
_17967_,tier1,generated_datapath,infrastructure,5
_17968_,tier1,generated_datapath,infrastructure,5
_17969_,tier1,generated_datapath,infrastructure,6
_17970_,tier0,generated_control,infrastructure,4
_17971_,tier1,generated_datapath,infrastructure,5
_17972_,tier1,generated_control,infrastructure,4
_17973_,tier1,generated_control,infrastructure,5
_17974_,tier1,clock_reset,control,3
_17975_,tier1,generated_control,infrastructure,4
_17976_,tier1,generated_datapath,infrastructure,5
_17977_,tier0,generated_control,infrastructure,5
_17978_,tier1,unclassified,infrastructure,7
_17979_,tier0,generated_control,infrastructure,4
_17980_,tier1,unclassified,infrastructure,7
_17981_,tier1,generated_datapath,infrastructure,6
_17982_,tier1,generated_datapath,infrastructure,5
_17983_,tier1,generated_datapath,infrastructure,6
_17984_,tier0,generated_control,infrastructure,3
_17985_,tier1,generated_control,infrastructure,4
_17986_,tier1,generated_datapath,infrastructure,6
_17987_,tier1,generated_datapath,infrastructure,5
_17988_,tier1,generated_datapath,infrastructure,6
_17989_,tier1,generated_control,infrastructure,4
_17990_,tier1,generated_datapath,infrastructure,7
_17991_,tier1,generated_control,infrastructure,5
_17992_,tier0,generated_control,infrastructure,4
_17993_,tier1,generated_control,infrastructure,4
_17994_,tier1,generated_control,infrastructure,4
_17995_,tier1,generated_datapath,infrastructure,6
_17996_,tier1,generated_control,infrastructure,4
_17997_,tier1,generated_datapath,infrastructure,5
_17998_,tier1,unclassified,infrastructure,7
_17999_,tier1,generated_datapath,infrastructure,7
_18000_,tier1,generated_datapath,infrastructure,5
_18001_,tier1,generated_datapath,infrastructure,5
_18002_,tier1,generated_control,infrastructure,4
_18003_,tier1,generated_control,infrastructure,4
_18004_,tier1,generated_datapath,infrastructure,6
_18005_,tier1,generated_datapath,infrastructure,7
_18006_,tier1,generated_control,infrastructure,5
_18007_,tier1,generated_control,infrastructure,5
_18008_,tier1,generated_datapath,infrastructure,5
_18009_,tier0,generated_control,infrastructure,4
_18010_,tier1,generated_datapath,infrastructure,5
_18011_,tier1,generated_control,infrastructure,5
_18012_,tier0,generated_control,infrastructure,4
_18013_,tier0,generated_control,infrastructure,4
_18014_,tier0,generated_control,infrastructure,4
_18015_,tier1,generated_control,infrastructure,4
_18016_,tier1,generated_datapath,infrastructure,5
_18017_,tier1,generated_datapath,infrastructure,7
_18018_,tier1,generated_control,infrastructure,5
_18019_,tier1,clock_reset,control,3
_18020_,tier1,generated_control,infrastructure,4
_18021_,tier1,generated_datapath,infrastructure,5
_18022_,tier1,generated_datapath,infrastructure,6
_18023_,tier1,generated_datapath,infrastructure,6
_18024_,tier1,unclassified,infrastructure,6
_18025_,tier1,generated_datapath,infrastructure,5
_18026_,tier1,generated_control,infrastructure,4
_18027_,tier1,generated_datapath,infrastructure,5
_18028_,tier1,generated_datapath,infrastructure,6
_18029_,tier0,generated_control,infrastructure,4
_18030_,tier0,generated_control,infrastructure,4
_18031_,tier0,generated_datapath,infrastructure,5
_18032_,tier0,generated_control,infrastructure,4
_18033_,tier1,generated_control,infrastructure,5
_18034_,tier0,decode_control,control,5
_18035_,tier0,generated_control,infrastructure,4
_18036_,tier0,generated_control,infrastructure,4
_18037_,tier0,generated_datapath,infrastructure,6
_18038_,tier0,unclassified,infrastructure,7
_18039_,tier1,generated_control,infrastructure,5
_18040_,tier0,clock_reset,control,3
_18041_,tier0,generated_control,infrastructure,5
_18042_,tier0,generated_control,infrastructure,4
_18043_,tier0,decode_control,control,5
_18044_,tier0,decode_control,control,5
_18045_,tier1,generated_datapath,infrastructure,5
_18046_,tier1,generated_control,infrastructure,5
_18047_,tier1,generated_datapath,infrastructure,6
_18048_,tier1,generated_datapath,infrastructure,5
_18049_,tier1,generated_datapath,infrastructure,5
_18050_,tier1,generated_datapath,infrastructure,5
_18051_,tier1,generated_datapath,infrastructure,5
_18052_,tier1,generated_datapath,infrastructure,5
_18053_,tier1,generated_datapath,infrastructure,5
_18054_,tier1,generated_datapath,infrastructure,5
_18055_,tier1,generated_datapath,infrastructure,5
_18056_,tier0,csr,control,4
_18057_,tier1,generated_datapath,infrastructure,6
_18058_,tier1,generated_datapath,infrastructure,5
_18059_,tier0,unclassified,infrastructure,7
_18060_,tier0,generated_datapath,infrastructure,5
_18061_,tier0,generated_control,infrastructure,4
_18062_,tier1,generated_control,infrastructure,4
_18063_,tier0,generated_control,infrastructure,4
_18064_,tier0,generated_datapath,infrastructure,4
_18065_,tier1,generated_datapath,infrastructure,5
_18066_,tier0,generated_control,infrastructure,4
_18067_,tier0,csr,control,7
_18068_,tier0,generated_control,infrastructure,5
_18069_,tier0,clock_reset,control,3
_18070_,tier0,generated_datapath,infrastructure,5
_18071_,tier1,generated_control,infrastructure,4
_18072_,tier1,generated_datapath,infrastructure,5
_18073_,tier1,generated_datapath,infrastructure,7
_18074_,tier1,generated_datapath,infrastructure,5
_18075_,tier1,generated_datapath,infrastructure,5
_18076_,tier1,generated_datapath,infrastructure,5
_18077_,tier0,decode_control,control,4
_18078_,tier0,decode_control,control,5
_18079_,tier0,generated_control,infrastructure,4
_18080_,tier0,decode_control,control,4
_18081_,tier0,fetch,control,7
_18082_,tier0,unclassified,infrastructure,6
_18083_,tier0,unclassified,infrastructure,6
_18084_,tier1,generated_datapath,infrastructure,6
_18085_,tier0,generated_datapath,infrastructure,5
_18086_,tier0,generated_datapath,infrastructure,4
_18087_,tier1,generated_datapath,infrastructure,6
_18088_,tier0,generated_control,infrastructure,5
_18089_,tier1,generated_control,infrastructure,4
_18090_,tier1,generated_datapath,infrastructure,7
_18091_,tier1,generated_control,infrastructure,4
_18092_,tier0,decode_control,control,5
_18093_,tier1,generated_datapath,infrastructure,5
_18094_,tier0,generated_datapath,infrastructure,6
_18095_,tier0,generated_control,infrastructure,4
_18096_,tier0,generated_datapath,infrastructure,5
_18097_,tier0,generated_control,infrastructure,4
_18098_,tier1,generated_datapath,infrastructure,4
_18099_,tier1,generated_datapath,infrastructure,6
_18100_,tier0,generated_control,infrastructure,5
_18101_,tier0,generated_control,infrastructure,4
_18102_,tier1,generated_datapath,infrastructure,7
_18103_,tier0,unclassified,infrastructure,7
_18104_,tier1,generated_datapath,infrastructure,6
_18105_,tier0,generated_datapath,infrastructure,5
_18106_,tier1,generated_datapath,infrastructure,4
_18107_,tier0,generated_datapath,infrastructure,5
_18108_,tier0,generated_control,infrastructure,4
_18109_,tier0,generated_control,infrastructure,4
_18110_,tier0,clock_reset,control,3
_18111_,tier0,generated_datapath,infrastructure,5
_18112_,tier0,decode_control,control,7
_18113_,tier1,generated_datapath,infrastructure,6
_18114_,tier0,generated_datapath,infrastructure,5
_18115_,tier0,generated_datapath,infrastructure,4
_18116_,tier0,generated_datapath,infrastructure,5
_18117_,tier0,generated_control,infrastructure,8
_18118_,tier0,decode_control,control,5
_18119_,tier0,generated_datapath,infrastructure,6
_18120_,tier0,generated_control,infrastructure,5
_18121_,tier0,generated_datapath,infrastructure,5
_18122_,tier0,generated_datapath,infrastructure,4
_18123_,tier0,generated_datapath,infrastructure,7
_18124_,tier1,generated_datapath,infrastructure,5
_18125_,tier0,generated_control,infrastructure,4
_18126_,tier0,generated_control,infrastructure,4
_18127_,tier0,generated_datapath,infrastructure,5
_18128_,tier0,generated_control,infrastructure,4
_18129_,tier0,generated_control,infrastructure,4
_18130_,tier0,generated_control,infrastructure,4
_18131_,tier0,generated_datapath,infrastructure,6
_18132_,tier0,generated_datapath,infrastructure,4
_18133_,tier1,generated_datapath,infrastructure,5
_18134_,tier0,generated_datapath,infrastructure,6
_18135_,tier0,generated_control,infrastructure,4
_18136_,tier0,generated_control,infrastructure,4
_18137_,tier0,generated_datapath,infrastructure,5
_18138_,tier0,generated_datapath,infrastructure,7
_18139_,tier0,generated_control,infrastructure,4
_18140_,tier0,generated_datapath,infrastructure,5
_18141_,tier0,generated_datapath,infrastructure,4
_18142_,tier1,generated_control,infrastructure,4
_18143_,tier1,generated_datapath,infrastructure,5
_18144_,tier0,generated_control,infrastructure,8
_18145_,tier0,generated_control,infrastructure,5
_18146_,tier0,generated_datapath,infrastructure,5
_18147_,tier0,generated_datapath,infrastructure,7
_18148_,tier0,generated_datapath,infrastructure,4
_18149_,tier0,generated_control,infrastructure,5
_18150_,tier1,generated_datapath,infrastructure,5
_18151_,tier0,generated_control,infrastructure,4
_18152_,tier0,generated_datapath,infrastructure,5
_18153_,tier0,generated_control,infrastructure,4
_18154_,tier1,generated_datapath,infrastructure,5
_18155_,tier0,generated_control,infrastructure,5
_18156_,tier1,generated_datapath,infrastructure,7
_18157_,tier1,generated_datapath,infrastructure,5
_18158_,tier0,generated_datapath,infrastructure,4
_18159_,tier0,generated_control,infrastructure,4
_18160_,tier0,generated_datapath,infrastructure,5
_18161_,tier1,generated_control,infrastructure,4
_18162_,tier0,generated_control,infrastructure,5
_18163_,tier0,generated_datapath,infrastructure,5
_18164_,tier0,generated_datapath,infrastructure,7
_18165_,tier0,generated_datapath,infrastructure,4
_18166_,tier0,generated_control,infrastructure,5
_18167_,tier0,generated_datapath,infrastructure,5
_18168_,tier0,generated_control,infrastructure,5
_18169_,tier0,generated_control,infrastructure,4
_18170_,tier0,generated_control,infrastructure,4
_18171_,tier0,generated_datapath,infrastructure,7
_18172_,tier0,generated_datapath,infrastructure,4
_18173_,tier1,generated_datapath,infrastructure,5
_18174_,tier1,generated_control,infrastructure,4
_18175_,tier1,generated_datapath,infrastructure,6
_18176_,tier1,generated_control,infrastructure,4
_18177_,tier0,generated_control,infrastructure,5
_18178_,tier0,generated_control,infrastructure,4
_18179_,tier0,generated_datapath,infrastructure,6
_18180_,tier0,generated_datapath,infrastructure,4
_18181_,tier0,unclassified,infrastructure,7
_18182_,tier0,generated_datapath,infrastructure,5
_18183_,tier1,generated_control,infrastructure,4
_18184_,tier0,generated_control,infrastructure,5
_18185_,tier0,generated_control,infrastructure,4
_18186_,tier0,generated_datapath,infrastructure,6
_18187_,tier0,generated_control,infrastructure,8
_18188_,tier0,generated_datapath,infrastructure,4
_18189_,tier0,unclassified,infrastructure,7
_18190_,tier0,generated_datapath,infrastructure,5
_18191_,tier1,generated_control,infrastructure,4
_18192_,tier0,generated_control,infrastructure,4
_18193_,tier1,generated_datapath,infrastructure,5
_18194_,tier0,generated_control,infrastructure,5
_18195_,tier0,generated_datapath,infrastructure,7
_18196_,tier0,generated_datapath,infrastructure,4
_18197_,tier0,generated_control,infrastructure,4
_18198_,tier0,unclassified,infrastructure,6
_18199_,tier0,generated_control,infrastructure,4
_18200_,tier0,generated_control,infrastructure,4
_18201_,tier0,generated_datapath,infrastructure,5
_18202_,tier0,generated_datapath,infrastructure,7
_18203_,tier0,generated_control,infrastructure,4
_18204_,tier0,generated_datapath,infrastructure,5
_18205_,tier0,generated_datapath,infrastructure,4
_18206_,tier1,generated_control,infrastructure,4
_18207_,tier1,generated_datapath,infrastructure,5
_18208_,tier1,generated_control,infrastructure,4
_18209_,tier0,generated_control,infrastructure,5
_18210_,tier0,generated_control,infrastructure,4
_18211_,tier0,generated_datapath,infrastructure,6
_18212_,tier1,unclassified,infrastructure,6
_18213_,tier0,generated_datapath,infrastructure,4
_18214_,tier1,generated_control,infrastructure,4
_18215_,tier1,generated_datapath,infrastructure,5
_18216_,tier0,generated_control,infrastructure,4
_18217_,tier0,generated_control,infrastructure,4
_18218_,tier0,generated_datapath,infrastructure,5
_18219_,tier0,generated_datapath,infrastructure,7
_18220_,tier1,generated_control,infrastructure,4
_18221_,tier0,generated_datapath,infrastructure,4
_18222_,tier1,generated_datapath,infrastructure,6
_18223_,tier1,generated_datapath,infrastructure,5
_18224_,tier0,generated_control,infrastructure,4
_18225_,tier1,generated_datapath,infrastructure,5
_18226_,tier0,generated_control,infrastructure,5
_18227_,tier1,generated_datapath,infrastructure,7
_18228_,tier0,generated_control,infrastructure,8
_18229_,tier0,generated_datapath,infrastructure,4
_18230_,tier1,generated_datapath,infrastructure,6
_18231_,tier1,generated_datapath,infrastructure,5
_18232_,tier0,generated_control,infrastructure,4
_18233_,tier0,generated_control,infrastructure,4
_18234_,tier0,generated_datapath,infrastructure,5
_18235_,tier0,generated_control,infrastructure,4
_18236_,tier0,generated_datapath,infrastructure,7
_18237_,tier1,generated_control,infrastructure,4
_18238_,tier0,generated_datapath,infrastructure,4
_18239_,tier1,generated_datapath,infrastructure,6
_18240_,tier1,generated_datapath,infrastructure,5
_18241_,tier0,generated_control,infrastructure,4
_18242_,tier0,generated_control,infrastructure,4
_18243_,tier0,generated_datapath,infrastructure,5
_18244_,tier0,generated_datapath,infrastructure,7
_18245_,tier1,generated_control,infrastructure,4
_18246_,tier0,generated_datapath,infrastructure,4
_18247_,tier1,generated_datapath,infrastructure,6
_18248_,tier1,generated_datapath,infrastructure,5
_18249_,tier0,generated_control,infrastructure,4
_18250_,tier0,generated_control,infrastructure,4
_18251_,tier0,generated_datapath,infrastructure,5
_18252_,tier0,generated_datapath,infrastructure,7
_18253_,tier1,generated_control,infrastructure,4
_18254_,tier0,generated_control,infrastructure,4
_18255_,tier0,generated_datapath,infrastructure,4
_18256_,tier1,generated_datapath,infrastructure,6
_18257_,tier1,generated_datapath,infrastructure,5
_18258_,tier0,generated_control,infrastructure,4
_18259_,tier0,generated_control,infrastructure,4
_18260_,tier0,generated_datapath,infrastructure,5
_18261_,tier0,generated_control,infrastructure,4
_18262_,tier0,generated_datapath,infrastructure,7
_18263_,tier1,generated_control,infrastructure,4
_18264_,tier0,generated_datapath,infrastructure,4
_18265_,tier0,clock_reset,control,3
_18266_,tier1,generated_datapath,infrastructure,6
_18267_,tier1,generated_datapath,infrastructure,5
_18268_,tier0,generated_control,infrastructure,4
_18269_,tier1,generated_datapath,infrastructure,5
_18270_,tier0,generated_control,infrastructure,5
_18271_,tier1,generated_datapath,infrastructure,7
_18272_,tier0,generated_datapath,infrastructure,4
_18273_,tier0,generated_control,infrastructure,5
_18274_,tier1,generated_datapath,infrastructure,6
_18275_,tier1,generated_datapath,infrastructure,5
_18276_,tier0,generated_control,infrastructure,4
_18277_,tier0,generated_control,infrastructure,4
_18278_,tier0,generated_datapath,infrastructure,5
_18279_,tier0,generated_datapath,infrastructure,7
_18280_,tier1,generated_control,infrastructure,4
_18281_,tier0,generated_datapath,infrastructure,4
_18282_,tier1,generated_datapath,infrastructure,6
_18283_,tier1,generated_datapath,infrastructure,5
_18284_,tier0,generated_control,infrastructure,4
_18285_,tier1,generated_datapath,infrastructure,5
_18286_,tier0,generated_control,infrastructure,5
_18287_,tier1,generated_datapath,infrastructure,7
_18288_,tier0,generated_control,infrastructure,5
_18289_,tier0,generated_datapath,infrastructure,4
_18290_,tier1,generated_datapath,infrastructure,6
_18291_,tier1,generated_datapath,infrastructure,5
_18292_,tier0,generated_control,infrastructure,4
_18293_,tier1,generated_datapath,infrastructure,5
_18294_,tier0,generated_control,infrastructure,5
_18295_,tier1,generated_datapath,infrastructure,7
_18296_,tier0,generated_control,infrastructure,3
_18297_,tier0,generated_datapath,infrastructure,4
_18298_,tier1,generated_datapath,infrastructure,6
_18299_,tier1,generated_datapath,infrastructure,5
_18300_,tier0,generated_control,infrastructure,4
_18301_,tier0,generated_control,infrastructure,4
_18302_,tier0,generated_datapath,infrastructure,5
_18303_,tier0,generated_datapath,infrastructure,7
_18304_,tier1,generated_control,infrastructure,4
_18305_,tier0,generated_datapath,infrastructure,4
_18306_,tier1,generated_datapath,infrastructure,6
_18307_,tier1,generated_datapath,infrastructure,5
_18308_,tier0,generated_control,infrastructure,4
_18309_,tier0,generated_control,infrastructure,4
_18310_,tier0,generated_datapath,infrastructure,5
_18311_,tier0,generated_datapath,infrastructure,7
_18312_,tier1,generated_control,infrastructure,4
_18313_,tier0,generated_datapath,infrastructure,4
_18314_,tier1,generated_datapath,infrastructure,6
_18315_,tier1,generated_datapath,infrastructure,5
_18316_,tier0,generated_control,infrastructure,4
_18317_,tier0,generated_control,infrastructure,4
_18318_,tier1,generated_datapath,infrastructure,5
_18319_,tier0,generated_datapath,infrastructure,5
_18320_,tier1,generated_control,infrastructure,5
_18321_,tier1,generated_control,infrastructure,5
_18322_,tier1,generated_control,infrastructure,5
_18323_,tier1,generated_control,infrastructure,5
_18324_,tier1,generated_control,infrastructure,5
_18325_,tier1,generated_control,infrastructure,5
_18326_,tier0,generated_control,infrastructure,8
_18327_,tier1,generated_control,infrastructure,5
_18328_,tier1,generated_control,infrastructure,5
_18329_,tier1,generated_control,infrastructure,5
_18330_,tier1,generated_control,infrastructure,5
_18331_,tier1,generated_control,infrastructure,5
_18332_,tier1,generated_control,infrastructure,5
_18333_,tier1,generated_control,infrastructure,5
_18334_,tier1,generated_control,infrastructure,5
_18335_,tier1,generated_control,infrastructure,5
_18336_,tier1,generated_control,infrastructure,5
_18337_,tier1,generated_control,infrastructure,5
_18338_,tier1,generated_control,infrastructure,5
_18339_,tier1,generated_control,infrastructure,5
_18340_,tier0,generated_control,infrastructure,5
_18341_,tier1,generated_control,infrastructure,5
_18342_,tier1,generated_control,infrastructure,5
_18343_,tier1,generated_control,infrastructure,5
_18344_,tier1,generated_control,infrastructure,5
_18345_,tier1,generated_control,infrastructure,5
_18346_,tier1,generated_control,infrastructure,5
_18347_,tier1,generated_control,infrastructure,5
_18348_,tier1,generated_control,infrastructure,5
_18349_,tier1,generated_control,infrastructure,5
_18350_,tier1,generated_control,infrastructure,5
_18351_,tier1,generated_control,infrastructure,5
_18352_,tier1,generated_control,infrastructure,5
_18353_,tier1,generated_control,infrastructure,5
_18354_,tier1,generated_control,infrastructure,5
_18355_,tier1,generated_control,infrastructure,5
_18356_,tier1,generated_control,infrastructure,5
_18357_,tier1,generated_control,infrastructure,5
_18358_,tier1,generated_control,infrastructure,5
_18359_,tier0,unclassified,infrastructure,6
_18360_,tier1,generated_control,infrastructure,5
_18361_,tier1,generated_control,infrastructure,5
_18362_,tier1,generated_control,infrastructure,5
_18363_,tier1,generated_control,infrastructure,5
_18364_,tier1,generated_control,infrastructure,5
_18365_,tier1,generated_control,infrastructure,5
_18366_,tier1,generated_control,infrastructure,5
_18367_,tier1,generated_control,infrastructure,5
_18368_,tier1,generated_control,infrastructure,5
_18369_,tier1,generated_control,infrastructure,5
_18370_,tier1,generated_control,infrastructure,4
_18371_,tier1,generated_datapath,infrastructure,5
_18372_,tier1,generated_datapath,infrastructure,5
_18373_,tier1,generated_datapath,infrastructure,6
_18374_,tier0,generated_control,infrastructure,4
_18375_,tier0,generated_control,infrastructure,4
_18376_,tier1,generated_datapath,infrastructure,5
_18377_,tier0,generated_control,infrastructure,4
_18378_,tier0,generated_control,infrastructure,4
_18379_,tier0,generated_datapath,infrastructure,5
_18380_,tier0,generated_control,infrastructure,4
_18381_,tier0,generated_datapath,infrastructure,4
_18382_,tier0,generated_control,infrastructure,4
_18383_,tier0,generated_datapath,infrastructure,5
_18384_,tier0,generated_control,infrastructure,5
_18385_,tier0,generated_datapath,infrastructure,4
_18386_,tier0,generated_datapath,infrastructure,5
_18387_,tier0,generated_control,infrastructure,6
_18388_,tier0,generated_datapath,infrastructure,4
_18389_,tier0,generated_control,infrastructure,4
_18390_,tier0,generated_control,infrastructure,4
_18391_,tier0,generated_datapath,infrastructure,5
_18392_,tier0,generated_datapath,infrastructure,4
_18393_,tier0,generated_control,infrastructure,4
_18394_,tier0,generated_control,infrastructure,4
_18395_,tier0,generated_control,infrastructure,4
_18396_,tier0,generated_datapath,infrastructure,4
_18397_,tier0,generated_control,infrastructure,4
_18398_,tier0,generated_datapath,infrastructure,5
_18399_,tier0,generated_control,infrastructure,5
_18400_,tier0,generated_datapath,infrastructure,4
_18401_,tier1,generated_control,infrastructure,5
_18402_,tier0,generated_control,infrastructure,4
_18403_,tier0,generated_control,infrastructure,6
_18404_,tier0,generated_datapath,infrastructure,4
_18405_,tier0,generated_datapath,infrastructure,5
_18406_,tier0,generated_control,infrastructure,5
_18407_,tier0,generated_datapath,infrastructure,4
_18408_,tier0,generated_control,infrastructure,4
_18409_,tier0,generated_datapath,infrastructure,5
_18410_,tier0,generated_control,infrastructure,6
_18411_,tier0,generated_datapath,infrastructure,4
_18412_,tier0,generated_datapath,infrastructure,5
_18413_,tier0,generated_control,infrastructure,4
_18414_,tier0,generated_datapath,infrastructure,4
_18415_,tier0,generated_datapath,infrastructure,5
_18416_,tier0,generated_datapath,infrastructure,4
_18417_,tier0,generated_datapath,infrastructure,5
_18418_,tier0,generated_control,infrastructure,5
_18419_,tier1,generated_datapath,infrastructure,5
_18420_,tier1,generated_control,infrastructure,4
_18421_,tier0,generated_control,infrastructure,5
_18422_,tier1,generated_datapath,infrastructure,7
_18423_,tier0,generated_control,infrastructure,4
_18424_,tier0,generated_datapath,infrastructure,4
_18425_,tier0,generated_datapath,infrastructure,5
_18426_,tier0,generated_datapath,infrastructure,5
_18427_,tier0,generated_control,infrastructure,5
_18428_,tier0,generated_control,infrastructure,4
_18429_,tier0,generated_control,infrastructure,4
_18430_,tier0,unclassified,infrastructure,6
_18431_,tier0,generated_control,infrastructure,4
_18432_,tier0,generated_datapath,infrastructure,4
_18433_,tier1,generated_control,infrastructure,5
_18434_,tier0,generated_control,infrastructure,6
_18435_,tier0,generated_control,infrastructure,8
_18436_,tier0,generated_datapath,infrastructure,4
_18437_,tier1,generated_control,infrastructure,5
_18438_,tier0,unclassified,infrastructure,6
_18439_,tier0,generated_control,infrastructure,6
_18440_,tier0,generated_control,infrastructure,6
_18441_,tier0,generated_control,infrastructure,4
_18442_,tier0,generated_control,infrastructure,4
_18443_,tier0,generated_control,infrastructure,4
_18444_,tier0,generated_control,infrastructure,4
_18445_,tier0,generated_control,infrastructure,4
_18446_,tier0,generated_control,infrastructure,4
_18447_,tier0,generated_control,infrastructure,4
_18448_,tier0,generated_control,infrastructure,4
_18449_,tier0,generated_datapath,infrastructure,4
_18450_,tier0,generated_control,infrastructure,4
_18451_,tier0,generated_control,infrastructure,4
_18452_,tier0,generated_datapath,infrastructure,5
_18453_,tier0,generated_control,infrastructure,6
_18454_,tier0,generated_control,infrastructure,4
_18455_,tier0,generated_control,infrastructure,4
_18456_,tier0,generated_control,infrastructure,4
_18457_,tier0,generated_control,infrastructure,6
_18458_,tier0,generated_datapath,infrastructure,4
_18459_,tier0,generated_datapath,infrastructure,5
_18460_,tier0,generated_control,infrastructure,5
_18461_,tier0,generated_datapath,infrastructure,4
_18462_,tier0,generated_control,infrastructure,4
_18463_,tier0,generated_control,infrastructure,4
_18464_,tier0,generated_control,infrastructure,4
_18465_,tier0,generated_datapath,infrastructure,4
_18466_,tier0,generated_control,infrastructure,4
_18467_,tier0,generated_control,infrastructure,4
_18468_,tier0,generated_control,infrastructure,5
_18469_,tier0,generated_datapath,infrastructure,4
_18470_,tier0,generated_control,infrastructure,4
_18471_,tier0,generated_control,infrastructure,4
_18472_,tier0,generated_control,infrastructure,6
_18473_,tier0,generated_datapath,infrastructure,4
_18474_,tier0,generated_control,infrastructure,4
_18475_,tier0,generated_control,infrastructure,4
_18476_,tier0,generated_control,infrastructure,4
_18477_,tier0,generated_control,infrastructure,8
_18478_,tier0,generated_datapath,infrastructure,4
_18479_,tier0,generated_control,infrastructure,4
_18480_,tier0,generated_control,infrastructure,4
_18481_,tier0,generated_control,infrastructure,4
_18482_,tier0,generated_datapath,infrastructure,4
_18483_,tier0,generated_control,infrastructure,4
_18484_,tier0,generated_control,infrastructure,4
_18485_,tier0,generated_control,infrastructure,5
_18486_,tier0,generated_datapath,infrastructure,4
_18487_,tier0,generated_control,infrastructure,4
_18488_,tier0,generated_control,infrastructure,4
_18489_,tier0,generated_datapath,infrastructure,5
_18490_,tier0,generated_control,infrastructure,5
_18491_,tier0,generated_control,infrastructure,4
_18492_,tier0,generated_control,infrastructure,5
_18493_,tier0,generated_control,infrastructure,5
_18494_,tier0,generated_control,infrastructure,5
_18495_,tier0,generated_control,infrastructure,5
_18496_,tier0,generated_control,infrastructure,5
_18497_,tier0,generated_control,infrastructure,5
_18498_,tier0,generated_control,infrastructure,5
_18499_,tier0,generated_control,infrastructure,5
_18500_,tier0,generated_control,infrastructure,5
_18501_,tier0,generated_control,infrastructure,8
_18502_,tier0,generated_control,infrastructure,5
_18503_,tier0,generated_control,infrastructure,5
_18504_,tier0,generated_control,infrastructure,5
_18505_,tier0,generated_control,infrastructure,5
_18506_,tier0,generated_control,infrastructure,5
_18507_,tier0,generated_control,infrastructure,5
_18508_,tier0,generated_control,infrastructure,5
_18509_,tier0,generated_control,infrastructure,5
_18510_,tier0,generated_control,infrastructure,5
_18511_,tier0,generated_control,infrastructure,5
_18512_,tier0,generated_control,infrastructure,5
_18513_,tier0,generated_control,infrastructure,4
_18514_,tier0,generated_control,infrastructure,5
_18515_,tier0,generated_control,infrastructure,5
_18516_,tier0,generated_control,infrastructure,5
_18517_,tier0,generated_control,infrastructure,5
_18518_,tier0,generated_control,infrastructure,5
_18519_,tier0,generated_control,infrastructure,5
_18520_,tier0,generated_control,infrastructure,5
_18521_,tier0,generated_control,infrastructure,5
_18522_,tier0,generated_control,infrastructure,5
_18523_,tier0,generated_control,infrastructure,5
_18524_,tier0,generated_control,infrastructure,5
_18525_,tier1,generated_datapath,infrastructure,5
_18526_,tier1,generated_control,infrastructure,4
_18527_,tier1,generated_datapath,infrastructure,5
_18528_,tier0,generated_control,infrastructure,6
_18529_,tier0,generated_control,infrastructure,4
_18530_,tier0,generated_control,infrastructure,4
_18531_,tier0,generated_control,infrastructure,5
_18532_,tier0,generated_control,infrastructure,4
_18533_,tier0,generated_control,infrastructure,4
_18534_,tier0,generated_control,infrastructure,4
_18535_,tier0,generated_control,infrastructure,4
_18536_,tier0,generated_control,infrastructure,6
_18537_,tier0,generated_control,infrastructure,5
_18538_,tier1,generated_datapath,infrastructure,5
_18539_,tier0,fetch,control,4
_18540_,tier0,pipeline_state,control,4
_18541_,tier0,generated_control,infrastructure,8
_18542_,tier0,generated_control,infrastructure,5
_18543_,tier0,generated_datapath,infrastructure,6
_18544_,tier0,generated_control,infrastructure,4
_18545_,tier0,generated_datapath,infrastructure,5
_18546_,tier0,generated_control,infrastructure,4
_18547_,tier0,generated_control,infrastructure,4
_18548_,tier0,generated_datapath,infrastructure,5
_18549_,tier0,generated_control,infrastructure,4
_18550_,tier0,generated_control,infrastructure,5
_18551_,tier0,generated_datapath,infrastructure,6
_18552_,tier0,generated_control,infrastructure,5
_18553_,tier0,generated_control,infrastructure,4
_18554_,tier0,generated_control,infrastructure,4
_18555_,tier0,generated_datapath,infrastructure,6
_18556_,tier0,generated_control,infrastructure,5
_18557_,tier0,generated_datapath,infrastructure,5
_18558_,tier0,generated_control,infrastructure,4
_18559_,tier0,generated_datapath,infrastructure,5
_18560_,tier0,generated_datapath,infrastructure,5
_18561_,tier0,unclassified,infrastructure,6
_18562_,tier0,generated_control,infrastructure,4
_18563_,tier0,generated_datapath,infrastructure,5
_18564_,tier0,generated_datapath,infrastructure,5
_18565_,tier0,generated_control,infrastructure,4
_18566_,tier0,generated_control,infrastructure,8
_18567_,tier0,generated_control,infrastructure,8
_18568_,tier0,generated_control,infrastructure,8
_18569_,tier0,generated_control,infrastructure,8
_18570_,tier0,generated_control,infrastructure,8
_18571_,tier0,generated_control,infrastructure,6
_18572_,tier0,generated_control,infrastructure,4
_18573_,tier1,generated_datapath,infrastructure,5
_18574_,tier1,generated_control,infrastructure,4
_18575_,tier1,generated_control,infrastructure,4
_18576_,tier0,generated_control,infrastructure,4
_18577_,tier1,generated_datapath,infrastructure,5
_18578_,tier0,generated_datapath,infrastructure,6
_18579_,tier1,generated_datapath,infrastructure,5
_18580_,tier0,generated_datapath,infrastructure,7
_18581_,tier1,generated_control,infrastructure,4
_18582_,tier1,generated_datapath,infrastructure,5
_18583_,tier0,generated_control,infrastructure,6
_18584_,tier0,unclassified,infrastructure,7
_18585_,tier0,generated_control,infrastructure,4
_18586_,tier0,unclassified,infrastructure,6
_18587_,tier0,generated_control,infrastructure,4
_18588_,tier1,generated_control,infrastructure,4
_18589_,tier1,generated_control,infrastructure,4
_18590_,tier0,generated_control,infrastructure,4
_18591_,tier0,multdiv,datapath,4
_18592_,tier1,generated_datapath,infrastructure,5
_18593_,tier0,generated_datapath,infrastructure,5
_18594_,tier1,generated_control,infrastructure,4
_18595_,tier0,unclassified,infrastructure,6
_18596_,tier0,generated_control,infrastructure,4
_18597_,tier0,generated_datapath,infrastructure,6
_18598_,tier0,generated_datapath,infrastructure,5
_18599_,tier0,generated_control,infrastructure,4
_18600_,tier0,generated_datapath,infrastructure,5
_18601_,tier0,generated_control,infrastructure,4
_18602_,tier0,generated_datapath,infrastructure,5
_18603_,tier0,generated_control,infrastructure,6
_18604_,tier0,generated_control,infrastructure,4
_18605_,tier1,generated_datapath,infrastructure,5
_18606_,tier0,generated_control,infrastructure,6
_18607_,tier0,generated_control,infrastructure,5
_18608_,tier0,generated_control,infrastructure,4
_18609_,tier0,generated_control,infrastructure,5
_18610_,tier0,generated_control,infrastructure,4
_18611_,tier1,generated_control,infrastructure,5
_18612_,tier0,generated_control,infrastructure,4
_18613_,tier1,generated_control,infrastructure,4
_18614_,tier0,generated_control,infrastructure,5
_18615_,tier1,generated_datapath,infrastructure,5
_18616_,tier0,generated_control,infrastructure,6
_18617_,tier0,generated_control,infrastructure,4
_18618_,tier0,generated_datapath,infrastructure,5
_18619_,tier1,generated_control,infrastructure,4
_18620_,tier0,generated_control,infrastructure,4
_18621_,tier0,generated_control,infrastructure,4
_18622_,tier0,generated_datapath,infrastructure,5
_18623_,tier0,generated_control,infrastructure,4
_18624_,tier0,generated_control,infrastructure,5
_18625_,tier0,generated_control,infrastructure,4
_18626_,tier0,generated_control,infrastructure,4
_18627_,tier0,generated_datapath,infrastructure,6
_18628_,tier0,generated_datapath,infrastructure,5
_18629_,tier1,generated_datapath,infrastructure,5
_18630_,tier0,decode_control,control,7
_18631_,tier0,generated_datapath,infrastructure,5
_18632_,tier1,generated_datapath,infrastructure,5
_18633_,tier1,generated_control,infrastructure,5
_18634_,tier0,generated_control,infrastructure,5
_18635_,tier0,unclassified,infrastructure,6
_18636_,tier0,generated_control,infrastructure,4
_18637_,tier1,generated_control,infrastructure,4
_18638_,tier1,generated_datapath,infrastructure,6
_18639_,tier1,generated_control,infrastructure,5
_18640_,tier1,generated_datapath,infrastructure,5
_18641_,tier1,generated_datapath,infrastructure,5
_18642_,tier0,generated_control,infrastructure,4
_18643_,tier1,generated_datapath,infrastructure,5
_18644_,tier1,generated_datapath,infrastructure,5
_18645_,tier0,multdiv,datapath,4
_18646_,tier0,generated_datapath,infrastructure,5
_18647_,tier0,generated_datapath,infrastructure,5
_18648_,tier0,fetch,control,6
_18649_,tier0,generated_control,infrastructure,4
_18650_,tier0,generated_datapath,infrastructure,5
_18651_,tier0,generated_control,infrastructure,4
_18652_,tier0,unclassified,infrastructure,7
_18653_,tier0,unclassified,infrastructure,7
_18654_,tier0,load_store,datapath,7
_18655_,tier0,unclassified,infrastructure,6
_18656_,tier0,generated_control,infrastructure,4
_18657_,tier0,generated_control,infrastructure,4
_18658_,tier0,generated_control,infrastructure,4
_18659_,tier0,generated_control,infrastructure,4
_18660_,tier0,generated_control,infrastructure,4
_18661_,tier0,generated_control,infrastructure,4
_18662_,tier0,generated_control,infrastructure,5
_18663_,tier0,generated_control,infrastructure,4
_18664_,tier0,generated_control,infrastructure,5
_18665_,tier0,generated_control,infrastructure,5
_18666_,tier1,generated_control,infrastructure,4
_18667_,tier1,generated_control,infrastructure,4
_18668_,tier0,clock_reset,control,3
_18669_,tier0,unclassified,infrastructure,6
_18670_,tier0,generated_datapath,infrastructure,5
_18671_,tier0,generated_control,infrastructure,5
_18672_,tier1,generated_datapath,infrastructure,5
_18673_,tier0,generated_control,infrastructure,4
_18674_,tier1,generated_datapath,infrastructure,5
_18675_,tier1,generated_control,infrastructure,5
_18676_,tier0,generated_control,infrastructure,4
_18677_,tier1,generated_datapath,infrastructure,5
_18678_,tier0,generated_control,infrastructure,4
_18679_,tier0,generated_control,infrastructure,4
_18680_,tier0,generated_control,infrastructure,5
_18681_,tier0,generated_control,infrastructure,6
_18682_,tier0,generated_control,infrastructure,4
_18683_,tier0,generated_control,infrastructure,4
_18684_,tier0,generated_control,infrastructure,4
_18685_,tier0,generated_datapath,infrastructure,5
_18686_,tier0,generated_control,infrastructure,4
_18687_,tier0,generated_control,infrastructure,4
_18688_,tier0,generated_control,infrastructure,4
_18689_,tier0,generated_datapath,infrastructure,5
_18690_,tier0,generated_control,infrastructure,4
_18691_,tier0,generated_control,infrastructure,4
_18692_,tier0,generated_datapath,infrastructure,5
_18693_,tier0,generated_control,infrastructure,4
_18694_,tier0,generated_datapath,infrastructure,4
_18695_,tier0,generated_datapath,infrastructure,4
_18696_,tier0,generated_control,infrastructure,4
_18697_,tier0,generated_datapath,infrastructure,5
_18698_,tier0,generated_control,infrastructure,4
_18699_,tier0,generated_datapath,infrastructure,5
_18700_,tier0,generated_control,infrastructure,4
_18701_,tier0,generated_datapath,infrastructure,5
_18702_,tier1,generated_control,infrastructure,4
_18703_,tier1,generated_datapath,infrastructure,5
_18704_,tier0,generated_control,infrastructure,4
_18705_,tier0,generated_control,infrastructure,5
_18706_,tier0,generated_datapath,infrastructure,4
_18707_,tier0,generated_datapath,infrastructure,4
_18708_,tier0,generated_control,infrastructure,4
_18709_,tier0,generated_datapath,infrastructure,5
_18710_,tier0,generated_control,infrastructure,5
_18711_,tier0,generated_control,infrastructure,6
_18712_,tier0,generated_control,infrastructure,5
_18713_,tier0,generated_control,infrastructure,5
_18714_,tier0,generated_control,infrastructure,5
_18715_,tier0,generated_control,infrastructure,4
_18716_,tier0,generated_control,infrastructure,4
_18717_,tier0,generated_control,infrastructure,5
_18718_,tier0,generated_datapath,infrastructure,5
_18719_,tier0,generated_datapath,infrastructure,5
_18720_,tier0,generated_control,infrastructure,4
_18721_,tier0,generated_datapath,infrastructure,5
_18722_,tier1,generated_control,infrastructure,5
_18723_,tier0,generated_control,infrastructure,4
_18724_,tier0,generated_datapath,infrastructure,4
_18725_,tier0,generated_datapath,infrastructure,4
_18726_,tier0,generated_control,infrastructure,5
_18727_,tier0,generated_datapath,infrastructure,5
_18728_,tier0,generated_control,infrastructure,4
_18729_,tier0,generated_datapath,infrastructure,5
_18730_,tier0,generated_control,infrastructure,5
_18731_,tier0,generated_control,infrastructure,4
_18732_,tier0,generated_datapath,infrastructure,5
_18733_,tier0,generated_control,infrastructure,4
_18734_,tier0,generated_control,infrastructure,4
_18735_,tier0,generated_control,infrastructure,4
_18736_,tier0,generated_control,infrastructure,4
_18737_,tier0,generated_datapath,infrastructure,5
_18738_,tier1,generated_control,infrastructure,5
_18739_,tier0,generated_control,infrastructure,4
_18740_,tier0,generated_datapath,infrastructure,5
_18741_,tier0,generated_control,infrastructure,4
_18742_,tier0,generated_datapath,infrastructure,5
_18743_,tier0,generated_datapath,infrastructure,7
_18744_,tier0,generated_control,infrastructure,5
_18745_,tier0,generated_control,infrastructure,4
_18746_,tier0,generated_control,infrastructure,4
_18747_,tier0,generated_control,infrastructure,4
_18748_,tier0,generated_control,infrastructure,4
_18749_,tier0,generated_control,infrastructure,4
_18750_,tier0,generated_control,infrastructure,4
_18751_,tier0,generated_control,infrastructure,4
_18752_,tier0,generated_control,infrastructure,6
_18753_,tier0,generated_datapath,infrastructure,5
_18754_,tier0,generated_control,infrastructure,4
_18755_,tier0,generated_datapath,infrastructure,5
_18756_,tier1,generated_control,infrastructure,4
_18757_,tier1,generated_datapath,infrastructure,5
_18758_,tier1,generated_control,infrastructure,5
_18759_,tier0,generated_datapath,infrastructure,5
_18760_,tier0,generated_datapath,infrastructure,4
_18761_,tier1,generated_datapath,infrastructure,4
_18762_,tier0,generated_control,infrastructure,4
_18763_,tier0,generated_datapath,infrastructure,5
_18764_,tier0,generated_control,infrastructure,4
_18765_,tier0,generated_control,infrastructure,5
_18766_,tier0,generated_datapath,infrastructure,5
_18767_,tier0,generated_control,infrastructure,5
_18768_,tier0,generated_control,infrastructure,4
_18769_,tier0,generated_control,infrastructure,4
_18770_,tier0,generated_control,infrastructure,4
_18771_,tier0,generated_control,infrastructure,5
_18772_,tier0,generated_datapath,infrastructure,7
_18773_,tier0,generated_control,infrastructure,5
_18774_,tier0,generated_datapath,infrastructure,7
_18775_,tier0,generated_control,infrastructure,5
_18776_,tier0,generated_control,infrastructure,4
_18777_,tier0,generated_datapath,infrastructure,5
_18778_,tier1,generated_control,infrastructure,4
_18779_,tier0,generated_control,infrastructure,4
_18780_,tier0,generated_control,infrastructure,5
_18781_,tier0,generated_datapath,infrastructure,4
_18782_,tier0,generated_control,infrastructure,4
_18783_,tier0,generated_datapath,infrastructure,5
_18784_,tier0,generated_control,infrastructure,4
_18785_,tier1,generated_datapath,infrastructure,7
_18786_,tier0,generated_datapath,infrastructure,5
_18787_,tier1,generated_control,infrastructure,5
_18788_,tier1,generated_control,infrastructure,4
_18789_,tier0,generated_control,infrastructure,4
_18790_,tier0,generated_datapath,infrastructure,5
_18791_,tier0,generated_control,infrastructure,4
_18792_,tier0,generated_datapath,infrastructure,5
_18793_,tier0,generated_control,infrastructure,5
_18794_,tier0,generated_control,infrastructure,5
_18795_,tier0,generated_control,infrastructure,4
_18796_,tier0,generated_control,infrastructure,4
_18797_,tier0,generated_datapath,infrastructure,5
_18798_,tier0,generated_control,infrastructure,4
_18799_,tier0,generated_control,infrastructure,5
_18800_,tier0,generated_control,infrastructure,5
_18801_,tier0,generated_datapath,infrastructure,6
_18802_,tier1,generated_control,infrastructure,6
_18803_,tier0,generated_control,infrastructure,4
_18804_,tier0,generated_datapath,infrastructure,5
_18805_,tier0,generated_control,infrastructure,4
_18806_,tier0,generated_control,infrastructure,6
_18807_,tier0,generated_datapath,infrastructure,5
_18808_,tier0,generated_control,infrastructure,4
_18809_,tier0,generated_control,infrastructure,4
_18810_,tier0,generated_control,infrastructure,5
_18811_,tier0,generated_control,infrastructure,4
_18812_,tier0,generated_control,infrastructure,4
_18813_,tier0,generated_datapath,infrastructure,5
_18814_,tier0,generated_control,infrastructure,4
_18815_,tier0,generated_control,infrastructure,4
_18816_,tier0,generated_datapath,infrastructure,5
_18817_,tier0,generated_control,infrastructure,5
_18818_,tier0,generated_control,infrastructure,4
_18819_,tier0,generated_control,infrastructure,5
_18820_,tier1,unclassified,infrastructure,7
_18821_,tier1,generated_datapath,infrastructure,5
_18822_,tier0,generated_control,infrastructure,6
_18823_,tier1,generated_control,infrastructure,4
_18824_,tier1,generated_control,infrastructure,4
_18825_,tier1,generated_control,infrastructure,4
_18826_,tier1,generated_datapath,infrastructure,5
_18827_,tier0,generated_control,infrastructure,4
_18828_,tier0,generated_control,infrastructure,6
_18829_,tier0,generated_datapath,infrastructure,5
_18830_,tier1,unclassified,infrastructure,6
_18831_,tier1,generated_datapath,infrastructure,5
_18832_,tier0,generated_control,infrastructure,4
_18833_,tier1,generated_datapath,infrastructure,6
_18834_,tier0,generated_control,infrastructure,4
_18835_,tier1,generated_control,infrastructure,5
_18836_,tier0,generated_control,infrastructure,4
_18837_,tier1,generated_control,infrastructure,4
_18838_,tier0,generated_control,infrastructure,4
_18839_,tier1,generated_datapath,infrastructure,5
_18840_,tier1,generated_control,infrastructure,4
_18841_,tier1,generated_datapath,infrastructure,5
_18842_,tier0,generated_control,infrastructure,5
_18843_,tier0,generated_control,infrastructure,5
_18844_,tier1,generated_control,infrastructure,4
_18845_,tier0,generated_control,infrastructure,5
_18846_,tier0,generated_control,infrastructure,4
_18847_,tier0,generated_control,infrastructure,5
_18848_,tier0,generated_control,infrastructure,5
_18849_,tier1,generated_datapath,infrastructure,6
_18850_,tier1,generated_datapath,infrastructure,6
_18851_,tier1,generated_control,infrastructure,4
_18852_,tier1,generated_control,infrastructure,4
_18853_,tier0,generated_datapath,infrastructure,6
_18854_,tier0,generated_control,infrastructure,5
_18855_,tier0,generated_control,infrastructure,4
_18856_,tier0,generated_control,infrastructure,5
_18857_,tier0,generated_datapath,infrastructure,6
_18858_,tier0,generated_datapath,infrastructure,5
_18859_,tier0,load_store,datapath,5
_18860_,tier0,generated_control,infrastructure,8
_18861_,tier0,generated_control,infrastructure,4
_18862_,tier0,generated_control,infrastructure,4
_18863_,tier1,load_store,datapath,4
_18864_,tier0,generated_control,infrastructure,5
_18865_,tier0,generated_control,infrastructure,5
_18866_,tier0,generated_control,infrastructure,5
_18867_,tier1,generated_datapath,infrastructure,6
_18868_,tier0,generated_control,infrastructure,5
_18869_,tier1,generated_datapath,infrastructure,6
_18870_,tier0,generated_control,infrastructure,5
_18871_,tier0,generated_datapath,infrastructure,8
_18872_,tier0,generated_datapath,infrastructure,6
_18873_,tier0,generated_datapath,infrastructure,6
_18874_,tier0,generated_datapath,infrastructure,7
_18875_,tier0,generated_control,infrastructure,6
_18876_,tier1,generated_datapath,infrastructure,5
_18877_,tier1,unclassified,infrastructure,6
_18878_,tier1,generated_datapath,infrastructure,5
_18879_,tier0,generated_control,infrastructure,5
_18880_,tier0,generated_control,infrastructure,4
_18881_,tier1,generated_datapath,infrastructure,5
_18882_,tier0,generated_control,infrastructure,5
_18883_,tier1,generated_datapath,infrastructure,5
_18884_,tier1,generated_datapath,infrastructure,5
_18885_,tier1,generated_control,infrastructure,5
_18886_,tier1,generated_datapath,infrastructure,6
_18887_,tier0,generated_control,infrastructure,4
_18888_,tier0,generated_datapath,infrastructure,5
_18889_,tier0,generated_control,infrastructure,4
_18890_,tier0,generated_control,infrastructure,5
_18891_,tier0,generated_datapath,infrastructure,5
_18892_,tier1,generated_control,infrastructure,5
_18893_,tier1,generated_control,infrastructure,4
_18894_,tier1,generated_datapath,infrastructure,5
_18895_,tier1,generated_control,infrastructure,4
_18896_,tier1,generated_datapath,infrastructure,5
_18897_,tier1,generated_control,infrastructure,4
_18898_,tier0,generated_control,infrastructure,5
_18899_,tier0,generated_control,infrastructure,4
_18900_,tier0,generated_control,infrastructure,4
_18901_,tier0,generated_datapath,infrastructure,5
_18902_,tier0,generated_datapath,infrastructure,5
_18903_,tier0,generated_control,infrastructure,5
_18904_,tier0,generated_control,infrastructure,5
_18905_,tier0,generated_control,infrastructure,4
_18906_,tier0,generated_datapath,infrastructure,5
_18907_,tier0,generated_control,infrastructure,5
_18908_,tier1,generated_control,infrastructure,4
_18909_,tier1,generated_datapath,infrastructure,5
_18910_,tier1,generated_datapath,infrastructure,5
_18911_,tier0,generated_control,infrastructure,5
_18912_,tier0,generated_datapath,infrastructure,6
_18913_,tier0,generated_control,infrastructure,5
_18914_,tier0,generated_control,infrastructure,5
_18915_,tier0,generated_control,infrastructure,5
_18916_,tier0,generated_control,infrastructure,4
_18917_,tier0,generated_control,infrastructure,4
_18918_,tier0,generated_control,infrastructure,4
_18919_,tier0,generated_control,infrastructure,4
_18920_,tier0,generated_datapath,infrastructure,6
_18921_,tier1,generated_datapath,infrastructure,6
_18922_,tier0,generated_control,infrastructure,5
_18923_,tier0,generated_control,infrastructure,4
_18924_,tier0,generated_control,infrastructure,5
_18925_,tier0,generated_control,infrastructure,4
_18926_,tier0,generated_datapath,infrastructure,5
_18927_,tier0,generated_control,infrastructure,4
_18928_,tier0,generated_control,infrastructure,4
_18929_,tier1,generated_control,infrastructure,4
_18930_,tier0,generated_control,infrastructure,4
_18931_,tier0,generated_datapath,infrastructure,5
_18932_,tier0,generated_control,infrastructure,4
_18933_,tier0,generated_datapath,infrastructure,5
_18934_,tier0,generated_control,infrastructure,4
_18935_,tier0,generated_control,infrastructure,4
_18936_,tier0,generated_datapath,infrastructure,6
_18937_,tier0,generated_datapath,infrastructure,5
_18938_,tier0,generated_control,infrastructure,5
_18939_,tier1,generated_datapath,infrastructure,5
_18940_,tier1,generated_datapath,infrastructure,5
_18941_,tier1,generated_control,infrastructure,4
_18942_,tier1,generated_datapath,infrastructure,5
_18943_,tier0,generated_control,infrastructure,4
_18944_,tier1,generated_control,infrastructure,4
_18945_,tier1,generated_control,infrastructure,4
_18946_,tier1,generated_control,infrastructure,4
_18947_,tier1,generated_control,infrastructure,4
_18948_,tier1,generated_datapath,infrastructure,5
_18949_,tier1,generated_datapath,infrastructure,5
_18950_,tier0,generated_datapath,infrastructure,5
_18951_,tier1,generated_datapath,infrastructure,5
_18952_,tier0,generated_control,infrastructure,4
_18953_,tier0,generated_control,infrastructure,4
_18954_,tier1,generated_datapath,infrastructure,5
_18955_,tier0,generated_control,infrastructure,4
_18956_,tier1,generated_datapath,infrastructure,5
_18957_,tier0,generated_datapath,infrastructure,6
_18958_,tier1,generated_datapath,infrastructure,6
_18959_,tier1,generated_datapath,infrastructure,6
_18960_,tier0,generated_datapath,infrastructure,5
_18961_,tier0,generated_control,infrastructure,4
_18962_,tier0,generated_datapath,infrastructure,6
_18963_,tier0,generated_datapath,infrastructure,6
_18964_,tier1,generated_datapath,infrastructure,7
_18965_,tier0,generated_control,infrastructure,4
_18966_,tier0,generated_datapath,infrastructure,6
_18967_,tier0,generated_datapath,infrastructure,7
_18968_,tier0,generated_control,infrastructure,6
_18969_,tier1,generated_datapath,infrastructure,6
_18970_,tier1,generated_datapath,infrastructure,5
_18971_,tier1,generated_control,infrastructure,4
_18972_,tier1,generated_datapath,infrastructure,5
_18973_,tier0,generated_control,infrastructure,5
_18974_,tier0,generated_control,infrastructure,5
_18975_,tier0,generated_control,infrastructure,5
_18976_,tier1,generated_datapath,infrastructure,6
_18977_,tier1,unclassified,infrastructure,6
_18978_,tier0,generated_control,infrastructure,4
_18979_,tier0,generated_control,infrastructure,5
_18980_,tier0,generated_control,infrastructure,5
_18981_,tier1,generated_datapath,infrastructure,5
_18982_,tier0,generated_control,infrastructure,4
_18983_,tier1,generated_datapath,infrastructure,5
_18984_,tier1,generated_control,infrastructure,5
_18985_,tier1,generated_datapath,infrastructure,6
_18986_,tier0,generated_control,infrastructure,5
_18987_,tier0,generated_control,infrastructure,5
_18988_,tier1,generated_control,infrastructure,4
_18989_,tier1,generated_datapath,infrastructure,5
_18990_,tier0,generated_control,infrastructure,5
_18991_,tier0,generated_control,infrastructure,4
_18992_,tier1,generated_control,infrastructure,5
_18993_,tier1,generated_datapath,infrastructure,5
_18994_,tier1,generated_control,infrastructure,5
_18995_,tier0,generated_control,infrastructure,5
_18996_,tier0,generated_control,infrastructure,4
_18997_,tier1,generated_datapath,infrastructure,5
_18998_,tier1,generated_control,infrastructure,4
_18999_,tier1,generated_datapath,infrastructure,5
_19000_,tier0,generated_control,infrastructure,4
_19001_,tier0,generated_control,infrastructure,4
_19002_,tier0,generated_control,infrastructure,5
_19003_,tier0,generated_control,infrastructure,5
_19004_,tier1,generated_datapath,infrastructure,5
_19005_,tier0,generated_control,infrastructure,5
_19006_,tier1,generated_control,infrastructure,5
_19007_,tier1,generated_control,infrastructure,4
_19008_,tier1,generated_datapath,infrastructure,5
_19009_,tier0,generated_control,infrastructure,4
_19010_,tier0,generated_datapath,infrastructure,5
_19011_,tier1,generated_datapath,infrastructure,5
_19012_,tier1,unclassified,infrastructure,6
_19013_,tier0,generated_control,infrastructure,4
_19014_,tier0,generated_datapath,infrastructure,5
_19015_,tier1,generated_datapath,infrastructure,5
_19016_,tier0,generated_control,infrastructure,4
_19017_,tier0,generated_control,infrastructure,4
_19018_,tier1,generated_datapath,infrastructure,5
_19019_,tier1,generated_control,infrastructure,4
_19020_,tier1,generated_datapath,infrastructure,5
_19021_,tier1,generated_control,infrastructure,4
_19022_,tier0,generated_datapath,infrastructure,6
_19023_,tier1,generated_datapath,infrastructure,6
_19024_,tier0,generated_datapath,infrastructure,6
_19025_,tier0,generated_datapath,infrastructure,7
_19026_,tier0,generated_control,infrastructure,5
_19027_,tier1,generated_datapath,infrastructure,7
_19028_,tier0,generated_datapath,infrastructure,6
_19029_,tier0,generated_datapath,infrastructure,6
_19030_,tier0,generated_control,infrastructure,6
_19031_,tier1,generated_datapath,infrastructure,6
_19032_,tier1,generated_datapath,infrastructure,5
_19033_,tier0,generated_control,infrastructure,5
_19034_,tier0,generated_control,infrastructure,5
_19035_,tier0,generated_control,infrastructure,5
_19036_,tier1,generated_datapath,infrastructure,6
_19037_,tier1,unclassified,infrastructure,6
_19038_,tier1,generated_datapath,infrastructure,5
_19039_,tier0,generated_control,infrastructure,4
_19040_,tier0,generated_control,infrastructure,4
_19041_,tier0,generated_control,infrastructure,4
_19042_,tier1,generated_datapath,infrastructure,5
_19043_,tier1,generated_datapath,infrastructure,5
_19044_,tier0,generated_control,infrastructure,5
_19045_,tier1,generated_control,infrastructure,5
_19046_,tier1,generated_control,infrastructure,4
_19047_,tier1,generated_datapath,infrastructure,5
_19048_,tier0,generated_control,infrastructure,5
_19049_,tier1,generated_control,infrastructure,4
_19050_,tier1,generated_datapath,infrastructure,6
_19051_,tier1,generated_datapath,infrastructure,5
_19052_,tier0,generated_control,infrastructure,4
_19053_,tier0,generated_datapath,infrastructure,5
_19054_,tier0,clock_reset,control,3
_19055_,tier0,generated_control,infrastructure,5
_19056_,tier0,generated_control,infrastructure,5
_19057_,tier0,generated_control,infrastructure,5
_19058_,tier0,generated_control,infrastructure,8
_19059_,tier1,generated_control,infrastructure,4
_19060_,tier1,generated_datapath,infrastructure,5
_19061_,tier0,generated_control,infrastructure,4
_19062_,tier0,generated_datapath,infrastructure,6
_19063_,tier1,generated_control,infrastructure,4
_19064_,tier1,generated_datapath,infrastructure,5
_19065_,tier0,generated_datapath,infrastructure,6
_19066_,tier1,generated_datapath,infrastructure,5
_19067_,tier0,generated_control,infrastructure,5
_19068_,tier1,generated_datapath,infrastructure,6
_19069_,tier0,unclassified,infrastructure,6
_19070_,tier1,generated_control,infrastructure,4
_19071_,tier1,generated_datapath,infrastructure,6
_19072_,tier0,generated_datapath,infrastructure,6
_19073_,tier0,generated_control,infrastructure,5
_19074_,tier0,generated_datapath,infrastructure,6
_19075_,tier1,generated_datapath,infrastructure,6
_19076_,tier1,generated_datapath,infrastructure,6
_19077_,tier1,generated_datapath,infrastructure,6
_19078_,tier0,generated_control,infrastructure,4
_19079_,tier1,generated_control,infrastructure,4
_19080_,tier0,generated_control,infrastructure,5
_19081_,tier0,generated_datapath,infrastructure,5
_19082_,tier1,generated_datapath,infrastructure,6
_19083_,tier0,generated_datapath,infrastructure,6
_19084_,tier0,generated_control,infrastructure,5
_19085_,tier1,generated_datapath,infrastructure,6
_19086_,tier1,generated_control,infrastructure,4
_19087_,tier1,generated_datapath,infrastructure,5
_19088_,tier0,generated_control,infrastructure,5
_19089_,tier0,generated_control,infrastructure,4
_19090_,tier1,generated_datapath,infrastructure,5
_19091_,tier0,generated_control,infrastructure,5
_19092_,tier0,generated_control,infrastructure,4
_19093_,tier0,clock_reset,control,3
_19094_,tier0,generated_control,infrastructure,5
_19095_,tier0,generated_control,infrastructure,4
_19096_,tier1,generated_datapath,infrastructure,5
_19097_,tier1,generated_control,infrastructure,4
_19098_,tier1,generated_control,infrastructure,4
_19099_,tier1,generated_control,infrastructure,4
_19100_,tier1,generated_datapath,infrastructure,5
_19101_,tier0,generated_control,infrastructure,5
_19102_,tier0,generated_control,infrastructure,5
_19103_,tier0,generated_control,infrastructure,5
_19104_,tier1,generated_datapath,infrastructure,6
_19105_,tier0,generated_control,infrastructure,4
_19106_,tier0,generated_control,infrastructure,4
_19107_,tier1,generated_datapath,infrastructure,5
_19108_,tier1,generated_control,infrastructure,4
_19109_,tier1,generated_control,infrastructure,4
_19110_,tier1,generated_control,infrastructure,4
_19111_,tier1,unclassified,infrastructure,6
_19112_,tier1,generated_control,infrastructure,4
_19113_,tier1,generated_datapath,infrastructure,5
_19114_,tier1,generated_control,infrastructure,5
_19115_,tier1,generated_datapath,infrastructure,6
_19116_,tier0,generated_control,infrastructure,5
_19117_,tier1,generated_datapath,infrastructure,6
_19118_,tier1,generated_datapath,infrastructure,5
_19119_,tier1,generated_datapath,infrastructure,5
_19120_,tier0,generated_control,infrastructure,4
_19121_,tier0,generated_datapath,infrastructure,5
_19122_,tier1,generated_control,infrastructure,4
_19123_,tier1,generated_control,infrastructure,4
_19124_,tier1,generated_control,infrastructure,4
_19125_,tier1,generated_datapath,infrastructure,5
_19126_,tier1,unclassified,infrastructure,6
_19127_,tier1,generated_datapath,infrastructure,7
_19128_,tier1,generated_control,infrastructure,4
_19129_,tier1,generated_datapath,infrastructure,5
_19130_,tier1,generated_datapath,infrastructure,6
_19131_,tier0,generated_datapath,infrastructure,6
_19132_,tier0,generated_datapath,infrastructure,6
_19133_,tier1,generated_datapath,infrastructure,6
_19134_,tier0,generated_datapath,infrastructure,6
_19135_,tier1,generated_datapath,infrastructure,6
_19136_,tier1,generated_control,infrastructure,4
_19137_,tier0,generated_control,infrastructure,5
_19138_,tier0,generated_datapath,infrastructure,5
_19139_,tier1,generated_datapath,infrastructure,6
_19140_,tier0,generated_datapath,infrastructure,6
_19141_,tier0,generated_control,infrastructure,5
_19142_,tier1,generated_datapath,infrastructure,6
_19143_,tier0,generated_control,infrastructure,5
_19144_,tier0,generated_control,infrastructure,4
_19145_,tier0,generated_datapath,infrastructure,5
_19146_,tier0,generated_control,infrastructure,4
_19147_,tier0,generated_control,infrastructure,4
_19148_,tier0,unclassified,infrastructure,6
_19149_,tier1,generated_control,infrastructure,4
_19150_,tier1,generated_datapath,infrastructure,6
_19151_,tier1,unclassified,infrastructure,6
_19152_,tier0,generated_control,infrastructure,5
_19153_,tier1,generated_datapath,infrastructure,5
_19154_,tier1,generated_datapath,infrastructure,5
_19155_,tier1,generated_control,infrastructure,5
_19156_,tier1,generated_datapath,infrastructure,5
_19157_,tier1,unclassified,infrastructure,7
_19158_,tier1,generated_datapath,infrastructure,5
_19159_,tier1,generated_control,infrastructure,4
_19160_,tier1,generated_datapath,infrastructure,5
_19161_,tier1,generated_control,infrastructure,4
_19162_,tier1,generated_datapath,infrastructure,6
_19163_,tier1,generated_datapath,infrastructure,6
_19164_,tier1,generated_datapath,infrastructure,5
_19165_,tier1,generated_datapath,infrastructure,5
_19166_,tier0,generated_control,infrastructure,4
_19167_,tier0,generated_datapath,infrastructure,5
_19168_,tier0,generated_datapath,infrastructure,6
_19169_,tier1,generated_control,infrastructure,4
_19170_,tier0,generated_control,infrastructure,4
_19171_,tier0,generated_control,infrastructure,4
_19172_,tier1,generated_datapath,infrastructure,5
_19173_,tier1,generated_control,infrastructure,4
_19174_,tier1,generated_datapath,infrastructure,5
_19175_,tier1,generated_datapath,infrastructure,5
_19176_,tier0,unclassified,infrastructure,6
_19177_,tier1,generated_datapath,infrastructure,6
_19178_,tier1,generated_datapath,infrastructure,6
_19179_,tier0,generated_control,infrastructure,5
_19180_,tier0,clock_reset,control,3
_19181_,tier0,generated_control,infrastructure,4
_19182_,tier0,generated_datapath,infrastructure,6
_19183_,tier0,generated_datapath,infrastructure,6
_19184_,tier1,generated_datapath,infrastructure,7
_19185_,tier0,generated_datapath,infrastructure,6
_19186_,tier0,generated_datapath,infrastructure,7
_19187_,tier0,generated_control,infrastructure,6
_19188_,tier1,generated_datapath,infrastructure,6
_19189_,tier1,generated_datapath,infrastructure,5
_19190_,tier0,generated_control,infrastructure,5
_19191_,tier0,generated_control,infrastructure,5
_19192_,tier0,generated_control,infrastructure,5
_19193_,tier0,generated_control,infrastructure,5
_19194_,tier1,generated_datapath,infrastructure,6
_19195_,tier1,unclassified,infrastructure,6
_19196_,tier0,generated_control,infrastructure,4
_19197_,tier0,generated_control,infrastructure,5
_19198_,tier0,generated_control,infrastructure,4
_19199_,tier0,generated_control,infrastructure,5
_19200_,tier0,generated_control,infrastructure,5
_19201_,tier0,generated_control,infrastructure,5
_19202_,tier1,generated_datapath,infrastructure,6
_19203_,tier0,generated_control,infrastructure,5
_19204_,tier1,generated_datapath,infrastructure,5
_19205_,tier1,generated_datapath,infrastructure,5
_19206_,tier1,generated_control,infrastructure,5
_19207_,tier1,generated_datapath,infrastructure,6
_19208_,tier1,generated_control,infrastructure,5
_19209_,tier1,generated_datapath,infrastructure,6
_19210_,tier1,generated_control,infrastructure,4
_19211_,tier0,generated_control,infrastructure,4
_19212_,tier1,generated_control,infrastructure,4
_19213_,tier1,generated_datapath,infrastructure,6
_19214_,tier1,generated_control,infrastructure,4
_19215_,tier1,generated_datapath,infrastructure,5
_19216_,tier0,generated_control,infrastructure,5
_19217_,tier1,generated_datapath,infrastructure,5
_19218_,tier1,generated_control,infrastructure,4
_19219_,tier1,generated_datapath,infrastructure,5
_19220_,tier0,generated_control,infrastructure,5
_19221_,tier1,generated_datapath,infrastructure,5
_19222_,tier1,generated_control,infrastructure,4
_19223_,tier1,generated_datapath,infrastructure,5
_19224_,tier1,generated_control,infrastructure,4
_19225_,tier1,generated_control,infrastructure,4
_19226_,tier0,generated_control,infrastructure,4
_19227_,tier0,generated_datapath,infrastructure,5
_19228_,tier1,generated_datapath,infrastructure,5
_19229_,tier0,generated_control,infrastructure,4
_19230_,tier0,generated_control,infrastructure,4
_19231_,tier1,generated_datapath,infrastructure,5
_19232_,tier1,generated_datapath,infrastructure,5
_19233_,tier1,generated_datapath,infrastructure,5
_19234_,tier1,generated_datapath,infrastructure,6
_19235_,tier1,generated_datapath,infrastructure,6
_19236_,tier0,clock_reset,control,3
_19237_,tier0,generated_control,infrastructure,5
_19238_,tier0,generated_control,infrastructure,4
_19239_,tier0,generated_datapath,infrastructure,6
_19240_,tier0,generated_datapath,infrastructure,7
_19241_,tier1,generated_datapath,infrastructure,7
_19242_,tier0,generated_datapath,infrastructure,6
_19243_,tier0,generated_datapath,infrastructure,6
_19244_,tier0,generated_control,infrastructure,6
_19245_,tier1,generated_datapath,infrastructure,6
_19246_,tier1,generated_datapath,infrastructure,5
_19247_,tier1,unclassified,infrastructure,6
_19248_,tier1,generated_datapath,infrastructure,5
_19249_,tier0,generated_control,infrastructure,4
_19250_,tier0,generated_control,infrastructure,5
_19251_,tier1,generated_datapath,infrastructure,5
_19252_,tier1,generated_datapath,infrastructure,5
_19253_,tier1,generated_control,infrastructure,5
_19254_,tier1,generated_datapath,infrastructure,5
_19255_,tier0,generated_control,infrastructure,5
_19256_,tier1,generated_control,infrastructure,4
_19257_,tier1,generated_control,infrastructure,5
_19258_,tier1,generated_datapath,infrastructure,6
_19259_,tier0,generated_control,infrastructure,4
_19260_,tier0,generated_datapath,infrastructure,5
_19261_,tier1,generated_datapath,infrastructure,5
_19262_,tier1,generated_datapath,infrastructure,5
_19263_,tier1,generated_control,infrastructure,4
_19264_,tier1,generated_datapath,infrastructure,6
_19265_,tier0,unclassified,infrastructure,6
_19266_,tier0,generated_datapath,infrastructure,5
_19267_,tier1,generated_control,infrastructure,5
_19268_,tier0,generated_control,infrastructure,4
_19269_,tier0,generated_control,infrastructure,4
_19270_,tier1,generated_datapath,infrastructure,5
_19271_,tier1,generated_control,infrastructure,4
_19272_,tier1,generated_datapath,infrastructure,5
_19273_,tier1,generated_control,infrastructure,4
_19274_,tier1,generated_datapath,infrastructure,6
_19275_,tier0,generated_datapath,infrastructure,5
_19276_,tier1,generated_datapath,infrastructure,6
_19277_,tier0,generated_control,infrastructure,6
_19278_,tier0,generated_datapath,infrastructure,6
_19279_,tier1,generated_datapath,infrastructure,7
_19280_,tier1,generated_datapath,infrastructure,7
_19281_,tier0,generated_datapath,infrastructure,6
_19282_,tier0,generated_datapath,infrastructure,6
_19283_,tier1,generated_control,infrastructure,6
_19284_,tier1,generated_datapath,infrastructure,6
_19285_,tier1,generated_datapath,infrastructure,5
_19286_,tier0,generated_control,infrastructure,8
_19287_,tier1,generated_datapath,infrastructure,6
_19288_,tier0,generated_datapath,infrastructure,6
_19289_,tier1,unclassified,infrastructure,6
_19290_,tier1,generated_datapath,infrastructure,5
_19291_,tier0,generated_control,infrastructure,4
_19292_,tier0,generated_control,infrastructure,4
_19293_,tier0,generated_control,infrastructure,8
_19294_,tier1,generated_datapath,infrastructure,6
_19295_,tier0,generated_control,infrastructure,5
_19296_,tier1,generated_datapath,infrastructure,5
_19297_,tier1,generated_datapath,infrastructure,5
_19298_,tier1,generated_control,infrastructure,5
_19299_,tier1,generated_datapath,infrastructure,6
_19300_,tier1,generated_control,infrastructure,4
_19301_,tier1,generated_control,infrastructure,4
_19302_,tier1,generated_control,infrastructure,4
_19303_,tier1,generated_datapath,infrastructure,6
_19304_,tier1,unclassified,infrastructure,6
_19305_,tier1,generated_datapath,infrastructure,5
_19306_,tier0,generated_control,infrastructure,5
_19307_,tier1,generated_datapath,infrastructure,5
_19308_,tier0,generated_control,infrastructure,4
_19309_,tier0,generated_control,infrastructure,4
_19310_,tier1,generated_datapath,infrastructure,5
_19311_,tier1,generated_datapath,infrastructure,5
_19312_,tier1,generated_datapath,infrastructure,5
_19313_,tier1,generated_datapath,infrastructure,6
_19314_,tier1,generated_datapath,infrastructure,6
_19315_,tier1,generated_datapath,infrastructure,5
_19316_,tier1,generated_datapath,infrastructure,5
_19317_,tier0,generated_datapath,infrastructure,6
_19318_,tier0,generated_datapath,infrastructure,6
_19319_,tier1,generated_datapath,infrastructure,7
_19320_,tier0,generated_datapath,infrastructure,6
_19321_,tier0,generated_datapath,infrastructure,7
_19322_,tier0,generated_control,infrastructure,6
_19323_,tier1,generated_datapath,infrastructure,6
_19324_,tier1,generated_datapath,infrastructure,5
_19325_,tier1,unclassified,infrastructure,6
_19326_,tier1,generated_datapath,infrastructure,5
_19327_,tier0,generated_control,infrastructure,4
_19328_,tier0,generated_control,infrastructure,8
_19329_,tier1,generated_control,infrastructure,4
_19330_,tier0,generated_control,infrastructure,4
_19331_,tier0,generated_control,infrastructure,4
_19332_,tier1,generated_datapath,infrastructure,5
_19333_,tier1,generated_datapath,infrastructure,7
_19334_,tier0,generated_datapath,infrastructure,5
_19335_,tier1,generated_datapath,infrastructure,5
_19336_,tier1,generated_control,infrastructure,4
_19337_,tier1,generated_control,infrastructure,4
_19338_,tier1,unclassified,infrastructure,7
_19339_,tier1,generated_control,infrastructure,5
_19340_,tier0,generated_control,infrastructure,4
_19341_,tier1,generated_datapath,infrastructure,5
_19342_,tier1,generated_control,infrastructure,4
_19343_,tier1,generated_datapath,infrastructure,5
_19344_,tier1,generated_control,infrastructure,4
_19345_,tier1,generated_datapath,infrastructure,6
_19346_,tier0,generated_control,infrastructure,5
_19347_,tier0,generated_control,infrastructure,5
_19348_,tier1,generated_datapath,infrastructure,6
_19349_,tier1,generated_datapath,infrastructure,5
_19350_,tier0,generated_control,infrastructure,4
_19351_,tier1,generated_datapath,infrastructure,6
_19352_,tier1,generated_datapath,infrastructure,6
_19353_,tier0,generated_control,infrastructure,4
_19354_,tier1,generated_datapath,infrastructure,6
_19355_,tier1,generated_control,infrastructure,4
_19356_,tier0,csr,control,8
_19357_,tier0,generated_datapath,infrastructure,6
_19358_,tier0,generated_datapath,infrastructure,7
_19359_,tier0,generated_datapath,infrastructure,7
_19360_,tier0,generated_datapath,infrastructure,7
_19361_,tier0,generated_control,infrastructure,6
_19362_,tier1,generated_datapath,infrastructure,5
_19363_,tier1,generated_control,infrastructure,4
_19364_,tier1,generated_control,infrastructure,6
_19365_,tier1,generated_datapath,infrastructure,5
_19366_,tier1,generated_datapath,infrastructure,5
_19367_,tier0,generated_control,infrastructure,4
_19368_,tier0,generated_control,infrastructure,4
_19369_,tier0,generated_control,infrastructure,4
_19370_,tier1,generated_datapath,infrastructure,5
_19371_,tier1,generated_control,infrastructure,4
_19372_,tier1,generated_control,infrastructure,4
_19373_,tier1,generated_datapath,infrastructure,6
_19374_,tier1,generated_datapath,infrastructure,5
_19375_,tier1,generated_datapath,infrastructure,5
_19376_,tier0,generated_control,infrastructure,4
_19377_,tier1,generated_datapath,infrastructure,5
_19378_,tier1,unclassified,infrastructure,6
_19379_,tier1,generated_datapath,infrastructure,6
_19380_,tier0,generated_control,infrastructure,4
_19381_,tier1,generated_datapath,infrastructure,5
_19382_,tier1,generated_datapath,infrastructure,5
_19383_,tier0,generated_control,infrastructure,5
_19384_,tier1,generated_datapath,infrastructure,6
_19385_,tier1,generated_control,infrastructure,4
_19386_,tier1,generated_datapath,infrastructure,6
_19387_,tier1,generated_datapath,infrastructure,6
_19388_,tier1,generated_datapath,infrastructure,6
_19389_,tier1,generated_datapath,infrastructure,5
_19390_,tier1,generated_datapath,infrastructure,5
_19391_,tier1,generated_datapath,infrastructure,6
_19392_,tier0,generated_datapath,infrastructure,8
_19393_,tier0,generated_datapath,infrastructure,5
_19394_,tier0,generated_datapath,infrastructure,6
_19395_,tier0,generated_datapath,infrastructure,6
_19396_,tier0,generated_datapath,infrastructure,7
_19397_,tier0,generated_control,infrastructure,6
_19398_,tier1,generated_datapath,infrastructure,5
_19399_,tier0,clock_reset,control,3
_19400_,tier0,generated_control,infrastructure,8
_19401_,tier1,generated_datapath,infrastructure,6
_19402_,tier1,unclassified,infrastructure,6
_19403_,tier1,generated_datapath,infrastructure,5
_19404_,tier0,generated_control,infrastructure,4
_19405_,tier0,generated_control,infrastructure,8
_19406_,tier1,generated_datapath,infrastructure,6
_19407_,tier1,generated_datapath,infrastructure,5
_19408_,tier0,generated_control,infrastructure,4
_19409_,tier1,generated_control,infrastructure,4
_19410_,tier0,generated_control,infrastructure,8
_19411_,tier0,generated_control,infrastructure,8
_19412_,tier1,generated_datapath,infrastructure,6
_19413_,tier1,generated_datapath,infrastructure,5
_19414_,tier0,generated_datapath,infrastructure,5
_19415_,tier0,generated_control,infrastructure,5
_19416_,tier1,generated_datapath,infrastructure,5
_19417_,tier1,generated_datapath,infrastructure,5
_19418_,tier1,generated_control,infrastructure,5
_19419_,tier1,generated_datapath,infrastructure,6
_19420_,tier1,generated_datapath,infrastructure,5
_19421_,tier0,generated_control,infrastructure,4
_19422_,tier0,generated_control,infrastructure,4
_19423_,tier1,generated_datapath,infrastructure,5
_19424_,tier1,generated_datapath,infrastructure,5
_19425_,tier1,generated_datapath,infrastructure,5
_19426_,tier1,generated_datapath,infrastructure,6
_19427_,tier0,generated_control,infrastructure,8
_19428_,tier1,generated_datapath,infrastructure,6
_19429_,tier0,generated_control,infrastructure,5
_19430_,tier0,generated_datapath,infrastructure,6
_19431_,tier0,generated_datapath,infrastructure,6
_19432_,tier1,generated_datapath,infrastructure,7
_19433_,tier0,generated_datapath,infrastructure,6
_19434_,tier0,generated_datapath,infrastructure,7
_19435_,tier0,generated_control,infrastructure,6
_19436_,tier1,generated_datapath,infrastructure,6
_19437_,tier1,generated_datapath,infrastructure,5
_19438_,tier1,unclassified,infrastructure,6
_19439_,tier1,generated_datapath,infrastructure,5
_19440_,tier0,generated_control,infrastructure,4
_19441_,tier0,generated_control,infrastructure,8
_19442_,tier1,generated_datapath,infrastructure,6
_19443_,tier0,generated_control,infrastructure,5
_19444_,tier1,generated_datapath,infrastructure,5
_19445_,tier1,generated_datapath,infrastructure,5
_19446_,tier1,generated_control,infrastructure,5
_19447_,tier1,generated_datapath,infrastructure,5
_19448_,tier1,generated_control,infrastructure,4
_19449_,tier1,generated_control,infrastructure,5
_19450_,tier1,generated_control,infrastructure,4
_19451_,tier1,generated_control,infrastructure,4
_19452_,tier0,generated_control,infrastructure,4
_19453_,tier1,generated_datapath,infrastructure,5
_19454_,tier0,generated_control,infrastructure,4
_19455_,tier1,generated_control,infrastructure,5
_19456_,tier1,generated_control,infrastructure,5
_19457_,tier0,generated_control,infrastructure,4
_19458_,tier0,generated_control,infrastructure,4
_19459_,tier1,generated_datapath,infrastructure,5
_19460_,tier1,generated_datapath,infrastructure,5
_19461_,tier0,generated_control,infrastructure,8
_19462_,tier1,generated_datapath,infrastructure,5
_19463_,tier1,generated_datapath,infrastructure,6
_19464_,tier1,generated_datapath,infrastructure,6
_19465_,tier0,clock_reset,control,3
_19466_,tier0,generated_datapath,infrastructure,6
_19467_,tier0,generated_datapath,infrastructure,6
_19468_,tier1,generated_datapath,infrastructure,7
_19469_,tier0,generated_datapath,infrastructure,6
_19470_,tier0,generated_datapath,infrastructure,7
_19471_,tier0,generated_control,infrastructure,6
_19472_,tier1,generated_datapath,infrastructure,6
_19473_,tier1,generated_datapath,infrastructure,5
_19474_,tier1,unclassified,infrastructure,6
_19475_,tier1,generated_datapath,infrastructure,5
_19476_,tier1,generated_control,infrastructure,4
_19477_,tier1,generated_datapath,infrastructure,6
_19478_,tier1,unclassified,infrastructure,6
_19479_,tier1,generated_datapath,infrastructure,5
_19480_,tier1,generated_datapath,infrastructure,5
_19481_,tier1,generated_control,infrastructure,4
_19482_,tier1,generated_control,infrastructure,4
_19483_,tier1,generated_datapath,infrastructure,5
_19484_,tier1,generated_datapath,infrastructure,5
_19485_,tier1,generated_control,infrastructure,4
_19486_,tier0,generated_control,infrastructure,5
_19487_,tier0,generated_control,infrastructure,8
_19488_,tier0,generated_datapath,infrastructure,6
_19489_,tier0,generated_control,infrastructure,4
_19490_,tier0,generated_control,infrastructure,4
_19491_,tier1,generated_datapath,infrastructure,5
_19492_,tier1,generated_datapath,infrastructure,5
_19493_,tier1,generated_datapath,infrastructure,6
_19494_,tier1,generated_datapath,infrastructure,6
_19495_,tier1,generated_datapath,infrastructure,6
_19496_,tier0,generated_datapath,infrastructure,8
_19497_,tier1,generated_datapath,infrastructure,7
_19498_,tier0,generated_datapath,infrastructure,6
_19499_,tier0,generated_datapath,infrastructure,6
_19500_,tier1,generated_datapath,infrastructure,6
_19501_,tier1,generated_control,infrastructure,6
_19502_,tier1,generated_datapath,infrastructure,6
_19503_,tier1,generated_datapath,infrastructure,5
_19504_,tier1,generated_control,infrastructure,5
_19505_,tier0,generated_control,infrastructure,8
_19506_,tier1,generated_datapath,infrastructure,5
_19507_,tier0,generated_control,infrastructure,5
_19508_,tier1,generated_datapath,infrastructure,6
_19509_,tier0,generated_control,infrastructure,4
_19510_,tier1,generated_datapath,infrastructure,5
_19511_,tier0,generated_control,infrastructure,4
_19512_,tier0,generated_control,infrastructure,5
_19513_,tier1,generated_datapath,infrastructure,5
_19514_,tier1,generated_datapath,infrastructure,5
_19515_,tier1,unclassified,infrastructure,7
_19516_,tier0,generated_control,infrastructure,5
_19517_,tier1,generated_control,infrastructure,4
_19518_,tier1,generated_control,infrastructure,4
_19519_,tier1,generated_datapath,infrastructure,6
_19520_,tier1,unclassified,infrastructure,6
_19521_,tier0,generated_control,infrastructure,4
_19522_,tier1,generated_control,infrastructure,4
_19523_,tier1,generated_datapath,infrastructure,5
_19524_,tier1,generated_datapath,infrastructure,5
_19525_,tier0,generated_control,infrastructure,4
_19526_,tier1,generated_control,infrastructure,5
_19527_,tier1,generated_control,infrastructure,5
_19528_,tier0,generated_control,infrastructure,4
_19529_,tier0,generated_control,infrastructure,4
_19530_,tier0,clock_reset,control,3
_19531_,tier1,generated_datapath,infrastructure,5
_19532_,tier1,generated_datapath,infrastructure,5
_19533_,tier1,generated_datapath,infrastructure,5
_19534_,tier1,generated_datapath,infrastructure,6
_19535_,tier1,generated_datapath,infrastructure,6
_19536_,tier0,generated_datapath,infrastructure,6
_19537_,tier0,generated_datapath,infrastructure,6
_19538_,tier1,generated_datapath,infrastructure,6
_19539_,tier1,generated_control,infrastructure,4
_19540_,tier0,generated_control,infrastructure,5
_19541_,tier0,generated_datapath,infrastructure,5
_19542_,tier1,generated_datapath,infrastructure,6
_19543_,tier0,generated_datapath,infrastructure,6
_19544_,tier0,generated_control,infrastructure,5
_19545_,tier1,generated_datapath,infrastructure,6
_19546_,tier0,generated_control,infrastructure,8
_19547_,tier0,generated_control,infrastructure,8
_19548_,tier1,generated_datapath,infrastructure,6
_19549_,tier1,unclassified,infrastructure,6
_19550_,tier1,generated_datapath,infrastructure,5
_19551_,tier0,generated_control,infrastructure,4
_19552_,tier0,generated_control,infrastructure,8
_19553_,tier1,generated_datapath,infrastructure,5
_19554_,tier0,generated_control,infrastructure,4
_19555_,tier0,generated_control,infrastructure,4
_19556_,tier0,generated_control,infrastructure,4
_19557_,tier1,generated_control,infrastructure,5
_19558_,tier0,generated_control,infrastructure,4
_19559_,tier0,generated_control,infrastructure,5
_19560_,tier1,generated_control,infrastructure,4
_19561_,tier1,generated_datapath,infrastructure,5
_19562_,tier1,generated_datapath,infrastructure,5
_19563_,tier1,unclassified,infrastructure,7
_19564_,tier1,generated_datapath,infrastructure,5
_19565_,tier1,generated_datapath,infrastructure,5
_19566_,tier1,generated_datapath,infrastructure,7
_19567_,tier1,generated_datapath,infrastructure,6
_19568_,tier1,generated_datapath,infrastructure,6
_19569_,tier0,unclassified,infrastructure,6
_19570_,tier1,generated_datapath,infrastructure,6
_19571_,tier0,trap_debug,control,8
_19572_,tier0,generated_datapath,infrastructure,7
_19573_,tier0,generated_datapath,infrastructure,6
_19574_,tier0,generated_datapath,infrastructure,6
_19575_,tier0,generated_control,infrastructure,6
_19576_,tier1,generated_datapath,infrastructure,5
_19577_,tier1,generated_datapath,infrastructure,5
_19578_,tier0,generated_datapath,infrastructure,5
_19579_,tier1,generated_datapath,infrastructure,5
_19580_,tier0,generated_control,infrastructure,4
_19581_,tier0,generated_control,infrastructure,5
_19582_,tier1,generated_datapath,infrastructure,5
_19583_,tier1,generated_datapath,infrastructure,5
_19584_,tier1,generated_control,infrastructure,5
_19585_,tier1,generated_datapath,infrastructure,5
_19586_,tier0,generated_control,infrastructure,4
_19587_,tier0,generated_datapath,infrastructure,6
_19588_,tier1,generated_control,infrastructure,5
_19589_,tier0,generated_control,infrastructure,4
_19590_,tier0,generated_control,infrastructure,4
_19591_,tier1,generated_datapath,infrastructure,5
_19592_,tier1,generated_datapath,infrastructure,5
_19593_,tier0,clock_reset,control,3
_19594_,tier1,generated_datapath,infrastructure,5
_19595_,tier1,generated_datapath,infrastructure,6
_19596_,tier1,generated_datapath,infrastructure,6
_19597_,tier0,generated_datapath,infrastructure,7
_19598_,tier0,generated_datapath,infrastructure,6
_19599_,tier0,generated_datapath,infrastructure,6
_19600_,tier0,generated_control,infrastructure,8
_19601_,tier0,generated_datapath,infrastructure,6
_19602_,tier0,generated_control,infrastructure,6
_19603_,tier1,generated_datapath,infrastructure,6
_19604_,tier1,generated_datapath,infrastructure,5
_19605_,tier1,generated_control,infrastructure,5
_19606_,tier0,generated_control,infrastructure,4
_19607_,tier0,generated_control,infrastructure,4
_19608_,tier1,generated_datapath,infrastructure,6
_19609_,tier1,generated_datapath,infrastructure,6
_19610_,tier1,generated_control,infrastructure,4
_19611_,tier1,generated_control,infrastructure,4
_19612_,tier0,generated_control,infrastructure,4
_19613_,tier0,generated_control,infrastructure,4
_19614_,tier0,generated_control,infrastructure,5
_19615_,tier0,generated_datapath,infrastructure,8
_19616_,tier0,generated_control,infrastructure,5
_19617_,tier1,generated_datapath,infrastructure,5
_19618_,tier1,generated_datapath,infrastructure,5
_19619_,tier0,generated_control,infrastructure,4
_19620_,tier1,generated_datapath,infrastructure,6
_19621_,tier1,generated_control,infrastructure,4
_19622_,tier1,generated_datapath,infrastructure,6
_19623_,tier0,generated_datapath,infrastructure,8
_19624_,tier0,generated_control,infrastructure,6
_19625_,tier0,generated_control,infrastructure,4
_19626_,tier0,generated_control,infrastructure,4
_19627_,tier1,generated_control,infrastructure,5
_19628_,tier0,generated_control,infrastructure,4
_19629_,tier1,generated_control,infrastructure,4
_19630_,tier1,generated_datapath,infrastructure,5
_19631_,tier1,generated_datapath,infrastructure,5
_19632_,tier1,unclassified,infrastructure,7
_19633_,tier1,generated_datapath,infrastructure,5
_19634_,tier1,generated_datapath,infrastructure,7
_19635_,tier1,generated_datapath,infrastructure,6
_19636_,tier0,generated_control,infrastructure,8
_19637_,tier1,generated_datapath,infrastructure,6
_19638_,tier1,generated_datapath,infrastructure,6
_19639_,tier0,generated_datapath,infrastructure,8
_19640_,tier0,generated_datapath,infrastructure,7
_19641_,tier0,generated_datapath,infrastructure,6
_19642_,tier0,generated_datapath,infrastructure,6
_19643_,tier0,generated_control,infrastructure,6
_19644_,tier1,generated_datapath,infrastructure,5
_19645_,tier1,generated_datapath,infrastructure,5
_19646_,tier0,generated_datapath,infrastructure,5
_19647_,tier1,generated_datapath,infrastructure,5
_19648_,tier0,generated_control,infrastructure,4
_19649_,tier1,generated_datapath,infrastructure,6
_19650_,tier0,generated_control,infrastructure,8
_19651_,tier1,generated_datapath,infrastructure,6
_19652_,tier1,generated_control,infrastructure,4
_19653_,tier0,generated_datapath,infrastructure,8
_19654_,tier0,generated_control,infrastructure,5
_19655_,tier0,generated_control,infrastructure,5
_19656_,tier0,generated_control,infrastructure,4
_19657_,tier0,generated_datapath,infrastructure,5
_19658_,tier0,clock_reset,control,3
_19659_,tier0,generated_control,infrastructure,5
_19660_,tier1,generated_datapath,infrastructure,5
_19661_,tier1,generated_datapath,infrastructure,5
_19662_,tier1,generated_control,infrastructure,5
_19663_,tier1,generated_datapath,infrastructure,6
_19664_,tier1,generated_datapath,infrastructure,5
_19665_,tier0,generated_control,infrastructure,4
_19666_,tier0,generated_control,infrastructure,4
_19667_,tier1,generated_datapath,infrastructure,5
_19668_,tier1,generated_datapath,infrastructure,5
_19669_,tier1,generated_datapath,infrastructure,5
_19670_,tier1,generated_datapath,infrastructure,6
_19671_,tier1,generated_datapath,infrastructure,6
_19672_,tier1,generated_datapath,infrastructure,6
_19673_,tier0,trap_debug,control,8
_19674_,tier0,generated_datapath,infrastructure,6
_19675_,tier0,generated_datapath,infrastructure,5
_19676_,tier0,generated_datapath,infrastructure,6
_19677_,tier0,generated_datapath,infrastructure,7
_19678_,tier0,generated_control,infrastructure,6
_19679_,tier1,generated_datapath,infrastructure,5
_19680_,tier1,generated_control,infrastructure,5
_19681_,tier1,generated_datapath,infrastructure,5
_19682_,tier1,generated_datapath,infrastructure,5
_19683_,tier1,generated_datapath,infrastructure,5
_19684_,tier1,generated_datapath,infrastructure,5
_19685_,tier1,generated_datapath,infrastructure,6
_19686_,tier1,generated_datapath,infrastructure,6
_19687_,tier1,generated_control,infrastructure,4
_19688_,tier0,generated_datapath,infrastructure,8
_19689_,tier0,generated_control,infrastructure,5
_19690_,tier0,generated_control,infrastructure,5
_19691_,tier1,generated_control,infrastructure,4
_19692_,tier0,generated_datapath,infrastructure,6
_19693_,tier1,unclassified,infrastructure,6
_19694_,tier1,generated_datapath,infrastructure,7
_19695_,tier1,generated_datapath,infrastructure,5
_19696_,tier1,generated_datapath,infrastructure,5
_19697_,tier1,generated_datapath,infrastructure,5
_19698_,tier1,generated_datapath,infrastructure,7
_19699_,tier1,generated_datapath,infrastructure,6
_19700_,tier1,generated_datapath,infrastructure,6
_19701_,tier1,generated_datapath,infrastructure,6
_19702_,tier1,generated_control,infrastructure,4
_19703_,tier0,generated_datapath,infrastructure,6
_19704_,tier0,generated_datapath,infrastructure,7
_19705_,tier0,generated_datapath,infrastructure,6
_19706_,tier0,generated_datapath,infrastructure,7
_19707_,tier0,generated_datapath,infrastructure,7
_19708_,tier0,generated_datapath,infrastructure,7
_19709_,tier0,generated_control,infrastructure,6
_19710_,tier1,generated_datapath,infrastructure,5
_19711_,tier1,generated_datapath,infrastructure,5
_19712_,tier1,generated_datapath,infrastructure,5
_19713_,tier1,generated_datapath,infrastructure,5
_19714_,tier1,generated_control,infrastructure,4
_19715_,tier1,generated_datapath,infrastructure,5
_19716_,tier0,generated_control,infrastructure,4
_19717_,tier1,generated_datapath,infrastructure,5
_19718_,tier0,generated_control,infrastructure,4
_19719_,tier0,generated_control,infrastructure,4
_19720_,tier0,generated_control,infrastructure,4
_19721_,tier0,generated_control,infrastructure,5
_19722_,tier0,generated_control,infrastructure,4
_19723_,tier1,generated_datapath,infrastructure,5
_19724_,tier1,generated_datapath,infrastructure,5
_19725_,tier1,generated_control,infrastructure,5
_19726_,tier1,generated_control,infrastructure,4
_19727_,tier1,generated_datapath,infrastructure,5
_19728_,tier0,generated_control,infrastructure,4
_19729_,tier1,generated_datapath,infrastructure,6
_19730_,tier0,generated_control,infrastructure,5
_19731_,tier1,generated_datapath,infrastructure,7
_19732_,tier1,generated_datapath,infrastructure,5
_19733_,tier0,generated_control,infrastructure,4
_19734_,tier0,generated_control,infrastructure,4
_19735_,tier1,generated_datapath,infrastructure,6
_19736_,tier1,generated_datapath,infrastructure,6
_19737_,tier0,generated_control,infrastructure,5
_19738_,tier1,generated_datapath,infrastructure,7
_19739_,tier0,generated_datapath,infrastructure,6
_19740_,tier0,generated_datapath,infrastructure,6
_19741_,tier0,generated_datapath,infrastructure,6
_19742_,tier1,generated_datapath,infrastructure,6
_19743_,tier0,generated_control,infrastructure,6
_19744_,tier1,generated_datapath,infrastructure,6
_19745_,tier1,generated_datapath,infrastructure,5
_19746_,tier1,generated_control,infrastructure,4
_19747_,tier1,generated_datapath,infrastructure,6
_19748_,tier1,generated_datapath,infrastructure,6
_19749_,tier1,generated_control,infrastructure,4
_19750_,tier0,generated_datapath,infrastructure,8
_19751_,tier0,generated_control,infrastructure,5
_19752_,tier0,generated_control,infrastructure,5
_19753_,tier1,generated_datapath,infrastructure,6
_19754_,tier1,generated_datapath,infrastructure,5
_19755_,tier0,generated_control,infrastructure,4
_19756_,tier1,generated_datapath,infrastructure,6
_19757_,tier1,generated_control,infrastructure,4
_19758_,tier0,generated_control,infrastructure,4
_19759_,tier1,generated_datapath,infrastructure,6
_19760_,tier0,generated_datapath,infrastructure,8
_19761_,tier0,generated_control,infrastructure,6
_19762_,tier0,generated_control,infrastructure,5
_19763_,tier1,generated_datapath,infrastructure,5
_19764_,tier1,generated_datapath,infrastructure,6
_19765_,tier1,generated_datapath,infrastructure,5
_19766_,tier0,generated_control,infrastructure,4
_19767_,tier0,generated_control,infrastructure,4
_19768_,tier1,generated_datapath,infrastructure,5
_19769_,tier1,generated_datapath,infrastructure,6
_19770_,tier0,generated_datapath,infrastructure,6
_19771_,tier1,generated_datapath,infrastructure,7
_19772_,tier1,generated_control,infrastructure,4
_19773_,tier1,generated_datapath,infrastructure,5
_19774_,tier1,generated_control,infrastructure,4
_19775_,tier1,generated_datapath,infrastructure,6
_19776_,tier1,generated_datapath,infrastructure,6
_19777_,tier0,generated_control,infrastructure,4
_19778_,tier0,generated_control,infrastructure,4
_19779_,tier0,generated_datapath,infrastructure,7
_19780_,tier0,generated_datapath,infrastructure,6
_19781_,tier0,generated_datapath,infrastructure,6
_19782_,tier0,generated_datapath,infrastructure,6
_19783_,tier0,generated_control,infrastructure,6
_19784_,tier1,generated_datapath,infrastructure,6
_19785_,tier1,generated_datapath,infrastructure,5
_19786_,tier1,generated_control,infrastructure,4
_19787_,tier1,generated_datapath,infrastructure,5
_19788_,tier1,generated_datapath,infrastructure,5
_19789_,tier0,generated_control,infrastructure,4
_19790_,tier0,generated_control,infrastructure,5
_19791_,tier1,generated_datapath,infrastructure,5
_19792_,tier1,generated_datapath,infrastructure,5
_19793_,tier1,generated_control,infrastructure,5
_19794_,tier0,generated_control,infrastructure,5
_19795_,tier1,generated_datapath,infrastructure,5
_19796_,tier1,generated_control,infrastructure,4
_19797_,tier0,generated_control,infrastructure,4
_19798_,tier0,generated_datapath,infrastructure,5
_19799_,tier1,generated_datapath,infrastructure,5
_19800_,tier0,generated_control,infrastructure,4
_19801_,tier1,generated_datapath,infrastructure,7
_19802_,tier0,generated_datapath,infrastructure,8
_19803_,tier0,generated_control,infrastructure,4
_19804_,tier0,generated_control,infrastructure,5
_19805_,tier0,generated_datapath,infrastructure,7
_19806_,tier1,generated_datapath,infrastructure,6
_19807_,tier1,generated_datapath,infrastructure,6
_19808_,tier1,generated_datapath,infrastructure,6
_19809_,tier1,generated_control,infrastructure,4
_19810_,tier0,generated_datapath,infrastructure,8
_19811_,tier0,generated_control,infrastructure,5
_19812_,tier0,generated_control,infrastructure,5
_19813_,tier0,generated_control,infrastructure,4
_19814_,tier1,generated_datapath,infrastructure,6
_19815_,tier1,generated_datapath,infrastructure,6
_19816_,tier1,generated_datapath,infrastructure,6
_19817_,tier0,generated_control,infrastructure,4
_19818_,tier0,generated_datapath,infrastructure,8
_19819_,tier0,generated_control,infrastructure,5
_19820_,tier1,generated_datapath,infrastructure,5
_19821_,tier1,generated_datapath,infrastructure,5
_19822_,tier0,generated_control,infrastructure,4
_19823_,tier0,generated_control,infrastructure,5
_19824_,tier1,generated_datapath,infrastructure,5
_19825_,tier1,generated_datapath,infrastructure,5
_19826_,tier1,generated_control,infrastructure,5
_19827_,tier1,generated_control,infrastructure,4
_19828_,tier1,generated_datapath,infrastructure,5
_19829_,tier0,generated_control,infrastructure,4
_19830_,tier0,generated_datapath,infrastructure,6
_19831_,tier0,generated_control,infrastructure,5
_19832_,tier1,generated_datapath,infrastructure,7
_19833_,tier1,generated_datapath,infrastructure,5
_19834_,tier1,generated_datapath,infrastructure,6
_19835_,tier1,generated_datapath,infrastructure,6
_19836_,tier1,generated_datapath,infrastructure,6
_19837_,tier1,generated_control,infrastructure,4
_19838_,tier0,generated_datapath,infrastructure,8
_19839_,tier0,generated_datapath,infrastructure,6
_19840_,tier0,generated_datapath,infrastructure,7
_19841_,tier0,generated_datapath,infrastructure,7
_19842_,tier0,generated_datapath,infrastructure,7
_19843_,tier0,generated_control,infrastructure,5
_19844_,tier0,generated_control,infrastructure,6
_19845_,tier0,generated_control,infrastructure,5
_19846_,tier0,generated_control,infrastructure,5
_19847_,tier0,generated_datapath,infrastructure,5
_19848_,tier0,generated_control,infrastructure,4
_19849_,tier0,generated_control,infrastructure,4
_19850_,tier0,generated_datapath,infrastructure,5
_19851_,tier0,generated_control,infrastructure,4
_19852_,tier0,generated_control,infrastructure,5
_19853_,tier1,generated_datapath,infrastructure,6
_19854_,tier0,generated_datapath,infrastructure,8
_19855_,tier0,generated_control,infrastructure,5
_19856_,tier0,unclassified,infrastructure,6
_19857_,tier1,generated_datapath,infrastructure,5
_19858_,tier0,generated_control,infrastructure,4
_19859_,tier0,generated_control,infrastructure,5
_19860_,tier1,generated_datapath,infrastructure,5
_19861_,tier1,generated_datapath,infrastructure,5
_19862_,tier1,generated_datapath,infrastructure,6
_19863_,tier1,generated_datapath,infrastructure,5
_19864_,tier1,generated_datapath,infrastructure,5
_19865_,tier1,generated_control,infrastructure,5
_19866_,tier0,generated_control,infrastructure,4
_19867_,tier0,generated_datapath,infrastructure,5
_19868_,tier1,generated_datapath,infrastructure,5
_19869_,tier1,generated_datapath,infrastructure,7
_19870_,tier0,generated_control,infrastructure,4
_19871_,tier0,generated_datapath,infrastructure,7
_19872_,tier0,generated_datapath,infrastructure,6
_19873_,tier0,generated_datapath,infrastructure,6
_19874_,tier0,generated_datapath,infrastructure,6
_19875_,tier0,generated_control,infrastructure,6
_19876_,tier0,generated_datapath,infrastructure,6
_19877_,tier0,generated_datapath,infrastructure,6
_19878_,tier1,generated_datapath,infrastructure,6
_19879_,tier1,generated_datapath,infrastructure,5
_19880_,tier0,generated_control,infrastructure,5
_19881_,tier0,generated_control,infrastructure,4
_19882_,tier1,generated_datapath,infrastructure,6
_19883_,tier0,generated_control,infrastructure,4
_19884_,tier0,generated_datapath,infrastructure,5
_19885_,tier0,generated_control,infrastructure,5
_19886_,tier0,generated_control,infrastructure,5
_19887_,tier0,generated_datapath,infrastructure,5
_19888_,tier1,generated_control,infrastructure,4
_19889_,tier1,generated_datapath,infrastructure,8
_19890_,tier1,generated_control,infrastructure,5
_19891_,tier1,generated_control,infrastructure,4
_19892_,tier1,generated_datapath,infrastructure,5
_19893_,tier0,generated_control,infrastructure,4
_19894_,tier0,generated_datapath,infrastructure,5
_19895_,tier0,generated_control,infrastructure,4
_19896_,tier0,generated_control,infrastructure,5
_19897_,tier0,generated_control,infrastructure,5
_19898_,tier0,generated_datapath,infrastructure,5
_19899_,tier1,generated_datapath,infrastructure,8
_19900_,tier0,generated_control,infrastructure,5
_19901_,tier0,generated_control,infrastructure,5
_19902_,tier0,generated_control,infrastructure,5
_19903_,tier0,generated_datapath,infrastructure,5
_19904_,tier0,generated_datapath,infrastructure,5
_19905_,tier1,generated_control,infrastructure,5
_19906_,tier1,generated_datapath,infrastructure,5
_19907_,tier1,generated_control,infrastructure,4
_19908_,tier0,generated_control,infrastructure,4
_19909_,tier0,generated_datapath,infrastructure,5
_19910_,tier1,generated_datapath,infrastructure,5
_19911_,tier1,generated_datapath,infrastructure,7
_19912_,tier1,generated_datapath,infrastructure,6
_19913_,tier1,generated_datapath,infrastructure,6
_19914_,tier0,generated_control,infrastructure,5
_19915_,tier0,generated_datapath,infrastructure,8
_19916_,tier0,generated_datapath,infrastructure,7
_19917_,tier0,generated_datapath,infrastructure,6
_19918_,tier0,generated_control,infrastructure,5
_19919_,tier1,generated_datapath,infrastructure,6
_19920_,tier1,generated_datapath,infrastructure,5
_19921_,tier1,generated_datapath,infrastructure,6
_19922_,tier1,generated_control,infrastructure,4
_19923_,tier0,generated_control,infrastructure,4
_19924_,tier1,generated_datapath,infrastructure,5
_19925_,tier0,generated_control,infrastructure,4
_19926_,tier0,generated_control,infrastructure,5
_19927_,tier1,generated_datapath,infrastructure,5
_19928_,tier1,generated_datapath,infrastructure,5
_19929_,tier1,generated_control,infrastructure,5
_19930_,tier1,generated_datapath,infrastructure,5
_19931_,tier1,generated_control,infrastructure,4
_19932_,tier0,generated_control,infrastructure,4
_19933_,tier0,generated_datapath,infrastructure,5
_19934_,tier1,generated_datapath,infrastructure,5
_19935_,tier1,generated_datapath,infrastructure,7
_19936_,tier0,generated_control,infrastructure,5
_19937_,tier0,generated_datapath,infrastructure,7
_19938_,tier0,generated_datapath,infrastructure,6
_19939_,tier0,generated_datapath,infrastructure,6
_19940_,tier0,generated_datapath,infrastructure,6
_19941_,tier0,generated_control,infrastructure,6
_19942_,tier1,generated_datapath,infrastructure,6
_19943_,tier1,generated_datapath,infrastructure,6
_19944_,tier1,generated_datapath,infrastructure,6
_19945_,tier1,generated_datapath,infrastructure,5
_19946_,tier1,generated_datapath,infrastructure,6
_19947_,tier1,generated_datapath,infrastructure,5
_19948_,tier1,generated_datapath,infrastructure,6
_19949_,tier0,generated_control,infrastructure,4
_19950_,tier1,generated_control,infrastructure,5
_19951_,tier0,generated_datapath,infrastructure,5
_19952_,tier0,generated_control,infrastructure,5
_19953_,tier0,generated_control,infrastructure,4
_19954_,tier0,generated_control,infrastructure,5
_19955_,tier0,generated_datapath,infrastructure,5
_19956_,tier1,generated_control,infrastructure,4
_19957_,tier1,generated_datapath,infrastructure,8
_19958_,tier1,generated_control,infrastructure,5
_19959_,tier1,generated_control,infrastructure,4
_19960_,tier1,generated_datapath,infrastructure,5
_19961_,tier0,generated_control,infrastructure,4
_19962_,tier0,generated_control,infrastructure,5
_19963_,tier1,generated_datapath,infrastructure,5
_19964_,tier1,generated_datapath,infrastructure,5
_19965_,tier1,generated_control,infrastructure,5
_19966_,tier1,generated_datapath,infrastructure,5
_19967_,tier0,generated_control,infrastructure,4
_19968_,tier0,generated_datapath,infrastructure,6
_19969_,tier1,generated_control,infrastructure,5
_19970_,tier0,generated_control,infrastructure,4
_19971_,tier0,generated_control,infrastructure,4
_19972_,tier1,generated_datapath,infrastructure,5
_19973_,tier1,generated_datapath,infrastructure,5
_19974_,tier0,generated_control,infrastructure,5
_19975_,tier1,generated_datapath,infrastructure,5
_19976_,tier0,generated_datapath,infrastructure,6
_19977_,tier1,generated_datapath,infrastructure,6
_19978_,tier0,generated_datapath,infrastructure,8
_19979_,tier1,generated_datapath,infrastructure,7
_19980_,tier0,csr,control,6
_19981_,tier0,generated_datapath,infrastructure,8
_19982_,tier0,generated_control,infrastructure,4
_19983_,tier0,generated_control,infrastructure,6
_19984_,tier1,generated_datapath,infrastructure,6
_19985_,tier1,generated_datapath,infrastructure,5
_19986_,tier1,generated_control,infrastructure,5
_19987_,tier0,generated_control,infrastructure,4
_19988_,tier0,generated_datapath,infrastructure,5
_19989_,tier0,generated_control,infrastructure,5
_19990_,tier0,generated_control,infrastructure,5
_19991_,tier0,generated_control,infrastructure,5
_19992_,tier0,generated_datapath,infrastructure,5
_19993_,tier1,generated_control,infrastructure,4
_19994_,tier1,generated_datapath,infrastructure,8
_19995_,tier1,generated_datapath,infrastructure,6
_19996_,tier1,generated_control,infrastructure,5
_19997_,tier1,generated_datapath,infrastructure,5
_19998_,tier1,generated_datapath,infrastructure,5
_19999_,tier0,generated_control,infrastructure,4
_20000_,tier0,generated_datapath,infrastructure,7
_20001_,tier0,generated_control,infrastructure,4
_20002_,tier0,generated_datapath,infrastructure,5
_20003_,tier1,generated_control,infrastructure,4
_20004_,tier1,generated_datapath,infrastructure,5
_20005_,tier1,generated_control,infrastructure,4
_20006_,tier0,unclassified,infrastructure,6
_20007_,tier0,generated_control,infrastructure,5
_20008_,tier1,generated_datapath,infrastructure,5
_20009_,tier1,generated_datapath,infrastructure,5
_20010_,tier1,generated_datapath,infrastructure,5
_20011_,tier0,generated_control,infrastructure,5
_20012_,tier0,generated_control,infrastructure,4
_20013_,tier0,generated_datapath,infrastructure,5
_20014_,tier0,generated_control,infrastructure,5
_20015_,tier0,generated_control,infrastructure,5
_20016_,tier0,generated_datapath,infrastructure,5
_20017_,tier1,generated_control,infrastructure,4
_20018_,tier1,generated_datapath,infrastructure,8
_20019_,tier0,generated_control,infrastructure,5
_20020_,tier0,unclassified,infrastructure,6
_20021_,tier1,generated_datapath,infrastructure,5
_20022_,tier0,generated_control,infrastructure,4
_20023_,tier0,generated_datapath,infrastructure,7
_20024_,tier0,generated_control,infrastructure,4
_20025_,tier1,generated_datapath,infrastructure,6
_20026_,tier0,generated_control,infrastructure,5
_20027_,tier1,generated_control,infrastructure,4
_20028_,tier1,generated_control,infrastructure,5
_20029_,tier1,generated_datapath,infrastructure,5
_20030_,tier1,generated_datapath,infrastructure,5
_20031_,tier1,unclassified,infrastructure,7
_20032_,tier0,generated_datapath,infrastructure,6
_20033_,tier1,generated_datapath,infrastructure,5
_20034_,tier1,generated_control,infrastructure,5
_20035_,tier0,generated_control,infrastructure,4
_20036_,tier0,generated_datapath,infrastructure,5
_20037_,tier0,generated_control,infrastructure,5
_20038_,tier0,generated_control,infrastructure,5
_20039_,tier0,generated_datapath,infrastructure,5
_20040_,tier1,generated_control,infrastructure,4
_20041_,tier1,generated_datapath,infrastructure,8
_20042_,tier1,generated_control,infrastructure,5
_20043_,tier1,unclassified,infrastructure,6
_20044_,tier1,generated_datapath,infrastructure,5
_20045_,tier0,generated_control,infrastructure,4
_20046_,tier0,generated_control,infrastructure,4
_20047_,tier0,generated_datapath,infrastructure,5
_20048_,tier0,generated_control,infrastructure,5
_20049_,tier0,generated_control,infrastructure,5
_20050_,tier0,generated_datapath,infrastructure,5
_20051_,tier1,generated_control,infrastructure,4
_20052_,tier1,generated_datapath,infrastructure,8
_20053_,tier0,generated_control,infrastructure,5
_20054_,tier0,generated_control,infrastructure,5
_20055_,tier1,generated_datapath,infrastructure,7
_20056_,tier1,generated_datapath,infrastructure,5
_20057_,tier0,generated_control,infrastructure,4
_20058_,tier0,generated_control,infrastructure,4
_20059_,tier0,generated_control,infrastructure,4
_20060_,tier1,generated_control,infrastructure,5
_20061_,tier0,generated_datapath,infrastructure,6
_20062_,tier0,generated_datapath,infrastructure,6
_20063_,tier0,unclassified,infrastructure,7
_20064_,tier1,generated_datapath,infrastructure,5
_20065_,tier1,generated_control,infrastructure,4
_20066_,tier1,generated_datapath,infrastructure,5
_20067_,tier1,generated_datapath,infrastructure,5
_20068_,tier0,generated_control,infrastructure,4
_20069_,tier0,generated_datapath,infrastructure,5
_20070_,tier1,generated_datapath,infrastructure,5
_20071_,tier1,generated_control,infrastructure,4
_20072_,tier1,generated_datapath,infrastructure,4
_20073_,tier1,generated_datapath,infrastructure,6
_20074_,tier1,generated_control,infrastructure,4
_20075_,tier1,generated_datapath,infrastructure,5
_20076_,tier1,generated_control,infrastructure,5
_20077_,tier1,generated_datapath,infrastructure,5
_20078_,tier1,unclassified,infrastructure,7
_20079_,tier1,generated_control,infrastructure,4
_20080_,tier1,generated_datapath,infrastructure,5
_20081_,tier0,generated_control,infrastructure,4
_20082_,tier0,generated_control,infrastructure,4
_20083_,tier0,generated_control,infrastructure,4
_20084_,tier0,generated_control,infrastructure,5
_20085_,tier0,generated_control,infrastructure,4
_20086_,tier1,unclassified,infrastructure,6
_20087_,tier0,generated_control,infrastructure,4
_20088_,tier1,generated_datapath,infrastructure,5
_20089_,tier0,generated_control,infrastructure,4
_20090_,tier1,generated_datapath,infrastructure,5
_20091_,tier0,generated_control,infrastructure,4
_20092_,tier0,unclassified,infrastructure,6
_20093_,tier0,generated_control,infrastructure,5
_20094_,tier0,generated_control,infrastructure,4
_20095_,tier1,generated_datapath,infrastructure,5
_20096_,tier0,generated_control,infrastructure,4
_20097_,tier1,generated_datapath,infrastructure,5
_20098_,tier0,generated_control,infrastructure,4
_20099_,tier1,generated_datapath,infrastructure,5
_20100_,tier0,generated_control,infrastructure,4
_20101_,tier1,generated_datapath,infrastructure,5
_20102_,tier0,generated_control,infrastructure,4
_20103_,tier1,generated_datapath,infrastructure,5
_20104_,tier0,generated_control,infrastructure,4
_20105_,tier1,generated_datapath,infrastructure,5
_20106_,tier1,generated_datapath,infrastructure,5
_20107_,tier0,generated_control,infrastructure,4
_20108_,tier1,generated_datapath,infrastructure,5
_20109_,tier1,generated_datapath,infrastructure,5
_20110_,tier0,generated_control,infrastructure,4
_20111_,tier1,generated_datapath,infrastructure,5
_20112_,tier0,generated_control,infrastructure,4
_20113_,tier1,generated_datapath,infrastructure,5
_20114_,tier0,generated_control,infrastructure,4
_20115_,tier1,generated_datapath,infrastructure,5
_20116_,tier0,generated_control,infrastructure,4
_20117_,tier1,generated_datapath,infrastructure,5
_20118_,tier0,generated_control,infrastructure,4
_20119_,tier1,generated_datapath,infrastructure,5
_20120_,tier0,generated_control,infrastructure,4
_20121_,tier1,generated_datapath,infrastructure,5
_20122_,tier0,generated_control,infrastructure,4
_20123_,tier1,generated_datapath,infrastructure,5
_20124_,tier0,generated_control,infrastructure,4
_20125_,tier1,generated_datapath,infrastructure,5
_20126_,tier0,generated_control,infrastructure,4
_20127_,tier1,generated_datapath,infrastructure,5
_20128_,tier0,generated_control,infrastructure,4
_20129_,tier1,generated_datapath,infrastructure,5
_20130_,tier0,generated_control,infrastructure,4
_20131_,tier1,generated_datapath,infrastructure,5
_20132_,tier0,generated_control,infrastructure,4
_20133_,tier1,generated_datapath,infrastructure,5
_20134_,tier0,generated_control,infrastructure,4
_20135_,tier1,generated_datapath,infrastructure,5
_20136_,tier0,generated_control,infrastructure,4
_20137_,tier1,generated_datapath,infrastructure,5
_20138_,tier0,generated_control,infrastructure,4
_20139_,tier1,generated_datapath,infrastructure,5
_20140_,tier0,generated_control,infrastructure,4
_20141_,tier1,generated_datapath,infrastructure,5
_20142_,tier0,generated_control,infrastructure,4
_20143_,tier1,generated_datapath,infrastructure,5
_20144_,tier0,generated_control,infrastructure,4
_20145_,tier1,generated_datapath,infrastructure,5
_20146_,tier0,generated_control,infrastructure,5
_20147_,tier0,generated_control,infrastructure,4
_20148_,tier0,generated_control,infrastructure,4
_20149_,tier0,generated_control,infrastructure,4
_20150_,tier1,generated_datapath,infrastructure,7
_20151_,tier0,generated_control,infrastructure,5
_20152_,tier0,generated_control,infrastructure,4
_20153_,tier1,unclassified,infrastructure,6
_20154_,tier0,generated_control,infrastructure,4
_20155_,tier1,generated_datapath,infrastructure,5
_20156_,tier0,generated_control,infrastructure,4
_20157_,tier1,generated_datapath,infrastructure,5
_20158_,tier0,generated_control,infrastructure,4
_20159_,tier0,unclassified,infrastructure,6
_20160_,tier0,generated_control,infrastructure,5
_20161_,tier0,generated_control,infrastructure,4
_20162_,tier1,generated_datapath,infrastructure,5
_20163_,tier0,generated_control,infrastructure,4
_20164_,tier1,generated_datapath,infrastructure,5
_20165_,tier0,generated_control,infrastructure,4
_20166_,tier1,generated_datapath,infrastructure,5
_20167_,tier0,generated_control,infrastructure,4
_20168_,tier1,generated_datapath,infrastructure,5
_20169_,tier0,generated_control,infrastructure,4
_20170_,tier1,generated_datapath,infrastructure,5
_20171_,tier0,generated_control,infrastructure,4
_20172_,tier1,generated_datapath,infrastructure,5
_20173_,tier0,generated_control,infrastructure,4
_20174_,tier1,generated_datapath,infrastructure,5
_20175_,tier0,generated_control,infrastructure,4
_20176_,tier1,generated_datapath,infrastructure,5
_20177_,tier0,generated_control,infrastructure,4
_20178_,tier1,generated_datapath,infrastructure,5
_20179_,tier0,generated_control,infrastructure,4
_20180_,tier1,generated_datapath,infrastructure,5
_20181_,tier0,generated_control,infrastructure,4
_20182_,tier1,generated_datapath,infrastructure,5
_20183_,tier0,generated_control,infrastructure,4
_20184_,tier1,generated_datapath,infrastructure,5
_20185_,tier0,generated_control,infrastructure,4
_20186_,tier1,generated_datapath,infrastructure,5
_20187_,tier0,generated_control,infrastructure,4
_20188_,tier1,generated_datapath,infrastructure,5
_20189_,tier1,generated_datapath,infrastructure,5
_20190_,tier0,generated_control,infrastructure,4
_20191_,tier1,generated_datapath,infrastructure,5
_20192_,tier0,generated_control,infrastructure,4
_20193_,tier1,generated_datapath,infrastructure,5
_20194_,tier0,generated_control,infrastructure,4
_20195_,tier1,generated_datapath,infrastructure,5
_20196_,tier1,generated_datapath,infrastructure,5
_20197_,tier0,generated_control,infrastructure,4
_20198_,tier1,generated_datapath,infrastructure,5
_20199_,tier0,generated_control,infrastructure,4
_20200_,tier1,generated_datapath,infrastructure,5
_20201_,tier0,generated_control,infrastructure,4
_20202_,tier1,generated_datapath,infrastructure,5
_20203_,tier0,generated_control,infrastructure,4
_20204_,tier1,generated_datapath,infrastructure,5
_20205_,tier0,generated_control,infrastructure,4
_20206_,tier1,generated_datapath,infrastructure,5
_20207_,tier0,generated_control,infrastructure,4
_20208_,tier1,generated_datapath,infrastructure,5
_20209_,tier0,generated_control,infrastructure,4
_20210_,tier1,generated_datapath,infrastructure,5
_20211_,tier0,generated_control,infrastructure,4
_20212_,tier1,generated_datapath,infrastructure,5
_20213_,tier0,generated_control,infrastructure,4
_20214_,tier0,generated_control,infrastructure,5
_20215_,tier0,generated_control,infrastructure,4
_20216_,tier1,unclassified,infrastructure,6
_20217_,tier0,generated_control,infrastructure,4
_20218_,tier1,generated_datapath,infrastructure,5
_20219_,tier0,generated_control,infrastructure,4
_20220_,tier1,generated_datapath,infrastructure,5
_20221_,tier0,generated_control,infrastructure,4
_20222_,tier0,unclassified,infrastructure,6
_20223_,tier0,generated_control,infrastructure,5
_20224_,tier0,generated_control,infrastructure,4
_20225_,tier1,generated_datapath,infrastructure,5
_20226_,tier0,generated_control,infrastructure,4
_20227_,tier1,generated_datapath,infrastructure,5
_20228_,tier0,generated_control,infrastructure,4
_20229_,tier1,generated_datapath,infrastructure,5
_20230_,tier0,generated_control,infrastructure,4
_20231_,tier1,generated_datapath,infrastructure,5
_20232_,tier0,generated_control,infrastructure,4
_20233_,tier1,generated_datapath,infrastructure,5
_20234_,tier0,generated_control,infrastructure,4
_20235_,tier1,generated_datapath,infrastructure,5
_20236_,tier0,generated_control,infrastructure,4
_20237_,tier1,generated_datapath,infrastructure,5
_20238_,tier0,generated_control,infrastructure,4
_20239_,tier1,generated_datapath,infrastructure,5
_20240_,tier0,generated_control,infrastructure,4
_20241_,tier1,generated_datapath,infrastructure,5
_20242_,tier0,generated_control,infrastructure,8
_20243_,tier0,generated_control,infrastructure,4
_20244_,tier1,generated_datapath,infrastructure,5
_20245_,tier0,generated_control,infrastructure,4
_20246_,tier1,generated_datapath,infrastructure,5
_20247_,tier0,generated_control,infrastructure,4
_20248_,tier1,generated_datapath,infrastructure,5
_20249_,tier0,generated_control,infrastructure,4
_20250_,tier1,generated_datapath,infrastructure,5
_20251_,tier0,generated_control,infrastructure,4
_20252_,tier1,generated_datapath,infrastructure,5
_20253_,tier0,generated_control,infrastructure,4
_20254_,tier1,generated_datapath,infrastructure,5
_20255_,tier0,generated_control,infrastructure,4
_20256_,tier1,generated_datapath,infrastructure,5
_20257_,tier0,generated_control,infrastructure,4
_20258_,tier1,generated_datapath,infrastructure,5
_20259_,tier0,generated_control,infrastructure,4
_20260_,tier1,generated_datapath,infrastructure,5
_20261_,tier0,generated_control,infrastructure,4
_20262_,tier1,generated_datapath,infrastructure,5
_20263_,tier0,generated_control,infrastructure,4
_20264_,tier1,generated_datapath,infrastructure,5
_20265_,tier0,generated_control,infrastructure,4
_20266_,tier1,generated_datapath,infrastructure,5
_20267_,tier0,generated_control,infrastructure,4
_20268_,tier1,generated_datapath,infrastructure,5
_20269_,tier0,generated_control,infrastructure,4
_20270_,tier1,generated_datapath,infrastructure,5
_20271_,tier0,generated_control,infrastructure,4
_20272_,tier1,generated_datapath,infrastructure,5
_20273_,tier0,generated_control,infrastructure,4
_20274_,tier1,generated_datapath,infrastructure,5
_20275_,tier0,generated_control,infrastructure,5
_20276_,tier0,generated_control,infrastructure,4
_20277_,tier0,generated_control,infrastructure,5
_20278_,tier0,generated_control,infrastructure,4
_20279_,tier1,unclassified,infrastructure,6
_20280_,tier0,generated_control,infrastructure,4
_20281_,tier1,generated_datapath,infrastructure,5
_20282_,tier0,generated_control,infrastructure,4
_20283_,tier1,generated_datapath,infrastructure,5
_20284_,tier0,generated_control,infrastructure,4
_20285_,tier0,unclassified,infrastructure,6
_20286_,tier0,generated_control,infrastructure,5
_20287_,tier0,generated_control,infrastructure,4
_20288_,tier1,generated_datapath,infrastructure,5
_20289_,tier0,generated_control,infrastructure,4
_20290_,tier1,generated_datapath,infrastructure,5
_20291_,tier0,generated_control,infrastructure,4
_20292_,tier1,generated_datapath,infrastructure,5
_20293_,tier0,generated_control,infrastructure,4
_20294_,tier1,generated_datapath,infrastructure,5
_20295_,tier0,generated_control,infrastructure,4
_20296_,tier0,generated_control,infrastructure,8
_20297_,tier1,generated_datapath,infrastructure,5
_20298_,tier0,generated_control,infrastructure,4
_20299_,tier1,generated_datapath,infrastructure,5
_20300_,tier0,generated_control,infrastructure,4
_20301_,tier1,generated_datapath,infrastructure,5
_20302_,tier0,generated_control,infrastructure,4
_20303_,tier1,generated_datapath,infrastructure,5
_20304_,tier0,generated_control,infrastructure,4
_20305_,tier1,generated_datapath,infrastructure,5
_20306_,tier0,generated_control,infrastructure,4
_20307_,tier1,generated_datapath,infrastructure,5
_20308_,tier0,generated_control,infrastructure,4
_20309_,tier1,generated_datapath,infrastructure,5
_20310_,tier0,generated_control,infrastructure,4
_20311_,tier1,generated_datapath,infrastructure,5
_20312_,tier0,generated_control,infrastructure,4
_20313_,tier1,generated_datapath,infrastructure,5
_20314_,tier0,generated_control,infrastructure,4
_20315_,tier1,generated_datapath,infrastructure,5
_20316_,tier0,generated_control,infrastructure,4
_20317_,tier1,generated_datapath,infrastructure,5
_20318_,tier0,generated_control,infrastructure,4
_20319_,tier1,generated_datapath,infrastructure,5
_20320_,tier0,generated_control,infrastructure,4
_20321_,tier1,generated_datapath,infrastructure,5
_20322_,tier0,generated_control,infrastructure,4
_20323_,tier1,generated_datapath,infrastructure,5
_20324_,tier0,generated_control,infrastructure,4
_20325_,tier1,generated_datapath,infrastructure,5
_20326_,tier0,generated_control,infrastructure,4
_20327_,tier1,generated_datapath,infrastructure,5
_20328_,tier0,generated_control,infrastructure,4
_20329_,tier1,generated_datapath,infrastructure,5
_20330_,tier0,generated_control,infrastructure,4
_20331_,tier1,generated_datapath,infrastructure,5
_20332_,tier0,generated_control,infrastructure,4
_20333_,tier1,generated_datapath,infrastructure,5
_20334_,tier0,generated_control,infrastructure,4
_20335_,tier1,generated_datapath,infrastructure,5
_20336_,tier0,generated_control,infrastructure,4
_20337_,tier1,generated_datapath,infrastructure,5
_20338_,tier0,generated_control,infrastructure,4
_20339_,tier0,generated_control,infrastructure,5
_20340_,tier0,generated_control,infrastructure,6
_20341_,tier0,generated_control,infrastructure,5
_20342_,tier0,generated_control,infrastructure,5
_20343_,tier0,generated_control,infrastructure,4
_20344_,tier1,unclassified,infrastructure,6
_20345_,tier0,generated_control,infrastructure,4
_20346_,tier1,generated_datapath,infrastructure,5
_20347_,tier0,generated_control,infrastructure,4
_20348_,tier1,generated_datapath,infrastructure,5
_20349_,tier0,generated_control,infrastructure,5
_20350_,tier0,generated_control,infrastructure,5
_20351_,tier0,generated_control,infrastructure,4
_20352_,tier0,generated_control,infrastructure,8
_20353_,tier1,generated_datapath,infrastructure,5
_20354_,tier0,generated_control,infrastructure,4
_20355_,tier1,generated_datapath,infrastructure,5
_20356_,tier0,generated_control,infrastructure,4
_20357_,tier1,generated_datapath,infrastructure,5
_20358_,tier0,generated_control,infrastructure,4
_20359_,tier1,generated_datapath,infrastructure,5
_20360_,tier0,generated_control,infrastructure,4
_20361_,tier1,generated_datapath,infrastructure,5
_20362_,tier0,generated_control,infrastructure,4
_20363_,tier1,generated_datapath,infrastructure,5
_20364_,tier0,generated_control,infrastructure,4
_20365_,tier1,generated_datapath,infrastructure,5
_20366_,tier0,generated_control,infrastructure,4
_20367_,tier1,generated_datapath,infrastructure,5
_20368_,tier0,generated_control,infrastructure,4
_20369_,tier1,generated_datapath,infrastructure,5
_20370_,tier0,generated_control,infrastructure,4
_20371_,tier1,generated_datapath,infrastructure,5
_20372_,tier0,generated_control,infrastructure,4
_20373_,tier1,generated_datapath,infrastructure,5
_20374_,tier0,generated_control,infrastructure,4
_20375_,tier1,generated_datapath,infrastructure,5
_20376_,tier0,generated_control,infrastructure,4
_20377_,tier1,generated_datapath,infrastructure,5
_20378_,tier0,generated_control,infrastructure,4
_20379_,tier1,generated_datapath,infrastructure,5
_20380_,tier0,generated_control,infrastructure,4
_20381_,tier1,generated_datapath,infrastructure,5
_20382_,tier0,generated_control,infrastructure,4
_20383_,tier1,generated_datapath,infrastructure,5
_20384_,tier0,generated_control,infrastructure,4
_20385_,tier1,generated_datapath,infrastructure,5
_20386_,tier0,generated_control,infrastructure,4
_20387_,tier1,generated_datapath,infrastructure,5
_20388_,tier0,generated_control,infrastructure,4
_20389_,tier0,generated_control,infrastructure,8
_20390_,tier1,generated_datapath,infrastructure,5
_20391_,tier0,generated_control,infrastructure,4
_20392_,tier1,generated_datapath,infrastructure,5
_20393_,tier0,generated_control,infrastructure,4
_20394_,tier1,generated_datapath,infrastructure,5
_20395_,tier0,generated_control,infrastructure,4
_20396_,tier1,generated_datapath,infrastructure,5
_20397_,tier0,generated_control,infrastructure,4
_20398_,tier1,generated_datapath,infrastructure,5
_20399_,tier0,generated_control,infrastructure,4
_20400_,tier1,generated_datapath,infrastructure,5
_20401_,tier0,generated_control,infrastructure,4
_20402_,tier1,generated_datapath,infrastructure,5
_20403_,tier0,generated_control,infrastructure,5
_20404_,tier0,generated_control,infrastructure,5
_20405_,tier0,generated_control,infrastructure,4
_20406_,tier0,generated_control,infrastructure,8
_20407_,tier1,unclassified,infrastructure,6
_20408_,tier0,generated_control,infrastructure,4
_20409_,tier1,generated_datapath,infrastructure,5
_20410_,tier0,generated_control,infrastructure,4
_20411_,tier1,generated_datapath,infrastructure,5
_20412_,tier0,generated_control,infrastructure,5
_20413_,tier0,generated_control,infrastructure,5
_20414_,tier0,generated_control,infrastructure,4
_20415_,tier1,generated_datapath,infrastructure,5
_20416_,tier0,generated_control,infrastructure,4
_20417_,tier1,generated_datapath,infrastructure,5
_20418_,tier0,generated_control,infrastructure,4
_20419_,tier1,generated_datapath,infrastructure,5
_20420_,tier0,generated_control,infrastructure,4
_20421_,tier1,generated_datapath,infrastructure,5
_20422_,tier0,generated_control,infrastructure,4
_20423_,tier1,generated_datapath,infrastructure,5
_20424_,tier0,generated_control,infrastructure,4
_20425_,tier1,generated_datapath,infrastructure,5
_20426_,tier0,generated_control,infrastructure,4
_20427_,tier1,generated_datapath,infrastructure,5
_20428_,tier0,generated_control,infrastructure,4
_20429_,tier1,generated_datapath,infrastructure,5
_20430_,tier0,generated_control,infrastructure,4
_20431_,tier1,generated_datapath,infrastructure,5
_20432_,tier0,generated_control,infrastructure,4
_20433_,tier1,generated_datapath,infrastructure,5
_20434_,tier0,generated_control,infrastructure,4
_20435_,tier1,generated_datapath,infrastructure,5
_20436_,tier0,generated_control,infrastructure,4
_20437_,tier1,generated_datapath,infrastructure,5
_20438_,tier0,generated_control,infrastructure,8
_20439_,tier0,generated_control,infrastructure,4
_20440_,tier1,generated_datapath,infrastructure,5
_20441_,tier0,generated_control,infrastructure,4
_20442_,tier1,generated_datapath,infrastructure,5
_20443_,tier0,generated_control,infrastructure,4
_20444_,tier1,generated_datapath,infrastructure,5
_20445_,tier0,generated_control,infrastructure,4
_20446_,tier1,generated_datapath,infrastructure,5
_20447_,tier0,generated_control,infrastructure,4
_20448_,tier1,generated_datapath,infrastructure,5
_20449_,tier0,generated_control,infrastructure,4
_20450_,tier0,generated_control,infrastructure,5
_20451_,tier1,generated_datapath,infrastructure,5
_20452_,tier0,generated_control,infrastructure,4
_20453_,tier1,generated_datapath,infrastructure,5
_20454_,tier0,generated_control,infrastructure,4
_20455_,tier1,generated_datapath,infrastructure,5
_20456_,tier0,generated_control,infrastructure,4
_20457_,tier1,generated_datapath,infrastructure,5
_20458_,tier0,generated_control,infrastructure,4
_20459_,tier1,generated_datapath,infrastructure,5
_20460_,tier0,generated_control,infrastructure,4
_20461_,tier1,generated_datapath,infrastructure,5
_20462_,tier0,generated_control,infrastructure,4
_20463_,tier1,generated_datapath,infrastructure,5
_20464_,tier0,generated_control,infrastructure,4
_20465_,tier0,unclassified,infrastructure,6
_20466_,tier1,generated_datapath,infrastructure,5
_20467_,tier0,generated_control,infrastructure,4
_20468_,tier0,generated_control,infrastructure,5
_20469_,tier0,generated_control,infrastructure,4
_20470_,tier1,unclassified,infrastructure,6
_20471_,tier0,generated_control,infrastructure,4
_20472_,tier1,generated_datapath,infrastructure,5
_20473_,tier0,generated_control,infrastructure,4
_20474_,tier1,generated_datapath,infrastructure,5
_20475_,tier0,generated_control,infrastructure,4
_20476_,tier0,unclassified,infrastructure,6
_20477_,tier0,generated_control,infrastructure,5
_20478_,tier0,generated_control,infrastructure,4
_20479_,tier1,generated_datapath,infrastructure,5
_20480_,tier0,generated_control,infrastructure,4
_20481_,tier1,generated_datapath,infrastructure,5
_20482_,tier0,generated_control,infrastructure,4
_20483_,tier1,generated_datapath,infrastructure,5
_20484_,tier0,generated_control,infrastructure,4
_20485_,tier1,generated_datapath,infrastructure,5
_20486_,tier0,generated_control,infrastructure,4
_20487_,tier1,generated_datapath,infrastructure,5
_20488_,tier0,generated_control,infrastructure,4
_20489_,tier1,generated_datapath,infrastructure,5
_20490_,tier0,generated_control,infrastructure,4
_20491_,tier1,generated_datapath,infrastructure,5
_20492_,tier0,generated_control,infrastructure,4
_20493_,tier1,generated_datapath,infrastructure,5
_20494_,tier0,generated_control,infrastructure,4
_20495_,tier1,generated_datapath,infrastructure,5
_20496_,tier0,generated_control,infrastructure,4
_20497_,tier1,generated_datapath,infrastructure,5
_20498_,tier0,generated_control,infrastructure,4
_20499_,tier1,generated_datapath,infrastructure,5
_20500_,tier0,generated_control,infrastructure,4
_20501_,tier1,generated_datapath,infrastructure,5
_20502_,tier0,generated_control,infrastructure,4
_20503_,tier1,generated_datapath,infrastructure,5
_20504_,tier0,generated_control,infrastructure,4
_20505_,tier1,generated_datapath,infrastructure,5
_20506_,tier0,generated_control,infrastructure,4
_20507_,tier1,generated_datapath,infrastructure,5
_20508_,tier0,generated_control,infrastructure,4
_20509_,tier1,generated_datapath,infrastructure,5
_20510_,tier0,generated_control,infrastructure,4
_20511_,tier1,generated_datapath,infrastructure,5
_20512_,tier0,generated_control,infrastructure,4
_20513_,tier1,generated_datapath,infrastructure,5
_20514_,tier0,generated_control,infrastructure,4
_20515_,tier1,generated_datapath,infrastructure,5
_20516_,tier0,generated_control,infrastructure,4
_20517_,tier1,generated_datapath,infrastructure,5
_20518_,tier0,generated_control,infrastructure,4
_20519_,tier1,generated_datapath,infrastructure,5
_20520_,tier0,generated_control,infrastructure,4
_20521_,tier1,generated_datapath,infrastructure,5
_20522_,tier0,generated_control,infrastructure,4
_20523_,tier1,generated_datapath,infrastructure,5
_20524_,tier0,generated_control,infrastructure,4
_20525_,tier1,generated_datapath,infrastructure,5
_20526_,tier0,generated_control,infrastructure,4
_20527_,tier1,generated_datapath,infrastructure,5
_20528_,tier0,generated_control,infrastructure,5
_20529_,tier0,generated_control,infrastructure,5
_20530_,tier0,generated_control,infrastructure,4
_20531_,tier1,unclassified,infrastructure,6
_20532_,tier0,generated_control,infrastructure,4
_20533_,tier0,generated_control,infrastructure,8
_20534_,tier1,generated_datapath,infrastructure,5
_20535_,tier0,generated_control,infrastructure,4
_20536_,tier1,generated_datapath,infrastructure,5
_20537_,tier0,generated_control,infrastructure,5
_20538_,tier0,generated_control,infrastructure,5
_20539_,tier0,generated_control,infrastructure,4
_20540_,tier1,generated_datapath,infrastructure,5
_20541_,tier0,generated_control,infrastructure,4
_20542_,tier1,generated_datapath,infrastructure,5
_20543_,tier0,generated_control,infrastructure,4
_20544_,tier1,generated_datapath,infrastructure,5
_20545_,tier0,generated_control,infrastructure,4
_20546_,tier1,generated_datapath,infrastructure,5
_20547_,tier0,generated_control,infrastructure,4
_20548_,tier1,generated_datapath,infrastructure,5
_20549_,tier0,generated_control,infrastructure,4
_20550_,tier1,generated_datapath,infrastructure,5
_20551_,tier0,generated_control,infrastructure,4
_20552_,tier1,generated_datapath,infrastructure,5
_20553_,tier0,generated_control,infrastructure,4
_20554_,tier1,generated_datapath,infrastructure,5
_20555_,tier0,generated_control,infrastructure,4
_20556_,tier1,generated_datapath,infrastructure,5
_20557_,tier0,generated_control,infrastructure,4
_20558_,tier1,generated_datapath,infrastructure,5
_20559_,tier0,generated_control,infrastructure,4
_20560_,tier1,generated_datapath,infrastructure,5
_20561_,tier0,generated_control,infrastructure,4
_20562_,tier1,generated_datapath,infrastructure,5
_20563_,tier0,generated_control,infrastructure,4
_20564_,tier1,generated_datapath,infrastructure,5
_20565_,tier0,generated_control,infrastructure,4
_20566_,tier1,generated_datapath,infrastructure,5
_20567_,tier0,generated_control,infrastructure,4
_20568_,tier0,generated_control,infrastructure,8
_20569_,tier1,generated_datapath,infrastructure,5
_20570_,tier0,generated_control,infrastructure,4
_20571_,tier1,generated_datapath,infrastructure,5
_20572_,tier0,generated_control,infrastructure,4
_20573_,tier1,generated_datapath,infrastructure,5
_20574_,tier0,generated_control,infrastructure,4
_20575_,tier1,generated_datapath,infrastructure,5
_20576_,tier0,generated_control,infrastructure,4
_20577_,tier1,generated_datapath,infrastructure,5
_20578_,tier0,generated_control,infrastructure,4
_20579_,tier1,generated_datapath,infrastructure,5
_20580_,tier0,generated_control,infrastructure,4
_20581_,tier1,generated_datapath,infrastructure,5
_20582_,tier0,generated_control,infrastructure,4
_20583_,tier1,generated_datapath,infrastructure,5
_20584_,tier0,generated_control,infrastructure,4
_20585_,tier1,generated_datapath,infrastructure,5
_20586_,tier0,generated_control,infrastructure,4
_20587_,tier0,generated_control,infrastructure,8
_20588_,tier1,generated_datapath,infrastructure,5
_20589_,tier0,generated_control,infrastructure,4
_20590_,tier1,generated_datapath,infrastructure,5
_20591_,tier0,generated_control,infrastructure,4
_20592_,tier1,generated_control,infrastructure,5
_20593_,tier0,generated_control,infrastructure,5
_20594_,tier0,generated_control,infrastructure,4
_20595_,tier1,unclassified,infrastructure,6
_20596_,tier0,generated_control,infrastructure,4
_20597_,tier1,generated_datapath,infrastructure,5
_20598_,tier1,generated_control,infrastructure,4
_20599_,tier1,generated_datapath,infrastructure,5
_20600_,tier0,generated_control,infrastructure,4
_20601_,tier0,unclassified,infrastructure,6
_20602_,tier1,generated_control,infrastructure,5
_20603_,tier0,generated_control,infrastructure,4
_20604_,tier1,generated_datapath,infrastructure,5
_20605_,tier1,generated_control,infrastructure,4
_20606_,tier1,generated_datapath,infrastructure,5
_20607_,tier1,generated_control,infrastructure,4
_20608_,tier1,generated_datapath,infrastructure,5
_20609_,tier1,generated_control,infrastructure,4
_20610_,tier1,generated_datapath,infrastructure,5
_20611_,tier1,generated_control,infrastructure,4
_20612_,tier1,generated_datapath,infrastructure,5
_20613_,tier1,generated_control,infrastructure,4
_20614_,tier1,generated_datapath,infrastructure,5
_20615_,tier0,generated_control,infrastructure,4
_20616_,tier1,generated_datapath,infrastructure,5
_20617_,tier1,generated_control,infrastructure,4
_20618_,tier1,generated_datapath,infrastructure,5
_20619_,tier0,generated_control,infrastructure,4
_20620_,tier1,generated_datapath,infrastructure,5
_20621_,tier0,generated_control,infrastructure,4
_20622_,tier1,generated_datapath,infrastructure,5
_20623_,tier0,generated_control,infrastructure,4
_20624_,tier1,generated_datapath,infrastructure,5
_20625_,tier0,generated_control,infrastructure,4
_20626_,tier1,generated_datapath,infrastructure,5
_20627_,tier0,generated_control,infrastructure,4
_20628_,tier1,generated_datapath,infrastructure,5
_20629_,tier1,generated_control,infrastructure,4
_20630_,tier1,generated_datapath,infrastructure,5
_20631_,tier0,generated_control,infrastructure,4
_20632_,tier1,generated_datapath,infrastructure,5
_20633_,tier1,generated_datapath,infrastructure,5
_20634_,tier1,generated_control,infrastructure,4
_20635_,tier1,generated_datapath,infrastructure,5
_20636_,tier1,generated_control,infrastructure,4
_20637_,tier1,generated_datapath,infrastructure,5
_20638_,tier1,generated_datapath,infrastructure,5
_20639_,tier1,generated_control,infrastructure,4
_20640_,tier1,generated_datapath,infrastructure,5
_20641_,tier1,generated_control,infrastructure,4
_20642_,tier1,generated_datapath,infrastructure,5
_20643_,tier0,generated_control,infrastructure,4
_20644_,tier1,generated_datapath,infrastructure,5
_20645_,tier0,generated_control,infrastructure,4
_20646_,tier1,generated_datapath,infrastructure,5
_20647_,tier0,generated_control,infrastructure,4
_20648_,tier1,generated_datapath,infrastructure,5
_20649_,tier0,generated_control,infrastructure,4
_20650_,tier1,generated_datapath,infrastructure,5
_20651_,tier1,generated_control,infrastructure,4
_20652_,tier1,generated_datapath,infrastructure,5
_20653_,tier0,generated_control,infrastructure,4
_20654_,tier1,generated_datapath,infrastructure,5
_20655_,tier0,generated_control,infrastructure,4
_20656_,tier0,generated_control,infrastructure,4
_20657_,tier0,generated_control,infrastructure,5
_20658_,tier0,generated_control,infrastructure,4
_20659_,tier1,unclassified,infrastructure,6
_20660_,tier0,generated_control,infrastructure,4
_20661_,tier1,generated_datapath,infrastructure,5
_20662_,tier0,generated_control,infrastructure,4
_20663_,tier1,generated_datapath,infrastructure,5
_20664_,tier0,generated_control,infrastructure,4
_20665_,tier0,unclassified,infrastructure,6
_20666_,tier0,generated_control,infrastructure,5
_20667_,tier0,generated_control,infrastructure,4
_20668_,tier1,generated_datapath,infrastructure,5
_20669_,tier0,generated_control,infrastructure,4
_20670_,tier1,generated_datapath,infrastructure,7
_20671_,tier1,generated_datapath,infrastructure,5
_20672_,tier0,generated_control,infrastructure,4
_20673_,tier1,generated_datapath,infrastructure,5
_20674_,tier0,generated_control,infrastructure,4
_20675_,tier1,generated_datapath,infrastructure,5
_20676_,tier0,generated_control,infrastructure,4
_20677_,tier1,generated_datapath,infrastructure,5
_20678_,tier0,generated_control,infrastructure,4
_20679_,tier1,generated_datapath,infrastructure,5
_20680_,tier0,generated_control,infrastructure,4
_20681_,tier1,generated_datapath,infrastructure,5
_20682_,tier0,generated_control,infrastructure,4
_20683_,tier1,generated_datapath,infrastructure,5
_20684_,tier0,generated_control,infrastructure,4
_20685_,tier1,generated_datapath,infrastructure,5
_20686_,tier0,generated_control,infrastructure,4
_20687_,tier1,generated_datapath,infrastructure,5
_20688_,tier0,generated_control,infrastructure,4
_20689_,tier1,generated_datapath,infrastructure,5
_20690_,tier0,generated_control,infrastructure,4
_20691_,tier1,generated_datapath,infrastructure,5
_20692_,tier0,generated_control,infrastructure,4
_20693_,tier1,generated_datapath,infrastructure,5
_20694_,tier0,generated_control,infrastructure,4
_20695_,tier1,generated_datapath,infrastructure,5
_20696_,tier0,generated_control,infrastructure,4
_20697_,tier1,generated_datapath,infrastructure,5
_20698_,tier0,generated_control,infrastructure,4
_20699_,tier1,generated_datapath,infrastructure,5
_20700_,tier1,generated_datapath,infrastructure,5
_20701_,tier0,generated_control,infrastructure,4
_20702_,tier1,generated_datapath,infrastructure,5
_20703_,tier0,generated_control,infrastructure,4
_20704_,tier1,generated_datapath,infrastructure,5
_20705_,tier1,generated_datapath,infrastructure,5
_20706_,tier0,generated_control,infrastructure,4
_20707_,tier1,generated_datapath,infrastructure,5
_20708_,tier0,generated_control,infrastructure,4
_20709_,tier1,generated_datapath,infrastructure,5
_20710_,tier0,generated_control,infrastructure,4
_20711_,tier1,generated_datapath,infrastructure,5
_20712_,tier0,generated_control,infrastructure,4
_20713_,tier0,generated_control,infrastructure,5
_20714_,tier1,generated_datapath,infrastructure,5
_20715_,tier0,generated_control,infrastructure,4
_20716_,tier1,generated_datapath,infrastructure,5
_20717_,tier0,generated_control,infrastructure,4
_20718_,tier1,generated_datapath,infrastructure,5
_20719_,tier0,generated_control,infrastructure,4
_20720_,tier1,generated_datapath,infrastructure,5
_20721_,tier0,generated_control,infrastructure,4
_20722_,tier0,generated_control,infrastructure,5
_20723_,tier0,generated_control,infrastructure,4
_20724_,tier1,unclassified,infrastructure,6
_20725_,tier0,generated_control,infrastructure,5
_20726_,tier0,generated_control,infrastructure,4
_20727_,tier1,generated_datapath,infrastructure,5
_20728_,tier0,generated_control,infrastructure,4
_20729_,tier1,generated_datapath,infrastructure,5
_20730_,tier0,generated_control,infrastructure,4
_20731_,tier0,unclassified,infrastructure,6
_20732_,tier0,generated_control,infrastructure,5
_20733_,tier0,generated_control,infrastructure,4
_20734_,tier1,generated_datapath,infrastructure,5
_20735_,tier0,generated_control,infrastructure,4
_20736_,tier1,generated_datapath,infrastructure,5
_20737_,tier1,generated_datapath,infrastructure,6
_20738_,tier0,generated_control,infrastructure,4
_20739_,tier1,generated_datapath,infrastructure,5
_20740_,tier0,generated_control,infrastructure,4
_20741_,tier1,generated_datapath,infrastructure,5
_20742_,tier0,generated_control,infrastructure,4
_20743_,tier1,generated_datapath,infrastructure,5
_20744_,tier0,generated_control,infrastructure,4
_20745_,tier1,generated_datapath,infrastructure,5
_20746_,tier0,generated_control,infrastructure,4
_20747_,tier1,generated_datapath,infrastructure,5
_20748_,tier0,generated_control,infrastructure,4
_20749_,tier1,generated_datapath,infrastructure,5
_20750_,tier0,generated_control,infrastructure,4
_20751_,tier1,generated_datapath,infrastructure,5
_20752_,tier0,generated_control,infrastructure,4
_20753_,tier0,generated_control,infrastructure,5
_20754_,tier1,generated_datapath,infrastructure,5
_20755_,tier0,generated_control,infrastructure,4
_20756_,tier1,generated_datapath,infrastructure,5
_20757_,tier0,generated_control,infrastructure,4
_20758_,tier1,generated_datapath,infrastructure,5
_20759_,tier0,generated_control,infrastructure,4
_20760_,tier1,generated_datapath,infrastructure,5
_20761_,tier0,generated_control,infrastructure,4
_20762_,tier1,generated_datapath,infrastructure,5
_20763_,tier0,generated_control,infrastructure,4
_20764_,tier1,generated_datapath,infrastructure,5
_20765_,tier0,generated_control,infrastructure,4
_20766_,tier1,generated_datapath,infrastructure,5
_20767_,tier0,generated_control,infrastructure,4
_20768_,tier1,generated_datapath,infrastructure,5
_20769_,tier0,generated_control,infrastructure,4
_20770_,tier1,generated_datapath,infrastructure,5
_20771_,tier0,generated_control,infrastructure,4
_20772_,tier1,generated_datapath,infrastructure,5
_20773_,tier0,generated_control,infrastructure,4
_20774_,tier1,generated_datapath,infrastructure,5
_20775_,tier0,generated_control,infrastructure,4
_20776_,tier0,generated_datapath,infrastructure,6
_20777_,tier1,generated_datapath,infrastructure,5
_20778_,tier0,generated_control,infrastructure,4
_20779_,tier1,generated_datapath,infrastructure,5
_20780_,tier0,generated_control,infrastructure,4
_20781_,tier1,generated_datapath,infrastructure,5
_20782_,tier1,generated_datapath,infrastructure,5
_20783_,tier0,generated_control,infrastructure,4
_20784_,tier1,generated_datapath,infrastructure,5
_20785_,tier0,generated_control,infrastructure,4
_20786_,tier0,generated_control,infrastructure,4
_20787_,tier1,generated_datapath,infrastructure,5
_20788_,tier0,generated_control,infrastructure,4
_20789_,tier0,generated_control,infrastructure,4
_20790_,tier0,generated_control,infrastructure,5
_20791_,tier0,generated_control,infrastructure,4
_20792_,tier1,unclassified,infrastructure,6
_20793_,tier0,generated_control,infrastructure,4
_20794_,tier1,generated_datapath,infrastructure,5
_20795_,tier0,generated_control,infrastructure,4
_20796_,tier1,generated_datapath,infrastructure,5
_20797_,tier0,generated_control,infrastructure,5
_20798_,tier0,generated_control,infrastructure,5
_20799_,tier0,generated_control,infrastructure,4
_20800_,tier1,generated_datapath,infrastructure,5
_20801_,tier0,generated_control,infrastructure,4
_20802_,tier0,generated_control,infrastructure,5
_20803_,tier1,generated_datapath,infrastructure,5
_20804_,tier0,generated_control,infrastructure,4
_20805_,tier0,generated_control,infrastructure,4
_20806_,tier1,generated_datapath,infrastructure,5
_20807_,tier0,generated_control,infrastructure,4
_20808_,tier1,generated_datapath,infrastructure,5
_20809_,tier0,generated_control,infrastructure,4
_20810_,tier1,generated_datapath,infrastructure,5
_20811_,tier0,generated_control,infrastructure,4
_20812_,tier1,generated_datapath,infrastructure,5
_20813_,tier0,generated_control,infrastructure,4
_20814_,tier1,generated_datapath,infrastructure,5
_20815_,tier0,generated_control,infrastructure,4
_20816_,tier1,generated_datapath,infrastructure,5
_20817_,tier0,generated_control,infrastructure,4
_20818_,tier1,generated_datapath,infrastructure,5
_20819_,tier0,generated_control,infrastructure,4
_20820_,tier1,generated_datapath,infrastructure,5
_20821_,tier0,generated_control,infrastructure,4
_20822_,tier0,generated_control,infrastructure,5
_20823_,tier1,generated_datapath,infrastructure,5
_20824_,tier0,generated_control,infrastructure,4
_20825_,tier1,generated_datapath,infrastructure,5
_20826_,tier0,generated_control,infrastructure,4
_20827_,tier1,generated_datapath,infrastructure,5
_20828_,tier0,generated_control,infrastructure,4
_20829_,tier1,generated_datapath,infrastructure,5
_20830_,tier0,generated_control,infrastructure,4
_20831_,tier1,generated_datapath,infrastructure,5
_20832_,tier0,generated_control,infrastructure,4
_20833_,tier1,generated_datapath,infrastructure,5
_20834_,tier0,generated_control,infrastructure,4
_20835_,tier1,generated_datapath,infrastructure,5
_20836_,tier0,generated_control,infrastructure,4
_20837_,tier1,generated_datapath,infrastructure,5
_20838_,tier0,generated_control,infrastructure,4
_20839_,tier1,generated_datapath,infrastructure,5
_20840_,tier0,generated_control,infrastructure,4
_20841_,tier1,generated_datapath,infrastructure,5
_20842_,tier0,generated_control,infrastructure,4
_20843_,tier1,generated_datapath,infrastructure,5
_20844_,tier0,generated_control,infrastructure,4
_20845_,tier0,generated_control,infrastructure,5
_20846_,tier1,generated_datapath,infrastructure,5
_20847_,tier0,generated_control,infrastructure,4
_20848_,tier1,generated_datapath,infrastructure,5
_20849_,tier0,generated_control,infrastructure,4
_20850_,tier1,generated_datapath,infrastructure,5
_20851_,tier0,generated_control,infrastructure,4
_20852_,tier1,generated_datapath,infrastructure,5
_20853_,tier0,generated_control,infrastructure,4
_20854_,tier0,generated_control,infrastructure,4
_20855_,tier0,generated_control,infrastructure,5
_20856_,tier0,generated_control,infrastructure,4
_20857_,tier1,unclassified,infrastructure,6
_20858_,tier0,generated_control,infrastructure,4
_20859_,tier1,generated_datapath,infrastructure,5
_20860_,tier0,generated_control,infrastructure,4
_20861_,tier0,generated_control,infrastructure,5
_20862_,tier1,generated_datapath,infrastructure,5
_20863_,tier0,generated_control,infrastructure,5
_20864_,tier0,generated_control,infrastructure,5
_20865_,tier0,generated_control,infrastructure,4
_20866_,tier1,generated_datapath,infrastructure,5
_20867_,tier0,generated_control,infrastructure,4
_20868_,tier1,generated_datapath,infrastructure,5
_20869_,tier0,generated_control,infrastructure,4
_20870_,tier1,generated_datapath,infrastructure,5
_20871_,tier0,generated_control,infrastructure,4
_20872_,tier1,generated_datapath,infrastructure,6
_20873_,tier1,generated_datapath,infrastructure,5
_20874_,tier0,generated_control,infrastructure,4
_20875_,tier1,generated_datapath,infrastructure,5
_20876_,tier0,generated_control,infrastructure,4
_20877_,tier1,generated_datapath,infrastructure,5
_20878_,tier0,generated_control,infrastructure,4
_20879_,tier1,generated_datapath,infrastructure,5
_20880_,tier1,generated_datapath,infrastructure,5
_20881_,tier0,generated_control,infrastructure,4
_20882_,tier1,generated_datapath,infrastructure,5
_20883_,tier0,generated_control,infrastructure,4
_20884_,tier1,generated_control,infrastructure,5
_20885_,tier1,generated_datapath,infrastructure,5
_20886_,tier0,generated_control,infrastructure,4
_20887_,tier1,generated_datapath,infrastructure,5
_20888_,tier0,generated_control,infrastructure,4
_20889_,tier1,generated_datapath,infrastructure,5
_20890_,tier0,generated_control,infrastructure,4
_20891_,tier1,generated_datapath,infrastructure,5
_20892_,tier0,generated_control,infrastructure,4
_20893_,tier1,generated_datapath,infrastructure,5
_20894_,tier0,generated_control,infrastructure,4
_20895_,tier1,generated_datapath,infrastructure,5
_20896_,tier0,generated_control,infrastructure,4
_20897_,tier1,generated_datapath,infrastructure,5
_20898_,tier0,generated_control,infrastructure,4
_20899_,tier1,generated_datapath,infrastructure,5
_20900_,tier0,generated_control,infrastructure,4
_20901_,tier0,generated_control,infrastructure,5
_20902_,tier1,generated_datapath,infrastructure,5
_20903_,tier0,generated_control,infrastructure,4
_20904_,tier1,generated_datapath,infrastructure,5
_20905_,tier0,generated_control,infrastructure,4
_20906_,tier0,generated_control,infrastructure,4
_20907_,tier1,generated_datapath,infrastructure,5
_20908_,tier0,generated_control,infrastructure,4
_20909_,tier1,generated_datapath,infrastructure,5
_20910_,tier0,generated_control,infrastructure,4
_20911_,tier1,generated_datapath,infrastructure,5
_20912_,tier0,generated_control,infrastructure,4
_20913_,tier1,generated_datapath,infrastructure,5
_20914_,tier0,generated_control,infrastructure,4
_20915_,tier1,generated_datapath,infrastructure,5
_20916_,tier0,generated_control,infrastructure,4
_20917_,tier1,generated_datapath,infrastructure,5
_20918_,tier0,generated_control,infrastructure,4
_20919_,tier1,generated_datapath,infrastructure,5
_20920_,tier0,generated_control,infrastructure,4
_20921_,tier0,generated_control,infrastructure,5
_20922_,tier0,generated_control,infrastructure,5
_20923_,tier0,generated_control,infrastructure,4
_20924_,tier1,unclassified,infrastructure,6
_20925_,tier0,generated_control,infrastructure,4
_20926_,tier1,generated_datapath,infrastructure,5
_20927_,tier0,generated_control,infrastructure,4
_20928_,tier1,generated_datapath,infrastructure,5
_20929_,tier0,generated_control,infrastructure,5
_20930_,tier0,generated_control,infrastructure,5
_20931_,tier0,generated_control,infrastructure,4
_20932_,tier1,generated_datapath,infrastructure,5
_20933_,tier0,generated_control,infrastructure,4
_20934_,tier1,generated_datapath,infrastructure,5
_20935_,tier0,generated_control,infrastructure,4
_20936_,tier1,generated_datapath,infrastructure,5
_20937_,tier0,generated_control,infrastructure,4
_20938_,tier1,generated_datapath,infrastructure,5
_20939_,tier0,generated_control,infrastructure,5
_20940_,tier0,generated_control,infrastructure,4
_20941_,tier1,generated_datapath,infrastructure,5
_20942_,tier0,generated_control,infrastructure,4
_20943_,tier1,generated_datapath,infrastructure,5
_20944_,tier0,generated_control,infrastructure,4
_20945_,tier1,generated_datapath,infrastructure,5
_20946_,tier0,generated_control,infrastructure,4
_20947_,tier1,generated_datapath,infrastructure,5
_20948_,tier0,generated_control,infrastructure,4
_20949_,tier1,generated_datapath,infrastructure,5
_20950_,tier0,generated_control,infrastructure,4
_20951_,tier1,generated_datapath,infrastructure,5
_20952_,tier0,generated_control,infrastructure,4
_20953_,tier1,generated_datapath,infrastructure,5
_20954_,tier0,generated_control,infrastructure,4
_20955_,tier1,generated_datapath,infrastructure,5
_20956_,tier0,generated_control,infrastructure,4
_20957_,tier1,generated_datapath,infrastructure,5
_20958_,tier0,generated_control,infrastructure,4
_20959_,tier0,generated_control,infrastructure,5
_20960_,tier1,generated_datapath,infrastructure,5
_20961_,tier0,generated_control,infrastructure,4
_20962_,tier1,generated_datapath,infrastructure,5
_20963_,tier0,generated_control,infrastructure,4
_20964_,tier1,generated_datapath,infrastructure,5
_20965_,tier0,generated_control,infrastructure,4
_20966_,tier1,generated_datapath,infrastructure,5
_20967_,tier0,generated_control,infrastructure,4
_20968_,tier1,generated_datapath,infrastructure,5
_20969_,tier0,generated_control,infrastructure,4
_20970_,tier1,generated_datapath,infrastructure,5
_20971_,tier0,generated_control,infrastructure,4
_20972_,tier1,generated_datapath,infrastructure,6
_20973_,tier1,generated_datapath,infrastructure,5
_20974_,tier0,generated_control,infrastructure,4
_20975_,tier1,generated_datapath,infrastructure,5
_20976_,tier0,generated_control,infrastructure,4
_20977_,tier1,generated_datapath,infrastructure,5
_20978_,tier1,generated_datapath,infrastructure,5
_20979_,tier0,generated_control,infrastructure,4
_20980_,tier1,generated_datapath,infrastructure,5
_20981_,tier0,generated_control,infrastructure,4
_20982_,tier1,generated_control,infrastructure,5
_20983_,tier1,generated_datapath,infrastructure,5
_20984_,tier0,generated_control,infrastructure,4
_20985_,tier1,generated_datapath,infrastructure,5
_20986_,tier0,generated_control,infrastructure,4
_20987_,tier0,generated_control,infrastructure,5
_20988_,tier0,generated_control,infrastructure,4
_20989_,tier1,unclassified,infrastructure,6
_20990_,tier0,generated_control,infrastructure,4
_20991_,tier1,generated_datapath,infrastructure,5
_20992_,tier0,generated_control,infrastructure,4
_20993_,tier1,generated_datapath,infrastructure,5
_20994_,tier0,generated_control,infrastructure,5
_20995_,tier0,generated_control,infrastructure,5
_20996_,tier0,generated_control,infrastructure,5
_20997_,tier0,generated_control,infrastructure,4
_20998_,tier1,generated_datapath,infrastructure,5
_20999_,tier0,generated_control,infrastructure,4
_21000_,tier1,generated_datapath,infrastructure,5
_21001_,tier0,generated_control,infrastructure,4
_21002_,tier1,generated_datapath,infrastructure,5
_21003_,tier0,generated_control,infrastructure,4
_21004_,tier1,generated_datapath,infrastructure,5
_21005_,tier0,generated_control,infrastructure,4
_21006_,tier1,generated_datapath,infrastructure,5
_21007_,tier0,generated_control,infrastructure,4
_21008_,tier1,generated_datapath,infrastructure,5
_21009_,tier0,generated_control,infrastructure,4
_21010_,tier1,generated_datapath,infrastructure,5
_21011_,tier0,generated_control,infrastructure,4
_21012_,tier1,generated_datapath,infrastructure,5
_21013_,tier0,generated_control,infrastructure,4
_21014_,tier1,generated_datapath,infrastructure,5
_21015_,tier0,generated_control,infrastructure,5
_21016_,tier0,generated_control,infrastructure,4
_21017_,tier1,generated_datapath,infrastructure,5
_21018_,tier0,generated_control,infrastructure,4
_21019_,tier0,generated_datapath,infrastructure,6
_21020_,tier1,generated_datapath,infrastructure,5
_21021_,tier0,generated_control,infrastructure,4
_21022_,tier1,generated_datapath,infrastructure,5
_21023_,tier0,generated_control,infrastructure,4
_21024_,tier1,generated_datapath,infrastructure,5
_21025_,tier0,generated_control,infrastructure,4
_21026_,tier1,generated_datapath,infrastructure,5
_21027_,tier0,generated_control,infrastructure,4
_21028_,tier1,generated_datapath,infrastructure,5
_21029_,tier0,generated_control,infrastructure,4
_21030_,tier1,generated_datapath,infrastructure,5
_21031_,tier0,generated_control,infrastructure,4
_21032_,tier1,generated_datapath,infrastructure,5
_21033_,tier0,generated_control,infrastructure,4
_21034_,tier1,generated_datapath,infrastructure,5
_21035_,tier0,generated_control,infrastructure,4
_21036_,tier1,generated_datapath,infrastructure,5
_21037_,tier0,generated_control,infrastructure,4
_21038_,tier1,generated_datapath,infrastructure,5
_21039_,tier0,generated_control,infrastructure,5
_21040_,tier0,generated_control,infrastructure,4
_21041_,tier1,generated_datapath,infrastructure,5
_21042_,tier0,generated_control,infrastructure,4
_21043_,tier1,generated_datapath,infrastructure,5
_21044_,tier0,generated_control,infrastructure,4
_21045_,tier1,generated_datapath,infrastructure,5
_21046_,tier0,generated_control,infrastructure,4
_21047_,tier1,generated_datapath,infrastructure,5
_21048_,tier0,generated_control,infrastructure,4
_21049_,tier1,generated_datapath,infrastructure,5
_21050_,tier0,generated_control,infrastructure,4
_21051_,tier0,generated_control,infrastructure,5
_21052_,tier0,generated_control,infrastructure,4
_21053_,tier1,unclassified,infrastructure,6
_21054_,tier0,generated_control,infrastructure,4
_21055_,tier1,generated_datapath,infrastructure,5
_21056_,tier0,generated_control,infrastructure,4
_21057_,tier1,generated_datapath,infrastructure,5
_21058_,tier0,generated_control,infrastructure,4
_21059_,tier0,unclassified,infrastructure,6
_21060_,tier0,generated_control,infrastructure,5
_21061_,tier0,generated_control,infrastructure,5
_21062_,tier0,generated_control,infrastructure,4
_21063_,tier1,generated_datapath,infrastructure,5
_21064_,tier0,generated_control,infrastructure,4
_21065_,tier1,generated_datapath,infrastructure,5
_21066_,tier0,generated_control,infrastructure,4
_21067_,tier1,generated_datapath,infrastructure,5
_21068_,tier0,generated_control,infrastructure,4
_21069_,tier0,generated_datapath,infrastructure,6
_21070_,tier1,generated_datapath,infrastructure,5
_21071_,tier0,generated_control,infrastructure,4
_21072_,tier1,generated_datapath,infrastructure,5
_21073_,tier0,generated_control,infrastructure,4
_21074_,tier1,generated_datapath,infrastructure,5
_21075_,tier0,generated_control,infrastructure,4
_21076_,tier1,generated_datapath,infrastructure,5
_21077_,tier0,generated_control,infrastructure,4
_21078_,tier1,generated_datapath,infrastructure,5
_21079_,tier0,generated_control,infrastructure,4
_21080_,tier1,generated_datapath,infrastructure,5
_21081_,tier0,generated_control,infrastructure,4
_21082_,tier1,generated_datapath,infrastructure,5
_21083_,tier0,generated_control,infrastructure,4
_21084_,tier1,generated_datapath,infrastructure,5
_21085_,tier0,generated_control,infrastructure,4
_21086_,tier1,generated_datapath,infrastructure,5
_21087_,tier0,generated_control,infrastructure,4
_21088_,tier1,generated_datapath,infrastructure,5
_21089_,tier0,generated_control,infrastructure,4
_21090_,tier1,generated_datapath,infrastructure,5
_21091_,tier0,generated_control,infrastructure,4
_21092_,tier1,generated_datapath,infrastructure,5
_21093_,tier0,generated_control,infrastructure,4
_21094_,tier0,generated_control,infrastructure,5
_21095_,tier1,generated_datapath,infrastructure,5
_21096_,tier0,generated_control,infrastructure,4
_21097_,tier1,generated_datapath,infrastructure,5
_21098_,tier0,generated_control,infrastructure,4
_21099_,tier1,generated_datapath,infrastructure,5
_21100_,tier0,generated_control,infrastructure,4
_21101_,tier1,generated_datapath,infrastructure,5
_21102_,tier0,generated_control,infrastructure,4
_21103_,tier1,generated_datapath,infrastructure,5
_21104_,tier0,generated_control,infrastructure,4
_21105_,tier0,generated_control,infrastructure,5
_21106_,tier1,generated_datapath,infrastructure,5
_21107_,tier0,generated_control,infrastructure,4
_21108_,tier1,generated_datapath,infrastructure,5
_21109_,tier0,generated_control,infrastructure,4
_21110_,tier1,generated_datapath,infrastructure,5
_21111_,tier0,generated_control,infrastructure,4
_21112_,tier1,generated_datapath,infrastructure,5
_21113_,tier0,generated_control,infrastructure,4
_21114_,tier1,generated_datapath,infrastructure,5
_21115_,tier0,generated_control,infrastructure,4
_21116_,tier0,generated_control,infrastructure,5
_21117_,tier0,generated_control,infrastructure,4
_21118_,tier0,generated_control,infrastructure,4
_21119_,tier1,unclassified,infrastructure,6
_21120_,tier0,generated_control,infrastructure,4
_21121_,tier1,generated_datapath,infrastructure,5
_21122_,tier0,generated_control,infrastructure,4
_21123_,tier1,generated_datapath,infrastructure,5
_21124_,tier0,generated_control,infrastructure,4
_21125_,tier0,unclassified,infrastructure,6
_21126_,tier0,generated_control,infrastructure,5
_21127_,tier0,generated_control,infrastructure,4
_21128_,tier1,generated_datapath,infrastructure,5
_21129_,tier0,generated_control,infrastructure,4
_21130_,tier1,generated_datapath,infrastructure,5
_21131_,tier0,generated_control,infrastructure,4
_21132_,tier1,generated_datapath,infrastructure,5
_21133_,tier0,generated_control,infrastructure,4
_21134_,tier1,generated_datapath,infrastructure,5
_21135_,tier0,generated_control,infrastructure,4
_21136_,tier1,generated_datapath,infrastructure,5
_21137_,tier0,generated_control,infrastructure,4
_21138_,tier1,generated_datapath,infrastructure,5
_21139_,tier0,generated_control,infrastructure,4
_21140_,tier1,generated_datapath,infrastructure,5
_21141_,tier0,generated_control,infrastructure,4
_21142_,tier1,generated_datapath,infrastructure,5
_21143_,tier0,generated_control,infrastructure,4
_21144_,tier1,generated_datapath,infrastructure,5
_21145_,tier0,generated_control,infrastructure,4
_21146_,tier1,generated_datapath,infrastructure,5
_21147_,tier0,generated_control,infrastructure,4
_21148_,tier1,generated_datapath,infrastructure,5
_21149_,tier0,generated_control,infrastructure,4
_21150_,tier1,generated_datapath,infrastructure,5
_21151_,tier0,generated_control,infrastructure,4
_21152_,tier1,generated_datapath,infrastructure,5
_21153_,tier0,generated_control,infrastructure,4
_21154_,tier1,generated_datapath,infrastructure,5
_21155_,tier0,generated_control,infrastructure,4
_21156_,tier1,generated_datapath,infrastructure,5
_21157_,tier0,generated_control,infrastructure,4
_21158_,tier1,generated_datapath,infrastructure,5
_21159_,tier1,generated_datapath,infrastructure,5
_21160_,tier0,generated_control,infrastructure,4
_21161_,tier1,generated_datapath,infrastructure,5
_21162_,tier0,generated_control,infrastructure,4
_21163_,tier1,generated_datapath,infrastructure,5
_21164_,tier1,generated_datapath,infrastructure,5
_21165_,tier0,generated_control,infrastructure,4
_21166_,tier1,generated_datapath,infrastructure,5
_21167_,tier0,generated_control,infrastructure,4
_21168_,tier1,generated_datapath,infrastructure,5
_21169_,tier0,generated_control,infrastructure,4
_21170_,tier1,generated_datapath,infrastructure,5
_21171_,tier0,generated_control,infrastructure,4
_21172_,tier1,generated_datapath,infrastructure,5
_21173_,tier1,generated_datapath,infrastructure,5
_21174_,tier0,generated_control,infrastructure,4
_21175_,tier1,generated_datapath,infrastructure,5
_21176_,tier0,generated_control,infrastructure,4
_21177_,tier1,generated_datapath,infrastructure,5
_21178_,tier0,generated_control,infrastructure,4
_21179_,tier1,generated_datapath,infrastructure,5
_21180_,tier0,generated_control,infrastructure,4
_21181_,tier0,generated_control,infrastructure,5
_21182_,tier0,generated_control,infrastructure,4
_21183_,tier1,unclassified,infrastructure,6
_21184_,tier0,generated_control,infrastructure,4
_21185_,tier1,generated_datapath,infrastructure,5
_21186_,tier0,generated_control,infrastructure,4
_21187_,tier1,generated_datapath,infrastructure,5
_21188_,tier0,generated_control,infrastructure,4
_21189_,tier0,unclassified,infrastructure,6
_21190_,tier0,generated_control,infrastructure,5
_21191_,tier0,generated_control,infrastructure,4
_21192_,tier1,generated_datapath,infrastructure,5
_21193_,tier0,generated_control,infrastructure,4
_21194_,tier1,generated_datapath,infrastructure,5
_21195_,tier0,generated_control,infrastructure,4
_21196_,tier1,generated_datapath,infrastructure,5
_21197_,tier0,generated_control,infrastructure,4
_21198_,tier1,generated_datapath,infrastructure,5
_21199_,tier0,generated_control,infrastructure,4
_21200_,tier1,generated_datapath,infrastructure,5
_21201_,tier0,generated_control,infrastructure,4
_21202_,tier1,generated_datapath,infrastructure,5
_21203_,tier0,generated_control,infrastructure,4
_21204_,tier1,generated_datapath,infrastructure,5
_21205_,tier0,generated_control,infrastructure,4
_21206_,tier1,generated_datapath,infrastructure,5
_21207_,tier0,generated_control,infrastructure,4
_21208_,tier1,generated_datapath,infrastructure,5
_21209_,tier0,generated_control,infrastructure,4
_21210_,tier1,generated_datapath,infrastructure,5
_21211_,tier1,generated_datapath,infrastructure,5
_21212_,tier0,generated_control,infrastructure,4
_21213_,tier1,generated_datapath,infrastructure,5
_21214_,tier0,generated_control,infrastructure,4
_21215_,tier1,generated_datapath,infrastructure,5
_21216_,tier0,generated_control,infrastructure,4
_21217_,tier1,generated_datapath,infrastructure,5
_21218_,tier1,generated_datapath,infrastructure,5
_21219_,tier0,generated_control,infrastructure,4
_21220_,tier1,generated_datapath,infrastructure,5
_21221_,tier0,generated_control,infrastructure,4
_21222_,tier1,generated_datapath,infrastructure,5
_21223_,tier0,generated_control,infrastructure,4
_21224_,tier1,generated_datapath,infrastructure,5
_21225_,tier0,generated_control,infrastructure,4
_21226_,tier0,generated_control,infrastructure,4
_21227_,tier1,generated_datapath,infrastructure,5
_21228_,tier0,generated_control,infrastructure,4
_21229_,tier0,generated_control,infrastructure,4
_21230_,tier1,generated_datapath,infrastructure,5
_21231_,tier0,generated_control,infrastructure,4
_21232_,tier0,generated_control,infrastructure,4
_21233_,tier1,generated_datapath,infrastructure,5
_21234_,tier0,generated_control,infrastructure,4
_21235_,tier1,generated_datapath,infrastructure,5
_21236_,tier0,generated_control,infrastructure,4
_21237_,tier1,generated_datapath,infrastructure,5
_21238_,tier0,generated_control,infrastructure,4
_21239_,tier1,generated_datapath,infrastructure,5
_21240_,tier0,generated_control,infrastructure,4
_21241_,tier1,generated_datapath,infrastructure,5
_21242_,tier0,generated_control,infrastructure,4
_21243_,tier0,generated_control,infrastructure,5
_21244_,tier1,generated_datapath,infrastructure,5
_21245_,tier0,generated_control,infrastructure,4
_21246_,tier1,generated_datapath,infrastructure,5
_21247_,tier0,generated_control,infrastructure,4
_21248_,tier0,generated_control,infrastructure,5
_21249_,tier0,generated_control,infrastructure,4
_21250_,tier1,unclassified,infrastructure,6
_21251_,tier0,generated_control,infrastructure,4
_21252_,tier0,generated_control,infrastructure,4
_21253_,tier0,generated_control,infrastructure,4
_21254_,tier1,generated_datapath,infrastructure,5
_21255_,tier0,generated_control,infrastructure,4
_21256_,tier1,generated_datapath,infrastructure,5
_21257_,tier0,generated_control,infrastructure,4
_21258_,tier0,unclassified,infrastructure,6
_21259_,tier0,generated_control,infrastructure,5
_21260_,tier0,generated_control,infrastructure,4
_21261_,tier1,generated_datapath,infrastructure,5
_21262_,tier0,generated_control,infrastructure,4
_21263_,tier1,generated_datapath,infrastructure,5
_21264_,tier0,generated_control,infrastructure,5
_21265_,tier0,generated_control,infrastructure,4
_21266_,tier1,generated_datapath,infrastructure,5
_21267_,tier0,generated_control,infrastructure,4
_21268_,tier1,generated_datapath,infrastructure,5
_21269_,tier0,generated_control,infrastructure,4
_21270_,tier1,generated_datapath,infrastructure,5
_21271_,tier0,generated_control,infrastructure,4
_21272_,tier1,generated_datapath,infrastructure,5
_21273_,tier0,generated_control,infrastructure,4
_21274_,tier1,generated_datapath,infrastructure,5
_21275_,tier0,generated_control,infrastructure,4
_21276_,tier1,generated_datapath,infrastructure,5
_21277_,tier0,generated_control,infrastructure,4
_21278_,tier1,generated_datapath,infrastructure,6
_21279_,tier1,generated_datapath,infrastructure,5
_21280_,tier0,generated_control,infrastructure,4
_21281_,tier1,generated_datapath,infrastructure,5
_21282_,tier0,generated_control,infrastructure,4
_21283_,tier1,generated_datapath,infrastructure,5
_21284_,tier0,generated_control,infrastructure,4
_21285_,tier1,generated_datapath,infrastructure,5
_21286_,tier0,generated_control,infrastructure,4
_21287_,tier1,generated_datapath,infrastructure,5
_21288_,tier0,generated_control,infrastructure,4
_21289_,tier1,generated_datapath,infrastructure,5
_21290_,tier0,generated_control,infrastructure,4
_21291_,tier0,generated_control,infrastructure,5
_21292_,tier1,generated_datapath,infrastructure,5
_21293_,tier0,generated_control,infrastructure,4
_21294_,tier1,generated_datapath,infrastructure,5
_21295_,tier0,generated_control,infrastructure,4
_21296_,tier1,generated_datapath,infrastructure,5
_21297_,tier0,generated_control,infrastructure,4
_21298_,tier1,generated_datapath,infrastructure,5
_21299_,tier0,generated_control,infrastructure,4
_21300_,tier0,generated_control,infrastructure,4
_21301_,tier1,generated_datapath,infrastructure,5
_21302_,tier0,generated_control,infrastructure,4
_21303_,tier1,generated_datapath,infrastructure,5
_21304_,tier0,generated_control,infrastructure,4
_21305_,tier1,generated_datapath,infrastructure,5
_21306_,tier0,generated_control,infrastructure,4
_21307_,tier1,generated_datapath,infrastructure,5
_21308_,tier0,generated_control,infrastructure,4
_21309_,tier1,generated_datapath,infrastructure,5
_21310_,tier0,generated_control,infrastructure,4
_21311_,tier1,generated_datapath,infrastructure,5
_21312_,tier0,generated_control,infrastructure,4
_21313_,tier1,generated_datapath,infrastructure,5
_21314_,tier0,generated_control,infrastructure,4
_21315_,tier1,generated_datapath,infrastructure,6
_21316_,tier0,generated_control,infrastructure,5
_21317_,tier0,generated_control,infrastructure,4
_21318_,tier1,unclassified,infrastructure,6
_21319_,tier0,generated_control,infrastructure,4
_21320_,tier1,generated_datapath,infrastructure,5
_21321_,tier1,generated_datapath,infrastructure,5
_21322_,tier0,generated_control,infrastructure,4
_21323_,tier0,generated_control,infrastructure,4
_21324_,tier1,generated_datapath,infrastructure,5
_21325_,tier0,generated_control,infrastructure,4
_21326_,tier0,unclassified,infrastructure,6
_21327_,tier0,generated_control,infrastructure,4
_21328_,tier0,generated_control,infrastructure,5
_21329_,tier0,generated_control,infrastructure,4
_21330_,tier0,generated_control,infrastructure,4
_21331_,tier1,generated_datapath,infrastructure,5
_21332_,tier0,generated_control,infrastructure,4
_21333_,tier1,generated_datapath,infrastructure,5
_21334_,tier0,generated_control,infrastructure,4
_21335_,tier1,generated_datapath,infrastructure,5
_21336_,tier0,generated_control,infrastructure,4
_21337_,tier1,generated_datapath,infrastructure,5
_21338_,tier0,generated_control,infrastructure,4
_21339_,tier1,generated_datapath,infrastructure,5
_21340_,tier0,generated_control,infrastructure,4
_21341_,tier1,generated_datapath,infrastructure,5
_21342_,tier0,generated_control,infrastructure,4
_21343_,tier1,generated_datapath,infrastructure,5
_21344_,tier0,generated_control,infrastructure,4
_21345_,tier1,generated_datapath,infrastructure,5
_21346_,tier0,generated_control,infrastructure,4
_21347_,tier1,generated_datapath,infrastructure,5
_21348_,tier0,generated_control,infrastructure,4
_21349_,tier0,generated_control,infrastructure,5
_21350_,tier1,generated_datapath,infrastructure,5
_21351_,tier0,generated_control,infrastructure,4
_21352_,tier1,generated_datapath,infrastructure,5
_21353_,tier0,generated_control,infrastructure,4
_21354_,tier0,generated_control,infrastructure,4
_21355_,tier1,generated_datapath,infrastructure,5
_21356_,tier0,generated_control,infrastructure,4
_21357_,tier1,generated_datapath,infrastructure,5
_21358_,tier0,generated_control,infrastructure,4
_21359_,tier1,generated_datapath,infrastructure,5
_21360_,tier0,generated_control,infrastructure,4
_21361_,tier1,generated_datapath,infrastructure,5
_21362_,tier0,generated_control,infrastructure,4
_21363_,tier1,generated_datapath,infrastructure,5
_21364_,tier0,generated_control,infrastructure,4
_21365_,tier1,generated_datapath,infrastructure,5
_21366_,tier0,generated_control,infrastructure,4
_21367_,tier1,generated_datapath,infrastructure,5
_21368_,tier0,generated_control,infrastructure,4
_21369_,tier1,generated_datapath,infrastructure,5
_21370_,tier0,generated_control,infrastructure,4
_21371_,tier1,generated_datapath,infrastructure,5
_21372_,tier0,generated_control,infrastructure,4
_21373_,tier0,generated_control,infrastructure,5
_21374_,tier1,generated_datapath,infrastructure,5
_21375_,tier0,generated_control,infrastructure,4
_21376_,tier1,generated_datapath,infrastructure,5
_21377_,tier0,generated_control,infrastructure,4
_21378_,tier1,generated_datapath,infrastructure,5
_21379_,tier0,generated_control,infrastructure,4
_21380_,tier0,generated_control,infrastructure,4
_21381_,tier1,generated_datapath,infrastructure,5
_21382_,tier0,generated_control,infrastructure,4
_21383_,tier1,generated_datapath,infrastructure,5
_21384_,tier0,generated_control,infrastructure,4
_21385_,tier0,generated_control,infrastructure,5
_21386_,tier0,generated_control,infrastructure,4
_21387_,tier1,unclassified,infrastructure,6
_21388_,tier0,generated_control,infrastructure,4
_21389_,tier1,generated_datapath,infrastructure,5
_21390_,tier0,generated_control,infrastructure,4
_21391_,tier1,generated_datapath,infrastructure,5
_21392_,tier0,generated_control,infrastructure,4
_21393_,tier0,unclassified,infrastructure,6
_21394_,tier0,generated_control,infrastructure,5
_21395_,tier0,generated_control,infrastructure,4
_21396_,tier1,generated_datapath,infrastructure,5
_21397_,tier0,generated_control,infrastructure,4
_21398_,tier1,generated_datapath,infrastructure,5
_21399_,tier0,generated_control,infrastructure,4
_21400_,tier1,generated_datapath,infrastructure,5
_21401_,tier0,generated_control,infrastructure,4
_21402_,tier1,generated_datapath,infrastructure,5
_21403_,tier0,generated_control,infrastructure,4
_21404_,tier0,generated_control,infrastructure,5
_21405_,tier1,generated_datapath,infrastructure,5
_21406_,tier0,generated_control,infrastructure,4
_21407_,tier1,generated_datapath,infrastructure,5
_21408_,tier0,generated_control,infrastructure,4
_21409_,tier1,generated_datapath,infrastructure,5
_21410_,tier0,generated_control,infrastructure,4
_21411_,tier1,generated_datapath,infrastructure,5
_21412_,tier0,generated_control,infrastructure,4
_21413_,tier1,generated_datapath,infrastructure,5
_21414_,tier0,generated_control,infrastructure,4
_21415_,tier1,generated_datapath,infrastructure,5
_21416_,tier0,generated_control,infrastructure,4
_21417_,tier1,generated_datapath,infrastructure,5
_21418_,tier0,generated_control,infrastructure,4
_21419_,tier1,generated_datapath,infrastructure,5
_21420_,tier0,generated_control,infrastructure,4
_21421_,tier1,generated_datapath,infrastructure,5
_21422_,tier0,generated_control,infrastructure,4
_21423_,tier1,generated_datapath,infrastructure,5
_21424_,tier0,generated_control,infrastructure,4
_21425_,tier1,generated_datapath,infrastructure,5
_21426_,tier0,generated_control,infrastructure,4
_21427_,tier1,generated_datapath,infrastructure,5
_21428_,tier0,generated_control,infrastructure,4
_21429_,tier1,generated_datapath,infrastructure,5
_21430_,tier0,generated_control,infrastructure,4
_21431_,tier1,generated_datapath,infrastructure,5
_21432_,tier0,generated_control,infrastructure,4
_21433_,tier1,generated_datapath,infrastructure,5
_21434_,tier0,generated_control,infrastructure,4
_21435_,tier1,generated_datapath,infrastructure,5
_21436_,tier0,generated_control,infrastructure,4
_21437_,tier0,generated_control,infrastructure,5
_21438_,tier1,generated_datapath,infrastructure,5
_21439_,tier0,generated_control,infrastructure,4
_21440_,tier1,generated_datapath,infrastructure,5
_21441_,tier0,generated_control,infrastructure,4
_21442_,tier1,generated_datapath,infrastructure,5
_21443_,tier0,generated_control,infrastructure,4
_21444_,tier1,generated_datapath,infrastructure,5
_21445_,tier0,generated_control,infrastructure,4
_21446_,tier1,generated_datapath,infrastructure,5
_21447_,tier0,generated_control,infrastructure,4
_21448_,tier0,generated_control,infrastructure,5
_21449_,tier0,generated_control,infrastructure,4
_21450_,tier1,unclassified,infrastructure,6
_21451_,tier0,generated_control,infrastructure,4
_21452_,tier1,generated_datapath,infrastructure,5
_21453_,tier0,generated_datapath,infrastructure,6
_21454_,tier0,generated_control,infrastructure,4
_21455_,tier1,generated_datapath,infrastructure,5
_21456_,tier0,generated_control,infrastructure,4
_21457_,tier0,unclassified,infrastructure,6
_21458_,tier0,generated_control,infrastructure,5
_21459_,tier0,generated_control,infrastructure,4
_21460_,tier1,generated_datapath,infrastructure,5
_21461_,tier0,generated_control,infrastructure,4
_21462_,tier1,generated_datapath,infrastructure,5
_21463_,tier0,generated_control,infrastructure,4
_21464_,tier0,generated_datapath,infrastructure,5
_21465_,tier1,generated_datapath,infrastructure,5
_21466_,tier0,generated_control,infrastructure,4
_21467_,tier1,generated_datapath,infrastructure,5
_21468_,tier0,generated_control,infrastructure,4
_21469_,tier1,generated_datapath,infrastructure,5
_21470_,tier0,generated_control,infrastructure,4
_21471_,tier1,generated_datapath,infrastructure,5
_21472_,tier0,generated_control,infrastructure,4
_21473_,tier1,generated_datapath,infrastructure,5
_21474_,tier0,generated_control,infrastructure,5
_21475_,tier0,generated_control,infrastructure,4
_21476_,tier1,generated_datapath,infrastructure,5
_21477_,tier0,generated_control,infrastructure,4
_21478_,tier1,generated_datapath,infrastructure,5
_21479_,tier0,generated_control,infrastructure,4
_21480_,tier0,generated_control,infrastructure,4
_21481_,tier1,generated_datapath,infrastructure,5
_21482_,tier0,generated_control,infrastructure,4
_21483_,tier1,generated_datapath,infrastructure,5
_21484_,tier0,generated_control,infrastructure,4
_21485_,tier1,generated_datapath,infrastructure,5
_21486_,tier0,generated_control,infrastructure,4
_21487_,tier1,generated_datapath,infrastructure,5
_21488_,tier0,generated_control,infrastructure,4
_21489_,tier1,generated_datapath,infrastructure,5
_21490_,tier0,generated_control,infrastructure,4
_21491_,tier1,generated_datapath,infrastructure,5
_21492_,tier0,generated_control,infrastructure,4
_21493_,tier1,generated_datapath,infrastructure,5
_21494_,tier0,generated_control,infrastructure,4
_21495_,tier1,generated_datapath,infrastructure,5
_21496_,tier0,generated_control,infrastructure,4
_21497_,tier1,generated_datapath,infrastructure,5
_21498_,tier0,generated_control,infrastructure,4
_21499_,tier1,generated_datapath,infrastructure,5
_21500_,tier0,generated_control,infrastructure,4
_21501_,tier1,generated_datapath,infrastructure,5
_21502_,tier0,generated_control,infrastructure,4
_21503_,tier1,generated_datapath,infrastructure,5
_21504_,tier0,generated_control,infrastructure,4
_21505_,tier1,generated_datapath,infrastructure,5
_21506_,tier0,generated_control,infrastructure,4
_21507_,tier1,generated_datapath,infrastructure,5
_21508_,tier0,generated_control,infrastructure,5
_21509_,tier0,generated_control,infrastructure,4
_21510_,tier1,generated_datapath,infrastructure,5
_21511_,tier0,generated_control,infrastructure,4
_21512_,tier1,generated_datapath,infrastructure,5
_21513_,tier0,generated_control,infrastructure,4
_21514_,tier0,generated_control,infrastructure,4
_21515_,tier0,generated_control,infrastructure,5
_21516_,tier0,generated_control,infrastructure,4
_21517_,tier1,unclassified,infrastructure,6
_21518_,tier0,generated_control,infrastructure,4
_21519_,tier1,generated_datapath,infrastructure,5
_21520_,tier0,generated_control,infrastructure,4
_21521_,tier1,generated_datapath,infrastructure,5
_21522_,tier0,generated_control,infrastructure,4
_21523_,tier0,unclassified,infrastructure,6
_21524_,tier0,generated_control,infrastructure,5
_21525_,tier0,generated_control,infrastructure,4
_21526_,tier1,generated_datapath,infrastructure,5
_21527_,tier0,generated_control,infrastructure,4
_21528_,tier1,generated_datapath,infrastructure,5
_21529_,tier0,generated_control,infrastructure,4
_21530_,tier1,generated_datapath,infrastructure,5
_21531_,tier0,generated_control,infrastructure,4
_21532_,tier1,generated_datapath,infrastructure,5
_21533_,tier0,generated_control,infrastructure,4
_21534_,tier1,generated_datapath,infrastructure,5
_21535_,tier0,generated_control,infrastructure,4
_21536_,tier1,generated_datapath,infrastructure,5
_21537_,tier0,generated_control,infrastructure,4
_21538_,tier1,generated_datapath,infrastructure,5
_21539_,tier0,generated_control,infrastructure,4
_21540_,tier0,generated_control,infrastructure,5
_21541_,tier1,generated_datapath,infrastructure,5
_21542_,tier0,generated_control,infrastructure,4
_21543_,tier1,generated_datapath,infrastructure,5
_21544_,tier0,generated_control,infrastructure,4
_21545_,tier1,generated_datapath,infrastructure,5
_21546_,tier0,generated_control,infrastructure,4
_21547_,tier1,generated_datapath,infrastructure,5
_21548_,tier0,generated_control,infrastructure,4
_21549_,tier1,generated_datapath,infrastructure,5
_21550_,tier0,generated_control,infrastructure,4
_21551_,tier1,generated_datapath,infrastructure,5
_21552_,tier0,generated_control,infrastructure,4
_21553_,tier1,generated_datapath,infrastructure,5
_21554_,tier0,generated_control,infrastructure,4
_21555_,tier1,generated_datapath,infrastructure,5
_21556_,tier0,generated_control,infrastructure,4
_21557_,tier1,generated_datapath,infrastructure,5
_21558_,tier0,generated_control,infrastructure,4
_21559_,tier1,generated_datapath,infrastructure,5
_21560_,tier0,generated_control,infrastructure,4
_21561_,tier1,generated_datapath,infrastructure,5
_21562_,tier0,generated_control,infrastructure,4
_21563_,tier1,generated_datapath,infrastructure,5
_21564_,tier0,generated_control,infrastructure,4
_21565_,tier1,generated_datapath,infrastructure,5
_21566_,tier0,generated_control,infrastructure,4
_21567_,tier1,generated_datapath,infrastructure,5
_21568_,tier0,generated_control,infrastructure,4
_21569_,tier1,generated_datapath,infrastructure,5
_21570_,tier0,generated_control,infrastructure,4
_21571_,tier1,generated_datapath,infrastructure,5
_21572_,tier0,generated_control,infrastructure,4
_21573_,tier1,generated_datapath,infrastructure,5
_21574_,tier0,generated_control,infrastructure,4
_21575_,tier0,generated_control,infrastructure,5
_21576_,tier1,generated_datapath,infrastructure,5
_21577_,tier0,generated_control,infrastructure,4
_21578_,tier0,generated_control,infrastructure,5
_21579_,tier0,generated_control,infrastructure,4
_21580_,tier1,unclassified,infrastructure,6
_21581_,tier0,generated_control,infrastructure,4
_21582_,tier1,generated_datapath,infrastructure,5
_21583_,tier0,generated_control,infrastructure,4
_21584_,tier1,generated_datapath,infrastructure,5
_21585_,tier0,generated_control,infrastructure,4
_21586_,tier0,unclassified,infrastructure,6
_21587_,tier0,generated_control,infrastructure,5
_21588_,tier0,generated_control,infrastructure,4
_21589_,tier1,generated_datapath,infrastructure,5
_21590_,tier0,generated_control,infrastructure,4
_21591_,tier1,generated_datapath,infrastructure,5
_21592_,tier0,generated_control,infrastructure,4
_21593_,tier1,generated_datapath,infrastructure,5
_21594_,tier0,generated_control,infrastructure,4
_21595_,tier1,generated_datapath,infrastructure,5
_21596_,tier0,generated_control,infrastructure,4
_21597_,tier1,generated_datapath,infrastructure,5
_21598_,tier0,generated_control,infrastructure,4
_21599_,tier1,generated_datapath,infrastructure,5
_21600_,tier0,generated_control,infrastructure,4
_21601_,tier1,generated_datapath,infrastructure,5
_21602_,tier0,generated_control,infrastructure,4
_21603_,tier0,generated_control,infrastructure,5
_21604_,tier1,generated_datapath,infrastructure,5
_21605_,tier0,generated_control,infrastructure,4
_21606_,tier1,generated_datapath,infrastructure,5
_21607_,tier0,generated_control,infrastructure,4
_21608_,tier1,generated_datapath,infrastructure,5
_21609_,tier0,generated_control,infrastructure,4
_21610_,tier1,generated_datapath,infrastructure,5
_21611_,tier0,generated_control,infrastructure,4
_21612_,tier1,generated_datapath,infrastructure,5
_21613_,tier0,generated_control,infrastructure,4
_21614_,tier1,generated_datapath,infrastructure,5
_21615_,tier0,generated_control,infrastructure,4
_21616_,tier1,generated_datapath,infrastructure,5
_21617_,tier0,generated_control,infrastructure,4
_21618_,tier1,generated_datapath,infrastructure,5
_21619_,tier0,generated_control,infrastructure,4
_21620_,tier1,generated_datapath,infrastructure,5
_21621_,tier0,generated_control,infrastructure,4
_21622_,tier1,generated_datapath,infrastructure,5
_21623_,tier0,generated_control,infrastructure,4
_21624_,tier0,generated_datapath,infrastructure,6
_21625_,tier1,generated_datapath,infrastructure,5
_21626_,tier0,generated_control,infrastructure,4
_21627_,tier1,generated_datapath,infrastructure,5
_21628_,tier0,generated_control,infrastructure,4
_21629_,tier1,generated_datapath,infrastructure,5
_21630_,tier0,generated_control,infrastructure,4
_21631_,tier1,generated_datapath,infrastructure,5
_21632_,tier0,generated_control,infrastructure,4
_21633_,tier0,generated_datapath,infrastructure,5
_21634_,tier1,generated_datapath,infrastructure,5
_21635_,tier0,generated_control,infrastructure,4
_21636_,tier1,generated_datapath,infrastructure,5
_21637_,tier0,generated_control,infrastructure,4
_21638_,tier1,generated_datapath,infrastructure,5
_21639_,tier0,generated_control,infrastructure,5
_21640_,tier0,generated_control,infrastructure,4
_21641_,tier0,generated_control,infrastructure,4
_21642_,tier1,generated_datapath,infrastructure,5
_21643_,tier0,generated_control,infrastructure,4
_21644_,tier0,generated_control,infrastructure,4
_21645_,tier0,generated_control,infrastructure,5
_21646_,tier0,generated_control,infrastructure,4
_21647_,tier1,unclassified,infrastructure,6
_21648_,tier0,generated_control,infrastructure,4
_21649_,tier1,generated_datapath,infrastructure,5
_21650_,tier0,generated_control,infrastructure,4
_21651_,tier1,generated_datapath,infrastructure,5
_21652_,tier0,generated_control,infrastructure,5
_21653_,tier0,generated_control,infrastructure,5
_21654_,tier0,generated_control,infrastructure,4
_21655_,tier1,generated_datapath,infrastructure,5
_21656_,tier0,generated_control,infrastructure,4
_21657_,tier1,generated_datapath,infrastructure,5
_21658_,tier0,generated_control,infrastructure,5
_21659_,tier0,generated_control,infrastructure,4
_21660_,tier1,generated_datapath,infrastructure,5
_21661_,tier0,generated_control,infrastructure,4
_21662_,tier1,generated_datapath,infrastructure,5
_21663_,tier0,generated_control,infrastructure,4
_21664_,tier1,generated_datapath,infrastructure,5
_21665_,tier0,generated_control,infrastructure,4
_21666_,tier1,generated_datapath,infrastructure,5
_21667_,tier0,generated_control,infrastructure,4
_21668_,tier1,generated_datapath,infrastructure,5
_21669_,tier0,generated_control,infrastructure,4
_21670_,tier1,generated_datapath,infrastructure,5
_21671_,tier0,generated_control,infrastructure,4
_21672_,tier1,generated_datapath,infrastructure,5
_21673_,tier0,generated_control,infrastructure,4
_21674_,tier1,generated_datapath,infrastructure,5
_21675_,tier0,generated_control,infrastructure,4
_21676_,tier1,generated_datapath,infrastructure,5
_21677_,tier0,generated_control,infrastructure,4
_21678_,tier1,generated_datapath,infrastructure,5
_21679_,tier0,generated_control,infrastructure,4
_21680_,tier1,generated_datapath,infrastructure,5
_21681_,tier0,generated_control,infrastructure,5
_21682_,tier0,generated_control,infrastructure,4
_21683_,tier1,generated_datapath,infrastructure,5
_21684_,tier0,generated_control,infrastructure,4
_21685_,tier1,generated_datapath,infrastructure,5
_21686_,tier0,generated_control,infrastructure,4
_21687_,tier0,generated_datapath,infrastructure,6
_21688_,tier1,generated_datapath,infrastructure,5
_21689_,tier0,generated_control,infrastructure,4
_21690_,tier1,generated_datapath,infrastructure,5
_21691_,tier0,generated_control,infrastructure,4
_21692_,tier1,generated_datapath,infrastructure,5
_21693_,tier0,generated_control,infrastructure,4
_21694_,tier1,generated_datapath,infrastructure,5
_21695_,tier0,generated_control,infrastructure,4
_21696_,tier1,generated_datapath,infrastructure,5
_21697_,tier0,generated_control,infrastructure,4
_21698_,tier1,generated_datapath,infrastructure,5
_21699_,tier0,generated_control,infrastructure,4
_21700_,tier1,generated_datapath,infrastructure,5
_21701_,tier0,generated_control,infrastructure,4
_21702_,tier1,generated_datapath,infrastructure,5
_21703_,tier0,generated_control,infrastructure,4
_21704_,tier1,generated_datapath,infrastructure,5
_21705_,tier0,generated_control,infrastructure,4
_21706_,tier0,generated_control,infrastructure,5
_21707_,tier1,generated_datapath,infrastructure,5
_21708_,tier0,generated_control,infrastructure,4
_21709_,tier0,generated_control,infrastructure,5
_21710_,tier0,generated_control,infrastructure,4
_21711_,tier1,unclassified,infrastructure,6
_21712_,tier0,generated_control,infrastructure,4
_21713_,tier1,generated_datapath,infrastructure,5
_21714_,tier0,generated_control,infrastructure,4
_21715_,tier1,generated_datapath,infrastructure,5
_21716_,tier0,generated_control,infrastructure,4
_21717_,tier0,unclassified,infrastructure,6
_21718_,tier0,generated_control,infrastructure,5
_21719_,tier0,generated_control,infrastructure,4
_21720_,tier1,generated_datapath,infrastructure,5
_21721_,tier0,generated_control,infrastructure,4
_21722_,tier1,generated_datapath,infrastructure,5
_21723_,tier0,generated_control,infrastructure,4
_21724_,tier1,generated_datapath,infrastructure,5
_21725_,tier0,generated_control,infrastructure,4
_21726_,tier1,generated_datapath,infrastructure,5
_21727_,tier0,generated_control,infrastructure,4
_21728_,tier1,generated_datapath,infrastructure,5
_21729_,tier0,generated_control,infrastructure,4
_21730_,tier1,generated_datapath,infrastructure,5
_21731_,tier0,generated_control,infrastructure,4
_21732_,tier1,generated_datapath,infrastructure,5
_21733_,tier0,generated_control,infrastructure,4
_21734_,tier0,generated_control,infrastructure,5
_21735_,tier1,generated_datapath,infrastructure,5
_21736_,tier0,generated_control,infrastructure,4
_21737_,tier1,generated_datapath,infrastructure,5
_21738_,tier0,generated_control,infrastructure,4
_21739_,tier1,generated_datapath,infrastructure,5
_21740_,tier0,generated_control,infrastructure,4
_21741_,tier0,generated_datapath,infrastructure,6
_21742_,tier1,generated_datapath,infrastructure,5
_21743_,tier0,generated_control,infrastructure,4
_21744_,tier1,generated_datapath,infrastructure,5
_21745_,tier0,generated_control,infrastructure,4
_21746_,tier1,generated_datapath,infrastructure,5
_21747_,tier0,generated_control,infrastructure,4
_21748_,tier1,generated_datapath,infrastructure,5
_21749_,tier0,generated_control,infrastructure,4
_21750_,tier1,generated_datapath,infrastructure,5
_21751_,tier0,generated_control,infrastructure,4
_21752_,tier1,generated_datapath,infrastructure,5
_21753_,tier0,generated_control,infrastructure,4
_21754_,tier1,generated_datapath,infrastructure,5
_21755_,tier0,generated_control,infrastructure,4
_21756_,tier1,generated_datapath,infrastructure,5
_21757_,tier0,generated_control,infrastructure,4
_21758_,tier1,generated_datapath,infrastructure,5
_21759_,tier0,generated_control,infrastructure,4
_21760_,tier1,generated_datapath,infrastructure,5
_21761_,tier0,generated_control,infrastructure,4
_21762_,tier1,generated_datapath,infrastructure,5
_21763_,tier0,generated_control,infrastructure,4
_21764_,tier1,generated_datapath,infrastructure,5
_21765_,tier0,generated_control,infrastructure,4
_21766_,tier0,generated_control,infrastructure,5
_21767_,tier1,generated_datapath,infrastructure,5
_21768_,tier0,generated_control,infrastructure,4
_21769_,tier1,generated_datapath,infrastructure,5
_21770_,tier0,generated_control,infrastructure,4
_21771_,tier1,generated_datapath,infrastructure,5
_21772_,tier0,generated_control,infrastructure,4
_21773_,tier0,generated_control,infrastructure,5
_21774_,tier1,generated_control,infrastructure,5
_21775_,tier1,generated_control,infrastructure,4
_21776_,tier1,unclassified,infrastructure,6
_21777_,tier0,generated_control,infrastructure,4
_21778_,tier1,generated_datapath,infrastructure,5
_21779_,tier1,generated_control,infrastructure,4
_21780_,tier1,generated_datapath,infrastructure,5
_21781_,tier0,generated_control,infrastructure,4
_21782_,tier0,unclassified,infrastructure,6
_21783_,tier1,generated_control,infrastructure,5
_21784_,tier0,generated_control,infrastructure,4
_21785_,tier1,generated_datapath,infrastructure,5
_21786_,tier1,generated_control,infrastructure,4
_21787_,tier1,generated_datapath,infrastructure,5
_21788_,tier1,generated_control,infrastructure,4
_21789_,tier0,generated_control,infrastructure,4
_21790_,tier1,generated_datapath,infrastructure,5
_21791_,tier1,generated_control,infrastructure,4
_21792_,tier1,generated_datapath,infrastructure,5
_21793_,tier1,generated_control,infrastructure,4
_21794_,tier1,generated_datapath,infrastructure,5
_21795_,tier1,generated_control,infrastructure,4
_21796_,tier1,generated_datapath,infrastructure,5
_21797_,tier0,generated_control,infrastructure,4
_21798_,tier1,generated_datapath,infrastructure,5
_21799_,tier1,generated_control,infrastructure,4
_21800_,tier1,generated_datapath,infrastructure,5
_21801_,tier0,generated_control,infrastructure,4
_21802_,tier1,generated_datapath,infrastructure,5
_21803_,tier0,generated_control,infrastructure,4
_21804_,tier1,generated_datapath,infrastructure,5
_21805_,tier1,generated_control,infrastructure,4
_21806_,tier1,generated_datapath,infrastructure,5
_21807_,tier1,generated_control,infrastructure,4
_21808_,tier1,generated_datapath,infrastructure,5
_21809_,tier0,generated_control,infrastructure,4
_21810_,tier1,generated_datapath,infrastructure,5
_21811_,tier1,generated_control,infrastructure,4
_21812_,tier1,generated_datapath,infrastructure,5
_21813_,tier0,generated_control,infrastructure,4
_21814_,tier1,generated_datapath,infrastructure,5
_21815_,tier1,generated_control,infrastructure,4
_21816_,tier1,generated_datapath,infrastructure,5
_21817_,tier1,generated_control,infrastructure,4
_21818_,tier1,generated_datapath,infrastructure,5
_21819_,tier1,generated_control,infrastructure,4
_21820_,tier1,generated_datapath,infrastructure,5
_21821_,tier1,generated_control,infrastructure,4
_21822_,tier1,generated_datapath,infrastructure,5
_21823_,tier0,generated_control,infrastructure,4
_21824_,tier1,generated_datapath,infrastructure,5
_21825_,tier0,generated_control,infrastructure,4
_21826_,tier1,generated_datapath,infrastructure,5
_21827_,tier0,generated_control,infrastructure,4
_21828_,tier1,generated_datapath,infrastructure,5
_21829_,tier0,generated_control,infrastructure,4
_21830_,tier1,generated_datapath,infrastructure,5
_21831_,tier1,generated_datapath,infrastructure,5
_21832_,tier1,generated_control,infrastructure,4
_21833_,tier1,generated_datapath,infrastructure,5
_21834_,tier1,generated_datapath,infrastructure,5
_21835_,tier0,generated_control,infrastructure,4
_21836_,tier1,generated_datapath,infrastructure,5
_21837_,tier0,generated_control,infrastructure,4
_21838_,tier0,generated_control,infrastructure,5
_21839_,tier0,generated_control,infrastructure,4
_21840_,tier1,unclassified,infrastructure,6
_21841_,tier1,generated_datapath,infrastructure,5
_21842_,tier0,generated_control,infrastructure,4
_21843_,tier1,generated_datapath,infrastructure,5
_21844_,tier0,generated_control,infrastructure,4
_21845_,tier1,generated_datapath,infrastructure,5
_21846_,tier0,generated_control,infrastructure,4
_21847_,tier0,unclassified,infrastructure,6
_21848_,tier0,generated_control,infrastructure,4
_21849_,tier0,generated_control,infrastructure,5
_21850_,tier0,generated_control,infrastructure,4
_21851_,tier1,generated_datapath,infrastructure,5
_21852_,tier0,generated_control,infrastructure,4
_21853_,tier1,generated_datapath,infrastructure,5
_21854_,tier0,generated_control,infrastructure,4
_21855_,tier1,generated_control,infrastructure,5
_21856_,tier1,generated_datapath,infrastructure,5
_21857_,tier0,generated_control,infrastructure,4
_21858_,tier1,generated_datapath,infrastructure,5
_21859_,tier0,generated_control,infrastructure,4
_21860_,tier1,generated_datapath,infrastructure,5
_21861_,tier0,generated_control,infrastructure,4
_21862_,tier1,generated_datapath,infrastructure,5
_21863_,tier0,generated_control,infrastructure,4
_21864_,tier1,generated_datapath,infrastructure,5
_21865_,tier0,generated_control,infrastructure,4
_21866_,tier1,generated_datapath,infrastructure,5
_21867_,tier0,generated_control,infrastructure,4
_21868_,tier1,generated_datapath,infrastructure,5
_21869_,tier0,generated_control,infrastructure,4
_21870_,tier1,generated_datapath,infrastructure,5
_21871_,tier0,generated_control,infrastructure,4
_21872_,tier0,generated_control,infrastructure,4
_21873_,tier1,generated_datapath,infrastructure,5
_21874_,tier0,generated_control,infrastructure,4
_21875_,tier1,generated_datapath,infrastructure,5
_21876_,tier0,generated_control,infrastructure,4
_21877_,tier1,generated_datapath,infrastructure,5
_21878_,tier0,generated_control,infrastructure,4
_21879_,tier1,generated_datapath,infrastructure,5
_21880_,tier0,generated_control,infrastructure,4
_21881_,tier1,generated_datapath,infrastructure,5
_21882_,tier0,generated_control,infrastructure,4
_21883_,tier1,generated_datapath,infrastructure,5
_21884_,tier0,generated_control,infrastructure,4
_21885_,tier1,generated_datapath,infrastructure,5
_21886_,tier0,generated_control,infrastructure,5
_21887_,tier0,generated_control,infrastructure,4
_21888_,tier1,generated_datapath,infrastructure,5
_21889_,tier0,generated_control,infrastructure,4
_21890_,tier1,generated_datapath,infrastructure,5
_21891_,tier0,generated_control,infrastructure,4
_21892_,tier1,generated_datapath,infrastructure,5
_21893_,tier0,generated_control,infrastructure,4
_21894_,tier1,generated_datapath,infrastructure,5
_21895_,tier0,generated_control,infrastructure,4
_21896_,tier1,generated_datapath,infrastructure,5
_21897_,tier0,generated_control,infrastructure,4
_21898_,tier1,generated_datapath,infrastructure,5
_21899_,tier0,generated_control,infrastructure,4
_21900_,tier0,generated_control,infrastructure,5
_21901_,tier1,generated_datapath,infrastructure,5
_21902_,tier0,generated_control,infrastructure,4
_21903_,tier1,generated_datapath,infrastructure,5
_21904_,tier0,generated_control,infrastructure,4
_21905_,tier1,generated_control,infrastructure,5
_21906_,tier1,generated_datapath,infrastructure,6
_21907_,tier1,generated_control,infrastructure,4
_21908_,tier1,unclassified,infrastructure,6
_21909_,tier1,generated_control,infrastructure,4
_21910_,tier1,generated_datapath,infrastructure,5
_21911_,tier1,generated_control,infrastructure,4
_21912_,tier1,generated_datapath,infrastructure,5
_21913_,tier0,generated_control,infrastructure,5
_21914_,tier0,generated_control,infrastructure,5
_21915_,tier1,generated_control,infrastructure,5
_21916_,tier1,generated_control,infrastructure,4
_21917_,tier1,generated_datapath,infrastructure,5
_21918_,tier1,generated_control,infrastructure,4
_21919_,tier1,generated_datapath,infrastructure,5
_21920_,tier1,generated_control,infrastructure,4
_21921_,tier1,generated_datapath,infrastructure,5
_21922_,tier1,generated_control,infrastructure,4
_21923_,tier1,generated_datapath,infrastructure,5
_21924_,tier1,generated_control,infrastructure,4
_21925_,tier1,generated_datapath,infrastructure,5
_21926_,tier1,generated_control,infrastructure,4
_21927_,tier1,generated_datapath,infrastructure,6
_21928_,tier1,generated_datapath,infrastructure,5
_21929_,tier1,generated_control,infrastructure,4
_21930_,tier1,generated_datapath,infrastructure,5
_21931_,tier1,generated_control,infrastructure,4
_21932_,tier1,generated_datapath,infrastructure,5
_21933_,tier1,generated_datapath,infrastructure,5
_21934_,tier0,generated_control,infrastructure,4
_21935_,tier1,generated_control,infrastructure,4
_21936_,tier1,generated_datapath,infrastructure,5
_21937_,tier0,generated_control,infrastructure,4
_21938_,tier1,generated_datapath,infrastructure,5
_21939_,tier1,generated_control,infrastructure,4
_21940_,tier1,generated_datapath,infrastructure,5
_21941_,tier1,generated_control,infrastructure,4
_21942_,tier1,generated_datapath,infrastructure,5
_21943_,tier1,generated_control,infrastructure,4
_21944_,tier1,generated_datapath,infrastructure,5
_21945_,tier1,generated_control,infrastructure,4
_21946_,tier1,generated_datapath,infrastructure,5
_21947_,tier1,generated_control,infrastructure,4
_21948_,tier1,generated_datapath,infrastructure,5
_21949_,tier1,generated_control,infrastructure,4
_21950_,tier1,generated_datapath,infrastructure,5
_21951_,tier1,generated_control,infrastructure,4
_21952_,tier1,generated_datapath,infrastructure,5
_21953_,tier1,generated_control,infrastructure,4
_21954_,tier0,generated_control,infrastructure,5
_21955_,tier1,generated_datapath,infrastructure,5
_21956_,tier1,generated_control,infrastructure,4
_21957_,tier0,generated_control,infrastructure,4
_21958_,tier1,generated_datapath,infrastructure,5
_21959_,tier1,generated_control,infrastructure,4
_21960_,tier1,generated_datapath,infrastructure,5
_21961_,tier0,generated_control,infrastructure,4
_21962_,tier1,generated_datapath,infrastructure,5
_21963_,tier1,generated_control,infrastructure,4
_21964_,tier1,generated_datapath,infrastructure,5
_21965_,tier0,generated_control,infrastructure,4
_21966_,tier1,generated_datapath,infrastructure,5
_21967_,tier1,generated_control,infrastructure,4
_21968_,tier1,generated_datapath,infrastructure,5
_21969_,tier0,generated_control,infrastructure,4
_21970_,tier1,generated_datapath,infrastructure,5
_21971_,tier0,generated_control,infrastructure,4
_21972_,tier0,generated_control,infrastructure,5
_21973_,tier0,generated_control,infrastructure,5
_21974_,tier0,generated_control,infrastructure,4
_21975_,tier1,unclassified,infrastructure,6
_21976_,tier0,generated_control,infrastructure,4
_21977_,tier1,generated_datapath,infrastructure,5
_21978_,tier0,generated_control,infrastructure,4
_21979_,tier1,generated_datapath,infrastructure,5
_21980_,tier0,generated_control,infrastructure,5
_21981_,tier0,generated_control,infrastructure,5
_21982_,tier0,generated_control,infrastructure,4
_21983_,tier1,generated_datapath,infrastructure,5
_21984_,tier0,generated_control,infrastructure,4
_21985_,tier1,generated_datapath,infrastructure,5
_21986_,tier0,generated_control,infrastructure,4
_21987_,tier1,generated_datapath,infrastructure,5
_21988_,tier0,generated_control,infrastructure,4
_21989_,tier1,generated_datapath,infrastructure,5
_21990_,tier0,generated_control,infrastructure,4
_21991_,tier1,generated_datapath,infrastructure,5
_21992_,tier0,generated_control,infrastructure,5
_21993_,tier0,generated_control,infrastructure,4
_21994_,tier1,generated_datapath,infrastructure,5
_21995_,tier0,generated_control,infrastructure,4
_21996_,tier1,generated_datapath,infrastructure,5
_21997_,tier0,generated_control,infrastructure,4
_21998_,tier1,generated_datapath,infrastructure,5
_21999_,tier0,generated_control,infrastructure,4
_22000_,tier1,generated_datapath,infrastructure,5
_22001_,tier0,generated_control,infrastructure,4
_22002_,tier1,generated_datapath,infrastructure,5
_22003_,tier0,generated_control,infrastructure,4
_22004_,tier1,generated_datapath,infrastructure,5
_22005_,tier0,generated_control,infrastructure,4
_22006_,tier1,generated_datapath,infrastructure,5
_22007_,tier0,generated_control,infrastructure,4
_22008_,tier1,generated_datapath,infrastructure,5
_22009_,tier0,generated_control,infrastructure,4
_22010_,tier1,generated_datapath,infrastructure,5
_22011_,tier0,generated_control,infrastructure,4
_22012_,tier0,generated_control,infrastructure,5
_22013_,tier1,generated_datapath,infrastructure,5
_22014_,tier0,generated_control,infrastructure,4
_22015_,tier1,generated_datapath,infrastructure,5
_22016_,tier0,generated_control,infrastructure,4
_22017_,tier1,generated_datapath,infrastructure,5
_22018_,tier0,generated_control,infrastructure,4
_22019_,tier1,generated_datapath,infrastructure,5
_22020_,tier0,generated_control,infrastructure,4
_22021_,tier1,generated_datapath,infrastructure,5
_22022_,tier0,generated_control,infrastructure,4
_22023_,tier1,generated_datapath,infrastructure,5
_22024_,tier0,generated_control,infrastructure,4
_22025_,tier0,generated_datapath,infrastructure,6
_22026_,tier1,generated_datapath,infrastructure,5
_22027_,tier0,generated_control,infrastructure,4
_22028_,tier1,generated_datapath,infrastructure,5
_22029_,tier0,generated_control,infrastructure,4
_22030_,tier1,generated_datapath,infrastructure,5
_22031_,tier1,generated_datapath,infrastructure,5
_22032_,tier0,generated_control,infrastructure,4
_22033_,tier1,generated_datapath,infrastructure,5
_22034_,tier0,generated_control,infrastructure,4
_22035_,tier0,generated_control,infrastructure,5
_22036_,tier1,generated_datapath,infrastructure,5
_22037_,tier1,generated_control,infrastructure,4
_22038_,tier1,generated_control,infrastructure,4
_22039_,tier1,generated_datapath,infrastructure,5
_22040_,tier1,generated_datapath,infrastructure,5
_22041_,tier1,generated_control,infrastructure,4
_22042_,tier0,generated_control,infrastructure,4
_22043_,tier1,generated_datapath,infrastructure,5
_22044_,tier1,generated_datapath,infrastructure,5
_22045_,tier1,generated_control,infrastructure,4
_22046_,tier1,generated_control,infrastructure,4
_22047_,tier1,generated_datapath,infrastructure,5
_22048_,tier1,generated_datapath,infrastructure,5
_22049_,tier1,generated_control,infrastructure,4
_22050_,tier1,generated_control,infrastructure,4
_22051_,tier1,generated_datapath,infrastructure,5
_22052_,tier0,generated_control,infrastructure,5
_22053_,tier1,generated_datapath,infrastructure,5
_22054_,tier0,generated_control,infrastructure,4
_22055_,tier1,generated_control,infrastructure,5
_22056_,tier0,generated_control,infrastructure,4
_22057_,tier0,generated_datapath,infrastructure,5
_22058_,tier1,generated_control,infrastructure,4
_22059_,tier1,generated_control,infrastructure,4
_22060_,tier1,generated_datapath,infrastructure,5
_22061_,tier1,generated_datapath,infrastructure,5
_22062_,tier1,generated_control,infrastructure,4
_22063_,tier1,generated_control,infrastructure,4
_22064_,tier1,generated_datapath,infrastructure,5
_22065_,tier1,generated_datapath,infrastructure,5
_22066_,tier1,generated_control,infrastructure,4
_22067_,tier1,generated_control,infrastructure,4
_22068_,tier1,generated_datapath,infrastructure,5
_22069_,tier1,generated_datapath,infrastructure,5
_22070_,tier1,generated_control,infrastructure,4
_22071_,tier1,generated_control,infrastructure,4
_22072_,tier0,generated_control,infrastructure,5
_22073_,tier1,generated_datapath,infrastructure,5
_22074_,tier1,generated_datapath,infrastructure,5
_22075_,tier1,generated_control,infrastructure,4
_22076_,tier1,generated_control,infrastructure,4
_22077_,tier1,generated_datapath,infrastructure,5
_22078_,tier1,generated_datapath,infrastructure,5
_22079_,tier1,generated_control,infrastructure,4
_22080_,tier1,generated_control,infrastructure,4
_22081_,tier1,generated_datapath,infrastructure,5
_22082_,tier1,generated_datapath,infrastructure,5
_22083_,tier1,generated_control,infrastructure,4
_22084_,tier1,generated_control,infrastructure,4
_22085_,tier1,generated_datapath,infrastructure,5
_22086_,tier1,generated_datapath,infrastructure,5
_22087_,tier1,generated_control,infrastructure,4
_22088_,tier1,generated_control,infrastructure,4
_22089_,tier1,generated_datapath,infrastructure,5
_22090_,tier1,generated_datapath,infrastructure,5
_22091_,tier1,generated_control,infrastructure,4
_22092_,tier1,generated_control,infrastructure,4
_22093_,tier1,generated_datapath,infrastructure,5
_22094_,tier0,generated_control,infrastructure,5
_22095_,tier1,generated_datapath,infrastructure,5
_22096_,tier1,generated_control,infrastructure,4
_22097_,tier1,generated_control,infrastructure,4
_22098_,tier1,generated_datapath,infrastructure,5
_22099_,tier1,generated_datapath,infrastructure,5
_22100_,tier0,generated_control,infrastructure,4
_22101_,tier0,generated_datapath,infrastructure,5
_22102_,tier0,generated_control,infrastructure,4
_22103_,tier0,generated_datapath,infrastructure,5
_22104_,tier1,generated_control,infrastructure,4
_22105_,tier1,generated_control,infrastructure,4
_22106_,tier1,generated_datapath,infrastructure,5
_22107_,tier1,generated_datapath,infrastructure,5
_22108_,tier1,generated_control,infrastructure,4
_22109_,tier0,generated_control,infrastructure,4
_22110_,tier0,generated_datapath,infrastructure,5
_22111_,tier1,generated_datapath,infrastructure,5
_22112_,tier1,generated_control,infrastructure,4
_22113_,tier0,generated_control,infrastructure,4
_22114_,tier0,generated_control,infrastructure,5
_22115_,tier0,generated_datapath,infrastructure,5
_22116_,tier1,generated_datapath,infrastructure,5
_22117_,tier1,generated_control,infrastructure,4
_22118_,tier0,generated_control,infrastructure,4
_22119_,tier0,generated_datapath,infrastructure,5
_22120_,tier1,generated_datapath,infrastructure,5
_22121_,tier1,generated_control,infrastructure,4
_22122_,tier0,generated_control,infrastructure,4
_22123_,tier1,generated_datapath,infrastructure,5
_22124_,tier1,generated_datapath,infrastructure,5
_22125_,tier1,generated_control,infrastructure,4
_22126_,tier0,generated_control,infrastructure,4
_22127_,tier0,generated_datapath,infrastructure,6
_22128_,tier1,generated_datapath,infrastructure,5
_22129_,tier1,generated_datapath,infrastructure,5
_22130_,tier1,generated_control,infrastructure,4
_22131_,tier1,generated_control,infrastructure,4
_22132_,tier1,generated_datapath,infrastructure,5
_22133_,tier1,generated_datapath,infrastructure,5
_22134_,tier1,generated_datapath,infrastructure,5
_22135_,tier0,generated_control,infrastructure,4
_22136_,tier1,generated_control,infrastructure,4
_22137_,tier1,generated_datapath,infrastructure,5
_22138_,tier0,generated_datapath,infrastructure,5
_22139_,tier0,generated_control,infrastructure,5
_22140_,tier1,generated_control,infrastructure,4
_22141_,tier0,generated_control,infrastructure,4
_22142_,tier1,generated_datapath,infrastructure,5
_22143_,tier1,generated_datapath,infrastructure,5
_22144_,tier0,generated_control,infrastructure,4
_22145_,tier1,generated_control,infrastructure,4
_22146_,tier1,generated_datapath,infrastructure,5
_22147_,tier0,generated_datapath,infrastructure,5
_22148_,tier1,generated_control,infrastructure,4
_22149_,tier1,generated_control,infrastructure,4
_22150_,tier1,generated_datapath,infrastructure,5
_22151_,tier1,generated_datapath,infrastructure,5
_22152_,tier0,generated_control,infrastructure,4
_22153_,tier1,generated_control,infrastructure,4
_22154_,tier1,generated_datapath,infrastructure,5
_22155_,tier0,generated_datapath,infrastructure,5
_22156_,tier0,generated_control,infrastructure,5
_22157_,tier0,generated_control,infrastructure,4
_22158_,tier1,generated_control,infrastructure,4
_22159_,tier1,generated_datapath,infrastructure,5
_22160_,tier0,generated_datapath,infrastructure,5
_22161_,tier1,generated_control,infrastructure,4
_22162_,tier1,generated_control,infrastructure,4
_22163_,tier1,generated_datapath,infrastructure,5
_22164_,tier1,generated_datapath,infrastructure,5
_22165_,tier0,generated_control,infrastructure,4
_22166_,tier1,generated_control,infrastructure,4
_22167_,tier1,generated_datapath,infrastructure,5
_22168_,tier0,generated_datapath,infrastructure,5
_22169_,tier0,generated_control,infrastructure,4
_22170_,tier0,generated_control,infrastructure,4
_22171_,tier0,generated_control,infrastructure,4
_22172_,tier0,generated_control,infrastructure,4
_22173_,tier0,generated_control,infrastructure,4
_22174_,tier0,generated_datapath,infrastructure,5
_22175_,tier0,generated_control,infrastructure,5
_22176_,tier1,generated_control,infrastructure,4
_22177_,tier0,generated_control,infrastructure,4
_22178_,tier0,generated_datapath,infrastructure,5
_22179_,tier0,generated_control,infrastructure,4
_22180_,tier0,generated_datapath,infrastructure,5
_22181_,tier0,generated_datapath,infrastructure,5
_22182_,tier0,generated_control,infrastructure,4
_22183_,tier0,generated_control,infrastructure,4
_22184_,tier0,unclassified,infrastructure,6
_22185_,tier0,generated_control,infrastructure,5
_22186_,tier0,generated_datapath,infrastructure,5
_22187_,tier0,generated_control,infrastructure,4
_22188_,tier0,generated_control,infrastructure,4
_22189_,tier0,generated_control,infrastructure,5
_22190_,tier0,generated_datapath,infrastructure,5
_22191_,tier0,generated_datapath,infrastructure,5
_22192_,tier0,generated_datapath,infrastructure,6
_22193_,tier0,generated_datapath,infrastructure,5
_22194_,tier0,generated_datapath,infrastructure,5
_22195_,tier0,generated_control,infrastructure,4
_22196_,tier0,generated_control,infrastructure,4
_22197_,tier0,unclassified,infrastructure,6
_22198_,tier0,generated_control,infrastructure,4
_22199_,tier0,unclassified,infrastructure,6
_22200_,tier0,generated_datapath,infrastructure,5
_22201_,tier0,generated_control,infrastructure,4
_22202_,tier0,generated_control,infrastructure,4
_22203_,tier0,generated_datapath,infrastructure,5
_22204_,tier0,generated_datapath,infrastructure,5
_22205_,tier0,generated_control,infrastructure,4
_22206_,tier0,generated_control,infrastructure,4
_22207_,tier0,generated_datapath,infrastructure,5
_22208_,tier0,generated_datapath,infrastructure,5
_22209_,tier0,generated_datapath,infrastructure,5
_22210_,tier0,generated_datapath,infrastructure,5
_22211_,tier0,generated_control,infrastructure,4
_22212_,tier0,unclassified,infrastructure,6
_22213_,tier0,generated_datapath,infrastructure,5
_22214_,tier0,generated_control,infrastructure,4
_22215_,tier0,generated_datapath,infrastructure,5
_22216_,tier0,generated_datapath,infrastructure,5
_22217_,tier0,generated_control,infrastructure,4
_22218_,tier0,generated_control,infrastructure,4
_22219_,tier0,generated_datapath,infrastructure,5
_22220_,tier0,generated_control,infrastructure,5
_22221_,tier0,generated_datapath,infrastructure,5
_22222_,tier0,generated_control,infrastructure,4
_22223_,tier0,generated_datapath,infrastructure,5
_22224_,tier0,generated_datapath,infrastructure,5
_22225_,tier0,generated_control,infrastructure,4
_22226_,tier0,generated_datapath,infrastructure,5
_22227_,tier0,generated_datapath,infrastructure,5
_22228_,tier0,generated_control,infrastructure,5
_22229_,tier0,generated_control,infrastructure,4
_22230_,tier0,generated_datapath,infrastructure,5
_22231_,tier0,generated_control,infrastructure,4
_22232_,tier0,generated_control,infrastructure,4
_22233_,tier0,generated_datapath,infrastructure,5
_22234_,tier0,generated_datapath,infrastructure,5
_22235_,tier0,generated_control,infrastructure,4
_22236_,tier0,generated_control,infrastructure,4
_22237_,tier0,unclassified,infrastructure,6
_22238_,tier0,generated_control,infrastructure,4
_22239_,tier0,generated_control,infrastructure,4
_22240_,tier0,generated_datapath,infrastructure,5
_22241_,tier0,generated_datapath,infrastructure,5
_22242_,tier0,generated_control,infrastructure,4
_22243_,tier0,generated_control,infrastructure,5
_22244_,tier0,generated_datapath,infrastructure,5
_22245_,tier0,generated_control,infrastructure,4
_22246_,tier0,generated_control,infrastructure,5
_22247_,tier0,generated_control,infrastructure,4
_22248_,tier0,generated_datapath,infrastructure,5
_22249_,tier0,generated_datapath,infrastructure,5
_22250_,tier0,generated_control,infrastructure,4
_22251_,tier0,generated_datapath,infrastructure,5
_22252_,tier0,generated_datapath,infrastructure,6
_22253_,tier0,generated_datapath,infrastructure,5
_22254_,tier0,generated_control,infrastructure,4
_22255_,tier0,generated_datapath,infrastructure,5
_22256_,tier0,generated_datapath,infrastructure,5
_22257_,tier0,generated_control,infrastructure,5
_22258_,tier0,generated_datapath,infrastructure,5
_22259_,tier0,generated_control,infrastructure,4
_22260_,tier0,unclassified,infrastructure,6
_22261_,tier0,generated_control,infrastructure,4
_22262_,tier0,generated_control,infrastructure,4
_22263_,tier0,generated_datapath,infrastructure,5
_22264_,tier0,generated_datapath,infrastructure,5
_22265_,tier0,generated_control,infrastructure,4
_22266_,tier0,generated_datapath,infrastructure,5
_22267_,tier0,generated_datapath,infrastructure,5
_22268_,tier0,generated_control,infrastructure,4
_22269_,tier0,generated_control,infrastructure,5
_22270_,tier0,generated_datapath,infrastructure,5
_22271_,tier0,generated_control,infrastructure,4
_22272_,tier0,generated_control,infrastructure,5
_22273_,tier0,unclassified,infrastructure,6
_22274_,tier0,generated_control,infrastructure,4
_22275_,tier1,generated_control,infrastructure,4
_22276_,tier0,generated_datapath,infrastructure,5
_22277_,tier0,generated_control,infrastructure,4
_22278_,tier1,generated_control,infrastructure,5
_22279_,tier0,generated_datapath,infrastructure,5
_22280_,tier0,generated_control,infrastructure,4
_22281_,tier1,generated_control,infrastructure,5
_22282_,tier0,generated_control,infrastructure,4
_22283_,tier0,generated_datapath,infrastructure,5
_22284_,tier0,generated_datapath,infrastructure,5
_22285_,tier0,generated_control,infrastructure,4
_22286_,tier0,unclassified,infrastructure,6
_22287_,tier0,generated_control,infrastructure,4
_22288_,tier0,generated_datapath,infrastructure,5
_22289_,tier1,generated_control,infrastructure,4
_22290_,tier0,unclassified,infrastructure,6
_22291_,tier0,generated_control,infrastructure,4
_22292_,tier0,generated_datapath,infrastructure,5
_22293_,tier0,unclassified,infrastructure,6
_22294_,tier0,generated_control,infrastructure,5
_22295_,tier0,generated_datapath,infrastructure,5
_22296_,tier1,generated_control,infrastructure,4
_22297_,tier1,generated_control,infrastructure,5
_22298_,tier1,generated_datapath,infrastructure,7
_22299_,tier1,generated_datapath,infrastructure,5
_22300_,tier0,generated_control,infrastructure,4
_22301_,tier0,generated_control,infrastructure,4
_22302_,tier1,generated_datapath,infrastructure,5
_22303_,tier0,generated_control,infrastructure,5
_22304_,tier0,generated_datapath,infrastructure,5
_22305_,tier1,generated_datapath,infrastructure,5
_22306_,tier1,generated_control,infrastructure,4
_22307_,tier1,generated_control,infrastructure,5
_22308_,tier1,generated_datapath,infrastructure,8
_22309_,tier1,unclassified,infrastructure,7
_22310_,tier1,generated_datapath,infrastructure,5
_22311_,tier0,generated_control,infrastructure,4
_22312_,tier1,generated_datapath,infrastructure,5
_22313_,tier1,generated_datapath,infrastructure,6
_22314_,tier1,generated_datapath,infrastructure,5
_22315_,tier0,generated_control,infrastructure,5
_22316_,tier0,generated_control,infrastructure,4
_22317_,tier1,generated_datapath,infrastructure,5
_22318_,tier1,generated_datapath,infrastructure,7
_22319_,tier1,unclassified,infrastructure,7
_22320_,tier1,generated_datapath,infrastructure,5
_22321_,tier0,generated_control,infrastructure,4
_22322_,tier0,generated_datapath,infrastructure,6
_22323_,tier1,generated_control,infrastructure,5
_22324_,tier1,generated_datapath,infrastructure,8
_22325_,tier1,unclassified,infrastructure,7
_22326_,tier0,generated_datapath,infrastructure,5
_22327_,tier0,generated_control,infrastructure,4
_22328_,tier1,generated_datapath,infrastructure,6
_22329_,tier1,generated_control,infrastructure,5
_22330_,tier0,generated_control,infrastructure,4
_22331_,tier1,generated_datapath,infrastructure,7
_22332_,tier1,unclassified,infrastructure,7
_22333_,tier1,generated_datapath,infrastructure,5
_22334_,tier0,generated_control,infrastructure,4
_22335_,tier1,generated_datapath,infrastructure,6
_22336_,tier1,generated_control,infrastructure,5
_22337_,tier1,generated_datapath,infrastructure,5
_22338_,tier1,generated_datapath,infrastructure,6
_22339_,tier0,generated_datapath,infrastructure,5
_22340_,tier1,generated_datapath,infrastructure,5
_22341_,tier1,unclassified,infrastructure,7
_22342_,tier1,generated_datapath,infrastructure,5
_22343_,tier1,generated_control,infrastructure,4
_22344_,tier1,generated_control,infrastructure,4
_22345_,tier1,generated_datapath,infrastructure,5
_22346_,tier1,generated_control,infrastructure,5
_22347_,tier1,generated_control,infrastructure,4
_22348_,tier0,generated_datapath,infrastructure,6
_22349_,tier1,generated_datapath,infrastructure,7
_22350_,tier0,generated_control,infrastructure,5
_22351_,tier1,unclassified,infrastructure,6
_22352_,tier1,generated_datapath,infrastructure,6
_22353_,tier1,generated_datapath,infrastructure,5
_22354_,tier1,generated_control,infrastructure,4
_22355_,tier1,generated_control,infrastructure,5
_22356_,tier0,generated_control,infrastructure,4
_22357_,tier1,generated_datapath,infrastructure,7
_22358_,tier1,unclassified,infrastructure,7
_22359_,tier1,generated_datapath,infrastructure,5
_22360_,tier0,generated_control,infrastructure,5
_22361_,tier0,generated_control,infrastructure,4
_22362_,tier1,generated_datapath,infrastructure,6
_22363_,tier1,generated_control,infrastructure,5
_22364_,tier0,generated_control,infrastructure,4
_22365_,tier1,generated_datapath,infrastructure,7
_22366_,tier1,generated_datapath,infrastructure,6
_22367_,tier1,unclassified,infrastructure,7
_22368_,tier1,generated_datapath,infrastructure,5
_22369_,tier0,generated_control,infrastructure,4
_22370_,tier1,generated_datapath,infrastructure,6
_22371_,tier0,generated_control,infrastructure,5
_22372_,tier0,generated_control,infrastructure,4
_22373_,tier1,generated_datapath,infrastructure,7
_22374_,tier0,generated_control,infrastructure,5
_22375_,tier1,unclassified,infrastructure,7
_22376_,tier1,generated_datapath,infrastructure,5
_22377_,tier0,generated_control,infrastructure,4
_22378_,tier0,generated_datapath,infrastructure,6
_22379_,tier1,generated_control,infrastructure,5
_22380_,tier0,generated_control,infrastructure,4
_22381_,tier1,generated_datapath,infrastructure,7
_22382_,tier1,unclassified,infrastructure,7
_22383_,tier1,generated_datapath,infrastructure,5
_22384_,tier0,generated_control,infrastructure,4
_22385_,tier1,generated_datapath,infrastructure,6
_22386_,tier1,generated_datapath,infrastructure,6
_22387_,tier1,generated_control,infrastructure,5
_22388_,tier0,generated_control,infrastructure,4
_22389_,tier1,generated_datapath,infrastructure,5
_22390_,tier1,generated_datapath,infrastructure,7
_22391_,tier1,unclassified,infrastructure,7
_22392_,tier1,generated_datapath,infrastructure,5
_22393_,tier1,generated_control,infrastructure,4
_22394_,tier0,generated_control,infrastructure,4
_22395_,tier1,generated_datapath,infrastructure,6
_22396_,tier1,generated_control,infrastructure,5
_22397_,tier0,generated_control,infrastructure,4
_22398_,tier1,generated_datapath,infrastructure,7
_22399_,tier1,unclassified,infrastructure,7
_22400_,tier1,generated_datapath,infrastructure,5
_22401_,tier0,generated_control,infrastructure,4
_22402_,tier1,generated_datapath,infrastructure,6
_22403_,tier0,generated_control,infrastructure,5
_22404_,tier0,generated_control,infrastructure,4
_22405_,tier1,generated_datapath,infrastructure,7
_22406_,tier1,unclassified,infrastructure,7
_22407_,tier1,generated_datapath,infrastructure,5
_22408_,tier0,generated_control,infrastructure,5
_22409_,tier0,generated_control,infrastructure,4
_22410_,tier0,generated_control,infrastructure,4
_22411_,tier0,generated_datapath,infrastructure,6
_22412_,tier1,generated_control,infrastructure,5
_22413_,tier0,generated_control,infrastructure,4
_22414_,tier1,generated_datapath,infrastructure,7
_22415_,tier1,unclassified,infrastructure,7
_22416_,tier1,generated_datapath,infrastructure,5
_22417_,tier0,generated_control,infrastructure,4
_22418_,tier1,generated_datapath,infrastructure,6
_22419_,tier1,generated_control,infrastructure,5
_22420_,tier1,generated_datapath,infrastructure,6
_22421_,tier0,generated_datapath,infrastructure,5
_22422_,tier1,unclassified,infrastructure,7
_22423_,tier1,generated_datapath,infrastructure,5
_22424_,tier0,generated_control,infrastructure,5
_22425_,tier0,generated_control,infrastructure,4
_22426_,tier1,generated_datapath,infrastructure,6
_22427_,tier0,generated_control,infrastructure,5
_22428_,tier0,generated_control,infrastructure,4
_22429_,tier1,generated_control,infrastructure,4
_22430_,tier1,generated_datapath,infrastructure,5
_22431_,tier1,unclassified,infrastructure,7
_22432_,tier1,generated_control,infrastructure,4
_22433_,tier1,generated_datapath,infrastructure,5
_22434_,tier1,generated_datapath,infrastructure,5
_22435_,tier0,generated_control,infrastructure,4
_22436_,tier0,generated_control,infrastructure,5
_22437_,tier1,generated_datapath,infrastructure,5
_22438_,tier0,generated_control,infrastructure,5
_22439_,tier1,generated_control,infrastructure,4
_22440_,tier0,generated_datapath,infrastructure,6
_22441_,tier1,generated_datapath,infrastructure,7
_22442_,tier0,generated_control,infrastructure,4
_22443_,tier1,unclassified,infrastructure,6
_22444_,tier1,generated_control,infrastructure,4
_22445_,tier0,generated_control,infrastructure,4
_22446_,tier0,generated_control,infrastructure,5
_22447_,tier1,generated_control,infrastructure,5
_22448_,tier1,generated_control,infrastructure,5
_22449_,tier0,generated_control,infrastructure,4
_22450_,tier1,generated_datapath,infrastructure,7
_22451_,tier1,unclassified,infrastructure,7
_22452_,tier1,generated_datapath,infrastructure,5
_22453_,tier1,generated_datapath,infrastructure,5
_22454_,tier1,generated_datapath,infrastructure,6
_22455_,tier1,generated_datapath,infrastructure,6
_22456_,tier0,generated_control,infrastructure,5
_22457_,tier1,generated_datapath,infrastructure,8
_22458_,tier1,unclassified,infrastructure,6
_22459_,tier1,generated_datapath,infrastructure,6
_22460_,tier0,generated_control,infrastructure,4
_22461_,tier0,generated_control,infrastructure,5
_22462_,tier1,generated_datapath,infrastructure,6
_22463_,tier1,generated_control,infrastructure,5
_22464_,tier0,generated_control,infrastructure,4
_22465_,tier1,generated_datapath,infrastructure,7
_22466_,tier1,unclassified,infrastructure,7
_22467_,tier1,generated_datapath,infrastructure,5
_22468_,tier1,generated_datapath,infrastructure,5
_22469_,tier0,generated_control,infrastructure,5
_22470_,tier1,generated_datapath,infrastructure,6
_22471_,tier1,generated_control,infrastructure,5
_22472_,tier0,generated_datapath,infrastructure,6
_22473_,tier1,generated_datapath,infrastructure,6
_22474_,tier0,generated_datapath,infrastructure,5
_22475_,tier1,unclassified,infrastructure,6
_22476_,tier1,generated_datapath,infrastructure,6
_22477_,tier1,generated_datapath,infrastructure,5
_22478_,tier1,generated_datapath,infrastructure,5
_22479_,tier0,generated_control,infrastructure,4
_22480_,tier1,generated_datapath,infrastructure,6
_22481_,tier0,generated_control,infrastructure,5
_22482_,tier1,generated_control,infrastructure,5
_22483_,tier0,generated_control,infrastructure,4
_22484_,tier1,generated_datapath,infrastructure,7
_22485_,tier1,unclassified,infrastructure,6
_22486_,tier1,generated_datapath,infrastructure,6
_22487_,tier1,generated_datapath,infrastructure,5
_22488_,tier0,generated_control,infrastructure,4
_22489_,tier1,generated_datapath,infrastructure,6
_22490_,tier1,generated_control,infrastructure,5
_22491_,tier0,generated_control,infrastructure,4
_22492_,tier1,generated_datapath,infrastructure,7
_22493_,tier1,unclassified,infrastructure,6
_22494_,tier1,generated_datapath,infrastructure,6
_22495_,tier0,generated_control,infrastructure,5
_22496_,tier1,generated_datapath,infrastructure,5
_22497_,tier0,generated_control,infrastructure,4
_22498_,tier0,generated_control,infrastructure,4
_22499_,tier1,generated_datapath,infrastructure,6
_22500_,tier1,generated_control,infrastructure,5
_22501_,tier0,generated_control,infrastructure,4
_22502_,tier1,generated_datapath,infrastructure,7
_22503_,tier1,unclassified,infrastructure,6
_22504_,tier1,generated_datapath,infrastructure,6
_22505_,tier1,generated_datapath,infrastructure,5
_22506_,tier0,generated_control,infrastructure,5
_22507_,tier1,generated_datapath,infrastructure,6
_22508_,tier1,generated_control,infrastructure,5
_22509_,tier0,generated_control,infrastructure,4
_22510_,tier1,generated_datapath,infrastructure,7
_22511_,tier0,generated_control,infrastructure,5
_22512_,tier1,unclassified,infrastructure,6
_22513_,tier1,generated_datapath,infrastructure,6
_22514_,tier1,generated_datapath,infrastructure,5
_22515_,tier0,generated_datapath,infrastructure,5
_22516_,tier0,generated_control,infrastructure,4
_22517_,tier1,generated_datapath,infrastructure,6
_22518_,tier1,generated_control,infrastructure,5
_22519_,tier0,generated_control,infrastructure,4
_22520_,tier1,generated_datapath,infrastructure,7
_22521_,tier1,unclassified,infrastructure,6
_22522_,tier1,generated_datapath,infrastructure,6
_22523_,tier1,generated_datapath,infrastructure,5
_22524_,tier0,generated_control,infrastructure,4
_22525_,tier1,generated_datapath,infrastructure,6
_22526_,tier1,generated_control,infrastructure,5
_22527_,tier0,generated_control,infrastructure,4
_22528_,tier1,generated_datapath,infrastructure,7
_22529_,tier1,unclassified,infrastructure,6
_22530_,tier1,generated_datapath,infrastructure,6
_22531_,tier0,generated_control,infrastructure,5
_22532_,tier1,generated_datapath,infrastructure,5
_22533_,tier1,generated_control,infrastructure,4
_22534_,tier1,generated_datapath,infrastructure,5
_22535_,tier0,generated_control,infrastructure,5
_22536_,tier1,generated_control,infrastructure,4
_22537_,tier0,generated_control,infrastructure,4
_22538_,tier0,generated_datapath,infrastructure,6
_22539_,tier1,generated_datapath,infrastructure,6
_22540_,tier1,generated_control,infrastructure,4
_22541_,tier1,unclassified,infrastructure,6
_22542_,tier0,generated_control,infrastructure,5
_22543_,tier1,generated_datapath,infrastructure,5
_22544_,tier1,generated_control,infrastructure,4
_22545_,tier1,generated_control,infrastructure,5
_22546_,tier0,generated_control,infrastructure,4
_22547_,tier1,generated_datapath,infrastructure,7
_22548_,tier1,unclassified,infrastructure,7
_22549_,tier1,generated_datapath,infrastructure,5
_22550_,tier0,generated_control,infrastructure,5
_22551_,tier0,generated_datapath,infrastructure,5
_22552_,tier0,generated_control,infrastructure,4
_22553_,tier1,generated_datapath,infrastructure,6
_22554_,tier0,generated_control,infrastructure,5
_22555_,tier1,generated_control,infrastructure,4
_22556_,tier0,generated_control,infrastructure,4
_22557_,tier0,unclassified,infrastructure,6
_22558_,tier0,generated_datapath,infrastructure,7
_22559_,tier0,unclassified,infrastructure,7
_22560_,tier1,generated_control,infrastructure,4
_22561_,tier0,generated_datapath,infrastructure,6
_22562_,tier1,unclassified,infrastructure,7
_22563_,tier1,generated_control,infrastructure,4
_22564_,tier1,generated_datapath,infrastructure,5
_22565_,tier1,generated_datapath,infrastructure,5
_22566_,tier0,generated_datapath,infrastructure,7
_22567_,tier1,unclassified,infrastructure,6
_22568_,tier0,generated_datapath,infrastructure,6
_22569_,tier0,generated_datapath,infrastructure,4
_22570_,tier0,generated_control,infrastructure,5
_22571_,tier0,generated_control,infrastructure,6
_22572_,tier0,generated_control,infrastructure,4
_22573_,tier0,generated_control,infrastructure,5
_22574_,tier0,clock_reset,control,3
_22575_,tier0,generated_datapath,infrastructure,5
_22576_,tier0,generated_control,infrastructure,4
_22577_,tier0,generated_control,infrastructure,5
_22578_,tier0,generated_control,infrastructure,5
_22579_,tier0,generated_control,infrastructure,4
_22580_,tier0,generated_control,infrastructure,4
_22581_,tier0,generated_control,infrastructure,4
_22582_,tier0,generated_control,infrastructure,6
_22583_,tier0,generated_control,infrastructure,4
_22584_,tier0,generated_control,infrastructure,4
_22585_,tier0,generated_control,infrastructure,4
_22586_,tier0,generated_control,infrastructure,6
_22587_,tier0,generated_control,infrastructure,4
_22588_,tier0,generated_control,infrastructure,5
_22589_,tier0,generated_control,infrastructure,6
_22590_,tier0,generated_datapath,infrastructure,6
_22591_,tier0,generated_control,infrastructure,5
_22592_,tier0,generated_control,infrastructure,5
_22593_,tier1,generated_control,infrastructure,5
_22594_,tier0,generated_control,infrastructure,6
_22595_,tier0,generated_control,infrastructure,4
_22596_,tier0,generated_control,infrastructure,5
_22597_,tier0,generated_control,infrastructure,6
_22598_,tier0,generated_control,infrastructure,4
_22599_,tier0,generated_control,infrastructure,5
_22600_,tier0,generated_control,infrastructure,6
_22601_,tier0,generated_datapath,infrastructure,6
_22602_,tier0,generated_control,infrastructure,6
_22603_,tier0,generated_control,infrastructure,4
_22604_,tier0,generated_control,infrastructure,6
_22605_,tier0,generated_control,infrastructure,5
_22606_,tier0,generated_control,infrastructure,5
_22607_,tier0,generated_control,infrastructure,5
_22608_,tier0,generated_control,infrastructure,4
_22609_,tier0,generated_control,infrastructure,4
_22610_,tier0,generated_control,infrastructure,4
_22611_,tier0,generated_control,infrastructure,5
_22612_,tier0,clock_reset,control,3
_22613_,tier0,generated_control,infrastructure,5
_22614_,tier0,generated_control,infrastructure,4
_22615_,tier0,generated_control,infrastructure,5
_22616_,tier0,generated_control,infrastructure,4
_22617_,tier0,generated_control,infrastructure,5
_22618_,tier0,generated_control,infrastructure,5
_22619_,tier0,generated_control,infrastructure,4
_22620_,tier0,generated_control,infrastructure,5
_22621_,tier0,generated_control,infrastructure,4
_22622_,tier0,generated_control,infrastructure,6
_22623_,tier0,generated_control,infrastructure,4
_22624_,tier0,generated_control,infrastructure,5
_22625_,tier0,generated_control,infrastructure,4
_22626_,tier0,generated_control,infrastructure,6
_22627_,tier0,generated_control,infrastructure,4
_22628_,tier0,clock_reset,control,3
_22629_,tier0,generated_control,infrastructure,5
_22630_,tier0,generated_control,infrastructure,4
_22631_,tier0,generated_control,infrastructure,4
_22632_,tier1,generated_datapath,infrastructure,5
_22633_,tier0,generated_control,infrastructure,5
_22634_,tier1,generated_control,infrastructure,4
_22635_,tier0,generated_control,infrastructure,4
_22636_,tier1,generated_datapath,infrastructure,5
_22637_,tier0,generated_control,infrastructure,5
_22638_,tier1,generated_datapath,infrastructure,5
_22639_,tier0,generated_control,infrastructure,4
_22640_,tier1,generated_control,infrastructure,4
_22641_,tier0,clock_reset,control,3
_22642_,tier1,generated_datapath,infrastructure,5
_22643_,tier0,generated_control,infrastructure,4
_22644_,tier1,generated_datapath,infrastructure,5
_22645_,tier1,generated_control,infrastructure,4
_22646_,tier1,generated_datapath,infrastructure,5
_22647_,tier1,generated_datapath,infrastructure,5
_22648_,tier1,generated_control,infrastructure,4
_22649_,tier1,generated_control,infrastructure,4
_22650_,tier0,clock_reset,control,3
_22651_,tier1,generated_datapath,infrastructure,5
_22652_,tier0,generated_control,infrastructure,4
_22653_,tier1,generated_datapath,infrastructure,5
_22654_,tier0,generated_control,infrastructure,4
_22655_,tier0,generated_control,infrastructure,5
_22656_,tier0,generated_datapath,infrastructure,5
_22657_,tier1,generated_datapath,infrastructure,5
_22658_,tier0,generated_control,infrastructure,4
_22659_,tier0,generated_datapath,infrastructure,6
_22660_,tier1,generated_datapath,infrastructure,5
_22661_,tier1,generated_control,infrastructure,5
_22662_,tier0,clock_reset,control,3
_22663_,tier0,generated_datapath,infrastructure,5
_22664_,tier0,generated_control,infrastructure,4
_22665_,tier1,generated_datapath,infrastructure,5
_22666_,tier1,generated_datapath,infrastructure,5
_22667_,tier0,generated_control,infrastructure,5
_22668_,tier0,clock_reset,control,3
_22669_,tier0,generated_datapath,infrastructure,5
_22670_,tier0,generated_control,infrastructure,4
_22671_,tier0,generated_control,infrastructure,5
_22672_,tier0,generated_datapath,infrastructure,5
_22673_,tier0,generated_control,infrastructure,4
_22674_,tier1,generated_datapath,infrastructure,5
_22675_,tier1,generated_datapath,infrastructure,5
_22676_,tier0,generated_control,infrastructure,5
_22677_,tier1,generated_datapath,infrastructure,5
_22678_,tier0,clock_reset,control,3
_22679_,tier0,generated_datapath,infrastructure,5
_22680_,tier0,generated_control,infrastructure,4
_22681_,tier1,generated_datapath,infrastructure,5
_22682_,tier0,generated_control,infrastructure,4
_22683_,tier1,generated_datapath,infrastructure,5
_22684_,tier1,generated_datapath,infrastructure,5
_22685_,tier0,generated_control,infrastructure,4
_22686_,tier0,generated_control,infrastructure,4
_22687_,tier1,generated_control,infrastructure,4
_22688_,tier0,clock_reset,control,3
_22689_,tier1,generated_datapath,infrastructure,5
_22690_,tier0,generated_control,infrastructure,4
_22691_,tier1,generated_datapath,infrastructure,5
_22692_,tier1,generated_control,infrastructure,4
_22693_,tier1,generated_datapath,infrastructure,5
_22694_,tier1,generated_datapath,infrastructure,5
_22695_,tier0,generated_control,infrastructure,4
_22696_,tier1,generated_control,infrastructure,4
_22697_,tier0,clock_reset,control,3
_22698_,tier1,generated_datapath,infrastructure,5
_22699_,tier0,generated_control,infrastructure,4
_22700_,tier0,generated_datapath,infrastructure,5
_22701_,tier1,generated_control,infrastructure,4
_22702_,tier1,generated_datapath,infrastructure,5
_22703_,tier1,generated_datapath,infrastructure,5
_22704_,tier0,generated_control,infrastructure,4
_22705_,tier1,generated_control,infrastructure,4
_22706_,tier0,clock_reset,control,3
_22707_,tier0,generated_datapath,infrastructure,5
_22708_,tier1,generated_datapath,infrastructure,5
_22709_,tier0,generated_control,infrastructure,4
_22710_,tier1,generated_datapath,infrastructure,5
_22711_,tier1,generated_datapath,infrastructure,5
_22712_,tier0,generated_control,infrastructure,4
_22713_,tier1,generated_datapath,infrastructure,5
_22714_,tier1,generated_datapath,infrastructure,5
_22715_,tier1,generated_datapath,infrastructure,5
_22716_,tier0,generated_control,infrastructure,4
_22717_,tier0,clock_reset,control,3
_22718_,tier0,unclassified,infrastructure,6
_22719_,tier0,generated_control,infrastructure,4
_22720_,tier1,generated_datapath,infrastructure,5
_22721_,tier1,generated_control,infrastructure,4
_22722_,tier1,generated_datapath,infrastructure,5
_22723_,tier1,generated_datapath,infrastructure,5
_22724_,tier0,generated_control,infrastructure,5
_22725_,tier0,clock_reset,control,3
_22726_,tier0,generated_datapath,infrastructure,5
_22727_,tier0,generated_control,infrastructure,4
_22728_,tier1,generated_datapath,infrastructure,5
_22729_,tier0,generated_control,infrastructure,4
_22730_,tier1,generated_datapath,infrastructure,5
_22731_,tier1,generated_datapath,infrastructure,5
_22732_,tier0,generated_control,infrastructure,4
_22733_,tier1,generated_datapath,infrastructure,5
_22734_,tier1,generated_control,infrastructure,4
_22735_,tier0,clock_reset,control,3
_22736_,tier0,generated_datapath,infrastructure,5
_22737_,tier1,generated_datapath,infrastructure,5
_22738_,tier1,generated_control,infrastructure,4
_22739_,tier1,generated_datapath,infrastructure,5
_22740_,tier0,generated_control,infrastructure,4
_22741_,tier1,generated_datapath,infrastructure,5
_22742_,tier1,generated_datapath,infrastructure,5
_22743_,tier0,generated_control,infrastructure,4
_22744_,tier0,generated_control,infrastructure,5
_22745_,tier0,generated_control,infrastructure,6
_22746_,tier0,generated_control,infrastructure,4
_22747_,tier1,generated_datapath,infrastructure,5
_22748_,tier0,generated_control,infrastructure,5
_22749_,tier0,generated_control,infrastructure,4
_22750_,tier0,generated_control,infrastructure,5
_22751_,tier0,generated_control,infrastructure,5
_22752_,tier1,generated_control,infrastructure,4
_22753_,tier0,generated_control,infrastructure,4
_22754_,tier0,generated_datapath,infrastructure,5
_22755_,tier1,generated_datapath,infrastructure,5
_22756_,tier1,generated_datapath,infrastructure,5
_22757_,tier0,clock_reset,control,3
_22758_,tier0,generated_control,infrastructure,5
_22759_,tier0,generated_control,infrastructure,5
_22760_,tier0,generated_control,infrastructure,4
_22761_,tier1,generated_datapath,infrastructure,5
_22762_,tier1,generated_control,infrastructure,4
_22763_,tier1,generated_datapath,infrastructure,5
_22764_,tier1,generated_datapath,infrastructure,5
_22765_,tier0,generated_control,infrastructure,4
_22766_,tier0,generated_control,infrastructure,4
_22767_,tier0,generated_control,infrastructure,4
_22768_,tier1,generated_datapath,infrastructure,6
_22769_,tier0,clock_reset,control,3
_22770_,tier0,generated_control,infrastructure,4
_22771_,tier0,generated_control,infrastructure,4
_22772_,tier1,generated_datapath,infrastructure,5
_22773_,tier0,generated_control,infrastructure,4
_22774_,tier1,generated_datapath,infrastructure,5
_22775_,tier1,generated_datapath,infrastructure,5
_22776_,tier0,generated_control,infrastructure,5
_22777_,tier0,generated_control,infrastructure,5
_22778_,tier0,clock_reset,control,3
_22779_,tier0,generated_datapath,infrastructure,5
_22780_,tier0,generated_datapath,infrastructure,5
_22781_,tier1,generated_datapath,infrastructure,5
_22782_,tier0,generated_control,infrastructure,4
_22783_,tier1,generated_datapath,infrastructure,5
_22784_,tier1,generated_datapath,infrastructure,5
_22785_,tier1,generated_datapath,infrastructure,6
_22786_,tier1,generated_control,infrastructure,4
_22787_,tier0,generated_control,infrastructure,5
_22788_,tier0,generated_control,infrastructure,4
_22789_,tier0,generated_control,infrastructure,4
_22790_,tier0,generated_control,infrastructure,4
_22791_,tier0,generated_control,infrastructure,5
_22792_,tier0,generated_control,infrastructure,4
_22793_,tier1,generated_datapath,infrastructure,5
_22794_,tier1,generated_datapath,infrastructure,5
_22795_,tier1,generated_control,infrastructure,4
_22796_,tier0,generated_control,infrastructure,4
_22797_,tier0,generated_datapath,infrastructure,5
_22798_,tier1,generated_datapath,infrastructure,5
_22799_,tier0,generated_control,infrastructure,5
_22800_,tier0,clock_reset,control,3
_22801_,tier0,generated_datapath,infrastructure,5
_22802_,tier0,generated_control,infrastructure,4
_22803_,tier1,generated_datapath,infrastructure,5
_22804_,tier1,generated_control,infrastructure,4
_22805_,tier1,generated_datapath,infrastructure,5
_22806_,tier1,generated_datapath,infrastructure,5
_22807_,tier0,generated_control,infrastructure,5
_22808_,tier0,clock_reset,control,3
_22809_,tier0,generated_datapath,infrastructure,5
_22810_,tier0,generated_control,infrastructure,5
_22811_,tier0,generated_control,infrastructure,4
_22812_,tier1,generated_datapath,infrastructure,5
_22813_,tier0,generated_control,infrastructure,4
_22814_,tier1,generated_datapath,infrastructure,5
_22815_,tier0,generated_control,infrastructure,4
_22816_,tier1,generated_datapath,infrastructure,5
_22817_,tier0,generated_control,infrastructure,4
_22818_,tier0,clock_reset,control,3
_22819_,tier0,unclassified,infrastructure,6
_22820_,tier0,generated_control,infrastructure,4
_22821_,tier1,generated_datapath,infrastructure,5
_22822_,tier0,generated_control,infrastructure,4
_22823_,tier1,generated_datapath,infrastructure,5
_22824_,tier1,generated_datapath,infrastructure,5
_22825_,tier1,generated_control,infrastructure,4
_22826_,tier0,generated_control,infrastructure,5
_22827_,tier0,generated_control,infrastructure,5
_22828_,tier0,generated_control,infrastructure,4
_22829_,tier0,generated_control,infrastructure,5
_22830_,tier0,generated_control,infrastructure,5
_22831_,tier0,generated_control,infrastructure,4
_22832_,tier0,generated_control,infrastructure,4
_22833_,tier1,generated_datapath,infrastructure,5
_22834_,tier1,generated_control,infrastructure,4
_22835_,tier0,generated_control,infrastructure,5
_22836_,tier1,generated_datapath,infrastructure,5
_22837_,tier1,generated_datapath,infrastructure,5
_22838_,tier0,generated_control,infrastructure,4
_22839_,tier1,generated_datapath,infrastructure,5
_22840_,tier0,generated_control,infrastructure,4
_22841_,tier0,generated_control,infrastructure,5
_22842_,tier0,generated_control,infrastructure,5
_22843_,tier1,generated_control,infrastructure,4
_22844_,tier1,generated_datapath,infrastructure,5
_22845_,tier1,generated_datapath,infrastructure,5
_22846_,tier0,generated_control,infrastructure,4
_22847_,tier0,generated_control,infrastructure,4
_22848_,tier0,generated_control,infrastructure,4
_22849_,tier0,clock_reset,control,3
_22850_,tier0,generated_control,infrastructure,4
_22851_,tier0,generated_control,infrastructure,5
_22852_,tier0,generated_control,infrastructure,4
_22853_,tier1,generated_datapath,infrastructure,5
_22854_,tier0,generated_control,infrastructure,4
_22855_,tier1,generated_datapath,infrastructure,5
_22856_,tier1,generated_datapath,infrastructure,5
_22857_,tier0,generated_control,infrastructure,4
_22858_,tier0,generated_control,infrastructure,5
_22859_,tier0,generated_control,infrastructure,5
_22860_,tier0,generated_control,infrastructure,4
_22861_,tier0,generated_control,infrastructure,5
_22862_,tier0,generated_control,infrastructure,6
_22863_,tier0,generated_control,infrastructure,4
_22864_,tier0,generated_datapath,infrastructure,5
_22865_,tier0,generated_control,infrastructure,4
_22866_,tier0,clock_reset,control,3
_22867_,tier0,unclassified,infrastructure,6
_22868_,tier0,generated_control,infrastructure,4
_22869_,tier1,generated_datapath,infrastructure,5
_22870_,tier0,generated_control,infrastructure,5
_22871_,tier0,generated_datapath,infrastructure,5
_22872_,tier1,generated_control,infrastructure,5
_22873_,tier0,clock_reset,control,3
_22874_,tier0,generated_datapath,infrastructure,5
_22875_,tier0,generated_control,infrastructure,4
_22876_,tier0,generated_datapath,infrastructure,5
_22877_,tier0,generated_control,infrastructure,4
_22878_,tier1,generated_datapath,infrastructure,5
_22879_,tier0,generated_datapath,infrastructure,5
_22880_,tier1,generated_datapath,infrastructure,6
_22881_,tier1,generated_datapath,infrastructure,5
_22882_,tier0,generated_datapath,infrastructure,5
_22883_,tier0,generated_control,infrastructure,4
_22884_,tier1,generated_datapath,infrastructure,5
_22885_,tier0,generated_datapath,infrastructure,5
_22886_,tier0,generated_control,infrastructure,5
_22887_,tier0,generated_datapath,infrastructure,5
_22888_,tier0,generated_control,infrastructure,4
_22889_,tier1,generated_control,infrastructure,4
_22890_,tier1,generated_control,infrastructure,5
_22891_,tier0,clock_reset,control,3
_22892_,tier1,generated_datapath,infrastructure,5
_22893_,tier0,generated_control,infrastructure,4
_22894_,tier0,generated_datapath,infrastructure,5
_22895_,tier1,generated_control,infrastructure,4
_22896_,tier1,generated_datapath,infrastructure,5
_22897_,tier0,generated_datapath,infrastructure,5
_22898_,tier1,generated_datapath,infrastructure,5
_22899_,tier0,clock_reset,control,3
_22900_,tier0,generated_control,infrastructure,5
_22901_,tier0,generated_control,infrastructure,4
_22902_,tier0,generated_datapath,infrastructure,5
_22903_,tier0,generated_control,infrastructure,5
_22904_,tier0,generated_control,infrastructure,4
_22905_,tier0,generated_datapath,infrastructure,5
_22906_,tier0,generated_datapath,infrastructure,5
_22907_,tier0,generated_control,infrastructure,4
_22908_,tier0,generated_control,infrastructure,4
_22909_,tier0,generated_datapath,infrastructure,5
_22910_,tier1,generated_control,infrastructure,4
_22911_,tier1,generated_datapath,infrastructure,5
_22912_,tier0,generated_datapath,infrastructure,5
_22913_,tier0,generated_datapath,infrastructure,5
_22914_,tier0,generated_datapath,infrastructure,5
_22915_,tier0,generated_control,infrastructure,4
_22916_,tier1,generated_control,infrastructure,4
_22917_,tier0,generated_control,infrastructure,4
_22918_,tier0,generated_datapath,infrastructure,5
_22919_,tier0,generated_control,infrastructure,4
_22920_,tier0,generated_control,infrastructure,5
_22921_,tier0,generated_control,infrastructure,5
_22922_,tier0,generated_control,infrastructure,5
_22923_,tier0,generated_control,infrastructure,4
_22924_,tier0,generated_control,infrastructure,4
_22925_,tier1,generated_datapath,infrastructure,5
_22926_,tier1,generated_control,infrastructure,4
_22927_,tier0,generated_control,infrastructure,4
_22928_,tier0,generated_datapath,infrastructure,5
_22929_,tier1,generated_datapath,infrastructure,5
_22930_,tier1,generated_control,infrastructure,5
_22931_,tier1,generated_datapath,infrastructure,6
_22932_,tier0,generated_control,infrastructure,4
_22933_,tier0,generated_control,infrastructure,5
_22934_,tier0,generated_control,infrastructure,5
_22935_,tier0,generated_control,infrastructure,4
_22936_,tier0,generated_control,infrastructure,5
_22937_,tier0,generated_control,infrastructure,4
_22938_,tier0,generated_control,infrastructure,6
_22939_,tier0,generated_control,infrastructure,4
_22940_,tier0,generated_control,infrastructure,4
_22941_,tier0,generated_datapath,infrastructure,5
_22942_,tier0,generated_control,infrastructure,5
_22943_,tier1,generated_datapath,infrastructure,5
_22944_,tier0,generated_datapath,infrastructure,5
_22945_,tier0,generated_control,infrastructure,5
_22946_,tier0,generated_control,infrastructure,4
_22947_,tier0,generated_datapath,infrastructure,5
_22948_,tier1,generated_datapath,infrastructure,5
_22949_,tier0,generated_datapath,infrastructure,5
_22950_,tier0,generated_control,infrastructure,4
_22951_,tier0,generated_datapath,infrastructure,5
_22952_,tier0,generated_datapath,infrastructure,5
_22953_,tier0,generated_datapath,infrastructure,5
_22954_,tier0,generated_control,infrastructure,4
_22955_,tier1,generated_datapath,infrastructure,5
_22956_,tier1,generated_datapath,infrastructure,5
_22957_,tier1,generated_datapath,infrastructure,5
_22958_,tier0,generated_control,infrastructure,5
_22959_,tier0,generated_control,infrastructure,4
_22960_,tier1,generated_datapath,infrastructure,5
_22961_,tier1,generated_datapath,infrastructure,5
_22962_,tier1,generated_datapath,infrastructure,5
_22963_,tier0,generated_control,infrastructure,4
_22964_,tier1,generated_datapath,infrastructure,5
_22965_,tier1,generated_datapath,infrastructure,5
_22966_,tier1,generated_datapath,infrastructure,5
_22967_,tier1,generated_datapath,infrastructure,6
_22968_,tier0,generated_control,infrastructure,4
_22969_,tier1,generated_datapath,infrastructure,5
_22970_,tier1,generated_datapath,infrastructure,5
_22971_,tier1,generated_datapath,infrastructure,5
_22972_,tier1,generated_datapath,infrastructure,5
_22973_,tier0,generated_control,infrastructure,4
_22974_,tier1,generated_datapath,infrastructure,5
_22975_,tier1,generated_datapath,infrastructure,5
_22976_,tier1,generated_control,infrastructure,5
_22977_,tier1,generated_datapath,infrastructure,5
_22978_,tier0,generated_control,infrastructure,4
_22979_,tier1,generated_datapath,infrastructure,5
_22980_,tier1,generated_datapath,infrastructure,5
_22981_,tier1,generated_datapath,infrastructure,5
_22982_,tier0,generated_datapath,infrastructure,5
_22983_,tier1,generated_datapath,infrastructure,5
_22984_,tier1,generated_datapath,infrastructure,5
_22985_,tier1,generated_datapath,infrastructure,5
_22986_,tier0,generated_control,infrastructure,5
_22987_,tier0,generated_control,infrastructure,4
_22988_,tier0,generated_control,infrastructure,4
_22989_,tier0,generated_control,infrastructure,5
_22990_,tier1,generated_datapath,infrastructure,5
_22991_,tier0,generated_control,infrastructure,5
_22992_,tier1,generated_datapath,infrastructure,5
_22993_,tier1,generated_datapath,infrastructure,5
_22994_,tier0,generated_control,infrastructure,5
_22995_,tier0,generated_control,infrastructure,4
_22996_,tier0,generated_control,infrastructure,5
_22997_,tier0,generated_control,infrastructure,5
_22998_,tier0,generated_datapath,infrastructure,5
_22999_,tier1,generated_datapath,infrastructure,5
_23000_,tier0,generated_control,infrastructure,6
_23001_,tier1,generated_datapath,infrastructure,5
_23002_,tier1,generated_datapath,infrastructure,5
_23003_,tier0,generated_control,infrastructure,4
_23004_,tier0,generated_control,infrastructure,4
_23005_,tier1,generated_datapath,infrastructure,5
_23006_,tier0,generated_control,infrastructure,6
_23007_,tier0,generated_datapath,infrastructure,5
_23008_,tier1,generated_datapath,infrastructure,5
_23009_,tier0,generated_control,infrastructure,5
_23010_,tier0,generated_control,infrastructure,4
_23011_,tier1,generated_datapath,infrastructure,5
_23012_,tier1,generated_datapath,infrastructure,5
_23013_,tier1,generated_datapath,infrastructure,5
_23014_,tier1,generated_datapath,infrastructure,6
_23015_,tier0,generated_control,infrastructure,4
_23016_,tier1,generated_datapath,infrastructure,5
_23017_,tier1,generated_datapath,infrastructure,5
_23018_,tier1,generated_datapath,infrastructure,5
_23019_,tier1,generated_control,infrastructure,4
_23020_,tier1,generated_datapath,infrastructure,5
_23021_,tier1,generated_datapath,infrastructure,5
_23022_,tier1,generated_datapath,infrastructure,5
_23023_,tier1,generated_control,infrastructure,4
_23024_,tier1,generated_datapath,infrastructure,5
_23025_,tier0,generated_control,infrastructure,4
_23026_,tier0,generated_datapath,infrastructure,5
_23027_,tier1,generated_datapath,infrastructure,5
_23028_,tier0,generated_control,infrastructure,5
_23029_,tier0,generated_control,infrastructure,4
_23030_,tier0,generated_control,infrastructure,4
_23031_,tier0,generated_control,infrastructure,5
_23032_,tier0,generated_control,infrastructure,4
_23033_,tier0,generated_control,infrastructure,4
_23034_,tier0,generated_control,infrastructure,4
_23035_,tier0,generated_control,infrastructure,4
_23036_,tier0,generated_datapath,infrastructure,5
_23037_,tier0,generated_control,infrastructure,6
_23038_,tier0,generated_control,infrastructure,4
_23039_,tier0,generated_datapath,infrastructure,5
_23040_,tier0,generated_datapath,infrastructure,5
_23041_,tier0,generated_datapath,infrastructure,5
_23042_,tier1,generated_datapath,infrastructure,5
_23043_,tier0,generated_datapath,infrastructure,5
_23044_,tier0,generated_control,infrastructure,4
_23045_,tier0,generated_datapath,infrastructure,5
_23046_,tier0,generated_control,infrastructure,6
_23047_,tier0,generated_control,infrastructure,4
_23048_,tier0,generated_control,infrastructure,5
_23049_,tier0,csr,control,6
_23050_,tier0,generated_control,infrastructure,5
_23051_,tier0,generated_datapath,infrastructure,5
_23052_,tier1,generated_datapath,infrastructure,6
_23053_,tier0,generated_control,infrastructure,4
_23054_,tier0,generated_datapath,infrastructure,5
_23055_,tier0,generated_control,infrastructure,4
_23056_,tier1,generated_datapath,infrastructure,5
_23057_,tier1,generated_datapath,infrastructure,5
_23058_,tier1,generated_datapath,infrastructure,5
_23059_,tier0,generated_control,infrastructure,4
_23060_,tier1,generated_datapath,infrastructure,5
_23061_,tier0,generated_datapath,infrastructure,5
_23062_,tier0,generated_control,infrastructure,5
_23063_,tier0,generated_control,infrastructure,5
_23064_,tier0,generated_control,infrastructure,5
_23065_,tier0,clock_reset,control,3
_23066_,tier1,generated_control,infrastructure,5
_23067_,tier0,generated_datapath,infrastructure,5
_23068_,tier0,generated_datapath,infrastructure,5
_23069_,tier1,generated_datapath,infrastructure,5
_23070_,tier0,generated_control,infrastructure,4
_23071_,tier1,generated_datapath,infrastructure,5
_23072_,tier1,generated_datapath,infrastructure,5
_23073_,tier1,generated_datapath,infrastructure,5
_23074_,tier1,generated_datapath,infrastructure,6
_23075_,tier0,generated_control,infrastructure,4
_23076_,tier0,generated_datapath,infrastructure,5
_23077_,tier1,generated_control,infrastructure,4
_23078_,tier1,generated_datapath,infrastructure,5
_23079_,tier0,generated_datapath,infrastructure,5
_23080_,tier0,generated_datapath,infrastructure,5
_23081_,tier1,generated_datapath,infrastructure,5
_23082_,tier0,generated_datapath,infrastructure,5
_23083_,tier0,generated_datapath,infrastructure,5
_23084_,tier0,generated_control,infrastructure,4
_23085_,tier0,generated_control,infrastructure,6
_23086_,tier0,generated_control,infrastructure,4
_23087_,tier0,generated_control,infrastructure,4
_23088_,tier0,generated_control,infrastructure,6
_23089_,tier0,generated_datapath,infrastructure,5
_23090_,tier0,generated_datapath,infrastructure,5
_23091_,tier0,generated_datapath,infrastructure,5
_23092_,tier0,generated_control,infrastructure,4
_23093_,tier0,generated_datapath,infrastructure,5
_23094_,tier1,generated_datapath,infrastructure,5
_23095_,tier0,generated_datapath,infrastructure,5
_23096_,tier0,generated_control,infrastructure,4
_23097_,tier0,generated_datapath,infrastructure,5
_23098_,tier0,generated_control,infrastructure,6
_23099_,tier0,generated_control,infrastructure,5
_23100_,tier0,generated_control,infrastructure,6
_23101_,tier0,generated_control,infrastructure,4
_23102_,tier1,generated_datapath,infrastructure,5
_23103_,tier1,generated_datapath,infrastructure,5
_23104_,tier0,generated_datapath,infrastructure,5
_23105_,tier0,generated_datapath,infrastructure,5
_23106_,tier1,generated_datapath,infrastructure,5
_23107_,tier0,generated_control,infrastructure,4
_23108_,tier1,generated_datapath,infrastructure,5
_23109_,tier0,generated_datapath,infrastructure,5
_23110_,tier0,generated_datapath,infrastructure,5
_23111_,tier0,generated_control,infrastructure,4
_23112_,tier0,generated_control,infrastructure,4
_23113_,tier1,generated_datapath,infrastructure,5
_23114_,tier0,generated_datapath,infrastructure,5
_23115_,tier0,generated_datapath,infrastructure,5
_23116_,tier1,generated_control,infrastructure,5
_23117_,tier1,generated_datapath,infrastructure,5
_23118_,tier1,generated_datapath,infrastructure,5
_23119_,tier0,generated_control,infrastructure,5
_23120_,tier1,generated_datapath,infrastructure,6
_23121_,tier0,generated_control,infrastructure,6
_23122_,tier0,generated_control,infrastructure,6
_23123_,tier0,generated_control,infrastructure,4
_23124_,tier0,generated_control,infrastructure,4
_23125_,tier0,generated_control,infrastructure,6
_23126_,tier0,generated_control,infrastructure,6
_23127_,tier0,generated_control,infrastructure,6
_23128_,tier0,generated_control,infrastructure,4
_23129_,tier0,generated_control,infrastructure,4
_23130_,tier0,generated_control,infrastructure,6
_23131_,tier0,generated_control,infrastructure,4
_23132_,tier0,generated_control,infrastructure,4
_23133_,tier0,generated_control,infrastructure,5
_23134_,tier0,generated_control,infrastructure,5
_23135_,tier0,generated_control,infrastructure,5
_23136_,tier0,generated_control,infrastructure,4
_23137_,tier0,generated_control,infrastructure,5
_23138_,tier0,generated_control,infrastructure,5
_23139_,tier0,generated_control,infrastructure,4
_23140_,tier0,generated_control,infrastructure,6
_23141_,tier0,generated_control,infrastructure,4
_23142_,tier0,generated_control,infrastructure,4
_23143_,tier0,generated_control,infrastructure,5
_23144_,tier0,generated_control,infrastructure,5
_23145_,tier0,generated_control,infrastructure,4
_23146_,tier0,generated_control,infrastructure,4
_23147_,tier0,generated_control,infrastructure,4
_23148_,tier0,generated_control,infrastructure,5
_23149_,tier0,generated_control,infrastructure,5
_23150_,tier1,generated_control,infrastructure,4
_23151_,tier1,generated_control,infrastructure,4
_23152_,tier1,generated_datapath,infrastructure,5
_23153_,tier1,generated_control,infrastructure,5
_23154_,tier1,generated_control,infrastructure,4
_23155_,tier0,generated_control,infrastructure,4
_23156_,tier1,generated_datapath,infrastructure,5
_23157_,tier1,generated_datapath,infrastructure,5
_23158_,tier1,generated_control,infrastructure,4
_23159_,tier0,generated_control,infrastructure,5
_23160_,tier1,generated_datapath,infrastructure,5
_23161_,tier1,generated_control,infrastructure,4
_23162_,tier1,generated_datapath,infrastructure,5
_23163_,tier1,generated_datapath,infrastructure,5
_23164_,tier1,generated_control,infrastructure,4
_23165_,tier1,generated_datapath,infrastructure,6
_23166_,tier1,generated_datapath,infrastructure,5
_23167_,tier0,generated_control,infrastructure,4
_23168_,tier1,generated_datapath,infrastructure,5
_23169_,tier1,generated_datapath,infrastructure,5
_23170_,tier1,generated_control,infrastructure,4
_23171_,tier1,generated_datapath,infrastructure,5
_23172_,tier0,generated_control,infrastructure,5
_23173_,tier0,generated_control,infrastructure,4
_23174_,tier1,generated_datapath,infrastructure,5
_23175_,tier1,generated_datapath,infrastructure,5
_23176_,tier0,generated_control,infrastructure,4
_23177_,tier0,generated_datapath,infrastructure,5
_23178_,tier0,generated_control,infrastructure,4
_23179_,tier1,generated_datapath,infrastructure,5
_23180_,tier0,generated_datapath,infrastructure,5
_23181_,tier0,generated_control,infrastructure,4
_23182_,tier1,generated_datapath,infrastructure,5
_23183_,tier0,generated_datapath,infrastructure,6
_23184_,tier0,generated_control,infrastructure,4
_23185_,tier1,generated_datapath,infrastructure,5
_23186_,tier1,generated_datapath,infrastructure,5
_23187_,tier1,generated_datapath,infrastructure,5
_23188_,tier1,generated_datapath,infrastructure,5
_23189_,tier0,generated_control,infrastructure,4
_23190_,tier1,generated_control,infrastructure,4
_23191_,tier1,generated_datapath,infrastructure,5
_23192_,tier0,generated_datapath,infrastructure,6
_23193_,tier0,generated_control,infrastructure,4
_23194_,tier0,generated_control,infrastructure,5
_23195_,tier0,generated_control,infrastructure,6
_23196_,tier0,generated_control,infrastructure,4
_23197_,tier1,generated_datapath,infrastructure,5
_23198_,tier1,generated_control,infrastructure,4
_23199_,tier1,generated_control,infrastructure,4
_23200_,tier1,generated_control,infrastructure,4
_23201_,tier1,generated_control,infrastructure,4
_23202_,tier1,generated_datapath,infrastructure,5
_23203_,tier0,generated_control,infrastructure,4
_23204_,tier1,generated_datapath,infrastructure,5
_23205_,tier0,generated_control,infrastructure,4
_23206_,tier1,generated_datapath,infrastructure,5
_23207_,tier1,generated_datapath,infrastructure,5
_23208_,tier0,generated_control,infrastructure,5
_23209_,tier0,generated_control,infrastructure,4
_23210_,tier1,generated_control,infrastructure,4
_23211_,tier1,generated_datapath,infrastructure,5
_23212_,tier1,generated_control,infrastructure,4
_23213_,tier1,generated_datapath,infrastructure,5
_23214_,tier1,generated_datapath,infrastructure,5
_23215_,tier0,generated_control,infrastructure,4
_23216_,tier1,generated_datapath,infrastructure,5
_23217_,tier0,generated_control,infrastructure,4
_23218_,tier1,generated_datapath,infrastructure,5
_23219_,tier1,generated_datapath,infrastructure,5
_23220_,tier1,generated_datapath,infrastructure,5
_23221_,tier0,generated_control,infrastructure,4
_23222_,tier1,generated_datapath,infrastructure,5
_23223_,tier0,generated_control,infrastructure,5
_23224_,tier0,generated_datapath,infrastructure,6
_23225_,tier0,generated_control,infrastructure,4
_23226_,tier0,generated_control,infrastructure,4
_23227_,tier0,generated_control,infrastructure,4
_23228_,tier0,generated_control,infrastructure,4
_23229_,tier1,generated_datapath,infrastructure,5
_23230_,tier0,generated_control,infrastructure,5
_23231_,tier1,generated_control,infrastructure,4
_23232_,tier1,generated_datapath,infrastructure,5
_23233_,tier1,generated_datapath,infrastructure,5
_23234_,tier0,generated_control,infrastructure,4
_23235_,tier0,generated_control,infrastructure,5
_23236_,tier0,generated_control,infrastructure,6
_23237_,tier0,generated_control,infrastructure,4
_23238_,tier1,generated_datapath,infrastructure,5
_23239_,tier1,generated_control,infrastructure,4
_23240_,tier1,generated_control,infrastructure,4
_23241_,tier1,generated_control,infrastructure,4
_23242_,tier1,generated_control,infrastructure,4
_23243_,tier1,generated_datapath,infrastructure,5
_23244_,tier0,generated_control,infrastructure,4
_23245_,tier1,generated_datapath,infrastructure,5
_23246_,tier0,generated_control,infrastructure,4
_23247_,tier0,generated_control,infrastructure,5
_23248_,tier1,generated_datapath,infrastructure,5
_23249_,tier1,generated_datapath,infrastructure,5
_23250_,tier0,generated_control,infrastructure,4
_23251_,tier1,generated_datapath,infrastructure,5
_23252_,tier0,generated_control,infrastructure,4
_23253_,tier1,generated_datapath,infrastructure,5
_23254_,tier1,generated_datapath,infrastructure,5
_23255_,tier0,generated_control,infrastructure,4
_23256_,tier1,generated_datapath,infrastructure,5
_23257_,tier0,generated_control,infrastructure,4
_23258_,tier1,generated_datapath,infrastructure,5
_23259_,tier1,generated_datapath,infrastructure,5
_23260_,tier0,generated_control,infrastructure,4
_23261_,tier0,generated_control,infrastructure,5
_23262_,tier1,generated_datapath,infrastructure,5
_23263_,tier1,generated_control,infrastructure,4
_23264_,tier1,generated_datapath,infrastructure,5
_23265_,tier1,generated_datapath,infrastructure,5
_23266_,tier0,generated_control,infrastructure,4
_23267_,tier1,generated_datapath,infrastructure,5
_23268_,tier0,generated_control,infrastructure,4
_23269_,tier1,generated_datapath,infrastructure,5
_23270_,tier1,generated_datapath,infrastructure,5
_23271_,tier1,generated_datapath,infrastructure,6
_23272_,tier1,generated_datapath,infrastructure,5
_23273_,tier0,generated_control,infrastructure,4
_23274_,tier1,generated_datapath,infrastructure,5
_23275_,tier0,generated_datapath,infrastructure,6
_23276_,tier0,generated_control,infrastructure,4
_23277_,tier1,generated_datapath,infrastructure,5
_23278_,tier0,generated_control,infrastructure,5
_23279_,tier0,generated_control,infrastructure,6
_23280_,tier0,generated_control,infrastructure,4
_23281_,tier1,generated_datapath,infrastructure,5
_23282_,tier1,generated_control,infrastructure,4
_23283_,tier1,generated_control,infrastructure,5
_23284_,tier1,generated_datapath,infrastructure,6
_23285_,tier1,generated_datapath,infrastructure,5
_23286_,tier0,generated_control,infrastructure,4
_23287_,tier1,generated_datapath,infrastructure,5
_23288_,tier1,generated_datapath,infrastructure,5
_23289_,tier1,generated_datapath,infrastructure,5
_23290_,tier0,generated_control,infrastructure,4
_23291_,tier1,generated_datapath,infrastructure,5
_23292_,tier0,generated_control,infrastructure,4
_23293_,tier1,generated_datapath,infrastructure,5
_23294_,tier1,generated_datapath,infrastructure,5
_23295_,tier0,generated_control,infrastructure,5
_23296_,tier0,generated_control,infrastructure,4
_23297_,tier1,generated_control,infrastructure,4
_23298_,tier0,generated_datapath,infrastructure,5
_23299_,tier0,generated_control,infrastructure,4
_23300_,tier0,generated_datapath,infrastructure,5
_23301_,tier0,generated_datapath,infrastructure,5
_23302_,tier0,generated_datapath,infrastructure,5
_23303_,tier0,generated_control,infrastructure,4
_23304_,tier1,generated_datapath,infrastructure,5
_23305_,tier0,generated_datapath,infrastructure,6
_23306_,tier0,generated_control,infrastructure,4
_23307_,tier0,generated_control,infrastructure,5
_23308_,tier0,generated_control,infrastructure,4
_23309_,tier0,generated_control,infrastructure,4
_23310_,tier0,generated_control,infrastructure,4
_23311_,tier0,generated_control,infrastructure,5
_23312_,tier0,generated_control,infrastructure,4
_23313_,tier0,generated_control,infrastructure,5
_23314_,tier0,generated_control,infrastructure,4
_23315_,tier0,generated_datapath,infrastructure,5
_23316_,tier0,generated_control,infrastructure,5
_23317_,tier0,generated_control,infrastructure,4
_23318_,tier0,generated_datapath,infrastructure,5
_23319_,tier0,generated_datapath,infrastructure,5
_23320_,tier0,generated_control,infrastructure,4
_23321_,tier0,generated_datapath,infrastructure,5
_23322_,tier1,generated_control,infrastructure,4
_23323_,tier1,generated_datapath,infrastructure,5
_23324_,tier0,generated_datapath,infrastructure,5
_23325_,tier0,generated_control,infrastructure,4
_23326_,tier0,generated_datapath,infrastructure,5
_23327_,tier0,generated_control,infrastructure,4
_23328_,tier1,generated_datapath,infrastructure,5
_23329_,tier0,generated_datapath,infrastructure,5
_23330_,tier0,generated_control,infrastructure,4
_23331_,tier0,generated_datapath,infrastructure,5
_23332_,tier1,generated_control,infrastructure,4
_23333_,tier1,generated_datapath,infrastructure,5
_23334_,tier0,generated_control,infrastructure,5
_23335_,tier0,generated_datapath,infrastructure,5
_23336_,tier0,generated_control,infrastructure,4
_23337_,tier0,generated_datapath,infrastructure,5
_23338_,tier1,generated_control,infrastructure,4
_23339_,tier1,generated_datapath,infrastructure,5
_23340_,tier0,generated_datapath,infrastructure,5
_23341_,tier0,generated_datapath,infrastructure,5
_23342_,tier1,generated_datapath,infrastructure,5
_23343_,tier0,generated_datapath,infrastructure,6
_23344_,tier1,generated_datapath,infrastructure,5
_23345_,tier0,generated_control,infrastructure,4
_23346_,tier1,generated_datapath,infrastructure,5
_23347_,tier0,generated_control,infrastructure,5
_23348_,tier0,generated_datapath,infrastructure,5
_23349_,tier1,generated_datapath,infrastructure,5
_23350_,tier0,generated_control,infrastructure,4
_23351_,tier1,generated_datapath,infrastructure,5
_23352_,tier0,generated_datapath,infrastructure,5
_23353_,tier1,generated_datapath,infrastructure,5
_23354_,tier0,generated_control,infrastructure,4
_23355_,tier1,generated_datapath,infrastructure,5
_23356_,tier0,generated_datapath,infrastructure,5
_23357_,tier1,generated_datapath,infrastructure,6
_23358_,tier1,generated_datapath,infrastructure,5
_23359_,tier0,generated_control,infrastructure,4
_23360_,tier1,generated_datapath,infrastructure,5
_23361_,tier1,generated_datapath,infrastructure,5
_23362_,tier0,generated_datapath,infrastructure,5
_23363_,tier1,generated_control,infrastructure,4
_23364_,tier1,generated_control,infrastructure,4
_23365_,tier1,generated_datapath,infrastructure,5
_23366_,tier1,generated_control,infrastructure,5
_23367_,tier0,generated_control,infrastructure,4
_23368_,tier0,generated_datapath,infrastructure,5
_23369_,tier0,generated_control,infrastructure,5
_23370_,tier0,generated_control,infrastructure,5
_23371_,tier0,generated_control,infrastructure,4
_23372_,tier0,generated_control,infrastructure,4
_23373_,tier0,generated_control,infrastructure,4
_23374_,tier0,generated_control,infrastructure,4
_23375_,tier0,generated_control,infrastructure,5
_23376_,tier0,generated_control,infrastructure,6
_23377_,tier1,generated_datapath,infrastructure,5
_23378_,tier1,generated_control,infrastructure,4
_23379_,tier1,generated_datapath,infrastructure,5
_23380_,tier1,generated_datapath,infrastructure,6
_23381_,tier1,generated_datapath,infrastructure,5
_23382_,tier0,generated_control,infrastructure,4
_23383_,tier1,generated_datapath,infrastructure,5
_23384_,tier0,generated_datapath,infrastructure,5
_23385_,tier0,generated_control,infrastructure,5
_23386_,tier1,generated_datapath,infrastructure,5
_23387_,tier0,generated_control,infrastructure,4
_23388_,tier1,generated_datapath,infrastructure,5
_23389_,tier0,generated_datapath,infrastructure,5
_23390_,tier1,generated_datapath,infrastructure,5
_23391_,tier0,generated_control,infrastructure,4
_23392_,tier1,generated_datapath,infrastructure,5
_23393_,tier0,generated_datapath,infrastructure,5
_23394_,tier1,generated_control,infrastructure,4
_23395_,tier1,generated_control,infrastructure,4
_23396_,tier0,generated_control,infrastructure,4
_23397_,tier1,generated_datapath,infrastructure,5
_23398_,tier0,generated_datapath,infrastructure,5
_23399_,tier0,generated_control,infrastructure,4
_23400_,tier0,generated_control,infrastructure,5
_23401_,tier0,generated_control,infrastructure,5
_23402_,tier1,generated_datapath,infrastructure,5
_23403_,tier1,generated_control,infrastructure,4
_23404_,tier1,generated_datapath,infrastructure,5
_23405_,tier0,generated_datapath,infrastructure,6
_23406_,tier1,generated_datapath,infrastructure,6
_23407_,tier1,generated_datapath,infrastructure,5
_23408_,tier0,generated_control,infrastructure,4
_23409_,tier1,generated_datapath,infrastructure,5
_23410_,tier0,generated_datapath,infrastructure,5
_23411_,tier0,generated_datapath,infrastructure,5
_23412_,tier0,generated_control,infrastructure,4
_23413_,tier1,generated_datapath,infrastructure,5
_23414_,tier0,generated_datapath,infrastructure,5
_23415_,tier0,generated_datapath,infrastructure,5
_23416_,tier0,generated_control,infrastructure,4
_23417_,tier1,generated_datapath,infrastructure,5
_23418_,tier0,generated_control,infrastructure,5
_23419_,tier0,generated_datapath,infrastructure,5
_23420_,tier1,generated_control,infrastructure,4
_23421_,tier1,generated_control,infrastructure,4
_23422_,tier0,generated_control,infrastructure,4
_23423_,tier1,generated_datapath,infrastructure,5
_23424_,tier0,generated_datapath,infrastructure,5
_23425_,tier1,generated_datapath,infrastructure,5
_23426_,tier1,generated_control,infrastructure,4
_23427_,tier0,generated_control,infrastructure,4
_23428_,tier0,generated_control,infrastructure,5
_23429_,tier1,generated_datapath,infrastructure,5
_23430_,tier0,generated_datapath,infrastructure,5
_23431_,tier0,generated_control,infrastructure,4
_23432_,tier0,generated_control,infrastructure,4
_23433_,tier0,generated_control,infrastructure,4
_23434_,tier0,generated_control,infrastructure,5
_23435_,tier1,generated_datapath,infrastructure,5
_23436_,tier1,generated_control,infrastructure,4
_23437_,tier1,generated_datapath,infrastructure,5
_23438_,tier0,generated_control,infrastructure,5
_23439_,tier1,generated_datapath,infrastructure,6
_23440_,tier1,generated_datapath,infrastructure,6
_23441_,tier0,generated_datapath,infrastructure,5
_23442_,tier0,generated_control,infrastructure,4
_23443_,tier1,generated_datapath,infrastructure,5
_23444_,tier0,generated_datapath,infrastructure,5
_23445_,tier1,generated_control,infrastructure,4
_23446_,tier1,generated_control,infrastructure,4
_23447_,tier0,generated_control,infrastructure,4
_23448_,tier1,generated_datapath,infrastructure,5
_23449_,tier0,generated_datapath,infrastructure,5
_23450_,tier0,generated_control,infrastructure,5
_23451_,tier0,generated_control,infrastructure,4
_23452_,tier1,generated_datapath,infrastructure,5
_23453_,tier1,generated_control,infrastructure,4
_23454_,tier1,generated_datapath,infrastructure,5
_23455_,tier0,generated_control,infrastructure,5
_23456_,tier1,generated_datapath,infrastructure,6
_23457_,tier1,generated_control,infrastructure,4
_23458_,tier1,generated_control,infrastructure,4
_23459_,tier0,generated_control,infrastructure,5
_23460_,tier1,generated_datapath,infrastructure,5
_23461_,tier1,generated_datapath,infrastructure,6
_23462_,tier0,generated_datapath,infrastructure,5
_23463_,tier0,generated_control,infrastructure,4
_23464_,tier0,generated_datapath,infrastructure,5
_23465_,tier0,generated_datapath,infrastructure,5
_23466_,tier0,generated_datapath,infrastructure,5
_23467_,tier0,generated_control,infrastructure,4
_23468_,tier0,generated_datapath,infrastructure,5
_23469_,tier0,generated_control,infrastructure,4
_23470_,tier1,generated_datapath,infrastructure,5
_23471_,tier0,generated_datapath,infrastructure,5
_23472_,tier0,unclassified,infrastructure,6
_23473_,tier0,generated_datapath,infrastructure,5
_23474_,tier1,generated_control,infrastructure,4
_23475_,tier1,generated_control,infrastructure,4
_23476_,tier0,generated_datapath,infrastructure,6
_23477_,tier0,generated_datapath,infrastructure,5
_23478_,tier0,generated_control,infrastructure,4
_23479_,tier1,generated_datapath,infrastructure,5
_23480_,tier0,generated_datapath,infrastructure,5
_23481_,tier0,generated_control,infrastructure,4
_23482_,tier0,generated_control,infrastructure,5
_23483_,tier1,generated_datapath,infrastructure,5
_23484_,tier1,generated_control,infrastructure,4
_23485_,tier1,generated_datapath,infrastructure,5
_23486_,tier1,generated_datapath,infrastructure,6
_23487_,tier0,generated_datapath,infrastructure,5
_23488_,tier0,generated_control,infrastructure,4
_23489_,tier1,generated_datapath,infrastructure,5
_23490_,tier0,generated_datapath,infrastructure,5
_23491_,tier1,generated_datapath,infrastructure,5
_23492_,tier0,generated_datapath,infrastructure,5
_23493_,tier1,generated_datapath,infrastructure,5
_23494_,tier1,generated_datapath,infrastructure,5
_23495_,tier0,generated_datapath,infrastructure,5
_23496_,tier0,generated_control,infrastructure,4
_23497_,tier1,generated_datapath,infrastructure,5
_23498_,tier0,generated_control,infrastructure,4
_23499_,tier1,generated_datapath,infrastructure,5
_23500_,tier1,generated_datapath,infrastructure,5
_23501_,tier0,generated_control,infrastructure,4
_23502_,tier0,generated_datapath,infrastructure,5
_23503_,tier1,generated_control,infrastructure,4
_23504_,tier1,generated_control,infrastructure,4
_23505_,tier1,generated_datapath,infrastructure,5
_23506_,tier0,generated_control,infrastructure,4
_23507_,tier0,generated_datapath,infrastructure,5
_23508_,tier1,generated_control,infrastructure,4
_23509_,tier1,generated_datapath,infrastructure,5
_23510_,tier1,generated_control,infrastructure,4
_23511_,tier1,generated_datapath,infrastructure,5
_23512_,tier1,generated_control,infrastructure,4
_23513_,tier1,generated_datapath,infrastructure,5
_23514_,tier1,generated_control,infrastructure,4
_23515_,tier1,generated_datapath,infrastructure,5
_23516_,tier1,generated_control,infrastructure,4
_23517_,tier1,generated_datapath,infrastructure,5
_23518_,tier1,generated_control,infrastructure,4
_23519_,tier1,generated_datapath,infrastructure,5
_23520_,tier1,generated_control,infrastructure,4
_23521_,tier1,generated_datapath,infrastructure,5
_23522_,tier1,generated_datapath,infrastructure,5
_23523_,tier1,generated_control,infrastructure,4
_23524_,tier1,generated_datapath,infrastructure,5
_23525_,tier0,generated_control,infrastructure,4
_23526_,tier1,generated_control,infrastructure,4
_23527_,tier1,generated_datapath,infrastructure,5
_23528_,tier1,generated_datapath,infrastructure,5
_23529_,tier0,generated_datapath,infrastructure,5
_23530_,tier1,generated_control,infrastructure,4
_23531_,tier1,generated_datapath,infrastructure,5
_23532_,tier0,generated_control,infrastructure,5
_23533_,tier1,generated_control,infrastructure,4
_23534_,tier1,generated_datapath,infrastructure,5
_23535_,tier0,generated_control,infrastructure,5
_23536_,tier0,generated_control,infrastructure,5
_23537_,tier1,generated_control,infrastructure,4
_23538_,tier1,generated_datapath,infrastructure,5
_23539_,tier1,generated_control,infrastructure,4
_23540_,tier1,generated_datapath,infrastructure,5
_23541_,tier0,generated_control,infrastructure,4
_23542_,tier1,generated_control,infrastructure,4
_23543_,tier1,generated_datapath,infrastructure,5
_23544_,tier0,generated_datapath,infrastructure,5
_23545_,tier0,generated_control,infrastructure,4
_23546_,tier1,generated_control,infrastructure,4
_23547_,tier0,generated_control,infrastructure,5
_23548_,tier1,generated_datapath,infrastructure,5
_23549_,tier0,generated_datapath,infrastructure,5
_23550_,tier1,generated_control,infrastructure,4
_23551_,tier1,generated_datapath,infrastructure,5
_23552_,tier1,generated_control,infrastructure,4
_23553_,tier1,generated_datapath,infrastructure,6
_23554_,tier1,generated_datapath,infrastructure,5
_23555_,tier0,generated_control,infrastructure,4
_23556_,tier1,generated_control,infrastructure,4
_23557_,tier1,generated_datapath,infrastructure,5
_23558_,tier0,generated_datapath,infrastructure,5
_23559_,tier1,generated_control,infrastructure,4
_23560_,tier1,generated_datapath,infrastructure,5
_23561_,tier0,generated_control,infrastructure,5
_23562_,tier1,generated_control,infrastructure,4
_23563_,tier1,generated_datapath,infrastructure,5
_23564_,tier0,generated_control,infrastructure,4
_23565_,tier1,generated_control,infrastructure,4
_23566_,tier1,generated_datapath,infrastructure,5
_23567_,tier0,generated_datapath,infrastructure,5
_23568_,tier0,generated_control,infrastructure,4
_23569_,tier1,generated_control,infrastructure,4
_23570_,tier1,generated_datapath,infrastructure,5
_23571_,tier0,generated_datapath,infrastructure,5
_23572_,tier0,generated_control,infrastructure,4
_23573_,tier1,generated_control,infrastructure,4
_23574_,tier1,generated_datapath,infrastructure,5
_23575_,tier1,generated_datapath,infrastructure,6
_23576_,tier0,generated_datapath,infrastructure,5
_23577_,tier0,generated_control,infrastructure,4
_23578_,tier1,generated_control,infrastructure,4
_23579_,tier1,generated_datapath,infrastructure,5
_23580_,tier1,generated_datapath,infrastructure,5
_23581_,tier0,generated_datapath,infrastructure,5
_23582_,tier1,generated_control,infrastructure,4
_23583_,tier1,generated_control,infrastructure,4
_23584_,tier1,generated_datapath,infrastructure,5
_23585_,tier1,generated_control,infrastructure,4
_23586_,tier1,generated_datapath,infrastructure,5
_23587_,tier1,generated_control,infrastructure,4
_23588_,tier1,generated_datapath,infrastructure,5
_23589_,tier1,generated_control,infrastructure,4
_23590_,tier1,generated_datapath,infrastructure,5
_23591_,tier0,generated_control,infrastructure,4
_23592_,tier1,generated_control,infrastructure,4
_23593_,tier1,generated_datapath,infrastructure,5
_23594_,tier0,generated_datapath,infrastructure,5
_23595_,tier0,generated_control,infrastructure,4
_23596_,tier1,generated_control,infrastructure,4
_23597_,tier1,generated_datapath,infrastructure,5
_23598_,tier0,generated_datapath,infrastructure,5
_23599_,tier0,generated_control,infrastructure,4
_23600_,tier1,generated_control,infrastructure,4
_23601_,tier0,generated_control,infrastructure,5
_23602_,tier1,generated_datapath,infrastructure,5
_23603_,tier0,generated_datapath,infrastructure,5
_23604_,tier0,generated_control,infrastructure,4
_23605_,tier1,generated_control,infrastructure,4
_23606_,tier1,generated_datapath,infrastructure,5
_23607_,tier0,generated_datapath,infrastructure,5
_23608_,tier0,generated_control,infrastructure,4
_23609_,tier1,generated_control,infrastructure,4
_23610_,tier1,generated_datapath,infrastructure,5
_23611_,tier0,generated_datapath,infrastructure,5
_23612_,tier0,generated_control,infrastructure,4
_23613_,tier1,generated_control,infrastructure,4
_23614_,tier1,generated_datapath,infrastructure,5
_23615_,tier0,generated_datapath,infrastructure,5
_23616_,tier0,generated_control,infrastructure,4
_23617_,tier1,generated_control,infrastructure,4
_23618_,tier0,generated_control,infrastructure,5
_23619_,tier1,generated_datapath,infrastructure,5
_23620_,tier0,generated_datapath,infrastructure,5
_23621_,tier0,generated_control,infrastructure,4
_23622_,tier0,generated_datapath,infrastructure,6
_23623_,tier1,generated_control,infrastructure,5
_23624_,tier0,generated_datapath,infrastructure,5
_23625_,tier1,generated_control,infrastructure,4
_23626_,tier1,generated_datapath,infrastructure,5
_23627_,tier1,generated_control,infrastructure,4
_23628_,tier1,generated_datapath,infrastructure,5
_23629_,tier0,generated_control,infrastructure,4
_23630_,tier1,generated_control,infrastructure,4
_23631_,tier1,generated_datapath,infrastructure,5
_23632_,tier0,generated_datapath,infrastructure,5
_23633_,tier0,generated_control,infrastructure,4
_23634_,tier0,generated_control,infrastructure,5
_23635_,tier0,generated_datapath,infrastructure,5
_23636_,tier1,generated_datapath,infrastructure,5
_23637_,tier1,generated_control,infrastructure,4
_23638_,tier0,generated_control,infrastructure,4
_23639_,tier0,generated_control,infrastructure,4
_23640_,tier0,generated_control,infrastructure,5
_23641_,tier0,csr,control,4
_23642_,tier0,csr,control,5
_23643_,tier0,generated_control,infrastructure,4
_23644_,tier0,generated_control,infrastructure,4
_23645_,tier0,generated_control,infrastructure,4
_23646_,tier0,generated_control,infrastructure,4
_23647_,tier0,generated_control,infrastructure,4
_23648_,tier0,generated_control,infrastructure,4
_23649_,tier0,generated_control,infrastructure,4
_23650_,tier0,generated_control,infrastructure,4
_23651_,tier0,generated_control,infrastructure,4
_23652_,tier0,generated_control,infrastructure,4
_23653_,tier0,generated_control,infrastructure,4
_23654_,tier0,generated_control,infrastructure,4
_23655_,tier0,generated_control,infrastructure,4
_23656_,tier0,generated_control,infrastructure,4
_23657_,tier0,generated_control,infrastructure,4
_23658_,tier0,generated_control,infrastructure,4
_23659_,tier0,generated_control,infrastructure,4
_23660_,tier0,generated_control,infrastructure,4
_23661_,tier0,generated_control,infrastructure,4
_23662_,tier0,generated_control,infrastructure,4
_23663_,tier0,generated_control,infrastructure,4
_23664_,tier0,generated_control,infrastructure,4
_23665_,tier0,generated_control,infrastructure,4
_23666_,tier0,generated_control,infrastructure,4
_23667_,tier0,generated_control,infrastructure,4
_23668_,tier0,generated_control,infrastructure,4
_23669_,tier0,generated_control,infrastructure,4
_23670_,tier0,generated_control,infrastructure,4
_23671_,tier0,generated_control,infrastructure,4
_23672_,tier0,generated_control,infrastructure,4
_23673_,tier0,generated_control,infrastructure,4
_23674_,tier0,generated_control,infrastructure,4
_23675_,tier0,generated_control,infrastructure,4
_23676_,tier0,generated_control,infrastructure,4
_23677_,tier0,generated_control,infrastructure,4
_23678_,tier0,generated_control,infrastructure,4
_23679_,tier0,generated_control,infrastructure,4
_23680_,tier0,generated_control,infrastructure,4
_23681_,tier0,generated_control,infrastructure,4
_23682_,tier0,generated_control,infrastructure,4
_23683_,tier0,generated_control,infrastructure,4
_23684_,tier0,generated_control,infrastructure,4
_23685_,tier0,generated_control,infrastructure,4
_23686_,tier0,generated_control,infrastructure,4
_23687_,tier0,generated_control,infrastructure,4
_23688_,tier0,generated_control,infrastructure,4
_23689_,tier0,generated_control,infrastructure,4
_23690_,tier0,generated_control,infrastructure,4
_23691_,tier0,generated_control,infrastructure,4
_23692_,tier0,generated_control,infrastructure,4
_23693_,tier0,generated_control,infrastructure,4
_23694_,tier0,generated_control,infrastructure,4
_23695_,tier0,generated_control,infrastructure,4
_23696_,tier0,generated_control,infrastructure,4
_23697_,tier0,generated_control,infrastructure,4
_23698_,tier0,generated_control,infrastructure,4
_23699_,tier0,generated_control,infrastructure,4
_23700_,tier0,generated_control,infrastructure,4
_23701_,tier0,generated_control,infrastructure,4
_23702_,tier0,generated_control,infrastructure,4
_23703_,tier0,generated_control,infrastructure,4
_23704_,tier0,generated_control,infrastructure,4
_23705_,tier0,generated_control,infrastructure,4
_23706_,tier0,generated_control,infrastructure,4
_23707_,tier0,generated_control,infrastructure,4
_23708_,tier0,generated_control,infrastructure,4
_23709_,tier0,generated_control,infrastructure,4
_23710_,tier0,generated_control,infrastructure,4
_23711_,tier0,generated_control,infrastructure,4
_23712_,tier0,generated_control,infrastructure,5
_23713_,tier0,generated_control,infrastructure,4
_23714_,tier0,generated_control,infrastructure,4
_23715_,tier0,generated_control,infrastructure,4
_23716_,tier0,generated_control,infrastructure,4
_23717_,tier0,generated_control,infrastructure,4
_23718_,tier0,generated_control,infrastructure,4
_23719_,tier0,generated_control,infrastructure,4
_23720_,tier0,generated_control,infrastructure,4
_23721_,tier0,generated_control,infrastructure,4
_23722_,tier0,generated_control,infrastructure,4
_23723_,tier0,generated_control,infrastructure,4
_23724_,tier0,generated_control,infrastructure,4
_23725_,tier0,generated_control,infrastructure,4
_23726_,tier0,generated_control,infrastructure,4
_23727_,tier0,generated_control,infrastructure,4
_23728_,tier0,generated_datapath,infrastructure,6
_23729_,tier0,generated_control,infrastructure,4
_23730_,tier0,generated_control,infrastructure,4
_23731_,tier0,generated_control,infrastructure,4
_23732_,tier0,generated_control,infrastructure,4
_23733_,tier0,generated_control,infrastructure,4
_23734_,tier0,generated_control,infrastructure,4
_23735_,tier0,generated_control,infrastructure,4
_23736_,tier0,generated_control,infrastructure,4
_23737_,tier0,generated_control,infrastructure,4
_23738_,tier0,generated_control,infrastructure,4
_23739_,tier0,generated_control,infrastructure,4
_23740_,tier0,generated_control,infrastructure,4
_23741_,tier0,generated_control,infrastructure,4
_23742_,tier0,generated_control,infrastructure,4
_23743_,tier0,generated_control,infrastructure,4
_23744_,tier0,generated_control,infrastructure,4
_23745_,tier0,generated_control,infrastructure,4
_23746_,tier0,generated_control,infrastructure,4
_23747_,tier0,generated_datapath,infrastructure,5
_23748_,tier0,generated_control,infrastructure,4
_23749_,tier0,generated_control,infrastructure,4
_23750_,tier0,generated_control,infrastructure,4
_23751_,tier0,generated_control,infrastructure,4
_23752_,tier0,generated_datapath,infrastructure,5
_23753_,tier0,generated_control,infrastructure,4
_23754_,tier0,generated_control,infrastructure,4
_23755_,tier0,generated_control,infrastructure,4
_23756_,tier0,generated_control,infrastructure,4
_23757_,tier0,generated_control,infrastructure,4
_23758_,tier0,generated_control,infrastructure,4
_23759_,tier0,generated_control,infrastructure,4
_23760_,tier0,generated_control,infrastructure,4
_23761_,tier0,generated_datapath,infrastructure,5
_23762_,tier0,generated_control,infrastructure,4
_23763_,tier0,generated_datapath,infrastructure,5
_23764_,tier0,generated_control,infrastructure,4
_23765_,tier0,generated_datapath,infrastructure,5
_23766_,tier0,generated_control,infrastructure,4
_23767_,tier0,generated_datapath,infrastructure,5
_23768_,tier0,generated_control,infrastructure,4
_23769_,tier0,generated_datapath,infrastructure,5
_23770_,tier0,generated_control,infrastructure,4
_23771_,tier0,generated_datapath,infrastructure,5
_23772_,tier0,generated_control,infrastructure,4
_23773_,tier1,generated_datapath,infrastructure,5
_23774_,tier0,generated_control,infrastructure,4
_23775_,tier1,generated_datapath,infrastructure,5
_23776_,tier0,generated_control,infrastructure,4
_23777_,tier0,generated_datapath,infrastructure,5
_23778_,tier0,generated_control,infrastructure,4
_23779_,tier1,generated_datapath,infrastructure,5
_23780_,tier0,generated_control,infrastructure,5
_23781_,tier0,generated_control,infrastructure,4
_23782_,tier0,generated_datapath,infrastructure,5
_23783_,tier0,generated_control,infrastructure,4
_23784_,tier0,generated_control,infrastructure,4
_23785_,tier0,generated_datapath,infrastructure,5
_23786_,tier0,generated_control,infrastructure,4
_23787_,tier0,generated_datapath,infrastructure,5
_23788_,tier0,generated_control,infrastructure,4
_23789_,tier1,generated_datapath,infrastructure,5
_23790_,tier0,generated_control,infrastructure,4
_23791_,tier0,generated_datapath,infrastructure,5
_23792_,tier0,generated_control,infrastructure,4
_23793_,tier0,generated_datapath,infrastructure,5
_23794_,tier0,generated_control,infrastructure,5
_23795_,tier0,generated_control,infrastructure,4
_23796_,tier0,generated_control,infrastructure,5
_23797_,tier1,generated_datapath,infrastructure,5
_23798_,tier0,generated_control,infrastructure,4
_23799_,tier0,generated_datapath,infrastructure,5
_23800_,tier0,generated_control,infrastructure,4
_23801_,tier0,generated_datapath,infrastructure,5
_23802_,tier0,generated_control,infrastructure,4
_23803_,tier0,generated_datapath,infrastructure,5
_23804_,tier0,generated_control,infrastructure,4
_23805_,tier0,generated_datapath,infrastructure,5
_23806_,tier0,generated_control,infrastructure,4
_23807_,tier0,generated_datapath,infrastructure,5
_23808_,tier0,generated_control,infrastructure,4
_23809_,tier0,generated_datapath,infrastructure,5
_23810_,tier0,generated_control,infrastructure,4
_23811_,tier0,generated_datapath,infrastructure,5
_23812_,tier0,generated_control,infrastructure,5
_23813_,tier0,generated_control,infrastructure,4
_23814_,tier0,generated_control,infrastructure,5
_23815_,tier1,generated_datapath,infrastructure,5
_23816_,tier0,generated_control,infrastructure,4
_23817_,tier0,generated_datapath,infrastructure,5
_23818_,tier0,generated_control,infrastructure,4
_23819_,tier0,generated_datapath,infrastructure,5
_23820_,tier0,generated_control,infrastructure,4
_23821_,tier0,generated_datapath,infrastructure,5
_23822_,tier0,generated_control,infrastructure,4
_23823_,tier1,generated_datapath,infrastructure,5
_23824_,tier0,generated_control,infrastructure,4
_23825_,tier0,generated_control,infrastructure,4
_23826_,tier0,generated_datapath,infrastructure,5
_23827_,tier0,generated_control,infrastructure,4
_23828_,tier1,generated_datapath,infrastructure,5
_23829_,tier0,generated_control,infrastructure,4
_23830_,tier0,generated_datapath,infrastructure,5
_23831_,tier0,generated_control,infrastructure,4
_23832_,tier0,generated_control,infrastructure,5
_23833_,tier0,generated_datapath,infrastructure,5
_23834_,tier0,generated_control,infrastructure,4
_23835_,tier0,generated_datapath,infrastructure,5
_23836_,tier0,generated_control,infrastructure,4
_23837_,tier0,generated_datapath,infrastructure,5
_23838_,tier0,generated_control,infrastructure,4
_23839_,tier1,generated_datapath,infrastructure,5
_23840_,tier0,generated_control,infrastructure,4
_23841_,tier1,generated_datapath,infrastructure,5
_23842_,tier0,generated_control,infrastructure,4
_23843_,tier0,generated_datapath,infrastructure,6
_23844_,tier0,generated_datapath,infrastructure,5
_23845_,tier0,generated_control,infrastructure,4
_23846_,tier1,generated_datapath,infrastructure,5
_23847_,tier0,generated_control,infrastructure,4
_23848_,tier1,generated_datapath,infrastructure,5
_23849_,tier0,generated_datapath,infrastructure,5
_23850_,tier0,generated_control,infrastructure,4
_23851_,tier0,generated_datapath,infrastructure,5
_23852_,tier0,generated_control,infrastructure,5
_23853_,tier0,generated_control,infrastructure,4
_23854_,tier0,generated_datapath,infrastructure,5
_23855_,tier0,generated_control,infrastructure,4
_23856_,tier1,generated_datapath,infrastructure,5
_23857_,tier0,generated_control,infrastructure,4
_23858_,tier0,generated_datapath,infrastructure,5
_23859_,tier0,generated_control,infrastructure,4
_23860_,tier0,generated_datapath,infrastructure,5
_23861_,tier0,generated_control,infrastructure,5
_23862_,tier0,generated_control,infrastructure,4
_23863_,tier1,generated_datapath,infrastructure,5
_23864_,tier0,generated_control,infrastructure,4
_23865_,tier0,generated_control,infrastructure,5
_23866_,tier0,generated_datapath,infrastructure,5
_23867_,tier0,generated_control,infrastructure,4
_23868_,tier0,generated_datapath,infrastructure,5
_23869_,tier0,generated_control,infrastructure,4
_23870_,tier0,generated_datapath,infrastructure,5
_23871_,tier0,generated_control,infrastructure,4
_23872_,tier0,generated_datapath,infrastructure,5
_23873_,tier0,generated_control,infrastructure,4
_23874_,tier0,generated_datapath,infrastructure,5
_23875_,tier0,generated_control,infrastructure,4
_23876_,tier0,generated_datapath,infrastructure,5
_23877_,tier0,generated_control,infrastructure,4
_23878_,tier0,generated_datapath,infrastructure,5
_23879_,tier0,generated_control,infrastructure,5
_23880_,tier0,generated_control,infrastructure,4
_23881_,tier0,generated_control,infrastructure,5
_23882_,tier1,generated_datapath,infrastructure,5
_23883_,tier0,generated_control,infrastructure,4
_23884_,tier0,generated_datapath,infrastructure,5
_23885_,tier0,generated_control,infrastructure,4
_23886_,tier0,generated_datapath,infrastructure,6
_23887_,tier0,generated_datapath,infrastructure,5
_23888_,tier0,generated_control,infrastructure,4
_23889_,tier0,generated_datapath,infrastructure,5
_23890_,tier0,generated_control,infrastructure,4
_23891_,tier1,generated_datapath,infrastructure,5
_23892_,tier0,generated_control,infrastructure,5
_23893_,tier0,generated_control,infrastructure,4
_23894_,tier0,generated_control,infrastructure,5
_23895_,tier0,generated_control,infrastructure,4
_23896_,tier0,generated_control,infrastructure,4
_23897_,tier0,generated_control,infrastructure,4
_23898_,tier0,generated_control,infrastructure,4
_23899_,tier0,generated_datapath,infrastructure,6
_23900_,tier0,generated_control,infrastructure,5
_23901_,tier0,generated_control,infrastructure,4
_23902_,tier0,generated_control,infrastructure,4
_23903_,tier1,generated_datapath,infrastructure,6
_23904_,tier0,generated_control,infrastructure,4
_23905_,tier0,generated_datapath,infrastructure,5
_23906_,tier0,generated_control,infrastructure,4
_23907_,tier0,generated_control,infrastructure,5
_23908_,tier0,generated_control,infrastructure,4
_23909_,tier0,generated_datapath,infrastructure,6
_23910_,tier0,generated_control,infrastructure,5
_23911_,tier0,generated_control,infrastructure,4
_23912_,tier0,generated_control,infrastructure,4
_23913_,tier0,generated_datapath,infrastructure,6
_23914_,tier0,generated_control,infrastructure,5
_23915_,tier0,generated_control,infrastructure,4
_23916_,tier0,generated_control,infrastructure,4
_23917_,tier0,generated_datapath,infrastructure,6
_23918_,tier0,generated_control,infrastructure,4
_23919_,tier0,generated_datapath,infrastructure,5
_23920_,tier0,generated_control,infrastructure,4
_23921_,tier0,generated_control,infrastructure,4
_23922_,tier0,generated_datapath,infrastructure,6
_23923_,tier0,generated_control,infrastructure,5
_23924_,tier0,generated_control,infrastructure,4
_23925_,tier0,generated_control,infrastructure,4
_23926_,tier1,generated_datapath,infrastructure,6
_23927_,tier0,generated_control,infrastructure,5
_23928_,tier0,generated_control,infrastructure,4
_23929_,tier0,generated_control,infrastructure,4
_23930_,tier1,generated_datapath,infrastructure,6
_23931_,tier0,generated_control,infrastructure,4
_23932_,tier0,generated_datapath,infrastructure,5
_23933_,tier0,generated_control,infrastructure,4
_23934_,tier0,generated_control,infrastructure,5
_23935_,tier0,generated_control,infrastructure,4
_23936_,tier0,generated_datapath,infrastructure,6
_23937_,tier0,generated_control,infrastructure,5
_23938_,tier0,generated_control,infrastructure,4
_23939_,tier0,generated_control,infrastructure,4
_23940_,tier0,generated_datapath,infrastructure,6
_23941_,tier0,generated_datapath,infrastructure,6
_23942_,tier0,generated_control,infrastructure,5
_23943_,tier0,generated_control,infrastructure,4
_23944_,tier0,generated_control,infrastructure,4
_23945_,tier0,generated_datapath,infrastructure,6
_23946_,tier0,generated_control,infrastructure,4
_23947_,tier0,generated_datapath,infrastructure,5
_23948_,tier0,generated_control,infrastructure,4
_23949_,tier0,generated_control,infrastructure,4
_23950_,tier0,generated_datapath,infrastructure,6
_23951_,tier0,generated_control,infrastructure,5
_23952_,tier0,generated_control,infrastructure,4
_23953_,tier0,generated_control,infrastructure,4
_23954_,tier0,generated_datapath,infrastructure,6
_23955_,tier0,generated_control,infrastructure,5
_23956_,tier0,generated_control,infrastructure,4
_23957_,tier0,generated_control,infrastructure,4
_23958_,tier1,generated_datapath,infrastructure,6
_23959_,tier0,generated_control,infrastructure,4
_23960_,tier0,generated_datapath,infrastructure,5
_23961_,tier0,generated_control,infrastructure,4
_23962_,tier0,generated_control,infrastructure,5
_23963_,tier0,generated_control,infrastructure,4
_23964_,tier0,generated_datapath,infrastructure,6
_23965_,tier0,generated_control,infrastructure,5
_23966_,tier0,generated_control,infrastructure,4
_23967_,tier0,generated_control,infrastructure,4
_23968_,tier0,generated_datapath,infrastructure,6
_23969_,tier0,generated_datapath,infrastructure,6
_23970_,tier0,generated_control,infrastructure,5
_23971_,tier0,generated_control,infrastructure,4
_23972_,tier0,generated_control,infrastructure,4
_23973_,tier0,generated_control,infrastructure,4
_23974_,tier0,generated_control,infrastructure,5
_23975_,tier0,generated_control,infrastructure,4
_23976_,tier0,generated_datapath,infrastructure,5
_23977_,tier0,generated_control,infrastructure,4
_23978_,tier0,generated_control,infrastructure,4
_23979_,tier1,generated_datapath,infrastructure,6
_23980_,tier0,generated_control,infrastructure,5
_23981_,tier0,generated_control,infrastructure,4
_23982_,tier0,generated_control,infrastructure,4
_23983_,tier0,generated_datapath,infrastructure,7
_23984_,tier0,generated_control,infrastructure,5
_23985_,tier0,generated_control,infrastructure,4
_23986_,tier0,generated_control,infrastructure,4
_23987_,tier0,generated_datapath,infrastructure,6
_23988_,tier0,generated_control,infrastructure,4
_23989_,tier0,generated_datapath,infrastructure,5
_23990_,tier0,generated_control,infrastructure,4
_23991_,tier0,generated_datapath,infrastructure,7
_23992_,tier0,generated_control,infrastructure,5
_23993_,tier0,generated_control,infrastructure,4
_23994_,tier0,generated_control,infrastructure,4
_23995_,tier0,generated_datapath,infrastructure,6
_23996_,tier0,generated_control,infrastructure,5
_23997_,tier0,generated_control,infrastructure,4
_23998_,tier0,generated_control,infrastructure,4
_23999_,tier0,generated_datapath,infrastructure,6
_24000_,tier0,generated_control,infrastructure,5
_24001_,tier0,generated_control,infrastructure,4
_24002_,tier0,generated_datapath,infrastructure,7
_24003_,tier0,generated_control,infrastructure,5
_24004_,tier0,generated_control,infrastructure,4
_24005_,tier0,generated_control,infrastructure,4
_24006_,tier1,generated_datapath,infrastructure,5
_24007_,tier0,generated_datapath,infrastructure,6
_24008_,tier0,generated_control,infrastructure,5
_24009_,tier1,generated_datapath,infrastructure,5
_24010_,tier0,generated_datapath,infrastructure,6
_24011_,tier0,generated_control,infrastructure,4
_24012_,tier0,generated_control,infrastructure,4
_24013_,tier1,generated_datapath,infrastructure,5
_24014_,tier0,generated_control,infrastructure,5
_24015_,tier0,generated_control,infrastructure,4
_24016_,tier0,generated_datapath,infrastructure,7
_24017_,tier0,generated_control,infrastructure,5
_24018_,tier0,generated_control,infrastructure,4
_24019_,tier0,generated_control,infrastructure,4
_24020_,tier0,generated_datapath,infrastructure,6
_24021_,tier0,generated_control,infrastructure,5
_24022_,tier0,generated_control,infrastructure,4
_24023_,tier0,generated_datapath,infrastructure,5
_24024_,tier0,generated_datapath,infrastructure,5
_24025_,tier0,generated_control,infrastructure,5
_24026_,tier0,generated_control,infrastructure,4
_24027_,tier0,generated_datapath,infrastructure,7
_24028_,tier0,generated_control,infrastructure,5
_24029_,tier0,generated_control,infrastructure,4
_24030_,tier0,generated_control,infrastructure,4
_24031_,tier0,generated_control,infrastructure,4
_24032_,tier0,generated_control,infrastructure,4
_24033_,tier0,generated_control,infrastructure,4
_24034_,tier0,generated_datapath,infrastructure,6
_24035_,tier0,generated_control,infrastructure,4
_24036_,tier0,generated_control,infrastructure,4
_24037_,tier1,generated_datapath,infrastructure,6
_24038_,tier0,generated_control,infrastructure,4
_24039_,tier0,generated_control,infrastructure,4
_24040_,tier0,generated_datapath,infrastructure,6
_24041_,tier0,generated_control,infrastructure,4
_24042_,tier1,generated_datapath,infrastructure,5
_24043_,tier0,generated_control,infrastructure,4
_24044_,tier0,generated_datapath,infrastructure,6
_24045_,tier0,generated_control,infrastructure,4
_24046_,tier1,generated_datapath,infrastructure,5
_24047_,tier0,generated_control,infrastructure,4
_24048_,tier0,generated_datapath,infrastructure,6
_24049_,tier0,generated_control,infrastructure,4
_24050_,tier0,generated_control,infrastructure,4
_24051_,tier0,generated_datapath,infrastructure,6
_24052_,tier0,generated_control,infrastructure,4
_24053_,tier0,generated_control,infrastructure,4
_24054_,tier1,generated_datapath,infrastructure,6
_24055_,tier0,generated_control,infrastructure,4
_24056_,tier0,generated_control,infrastructure,4
_24057_,tier1,generated_datapath,infrastructure,6
_24058_,tier0,generated_control,infrastructure,4
_24059_,tier0,generated_control,infrastructure,4
_24060_,tier0,generated_datapath,infrastructure,6
_24061_,tier0,generated_control,infrastructure,4
_24062_,tier0,generated_control,infrastructure,5
_24063_,tier0,generated_control,infrastructure,4
_24064_,tier0,generated_datapath,infrastructure,6
_24065_,tier0,generated_control,infrastructure,4
_24066_,tier0,generated_control,infrastructure,4
_24067_,tier0,generated_datapath,infrastructure,6
_24068_,tier0,generated_control,infrastructure,4
_24069_,tier0,generated_control,infrastructure,4
_24070_,tier0,generated_datapath,infrastructure,6
_24071_,tier0,generated_datapath,infrastructure,6
_24072_,tier0,generated_control,infrastructure,4
_24073_,tier0,generated_control,infrastructure,4
_24074_,tier0,generated_control,infrastructure,4
_24075_,tier0,generated_control,infrastructure,4
_24076_,tier0,generated_control,infrastructure,5
_24077_,tier1,generated_datapath,infrastructure,6
_24078_,tier0,generated_control,infrastructure,4
_24079_,tier1,generated_control,infrastructure,4
_24080_,tier0,generated_datapath,infrastructure,6
_24081_,tier0,generated_control,infrastructure,4
_24082_,tier0,generated_control,infrastructure,4
_24083_,tier1,generated_datapath,infrastructure,6
_24084_,tier0,generated_datapath,infrastructure,6
_24085_,tier0,generated_datapath,infrastructure,6
_24086_,tier0,generated_control,infrastructure,4
_24087_,tier0,generated_control,infrastructure,4
_24088_,tier0,generated_control,infrastructure,4
_24089_,tier0,generated_control,infrastructure,4
_24090_,tier1,generated_datapath,infrastructure,6
_24091_,tier0,generated_control,infrastructure,4
_24092_,tier0,generated_control,infrastructure,4
_24093_,tier0,generated_datapath,infrastructure,6
_24094_,tier0,generated_control,infrastructure,4
_24095_,tier0,generated_control,infrastructure,5
_24096_,tier0,generated_control,infrastructure,4
_24097_,tier0,generated_datapath,infrastructure,6
_24098_,tier0,generated_control,infrastructure,4
_24099_,tier0,generated_control,infrastructure,4
_24100_,tier0,generated_datapath,infrastructure,6
_24101_,tier0,generated_datapath,infrastructure,6
_24102_,tier0,generated_control,infrastructure,4
_24103_,tier0,generated_control,infrastructure,4
_24104_,tier0,generated_control,infrastructure,4
_24105_,tier0,generated_control,infrastructure,4
_24106_,tier0,generated_datapath,infrastructure,6
_24107_,tier0,generated_datapath,infrastructure,5
_24108_,tier0,generated_control,infrastructure,4
_24109_,tier0,decode_control,control,4
_24110_,tier0,decode_control,control,4
_24111_,tier0,fetch,control,4
_24112_,tier0,fetch,control,4
_24113_,tier0,generated_datapath,infrastructure,6
_24114_,tier0,fetch,control,6
_24115_,tier1,generated_control,infrastructure,5
_24116_,tier1,generated_control,infrastructure,5
_24117_,tier0,generated_control,infrastructure,4
_24118_,tier0,generated_control,infrastructure,5
_24119_,tier0,generated_control,infrastructure,4
_24120_,tier0,generated_control,infrastructure,4
_24121_,tier0,generated_control,infrastructure,5
_24122_,tier0,generated_control,infrastructure,4
_24123_,tier0,generated_control,infrastructure,4
_24124_,tier0,generated_control,infrastructure,5
_24125_,tier0,generated_control,infrastructure,4
_24126_,tier0,generated_control,infrastructure,4
_24127_,tier1,generated_datapath,infrastructure,5
_24128_,tier0,generated_control,infrastructure,5
_24129_,tier0,generated_control,infrastructure,4
_24130_,tier0,generated_control,infrastructure,4
_24131_,tier0,generated_control,infrastructure,5
_24132_,tier0,generated_control,infrastructure,4
_24133_,tier0,generated_control,infrastructure,4
_24134_,tier0,generated_control,infrastructure,5
_24135_,tier0,generated_control,infrastructure,4
_24136_,tier0,generated_control,infrastructure,4
_24137_,tier0,generated_control,infrastructure,5
_24138_,tier0,generated_control,infrastructure,4
_24139_,tier0,generated_control,infrastructure,4
_24140_,tier0,generated_control,infrastructure,4
_24141_,tier0,generated_datapath,infrastructure,4
_24142_,tier1,generated_datapath,infrastructure,8
_24143_,tier0,generated_control,infrastructure,5
_24144_,tier0,generated_control,infrastructure,4
_24145_,tier0,generated_datapath,infrastructure,5
_24146_,tier0,generated_datapath,infrastructure,6
_24147_,tier0,generated_control,infrastructure,4
_24148_,tier0,generated_control,infrastructure,6
_24149_,tier0,generated_control,infrastructure,5
_24150_,tier0,generated_control,infrastructure,5
_24151_,tier0,generated_control,infrastructure,4
_24152_,tier0,generated_datapath,infrastructure,4
_24153_,tier1,generated_datapath,infrastructure,8
_24154_,tier0,generated_control,infrastructure,4
_24155_,tier0,generated_datapath,infrastructure,5
_24156_,tier0,generated_control,infrastructure,5
_24157_,tier0,generated_datapath,infrastructure,6
_24158_,tier0,generated_datapath,infrastructure,4
_24159_,tier1,generated_datapath,infrastructure,8
_24160_,tier0,generated_control,infrastructure,4
_24161_,tier0,generated_datapath,infrastructure,5
_24162_,tier0,generated_datapath,infrastructure,6
_24163_,tier0,generated_datapath,infrastructure,4
_24164_,tier1,generated_datapath,infrastructure,8
_24165_,tier0,generated_control,infrastructure,4
_24166_,tier0,generated_datapath,infrastructure,5
_24167_,tier0,generated_datapath,infrastructure,6
_24168_,tier0,generated_datapath,infrastructure,4
_24169_,tier1,generated_datapath,infrastructure,8
_24170_,tier0,generated_control,infrastructure,4
_24171_,tier0,generated_datapath,infrastructure,5
_24172_,tier0,generated_datapath,infrastructure,6
_24173_,tier0,generated_datapath,infrastructure,4
_24174_,tier1,generated_datapath,infrastructure,8
_24175_,tier0,generated_control,infrastructure,5
_24176_,tier0,generated_control,infrastructure,4
_24177_,tier0,generated_datapath,infrastructure,5
_24178_,tier0,generated_datapath,infrastructure,6
_24179_,tier1,generated_datapath,infrastructure,6
_24180_,tier0,generated_datapath,infrastructure,4
_24181_,tier1,generated_datapath,infrastructure,8
_24182_,tier0,generated_control,infrastructure,4
_24183_,tier1,generated_datapath,infrastructure,5
_24184_,tier0,generated_datapath,infrastructure,6
_24185_,tier0,generated_datapath,infrastructure,4
_24186_,tier1,generated_datapath,infrastructure,8
_24187_,tier0,generated_control,infrastructure,4
_24188_,tier1,generated_datapath,infrastructure,5
_24189_,tier1,generated_datapath,infrastructure,6
_24190_,tier0,generated_datapath,infrastructure,4
_24191_,tier1,generated_datapath,infrastructure,8
_24192_,tier0,generated_control,infrastructure,4
_24193_,tier0,generated_datapath,infrastructure,5
_24194_,tier0,generated_datapath,infrastructure,6
_24195_,tier0,generated_datapath,infrastructure,4
_24196_,tier1,generated_datapath,infrastructure,8
_24197_,tier0,generated_control,infrastructure,4
_24198_,tier0,generated_control,infrastructure,5
_24199_,tier0,generated_datapath,infrastructure,5
_24200_,tier0,generated_datapath,infrastructure,6
_24201_,tier0,generated_datapath,infrastructure,4
_24202_,tier1,generated_datapath,infrastructure,8
_24203_,tier0,generated_control,infrastructure,4
_24204_,tier0,generated_datapath,infrastructure,5
_24205_,tier0,generated_datapath,infrastructure,6
_24206_,tier0,generated_datapath,infrastructure,4
_24207_,tier1,generated_datapath,infrastructure,8
_24208_,tier0,generated_control,infrastructure,4
_24209_,tier0,generated_datapath,infrastructure,5
_24210_,tier0,generated_datapath,infrastructure,6
_24211_,tier0,generated_datapath,infrastructure,4
_24212_,tier1,generated_datapath,infrastructure,8
_24213_,tier0,generated_control,infrastructure,4
_24214_,tier0,generated_datapath,infrastructure,5
_24215_,tier1,generated_datapath,infrastructure,6
_24216_,tier0,generated_datapath,infrastructure,4
_24217_,tier0,generated_control,infrastructure,5
_24218_,tier1,generated_datapath,infrastructure,8
_24219_,tier1,generated_control,infrastructure,4
_24220_,tier1,generated_datapath,infrastructure,5
_24221_,tier0,generated_datapath,infrastructure,6
_24222_,tier0,generated_datapath,infrastructure,6
_24223_,tier0,generated_datapath,infrastructure,4
_24224_,tier1,generated_datapath,infrastructure,8
_24225_,tier0,generated_control,infrastructure,4
_24226_,tier0,generated_control,infrastructure,4
_24227_,tier0,generated_datapath,infrastructure,5
_24228_,tier0,generated_datapath,infrastructure,6
_24229_,tier1,generated_control,infrastructure,4
_24230_,tier1,generated_datapath,infrastructure,5
_24231_,tier0,generated_datapath,infrastructure,4
_24232_,tier1,generated_datapath,infrastructure,8
_24233_,tier0,clock_reset,control,3
_24234_,tier0,generated_control,infrastructure,4
_24235_,tier0,generated_datapath,infrastructure,5
_24236_,tier0,generated_datapath,infrastructure,6
_24237_,tier1,generated_control,infrastructure,4
_24238_,tier0,fetch,control,5
_24239_,tier0,generated_datapath,infrastructure,4
_24240_,tier1,generated_datapath,infrastructure,8
_24241_,tier0,generated_control,infrastructure,6
_24242_,tier0,generated_datapath,infrastructure,6
_24243_,tier0,generated_datapath,infrastructure,5
_24244_,tier1,generated_control,infrastructure,4
_24245_,tier0,generated_datapath,infrastructure,5
_24246_,tier1,generated_datapath,infrastructure,4
_24247_,tier1,generated_datapath,infrastructure,8
_24248_,tier0,generated_control,infrastructure,4
_24249_,tier0,generated_datapath,infrastructure,5
_24250_,tier0,generated_datapath,infrastructure,6
_24251_,tier1,generated_control,infrastructure,5
_24252_,tier0,generated_datapath,infrastructure,4
_24253_,tier1,generated_datapath,infrastructure,8
_24254_,tier0,generated_control,infrastructure,4
_24255_,tier0,generated_datapath,infrastructure,5
_24256_,tier0,generated_datapath,infrastructure,6
_24257_,tier1,generated_control,infrastructure,5
_24258_,tier0,generated_datapath,infrastructure,4
_24259_,tier1,generated_datapath,infrastructure,8
_24260_,tier0,generated_control,infrastructure,4
_24261_,tier0,generated_control,infrastructure,5
_24262_,tier0,generated_datapath,infrastructure,5
_24263_,tier0,generated_datapath,infrastructure,6
_24264_,tier1,generated_control,infrastructure,5
_24265_,tier0,generated_control,infrastructure,4
_24266_,tier0,generated_datapath,infrastructure,4
_24267_,tier1,generated_datapath,infrastructure,8
_24268_,tier0,generated_control,infrastructure,4
_24269_,tier0,generated_datapath,infrastructure,5
_24270_,tier0,generated_datapath,infrastructure,6
_24271_,tier1,generated_control,infrastructure,5
_24272_,tier0,generated_datapath,infrastructure,4
_24273_,tier1,generated_datapath,infrastructure,8
_24274_,tier0,generated_control,infrastructure,4
_24275_,tier0,generated_datapath,infrastructure,5
_24276_,tier0,generated_datapath,infrastructure,6
_24277_,tier1,generated_control,infrastructure,5
_24278_,tier0,generated_datapath,infrastructure,4
_24279_,tier1,generated_datapath,infrastructure,8
_24280_,tier0,generated_control,infrastructure,4
_24281_,tier0,generated_datapath,infrastructure,5
_24282_,tier0,generated_datapath,infrastructure,6
_24283_,tier0,generated_control,infrastructure,5
_24284_,tier0,fetch,control,5
_24285_,tier1,generated_datapath,infrastructure,5
_24286_,tier1,generated_control,infrastructure,5
_24287_,tier1,generated_datapath,infrastructure,5
_24288_,tier1,generated_datapath,infrastructure,5
_24289_,tier0,generated_control,infrastructure,4
_24290_,tier0,generated_datapath,infrastructure,5
_24291_,tier0,generated_datapath,infrastructure,6
_24292_,tier1,generated_control,infrastructure,5
_24293_,tier1,generated_datapath,infrastructure,4
_24294_,tier1,generated_datapath,infrastructure,6
_24295_,tier1,generated_datapath,infrastructure,5
_24296_,tier0,generated_control,infrastructure,4
_24297_,tier0,generated_datapath,infrastructure,5
_24298_,tier0,generated_datapath,infrastructure,6
_24299_,tier1,generated_datapath,infrastructure,5
_24300_,tier1,generated_control,infrastructure,5
_24301_,tier1,unclassified,infrastructure,7
_24302_,tier1,generated_datapath,infrastructure,5
_24303_,tier0,generated_control,infrastructure,5
_24304_,tier0,generated_control,infrastructure,5
_24305_,tier0,generated_datapath,infrastructure,6
_24306_,tier1,generated_datapath,infrastructure,4
_24307_,tier1,generated_control,infrastructure,5
_24308_,tier1,generated_datapath,infrastructure,6
_24309_,tier1,generated_datapath,infrastructure,5
_24310_,tier1,generated_control,infrastructure,4
_24311_,tier0,generated_datapath,infrastructure,5
_24312_,tier0,generated_datapath,infrastructure,6
_24313_,tier0,fetch,control,6
_24314_,tier1,generated_control,infrastructure,5
_24315_,tier1,unclassified,infrastructure,7
_24316_,tier1,generated_datapath,infrastructure,5
_24317_,tier0,generated_control,infrastructure,4
_24318_,tier0,generated_datapath,infrastructure,5
_24319_,tier0,generated_datapath,infrastructure,6
_24320_,tier0,generated_control,infrastructure,5
_24321_,tier0,generated_control,infrastructure,4
_24322_,tier0,generated_datapath,infrastructure,5
_24323_,tier1,generated_control,infrastructure,5
_24324_,tier0,generated_datapath,infrastructure,4
_24325_,tier1,generated_datapath,infrastructure,6
_24326_,tier1,generated_datapath,infrastructure,5
_24327_,tier0,generated_datapath,infrastructure,6
_24328_,tier1,generated_control,infrastructure,5
_24329_,tier0,fetch,control,4
_24330_,tier1,generated_datapath,infrastructure,6
_24331_,tier1,generated_datapath,infrastructure,5
_24332_,tier0,generated_control,infrastructure,4
_24333_,tier0,generated_datapath,infrastructure,5
_24334_,tier0,generated_datapath,infrastructure,6
_24335_,tier0,generated_datapath,infrastructure,6
_24336_,tier1,generated_control,infrastructure,5
_24337_,tier1,generated_control,infrastructure,4
_24338_,tier1,generated_datapath,infrastructure,5
_24339_,tier1,generated_control,infrastructure,4
_24340_,tier0,generated_datapath,infrastructure,5
_24341_,tier0,generated_datapath,infrastructure,6
_24342_,tier0,csr,control,4
_24343_,tier0,generated_datapath,infrastructure,5
_24344_,tier0,generated_datapath,infrastructure,6
_24345_,tier0,generated_control,infrastructure,4
_24346_,tier0,csr,control,4
_24347_,tier0,generated_datapath,infrastructure,5
_24348_,tier0,generated_datapath,infrastructure,5
_24349_,tier0,generated_datapath,infrastructure,8
_24350_,tier0,generated_control,infrastructure,5
_24351_,tier0,generated_datapath,infrastructure,5
_24352_,tier0,generated_control,infrastructure,4
_24353_,tier0,generated_datapath,infrastructure,8
_24354_,tier0,generated_datapath,infrastructure,5
_24355_,tier0,generated_control,infrastructure,4
_24356_,tier0,generated_control,infrastructure,4
_24357_,tier0,generated_datapath,infrastructure,7
_24358_,tier0,generated_datapath,infrastructure,5
_24359_,tier0,generated_control,infrastructure,4
_24360_,tier0,generated_datapath,infrastructure,8
_24361_,tier0,generated_datapath,infrastructure,5
_24362_,tier0,generated_control,infrastructure,4
_24363_,tier0,generated_datapath,infrastructure,8
_24364_,tier0,generated_datapath,infrastructure,5
_24365_,tier0,generated_control,infrastructure,5
_24366_,tier0,generated_control,infrastructure,4
_24367_,tier0,generated_datapath,infrastructure,5
_24368_,tier0,generated_control,infrastructure,4
_24369_,tier0,generated_datapath,infrastructure,5
_24370_,tier0,generated_control,infrastructure,4
_24371_,tier0,generated_datapath,infrastructure,5
_24372_,tier0,generated_control,infrastructure,4
_24373_,tier0,generated_control,infrastructure,5
_24374_,tier0,generated_datapath,infrastructure,5
_24375_,tier0,generated_control,infrastructure,4
_24376_,tier0,generated_datapath,infrastructure,5
_24377_,tier0,generated_control,infrastructure,4
_24378_,tier0,generated_datapath,infrastructure,5
_24379_,tier0,generated_control,infrastructure,4
_24380_,tier1,generated_datapath,infrastructure,5
_24381_,tier0,generated_control,infrastructure,4
_24382_,tier1,generated_datapath,infrastructure,5
_24383_,tier0,generated_control,infrastructure,4
_24384_,tier0,generated_datapath,infrastructure,5
_24385_,tier0,generated_control,infrastructure,4
_24386_,tier1,generated_datapath,infrastructure,5
_24387_,tier0,generated_control,infrastructure,4
_24388_,tier0,generated_datapath,infrastructure,5
_24389_,tier0,generated_control,infrastructure,4
_24390_,tier0,generated_datapath,infrastructure,5
_24391_,tier0,generated_control,infrastructure,4
_24392_,tier0,generated_datapath,infrastructure,5
_24393_,tier0,generated_control,infrastructure,4
_24394_,tier1,generated_datapath,infrastructure,5
_24395_,tier0,generated_control,infrastructure,4
_24396_,tier0,generated_datapath,infrastructure,5
_24397_,tier0,generated_control,infrastructure,4
_24398_,tier0,generated_control,infrastructure,5
_24399_,tier0,generated_datapath,infrastructure,5
_24400_,tier0,generated_control,infrastructure,5
_24401_,tier0,generated_control,infrastructure,4
_24402_,tier1,generated_datapath,infrastructure,5
_24403_,tier0,generated_datapath,infrastructure,6
_24404_,tier0,generated_control,infrastructure,4
_24405_,tier0,generated_datapath,infrastructure,5
_24406_,tier0,generated_control,infrastructure,4
_24407_,tier0,generated_datapath,infrastructure,5
_24408_,tier0,generated_control,infrastructure,4
_24409_,tier0,generated_datapath,infrastructure,5
_24410_,tier0,generated_control,infrastructure,4
_24411_,tier0,generated_datapath,infrastructure,5
_24412_,tier0,generated_control,infrastructure,4
_24413_,tier0,generated_datapath,infrastructure,5
_24414_,tier0,generated_control,infrastructure,4
_24415_,tier0,generated_datapath,infrastructure,5
_24416_,tier0,generated_control,infrastructure,4
_24417_,tier0,generated_datapath,infrastructure,5
_24418_,tier0,generated_control,infrastructure,5
_24419_,tier0,generated_control,infrastructure,4
_24420_,tier1,generated_datapath,infrastructure,5
_24421_,tier0,generated_control,infrastructure,4
_24422_,tier0,generated_datapath,infrastructure,5
_24423_,tier0,generated_control,infrastructure,4
_24424_,tier0,generated_control,infrastructure,5
_24425_,tier0,generated_datapath,infrastructure,5
_24426_,tier0,generated_control,infrastructure,4
_24427_,tier0,generated_datapath,infrastructure,5
_24428_,tier0,generated_control,infrastructure,4
_24429_,tier1,generated_datapath,infrastructure,5
_24430_,tier1,generated_control,infrastructure,4
_24431_,tier0,generated_control,infrastructure,4
_24432_,tier0,generated_datapath,infrastructure,5
_24433_,tier1,generated_control,infrastructure,4
_24434_,tier1,generated_datapath,infrastructure,5
_24435_,tier1,generated_control,infrastructure,4
_24436_,tier0,generated_datapath,infrastructure,5
_24437_,tier1,generated_control,infrastructure,4
_24438_,tier1,generated_datapath,infrastructure,5
_24439_,tier1,generated_control,infrastructure,4
_24440_,tier0,generated_datapath,infrastructure,5
_24441_,tier1,generated_control,infrastructure,4
_24442_,tier0,generated_datapath,infrastructure,5
_24443_,tier0,generated_control,infrastructure,5
_24444_,tier1,generated_control,infrastructure,4
_24445_,tier0,generated_datapath,infrastructure,5
_24446_,tier1,generated_control,infrastructure,4
_24447_,tier1,generated_datapath,infrastructure,6
_24448_,tier0,generated_datapath,infrastructure,5
_24449_,tier1,generated_control,infrastructure,4
_24450_,tier1,generated_datapath,infrastructure,5
_24451_,tier1,generated_control,infrastructure,4
_24452_,tier1,generated_datapath,infrastructure,5
_24453_,tier1,generated_control,infrastructure,4
_24454_,tier0,generated_datapath,infrastructure,5
_24455_,tier1,generated_control,infrastructure,4
_24456_,tier1,generated_datapath,infrastructure,5
_24457_,tier1,generated_control,infrastructure,4
_24458_,tier0,generated_datapath,infrastructure,5
_24459_,tier1,generated_control,infrastructure,4
_24460_,tier0,generated_control,infrastructure,5
_24461_,tier0,generated_datapath,infrastructure,5
_24462_,tier1,generated_control,infrastructure,4
_24463_,tier1,generated_datapath,infrastructure,5
_24464_,tier1,generated_control,infrastructure,4
_24465_,tier1,generated_datapath,infrastructure,5
_24466_,tier0,generated_datapath,infrastructure,6
_24467_,tier1,generated_control,infrastructure,4
_24468_,tier0,generated_datapath,infrastructure,5
_24469_,tier0,generated_datapath,infrastructure,6
_24470_,tier1,generated_control,infrastructure,4
_24471_,tier0,generated_datapath,infrastructure,8
_24472_,tier1,generated_datapath,infrastructure,5
_24473_,tier1,generated_control,infrastructure,4
_24474_,tier0,generated_datapath,infrastructure,8
_24475_,tier1,generated_datapath,infrastructure,5
_24476_,tier0,generated_control,infrastructure,4
_24477_,tier0,generated_datapath,infrastructure,8
_24478_,tier0,generated_control,infrastructure,4
_24479_,tier0,generated_datapath,infrastructure,5
_24480_,tier0,generated_control,infrastructure,4
_24481_,tier0,generated_datapath,infrastructure,8
_24482_,tier0,generated_datapath,infrastructure,5
_24483_,tier0,generated_control,infrastructure,4
_24484_,tier0,generated_datapath,infrastructure,8
_24485_,tier0,generated_datapath,infrastructure,5
_24486_,tier0,generated_control,infrastructure,4
_24487_,tier0,generated_datapath,infrastructure,8
_24488_,tier0,generated_datapath,infrastructure,5
_24489_,tier0,generated_control,infrastructure,4
_24490_,tier0,generated_datapath,infrastructure,8
_24491_,tier0,generated_datapath,infrastructure,5
_24492_,tier0,generated_control,infrastructure,4
_24493_,tier0,generated_datapath,infrastructure,8
_24494_,tier0,generated_datapath,infrastructure,5
_24495_,tier0,generated_control,infrastructure,4
_24496_,tier0,generated_datapath,infrastructure,8
_24497_,tier0,generated_datapath,infrastructure,5
_24498_,tier0,generated_control,infrastructure,4
_24499_,tier0,generated_datapath,infrastructure,8
_24500_,tier0,generated_datapath,infrastructure,5
_24501_,tier0,generated_control,infrastructure,4
_24502_,tier0,generated_datapath,infrastructure,8
_24503_,tier0,generated_datapath,infrastructure,5
_24504_,tier0,generated_control,infrastructure,4
_24505_,tier0,generated_datapath,infrastructure,8
_24506_,tier0,generated_datapath,infrastructure,5
_24507_,tier0,generated_control,infrastructure,4
_24508_,tier0,generated_datapath,infrastructure,8
_24509_,tier0,generated_datapath,infrastructure,5
_24510_,tier0,generated_control,infrastructure,4
_24511_,tier1,generated_datapath,infrastructure,5
_24512_,tier0,generated_datapath,infrastructure,8
_24513_,tier0,generated_datapath,infrastructure,5
_24514_,tier1,generated_datapath,infrastructure,5
_24515_,tier1,generated_control,infrastructure,4
_24516_,tier0,generated_datapath,infrastructure,8
_24517_,tier1,generated_datapath,infrastructure,5
_24518_,tier1,generated_control,infrastructure,4
_24519_,tier0,generated_datapath,infrastructure,8
_24520_,tier1,generated_datapath,infrastructure,5
_24521_,tier1,generated_datapath,infrastructure,5
_24522_,tier1,generated_control,infrastructure,4
_24523_,tier0,generated_datapath,infrastructure,8
_24524_,tier1,generated_datapath,infrastructure,5
_24525_,tier1,generated_control,infrastructure,4
_24526_,tier0,generated_datapath,infrastructure,8
_24527_,tier1,generated_datapath,infrastructure,5
_24528_,tier1,generated_control,infrastructure,4
_24529_,tier0,generated_control,infrastructure,4
_24530_,tier0,generated_datapath,infrastructure,8
_24531_,tier1,generated_datapath,infrastructure,5
_24532_,tier1,generated_control,infrastructure,4
_24533_,tier0,generated_datapath,infrastructure,8
_24534_,tier1,generated_datapath,infrastructure,5
_24535_,tier1,generated_control,infrastructure,4
_24536_,tier0,generated_control,infrastructure,4
_24537_,tier0,generated_datapath,infrastructure,7
_24538_,tier1,generated_datapath,infrastructure,5
_24539_,tier1,generated_control,infrastructure,4
_24540_,tier0,generated_datapath,infrastructure,8
_24541_,tier1,generated_datapath,infrastructure,5
_24542_,tier1,generated_control,infrastructure,4
_24543_,tier0,generated_datapath,infrastructure,8
_24544_,tier1,generated_datapath,infrastructure,5
_24545_,tier1,generated_control,infrastructure,4
_24546_,tier0,generated_datapath,infrastructure,8
_24547_,tier1,generated_datapath,infrastructure,5
_24548_,tier1,generated_control,infrastructure,4
_24549_,tier0,generated_datapath,infrastructure,8
_24550_,tier1,generated_datapath,infrastructure,5
_24551_,tier1,generated_control,infrastructure,4
_24552_,tier0,generated_datapath,infrastructure,8
_24553_,tier1,generated_datapath,infrastructure,5
_24554_,tier1,generated_control,infrastructure,4
_24555_,tier0,generated_datapath,infrastructure,8
_24556_,tier1,generated_datapath,infrastructure,5
_24557_,tier1,generated_control,infrastructure,4
_24558_,tier0,generated_datapath,infrastructure,8
_24559_,tier1,generated_datapath,infrastructure,5
_24560_,tier1,unclassified,infrastructure,6
_24561_,tier0,generated_control,infrastructure,4
_24562_,tier0,generated_control,infrastructure,5
_24563_,tier0,generated_control,infrastructure,4
_24564_,tier0,generated_datapath,infrastructure,7
_24565_,tier0,generated_datapath,infrastructure,5
_24566_,tier1,generated_control,infrastructure,4
_24567_,tier0,generated_datapath,infrastructure,8
_24568_,tier1,generated_datapath,infrastructure,5
_24569_,tier0,generated_control,infrastructure,4
_24570_,tier0,generated_datapath,infrastructure,5
_24571_,tier0,generated_control,infrastructure,5
_24572_,tier0,csr,control,4
_24573_,tier0,generated_datapath,infrastructure,5
_24574_,tier0,csr,control,5
_24575_,tier0,csr,control,5
_24576_,tier0,generated_control,infrastructure,5
_24577_,tier0,generated_datapath,infrastructure,5
_24578_,tier0,generated_control,infrastructure,4
_24579_,tier0,generated_datapath,infrastructure,5
_24580_,tier0,generated_datapath,infrastructure,5
_24581_,tier0,generated_datapath,infrastructure,6
_24582_,tier0,unclassified,infrastructure,6
_24583_,tier0,generated_datapath,infrastructure,5
_24584_,tier0,generated_control,infrastructure,4
_24585_,tier0,generated_datapath,infrastructure,6
_24586_,tier0,generated_datapath,infrastructure,5
_24587_,tier0,generated_control,infrastructure,4
_24588_,tier0,generated_datapath,infrastructure,6
_24589_,tier0,generated_control,infrastructure,5
_24590_,tier0,generated_datapath,infrastructure,6
_24591_,tier0,generated_control,infrastructure,4
_24592_,tier1,generated_datapath,infrastructure,5
_24593_,tier1,generated_control,infrastructure,4
_24594_,tier1,generated_datapath,infrastructure,5
_24595_,tier1,generated_datapath,infrastructure,5
_24596_,tier1,generated_datapath,infrastructure,5
_24597_,tier1,generated_control,infrastructure,4
_24598_,tier1,generated_datapath,infrastructure,6
_24599_,tier1,generated_control,infrastructure,5
_24600_,tier1,generated_datapath,infrastructure,6
_24601_,tier0,generated_datapath,infrastructure,5
_24602_,tier1,generated_control,infrastructure,5
_24603_,tier0,generated_control,infrastructure,4
_24604_,tier0,load_store,datapath,5
_24605_,tier1,generated_control,infrastructure,5
_24606_,tier1,generated_control,infrastructure,4
_24607_,tier1,generated_datapath,infrastructure,5
_24608_,tier1,generated_control,infrastructure,4
_24609_,tier1,generated_datapath,infrastructure,5
_24610_,tier1,unclassified,infrastructure,6
_24611_,tier1,generated_control,infrastructure,5
_24612_,tier1,generated_control,infrastructure,5
_24613_,tier1,generated_control,infrastructure,5
_24614_,tier0,generated_control,infrastructure,5
_24615_,tier1,generated_control,infrastructure,5
_24616_,tier1,generated_control,infrastructure,5
_24617_,tier1,generated_control,infrastructure,5
_24618_,tier1,generated_control,infrastructure,5
_24619_,tier1,generated_control,infrastructure,5
_24620_,tier1,generated_control,infrastructure,5
_24621_,tier1,generated_control,infrastructure,5
_24622_,tier1,generated_control,infrastructure,5
_24623_,tier1,generated_control,infrastructure,5
_24624_,tier1,generated_control,infrastructure,5
_24625_,tier1,generated_control,infrastructure,5
_24626_,tier1,generated_control,infrastructure,5
_24627_,tier1,generated_control,infrastructure,5
_24628_,tier1,generated_control,infrastructure,5
_24629_,tier1,generated_control,infrastructure,5
_24630_,tier1,generated_control,infrastructure,5
_24631_,tier1,generated_control,infrastructure,5
_24632_,tier0,generated_datapath,infrastructure,6
_24633_,tier1,generated_control,infrastructure,5
_24634_,tier1,generated_control,infrastructure,5
_24635_,tier1,generated_control,infrastructure,5
_24636_,tier1,generated_control,infrastructure,5
_24637_,tier1,generated_control,infrastructure,5
_24638_,tier1,clock_reset,control,3
_24639_,tier1,generated_datapath,infrastructure,5
_24640_,tier1,generated_control,infrastructure,5
_24641_,tier1,generated_control,infrastructure,5
_24642_,tier1,generated_control,infrastructure,5
_24643_,tier0,generated_control,infrastructure,4
_24644_,tier1,generated_control,infrastructure,5
_24645_,tier1,generated_control,infrastructure,5
_24646_,tier1,generated_control,infrastructure,4
_24647_,tier1,generated_datapath,infrastructure,5
_24648_,tier0,generated_control,infrastructure,4
_24649_,tier1,generated_datapath,infrastructure,5
_24650_,tier0,generated_datapath,infrastructure,4
_24651_,tier0,load_store,datapath,4
_24652_,tier0,generated_control,infrastructure,4
_24653_,tier1,generated_control,infrastructure,5
_24654_,tier1,generated_control,infrastructure,5
_24655_,tier1,generated_control,infrastructure,5
_24656_,tier1,generated_control,infrastructure,5
_24657_,tier1,generated_control,infrastructure,5
_24658_,tier1,generated_control,infrastructure,5
_24659_,tier1,generated_control,infrastructure,5
_24660_,tier0,generated_control,infrastructure,5
_24661_,tier1,generated_control,infrastructure,5
_24662_,tier1,generated_control,infrastructure,5
_24663_,tier1,generated_control,infrastructure,5
_24664_,tier1,generated_control,infrastructure,5
_24665_,tier1,generated_control,infrastructure,5
_24666_,tier1,generated_control,infrastructure,5
_24667_,tier1,generated_control,infrastructure,5
_24668_,tier1,generated_control,infrastructure,5
_24669_,tier0,generated_control,infrastructure,5
_24670_,tier1,generated_control,infrastructure,5
_24671_,tier1,generated_control,infrastructure,5
_24672_,tier1,generated_control,infrastructure,5
_24673_,tier1,generated_control,infrastructure,5
_24674_,tier1,generated_control,infrastructure,5
_24675_,tier1,generated_control,infrastructure,5
_24676_,tier1,generated_control,infrastructure,5
_24677_,tier0,generated_control,infrastructure,4
_24678_,tier1,clock_reset,control,3
_24679_,tier1,generated_datapath,infrastructure,5
_24680_,tier0,trap_debug,control,4
_24681_,tier0,generated_datapath,infrastructure,5
_24682_,tier0,generated_control,infrastructure,4
_24683_,tier0,generated_datapath,infrastructure,5
_24684_,tier0,generated_control,infrastructure,4
_24685_,tier0,generated_datapath,infrastructure,5
_24686_,tier0,generated_control,infrastructure,4
_24687_,tier0,generated_datapath,infrastructure,5
_24688_,tier0,generated_control,infrastructure,4
_24689_,tier0,generated_datapath,infrastructure,5
_24690_,tier0,generated_control,infrastructure,4
_24691_,tier0,generated_control,infrastructure,4
_24692_,tier0,generated_control,infrastructure,5
_24693_,tier0,unclassified,infrastructure,6
_24694_,tier0,fetch,control,4
_24695_,tier0,generated_control,infrastructure,4
_24696_,tier0,generated_datapath,infrastructure,6
_24697_,tier1,generated_datapath,infrastructure,5
_24698_,tier0,generated_datapath,infrastructure,6
_24699_,tier1,generated_datapath,infrastructure,6
_24700_,tier0,generated_control,infrastructure,4
_24701_,tier0,generated_datapath,infrastructure,6
_24702_,tier1,generated_control,infrastructure,5
_24703_,tier0,generated_control,infrastructure,4
_24704_,tier1,generated_datapath,infrastructure,5
_24705_,tier1,generated_control,infrastructure,5
_24706_,tier1,generated_datapath,infrastructure,5
_24707_,tier0,generated_control,infrastructure,5
_24708_,tier0,generated_control,infrastructure,5
_24709_,tier1,generated_datapath,infrastructure,6
_24710_,tier0,generated_control,infrastructure,4
_24711_,tier1,unclassified,infrastructure,6
_24712_,tier0,generated_control,infrastructure,4
_24713_,tier1,unclassified,infrastructure,6
_24714_,tier0,generated_control,infrastructure,4
_24715_,tier1,unclassified,infrastructure,6
_24716_,tier0,generated_control,infrastructure,4
_24717_,tier0,generated_control,infrastructure,5
_24718_,tier1,unclassified,infrastructure,6
_24719_,tier0,generated_control,infrastructure,4
_24720_,tier1,unclassified,infrastructure,6
_24721_,tier0,generated_control,infrastructure,4
_24722_,tier1,unclassified,infrastructure,6
_24723_,tier0,generated_control,infrastructure,4
_24724_,tier1,unclassified,infrastructure,6
_24725_,tier0,generated_control,infrastructure,4
_24726_,tier1,unclassified,infrastructure,6
_24727_,tier0,generated_control,infrastructure,4
_24728_,tier1,unclassified,infrastructure,6
_24729_,tier0,generated_control,infrastructure,4
_24730_,tier1,unclassified,infrastructure,6
_24731_,tier0,generated_control,infrastructure,4
_24732_,tier1,unclassified,infrastructure,6
_24733_,tier0,generated_control,infrastructure,4
_24734_,tier1,unclassified,infrastructure,6
_24735_,tier0,generated_control,infrastructure,4
_24736_,tier1,unclassified,infrastructure,6
_24737_,tier0,generated_control,infrastructure,4
_24738_,tier0,generated_control,infrastructure,5
_24739_,tier1,unclassified,infrastructure,6
_24740_,tier0,clock_reset,control,3
_24741_,tier0,generated_control,infrastructure,4
_24742_,tier1,unclassified,infrastructure,6
_24743_,tier0,generated_control,infrastructure,4
_24744_,tier1,generated_datapath,infrastructure,6
_24745_,tier1,unclassified,infrastructure,6
_24746_,tier0,generated_control,infrastructure,4
_24747_,tier1,unclassified,infrastructure,6
_24748_,tier0,generated_control,infrastructure,4
_24749_,tier0,generated_control,infrastructure,4
_24750_,tier1,unclassified,infrastructure,6
_24751_,tier0,generated_control,infrastructure,4
_24752_,tier1,unclassified,infrastructure,6
_24753_,tier0,generated_control,infrastructure,4
_24754_,tier1,unclassified,infrastructure,6
_24755_,tier0,generated_control,infrastructure,4
_24756_,tier1,unclassified,infrastructure,6
_24757_,tier0,generated_control,infrastructure,4
_24758_,tier1,unclassified,infrastructure,6
_24759_,tier0,generated_control,infrastructure,4
_24760_,tier1,unclassified,infrastructure,6
_24761_,tier0,generated_control,infrastructure,4
_24762_,tier1,unclassified,infrastructure,6
_24763_,tier0,generated_control,infrastructure,4
_24764_,tier1,unclassified,infrastructure,6
_24765_,tier0,generated_control,infrastructure,4
_24766_,tier1,unclassified,infrastructure,6
_24767_,tier0,generated_control,infrastructure,4
_24768_,tier1,unclassified,infrastructure,6
_24769_,tier1,generated_control,infrastructure,4
_24770_,tier1,unclassified,infrastructure,6
_24771_,tier0,generated_control,infrastructure,4
_24772_,tier1,unclassified,infrastructure,6
_24773_,tier1,generated_control,infrastructure,4
_24774_,tier1,unclassified,infrastructure,6
_24775_,tier0,generated_control,infrastructure,4
_24776_,tier1,unclassified,infrastructure,6
_24777_,tier0,generated_control,infrastructure,4
_24778_,tier1,generated_datapath,infrastructure,5
_24779_,tier0,generated_datapath,infrastructure,5
_24780_,tier0,unclassified,infrastructure,6
_24781_,tier0,generated_control,infrastructure,5
_24782_,tier0,generated_control,infrastructure,4
_24783_,tier0,generated_control,infrastructure,4
_24784_,tier0,generated_datapath,infrastructure,5
_24785_,tier0,generated_control,infrastructure,4
_24786_,tier0,unclassified,infrastructure,6
_24787_,tier0,multdiv,datapath,5
_24788_,tier0,unclassified,infrastructure,6
_24789_,tier0,generated_datapath,infrastructure,4
_24790_,tier0,generated_control,infrastructure,5
_24791_,tier0,generated_control,infrastructure,4
_24792_,tier0,pipeline_state,control,4
_24793_,tier0,pipeline_state,control,6
_24794_,tier0,generated_control,infrastructure,4
_24795_,tier1,generated_datapath,infrastructure,5
_24796_,tier0,generated_control,infrastructure,4
_24797_,tier1,generated_datapath,infrastructure,5
_24798_,tier1,generated_datapath,infrastructure,5
_24799_,tier0,generated_control,infrastructure,5
_24800_,tier0,generated_control,infrastructure,4
_24801_,tier0,generated_datapath,infrastructure,5
_24802_,tier0,generated_datapath,infrastructure,5
_24803_,tier0,generated_control,infrastructure,4
_24804_,tier1,generated_control,infrastructure,4
_24805_,tier1,generated_datapath,infrastructure,5
_24806_,tier1,generated_datapath,infrastructure,5
_24807_,tier1,generated_datapath,infrastructure,5
_24808_,tier1,generated_control,infrastructure,5
_24809_,tier1,generated_control,infrastructure,4
_24810_,tier1,generated_datapath,infrastructure,5
_24811_,tier1,generated_control,infrastructure,5
_24812_,tier1,unclassified,infrastructure,6
_24813_,tier1,generated_control,infrastructure,5
_24814_,tier1,generated_datapath,infrastructure,5
_24815_,tier1,generated_control,infrastructure,4
_24816_,tier1,unclassified,infrastructure,7
_24817_,tier1,generated_datapath,infrastructure,5
_24818_,tier1,generated_datapath,infrastructure,5
_24819_,tier1,generated_datapath,infrastructure,5
_24820_,tier0,generated_control,infrastructure,5
_24821_,tier1,generated_datapath,infrastructure,6
_24822_,tier1,generated_control,infrastructure,5
_24823_,tier1,generated_datapath,infrastructure,5
_24824_,tier0,generated_control,infrastructure,4
_24825_,tier0,generated_control,infrastructure,4
_24826_,tier0,generated_control,infrastructure,4
_24827_,tier0,generated_control,infrastructure,4
_24828_,tier0,generated_control,infrastructure,4
_24829_,tier0,generated_control,infrastructure,4
_24830_,tier0,generated_control,infrastructure,4
_24831_,tier0,generated_control,infrastructure,4
_24832_,tier0,generated_control,infrastructure,4
_24833_,tier0,generated_control,infrastructure,5
_24834_,tier0,generated_control,infrastructure,5
_24835_,tier0,generated_control,infrastructure,5
_24836_,tier0,generated_datapath,infrastructure,6
_24837_,tier0,generated_control,infrastructure,4
_24838_,tier0,generated_control,infrastructure,4
_24839_,tier0,generated_datapath,infrastructure,6
_24840_,tier0,generated_control,infrastructure,4
_24841_,tier0,generated_control,infrastructure,4
_24842_,tier0,generated_control,infrastructure,5
_24843_,tier0,generated_datapath,infrastructure,4
_24844_,tier1,generated_datapath,infrastructure,8
_24845_,tier0,generated_control,infrastructure,5
_24846_,tier0,generated_control,infrastructure,5
_24847_,tier0,generated_datapath,infrastructure,6
_24848_,tier0,generated_control,infrastructure,4
_24849_,tier0,generated_control,infrastructure,4
_24850_,tier0,generated_datapath,infrastructure,7
_24851_,tier0,generated_datapath,infrastructure,5
_24852_,tier0,generated_control,infrastructure,5
_24853_,tier0,generated_control,infrastructure,4
_24854_,tier0,generated_datapath,infrastructure,5
_24855_,tier1,generated_control,infrastructure,4
_24856_,tier0,generated_datapath,infrastructure,8
_24857_,tier1,generated_datapath,infrastructure,5
_24858_,tier0,generated_control,infrastructure,4
_24859_,tier1,generated_datapath,infrastructure,6
_24860_,tier1,generated_datapath,infrastructure,5
_24861_,tier0,generated_control,infrastructure,4
_24862_,tier0,generated_control,infrastructure,4
_24863_,tier0,csr,control,5
_24864_,tier0,generated_datapath,infrastructure,5
_24865_,tier0,generated_datapath,infrastructure,6
_24866_,tier1,generated_datapath,infrastructure,5
_24867_,tier0,generated_datapath,infrastructure,6
_24868_,tier0,generated_control,infrastructure,4
_24869_,tier0,generated_control,infrastructure,5
_24870_,tier0,generated_control,infrastructure,5
_24871_,tier0,generated_datapath,infrastructure,6
_24872_,tier1,load_store,datapath,5
_24873_,tier0,generated_control,infrastructure,4
_24874_,tier1,unclassified,infrastructure,6
_24875_,tier1,generated_control,infrastructure,5
_24876_,tier1,load_store,datapath,6
_24877_,tier1,generated_datapath,infrastructure,6
_24878_,tier1,load_store,datapath,5
_24879_,tier1,generated_control,infrastructure,4
_24880_,tier0,generated_control,infrastructure,4
_24881_,tier0,csr,control,6
_24882_,tier0,csr,control,5
_24883_,tier0,generated_control,infrastructure,4
_24884_,tier1,generated_control,infrastructure,5
_24885_,tier0,generated_datapath,infrastructure,5
_24886_,tier0,generated_control,infrastructure,4
_24887_,tier0,csr,control,5
_24888_,tier0,csr,control,4
_24889_,tier0,generated_datapath,infrastructure,5
_24890_,tier0,generated_control,infrastructure,4
_24891_,tier0,load_store,datapath,5
_24892_,tier0,load_store,datapath,4
_24893_,tier0,unclassified,infrastructure,7
_24894_,tier0,generated_control,infrastructure,5
_24895_,tier0,generated_control,infrastructure,5
_24896_,tier0,generated_control,infrastructure,5
_24897_,tier0,trap_debug,control,4
_24898_,tier0,generated_datapath,infrastructure,5
_24899_,tier0,generated_datapath,infrastructure,6
_24900_,tier1,generated_datapath,infrastructure,5
_24901_,tier1,generated_control,infrastructure,5
_24902_,tier0,generated_control,infrastructure,4
_24903_,tier1,load_store,datapath,4
_24904_,tier1,load_store,datapath,5
_24905_,tier1,load_store,datapath,6
_24906_,tier1,generated_datapath,infrastructure,5
_24907_,tier1,load_store,datapath,5
_24908_,tier1,generated_datapath,infrastructure,5
_24909_,tier1,generated_control,infrastructure,4
_24910_,tier1,load_store,datapath,4
_24911_,tier1,generated_control,infrastructure,4
_24912_,tier1,generated_datapath,infrastructure,5
_24913_,tier1,generated_datapath,infrastructure,5
_24914_,tier1,unclassified,infrastructure,6
_24915_,tier1,load_store,datapath,5
_24916_,tier1,load_store,datapath,6
_24917_,tier0,generated_control,infrastructure,4
_24918_,tier0,generated_control,infrastructure,5
_24919_,tier1,generated_datapath,infrastructure,5
_24920_,tier0,generated_control,infrastructure,5
_24921_,tier0,generated_control,infrastructure,4
_24922_,tier1,generated_datapath,infrastructure,5
_24923_,tier0,generated_control,infrastructure,5
_24924_,tier1,generated_datapath,infrastructure,6
_24925_,tier0,generated_control,infrastructure,4
_24926_,tier0,generated_datapath,infrastructure,5
_24927_,tier1,generated_control,infrastructure,4
_24928_,tier1,generated_datapath,infrastructure,5
_24929_,tier0,generated_control,infrastructure,5
_24930_,tier0,generated_control,infrastructure,5
_24931_,tier1,generated_control,infrastructure,4
_24932_,tier1,generated_datapath,infrastructure,5
_24933_,tier0,clock_reset,control,3
_24934_,tier0,generated_control,infrastructure,8
_24935_,tier0,generated_control,infrastructure,5
_24936_,tier0,generated_control,infrastructure,4
_24937_,tier0,generated_datapath,infrastructure,5
_24938_,tier1,generated_control,infrastructure,4
_24939_,tier1,generated_datapath,infrastructure,5
_24940_,tier0,clock_reset,control,3
_24941_,tier0,generated_control,infrastructure,8
_24942_,tier0,generated_control,infrastructure,5
_24943_,tier0,clock_reset,control,3
_24944_,tier0,generated_control,infrastructure,8
_24945_,tier0,generated_control,infrastructure,5
_24946_,tier0,generated_control,infrastructure,5
_24947_,tier0,clock_reset,control,3
_24948_,tier0,generated_control,infrastructure,5
_24949_,tier0,generated_control,infrastructure,4
_24950_,tier0,generated_control,infrastructure,5
_24951_,tier1,generated_control,infrastructure,4
_24952_,tier1,generated_control,infrastructure,4
_24953_,tier0,generated_control,infrastructure,5
_24954_,tier1,generated_control,infrastructure,5
_24955_,tier1,generated_control,infrastructure,4
_24956_,tier0,generated_control,infrastructure,5
_24957_,tier1,generated_datapath,infrastructure,5
_24958_,tier0,clock_reset,control,3
_24959_,tier0,generated_control,infrastructure,8
_24960_,tier0,generated_control,infrastructure,5
_24961_,tier1,generated_control,infrastructure,5
_24962_,tier0,clock_reset,control,3
_24963_,tier0,generated_control,infrastructure,8
_24964_,tier0,clock_reset,control,3
_24965_,tier0,generated_control,infrastructure,8
_24966_,tier0,generated_control,infrastructure,4
_24967_,tier0,generated_control,infrastructure,4
_24968_,tier0,generated_datapath,infrastructure,5
_24969_,tier0,generated_control,infrastructure,5
_24970_,tier1,generated_datapath,infrastructure,5
_24971_,tier1,generated_control,infrastructure,4
_24972_,tier0,generated_control,infrastructure,4
_24973_,tier0,generated_datapath,infrastructure,5
_24974_,tier1,generated_datapath,infrastructure,5
_24975_,tier0,generated_control,infrastructure,4
_24976_,tier0,generated_control,infrastructure,4
_24977_,tier0,generated_datapath,infrastructure,5
_24978_,tier0,generated_datapath,infrastructure,5
_24979_,tier0,generated_datapath,infrastructure,6
_24980_,tier0,generated_control,infrastructure,5
_24981_,tier1,generated_control,infrastructure,4
_24982_,tier1,generated_datapath,infrastructure,5
_24983_,tier0,clock_reset,control,3
_24984_,tier0,generated_control,infrastructure,8
_24985_,tier0,generated_control,infrastructure,4
_24986_,tier0,generated_control,infrastructure,4
_24987_,tier0,generated_datapath,infrastructure,5
_24988_,tier1,generated_datapath,infrastructure,5
_24989_,tier0,clock_reset,control,3
_24990_,tier0,generated_control,infrastructure,8
_24991_,tier0,clock_reset,control,3
_24992_,tier0,generated_control,infrastructure,8
_24993_,tier0,generated_control,infrastructure,5
_24994_,tier1,generated_control,infrastructure,4
_24995_,tier1,generated_datapath,infrastructure,5
_24996_,tier1,generated_control,infrastructure,5
_24997_,tier1,generated_control,infrastructure,5
_24998_,tier1,generated_control,infrastructure,4
_24999_,tier1,generated_datapath,infrastructure,5
_25000_,tier0,clock_reset,control,3
_25001_,tier0,generated_control,infrastructure,8
_25002_,tier1,generated_control,infrastructure,5
_25003_,tier0,generated_control,infrastructure,5
_25004_,tier0,clock_reset,control,3
_25005_,tier0,generated_control,infrastructure,8
_25006_,tier0,clock_reset,control,3
_25007_,tier0,generated_control,infrastructure,8
_25008_,tier0,clock_reset,control,3
_25009_,tier0,generated_control,infrastructure,5
_25010_,tier0,generated_datapath,infrastructure,6
_25011_,tier0,generated_control,infrastructure,4
_25012_,tier0,clock_reset,control,3
_25013_,tier1,generated_datapath,infrastructure,5
_25014_,tier0,generated_datapath,infrastructure,5
_25015_,tier1,generated_datapath,infrastructure,5
_25016_,tier0,generated_control,infrastructure,4
_25017_,tier1,generated_control,infrastructure,5
_25018_,tier0,generated_control,infrastructure,4
_25019_,tier0,generated_control,infrastructure,5
_25020_,tier0,clock_reset,control,3
_25021_,tier0,generated_control,infrastructure,5
_25022_,tier1,generated_datapath,infrastructure,6
_25023_,tier0,generated_control,infrastructure,5
_25024_,tier0,generated_datapath,infrastructure,6
_25025_,tier1,generated_datapath,infrastructure,5
_25026_,tier0,generated_control,infrastructure,4
_25027_,tier0,generated_control,infrastructure,5
_25028_,tier0,generated_control,infrastructure,4
_25029_,tier0,generated_control,infrastructure,5
_25030_,tier0,generated_control,infrastructure,5
_25031_,tier0,generated_control,infrastructure,5
_25032_,tier1,generated_datapath,infrastructure,6
_25033_,tier1,generated_datapath,infrastructure,5
_25034_,tier1,generated_control,infrastructure,5
_25035_,tier0,generated_control,infrastructure,5
_25036_,tier0,generated_control,infrastructure,4
_25037_,tier0,clock_reset,control,3
_25038_,tier0,generated_control,infrastructure,5
_25039_,tier0,generated_control,infrastructure,5
_25040_,tier0,generated_control,infrastructure,5
_25041_,tier1,generated_datapath,infrastructure,6
_25042_,tier1,generated_datapath,infrastructure,5
_25043_,tier1,generated_control,infrastructure,5
_25044_,tier0,generated_control,infrastructure,5
_25045_,tier0,generated_control,infrastructure,5
_25046_,tier1,generated_datapath,infrastructure,6
_25047_,tier0,generated_control,infrastructure,5
_25048_,tier0,generated_control,infrastructure,5
_25049_,tier0,generated_datapath,infrastructure,6
_25050_,tier0,generated_control,infrastructure,5
_25051_,tier0,generated_control,infrastructure,5
_25052_,tier0,generated_control,infrastructure,4
_25053_,tier1,generated_datapath,infrastructure,5
_25054_,tier1,generated_datapath,infrastructure,5
_25055_,tier1,generated_datapath,infrastructure,5
_25056_,tier0,generated_control,infrastructure,4
_25057_,tier1,unclassified,infrastructure,6
_25058_,tier1,generated_control,infrastructure,4
_25059_,tier0,generated_control,infrastructure,8
_25060_,tier0,generated_control,infrastructure,8
_25061_,tier0,generated_control,infrastructure,5
_25062_,tier0,generated_control,infrastructure,8
_25063_,tier0,generated_control,infrastructure,8
_25064_,tier0,generated_control,infrastructure,5
_25065_,tier0,generated_control,infrastructure,8
_25066_,tier0,generated_control,infrastructure,8
_25067_,tier0,generated_control,infrastructure,5
_25068_,tier0,generated_control,infrastructure,8
_25069_,tier0,generated_control,infrastructure,4
_25070_,tier0,generated_control,infrastructure,5
_25071_,tier0,generated_datapath,infrastructure,7
_25072_,tier0,generated_datapath,infrastructure,6
_25073_,tier0,unclassified,infrastructure,7
_25074_,tier0,generated_control,infrastructure,4
_25075_,tier0,clock_reset,control,3
_25076_,tier1,generated_control,infrastructure,5
_25077_,tier1,generated_datapath,infrastructure,5
_25078_,tier0,generated_control,infrastructure,4
_25079_,tier0,generated_control,infrastructure,5
_25080_,tier0,generated_control,infrastructure,4
_25081_,tier0,generated_control,infrastructure,8
_25082_,tier0,generated_control,infrastructure,8
_25083_,tier0,generated_control,infrastructure,8
_25084_,tier0,generated_control,infrastructure,8
_25085_,tier0,generated_control,infrastructure,8
_25086_,tier0,generated_control,infrastructure,8
_277_,tier1,generated_datapath,infrastructure,4
_278_,tier0,generated_control,infrastructure,4
_279_,tier0,clock_reset,control,3
_280_,tier0,generated_datapath,infrastructure,4
_281_,tier0,generated_control,infrastructure,4
_282_,tier0,generated_datapath,infrastructure,5
_283_,tier0,generated_datapath,infrastructure,5
_284_,tier0,generated_control,infrastructure,4
_285_,tier0,generated_datapath,infrastructure,5
_286_,tier0,generated_control,infrastructure,4
_287_,tier0,generated_datapath,infrastructure,5
_288_,tier1,generated_datapath,infrastructure,4
_289_,tier0,generated_control,infrastructure,4
_290_,tier0,clock_reset,control,3
_291_,tier0,generated_datapath,infrastructure,4
_292_,tier0,generated_control,infrastructure,4
_293_,tier0,generated_datapath,infrastructure,5
_294_,tier1,generated_datapath,infrastructure,5
_295_,tier0,generated_control,infrastructure,4
_296_,tier1,generated_datapath,infrastructure,5
_297_,tier0,generated_control,infrastructure,4
_298_,tier0,generated_datapath,infrastructure,5
_299_,tier1,generated_datapath,infrastructure,4
_300_,tier0,generated_control,infrastructure,4
_301_,tier0,clock_reset,control,3
_302_,tier0,generated_datapath,infrastructure,4
_303_,tier0,generated_control,infrastructure,4
_304_,tier0,generated_datapath,infrastructure,5
_305_,tier1,generated_datapath,infrastructure,5
_306_,tier0,generated_control,infrastructure,4
_307_,tier1,generated_datapath,infrastructure,5
_308_,tier0,generated_control,infrastructure,4
_309_,tier0,generated_datapath,infrastructure,5
_310_,tier1,generated_datapath,infrastructure,4
_311_,tier0,generated_control,infrastructure,4
_312_,tier0,clock_reset,control,3
_313_,tier0,generated_datapath,infrastructure,4
_314_,tier0,generated_control,infrastructure,4
_315_,tier0,generated_datapath,infrastructure,5
_316_,tier1,generated_datapath,infrastructure,5
_317_,tier0,generated_control,infrastructure,4
_318_,tier0,generated_datapath,infrastructure,5
_319_,tier0,generated_control,infrastructure,4
_320_,tier0,generated_datapath,infrastructure,5
_321_,tier1,generated_datapath,infrastructure,4
_322_,tier0,generated_control,infrastructure,4
_323_,tier0,clock_reset,control,3
_324_,tier0,generated_datapath,infrastructure,4
_325_,tier0,generated_control,infrastructure,4
_326_,tier0,generated_datapath,infrastructure,5
_327_,tier1,generated_datapath,infrastructure,5
_328_,tier0,generated_control,infrastructure,4
_329_,tier1,generated_datapath,infrastructure,5
_330_,tier0,generated_control,infrastructure,4
_331_,tier1,generated_datapath,infrastructure,5
_332_,tier1,clock_reset,control,3
_333_,tier1,generated_datapath,infrastructure,4
_334_,tier0,generated_control,infrastructure,4
_335_,tier0,clock_reset,control,3
_336_,tier0,generated_datapath,infrastructure,4
_337_,tier0,generated_control,infrastructure,4
_338_,tier0,generated_datapath,infrastructure,5
_339_,tier1,generated_datapath,infrastructure,5
_340_,tier0,generated_control,infrastructure,4
_341_,tier1,generated_datapath,infrastructure,5
_342_,tier0,generated_control,infrastructure,4
_343_,tier0,generated_datapath,infrastructure,5
_344_,tier1,generated_datapath,infrastructure,4
_345_,tier0,generated_control,infrastructure,4
_346_,tier0,clock_reset,control,3
_347_,tier0,generated_datapath,infrastructure,4
_348_,tier0,generated_control,infrastructure,4
_349_,tier0,generated_datapath,infrastructure,5
_350_,tier0,generated_datapath,infrastructure,5
_351_,tier0,generated_control,infrastructure,4
_352_,tier0,generated_datapath,infrastructure,5
_353_,tier0,generated_control,infrastructure,6
_354_,tier0,generated_datapath,infrastructure,5
_355_,tier1,generated_datapath,infrastructure,4
_356_,tier0,generated_control,infrastructure,4
_357_,tier0,clock_reset,control,3
_358_,tier0,generated_datapath,infrastructure,4
_359_,tier0,generated_control,infrastructure,4
_360_,tier0,generated_datapath,infrastructure,5
_361_,tier0,generated_datapath,infrastructure,5
_362_,tier0,generated_control,infrastructure,4
_363_,tier0,generated_datapath,infrastructure,5
_364_,tier0,generated_control,infrastructure,4
_365_,tier0,generated_datapath,infrastructure,5
_366_,tier0,clock_reset,control,3
_367_,tier1,generated_datapath,infrastructure,4
_368_,tier0,generated_control,infrastructure,4
_369_,tier0,clock_reset,control,3
_370_,tier0,generated_datapath,infrastructure,4
_371_,tier0,generated_control,infrastructure,4
_372_,tier0,generated_datapath,infrastructure,5
_373_,tier1,generated_datapath,infrastructure,5
_374_,tier0,generated_control,infrastructure,4
_375_,tier1,generated_datapath,infrastructure,5
_376_,tier0,generated_control,infrastructure,4
_377_,tier1,generated_datapath,infrastructure,4
_378_,tier0,generated_datapath,infrastructure,5
_379_,tier1,generated_datapath,infrastructure,4
_380_,tier0,generated_control,infrastructure,4
_381_,tier0,clock_reset,control,3
_382_,tier0,generated_datapath,infrastructure,4
_383_,tier0,generated_control,infrastructure,4
_384_,tier0,generated_datapath,infrastructure,5
_385_,tier1,generated_datapath,infrastructure,5
_386_,tier0,generated_control,infrastructure,4
_387_,tier1,generated_datapath,infrastructure,5
_388_,tier0,generated_control,infrastructure,4
_389_,tier0,generated_datapath,infrastructure,5
_390_,tier1,generated_datapath,infrastructure,4
_391_,tier0,generated_control,infrastructure,4
_392_,tier0,clock_reset,control,3
_393_,tier0,generated_datapath,infrastructure,4
_394_,tier0,generated_control,infrastructure,4
_395_,tier1,generated_datapath,infrastructure,5
_396_,tier0,generated_datapath,infrastructure,5
_397_,tier0,generated_control,infrastructure,4
_398_,tier0,generated_datapath,infrastructure,4
_399_,tier0,generated_control,infrastructure,4
_400_,tier0,generated_control,infrastructure,4
_401_,tier0,generated_datapath,infrastructure,6
_402_,tier1,generated_datapath,infrastructure,4
_403_,tier0,generated_control,infrastructure,4
_404_,tier0,generated_datapath,infrastructure,5
_405_,tier0,clock_reset,control,3
_406_,tier0,generated_datapath,infrastructure,4
_407_,tier0,generated_control,infrastructure,4
_408_,tier1,clock_reset,control,3
_409_,tier0,generated_datapath,infrastructure,5
_410_,tier0,generated_datapath,infrastructure,5
_411_,tier0,generated_control,infrastructure,4
_412_,tier0,generated_datapath,infrastructure,5
_413_,tier0,generated_control,infrastructure,4
_414_,tier0,generated_datapath,infrastructure,5
_415_,tier1,generated_datapath,infrastructure,4
_416_,tier0,generated_control,infrastructure,4
_417_,tier0,clock_reset,control,3
_418_,tier0,generated_datapath,infrastructure,4
_419_,tier0,generated_datapath,infrastructure,5
_420_,tier0,generated_control,infrastructure,4
_421_,tier0,generated_control,infrastructure,4
_422_,tier1,generated_control,infrastructure,4
_423_,tier1,generated_datapath,infrastructure,6
_424_,tier1,unclassified,infrastructure,6
_425_,tier1,generated_datapath,infrastructure,4
_426_,tier1,generated_datapath,infrastructure,4
_427_,tier0,generated_control,infrastructure,4
_428_,tier0,clock_reset,control,3
_429_,tier0,generated_datapath,infrastructure,4
_430_,tier0,generated_control,infrastructure,4
_431_,tier0,generated_control,infrastructure,4
_432_,tier0,generated_control,infrastructure,4
_433_,tier0,generated_control,infrastructure,4
_434_,tier0,generated_control,infrastructure,4
_435_,tier1,generated_datapath,infrastructure,5
_436_,tier1,generated_datapath,infrastructure,5
_437_,tier1,generated_datapath,infrastructure,5
_438_,tier1,generated_datapath,infrastructure,5
_439_,tier1,generated_datapath,infrastructure,5
_440_,tier1,generated_datapath,infrastructure,4
_441_,tier0,generated_control,infrastructure,4
_442_,tier0,clock_reset,control,3
_443_,tier0,generated_datapath,infrastructure,4
_444_,tier0,generated_control,infrastructure,4
_445_,tier0,generated_control,infrastructure,5
_446_,tier0,generated_control,infrastructure,4
_447_,tier0,generated_datapath,infrastructure,5
_448_,tier0,generated_datapath,infrastructure,6
_449_,tier0,generated_control,infrastructure,5
_450_,tier0,clock_reset,control,3
_451_,tier0,unclassified,infrastructure,7
_452_,tier0,generated_datapath,infrastructure,5
_453_,tier0,unclassified,infrastructure,6
_454_,tier1,generated_datapath,infrastructure,4
_455_,tier0,clock_reset,control,3
_456_,tier0,generated_datapath,infrastructure,4
_457_,tier0,generated_control,infrastructure,4
_458_,tier1,generated_datapath,infrastructure,5
_459_,tier0,generated_datapath,infrastructure,5
_460_,tier0,generated_control,infrastructure,4
_461_,tier0,generated_control,infrastructure,5
_462_,tier1,generated_datapath,infrastructure,5
_463_,tier0,generated_control,infrastructure,6
_464_,tier0,generated_datapath,infrastructure,6
_465_,tier0,generated_datapath,infrastructure,4
_466_,tier1,generated_datapath,infrastructure,4
_467_,tier0,generated_datapath,infrastructure,4
_468_,tier0,generated_datapath,infrastructure,4
_469_,tier1,generated_datapath,infrastructure,4
_470_,tier1,generated_datapath,infrastructure,4
_471_,tier1,generated_datapath,infrastructure,4
_472_,tier0,generated_datapath,infrastructure,4
_473_,tier0,generated_control,infrastructure,4
_474_,tier0,generated_datapath,infrastructure,4
_475_,tier0,generated_datapath,infrastructure,4
_476_,tier0,generated_datapath,infrastructure,4
_477_,tier0,generated_datapath,infrastructure,4
_478_,tier0,generated_datapath,infrastructure,4
_479_,tier0,generated_datapath,infrastructure,4
_480_,tier0,generated_datapath,infrastructure,4
_481_,tier0,generated_datapath,infrastructure,4
_482_,tier0,clock_reset,control,3
_483_,tier0,generated_datapath,infrastructure,5
_484_,tier0,generated_datapath,infrastructure,4
_485_,tier1,generated_datapath,infrastructure,4
_486_,tier0,generated_control,infrastructure,4
_487_,tier0,generated_datapath,infrastructure,4
_488_,tier1,generated_control,infrastructure,4
_489_,tier0,generated_datapath,infrastructure,4
_490_,tier0,generated_datapath,infrastructure,4
_491_,tier0,generated_datapath,infrastructure,4
_492_,tier0,generated_datapath,infrastructure,4
_493_,tier0,generated_control,infrastructure,5
_494_,tier0,generated_datapath,infrastructure,4
_495_,tier1,generated_datapath,infrastructure,4
_496_,tier0,generated_datapath,infrastructure,4
_497_,tier0,generated_datapath,infrastructure,4
_498_,tier0,generated_datapath,infrastructure,4
_499_,tier1,generated_datapath,infrastructure,6
_500_,tier0,generated_datapath,infrastructure,4
_501_,tier0,generated_datapath,infrastructure,4
_502_,tier0,generated_datapath,infrastructure,4
_503_,tier0,generated_datapath,infrastructure,4
_504_,tier0,generated_datapath,infrastructure,4
_505_,tier0,generated_datapath,infrastructure,4
_506_,tier0,generated_datapath,infrastructure,4
_507_,tier1,generated_datapath,infrastructure,4
_508_,tier0,generated_control,infrastructure,4
_509_,tier0,clock_reset,control,3
_510_,tier0,generated_datapath,infrastructure,5
_511_,tier0,generated_control,infrastructure,4
_512_,tier0,generated_datapath,infrastructure,5
_513_,tier1,generated_datapath,infrastructure,5
_514_,tier1,clock_reset,control,3
_515_,tier1,generated_datapath,infrastructure,4
_516_,tier0,generated_control,infrastructure,4
_517_,tier0,clock_reset,control,3
_518_,tier0,generated_datapath,infrastructure,5
_519_,tier0,generated_datapath,infrastructure,5
_520_,tier0,generated_control,infrastructure,4
_521_,tier0,generated_control,infrastructure,4
_522_,tier0,generated_datapath,infrastructure,5
_523_,tier1,clock_reset,control,3
_524_,tier1,generated_datapath,infrastructure,6
_525_,tier1,generated_datapath,infrastructure,4
_526_,tier0,generated_control,infrastructure,4
_527_,tier0,clock_reset,control,3
_528_,tier0,generated_datapath,infrastructure,4
_529_,tier0,generated_control,infrastructure,4
_530_,tier1,generated_control,infrastructure,5
_531_,tier0,generated_datapath,infrastructure,5
_532_,tier1,generated_datapath,infrastructure,7
_533_,tier0,clock_reset,control,3
_534_,tier1,generated_datapath,infrastructure,4
_535_,tier0,generated_control,infrastructure,4
_536_,tier0,clock_reset,control,3
_537_,tier0,generated_datapath,infrastructure,4
_538_,tier0,generated_control,infrastructure,4
_539_,tier0,generated_control,infrastructure,5
_540_,tier0,generated_datapath,infrastructure,5
_541_,tier0,generated_datapath,infrastructure,7
_542_,tier0,clock_reset,control,3
_543_,tier1,generated_datapath,infrastructure,4
_544_,tier0,generated_control,infrastructure,4
_545_,tier0,clock_reset,control,3
_546_,tier0,generated_datapath,infrastructure,4
_547_,tier0,generated_control,infrastructure,4
_548_,tier0,generated_datapath,infrastructure,5
_549_,tier0,generated_datapath,infrastructure,5
_550_,tier0,generated_control,infrastructure,4
_551_,tier1,generated_datapath,infrastructure,5
_552_,tier1,generated_datapath,infrastructure,4
_553_,tier0,generated_control,infrastructure,4
_554_,tier0,clock_reset,control,3
_555_,tier0,generated_datapath,infrastructure,4
_556_,tier0,generated_control,infrastructure,4
_557_,tier0,generated_datapath,infrastructure,5
_558_,tier0,generated_datapath,infrastructure,5
_559_,tier0,generated_control,infrastructure,4
_560_,tier0,clock_reset,control,3
_561_,tier1,generated_datapath,infrastructure,5
_562_,tier1,generated_datapath,infrastructure,4
_563_,tier0,generated_control,infrastructure,4
_564_,tier0,clock_reset,control,3
_565_,tier0,generated_datapath,infrastructure,4
_566_,tier0,generated_control,infrastructure,4
_567_,tier0,generated_datapath,infrastructure,5
_568_,tier0,generated_datapath,infrastructure,5
_569_,tier0,generated_control,infrastructure,4
_570_,tier0,generated_datapath,infrastructure,5
_571_,tier1,generated_datapath,infrastructure,4
_572_,tier0,generated_control,infrastructure,4
_573_,tier0,clock_reset,control,3
_574_,tier0,generated_datapath,infrastructure,4
_575_,tier0,generated_control,infrastructure,4
_576_,tier0,generated_datapath,infrastructure,5
_577_,tier0,generated_datapath,infrastructure,5
_578_,tier0,generated_control,infrastructure,4
_579_,tier0,generated_datapath,infrastructure,5
_580_,tier1,generated_datapath,infrastructure,4
_581_,tier0,generated_control,infrastructure,4
_582_,tier0,clock_reset,control,3
_583_,tier0,generated_datapath,infrastructure,4
_584_,tier0,generated_control,infrastructure,4
_585_,tier0,generated_control,infrastructure,4
_586_,tier0,generated_control,infrastructure,6
_587_,tier0,generated_datapath,infrastructure,5
_588_,tier0,generated_datapath,infrastructure,5
_589_,tier1,generated_datapath,infrastructure,7
_590_,tier1,generated_datapath,infrastructure,4
_591_,tier0,generated_control,infrastructure,4
_592_,tier0,clock_reset,control,3
_593_,tier0,generated_datapath,infrastructure,4
_594_,tier0,generated_control,infrastructure,4
_595_,tier0,generated_datapath,infrastructure,5
_596_,tier0,generated_datapath,infrastructure,5
_597_,tier0,generated_control,infrastructure,4
_598_,tier0,generated_control,infrastructure,6
_599_,tier1,generated_datapath,infrastructure,7
_600_,tier1,generated_datapath,infrastructure,4
_601_,tier0,generated_control,infrastructure,4
_602_,tier0,clock_reset,control,3
_603_,tier0,clock_reset,control,3
_604_,tier0,generated_datapath,infrastructure,4
_605_,tier0,generated_control,infrastructure,4
_606_,tier0,generated_control,infrastructure,4
_607_,tier0,generated_control,infrastructure,6
_608_,tier0,generated_datapath,infrastructure,5
_609_,tier0,generated_datapath,infrastructure,5
_610_,tier0,generated_datapath,infrastructure,7
_611_,tier1,generated_datapath,infrastructure,4
_612_,tier0,generated_control,infrastructure,4
_613_,tier0,clock_reset,control,3
_614_,tier0,generated_datapath,infrastructure,4
_615_,tier0,generated_control,infrastructure,4
_616_,tier0,generated_control,infrastructure,4
_617_,tier0,generated_control,infrastructure,6
_618_,tier0,generated_datapath,infrastructure,5
_619_,tier0,generated_datapath,infrastructure,5
_620_,tier0,generated_datapath,infrastructure,7
_621_,tier1,generated_datapath,infrastructure,4
_622_,tier0,generated_control,infrastructure,4
_623_,tier0,clock_reset,control,3
_624_,tier0,generated_datapath,infrastructure,4
_625_,tier0,generated_control,infrastructure,4
_626_,tier0,generated_control,infrastructure,4
_627_,tier0,generated_control,infrastructure,4
_628_,tier0,generated_datapath,infrastructure,5
_629_,tier1,generated_datapath,infrastructure,5
_630_,tier1,generated_datapath,infrastructure,5
_631_,tier1,generated_datapath,infrastructure,5
_632_,tier0,clock_reset,control,3
_633_,tier1,generated_datapath,infrastructure,4
_634_,tier0,generated_control,infrastructure,4
_635_,tier0,clock_reset,control,3
_636_,tier0,generated_datapath,infrastructure,4
_637_,tier0,generated_control,infrastructure,4
_638_,tier0,generated_datapath,infrastructure,5
_639_,tier1,generated_datapath,infrastructure,5
_640_,tier0,generated_control,infrastructure,4
_641_,tier1,generated_datapath,infrastructure,5
_642_,tier0,generated_control,infrastructure,4
_643_,tier0,generated_datapath,infrastructure,5
_644_,tier0,clock_reset,control,3
_645_,tier1,generated_datapath,infrastructure,4
_646_,tier0,generated_control,infrastructure,4
_647_,tier0,clock_reset,control,3
_648_,tier0,generated_datapath,infrastructure,4
_649_,tier0,generated_control,infrastructure,4
_650_,tier0,generated_datapath,infrastructure,5
_651_,tier1,generated_datapath,infrastructure,5
_652_,tier0,generated_control,infrastructure,4
_653_,tier0,generated_datapath,infrastructure,5
_654_,tier0,generated_control,infrastructure,4
_655_,tier0,generated_datapath,infrastructure,5
alu_adder_result_ex\ALU_33_0_33_0_33_unused_CO_X_Y[0]_HAN_CARLSON,tier1,execute_alu,datapath,5
alu_adder_result_ex\ALU_33_0_33_0_33_unused_CO_X_Y[0]_HAN_CARLSON_13,tier1,execute_alu,datapath,2
alu_adder_result_ex\ALU_33_0_33_0_33_unused_CO_X_Y[0]_HAN_CARLSON_14,tier1,execute_alu,datapath,2
alu_adder_result_ex\ALU_33_0_33_0_33_unused_CO_X_Y[0]_HAN_CARLSON_16,tier1,execute_alu,datapath,2
clkbuf_0__05563_,tier0,clock_reset,control,3
clkbuf_0_clk_i,tier0,clock_reset,control,3
clkbuf_0_clk_i_regs,tier0,clock_reset,control,3
clkbuf_1_0__f_clk_i,tier0,clock_reset,control,3
clkbuf_3_0_0__05563_,tier0,clock_reset,control,3
clkbuf_3_0__f_clk_i_regs,tier0,clock_reset,control,3
clkbuf_3_1_0__05563_,tier0,clock_reset,control,3
clkbuf_3_1__f_clk_i_regs,tier0,clock_reset,control,3
clkbuf_3_2_0__05563_,tier0,clock_reset,control,3
clkbuf_3_2__f_clk_i_regs,tier0,clock_reset,control,3
clkbuf_3_3_0__05563_,tier0,clock_reset,control,3
clkbuf_3_3__f_clk_i_regs,tier0,clock_reset,control,3
clkbuf_3_4_0__05563_,tier0,clock_reset,control,3
clkbuf_3_4__f_clk_i_regs,tier0,clock_reset,control,3
clkbuf_3_5_0__05563_,tier0,clock_reset,control,3
clkbuf_3_5__f_clk_i_regs,tier0,clock_reset,control,3
clkbuf_3_6_0__05563_,tier0,clock_reset,control,3
clkbuf_3_6__f_clk_i_regs,tier0,clock_reset,control,3
clkbuf_3_7_0__05563_,tier0,clock_reset,control,3
clkbuf_3_7__f_clk_i_regs,tier0,clock_reset,control,3
clkbuf_leaf_0__05563_,tier1,clock_reset,control,3
clkbuf_leaf_0_clk_i_regs,tier0,clock_reset,control,3
clkbuf_leaf_10__05563_,tier0,clock_reset,control,3
clkbuf_leaf_10_clk_i_regs,tier1,clock_reset,control,3
clkbuf_leaf_11__05563_,tier0,clock_reset,control,3
clkbuf_leaf_11_clk_i_regs,tier0,clock_reset,control,3
clkbuf_leaf_12__05563_,tier0,clock_reset,control,3
clkbuf_leaf_12_clk_i_regs,tier0,clock_reset,control,3
clkbuf_leaf_13__05563_,tier0,clock_reset,control,3
clkbuf_leaf_13_clk_i_regs,tier0,clock_reset,control,3
clkbuf_leaf_14__05563_,tier0,clock_reset,control,3
clkbuf_leaf_14_clk_i_regs,tier0,clock_reset,control,3
clkbuf_leaf_15__05563_,tier1,clock_reset,control,3
clkbuf_leaf_15_clk_i_regs,tier0,clock_reset,control,3
clkbuf_leaf_16__05563_,tier1,clock_reset,control,3
clkbuf_leaf_16_clk_i_regs,tier0,clock_reset,control,3
clkbuf_leaf_17__05563_,tier0,clock_reset,control,3
clkbuf_leaf_17_clk_i_regs,tier0,clock_reset,control,3
clkbuf_leaf_18__05563_,tier0,clock_reset,control,3
clkbuf_leaf_18_clk_i_regs,tier0,clock_reset,control,3
clkbuf_leaf_19__05563_,tier0,clock_reset,control,3
clkbuf_leaf_19_clk_i_regs,tier0,clock_reset,control,3
clkbuf_leaf_1__05563_,tier0,clock_reset,control,3
clkbuf_leaf_1_clk_i_regs,tier0,clock_reset,control,3
clkbuf_leaf_20__05563_,tier0,clock_reset,control,3
clkbuf_leaf_20_clk_i_regs,tier0,clock_reset,control,3
clkbuf_leaf_21__05563_,tier0,clock_reset,control,3
clkbuf_leaf_21_clk_i_regs,tier0,clock_reset,control,3
clkbuf_leaf_22__05563_,tier0,clock_reset,control,3
clkbuf_leaf_22_clk_i_regs,tier1,clock_reset,control,3
clkbuf_leaf_23__05563_,tier0,clock_reset,control,3
clkbuf_leaf_23_clk_i_regs,tier1,clock_reset,control,3
clkbuf_leaf_24__05563_,tier0,clock_reset,control,3
clkbuf_leaf_24_clk_i_regs,tier0,clock_reset,control,3
clkbuf_leaf_25__05563_,tier0,clock_reset,control,3
clkbuf_leaf_25_clk_i_regs,tier0,clock_reset,control,3
clkbuf_leaf_26__05563_,tier0,clock_reset,control,3
clkbuf_leaf_26_clk_i_regs,tier0,clock_reset,control,3
clkbuf_leaf_27__05563_,tier0,clock_reset,control,3
clkbuf_leaf_27_clk_i_regs,tier0,clock_reset,control,3
clkbuf_leaf_28__05563_,tier0,clock_reset,control,3
clkbuf_leaf_28_clk_i_regs,tier0,clock_reset,control,3
clkbuf_leaf_29__05563_,tier0,clock_reset,control,3
clkbuf_leaf_29_clk_i_regs,tier0,clock_reset,control,3
clkbuf_leaf_2__05563_,tier0,clock_reset,control,3
clkbuf_leaf_2_clk_i_regs,tier1,clock_reset,control,3
clkbuf_leaf_30__05563_,tier0,clock_reset,control,3
clkbuf_leaf_30_clk_i_regs,tier0,clock_reset,control,3
clkbuf_leaf_31__05563_,tier0,clock_reset,control,3
clkbuf_leaf_31_clk_i_regs,tier0,clock_reset,control,3
clkbuf_leaf_32__05563_,tier0,clock_reset,control,3
clkbuf_leaf_32_clk_i_regs,tier0,clock_reset,control,3
clkbuf_leaf_33__05563_,tier0,clock_reset,control,3
clkbuf_leaf_33_clk_i_regs,tier0,clock_reset,control,3
clkbuf_leaf_34__05563_,tier0,clock_reset,control,3
clkbuf_leaf_34_clk_i_regs,tier0,clock_reset,control,3
clkbuf_leaf_35__05563_,tier0,clock_reset,control,3
clkbuf_leaf_35_clk_i_regs,tier0,clock_reset,control,3
clkbuf_leaf_36__05563_,tier0,clock_reset,control,3
clkbuf_leaf_36_clk_i_regs,tier0,clock_reset,control,3
clkbuf_leaf_37__05563_,tier0,clock_reset,control,3
clkbuf_leaf_37_clk_i_regs,tier0,clock_reset,control,3
clkbuf_leaf_38__05563_,tier0,clock_reset,control,3
clkbuf_leaf_38_clk_i_regs,tier0,clock_reset,control,3
clkbuf_leaf_39__05563_,tier0,clock_reset,control,3
clkbuf_leaf_39_clk_i_regs,tier0,clock_reset,control,3
clkbuf_leaf_3__05563_,tier1,clock_reset,control,3
clkbuf_leaf_3_clk_i_regs,tier0,clock_reset,control,3
clkbuf_leaf_40__05563_,tier0,clock_reset,control,3
clkbuf_leaf_40_clk_i_regs,tier0,clock_reset,control,3
clkbuf_leaf_41__05563_,tier0,clock_reset,control,3
clkbuf_leaf_41_clk_i_regs,tier0,clock_reset,control,3
clkbuf_leaf_42__05563_,tier0,clock_reset,control,3
clkbuf_leaf_42_clk_i_regs,tier0,clock_reset,control,3
clkbuf_leaf_43__05563_,tier0,clock_reset,control,3
clkbuf_leaf_43_clk_i_regs,tier0,clock_reset,control,3
clkbuf_leaf_44__05563_,tier0,clock_reset,control,3
clkbuf_leaf_44_clk_i_regs,tier0,clock_reset,control,3
clkbuf_leaf_45__05563_,tier0,clock_reset,control,3
clkbuf_leaf_45_clk_i_regs,tier0,clock_reset,control,3
clkbuf_leaf_46__05563_,tier0,clock_reset,control,3
clkbuf_leaf_46_clk_i_regs,tier0,clock_reset,control,3
clkbuf_leaf_47__05563_,tier0,clock_reset,control,3
clkbuf_leaf_47_clk_i_regs,tier0,clock_reset,control,3
clkbuf_leaf_48__05563_,tier0,clock_reset,control,3
clkbuf_leaf_48_clk_i_regs,tier0,clock_reset,control,3
clkbuf_leaf_49__05563_,tier0,clock_reset,control,3
clkbuf_leaf_49_clk_i_regs,tier0,clock_reset,control,3
clkbuf_leaf_4__05563_,tier0,clock_reset,control,3
clkbuf_leaf_4_clk_i_regs,tier1,clock_reset,control,3
clkbuf_leaf_50__05563_,tier0,clock_reset,control,3
clkbuf_leaf_50_clk_i_regs,tier0,clock_reset,control,3
clkbuf_leaf_51__05563_,tier0,clock_reset,control,3
clkbuf_leaf_51_clk_i_regs,tier0,clock_reset,control,3
clkbuf_leaf_52__05563_,tier0,clock_reset,control,3
clkbuf_leaf_52_clk_i_regs,tier1,clock_reset,control,3
clkbuf_leaf_53__05563_,tier0,clock_reset,control,3
clkbuf_leaf_53_clk_i_regs,tier0,clock_reset,control,3
clkbuf_leaf_54__05563_,tier0,clock_reset,control,3
clkbuf_leaf_54_clk_i_regs,tier0,clock_reset,control,3
clkbuf_leaf_55__05563_,tier0,clock_reset,control,3
clkbuf_leaf_55_clk_i_regs,tier0,clock_reset,control,3
clkbuf_leaf_56__05563_,tier0,clock_reset,control,3
clkbuf_leaf_56_clk_i_regs,tier0,clock_reset,control,3
clkbuf_leaf_57__05563_,tier0,clock_reset,control,3
clkbuf_leaf_57_clk_i_regs,tier0,clock_reset,control,3
clkbuf_leaf_58__05563_,tier0,clock_reset,control,3
clkbuf_leaf_58_clk_i_regs,tier0,clock_reset,control,3
clkbuf_leaf_59__05563_,tier0,clock_reset,control,3
clkbuf_leaf_59_clk_i_regs,tier0,clock_reset,control,3
clkbuf_leaf_5__05563_,tier0,clock_reset,control,3
clkbuf_leaf_5_clk_i_regs,tier1,clock_reset,control,3
clkbuf_leaf_60__05563_,tier0,clock_reset,control,3
clkbuf_leaf_60_clk_i_regs,tier0,clock_reset,control,3
clkbuf_leaf_61__05563_,tier0,clock_reset,control,3
clkbuf_leaf_61_clk_i_regs,tier0,clock_reset,control,3
clkbuf_leaf_62__05563_,tier0,clock_reset,control,3
clkbuf_leaf_62_clk_i_regs,tier0,clock_reset,control,3
clkbuf_leaf_63__05563_,tier0,clock_reset,control,3
clkbuf_leaf_63_clk_i_regs,tier0,clock_reset,control,3
clkbuf_leaf_64__05563_,tier0,clock_reset,control,3
clkbuf_leaf_64_clk_i_regs,tier0,clock_reset,control,3
clkbuf_leaf_65__05563_,tier0,clock_reset,control,3
clkbuf_leaf_65_clk_i_regs,tier0,clock_reset,control,3
clkbuf_leaf_66__05563_,tier0,clock_reset,control,3
clkbuf_leaf_66_clk_i_regs,tier0,clock_reset,control,3
clkbuf_leaf_67__05563_,tier0,clock_reset,control,3
clkbuf_leaf_67_clk_i_regs,tier0,clock_reset,control,3
clkbuf_leaf_68__05563_,tier0,clock_reset,control,3
clkbuf_leaf_68_clk_i_regs,tier0,clock_reset,control,3
clkbuf_leaf_69__05563_,tier0,clock_reset,control,3
clkbuf_leaf_69_clk_i_regs,tier0,clock_reset,control,3
clkbuf_leaf_6__05563_,tier0,clock_reset,control,3
clkbuf_leaf_6_clk_i_regs,tier1,clock_reset,control,3
clkbuf_leaf_70__05563_,tier0,clock_reset,control,3
clkbuf_leaf_70_clk_i_regs,tier0,clock_reset,control,3
clkbuf_leaf_71__05563_,tier0,clock_reset,control,3
clkbuf_leaf_71_clk_i_regs,tier0,clock_reset,control,3
clkbuf_leaf_72__05563_,tier0,clock_reset,control,3
clkbuf_leaf_72_clk_i_regs,tier0,clock_reset,control,3
clkbuf_leaf_73__05563_,tier0,clock_reset,control,3
clkbuf_leaf_73_clk_i_regs,tier0,clock_reset,control,3
clkbuf_leaf_74__05563_,tier0,clock_reset,control,3
clkbuf_leaf_74_clk_i_regs,tier0,clock_reset,control,3
clkbuf_leaf_75__05563_,tier0,clock_reset,control,3
clkbuf_leaf_75_clk_i_regs,tier0,clock_reset,control,3
clkbuf_leaf_76__05563_,tier0,clock_reset,control,3
clkbuf_leaf_76_clk_i_regs,tier0,clock_reset,control,3
clkbuf_leaf_77__05563_,tier0,clock_reset,control,3
clkbuf_leaf_77_clk_i_regs,tier0,clock_reset,control,3
clkbuf_leaf_78__05563_,tier0,clock_reset,control,3
clkbuf_leaf_78_clk_i_regs,tier0,clock_reset,control,3
clkbuf_leaf_79__05563_,tier0,clock_reset,control,3
clkbuf_leaf_7__05563_,tier0,clock_reset,control,3
clkbuf_leaf_7_clk_i_regs,tier1,clock_reset,control,3
clkbuf_leaf_80__05563_,tier0,clock_reset,control,3
clkbuf_leaf_81__05563_,tier0,clock_reset,control,3
clkbuf_leaf_82__05563_,tier0,clock_reset,control,3
clkbuf_leaf_83__05563_,tier0,clock_reset,control,3
clkbuf_leaf_84__05563_,tier0,clock_reset,control,3
clkbuf_leaf_85__05563_,tier0,clock_reset,control,3
clkbuf_leaf_86__05563_,tier0,clock_reset,control,3
clkbuf_leaf_87__05563_,tier0,clock_reset,control,3
clkbuf_leaf_88__05563_,tier0,clock_reset,control,3
clkbuf_leaf_89__05563_,tier0,clock_reset,control,3
clkbuf_leaf_8__05563_,tier0,clock_reset,control,3
clkbuf_leaf_8_clk_i_regs,tier0,clock_reset,control,3
clkbuf_leaf_90__05563_,tier0,clock_reset,control,3
clkbuf_leaf_91__05563_,tier0,clock_reset,control,3
clkbuf_leaf_92__05563_,tier0,clock_reset,control,3
clkbuf_leaf_9__05563_,tier0,clock_reset,control,3
clkbuf_leaf_9_clk_i_regs,tier0,clock_reset,control,3
clkbuf_regs_0_core_clock,tier0,clock_reset,control,3
clkload0,tier0,clock_reset,control,2
clkload1,tier0,clock_reset,control,2
clkload10,tier1,clock_reset,control,2
clkload100,tier1,generated_control,infrastructure,2
clkload101,tier0,clock_reset,control,2
clkload102,tier0,generated_control,infrastructure,2
clkload103,tier0,clock_reset,control,2
clkload104,tier1,generated_control,infrastructure,2
clkload105,tier0,clock_reset,control,2
clkload106,tier0,clock_reset,control,2
clkload107,tier0,clock_reset,control,2
clkload108,tier0,generated_control,infrastructure,2
clkload109,tier0,generated_control,infrastructure,2
clkload11,tier1,clock_reset,control,2
clkload110,tier0,generated_control,infrastructure,2
clkload111,tier0,clock_reset,control,2
clkload112,tier0,clock_reset,control,2
clkload113,tier0,generated_control,infrastructure,2
clkload114,tier0,generated_control,infrastructure,2
clkload115,tier0,clock_reset,control,2
clkload116,tier0,generated_control,infrastructure,2
clkload117,tier0,generated_control,infrastructure,2
clkload118,tier0,clock_reset,control,2
clkload119,tier0,generated_control,infrastructure,2
clkload12,tier1,clock_reset,control,2
clkload120,tier0,generated_control,infrastructure,2
clkload121,tier0,generated_control,infrastructure,2
clkload122,tier1,clock_reset,control,2
clkload123,tier0,clock_reset,control,2
clkload124,tier0,generated_control,infrastructure,2
clkload125,tier0,clock_reset,control,2
clkload126,tier0,clock_reset,control,2
clkload127,tier0,generated_control,infrastructure,2
clkload128,tier0,generated_control,infrastructure,2
clkload129,tier0,clock_reset,control,2
clkload13,tier1,clock_reset,control,2
clkload130,tier0,generated_control,infrastructure,2
clkload131,tier0,generated_control,infrastructure,2
clkload132,tier0,clock_reset,control,2
clkload133,tier0,generated_control,infrastructure,2
clkload134,tier0,clock_reset,control,2
clkload135,tier0,generated_control,infrastructure,2
clkload136,tier0,generated_control,infrastructure,2
clkload137,tier0,clock_reset,control,2
clkload138,tier0,clock_reset,control,2
clkload139,tier0,generated_control,infrastructure,2
clkload14,tier1,clock_reset,control,2
clkload140,tier0,generated_control,infrastructure,2
clkload141,tier0,generated_control,infrastructure,2
clkload142,tier1,clock_reset,control,2
clkload143,tier0,clock_reset,control,2
clkload144,tier0,clock_reset,control,2
clkload145,tier0,generated_control,infrastructure,2
clkload146,tier0,clock_reset,control,2
clkload147,tier0,generated_control,infrastructure,2
clkload148,tier0,clock_reset,control,2
clkload149,tier0,generated_control,infrastructure,2
clkload15,tier1,clock_reset,control,2
clkload150,tier1,generated_control,infrastructure,2
clkload151,tier0,generated_control,infrastructure,2
clkload152,tier0,generated_control,infrastructure,2
clkload153,tier0,generated_control,infrastructure,2
clkload154,tier0,generated_control,infrastructure,2
clkload155,tier0,generated_control,infrastructure,2
clkload156,tier0,generated_control,infrastructure,2
clkload157,tier0,clock_reset,control,2
clkload158,tier0,generated_control,infrastructure,2
clkload159,tier0,clock_reset,control,2
clkload16,tier1,clock_reset,control,2
clkload160,tier0,generated_control,infrastructure,2
clkload161,tier0,generated_control,infrastructure,2
clkload162,tier0,clock_reset,control,2
clkload163,tier0,clock_reset,control,2
clkload17,tier1,clock_reset,control,2
clkload18,tier1,clock_reset,control,2
clkload19,tier1,clock_reset,control,2
clkload2,tier0,clock_reset,control,2
clkload20,tier1,clock_reset,control,2
clkload21,tier1,clock_reset,control,2
clkload22,tier1,clock_reset,control,2
clkload23,tier1,clock_reset,control,2
clkload24,tier1,clock_reset,control,2
clkload25,tier1,clock_reset,control,2
clkload26,tier1,clock_reset,control,2
clkload27,tier1,clock_reset,control,2
clkload28,tier1,clock_reset,control,2
clkload29,tier1,clock_reset,control,2
clkload3,tier0,clock_reset,control,2
clkload30,tier1,clock_reset,control,2
clkload31,tier1,clock_reset,control,2
clkload32,tier1,clock_reset,control,2
clkload33,tier1,clock_reset,control,2
clkload34,tier1,clock_reset,control,2
clkload35,tier1,clock_reset,control,2
clkload36,tier1,clock_reset,control,2
clkload37,tier1,clock_reset,control,2
clkload38,tier1,clock_reset,control,2
clkload39,tier1,clock_reset,control,2
clkload4,tier0,clock_reset,control,2
clkload40,tier1,clock_reset,control,2
clkload41,tier1,clock_reset,control,2
clkload42,tier1,clock_reset,control,2
clkload43,tier1,clock_reset,control,2
clkload44,tier1,clock_reset,control,2
clkload45,tier1,clock_reset,control,2
clkload46,tier1,clock_reset,control,2
clkload47,tier1,clock_reset,control,2
clkload48,tier1,clock_reset,control,2
clkload49,tier1,clock_reset,control,2
clkload5,tier0,clock_reset,control,2
clkload50,tier1,clock_reset,control,2
clkload51,tier1,clock_reset,control,2
clkload52,tier1,clock_reset,control,2
clkload53,tier0,clock_reset,control,2
clkload54,tier1,clock_reset,control,2
clkload55,tier1,clock_reset,control,2
clkload56,tier1,clock_reset,control,2
clkload57,tier1,clock_reset,control,2
clkload58,tier1,clock_reset,control,2
clkload59,tier1,clock_reset,control,2
clkload6,tier0,clock_reset,control,2
clkload60,tier1,clock_reset,control,2
clkload61,tier1,clock_reset,control,2
clkload62,tier1,clock_reset,control,2
clkload63,tier1,clock_reset,control,2
clkload64,tier1,clock_reset,control,2
clkload65,tier1,clock_reset,control,2
clkload66,tier1,clock_reset,control,2
clkload67,tier1,clock_reset,control,2
clkload68,tier1,clock_reset,control,2
clkload69,tier1,clock_reset,control,2
clkload7,tier1,clock_reset,control,2
clkload70,tier1,clock_reset,control,2
clkload71,tier1,clock_reset,control,2
clkload72,tier1,clock_reset,control,2
clkload73,tier0,generated_control,infrastructure,2
clkload74,tier0,clock_reset,control,2
clkload75,tier0,clock_reset,control,2
clkload76,tier0,clock_reset,control,2
clkload77,tier0,clock_reset,control,2
clkload78,tier0,generated_control,infrastructure,2
clkload79,tier0,generated_control,infrastructure,2
clkload8,tier1,clock_reset,control,2
clkload80,tier1,generated_control,infrastructure,2
clkload81,tier1,clock_reset,control,2
clkload82,tier1,clock_reset,control,2
clkload83,tier1,clock_reset,control,2
clkload84,tier0,generated_control,infrastructure,2
clkload85,tier1,clock_reset,control,2
clkload86,tier1,generated_control,infrastructure,2
clkload87,tier1,generated_control,infrastructure,2
clkload88,tier0,clock_reset,control,2
clkload89,tier1,generated_control,infrastructure,2
clkload9,tier1,clock_reset,control,2
clkload90,tier1,generated_control,infrastructure,2
clkload91,tier1,clock_reset,control,2
clkload92,tier0,clock_reset,control,2
clkload93,tier1,clock_reset,control,2
clkload94,tier1,generated_control,infrastructure,2
clkload95,tier1,generated_control,infrastructure,2
clkload96,tier1,clock_reset,control,2
clkload97,tier1,generated_control,infrastructure,2
clkload98,tier0,clock_reset,control,2
clkload99,tier1,clock_reset,control,2
clone4197,tier1,generated_datapath,infrastructure,5
clone4198,tier0,clock_reset,control,3
core_busy_q$_DFF_PN0_,tier0,pipeline_state,control,6
core_clock_gate_i.en_latch$_DLATCH_N_,tier0,clock_reset,control,4
cs_registers_i.mcountinhibit_q[0]$_DFFE_PN0P_,tier0,pipeline_state,control,6
cs_registers_i.mcountinhibit_q[2]$_DFFE_PN0P_,tier0,pipeline_state,control,6
cs_registers_i.mcycle_counter_i.counter_val_o[0]$_DFFE_PN0P_,tier0,csr,control,6
cs_registers_i.mcycle_counter_i.counter_val_o[10]$_DFFE_PN0P_,tier0,csr,control,6
cs_registers_i.mcycle_counter_i.counter_val_o[11]$_DFFE_PN0P_,tier0,csr,control,6
cs_registers_i.mcycle_counter_i.counter_val_o[12]$_DFFE_PN0P_,tier0,csr,control,6
cs_registers_i.mcycle_counter_i.counter_val_o[13]$_DFFE_PN0P_,tier0,csr,control,6
cs_registers_i.mcycle_counter_i.counter_val_o[14]$_DFFE_PN0P_,tier0,csr,control,6
cs_registers_i.mcycle_counter_i.counter_val_o[15]$_DFFE_PN0P_,tier0,csr,control,6
cs_registers_i.mcycle_counter_i.counter_val_o[16]$_DFFE_PN0P_,tier0,csr,control,6
cs_registers_i.mcycle_counter_i.counter_val_o[17]$_DFFE_PN0P_,tier0,csr,control,6
cs_registers_i.mcycle_counter_i.counter_val_o[18]$_DFFE_PN0P_,tier0,csr,control,6
cs_registers_i.mcycle_counter_i.counter_val_o[19]$_DFFE_PN0P_,tier0,csr,control,6
cs_registers_i.mcycle_counter_i.counter_val_o[1]$_DFFE_PN0P_,tier0,csr,control,6
cs_registers_i.mcycle_counter_i.counter_val_o[20]$_DFFE_PN0P_,tier0,csr,control,6
cs_registers_i.mcycle_counter_i.counter_val_o[21]$_DFFE_PN0P_,tier0,csr,control,6
cs_registers_i.mcycle_counter_i.counter_val_o[22]$_DFFE_PN0P_,tier0,csr,control,6
cs_registers_i.mcycle_counter_i.counter_val_o[23]$_DFFE_PN0P_,tier0,csr,control,6
cs_registers_i.mcycle_counter_i.counter_val_o[24]$_DFFE_PN0P_,tier0,csr,control,6
cs_registers_i.mcycle_counter_i.counter_val_o[25]$_DFFE_PN0P_,tier0,csr,control,6
cs_registers_i.mcycle_counter_i.counter_val_o[26]$_DFFE_PN0P_,tier0,csr,control,6
cs_registers_i.mcycle_counter_i.counter_val_o[27]$_DFFE_PN0P_,tier0,csr,control,6
cs_registers_i.mcycle_counter_i.counter_val_o[28]$_DFFE_PN0P_,tier0,csr,control,6
cs_registers_i.mcycle_counter_i.counter_val_o[29]$_DFFE_PN0P_,tier0,csr,control,6
cs_registers_i.mcycle_counter_i.counter_val_o[2]$_DFFE_PN0P_,tier0,csr,control,6
cs_registers_i.mcycle_counter_i.counter_val_o[30]$_DFFE_PN0P_,tier0,csr,control,6
cs_registers_i.mcycle_counter_i.counter_val_o[31]$_DFFE_PN0P_,tier0,csr,control,6
cs_registers_i.mcycle_counter_i.counter_val_o[32]$_DFFE_PN0P_,tier0,csr,control,6
cs_registers_i.mcycle_counter_i.counter_val_o[33]$_DFFE_PN0P_,tier0,csr,control,6
cs_registers_i.mcycle_counter_i.counter_val_o[34]$_DFFE_PN0P_,tier0,csr,control,6
cs_registers_i.mcycle_counter_i.counter_val_o[35]$_DFFE_PN0P_,tier0,csr,control,6
cs_registers_i.mcycle_counter_i.counter_val_o[36]$_DFFE_PN0P_,tier0,csr,control,6
cs_registers_i.mcycle_counter_i.counter_val_o[37]$_DFFE_PN0P_,tier0,csr,control,6
cs_registers_i.mcycle_counter_i.counter_val_o[38]$_DFFE_PN0P_,tier0,csr,control,6
cs_registers_i.mcycle_counter_i.counter_val_o[39]$_DFFE_PN0P_,tier0,csr,control,6
cs_registers_i.mcycle_counter_i.counter_val_o[3]$_DFFE_PN0P_,tier0,csr,control,6
cs_registers_i.mcycle_counter_i.counter_val_o[40]$_DFFE_PN0P_,tier0,csr,control,6
cs_registers_i.mcycle_counter_i.counter_val_o[41]$_DFFE_PN0P_,tier0,csr,control,6
cs_registers_i.mcycle_counter_i.counter_val_o[42]$_DFFE_PN0P_,tier0,csr,control,6
cs_registers_i.mcycle_counter_i.counter_val_o[43]$_DFFE_PN0P_,tier0,csr,control,6
cs_registers_i.mcycle_counter_i.counter_val_o[44]$_DFFE_PN0P_,tier0,csr,control,6
cs_registers_i.mcycle_counter_i.counter_val_o[45]$_DFFE_PN0P_,tier0,csr,control,6
cs_registers_i.mcycle_counter_i.counter_val_o[46]$_DFFE_PN0P_,tier0,csr,control,6
cs_registers_i.mcycle_counter_i.counter_val_o[47]$_DFFE_PN0P_,tier0,csr,control,6
cs_registers_i.mcycle_counter_i.counter_val_o[48]$_DFFE_PN0P_,tier0,csr,control,6
cs_registers_i.mcycle_counter_i.counter_val_o[49]$_DFFE_PN0P_,tier0,csr,control,6
cs_registers_i.mcycle_counter_i.counter_val_o[4]$_DFFE_PN0P_,tier0,csr,control,6
cs_registers_i.mcycle_counter_i.counter_val_o[50]$_DFFE_PN0P_,tier0,csr,control,6
cs_registers_i.mcycle_counter_i.counter_val_o[51]$_DFFE_PN0P_,tier0,csr,control,6
cs_registers_i.mcycle_counter_i.counter_val_o[52]$_DFFE_PN0P_,tier0,csr,control,6
cs_registers_i.mcycle_counter_i.counter_val_o[53]$_DFFE_PN0P_,tier0,csr,control,6
cs_registers_i.mcycle_counter_i.counter_val_o[54]$_DFFE_PN0P_,tier0,csr,control,6
cs_registers_i.mcycle_counter_i.counter_val_o[55]$_DFFE_PN0P_,tier0,csr,control,6
cs_registers_i.mcycle_counter_i.counter_val_o[56]$_DFFE_PN0P_,tier0,csr,control,6
cs_registers_i.mcycle_counter_i.counter_val_o[57]$_DFFE_PN0P_,tier0,csr,control,6
cs_registers_i.mcycle_counter_i.counter_val_o[58]$_DFFE_PN0P_,tier0,csr,control,6
cs_registers_i.mcycle_counter_i.counter_val_o[59]$_DFFE_PN0P_,tier0,csr,control,6
cs_registers_i.mcycle_counter_i.counter_val_o[5]$_DFFE_PN0P_,tier0,csr,control,6
cs_registers_i.mcycle_counter_i.counter_val_o[60]$_DFFE_PN0P_,tier0,csr,control,6
cs_registers_i.mcycle_counter_i.counter_val_o[61]$_DFFE_PN0P_,tier0,csr,control,6
cs_registers_i.mcycle_counter_i.counter_val_o[62]$_DFFE_PN0P_,tier0,csr,control,6
cs_registers_i.mcycle_counter_i.counter_val_o[63]$_DFFE_PN0P_,tier0,csr,control,6
cs_registers_i.mcycle_counter_i.counter_val_o[6]$_DFFE_PN0P_,tier0,csr,control,6
cs_registers_i.mcycle_counter_i.counter_val_o[7]$_DFFE_PN0P_,tier0,csr,control,6
cs_registers_i.mcycle_counter_i.counter_val_o[8]$_DFFE_PN0P_,tier0,csr,control,6
cs_registers_i.mcycle_counter_i.counter_val_o[9]$_DFFE_PN0P_,tier0,csr,control,6
cs_registers_i.minstret_counter_i.counter_val_o[0]$_DFFE_PN0P_,tier0,csr,control,6
cs_registers_i.minstret_counter_i.counter_val_o[10]$_DFFE_PN0P_,tier0,csr,control,6
cs_registers_i.minstret_counter_i.counter_val_o[11]$_DFFE_PN0P_,tier0,csr,control,6
cs_registers_i.minstret_counter_i.counter_val_o[12]$_DFFE_PN0P_,tier0,csr,control,6
cs_registers_i.minstret_counter_i.counter_val_o[13]$_DFFE_PN0P_,tier0,csr,control,6
cs_registers_i.minstret_counter_i.counter_val_o[14]$_DFFE_PN0P_,tier0,csr,control,6
cs_registers_i.minstret_counter_i.counter_val_o[15]$_DFFE_PN0P_,tier0,csr,control,6
cs_registers_i.minstret_counter_i.counter_val_o[16]$_DFFE_PN0P_,tier0,csr,control,6
cs_registers_i.minstret_counter_i.counter_val_o[17]$_DFFE_PN0P_,tier0,csr,control,6
cs_registers_i.minstret_counter_i.counter_val_o[18]$_DFFE_PN0P_,tier0,csr,control,6
cs_registers_i.minstret_counter_i.counter_val_o[19]$_DFFE_PN0P_,tier0,csr,control,6
cs_registers_i.minstret_counter_i.counter_val_o[1]$_DFFE_PN0P_,tier0,csr,control,6
cs_registers_i.minstret_counter_i.counter_val_o[20]$_DFFE_PN0P_,tier0,csr,control,6
cs_registers_i.minstret_counter_i.counter_val_o[21]$_DFFE_PN0P_,tier0,csr,control,6
cs_registers_i.minstret_counter_i.counter_val_o[22]$_DFFE_PN0P_,tier0,csr,control,6
cs_registers_i.minstret_counter_i.counter_val_o[23]$_DFFE_PN0P_,tier0,csr,control,6
cs_registers_i.minstret_counter_i.counter_val_o[24]$_DFFE_PN0P_,tier0,csr,control,6
cs_registers_i.minstret_counter_i.counter_val_o[25]$_DFFE_PN0P_,tier0,csr,control,6
cs_registers_i.minstret_counter_i.counter_val_o[26]$_DFFE_PN0P_,tier0,csr,control,6
cs_registers_i.minstret_counter_i.counter_val_o[27]$_DFFE_PN0P_,tier0,csr,control,6
cs_registers_i.minstret_counter_i.counter_val_o[28]$_DFFE_PN0P_,tier0,csr,control,6
cs_registers_i.minstret_counter_i.counter_val_o[29]$_DFFE_PN0P_,tier0,csr,control,6
cs_registers_i.minstret_counter_i.counter_val_o[2]$_DFFE_PN0P_,tier0,csr,control,6
cs_registers_i.minstret_counter_i.counter_val_o[30]$_DFFE_PN0P_,tier0,csr,control,6
cs_registers_i.minstret_counter_i.counter_val_o[31]$_DFFE_PN0P_,tier0,csr,control,6
cs_registers_i.minstret_counter_i.counter_val_o[32]$_DFFE_PN0P_,tier0,csr,control,6
cs_registers_i.minstret_counter_i.counter_val_o[33]$_DFFE_PN0P_,tier0,csr,control,6
cs_registers_i.minstret_counter_i.counter_val_o[34]$_DFFE_PN0P_,tier0,csr,control,6
cs_registers_i.minstret_counter_i.counter_val_o[35]$_DFFE_PN0P_,tier0,csr,control,6
cs_registers_i.minstret_counter_i.counter_val_o[36]$_DFFE_PN0P_,tier0,csr,control,6
cs_registers_i.minstret_counter_i.counter_val_o[37]$_DFFE_PN0P_,tier0,csr,control,6
cs_registers_i.minstret_counter_i.counter_val_o[38]$_DFFE_PN0P_,tier0,csr,control,6
cs_registers_i.minstret_counter_i.counter_val_o[39]$_DFFE_PN0P_,tier0,csr,control,6
cs_registers_i.minstret_counter_i.counter_val_o[3]$_DFFE_PN0P_,tier0,csr,control,6
cs_registers_i.minstret_counter_i.counter_val_o[40]$_DFFE_PN0P_,tier0,csr,control,6
cs_registers_i.minstret_counter_i.counter_val_o[41]$_DFFE_PN0P_,tier0,csr,control,6
cs_registers_i.minstret_counter_i.counter_val_o[42]$_DFFE_PN0P_,tier0,csr,control,6
cs_registers_i.minstret_counter_i.counter_val_o[43]$_DFFE_PN0P_,tier0,csr,control,6
cs_registers_i.minstret_counter_i.counter_val_o[44]$_DFFE_PN0P_,tier0,csr,control,6
cs_registers_i.minstret_counter_i.counter_val_o[45]$_DFFE_PN0P_,tier0,csr,control,6
cs_registers_i.minstret_counter_i.counter_val_o[46]$_DFFE_PN0P_,tier0,csr,control,6
cs_registers_i.minstret_counter_i.counter_val_o[47]$_DFFE_PN0P_,tier0,csr,control,6
cs_registers_i.minstret_counter_i.counter_val_o[48]$_DFFE_PN0P_,tier0,csr,control,6
cs_registers_i.minstret_counter_i.counter_val_o[49]$_DFFE_PN0P_,tier0,csr,control,6
cs_registers_i.minstret_counter_i.counter_val_o[4]$_DFFE_PN0P_,tier0,csr,control,6
cs_registers_i.minstret_counter_i.counter_val_o[50]$_DFFE_PN0P_,tier0,csr,control,6
cs_registers_i.minstret_counter_i.counter_val_o[51]$_DFFE_PN0P_,tier0,csr,control,6
cs_registers_i.minstret_counter_i.counter_val_o[52]$_DFFE_PN0P_,tier0,csr,control,6
cs_registers_i.minstret_counter_i.counter_val_o[53]$_DFFE_PN0P_,tier0,csr,control,6
cs_registers_i.minstret_counter_i.counter_val_o[54]$_DFFE_PN0P_,tier0,csr,control,6
cs_registers_i.minstret_counter_i.counter_val_o[55]$_DFFE_PN0P_,tier0,csr,control,6
cs_registers_i.minstret_counter_i.counter_val_o[56]$_DFFE_PN0P_,tier0,csr,control,6
cs_registers_i.minstret_counter_i.counter_val_o[57]$_DFFE_PN0P_,tier0,csr,control,6
cs_registers_i.minstret_counter_i.counter_val_o[58]$_DFFE_PN0P_,tier0,csr,control,6
cs_registers_i.minstret_counter_i.counter_val_o[59]$_DFFE_PN0P_,tier0,csr,control,6
cs_registers_i.minstret_counter_i.counter_val_o[5]$_DFFE_PN0P_,tier0,csr,control,6
cs_registers_i.minstret_counter_i.counter_val_o[60]$_DFFE_PN0P_,tier0,csr,control,6
cs_registers_i.minstret_counter_i.counter_val_o[61]$_DFFE_PN0P_,tier0,csr,control,6
cs_registers_i.minstret_counter_i.counter_val_o[62]$_DFFE_PN0P_,tier0,csr,control,6
cs_registers_i.minstret_counter_i.counter_val_o[63]$_DFFE_PN0P_,tier0,csr,control,6
cs_registers_i.minstret_counter_i.counter_val_o[6]$_DFFE_PN0P_,tier0,csr,control,6
cs_registers_i.minstret_counter_i.counter_val_o[7]$_DFFE_PN0P_,tier0,csr,control,6
cs_registers_i.minstret_counter_i.counter_val_o[8]$_DFFE_PN0P_,tier0,csr,control,6
cs_registers_i.minstret_counter_i.counter_val_o[9]$_DFFE_PN0P_,tier0,csr,control,6
cs_registers_i.priv_mode_id_o[0]$_DFFE_PN1P_,tier0,pipeline_state,control,6
cs_registers_i.priv_mode_id_o[1]$_DFFE_PN1P_,tier0,pipeline_state,control,6
cs_registers_i.u_dcsr_csr.rd_data_o[0]$_DFFE_PN1P_,tier0,csr,control,6
cs_registers_i.u_dcsr_csr.rd_data_o[11]$_DFFE_PN0P_,tier0,csr,control,6
cs_registers_i.u_dcsr_csr.rd_data_o[12]$_DFFE_PN0P_,tier0,csr,control,6
cs_registers_i.u_dcsr_csr.rd_data_o[13]$_DFFE_PN0P_,tier0,csr,control,6
cs_registers_i.u_dcsr_csr.rd_data_o[15]$_DFFE_PN0P_,tier0,csr,control,6
cs_registers_i.u_dcsr_csr.rd_data_o[1]$_DFFE_PN1P_,tier0,csr,control,6
cs_registers_i.u_dcsr_csr.rd_data_o[2]$_DFFE_PN0P_,tier0,csr,control,6
cs_registers_i.u_dcsr_csr.rd_data_o[6]$_DFFE_PN0P_,tier0,csr,control,6
cs_registers_i.u_dcsr_csr.rd_data_o[7]$_DFFE_PN0P_,tier0,csr,control,6
cs_registers_i.u_dcsr_csr.rd_data_o[8]$_DFFE_PN0P_,tier0,csr,control,6
cs_registers_i.u_depc_csr.rd_data_o[10]$_DFFE_PN0P_,tier0,csr,control,6
cs_registers_i.u_depc_csr.rd_data_o[11]$_DFFE_PN0P_,tier0,csr,control,6
cs_registers_i.u_depc_csr.rd_data_o[12]$_DFFE_PN0P_,tier0,csr,control,6
cs_registers_i.u_depc_csr.rd_data_o[13]$_DFFE_PN0P_,tier0,csr,control,6
cs_registers_i.u_depc_csr.rd_data_o[14]$_DFFE_PN0P_,tier0,csr,control,6
cs_registers_i.u_depc_csr.rd_data_o[15]$_DFFE_PN0P_,tier0,csr,control,6
cs_registers_i.u_depc_csr.rd_data_o[16]$_DFFE_PN0P_,tier0,csr,control,6
cs_registers_i.u_depc_csr.rd_data_o[17]$_DFFE_PN0P_,tier0,csr,control,6
cs_registers_i.u_depc_csr.rd_data_o[18]$_DFFE_PN0P_,tier0,csr,control,6
cs_registers_i.u_depc_csr.rd_data_o[19]$_DFFE_PN0P_,tier0,csr,control,6
cs_registers_i.u_depc_csr.rd_data_o[1]$_DFFE_PN0P_,tier0,csr,control,6
cs_registers_i.u_depc_csr.rd_data_o[20]$_DFFE_PN0P_,tier0,csr,control,6
cs_registers_i.u_depc_csr.rd_data_o[21]$_DFFE_PN0P_,tier0,csr,control,6
cs_registers_i.u_depc_csr.rd_data_o[22]$_DFFE_PN0P_,tier0,csr,control,6
cs_registers_i.u_depc_csr.rd_data_o[23]$_DFFE_PN0P_,tier0,csr,control,6
cs_registers_i.u_depc_csr.rd_data_o[24]$_DFFE_PN0P_,tier0,csr,control,6
cs_registers_i.u_depc_csr.rd_data_o[25]$_DFFE_PN0P_,tier0,csr,control,6
cs_registers_i.u_depc_csr.rd_data_o[26]$_DFFE_PN0P_,tier0,csr,control,6
cs_registers_i.u_depc_csr.rd_data_o[27]$_DFFE_PN0P_,tier0,csr,control,6
cs_registers_i.u_depc_csr.rd_data_o[28]$_DFFE_PN0P_,tier0,csr,control,6
cs_registers_i.u_depc_csr.rd_data_o[29]$_DFFE_PN0P_,tier0,csr,control,6
cs_registers_i.u_depc_csr.rd_data_o[2]$_DFFE_PN0P_,tier0,csr,control,6
cs_registers_i.u_depc_csr.rd_data_o[30]$_DFFE_PN0P_,tier0,csr,control,6
cs_registers_i.u_depc_csr.rd_data_o[31]$_DFFE_PN0P_,tier0,csr,control,6
cs_registers_i.u_depc_csr.rd_data_o[3]$_DFFE_PN0P_,tier0,csr,control,6
cs_registers_i.u_depc_csr.rd_data_o[4]$_DFFE_PN0P_,tier0,csr,control,6
cs_registers_i.u_depc_csr.rd_data_o[5]$_DFFE_PN0P_,tier0,csr,control,6
cs_registers_i.u_depc_csr.rd_data_o[6]$_DFFE_PN0P_,tier0,csr,control,6
cs_registers_i.u_depc_csr.rd_data_o[7]$_DFFE_PN0P_,tier0,csr,control,6
cs_registers_i.u_depc_csr.rd_data_o[8]$_DFFE_PN0P_,tier0,csr,control,6
cs_registers_i.u_depc_csr.rd_data_o[9]$_DFFE_PN0P_,tier0,csr,control,6
cs_registers_i.u_dscratch0_csr.rd_data_o[0]$_DFFE_PN0P_,tier0,csr,control,6
cs_registers_i.u_dscratch0_csr.rd_data_o[10]$_DFFE_PN0P_,tier0,csr,control,6
cs_registers_i.u_dscratch0_csr.rd_data_o[11]$_DFFE_PN0P_,tier0,csr,control,6
cs_registers_i.u_dscratch0_csr.rd_data_o[12]$_DFFE_PN0P_,tier0,csr,control,6
cs_registers_i.u_dscratch0_csr.rd_data_o[13]$_DFFE_PN0P_,tier0,csr,control,6
cs_registers_i.u_dscratch0_csr.rd_data_o[14]$_DFFE_PN0P_,tier0,csr,control,6
cs_registers_i.u_dscratch0_csr.rd_data_o[15]$_DFFE_PN0P_,tier0,csr,control,6
cs_registers_i.u_dscratch0_csr.rd_data_o[16]$_DFFE_PN0P_,tier0,csr,control,6
cs_registers_i.u_dscratch0_csr.rd_data_o[17]$_DFFE_PN0P_,tier0,csr,control,6
cs_registers_i.u_dscratch0_csr.rd_data_o[18]$_DFFE_PN0P_,tier0,csr,control,6
cs_registers_i.u_dscratch0_csr.rd_data_o[19]$_DFFE_PN0P_,tier0,csr,control,6
cs_registers_i.u_dscratch0_csr.rd_data_o[1]$_DFFE_PN0P_,tier0,csr,control,6
cs_registers_i.u_dscratch0_csr.rd_data_o[20]$_DFFE_PN0P_,tier0,csr,control,6
cs_registers_i.u_dscratch0_csr.rd_data_o[21]$_DFFE_PN0P_,tier0,csr,control,6
cs_registers_i.u_dscratch0_csr.rd_data_o[22]$_DFFE_PN0P_,tier0,csr,control,6
cs_registers_i.u_dscratch0_csr.rd_data_o[23]$_DFFE_PN0P_,tier0,csr,control,6
cs_registers_i.u_dscratch0_csr.rd_data_o[24]$_DFFE_PN0P_,tier0,csr,control,6
cs_registers_i.u_dscratch0_csr.rd_data_o[25]$_DFFE_PN0P_,tier0,csr,control,6
cs_registers_i.u_dscratch0_csr.rd_data_o[26]$_DFFE_PN0P_,tier0,csr,control,6
cs_registers_i.u_dscratch0_csr.rd_data_o[27]$_DFFE_PN0P_,tier0,csr,control,6
cs_registers_i.u_dscratch0_csr.rd_data_o[28]$_DFFE_PN0P_,tier0,csr,control,6
cs_registers_i.u_dscratch0_csr.rd_data_o[29]$_DFFE_PN0P_,tier0,csr,control,6
cs_registers_i.u_dscratch0_csr.rd_data_o[2]$_DFFE_PN0P_,tier0,csr,control,6
cs_registers_i.u_dscratch0_csr.rd_data_o[30]$_DFFE_PN0P_,tier0,csr,control,6
cs_registers_i.u_dscratch0_csr.rd_data_o[31]$_DFFE_PN0P_,tier0,csr,control,6
cs_registers_i.u_dscratch0_csr.rd_data_o[3]$_DFFE_PN0P_,tier0,csr,control,6
cs_registers_i.u_dscratch0_csr.rd_data_o[4]$_DFFE_PN0P_,tier0,csr,control,6
cs_registers_i.u_dscratch0_csr.rd_data_o[5]$_DFFE_PN0P_,tier0,csr,control,6
cs_registers_i.u_dscratch0_csr.rd_data_o[6]$_DFFE_PN0P_,tier0,csr,control,6
cs_registers_i.u_dscratch0_csr.rd_data_o[7]$_DFFE_PN0P_,tier0,csr,control,6
cs_registers_i.u_dscratch0_csr.rd_data_o[8]$_DFFE_PN0P_,tier0,csr,control,6
cs_registers_i.u_dscratch0_csr.rd_data_o[9]$_DFFE_PN0P_,tier0,csr,control,6
cs_registers_i.u_dscratch1_csr.rd_data_o[0]$_DFFE_PN0P_,tier0,csr,control,6
cs_registers_i.u_dscratch1_csr.rd_data_o[10]$_DFFE_PN0P_,tier0,csr,control,6
cs_registers_i.u_dscratch1_csr.rd_data_o[11]$_DFFE_PN0P_,tier0,csr,control,6
cs_registers_i.u_dscratch1_csr.rd_data_o[12]$_DFFE_PN0P_,tier0,csr,control,6
cs_registers_i.u_dscratch1_csr.rd_data_o[13]$_DFFE_PN0P_,tier0,csr,control,6
cs_registers_i.u_dscratch1_csr.rd_data_o[14]$_DFFE_PN0P_,tier0,csr,control,6
cs_registers_i.u_dscratch1_csr.rd_data_o[15]$_DFFE_PN0P_,tier0,csr,control,6
cs_registers_i.u_dscratch1_csr.rd_data_o[16]$_DFFE_PN0P_,tier0,csr,control,6
cs_registers_i.u_dscratch1_csr.rd_data_o[17]$_DFFE_PN0P_,tier0,csr,control,6
cs_registers_i.u_dscratch1_csr.rd_data_o[18]$_DFFE_PN0P_,tier0,csr,control,6
cs_registers_i.u_dscratch1_csr.rd_data_o[19]$_DFFE_PN0P_,tier0,csr,control,6
cs_registers_i.u_dscratch1_csr.rd_data_o[1]$_DFFE_PN0P_,tier0,csr,control,6
cs_registers_i.u_dscratch1_csr.rd_data_o[20]$_DFFE_PN0P_,tier0,csr,control,6
cs_registers_i.u_dscratch1_csr.rd_data_o[21]$_DFFE_PN0P_,tier0,csr,control,6
cs_registers_i.u_dscratch1_csr.rd_data_o[22]$_DFFE_PN0P_,tier0,csr,control,6
cs_registers_i.u_dscratch1_csr.rd_data_o[23]$_DFFE_PN0P_,tier0,csr,control,6
cs_registers_i.u_dscratch1_csr.rd_data_o[24]$_DFFE_PN0P_,tier0,csr,control,6
cs_registers_i.u_dscratch1_csr.rd_data_o[25]$_DFFE_PN0P_,tier0,csr,control,6
cs_registers_i.u_dscratch1_csr.rd_data_o[26]$_DFFE_PN0P_,tier0,csr,control,6
cs_registers_i.u_dscratch1_csr.rd_data_o[27]$_DFFE_PN0P_,tier0,csr,control,6
cs_registers_i.u_dscratch1_csr.rd_data_o[28]$_DFFE_PN0P_,tier0,csr,control,6
cs_registers_i.u_dscratch1_csr.rd_data_o[29]$_DFFE_PN0P_,tier0,csr,control,6
cs_registers_i.u_dscratch1_csr.rd_data_o[2]$_DFFE_PN0P_,tier0,csr,control,6
cs_registers_i.u_dscratch1_csr.rd_data_o[30]$_DFFE_PN0P_,tier0,csr,control,6
cs_registers_i.u_dscratch1_csr.rd_data_o[31]$_DFFE_PN0P_,tier0,csr,control,6
cs_registers_i.u_dscratch1_csr.rd_data_o[3]$_DFFE_PN0P_,tier0,csr,control,6
cs_registers_i.u_dscratch1_csr.rd_data_o[4]$_DFFE_PN0P_,tier0,csr,control,6
cs_registers_i.u_dscratch1_csr.rd_data_o[5]$_DFFE_PN0P_,tier0,csr,control,6
cs_registers_i.u_dscratch1_csr.rd_data_o[6]$_DFFE_PN0P_,tier0,csr,control,6
cs_registers_i.u_dscratch1_csr.rd_data_o[7]$_DFFE_PN0P_,tier0,csr,control,6
cs_registers_i.u_dscratch1_csr.rd_data_o[8]$_DFFE_PN0P_,tier0,csr,control,6
cs_registers_i.u_dscratch1_csr.rd_data_o[9]$_DFFE_PN0P_,tier0,csr,control,6
cs_registers_i.u_mcause_csr.rd_data_o[0]$_DFFE_PN0P_,tier0,csr,control,6
cs_registers_i.u_mcause_csr.rd_data_o[1]$_DFFE_PN0P_,tier0,csr,control,6
cs_registers_i.u_mcause_csr.rd_data_o[2]$_DFFE_PN0P_,tier0,csr,control,6
cs_registers_i.u_mcause_csr.rd_data_o[3]$_DFFE_PN0P_,tier0,csr,control,6
cs_registers_i.u_mcause_csr.rd_data_o[4]$_DFFE_PN0P_,tier0,csr,control,6
cs_registers_i.u_mcause_csr.rd_data_o[5]$_DFFE_PN0P_,tier0,csr,control,6
cs_registers_i.u_mepc_csr.rd_data_o[0]$_DFFE_PN0P_,tier0,csr,control,6
cs_registers_i.u_mepc_csr.rd_data_o[10]$_DFFE_PN0P_,tier0,csr,control,6
cs_registers_i.u_mepc_csr.rd_data_o[11]$_DFFE_PN0P_,tier0,csr,control,6
cs_registers_i.u_mepc_csr.rd_data_o[12]$_DFFE_PN0P_,tier0,csr,control,6
cs_registers_i.u_mepc_csr.rd_data_o[13]$_DFFE_PN0P_,tier0,csr,control,6
cs_registers_i.u_mepc_csr.rd_data_o[14]$_DFFE_PN0P_,tier0,csr,control,6
cs_registers_i.u_mepc_csr.rd_data_o[15]$_DFFE_PN0P_,tier0,csr,control,6
cs_registers_i.u_mepc_csr.rd_data_o[16]$_DFFE_PN0P_,tier0,csr,control,6
cs_registers_i.u_mepc_csr.rd_data_o[17]$_DFFE_PN0P_,tier0,csr,control,6
cs_registers_i.u_mepc_csr.rd_data_o[18]$_DFFE_PN0P_,tier0,csr,control,6
cs_registers_i.u_mepc_csr.rd_data_o[19]$_DFFE_PN0P_,tier1,csr,control,6
cs_registers_i.u_mepc_csr.rd_data_o[1]$_DFFE_PN0P_,tier0,csr,control,6
cs_registers_i.u_mepc_csr.rd_data_o[20]$_DFFE_PN0P_,tier0,csr,control,6
cs_registers_i.u_mepc_csr.rd_data_o[21]$_DFFE_PN0P_,tier0,csr,control,6
cs_registers_i.u_mepc_csr.rd_data_o[22]$_DFFE_PN0P_,tier0,csr,control,6
cs_registers_i.u_mepc_csr.rd_data_o[23]$_DFFE_PN0P_,tier0,csr,control,6
cs_registers_i.u_mepc_csr.rd_data_o[24]$_DFFE_PN0P_,tier0,csr,control,6
cs_registers_i.u_mepc_csr.rd_data_o[25]$_DFFE_PN0P_,tier0,csr,control,6
cs_registers_i.u_mepc_csr.rd_data_o[26]$_DFFE_PN0P_,tier0,csr,control,6
cs_registers_i.u_mepc_csr.rd_data_o[27]$_DFFE_PN0P_,tier0,csr,control,6
cs_registers_i.u_mepc_csr.rd_data_o[28]$_DFFE_PN0P_,tier0,csr,control,6
cs_registers_i.u_mepc_csr.rd_data_o[29]$_DFFE_PN0P_,tier0,csr,control,6
cs_registers_i.u_mepc_csr.rd_data_o[2]$_DFFE_PN0P_,tier0,csr,control,6
cs_registers_i.u_mepc_csr.rd_data_o[30]$_DFFE_PN0P_,tier0,csr,control,6
cs_registers_i.u_mepc_csr.rd_data_o[31]$_DFFE_PN0P_,tier0,csr,control,6
cs_registers_i.u_mepc_csr.rd_data_o[3]$_DFFE_PN0P_,tier0,csr,control,6
cs_registers_i.u_mepc_csr.rd_data_o[4]$_DFFE_PN0P_,tier0,csr,control,6
cs_registers_i.u_mepc_csr.rd_data_o[5]$_DFFE_PN0P_,tier0,csr,control,6
cs_registers_i.u_mepc_csr.rd_data_o[6]$_DFFE_PN0P_,tier0,csr,control,6
cs_registers_i.u_mepc_csr.rd_data_o[7]$_DFFE_PN0P_,tier0,csr,control,6
cs_registers_i.u_mepc_csr.rd_data_o[8]$_DFFE_PN0P_,tier0,csr,control,6
cs_registers_i.u_mepc_csr.rd_data_o[9]$_DFFE_PN0P_,tier0,csr,control,6
cs_registers_i.u_mie_csr.rd_data_o[0]$_DFFE_PN0P_,tier0,csr,control,6
cs_registers_i.u_mie_csr.rd_data_o[10]$_DFFE_PN0P_,tier0,csr,control,6
cs_registers_i.u_mie_csr.rd_data_o[11]$_DFFE_PN0P_,tier0,csr,control,6
cs_registers_i.u_mie_csr.rd_data_o[12]$_DFFE_PN0P_,tier0,csr,control,6
cs_registers_i.u_mie_csr.rd_data_o[13]$_DFFE_PN0P_,tier0,csr,control,6
cs_registers_i.u_mie_csr.rd_data_o[14]$_DFFE_PN0P_,tier0,csr,control,6
cs_registers_i.u_mie_csr.rd_data_o[15]$_DFFE_PN0P_,tier0,csr,control,6
cs_registers_i.u_mie_csr.rd_data_o[16]$_DFFE_PN0P_,tier0,csr,control,6
cs_registers_i.u_mie_csr.rd_data_o[17]$_DFFE_PN0P_,tier0,csr,control,6
cs_registers_i.u_mie_csr.rd_data_o[1]$_DFFE_PN0P_,tier0,csr,control,6
cs_registers_i.u_mie_csr.rd_data_o[2]$_DFFE_PN0P_,tier0,csr,control,6
cs_registers_i.u_mie_csr.rd_data_o[3]$_DFFE_PN0P_,tier0,csr,control,6
cs_registers_i.u_mie_csr.rd_data_o[4]$_DFFE_PN0P_,tier0,csr,control,6
cs_registers_i.u_mie_csr.rd_data_o[5]$_DFFE_PN0P_,tier0,csr,control,6
cs_registers_i.u_mie_csr.rd_data_o[6]$_DFFE_PN0P_,tier0,csr,control,6
cs_registers_i.u_mie_csr.rd_data_o[7]$_DFFE_PN0P_,tier0,csr,control,6
cs_registers_i.u_mie_csr.rd_data_o[8]$_DFFE_PN0P_,tier0,csr,control,6
cs_registers_i.u_mie_csr.rd_data_o[9]$_DFFE_PN0P_,tier0,csr,control,6
cs_registers_i.u_mscratch_csr.rd_data_o[0]$_DFFE_PN0P_,tier0,csr,control,6
cs_registers_i.u_mscratch_csr.rd_data_o[10]$_DFFE_PN0P_,tier0,csr,control,6
cs_registers_i.u_mscratch_csr.rd_data_o[11]$_DFFE_PN0P_,tier0,csr,control,6
cs_registers_i.u_mscratch_csr.rd_data_o[12]$_DFFE_PN0P_,tier0,csr,control,6
cs_registers_i.u_mscratch_csr.rd_data_o[13]$_DFFE_PN0P_,tier0,csr,control,6
cs_registers_i.u_mscratch_csr.rd_data_o[14]$_DFFE_PN0P_,tier0,csr,control,6
cs_registers_i.u_mscratch_csr.rd_data_o[15]$_DFFE_PN0P_,tier0,csr,control,6
cs_registers_i.u_mscratch_csr.rd_data_o[16]$_DFFE_PN0P_,tier0,csr,control,6
cs_registers_i.u_mscratch_csr.rd_data_o[17]$_DFFE_PN0P_,tier0,csr,control,6
cs_registers_i.u_mscratch_csr.rd_data_o[18]$_DFFE_PN0P_,tier0,csr,control,6
cs_registers_i.u_mscratch_csr.rd_data_o[19]$_DFFE_PN0P_,tier0,csr,control,6
cs_registers_i.u_mscratch_csr.rd_data_o[1]$_DFFE_PN0P_,tier0,csr,control,6
cs_registers_i.u_mscratch_csr.rd_data_o[20]$_DFFE_PN0P_,tier0,csr,control,6
cs_registers_i.u_mscratch_csr.rd_data_o[21]$_DFFE_PN0P_,tier0,csr,control,6
cs_registers_i.u_mscratch_csr.rd_data_o[22]$_DFFE_PN0P_,tier0,csr,control,6
cs_registers_i.u_mscratch_csr.rd_data_o[23]$_DFFE_PN0P_,tier0,csr,control,6
cs_registers_i.u_mscratch_csr.rd_data_o[24]$_DFFE_PN0P_,tier0,csr,control,6
cs_registers_i.u_mscratch_csr.rd_data_o[25]$_DFFE_PN0P_,tier0,csr,control,6
cs_registers_i.u_mscratch_csr.rd_data_o[26]$_DFFE_PN0P_,tier0,csr,control,6
cs_registers_i.u_mscratch_csr.rd_data_o[27]$_DFFE_PN0P_,tier0,csr,control,6
cs_registers_i.u_mscratch_csr.rd_data_o[28]$_DFFE_PN0P_,tier0,csr,control,6
cs_registers_i.u_mscratch_csr.rd_data_o[29]$_DFFE_PN0P_,tier0,csr,control,6
cs_registers_i.u_mscratch_csr.rd_data_o[2]$_DFFE_PN0P_,tier0,csr,control,6
cs_registers_i.u_mscratch_csr.rd_data_o[30]$_DFFE_PN0P_,tier0,csr,control,6
cs_registers_i.u_mscratch_csr.rd_data_o[31]$_DFFE_PN0P_,tier0,csr,control,6
cs_registers_i.u_mscratch_csr.rd_data_o[3]$_DFFE_PN0P_,tier0,csr,control,6
cs_registers_i.u_mscratch_csr.rd_data_o[4]$_DFFE_PN0P_,tier0,csr,control,6
cs_registers_i.u_mscratch_csr.rd_data_o[5]$_DFFE_PN0P_,tier0,csr,control,6
cs_registers_i.u_mscratch_csr.rd_data_o[6]$_DFFE_PN0P_,tier0,csr,control,6
cs_registers_i.u_mscratch_csr.rd_data_o[7]$_DFFE_PN0P_,tier0,csr,control,6
cs_registers_i.u_mscratch_csr.rd_data_o[8]$_DFFE_PN0P_,tier0,csr,control,6
cs_registers_i.u_mscratch_csr.rd_data_o[9]$_DFFE_PN0P_,tier0,csr,control,6
cs_registers_i.u_mstack_cause_csr.rd_data_o[0]$_DFFE_PN0P_,tier0,csr,control,6
cs_registers_i.u_mstack_cause_csr.rd_data_o[1]$_DFFE_PN0P_,tier0,csr,control,6
cs_registers_i.u_mstack_cause_csr.rd_data_o[2]$_DFFE_PN0P_,tier0,csr,control,6
cs_registers_i.u_mstack_cause_csr.rd_data_o[3]$_DFFE_PN0P_,tier0,csr,control,6
cs_registers_i.u_mstack_cause_csr.rd_data_o[4]$_DFFE_PN0P_,tier0,csr,control,6
cs_registers_i.u_mstack_cause_csr.rd_data_o[5]$_DFFE_PN0P_,tier0,csr,control,6
cs_registers_i.u_mstack_csr.rd_data_o[0]$_DFFE_PN0P_,tier0,csr,control,6
cs_registers_i.u_mstack_csr.rd_data_o[1]$_DFFE_PN0P_,tier0,csr,control,6
cs_registers_i.u_mstack_csr.rd_data_o[2]$_DFFE_PN1P_,tier0,csr,control,6
cs_registers_i.u_mstack_epc_csr.rd_data_o[0]$_DFFE_PN0P_,tier0,csr,control,6
cs_registers_i.u_mstack_epc_csr.rd_data_o[10]$_DFFE_PN0P_,tier0,csr,control,6
cs_registers_i.u_mstack_epc_csr.rd_data_o[11]$_DFFE_PN0P_,tier0,csr,control,6
cs_registers_i.u_mstack_epc_csr.rd_data_o[12]$_DFFE_PN0P_,tier0,csr,control,6
cs_registers_i.u_mstack_epc_csr.rd_data_o[13]$_DFFE_PN0P_,tier0,csr,control,6
cs_registers_i.u_mstack_epc_csr.rd_data_o[14]$_DFFE_PN0P_,tier0,csr,control,6
cs_registers_i.u_mstack_epc_csr.rd_data_o[15]$_DFFE_PN0P_,tier0,csr,control,6
cs_registers_i.u_mstack_epc_csr.rd_data_o[16]$_DFFE_PN0P_,tier0,csr,control,6
cs_registers_i.u_mstack_epc_csr.rd_data_o[17]$_DFFE_PN0P_,tier0,csr,control,6
cs_registers_i.u_mstack_epc_csr.rd_data_o[18]$_DFFE_PN0P_,tier0,csr,control,6
cs_registers_i.u_mstack_epc_csr.rd_data_o[19]$_DFFE_PN0P_,tier0,csr,control,6
cs_registers_i.u_mstack_epc_csr.rd_data_o[1]$_DFFE_PN0P_,tier0,csr,control,6
cs_registers_i.u_mstack_epc_csr.rd_data_o[20]$_DFFE_PN0P_,tier0,csr,control,6
cs_registers_i.u_mstack_epc_csr.rd_data_o[21]$_DFFE_PN0P_,tier0,csr,control,6
cs_registers_i.u_mstack_epc_csr.rd_data_o[22]$_DFFE_PN0P_,tier0,csr,control,6
cs_registers_i.u_mstack_epc_csr.rd_data_o[23]$_DFFE_PN0P_,tier0,csr,control,6
cs_registers_i.u_mstack_epc_csr.rd_data_o[24]$_DFFE_PN0P_,tier0,csr,control,6
cs_registers_i.u_mstack_epc_csr.rd_data_o[25]$_DFFE_PN0P_,tier0,csr,control,6
cs_registers_i.u_mstack_epc_csr.rd_data_o[26]$_DFFE_PN0P_,tier0,csr,control,6
cs_registers_i.u_mstack_epc_csr.rd_data_o[27]$_DFFE_PN0P_,tier0,csr,control,6
cs_registers_i.u_mstack_epc_csr.rd_data_o[28]$_DFFE_PN0P_,tier0,csr,control,6
cs_registers_i.u_mstack_epc_csr.rd_data_o[29]$_DFFE_PN0P_,tier0,csr,control,6
cs_registers_i.u_mstack_epc_csr.rd_data_o[2]$_DFFE_PN0P_,tier0,csr,control,6
cs_registers_i.u_mstack_epc_csr.rd_data_o[30]$_DFFE_PN0P_,tier0,csr,control,6
cs_registers_i.u_mstack_epc_csr.rd_data_o[31]$_DFFE_PN0P_,tier0,csr,control,6
cs_registers_i.u_mstack_epc_csr.rd_data_o[3]$_DFFE_PN0P_,tier0,csr,control,6
cs_registers_i.u_mstack_epc_csr.rd_data_o[4]$_DFFE_PN0P_,tier0,csr,control,6
cs_registers_i.u_mstack_epc_csr.rd_data_o[5]$_DFFE_PN0P_,tier0,csr,control,6
cs_registers_i.u_mstack_epc_csr.rd_data_o[6]$_DFFE_PN0P_,tier0,csr,control,6
cs_registers_i.u_mstack_epc_csr.rd_data_o[7]$_DFFE_PN0P_,tier0,csr,control,6
cs_registers_i.u_mstack_epc_csr.rd_data_o[8]$_DFFE_PN0P_,tier0,csr,control,6
cs_registers_i.u_mstack_epc_csr.rd_data_o[9]$_DFFE_PN0P_,tier0,csr,control,6
cs_registers_i.u_mstatus_csr.rd_data_o[0]$_DFFE_PN0P_,tier0,csr,control,6
cs_registers_i.u_mstatus_csr.rd_data_o[1]$_DFFE_PN0P_,tier0,csr,control,6
cs_registers_i.u_mstatus_csr.rd_data_o[2]$_DFFE_PN0P_,tier0,csr,control,6
cs_registers_i.u_mstatus_csr.rd_data_o[3]$_DFFE_PN0P_,tier0,csr,control,6
cs_registers_i.u_mstatus_csr.rd_data_o[4]$_DFFE_PN1P_,tier0,csr,control,6
cs_registers_i.u_mstatus_csr.rd_data_o[5]$_DFFE_PN0P_,tier0,csr,control,6
cs_registers_i.u_mtval_csr.rd_data_o[0]$_DFFE_PN0P_,tier0,csr,control,6
cs_registers_i.u_mtval_csr.rd_data_o[10]$_DFFE_PN0P_,tier0,csr,control,6
cs_registers_i.u_mtval_csr.rd_data_o[11]$_DFFE_PN0P_,tier0,csr,control,6
cs_registers_i.u_mtval_csr.rd_data_o[12]$_DFFE_PN0P_,tier0,csr,control,6
cs_registers_i.u_mtval_csr.rd_data_o[13]$_DFFE_PN0P_,tier0,csr,control,6
cs_registers_i.u_mtval_csr.rd_data_o[14]$_DFFE_PN0P_,tier0,csr,control,6
cs_registers_i.u_mtval_csr.rd_data_o[15]$_DFFE_PN0P_,tier0,csr,control,6
cs_registers_i.u_mtval_csr.rd_data_o[16]$_DFFE_PN0P_,tier0,csr,control,6
cs_registers_i.u_mtval_csr.rd_data_o[17]$_DFFE_PN0P_,tier1,csr,control,6
cs_registers_i.u_mtval_csr.rd_data_o[18]$_DFFE_PN0P_,tier1,csr,control,6
cs_registers_i.u_mtval_csr.rd_data_o[19]$_DFFE_PN0P_,tier1,csr,control,6
cs_registers_i.u_mtval_csr.rd_data_o[1]$_DFFE_PN0P_,tier0,csr,control,6
cs_registers_i.u_mtval_csr.rd_data_o[20]$_DFFE_PN0P_,tier0,csr,control,6
cs_registers_i.u_mtval_csr.rd_data_o[21]$_DFFE_PN0P_,tier0,csr,control,6
cs_registers_i.u_mtval_csr.rd_data_o[22]$_DFFE_PN0P_,tier1,csr,control,6
cs_registers_i.u_mtval_csr.rd_data_o[23]$_DFFE_PN0P_,tier1,csr,control,6
cs_registers_i.u_mtval_csr.rd_data_o[24]$_DFFE_PN0P_,tier0,csr,control,6
cs_registers_i.u_mtval_csr.rd_data_o[25]$_DFFE_PN0P_,tier1,csr,control,6
cs_registers_i.u_mtval_csr.rd_data_o[26]$_DFFE_PN0P_,tier0,csr,control,6
cs_registers_i.u_mtval_csr.rd_data_o[27]$_DFFE_PN0P_,tier0,csr,control,6
cs_registers_i.u_mtval_csr.rd_data_o[28]$_DFFE_PN0P_,tier0,csr,control,6
cs_registers_i.u_mtval_csr.rd_data_o[29]$_DFFE_PN0P_,tier0,csr,control,6
cs_registers_i.u_mtval_csr.rd_data_o[2]$_DFFE_PN0P_,tier0,csr,control,6
cs_registers_i.u_mtval_csr.rd_data_o[30]$_DFFE_PN0P_,tier0,csr,control,6
cs_registers_i.u_mtval_csr.rd_data_o[31]$_DFFE_PN0P_,tier0,csr,control,6
cs_registers_i.u_mtval_csr.rd_data_o[3]$_DFFE_PN0P_,tier0,csr,control,6
cs_registers_i.u_mtval_csr.rd_data_o[4]$_DFFE_PN0P_,tier0,csr,control,6
cs_registers_i.u_mtval_csr.rd_data_o[5]$_DFFE_PN0P_,tier0,csr,control,6
cs_registers_i.u_mtval_csr.rd_data_o[6]$_DFFE_PN0P_,tier0,csr,control,6
cs_registers_i.u_mtval_csr.rd_data_o[7]$_DFFE_PN0P_,tier0,csr,control,6
cs_registers_i.u_mtval_csr.rd_data_o[8]$_DFFE_PN0P_,tier0,csr,control,6
cs_registers_i.u_mtval_csr.rd_data_o[9]$_DFFE_PN0P_,tier0,csr,control,6
cs_registers_i.u_mtvec_csr.rd_data_o[10]$_DFFE_PN0P_,tier0,csr,control,6
cs_registers_i.u_mtvec_csr.rd_data_o[11]$_DFFE_PN0P_,tier0,csr,control,6
cs_registers_i.u_mtvec_csr.rd_data_o[12]$_DFFE_PN0P_,tier0,csr,control,6
cs_registers_i.u_mtvec_csr.rd_data_o[13]$_DFFE_PN0P_,tier0,csr,control,6
cs_registers_i.u_mtvec_csr.rd_data_o[14]$_DFFE_PN0P_,tier0,csr,control,6
cs_registers_i.u_mtvec_csr.rd_data_o[15]$_DFFE_PN0P_,tier0,csr,control,6
cs_registers_i.u_mtvec_csr.rd_data_o[16]$_DFFE_PN0P_,tier0,csr,control,6
cs_registers_i.u_mtvec_csr.rd_data_o[17]$_DFFE_PN0P_,tier0,csr,control,6
cs_registers_i.u_mtvec_csr.rd_data_o[18]$_DFFE_PN0P_,tier0,csr,control,6
cs_registers_i.u_mtvec_csr.rd_data_o[19]$_DFFE_PN0P_,tier0,csr,control,6
cs_registers_i.u_mtvec_csr.rd_data_o[20]$_DFFE_PN0P_,tier0,csr,control,6
cs_registers_i.u_mtvec_csr.rd_data_o[21]$_DFFE_PN0P_,tier0,csr,control,6
cs_registers_i.u_mtvec_csr.rd_data_o[22]$_DFFE_PN0P_,tier0,csr,control,6
cs_registers_i.u_mtvec_csr.rd_data_o[23]$_DFFE_PN0P_,tier0,csr,control,6
cs_registers_i.u_mtvec_csr.rd_data_o[24]$_DFFE_PN0P_,tier0,csr,control,6
cs_registers_i.u_mtvec_csr.rd_data_o[25]$_DFFE_PN0P_,tier0,csr,control,6
cs_registers_i.u_mtvec_csr.rd_data_o[26]$_DFFE_PN0P_,tier0,csr,control,6
cs_registers_i.u_mtvec_csr.rd_data_o[27]$_DFFE_PN0P_,tier0,csr,control,6
cs_registers_i.u_mtvec_csr.rd_data_o[28]$_DFFE_PN0P_,tier0,csr,control,6
cs_registers_i.u_mtvec_csr.rd_data_o[29]$_DFFE_PN0P_,tier0,csr,control,6
cs_registers_i.u_mtvec_csr.rd_data_o[30]$_DFFE_PN0P_,tier0,csr,control,6
cs_registers_i.u_mtvec_csr.rd_data_o[31]$_DFFE_PN0P_,tier0,csr,control,6
cs_registers_i.u_mtvec_csr.rd_data_o[8]$_DFFE_PN0P_,tier0,csr,control,6
cs_registers_i.u_mtvec_csr.rd_data_o[9]$_DFFE_PN0P_,tier0,csr,control,6
delaybuf_0_core_clock,tier0,clock_reset,control,3
delaybuf_1_core_clock,tier0,clock_reset,control,3
ex_block_i.gen_multdiv_fast.multdiv_i.div_by_zero_q$_DFFE_PN0P_,tier0,pipeline_state,control,6
ex_block_i.gen_multdiv_fast.multdiv_i.div_counter_q[0]$_DFFE_PN0P_,tier0,pipeline_state,control,6
ex_block_i.gen_multdiv_fast.multdiv_i.div_counter_q[1]$_DFFE_PN0P_,tier0,pipeline_state,control,6
ex_block_i.gen_multdiv_fast.multdiv_i.div_counter_q[2]$_DFFE_PN0P_,tier0,pipeline_state,control,6
ex_block_i.gen_multdiv_fast.multdiv_i.div_counter_q[3]$_DFFE_PN0P_,tier0,pipeline_state,control,6
ex_block_i.gen_multdiv_fast.multdiv_i.div_counter_q[4]$_DFFE_PN0P_,tier0,pipeline_state,control,6
ex_block_i.gen_multdiv_fast.multdiv_i.gen_mult_fast.mult_state_q[0]$_DFF_PN1_,tier0,pipeline_state,control,6
ex_block_i.gen_multdiv_fast.multdiv_i.gen_mult_fast.mult_state_q[1]$_DFF_PN0_,tier0,pipeline_state,control,6
ex_block_i.gen_multdiv_fast.multdiv_i.gen_mult_fast.mult_state_q[2]$_DFF_PN0_,tier0,pipeline_state,control,6
ex_block_i.gen_multdiv_fast.multdiv_i.gen_mult_fast.mult_state_q[3]$_DFF_PN0_,tier0,pipeline_state,control,6
ex_block_i.gen_multdiv_fast.multdiv_i.md_state_q[0]$_DFF_PN1_,tier0,pipeline_state,control,6
ex_block_i.gen_multdiv_fast.multdiv_i.md_state_q[1]$_DFF_PN0_,tier0,pipeline_state,control,6
ex_block_i.gen_multdiv_fast.multdiv_i.md_state_q[2]$_DFF_PN0_,tier0,pipeline_state,control,6
ex_block_i.gen_multdiv_fast.multdiv_i.md_state_q[3]$_DFF_PN0_,tier0,pipeline_state,control,6
ex_block_i.gen_multdiv_fast.multdiv_i.md_state_q[4]$_DFF_PN0_,tier0,pipeline_state,control,6
ex_block_i.gen_multdiv_fast.multdiv_i.md_state_q[5]$_DFF_PN0_,tier0,pipeline_state,control,6
ex_block_i.gen_multdiv_fast.multdiv_i.md_state_q[6]$_DFF_PN0_,tier0,pipeline_state,control,6
ex_block_i.gen_multdiv_fast.multdiv_i.op_numerator_q[0]$_DFFE_PN0P_,tier0,pipeline_state,control,6
ex_block_i.gen_multdiv_fast.multdiv_i.op_numerator_q[10]$_DFFE_PN0P_,tier0,pipeline_state,control,6
ex_block_i.gen_multdiv_fast.multdiv_i.op_numerator_q[11]$_DFFE_PN0P_,tier0,pipeline_state,control,6
ex_block_i.gen_multdiv_fast.multdiv_i.op_numerator_q[12]$_DFFE_PN0P_,tier0,pipeline_state,control,6
ex_block_i.gen_multdiv_fast.multdiv_i.op_numerator_q[13]$_DFFE_PN0P_,tier0,pipeline_state,control,6
ex_block_i.gen_multdiv_fast.multdiv_i.op_numerator_q[14]$_DFFE_PN0P_,tier0,pipeline_state,control,6
ex_block_i.gen_multdiv_fast.multdiv_i.op_numerator_q[15]$_DFFE_PN0P_,tier0,pipeline_state,control,6
ex_block_i.gen_multdiv_fast.multdiv_i.op_numerator_q[16]$_DFFE_PN0P_,tier0,pipeline_state,control,6
ex_block_i.gen_multdiv_fast.multdiv_i.op_numerator_q[17]$_DFFE_PN0P_,tier0,pipeline_state,control,6
ex_block_i.gen_multdiv_fast.multdiv_i.op_numerator_q[18]$_DFFE_PN0P_,tier0,pipeline_state,control,6
ex_block_i.gen_multdiv_fast.multdiv_i.op_numerator_q[19]$_DFFE_PN0P_,tier0,pipeline_state,control,6
ex_block_i.gen_multdiv_fast.multdiv_i.op_numerator_q[1]$_DFFE_PN0P_,tier0,pipeline_state,control,6
ex_block_i.gen_multdiv_fast.multdiv_i.op_numerator_q[20]$_DFFE_PN0P_,tier0,pipeline_state,control,6
ex_block_i.gen_multdiv_fast.multdiv_i.op_numerator_q[21]$_DFFE_PN0P_,tier0,pipeline_state,control,6
ex_block_i.gen_multdiv_fast.multdiv_i.op_numerator_q[22]$_DFFE_PN0P_,tier0,pipeline_state,control,6
ex_block_i.gen_multdiv_fast.multdiv_i.op_numerator_q[23]$_DFFE_PN0P_,tier0,pipeline_state,control,6
ex_block_i.gen_multdiv_fast.multdiv_i.op_numerator_q[24]$_DFFE_PN0P_,tier0,pipeline_state,control,6
ex_block_i.gen_multdiv_fast.multdiv_i.op_numerator_q[25]$_DFFE_PN0P_,tier0,pipeline_state,control,6
ex_block_i.gen_multdiv_fast.multdiv_i.op_numerator_q[26]$_DFFE_PN0P_,tier0,pipeline_state,control,6
ex_block_i.gen_multdiv_fast.multdiv_i.op_numerator_q[27]$_DFFE_PN0P_,tier0,pipeline_state,control,6
ex_block_i.gen_multdiv_fast.multdiv_i.op_numerator_q[28]$_DFFE_PN0P_,tier0,pipeline_state,control,6
ex_block_i.gen_multdiv_fast.multdiv_i.op_numerator_q[29]$_DFFE_PN0P_,tier0,pipeline_state,control,6
ex_block_i.gen_multdiv_fast.multdiv_i.op_numerator_q[2]$_DFFE_PN0P_,tier0,pipeline_state,control,6
ex_block_i.gen_multdiv_fast.multdiv_i.op_numerator_q[30]$_DFFE_PN0P_,tier0,pipeline_state,control,6
ex_block_i.gen_multdiv_fast.multdiv_i.op_numerator_q[31]$_DFFE_PN0P_,tier0,pipeline_state,control,6
ex_block_i.gen_multdiv_fast.multdiv_i.op_numerator_q[3]$_DFFE_PN0P_,tier0,pipeline_state,control,6
ex_block_i.gen_multdiv_fast.multdiv_i.op_numerator_q[4]$_DFFE_PN0P_,tier0,pipeline_state,control,6
ex_block_i.gen_multdiv_fast.multdiv_i.op_numerator_q[5]$_DFFE_PN0P_,tier0,pipeline_state,control,6
ex_block_i.gen_multdiv_fast.multdiv_i.op_numerator_q[6]$_DFFE_PN0P_,tier0,pipeline_state,control,6
ex_block_i.gen_multdiv_fast.multdiv_i.op_numerator_q[7]$_DFFE_PN0P_,tier0,pipeline_state,control,6
ex_block_i.gen_multdiv_fast.multdiv_i.op_numerator_q[8]$_DFFE_PN0P_,tier0,pipeline_state,control,6
ex_block_i.gen_multdiv_fast.multdiv_i.op_numerator_q[9]$_DFFE_PN0P_,tier0,pipeline_state,control,6
ex_block_i.gen_multdiv_fast.multdiv_i.op_quotient_q[0]$_DFFE_PN0P_,tier0,pipeline_state,control,6
ex_block_i.gen_multdiv_fast.multdiv_i.op_quotient_q[10]$_DFFE_PN0P_,tier0,pipeline_state,control,6
ex_block_i.gen_multdiv_fast.multdiv_i.op_quotient_q[11]$_DFFE_PN0P_,tier0,pipeline_state,control,6
ex_block_i.gen_multdiv_fast.multdiv_i.op_quotient_q[12]$_DFFE_PN0P_,tier0,pipeline_state,control,6
ex_block_i.gen_multdiv_fast.multdiv_i.op_quotient_q[13]$_DFFE_PN0P_,tier0,pipeline_state,control,6
ex_block_i.gen_multdiv_fast.multdiv_i.op_quotient_q[14]$_DFFE_PN0P_,tier0,pipeline_state,control,6
ex_block_i.gen_multdiv_fast.multdiv_i.op_quotient_q[15]$_DFFE_PN0P_,tier0,pipeline_state,control,6
ex_block_i.gen_multdiv_fast.multdiv_i.op_quotient_q[16]$_DFFE_PN0P_,tier0,pipeline_state,control,6
ex_block_i.gen_multdiv_fast.multdiv_i.op_quotient_q[17]$_DFFE_PN0P_,tier0,pipeline_state,control,6
ex_block_i.gen_multdiv_fast.multdiv_i.op_quotient_q[18]$_DFFE_PN0P_,tier0,pipeline_state,control,6
ex_block_i.gen_multdiv_fast.multdiv_i.op_quotient_q[19]$_DFFE_PN0P_,tier0,pipeline_state,control,6
ex_block_i.gen_multdiv_fast.multdiv_i.op_quotient_q[1]$_DFFE_PN0P_,tier0,pipeline_state,control,6
ex_block_i.gen_multdiv_fast.multdiv_i.op_quotient_q[20]$_DFFE_PN0P_,tier0,pipeline_state,control,6
ex_block_i.gen_multdiv_fast.multdiv_i.op_quotient_q[21]$_DFFE_PN0P_,tier0,pipeline_state,control,6
ex_block_i.gen_multdiv_fast.multdiv_i.op_quotient_q[22]$_DFFE_PN0P_,tier0,pipeline_state,control,6
ex_block_i.gen_multdiv_fast.multdiv_i.op_quotient_q[23]$_DFFE_PN0P_,tier0,pipeline_state,control,6
ex_block_i.gen_multdiv_fast.multdiv_i.op_quotient_q[24]$_DFFE_PN0P_,tier0,pipeline_state,control,6
ex_block_i.gen_multdiv_fast.multdiv_i.op_quotient_q[25]$_DFFE_PN0P_,tier0,pipeline_state,control,6
ex_block_i.gen_multdiv_fast.multdiv_i.op_quotient_q[26]$_DFFE_PN0P_,tier0,pipeline_state,control,6
ex_block_i.gen_multdiv_fast.multdiv_i.op_quotient_q[27]$_DFFE_PN0P_,tier0,pipeline_state,control,6
ex_block_i.gen_multdiv_fast.multdiv_i.op_quotient_q[28]$_DFFE_PN0P_,tier0,pipeline_state,control,6
ex_block_i.gen_multdiv_fast.multdiv_i.op_quotient_q[29]$_DFFE_PN0P_,tier0,pipeline_state,control,6
ex_block_i.gen_multdiv_fast.multdiv_i.op_quotient_q[2]$_DFFE_PN0P_,tier0,pipeline_state,control,6
ex_block_i.gen_multdiv_fast.multdiv_i.op_quotient_q[30]$_DFFE_PN0P_,tier0,pipeline_state,control,6
ex_block_i.gen_multdiv_fast.multdiv_i.op_quotient_q[31]$_DFFE_PN0P_,tier0,pipeline_state,control,6
ex_block_i.gen_multdiv_fast.multdiv_i.op_quotient_q[3]$_DFFE_PN0P_,tier0,pipeline_state,control,6
ex_block_i.gen_multdiv_fast.multdiv_i.op_quotient_q[4]$_DFFE_PN0P_,tier0,pipeline_state,control,6
ex_block_i.gen_multdiv_fast.multdiv_i.op_quotient_q[5]$_DFFE_PN0P_,tier0,pipeline_state,control,6
ex_block_i.gen_multdiv_fast.multdiv_i.op_quotient_q[6]$_DFFE_PN0P_,tier0,pipeline_state,control,6
ex_block_i.gen_multdiv_fast.multdiv_i.op_quotient_q[7]$_DFFE_PN0P_,tier0,pipeline_state,control,6
ex_block_i.gen_multdiv_fast.multdiv_i.op_quotient_q[8]$_DFFE_PN0P_,tier0,pipeline_state,control,6
ex_block_i.gen_multdiv_fast.multdiv_i.op_quotient_q[9]$_DFFE_PN0P_,tier0,pipeline_state,control,6
fetch_enable_q$_DFFE_PN0P_,tier0,clock_reset,control,6
gen_regfile_ff.register_file_i.rf_reg[1000]$_DFFE_PN0P_,tier1,register_file,datapath,6
gen_regfile_ff.register_file_i.rf_reg[1001]$_DFFE_PN0P_,tier1,register_file,datapath,6
gen_regfile_ff.register_file_i.rf_reg[1002]$_DFFE_PN0P_,tier1,register_file,datapath,6
gen_regfile_ff.register_file_i.rf_reg[1003]$_DFFE_PN0P_,tier1,register_file,datapath,6
gen_regfile_ff.register_file_i.rf_reg[1004]$_DFFE_PN0P_,tier1,register_file,datapath,6
gen_regfile_ff.register_file_i.rf_reg[1005]$_DFFE_PN0P_,tier1,register_file,datapath,6
gen_regfile_ff.register_file_i.rf_reg[1006]$_DFFE_PN0P_,tier1,register_file,datapath,6
gen_regfile_ff.register_file_i.rf_reg[1007]$_DFFE_PN0P_,tier1,register_file,datapath,6
gen_regfile_ff.register_file_i.rf_reg[1008]$_DFFE_PN0P_,tier1,register_file,datapath,6
gen_regfile_ff.register_file_i.rf_reg[1009]$_DFFE_PN0P_,tier1,register_file,datapath,6
gen_regfile_ff.register_file_i.rf_reg[100]$_DFFE_PN0P_,tier1,register_file,datapath,6
gen_regfile_ff.register_file_i.rf_reg[1010]$_DFFE_PN0P_,tier1,register_file,datapath,6
gen_regfile_ff.register_file_i.rf_reg[1011]$_DFFE_PN0P_,tier1,register_file,datapath,6
gen_regfile_ff.register_file_i.rf_reg[1012]$_DFFE_PN0P_,tier1,register_file,datapath,6
gen_regfile_ff.register_file_i.rf_reg[1013]$_DFFE_PN0P_,tier1,register_file,datapath,6
gen_regfile_ff.register_file_i.rf_reg[1014]$_DFFE_PN0P_,tier1,register_file,datapath,6
gen_regfile_ff.register_file_i.rf_reg[1015]$_DFFE_PN0P_,tier1,register_file,datapath,6
gen_regfile_ff.register_file_i.rf_reg[1016]$_DFFE_PN0P_,tier1,register_file,datapath,6
gen_regfile_ff.register_file_i.rf_reg[1017]$_DFFE_PN0P_,tier1,register_file,datapath,6
gen_regfile_ff.register_file_i.rf_reg[1018]$_DFFE_PN0P_,tier1,register_file,datapath,6
gen_regfile_ff.register_file_i.rf_reg[1019]$_DFFE_PN0P_,tier1,register_file,datapath,6
gen_regfile_ff.register_file_i.rf_reg[101]$_DFFE_PN0P_,tier1,register_file,datapath,6
gen_regfile_ff.register_file_i.rf_reg[1020]$_DFFE_PN0P_,tier1,register_file,datapath,6
gen_regfile_ff.register_file_i.rf_reg[1021]$_DFFE_PN0P_,tier1,register_file,datapath,6
gen_regfile_ff.register_file_i.rf_reg[1022]$_DFFE_PN0P_,tier1,register_file,datapath,6
gen_regfile_ff.register_file_i.rf_reg[1023]$_DFFE_PN0P_,tier1,register_file,datapath,6
gen_regfile_ff.register_file_i.rf_reg[102]$_DFFE_PN0P_,tier1,register_file,datapath,6
gen_regfile_ff.register_file_i.rf_reg[103]$_DFFE_PN0P_,tier1,register_file,datapath,6
gen_regfile_ff.register_file_i.rf_reg[104]$_DFFE_PN0P_,tier1,register_file,datapath,6
gen_regfile_ff.register_file_i.rf_reg[105]$_DFFE_PN0P_,tier1,register_file,datapath,6
gen_regfile_ff.register_file_i.rf_reg[106]$_DFFE_PN0P_,tier1,register_file,datapath,6
gen_regfile_ff.register_file_i.rf_reg[107]$_DFFE_PN0P_,tier1,register_file,datapath,6
gen_regfile_ff.register_file_i.rf_reg[108]$_DFFE_PN0P_,tier1,register_file,datapath,6
gen_regfile_ff.register_file_i.rf_reg[109]$_DFFE_PN0P_,tier1,register_file,datapath,6
gen_regfile_ff.register_file_i.rf_reg[110]$_DFFE_PN0P_,tier1,register_file,datapath,6
gen_regfile_ff.register_file_i.rf_reg[111]$_DFFE_PN0P_,tier1,register_file,datapath,6
gen_regfile_ff.register_file_i.rf_reg[112]$_DFFE_PN0P_,tier1,register_file,datapath,6
gen_regfile_ff.register_file_i.rf_reg[113]$_DFFE_PN0P_,tier1,register_file,datapath,6
gen_regfile_ff.register_file_i.rf_reg[114]$_DFFE_PN0P_,tier1,register_file,datapath,6
gen_regfile_ff.register_file_i.rf_reg[115]$_DFFE_PN0P_,tier1,register_file,datapath,6
gen_regfile_ff.register_file_i.rf_reg[116]$_DFFE_PN0P_,tier1,register_file,datapath,6
gen_regfile_ff.register_file_i.rf_reg[117]$_DFFE_PN0P_,tier1,register_file,datapath,6
gen_regfile_ff.register_file_i.rf_reg[118]$_DFFE_PN0P_,tier1,register_file,datapath,6
gen_regfile_ff.register_file_i.rf_reg[119]$_DFFE_PN0P_,tier1,register_file,datapath,6
gen_regfile_ff.register_file_i.rf_reg[120]$_DFFE_PN0P_,tier1,register_file,datapath,6
gen_regfile_ff.register_file_i.rf_reg[121]$_DFFE_PN0P_,tier1,register_file,datapath,6
gen_regfile_ff.register_file_i.rf_reg[122]$_DFFE_PN0P_,tier1,register_file,datapath,6
gen_regfile_ff.register_file_i.rf_reg[123]$_DFFE_PN0P_,tier1,register_file,datapath,6
gen_regfile_ff.register_file_i.rf_reg[124]$_DFFE_PN0P_,tier1,register_file,datapath,6
gen_regfile_ff.register_file_i.rf_reg[125]$_DFFE_PN0P_,tier1,register_file,datapath,6
gen_regfile_ff.register_file_i.rf_reg[126]$_DFFE_PN0P_,tier1,register_file,datapath,6
gen_regfile_ff.register_file_i.rf_reg[127]$_DFFE_PN0P_,tier1,register_file,datapath,6
gen_regfile_ff.register_file_i.rf_reg[128]$_DFFE_PN0P_,tier1,register_file,datapath,6
gen_regfile_ff.register_file_i.rf_reg[129]$_DFFE_PN0P_,tier1,register_file,datapath,6
gen_regfile_ff.register_file_i.rf_reg[130]$_DFFE_PN0P_,tier1,register_file,datapath,6
gen_regfile_ff.register_file_i.rf_reg[131]$_DFFE_PN0P_,tier1,register_file,datapath,6
gen_regfile_ff.register_file_i.rf_reg[132]$_DFFE_PN0P_,tier1,register_file,datapath,6
gen_regfile_ff.register_file_i.rf_reg[133]$_DFFE_PN0P_,tier1,register_file,datapath,6
gen_regfile_ff.register_file_i.rf_reg[134]$_DFFE_PN0P_,tier1,register_file,datapath,6
gen_regfile_ff.register_file_i.rf_reg[135]$_DFFE_PN0P_,tier1,register_file,datapath,6
gen_regfile_ff.register_file_i.rf_reg[136]$_DFFE_PN0P_,tier1,register_file,datapath,6
gen_regfile_ff.register_file_i.rf_reg[137]$_DFFE_PN0P_,tier1,register_file,datapath,6
gen_regfile_ff.register_file_i.rf_reg[138]$_DFFE_PN0P_,tier1,register_file,datapath,6
gen_regfile_ff.register_file_i.rf_reg[139]$_DFFE_PN0P_,tier1,register_file,datapath,6
gen_regfile_ff.register_file_i.rf_reg[140]$_DFFE_PN0P_,tier1,register_file,datapath,6
gen_regfile_ff.register_file_i.rf_reg[141]$_DFFE_PN0P_,tier1,register_file,datapath,6
gen_regfile_ff.register_file_i.rf_reg[142]$_DFFE_PN0P_,tier1,register_file,datapath,6
gen_regfile_ff.register_file_i.rf_reg[143]$_DFFE_PN0P_,tier1,register_file,datapath,6
gen_regfile_ff.register_file_i.rf_reg[144]$_DFFE_PN0P_,tier1,register_file,datapath,6
gen_regfile_ff.register_file_i.rf_reg[145]$_DFFE_PN0P_,tier1,register_file,datapath,6
gen_regfile_ff.register_file_i.rf_reg[146]$_DFFE_PN0P_,tier1,register_file,datapath,6
gen_regfile_ff.register_file_i.rf_reg[147]$_DFFE_PN0P_,tier1,register_file,datapath,6
gen_regfile_ff.register_file_i.rf_reg[148]$_DFFE_PN0P_,tier1,register_file,datapath,6
gen_regfile_ff.register_file_i.rf_reg[149]$_DFFE_PN0P_,tier1,register_file,datapath,6
gen_regfile_ff.register_file_i.rf_reg[150]$_DFFE_PN0P_,tier1,register_file,datapath,6
gen_regfile_ff.register_file_i.rf_reg[151]$_DFFE_PN0P_,tier1,register_file,datapath,6
gen_regfile_ff.register_file_i.rf_reg[152]$_DFFE_PN0P_,tier1,register_file,datapath,6
gen_regfile_ff.register_file_i.rf_reg[153]$_DFFE_PN0P_,tier1,register_file,datapath,6
gen_regfile_ff.register_file_i.rf_reg[154]$_DFFE_PN0P_,tier1,register_file,datapath,6
gen_regfile_ff.register_file_i.rf_reg[155]$_DFFE_PN0P_,tier1,register_file,datapath,6
gen_regfile_ff.register_file_i.rf_reg[156]$_DFFE_PN0P_,tier1,register_file,datapath,6
gen_regfile_ff.register_file_i.rf_reg[157]$_DFFE_PN0P_,tier1,register_file,datapath,6
gen_regfile_ff.register_file_i.rf_reg[158]$_DFFE_PN0P_,tier1,register_file,datapath,6
gen_regfile_ff.register_file_i.rf_reg[159]$_DFFE_PN0P_,tier1,register_file,datapath,6
gen_regfile_ff.register_file_i.rf_reg[160]$_DFFE_PN0P_,tier1,register_file,datapath,6
gen_regfile_ff.register_file_i.rf_reg[161]$_DFFE_PN0P_,tier1,register_file,datapath,6
gen_regfile_ff.register_file_i.rf_reg[162]$_DFFE_PN0P_,tier1,register_file,datapath,6
gen_regfile_ff.register_file_i.rf_reg[163]$_DFFE_PN0P_,tier1,register_file,datapath,6
gen_regfile_ff.register_file_i.rf_reg[164]$_DFFE_PN0P_,tier1,register_file,datapath,6
gen_regfile_ff.register_file_i.rf_reg[165]$_DFFE_PN0P_,tier1,register_file,datapath,6
gen_regfile_ff.register_file_i.rf_reg[166]$_DFFE_PN0P_,tier1,register_file,datapath,6
gen_regfile_ff.register_file_i.rf_reg[167]$_DFFE_PN0P_,tier1,register_file,datapath,6
gen_regfile_ff.register_file_i.rf_reg[168]$_DFFE_PN0P_,tier1,register_file,datapath,6
gen_regfile_ff.register_file_i.rf_reg[169]$_DFFE_PN0P_,tier1,register_file,datapath,6
gen_regfile_ff.register_file_i.rf_reg[170]$_DFFE_PN0P_,tier1,register_file,datapath,6
gen_regfile_ff.register_file_i.rf_reg[171]$_DFFE_PN0P_,tier1,register_file,datapath,6
gen_regfile_ff.register_file_i.rf_reg[172]$_DFFE_PN0P_,tier1,register_file,datapath,6
gen_regfile_ff.register_file_i.rf_reg[173]$_DFFE_PN0P_,tier1,register_file,datapath,6
gen_regfile_ff.register_file_i.rf_reg[174]$_DFFE_PN0P_,tier1,register_file,datapath,6
gen_regfile_ff.register_file_i.rf_reg[175]$_DFFE_PN0P_,tier1,register_file,datapath,6
gen_regfile_ff.register_file_i.rf_reg[176]$_DFFE_PN0P_,tier1,register_file,datapath,6
gen_regfile_ff.register_file_i.rf_reg[177]$_DFFE_PN0P_,tier1,register_file,datapath,6
gen_regfile_ff.register_file_i.rf_reg[178]$_DFFE_PN0P_,tier1,register_file,datapath,6
gen_regfile_ff.register_file_i.rf_reg[179]$_DFFE_PN0P_,tier1,register_file,datapath,6
gen_regfile_ff.register_file_i.rf_reg[180]$_DFFE_PN0P_,tier1,register_file,datapath,6
gen_regfile_ff.register_file_i.rf_reg[181]$_DFFE_PN0P_,tier1,register_file,datapath,6
gen_regfile_ff.register_file_i.rf_reg[182]$_DFFE_PN0P_,tier1,register_file,datapath,6
gen_regfile_ff.register_file_i.rf_reg[183]$_DFFE_PN0P_,tier1,register_file,datapath,6
gen_regfile_ff.register_file_i.rf_reg[184]$_DFFE_PN0P_,tier1,register_file,datapath,6
gen_regfile_ff.register_file_i.rf_reg[185]$_DFFE_PN0P_,tier1,register_file,datapath,6
gen_regfile_ff.register_file_i.rf_reg[186]$_DFFE_PN0P_,tier1,register_file,datapath,6
gen_regfile_ff.register_file_i.rf_reg[187]$_DFFE_PN0P_,tier1,register_file,datapath,6
gen_regfile_ff.register_file_i.rf_reg[188]$_DFFE_PN0P_,tier1,register_file,datapath,6
gen_regfile_ff.register_file_i.rf_reg[189]$_DFFE_PN0P_,tier1,register_file,datapath,6
gen_regfile_ff.register_file_i.rf_reg[190]$_DFFE_PN0P_,tier1,register_file,datapath,6
gen_regfile_ff.register_file_i.rf_reg[191]$_DFFE_PN0P_,tier1,register_file,datapath,6
gen_regfile_ff.register_file_i.rf_reg[192]$_DFFE_PN0P_,tier1,register_file,datapath,6
gen_regfile_ff.register_file_i.rf_reg[193]$_DFFE_PN0P_,tier1,register_file,datapath,6
gen_regfile_ff.register_file_i.rf_reg[194]$_DFFE_PN0P_,tier1,register_file,datapath,6
gen_regfile_ff.register_file_i.rf_reg[195]$_DFFE_PN0P_,tier1,register_file,datapath,6
gen_regfile_ff.register_file_i.rf_reg[196]$_DFFE_PN0P_,tier1,register_file,datapath,6
gen_regfile_ff.register_file_i.rf_reg[197]$_DFFE_PN0P_,tier1,register_file,datapath,6
gen_regfile_ff.register_file_i.rf_reg[198]$_DFFE_PN0P_,tier1,register_file,datapath,6
gen_regfile_ff.register_file_i.rf_reg[199]$_DFFE_PN0P_,tier1,register_file,datapath,6
gen_regfile_ff.register_file_i.rf_reg[200]$_DFFE_PN0P_,tier1,register_file,datapath,6
gen_regfile_ff.register_file_i.rf_reg[201]$_DFFE_PN0P_,tier1,register_file,datapath,6
gen_regfile_ff.register_file_i.rf_reg[202]$_DFFE_PN0P_,tier1,register_file,datapath,6
gen_regfile_ff.register_file_i.rf_reg[203]$_DFFE_PN0P_,tier1,register_file,datapath,6
gen_regfile_ff.register_file_i.rf_reg[204]$_DFFE_PN0P_,tier1,register_file,datapath,6
gen_regfile_ff.register_file_i.rf_reg[205]$_DFFE_PN0P_,tier1,register_file,datapath,6
gen_regfile_ff.register_file_i.rf_reg[206]$_DFFE_PN0P_,tier1,register_file,datapath,6
gen_regfile_ff.register_file_i.rf_reg[207]$_DFFE_PN0P_,tier1,register_file,datapath,6
gen_regfile_ff.register_file_i.rf_reg[208]$_DFFE_PN0P_,tier1,register_file,datapath,6
gen_regfile_ff.register_file_i.rf_reg[209]$_DFFE_PN0P_,tier1,register_file,datapath,6
gen_regfile_ff.register_file_i.rf_reg[210]$_DFFE_PN0P_,tier1,register_file,datapath,6
gen_regfile_ff.register_file_i.rf_reg[211]$_DFFE_PN0P_,tier1,register_file,datapath,6
gen_regfile_ff.register_file_i.rf_reg[212]$_DFFE_PN0P_,tier1,register_file,datapath,6
gen_regfile_ff.register_file_i.rf_reg[213]$_DFFE_PN0P_,tier1,register_file,datapath,6
gen_regfile_ff.register_file_i.rf_reg[214]$_DFFE_PN0P_,tier1,register_file,datapath,6
gen_regfile_ff.register_file_i.rf_reg[215]$_DFFE_PN0P_,tier1,register_file,datapath,6
gen_regfile_ff.register_file_i.rf_reg[216]$_DFFE_PN0P_,tier1,register_file,datapath,6
gen_regfile_ff.register_file_i.rf_reg[217]$_DFFE_PN0P_,tier1,register_file,datapath,6
gen_regfile_ff.register_file_i.rf_reg[218]$_DFFE_PN0P_,tier1,register_file,datapath,6
gen_regfile_ff.register_file_i.rf_reg[219]$_DFFE_PN0P_,tier1,register_file,datapath,6
gen_regfile_ff.register_file_i.rf_reg[220]$_DFFE_PN0P_,tier1,register_file,datapath,6
gen_regfile_ff.register_file_i.rf_reg[221]$_DFFE_PN0P_,tier1,register_file,datapath,6
gen_regfile_ff.register_file_i.rf_reg[222]$_DFFE_PN0P_,tier1,register_file,datapath,6
gen_regfile_ff.register_file_i.rf_reg[223]$_DFFE_PN0P_,tier1,register_file,datapath,6
gen_regfile_ff.register_file_i.rf_reg[224]$_DFFE_PN0P_,tier1,register_file,datapath,6
gen_regfile_ff.register_file_i.rf_reg[225]$_DFFE_PN0P_,tier1,register_file,datapath,6
gen_regfile_ff.register_file_i.rf_reg[226]$_DFFE_PN0P_,tier1,register_file,datapath,6
gen_regfile_ff.register_file_i.rf_reg[227]$_DFFE_PN0P_,tier1,register_file,datapath,6
gen_regfile_ff.register_file_i.rf_reg[228]$_DFFE_PN0P_,tier1,register_file,datapath,6
gen_regfile_ff.register_file_i.rf_reg[229]$_DFFE_PN0P_,tier1,register_file,datapath,6
gen_regfile_ff.register_file_i.rf_reg[230]$_DFFE_PN0P_,tier1,register_file,datapath,6
gen_regfile_ff.register_file_i.rf_reg[231]$_DFFE_PN0P_,tier1,register_file,datapath,6
gen_regfile_ff.register_file_i.rf_reg[232]$_DFFE_PN0P_,tier1,register_file,datapath,6
gen_regfile_ff.register_file_i.rf_reg[233]$_DFFE_PN0P_,tier1,register_file,datapath,6
gen_regfile_ff.register_file_i.rf_reg[234]$_DFFE_PN0P_,tier1,register_file,datapath,6
gen_regfile_ff.register_file_i.rf_reg[235]$_DFFE_PN0P_,tier1,register_file,datapath,6
gen_regfile_ff.register_file_i.rf_reg[236]$_DFFE_PN0P_,tier1,register_file,datapath,6
gen_regfile_ff.register_file_i.rf_reg[237]$_DFFE_PN0P_,tier1,register_file,datapath,6
gen_regfile_ff.register_file_i.rf_reg[238]$_DFFE_PN0P_,tier1,register_file,datapath,6
gen_regfile_ff.register_file_i.rf_reg[239]$_DFFE_PN0P_,tier1,register_file,datapath,6
gen_regfile_ff.register_file_i.rf_reg[240]$_DFFE_PN0P_,tier1,register_file,datapath,6
gen_regfile_ff.register_file_i.rf_reg[241]$_DFFE_PN0P_,tier1,register_file,datapath,6
gen_regfile_ff.register_file_i.rf_reg[242]$_DFFE_PN0P_,tier1,register_file,datapath,6
gen_regfile_ff.register_file_i.rf_reg[243]$_DFFE_PN0P_,tier1,register_file,datapath,6
gen_regfile_ff.register_file_i.rf_reg[244]$_DFFE_PN0P_,tier1,register_file,datapath,6
gen_regfile_ff.register_file_i.rf_reg[245]$_DFFE_PN0P_,tier1,register_file,datapath,6
gen_regfile_ff.register_file_i.rf_reg[246]$_DFFE_PN0P_,tier1,register_file,datapath,6
gen_regfile_ff.register_file_i.rf_reg[247]$_DFFE_PN0P_,tier1,register_file,datapath,6
gen_regfile_ff.register_file_i.rf_reg[248]$_DFFE_PN0P_,tier1,register_file,datapath,6
gen_regfile_ff.register_file_i.rf_reg[249]$_DFFE_PN0P_,tier1,register_file,datapath,6
gen_regfile_ff.register_file_i.rf_reg[250]$_DFFE_PN0P_,tier1,register_file,datapath,6
gen_regfile_ff.register_file_i.rf_reg[251]$_DFFE_PN0P_,tier1,register_file,datapath,6
gen_regfile_ff.register_file_i.rf_reg[252]$_DFFE_PN0P_,tier1,register_file,datapath,6
gen_regfile_ff.register_file_i.rf_reg[253]$_DFFE_PN0P_,tier1,register_file,datapath,6
gen_regfile_ff.register_file_i.rf_reg[254]$_DFFE_PN0P_,tier1,register_file,datapath,6
gen_regfile_ff.register_file_i.rf_reg[255]$_DFFE_PN0P_,tier1,register_file,datapath,6
gen_regfile_ff.register_file_i.rf_reg[256]$_DFFE_PN0P_,tier1,register_file,datapath,6
gen_regfile_ff.register_file_i.rf_reg[257]$_DFFE_PN0P_,tier1,register_file,datapath,6
gen_regfile_ff.register_file_i.rf_reg[258]$_DFFE_PN0P_,tier1,register_file,datapath,6
gen_regfile_ff.register_file_i.rf_reg[259]$_DFFE_PN0P_,tier1,register_file,datapath,6
gen_regfile_ff.register_file_i.rf_reg[260]$_DFFE_PN0P_,tier1,register_file,datapath,6
gen_regfile_ff.register_file_i.rf_reg[261]$_DFFE_PN0P_,tier1,register_file,datapath,6
gen_regfile_ff.register_file_i.rf_reg[262]$_DFFE_PN0P_,tier1,register_file,datapath,6
gen_regfile_ff.register_file_i.rf_reg[263]$_DFFE_PN0P_,tier1,register_file,datapath,6
gen_regfile_ff.register_file_i.rf_reg[264]$_DFFE_PN0P_,tier1,register_file,datapath,6
gen_regfile_ff.register_file_i.rf_reg[265]$_DFFE_PN0P_,tier1,register_file,datapath,6
gen_regfile_ff.register_file_i.rf_reg[266]$_DFFE_PN0P_,tier1,register_file,datapath,6
gen_regfile_ff.register_file_i.rf_reg[267]$_DFFE_PN0P_,tier1,register_file,datapath,6
gen_regfile_ff.register_file_i.rf_reg[268]$_DFFE_PN0P_,tier1,register_file,datapath,6
gen_regfile_ff.register_file_i.rf_reg[269]$_DFFE_PN0P_,tier1,register_file,datapath,6
gen_regfile_ff.register_file_i.rf_reg[270]$_DFFE_PN0P_,tier1,register_file,datapath,6
gen_regfile_ff.register_file_i.rf_reg[271]$_DFFE_PN0P_,tier1,register_file,datapath,6
gen_regfile_ff.register_file_i.rf_reg[272]$_DFFE_PN0P_,tier1,register_file,datapath,6
gen_regfile_ff.register_file_i.rf_reg[273]$_DFFE_PN0P_,tier1,register_file,datapath,6
gen_regfile_ff.register_file_i.rf_reg[274]$_DFFE_PN0P_,tier1,register_file,datapath,6
gen_regfile_ff.register_file_i.rf_reg[275]$_DFFE_PN0P_,tier1,register_file,datapath,6
gen_regfile_ff.register_file_i.rf_reg[276]$_DFFE_PN0P_,tier1,register_file,datapath,6
gen_regfile_ff.register_file_i.rf_reg[277]$_DFFE_PN0P_,tier1,register_file,datapath,6
gen_regfile_ff.register_file_i.rf_reg[278]$_DFFE_PN0P_,tier1,register_file,datapath,6
gen_regfile_ff.register_file_i.rf_reg[279]$_DFFE_PN0P_,tier1,register_file,datapath,6
gen_regfile_ff.register_file_i.rf_reg[280]$_DFFE_PN0P_,tier1,register_file,datapath,6
gen_regfile_ff.register_file_i.rf_reg[281]$_DFFE_PN0P_,tier1,register_file,datapath,6
gen_regfile_ff.register_file_i.rf_reg[282]$_DFFE_PN0P_,tier1,register_file,datapath,6
gen_regfile_ff.register_file_i.rf_reg[283]$_DFFE_PN0P_,tier1,register_file,datapath,6
gen_regfile_ff.register_file_i.rf_reg[284]$_DFFE_PN0P_,tier1,register_file,datapath,6
gen_regfile_ff.register_file_i.rf_reg[285]$_DFFE_PN0P_,tier1,register_file,datapath,6
gen_regfile_ff.register_file_i.rf_reg[286]$_DFFE_PN0P_,tier1,register_file,datapath,6
gen_regfile_ff.register_file_i.rf_reg[287]$_DFFE_PN0P_,tier1,register_file,datapath,6
gen_regfile_ff.register_file_i.rf_reg[288]$_DFFE_PN0P_,tier1,register_file,datapath,6
gen_regfile_ff.register_file_i.rf_reg[289]$_DFFE_PN0P_,tier1,register_file,datapath,6
gen_regfile_ff.register_file_i.rf_reg[290]$_DFFE_PN0P_,tier1,register_file,datapath,6
gen_regfile_ff.register_file_i.rf_reg[291]$_DFFE_PN0P_,tier1,register_file,datapath,6
gen_regfile_ff.register_file_i.rf_reg[292]$_DFFE_PN0P_,tier1,register_file,datapath,6
gen_regfile_ff.register_file_i.rf_reg[293]$_DFFE_PN0P_,tier1,register_file,datapath,6
gen_regfile_ff.register_file_i.rf_reg[294]$_DFFE_PN0P_,tier1,register_file,datapath,6
gen_regfile_ff.register_file_i.rf_reg[295]$_DFFE_PN0P_,tier1,register_file,datapath,6
gen_regfile_ff.register_file_i.rf_reg[296]$_DFFE_PN0P_,tier1,register_file,datapath,6
gen_regfile_ff.register_file_i.rf_reg[297]$_DFFE_PN0P_,tier1,register_file,datapath,6
gen_regfile_ff.register_file_i.rf_reg[298]$_DFFE_PN0P_,tier1,register_file,datapath,6
gen_regfile_ff.register_file_i.rf_reg[299]$_DFFE_PN0P_,tier1,register_file,datapath,6
gen_regfile_ff.register_file_i.rf_reg[300]$_DFFE_PN0P_,tier1,register_file,datapath,6
gen_regfile_ff.register_file_i.rf_reg[301]$_DFFE_PN0P_,tier1,register_file,datapath,6
gen_regfile_ff.register_file_i.rf_reg[302]$_DFFE_PN0P_,tier1,register_file,datapath,6
gen_regfile_ff.register_file_i.rf_reg[303]$_DFFE_PN0P_,tier1,register_file,datapath,6
gen_regfile_ff.register_file_i.rf_reg[304]$_DFFE_PN0P_,tier1,register_file,datapath,6
gen_regfile_ff.register_file_i.rf_reg[305]$_DFFE_PN0P_,tier1,register_file,datapath,6
gen_regfile_ff.register_file_i.rf_reg[306]$_DFFE_PN0P_,tier1,register_file,datapath,6
gen_regfile_ff.register_file_i.rf_reg[307]$_DFFE_PN0P_,tier1,register_file,datapath,6
gen_regfile_ff.register_file_i.rf_reg[308]$_DFFE_PN0P_,tier1,register_file,datapath,6
gen_regfile_ff.register_file_i.rf_reg[309]$_DFFE_PN0P_,tier1,register_file,datapath,6
gen_regfile_ff.register_file_i.rf_reg[310]$_DFFE_PN0P_,tier1,register_file,datapath,6
gen_regfile_ff.register_file_i.rf_reg[311]$_DFFE_PN0P_,tier1,register_file,datapath,6
gen_regfile_ff.register_file_i.rf_reg[312]$_DFFE_PN0P_,tier1,register_file,datapath,6
gen_regfile_ff.register_file_i.rf_reg[313]$_DFFE_PN0P_,tier1,register_file,datapath,6
gen_regfile_ff.register_file_i.rf_reg[314]$_DFFE_PN0P_,tier1,register_file,datapath,6
gen_regfile_ff.register_file_i.rf_reg[315]$_DFFE_PN0P_,tier1,register_file,datapath,6
gen_regfile_ff.register_file_i.rf_reg[316]$_DFFE_PN0P_,tier1,register_file,datapath,6
gen_regfile_ff.register_file_i.rf_reg[317]$_DFFE_PN0P_,tier1,register_file,datapath,6
gen_regfile_ff.register_file_i.rf_reg[318]$_DFFE_PN0P_,tier1,register_file,datapath,6
gen_regfile_ff.register_file_i.rf_reg[319]$_DFFE_PN0P_,tier1,register_file,datapath,6
gen_regfile_ff.register_file_i.rf_reg[320]$_DFFE_PN0P_,tier1,register_file,datapath,6
gen_regfile_ff.register_file_i.rf_reg[321]$_DFFE_PN0P_,tier1,register_file,datapath,6
gen_regfile_ff.register_file_i.rf_reg[322]$_DFFE_PN0P_,tier1,register_file,datapath,6
gen_regfile_ff.register_file_i.rf_reg[323]$_DFFE_PN0P_,tier1,register_file,datapath,6
gen_regfile_ff.register_file_i.rf_reg[324]$_DFFE_PN0P_,tier1,register_file,datapath,6
gen_regfile_ff.register_file_i.rf_reg[325]$_DFFE_PN0P_,tier1,register_file,datapath,6
gen_regfile_ff.register_file_i.rf_reg[326]$_DFFE_PN0P_,tier1,register_file,datapath,6
gen_regfile_ff.register_file_i.rf_reg[327]$_DFFE_PN0P_,tier1,register_file,datapath,6
gen_regfile_ff.register_file_i.rf_reg[328]$_DFFE_PN0P_,tier1,register_file,datapath,6
gen_regfile_ff.register_file_i.rf_reg[329]$_DFFE_PN0P_,tier1,register_file,datapath,6
gen_regfile_ff.register_file_i.rf_reg[32]$_DFFE_PN0P_,tier1,register_file,datapath,6
gen_regfile_ff.register_file_i.rf_reg[330]$_DFFE_PN0P_,tier1,register_file,datapath,6
gen_regfile_ff.register_file_i.rf_reg[331]$_DFFE_PN0P_,tier1,register_file,datapath,6
gen_regfile_ff.register_file_i.rf_reg[332]$_DFFE_PN0P_,tier1,register_file,datapath,6
gen_regfile_ff.register_file_i.rf_reg[333]$_DFFE_PN0P_,tier1,register_file,datapath,6
gen_regfile_ff.register_file_i.rf_reg[334]$_DFFE_PN0P_,tier1,register_file,datapath,6
gen_regfile_ff.register_file_i.rf_reg[335]$_DFFE_PN0P_,tier1,register_file,datapath,6
gen_regfile_ff.register_file_i.rf_reg[336]$_DFFE_PN0P_,tier1,register_file,datapath,6
gen_regfile_ff.register_file_i.rf_reg[337]$_DFFE_PN0P_,tier1,register_file,datapath,6
gen_regfile_ff.register_file_i.rf_reg[338]$_DFFE_PN0P_,tier1,register_file,datapath,6
gen_regfile_ff.register_file_i.rf_reg[339]$_DFFE_PN0P_,tier1,register_file,datapath,6
gen_regfile_ff.register_file_i.rf_reg[33]$_DFFE_PN0P_,tier1,register_file,datapath,6
gen_regfile_ff.register_file_i.rf_reg[340]$_DFFE_PN0P_,tier1,register_file,datapath,6
gen_regfile_ff.register_file_i.rf_reg[341]$_DFFE_PN0P_,tier1,register_file,datapath,6
gen_regfile_ff.register_file_i.rf_reg[342]$_DFFE_PN0P_,tier1,register_file,datapath,6
gen_regfile_ff.register_file_i.rf_reg[343]$_DFFE_PN0P_,tier1,register_file,datapath,6
gen_regfile_ff.register_file_i.rf_reg[344]$_DFFE_PN0P_,tier1,register_file,datapath,6
gen_regfile_ff.register_file_i.rf_reg[345]$_DFFE_PN0P_,tier1,register_file,datapath,6
gen_regfile_ff.register_file_i.rf_reg[346]$_DFFE_PN0P_,tier1,register_file,datapath,6
gen_regfile_ff.register_file_i.rf_reg[347]$_DFFE_PN0P_,tier1,register_file,datapath,6
gen_regfile_ff.register_file_i.rf_reg[348]$_DFFE_PN0P_,tier1,register_file,datapath,6
gen_regfile_ff.register_file_i.rf_reg[349]$_DFFE_PN0P_,tier1,register_file,datapath,6
gen_regfile_ff.register_file_i.rf_reg[34]$_DFFE_PN0P_,tier1,register_file,datapath,6
gen_regfile_ff.register_file_i.rf_reg[350]$_DFFE_PN0P_,tier1,register_file,datapath,6
gen_regfile_ff.register_file_i.rf_reg[351]$_DFFE_PN0P_,tier1,register_file,datapath,6
gen_regfile_ff.register_file_i.rf_reg[352]$_DFFE_PN0P_,tier1,register_file,datapath,6
gen_regfile_ff.register_file_i.rf_reg[353]$_DFFE_PN0P_,tier1,register_file,datapath,6
gen_regfile_ff.register_file_i.rf_reg[354]$_DFFE_PN0P_,tier1,register_file,datapath,6
gen_regfile_ff.register_file_i.rf_reg[355]$_DFFE_PN0P_,tier1,register_file,datapath,6
gen_regfile_ff.register_file_i.rf_reg[356]$_DFFE_PN0P_,tier1,register_file,datapath,6
gen_regfile_ff.register_file_i.rf_reg[357]$_DFFE_PN0P_,tier1,register_file,datapath,6
gen_regfile_ff.register_file_i.rf_reg[358]$_DFFE_PN0P_,tier1,register_file,datapath,6
gen_regfile_ff.register_file_i.rf_reg[359]$_DFFE_PN0P_,tier1,register_file,datapath,6
gen_regfile_ff.register_file_i.rf_reg[35]$_DFFE_PN0P_,tier1,register_file,datapath,6
gen_regfile_ff.register_file_i.rf_reg[360]$_DFFE_PN0P_,tier1,register_file,datapath,6
gen_regfile_ff.register_file_i.rf_reg[361]$_DFFE_PN0P_,tier1,register_file,datapath,6
gen_regfile_ff.register_file_i.rf_reg[362]$_DFFE_PN0P_,tier1,register_file,datapath,6
gen_regfile_ff.register_file_i.rf_reg[363]$_DFFE_PN0P_,tier1,register_file,datapath,6
gen_regfile_ff.register_file_i.rf_reg[364]$_DFFE_PN0P_,tier1,register_file,datapath,6
gen_regfile_ff.register_file_i.rf_reg[365]$_DFFE_PN0P_,tier1,register_file,datapath,6
gen_regfile_ff.register_file_i.rf_reg[366]$_DFFE_PN0P_,tier1,register_file,datapath,6
gen_regfile_ff.register_file_i.rf_reg[367]$_DFFE_PN0P_,tier1,register_file,datapath,6
gen_regfile_ff.register_file_i.rf_reg[368]$_DFFE_PN0P_,tier1,register_file,datapath,6
gen_regfile_ff.register_file_i.rf_reg[369]$_DFFE_PN0P_,tier1,register_file,datapath,6
gen_regfile_ff.register_file_i.rf_reg[36]$_DFFE_PN0P_,tier1,register_file,datapath,6
gen_regfile_ff.register_file_i.rf_reg[370]$_DFFE_PN0P_,tier1,register_file,datapath,6
gen_regfile_ff.register_file_i.rf_reg[371]$_DFFE_PN0P_,tier1,register_file,datapath,6
gen_regfile_ff.register_file_i.rf_reg[372]$_DFFE_PN0P_,tier1,register_file,datapath,6
gen_regfile_ff.register_file_i.rf_reg[373]$_DFFE_PN0P_,tier1,register_file,datapath,6
gen_regfile_ff.register_file_i.rf_reg[374]$_DFFE_PN0P_,tier1,register_file,datapath,6
gen_regfile_ff.register_file_i.rf_reg[375]$_DFFE_PN0P_,tier1,register_file,datapath,6
gen_regfile_ff.register_file_i.rf_reg[376]$_DFFE_PN0P_,tier1,register_file,datapath,6
gen_regfile_ff.register_file_i.rf_reg[377]$_DFFE_PN0P_,tier1,register_file,datapath,6
gen_regfile_ff.register_file_i.rf_reg[378]$_DFFE_PN0P_,tier1,register_file,datapath,6
gen_regfile_ff.register_file_i.rf_reg[379]$_DFFE_PN0P_,tier1,register_file,datapath,6
gen_regfile_ff.register_file_i.rf_reg[37]$_DFFE_PN0P_,tier1,register_file,datapath,6
gen_regfile_ff.register_file_i.rf_reg[380]$_DFFE_PN0P_,tier1,register_file,datapath,6
gen_regfile_ff.register_file_i.rf_reg[381]$_DFFE_PN0P_,tier1,register_file,datapath,6
gen_regfile_ff.register_file_i.rf_reg[382]$_DFFE_PN0P_,tier1,register_file,datapath,6
gen_regfile_ff.register_file_i.rf_reg[383]$_DFFE_PN0P_,tier1,register_file,datapath,6
gen_regfile_ff.register_file_i.rf_reg[384]$_DFFE_PN0P_,tier1,register_file,datapath,6
gen_regfile_ff.register_file_i.rf_reg[385]$_DFFE_PN0P_,tier1,register_file,datapath,6
gen_regfile_ff.register_file_i.rf_reg[386]$_DFFE_PN0P_,tier1,register_file,datapath,6
gen_regfile_ff.register_file_i.rf_reg[387]$_DFFE_PN0P_,tier1,register_file,datapath,6
gen_regfile_ff.register_file_i.rf_reg[388]$_DFFE_PN0P_,tier1,register_file,datapath,6
gen_regfile_ff.register_file_i.rf_reg[389]$_DFFE_PN0P_,tier1,register_file,datapath,6
gen_regfile_ff.register_file_i.rf_reg[38]$_DFFE_PN0P_,tier1,register_file,datapath,6
gen_regfile_ff.register_file_i.rf_reg[390]$_DFFE_PN0P_,tier1,register_file,datapath,6
gen_regfile_ff.register_file_i.rf_reg[391]$_DFFE_PN0P_,tier1,register_file,datapath,6
gen_regfile_ff.register_file_i.rf_reg[392]$_DFFE_PN0P_,tier1,register_file,datapath,6
gen_regfile_ff.register_file_i.rf_reg[393]$_DFFE_PN0P_,tier1,register_file,datapath,6
gen_regfile_ff.register_file_i.rf_reg[394]$_DFFE_PN0P_,tier1,register_file,datapath,6
gen_regfile_ff.register_file_i.rf_reg[395]$_DFFE_PN0P_,tier1,register_file,datapath,6
gen_regfile_ff.register_file_i.rf_reg[396]$_DFFE_PN0P_,tier1,register_file,datapath,6
gen_regfile_ff.register_file_i.rf_reg[397]$_DFFE_PN0P_,tier1,register_file,datapath,6
gen_regfile_ff.register_file_i.rf_reg[398]$_DFFE_PN0P_,tier1,register_file,datapath,6
gen_regfile_ff.register_file_i.rf_reg[399]$_DFFE_PN0P_,tier1,register_file,datapath,6
gen_regfile_ff.register_file_i.rf_reg[39]$_DFFE_PN0P_,tier1,register_file,datapath,6
gen_regfile_ff.register_file_i.rf_reg[400]$_DFFE_PN0P_,tier1,register_file,datapath,6
gen_regfile_ff.register_file_i.rf_reg[401]$_DFFE_PN0P_,tier1,register_file,datapath,6
gen_regfile_ff.register_file_i.rf_reg[402]$_DFFE_PN0P_,tier1,register_file,datapath,6
gen_regfile_ff.register_file_i.rf_reg[403]$_DFFE_PN0P_,tier1,register_file,datapath,6
gen_regfile_ff.register_file_i.rf_reg[404]$_DFFE_PN0P_,tier1,register_file,datapath,6
gen_regfile_ff.register_file_i.rf_reg[405]$_DFFE_PN0P_,tier1,register_file,datapath,6
gen_regfile_ff.register_file_i.rf_reg[406]$_DFFE_PN0P_,tier1,register_file,datapath,6
gen_regfile_ff.register_file_i.rf_reg[407]$_DFFE_PN0P_,tier1,register_file,datapath,6
gen_regfile_ff.register_file_i.rf_reg[408]$_DFFE_PN0P_,tier1,register_file,datapath,6
gen_regfile_ff.register_file_i.rf_reg[409]$_DFFE_PN0P_,tier1,register_file,datapath,6
gen_regfile_ff.register_file_i.rf_reg[40]$_DFFE_PN0P_,tier1,register_file,datapath,6
gen_regfile_ff.register_file_i.rf_reg[410]$_DFFE_PN0P_,tier1,register_file,datapath,6
gen_regfile_ff.register_file_i.rf_reg[411]$_DFFE_PN0P_,tier1,register_file,datapath,6
gen_regfile_ff.register_file_i.rf_reg[412]$_DFFE_PN0P_,tier1,register_file,datapath,6
gen_regfile_ff.register_file_i.rf_reg[413]$_DFFE_PN0P_,tier1,register_file,datapath,6
gen_regfile_ff.register_file_i.rf_reg[414]$_DFFE_PN0P_,tier1,register_file,datapath,6
gen_regfile_ff.register_file_i.rf_reg[415]$_DFFE_PN0P_,tier1,register_file,datapath,6
gen_regfile_ff.register_file_i.rf_reg[416]$_DFFE_PN0P_,tier1,register_file,datapath,6
gen_regfile_ff.register_file_i.rf_reg[417]$_DFFE_PN0P_,tier1,register_file,datapath,6
gen_regfile_ff.register_file_i.rf_reg[418]$_DFFE_PN0P_,tier1,register_file,datapath,6
gen_regfile_ff.register_file_i.rf_reg[419]$_DFFE_PN0P_,tier1,register_file,datapath,6
gen_regfile_ff.register_file_i.rf_reg[41]$_DFFE_PN0P_,tier1,register_file,datapath,6
gen_regfile_ff.register_file_i.rf_reg[420]$_DFFE_PN0P_,tier1,register_file,datapath,6
gen_regfile_ff.register_file_i.rf_reg[421]$_DFFE_PN0P_,tier1,register_file,datapath,6
gen_regfile_ff.register_file_i.rf_reg[422]$_DFFE_PN0P_,tier1,register_file,datapath,6
gen_regfile_ff.register_file_i.rf_reg[423]$_DFFE_PN0P_,tier1,register_file,datapath,6
gen_regfile_ff.register_file_i.rf_reg[424]$_DFFE_PN0P_,tier1,register_file,datapath,6
gen_regfile_ff.register_file_i.rf_reg[425]$_DFFE_PN0P_,tier1,register_file,datapath,6
gen_regfile_ff.register_file_i.rf_reg[426]$_DFFE_PN0P_,tier1,register_file,datapath,6
gen_regfile_ff.register_file_i.rf_reg[427]$_DFFE_PN0P_,tier1,register_file,datapath,6
gen_regfile_ff.register_file_i.rf_reg[428]$_DFFE_PN0P_,tier1,register_file,datapath,6
gen_regfile_ff.register_file_i.rf_reg[429]$_DFFE_PN0P_,tier1,register_file,datapath,6
gen_regfile_ff.register_file_i.rf_reg[42]$_DFFE_PN0P_,tier1,register_file,datapath,6
gen_regfile_ff.register_file_i.rf_reg[430]$_DFFE_PN0P_,tier1,register_file,datapath,6
gen_regfile_ff.register_file_i.rf_reg[431]$_DFFE_PN0P_,tier1,register_file,datapath,6
gen_regfile_ff.register_file_i.rf_reg[432]$_DFFE_PN0P_,tier1,register_file,datapath,6
gen_regfile_ff.register_file_i.rf_reg[433]$_DFFE_PN0P_,tier1,register_file,datapath,6
gen_regfile_ff.register_file_i.rf_reg[434]$_DFFE_PN0P_,tier1,register_file,datapath,6
gen_regfile_ff.register_file_i.rf_reg[435]$_DFFE_PN0P_,tier1,register_file,datapath,6
gen_regfile_ff.register_file_i.rf_reg[436]$_DFFE_PN0P_,tier1,register_file,datapath,6
gen_regfile_ff.register_file_i.rf_reg[437]$_DFFE_PN0P_,tier1,register_file,datapath,6
gen_regfile_ff.register_file_i.rf_reg[438]$_DFFE_PN0P_,tier1,register_file,datapath,6
gen_regfile_ff.register_file_i.rf_reg[439]$_DFFE_PN0P_,tier1,register_file,datapath,6
gen_regfile_ff.register_file_i.rf_reg[43]$_DFFE_PN0P_,tier1,register_file,datapath,6
gen_regfile_ff.register_file_i.rf_reg[440]$_DFFE_PN0P_,tier1,register_file,datapath,6
gen_regfile_ff.register_file_i.rf_reg[441]$_DFFE_PN0P_,tier1,register_file,datapath,6
gen_regfile_ff.register_file_i.rf_reg[442]$_DFFE_PN0P_,tier1,register_file,datapath,6
gen_regfile_ff.register_file_i.rf_reg[443]$_DFFE_PN0P_,tier1,register_file,datapath,6
gen_regfile_ff.register_file_i.rf_reg[444]$_DFFE_PN0P_,tier1,register_file,datapath,6
gen_regfile_ff.register_file_i.rf_reg[445]$_DFFE_PN0P_,tier1,register_file,datapath,6
gen_regfile_ff.register_file_i.rf_reg[446]$_DFFE_PN0P_,tier1,register_file,datapath,6
gen_regfile_ff.register_file_i.rf_reg[447]$_DFFE_PN0P_,tier1,register_file,datapath,6
gen_regfile_ff.register_file_i.rf_reg[448]$_DFFE_PN0P_,tier1,register_file,datapath,6
gen_regfile_ff.register_file_i.rf_reg[449]$_DFFE_PN0P_,tier1,register_file,datapath,6
gen_regfile_ff.register_file_i.rf_reg[44]$_DFFE_PN0P_,tier1,register_file,datapath,6
gen_regfile_ff.register_file_i.rf_reg[450]$_DFFE_PN0P_,tier1,register_file,datapath,6
gen_regfile_ff.register_file_i.rf_reg[451]$_DFFE_PN0P_,tier1,register_file,datapath,6
gen_regfile_ff.register_file_i.rf_reg[452]$_DFFE_PN0P_,tier1,register_file,datapath,6
gen_regfile_ff.register_file_i.rf_reg[453]$_DFFE_PN0P_,tier1,register_file,datapath,6
gen_regfile_ff.register_file_i.rf_reg[454]$_DFFE_PN0P_,tier1,register_file,datapath,6
gen_regfile_ff.register_file_i.rf_reg[455]$_DFFE_PN0P_,tier1,register_file,datapath,6
gen_regfile_ff.register_file_i.rf_reg[456]$_DFFE_PN0P_,tier1,register_file,datapath,6
gen_regfile_ff.register_file_i.rf_reg[457]$_DFFE_PN0P_,tier1,register_file,datapath,6
gen_regfile_ff.register_file_i.rf_reg[458]$_DFFE_PN0P_,tier1,register_file,datapath,6
gen_regfile_ff.register_file_i.rf_reg[459]$_DFFE_PN0P_,tier1,register_file,datapath,6
gen_regfile_ff.register_file_i.rf_reg[45]$_DFFE_PN0P_,tier1,register_file,datapath,6
gen_regfile_ff.register_file_i.rf_reg[460]$_DFFE_PN0P_,tier1,register_file,datapath,6
gen_regfile_ff.register_file_i.rf_reg[461]$_DFFE_PN0P_,tier1,register_file,datapath,6
gen_regfile_ff.register_file_i.rf_reg[462]$_DFFE_PN0P_,tier1,register_file,datapath,6
gen_regfile_ff.register_file_i.rf_reg[463]$_DFFE_PN0P_,tier1,register_file,datapath,6
gen_regfile_ff.register_file_i.rf_reg[464]$_DFFE_PN0P_,tier1,register_file,datapath,6
gen_regfile_ff.register_file_i.rf_reg[465]$_DFFE_PN0P_,tier1,register_file,datapath,6
gen_regfile_ff.register_file_i.rf_reg[466]$_DFFE_PN0P_,tier1,register_file,datapath,6
gen_regfile_ff.register_file_i.rf_reg[467]$_DFFE_PN0P_,tier1,register_file,datapath,6
gen_regfile_ff.register_file_i.rf_reg[468]$_DFFE_PN0P_,tier1,register_file,datapath,6
gen_regfile_ff.register_file_i.rf_reg[469]$_DFFE_PN0P_,tier1,register_file,datapath,6
gen_regfile_ff.register_file_i.rf_reg[46]$_DFFE_PN0P_,tier1,register_file,datapath,6
gen_regfile_ff.register_file_i.rf_reg[470]$_DFFE_PN0P_,tier1,register_file,datapath,6
gen_regfile_ff.register_file_i.rf_reg[471]$_DFFE_PN0P_,tier1,register_file,datapath,6
gen_regfile_ff.register_file_i.rf_reg[472]$_DFFE_PN0P_,tier1,register_file,datapath,6
gen_regfile_ff.register_file_i.rf_reg[473]$_DFFE_PN0P_,tier1,register_file,datapath,6
gen_regfile_ff.register_file_i.rf_reg[474]$_DFFE_PN0P_,tier1,register_file,datapath,6
gen_regfile_ff.register_file_i.rf_reg[475]$_DFFE_PN0P_,tier1,register_file,datapath,6
gen_regfile_ff.register_file_i.rf_reg[476]$_DFFE_PN0P_,tier1,register_file,datapath,6
gen_regfile_ff.register_file_i.rf_reg[477]$_DFFE_PN0P_,tier1,register_file,datapath,6
gen_regfile_ff.register_file_i.rf_reg[478]$_DFFE_PN0P_,tier1,register_file,datapath,6
gen_regfile_ff.register_file_i.rf_reg[479]$_DFFE_PN0P_,tier1,register_file,datapath,6
gen_regfile_ff.register_file_i.rf_reg[47]$_DFFE_PN0P_,tier1,register_file,datapath,6
gen_regfile_ff.register_file_i.rf_reg[480]$_DFFE_PN0P_,tier1,register_file,datapath,6
gen_regfile_ff.register_file_i.rf_reg[481]$_DFFE_PN0P_,tier1,register_file,datapath,6
gen_regfile_ff.register_file_i.rf_reg[482]$_DFFE_PN0P_,tier1,register_file,datapath,6
gen_regfile_ff.register_file_i.rf_reg[483]$_DFFE_PN0P_,tier1,register_file,datapath,6
gen_regfile_ff.register_file_i.rf_reg[484]$_DFFE_PN0P_,tier1,register_file,datapath,6
gen_regfile_ff.register_file_i.rf_reg[485]$_DFFE_PN0P_,tier1,register_file,datapath,6
gen_regfile_ff.register_file_i.rf_reg[486]$_DFFE_PN0P_,tier1,register_file,datapath,6
gen_regfile_ff.register_file_i.rf_reg[487]$_DFFE_PN0P_,tier1,register_file,datapath,6
gen_regfile_ff.register_file_i.rf_reg[488]$_DFFE_PN0P_,tier1,register_file,datapath,6
gen_regfile_ff.register_file_i.rf_reg[489]$_DFFE_PN0P_,tier1,register_file,datapath,6
gen_regfile_ff.register_file_i.rf_reg[48]$_DFFE_PN0P_,tier1,register_file,datapath,6
gen_regfile_ff.register_file_i.rf_reg[490]$_DFFE_PN0P_,tier1,register_file,datapath,6
gen_regfile_ff.register_file_i.rf_reg[491]$_DFFE_PN0P_,tier1,register_file,datapath,6
gen_regfile_ff.register_file_i.rf_reg[492]$_DFFE_PN0P_,tier1,register_file,datapath,6
gen_regfile_ff.register_file_i.rf_reg[493]$_DFFE_PN0P_,tier1,register_file,datapath,6
gen_regfile_ff.register_file_i.rf_reg[494]$_DFFE_PN0P_,tier1,register_file,datapath,6
gen_regfile_ff.register_file_i.rf_reg[495]$_DFFE_PN0P_,tier1,register_file,datapath,6
gen_regfile_ff.register_file_i.rf_reg[496]$_DFFE_PN0P_,tier1,register_file,datapath,6
gen_regfile_ff.register_file_i.rf_reg[497]$_DFFE_PN0P_,tier1,register_file,datapath,6
gen_regfile_ff.register_file_i.rf_reg[498]$_DFFE_PN0P_,tier1,register_file,datapath,6
gen_regfile_ff.register_file_i.rf_reg[499]$_DFFE_PN0P_,tier1,register_file,datapath,6
gen_regfile_ff.register_file_i.rf_reg[49]$_DFFE_PN0P_,tier1,register_file,datapath,6
gen_regfile_ff.register_file_i.rf_reg[500]$_DFFE_PN0P_,tier1,register_file,datapath,6
gen_regfile_ff.register_file_i.rf_reg[501]$_DFFE_PN0P_,tier1,register_file,datapath,6
gen_regfile_ff.register_file_i.rf_reg[502]$_DFFE_PN0P_,tier1,register_file,datapath,6
gen_regfile_ff.register_file_i.rf_reg[503]$_DFFE_PN0P_,tier1,register_file,datapath,6
gen_regfile_ff.register_file_i.rf_reg[504]$_DFFE_PN0P_,tier1,register_file,datapath,6
gen_regfile_ff.register_file_i.rf_reg[505]$_DFFE_PN0P_,tier1,register_file,datapath,6
gen_regfile_ff.register_file_i.rf_reg[506]$_DFFE_PN0P_,tier1,register_file,datapath,6
gen_regfile_ff.register_file_i.rf_reg[507]$_DFFE_PN0P_,tier1,register_file,datapath,6
gen_regfile_ff.register_file_i.rf_reg[508]$_DFFE_PN0P_,tier1,register_file,datapath,6
gen_regfile_ff.register_file_i.rf_reg[509]$_DFFE_PN0P_,tier1,register_file,datapath,6
gen_regfile_ff.register_file_i.rf_reg[50]$_DFFE_PN0P_,tier1,register_file,datapath,6
gen_regfile_ff.register_file_i.rf_reg[510]$_DFFE_PN0P_,tier1,register_file,datapath,6
gen_regfile_ff.register_file_i.rf_reg[511]$_DFFE_PN0P_,tier1,register_file,datapath,6
gen_regfile_ff.register_file_i.rf_reg[512]$_DFFE_PN0P_,tier1,register_file,datapath,6
gen_regfile_ff.register_file_i.rf_reg[513]$_DFFE_PN0P_,tier1,register_file,datapath,6
gen_regfile_ff.register_file_i.rf_reg[514]$_DFFE_PN0P_,tier1,register_file,datapath,6
gen_regfile_ff.register_file_i.rf_reg[515]$_DFFE_PN0P_,tier1,register_file,datapath,6
gen_regfile_ff.register_file_i.rf_reg[516]$_DFFE_PN0P_,tier1,register_file,datapath,6
gen_regfile_ff.register_file_i.rf_reg[517]$_DFFE_PN0P_,tier1,register_file,datapath,6
gen_regfile_ff.register_file_i.rf_reg[518]$_DFFE_PN0P_,tier1,register_file,datapath,6
gen_regfile_ff.register_file_i.rf_reg[519]$_DFFE_PN0P_,tier1,register_file,datapath,6
gen_regfile_ff.register_file_i.rf_reg[51]$_DFFE_PN0P_,tier1,register_file,datapath,6
gen_regfile_ff.register_file_i.rf_reg[520]$_DFFE_PN0P_,tier1,register_file,datapath,6
gen_regfile_ff.register_file_i.rf_reg[521]$_DFFE_PN0P_,tier1,register_file,datapath,6
gen_regfile_ff.register_file_i.rf_reg[522]$_DFFE_PN0P_,tier1,register_file,datapath,6
gen_regfile_ff.register_file_i.rf_reg[523]$_DFFE_PN0P_,tier1,register_file,datapath,6
gen_regfile_ff.register_file_i.rf_reg[524]$_DFFE_PN0P_,tier1,register_file,datapath,6
gen_regfile_ff.register_file_i.rf_reg[525]$_DFFE_PN0P_,tier1,register_file,datapath,6
gen_regfile_ff.register_file_i.rf_reg[526]$_DFFE_PN0P_,tier1,register_file,datapath,6
gen_regfile_ff.register_file_i.rf_reg[527]$_DFFE_PN0P_,tier1,register_file,datapath,6
gen_regfile_ff.register_file_i.rf_reg[528]$_DFFE_PN0P_,tier1,register_file,datapath,6
gen_regfile_ff.register_file_i.rf_reg[529]$_DFFE_PN0P_,tier1,register_file,datapath,6
gen_regfile_ff.register_file_i.rf_reg[52]$_DFFE_PN0P_,tier1,register_file,datapath,6
gen_regfile_ff.register_file_i.rf_reg[530]$_DFFE_PN0P_,tier1,register_file,datapath,6
gen_regfile_ff.register_file_i.rf_reg[531]$_DFFE_PN0P_,tier1,register_file,datapath,6
gen_regfile_ff.register_file_i.rf_reg[532]$_DFFE_PN0P_,tier1,register_file,datapath,6
gen_regfile_ff.register_file_i.rf_reg[533]$_DFFE_PN0P_,tier1,register_file,datapath,6
gen_regfile_ff.register_file_i.rf_reg[534]$_DFFE_PN0P_,tier1,register_file,datapath,6
gen_regfile_ff.register_file_i.rf_reg[535]$_DFFE_PN0P_,tier1,register_file,datapath,6
gen_regfile_ff.register_file_i.rf_reg[536]$_DFFE_PN0P_,tier1,register_file,datapath,6
gen_regfile_ff.register_file_i.rf_reg[537]$_DFFE_PN0P_,tier1,register_file,datapath,6
gen_regfile_ff.register_file_i.rf_reg[538]$_DFFE_PN0P_,tier1,register_file,datapath,6
gen_regfile_ff.register_file_i.rf_reg[539]$_DFFE_PN0P_,tier1,register_file,datapath,6
gen_regfile_ff.register_file_i.rf_reg[53]$_DFFE_PN0P_,tier1,register_file,datapath,6
gen_regfile_ff.register_file_i.rf_reg[540]$_DFFE_PN0P_,tier1,register_file,datapath,6
gen_regfile_ff.register_file_i.rf_reg[541]$_DFFE_PN0P_,tier1,register_file,datapath,6
gen_regfile_ff.register_file_i.rf_reg[542]$_DFFE_PN0P_,tier1,register_file,datapath,6
gen_regfile_ff.register_file_i.rf_reg[543]$_DFFE_PN0P_,tier1,register_file,datapath,6
gen_regfile_ff.register_file_i.rf_reg[544]$_DFFE_PN0P_,tier1,register_file,datapath,6
gen_regfile_ff.register_file_i.rf_reg[545]$_DFFE_PN0P_,tier1,register_file,datapath,6
gen_regfile_ff.register_file_i.rf_reg[546]$_DFFE_PN0P_,tier1,register_file,datapath,6
gen_regfile_ff.register_file_i.rf_reg[547]$_DFFE_PN0P_,tier1,register_file,datapath,6
gen_regfile_ff.register_file_i.rf_reg[548]$_DFFE_PN0P_,tier1,register_file,datapath,6
gen_regfile_ff.register_file_i.rf_reg[549]$_DFFE_PN0P_,tier1,register_file,datapath,6
gen_regfile_ff.register_file_i.rf_reg[54]$_DFFE_PN0P_,tier1,register_file,datapath,6
gen_regfile_ff.register_file_i.rf_reg[550]$_DFFE_PN0P_,tier1,register_file,datapath,6
gen_regfile_ff.register_file_i.rf_reg[551]$_DFFE_PN0P_,tier1,register_file,datapath,6
gen_regfile_ff.register_file_i.rf_reg[552]$_DFFE_PN0P_,tier1,register_file,datapath,6
gen_regfile_ff.register_file_i.rf_reg[553]$_DFFE_PN0P_,tier1,register_file,datapath,6
gen_regfile_ff.register_file_i.rf_reg[554]$_DFFE_PN0P_,tier1,register_file,datapath,6
gen_regfile_ff.register_file_i.rf_reg[555]$_DFFE_PN0P_,tier1,register_file,datapath,6
gen_regfile_ff.register_file_i.rf_reg[556]$_DFFE_PN0P_,tier1,register_file,datapath,6
gen_regfile_ff.register_file_i.rf_reg[557]$_DFFE_PN0P_,tier1,register_file,datapath,6
gen_regfile_ff.register_file_i.rf_reg[558]$_DFFE_PN0P_,tier1,register_file,datapath,6
gen_regfile_ff.register_file_i.rf_reg[559]$_DFFE_PN0P_,tier1,register_file,datapath,6
gen_regfile_ff.register_file_i.rf_reg[55]$_DFFE_PN0P_,tier1,register_file,datapath,6
gen_regfile_ff.register_file_i.rf_reg[560]$_DFFE_PN0P_,tier1,register_file,datapath,6
gen_regfile_ff.register_file_i.rf_reg[561]$_DFFE_PN0P_,tier1,register_file,datapath,6
gen_regfile_ff.register_file_i.rf_reg[562]$_DFFE_PN0P_,tier1,register_file,datapath,6
gen_regfile_ff.register_file_i.rf_reg[563]$_DFFE_PN0P_,tier1,register_file,datapath,6
gen_regfile_ff.register_file_i.rf_reg[564]$_DFFE_PN0P_,tier1,register_file,datapath,6
gen_regfile_ff.register_file_i.rf_reg[565]$_DFFE_PN0P_,tier1,register_file,datapath,6
gen_regfile_ff.register_file_i.rf_reg[566]$_DFFE_PN0P_,tier1,register_file,datapath,6
gen_regfile_ff.register_file_i.rf_reg[567]$_DFFE_PN0P_,tier1,register_file,datapath,6
gen_regfile_ff.register_file_i.rf_reg[568]$_DFFE_PN0P_,tier1,register_file,datapath,6
gen_regfile_ff.register_file_i.rf_reg[569]$_DFFE_PN0P_,tier1,register_file,datapath,6
gen_regfile_ff.register_file_i.rf_reg[56]$_DFFE_PN0P_,tier1,register_file,datapath,6
gen_regfile_ff.register_file_i.rf_reg[570]$_DFFE_PN0P_,tier1,register_file,datapath,6
gen_regfile_ff.register_file_i.rf_reg[571]$_DFFE_PN0P_,tier1,register_file,datapath,6
gen_regfile_ff.register_file_i.rf_reg[572]$_DFFE_PN0P_,tier1,register_file,datapath,6
gen_regfile_ff.register_file_i.rf_reg[573]$_DFFE_PN0P_,tier1,register_file,datapath,6
gen_regfile_ff.register_file_i.rf_reg[574]$_DFFE_PN0P_,tier1,register_file,datapath,6
gen_regfile_ff.register_file_i.rf_reg[575]$_DFFE_PN0P_,tier1,register_file,datapath,6
gen_regfile_ff.register_file_i.rf_reg[576]$_DFFE_PN0P_,tier1,register_file,datapath,6
gen_regfile_ff.register_file_i.rf_reg[577]$_DFFE_PN0P_,tier1,register_file,datapath,6
gen_regfile_ff.register_file_i.rf_reg[578]$_DFFE_PN0P_,tier1,register_file,datapath,6
gen_regfile_ff.register_file_i.rf_reg[579]$_DFFE_PN0P_,tier1,register_file,datapath,6
gen_regfile_ff.register_file_i.rf_reg[57]$_DFFE_PN0P_,tier1,register_file,datapath,6
gen_regfile_ff.register_file_i.rf_reg[580]$_DFFE_PN0P_,tier1,register_file,datapath,6
gen_regfile_ff.register_file_i.rf_reg[581]$_DFFE_PN0P_,tier1,register_file,datapath,6
gen_regfile_ff.register_file_i.rf_reg[582]$_DFFE_PN0P_,tier1,register_file,datapath,6
gen_regfile_ff.register_file_i.rf_reg[583]$_DFFE_PN0P_,tier1,register_file,datapath,6
gen_regfile_ff.register_file_i.rf_reg[584]$_DFFE_PN0P_,tier1,register_file,datapath,6
gen_regfile_ff.register_file_i.rf_reg[585]$_DFFE_PN0P_,tier1,register_file,datapath,6
gen_regfile_ff.register_file_i.rf_reg[586]$_DFFE_PN0P_,tier1,register_file,datapath,6
gen_regfile_ff.register_file_i.rf_reg[587]$_DFFE_PN0P_,tier1,register_file,datapath,6
gen_regfile_ff.register_file_i.rf_reg[588]$_DFFE_PN0P_,tier1,register_file,datapath,6
gen_regfile_ff.register_file_i.rf_reg[589]$_DFFE_PN0P_,tier1,register_file,datapath,6
gen_regfile_ff.register_file_i.rf_reg[58]$_DFFE_PN0P_,tier1,register_file,datapath,6
gen_regfile_ff.register_file_i.rf_reg[590]$_DFFE_PN0P_,tier1,register_file,datapath,6
gen_regfile_ff.register_file_i.rf_reg[591]$_DFFE_PN0P_,tier1,register_file,datapath,6
gen_regfile_ff.register_file_i.rf_reg[592]$_DFFE_PN0P_,tier1,register_file,datapath,6
gen_regfile_ff.register_file_i.rf_reg[593]$_DFFE_PN0P_,tier1,register_file,datapath,6
gen_regfile_ff.register_file_i.rf_reg[594]$_DFFE_PN0P_,tier1,register_file,datapath,6
gen_regfile_ff.register_file_i.rf_reg[595]$_DFFE_PN0P_,tier1,register_file,datapath,6
gen_regfile_ff.register_file_i.rf_reg[596]$_DFFE_PN0P_,tier1,register_file,datapath,6
gen_regfile_ff.register_file_i.rf_reg[597]$_DFFE_PN0P_,tier1,register_file,datapath,6
gen_regfile_ff.register_file_i.rf_reg[598]$_DFFE_PN0P_,tier1,register_file,datapath,6
gen_regfile_ff.register_file_i.rf_reg[599]$_DFFE_PN0P_,tier1,register_file,datapath,6
gen_regfile_ff.register_file_i.rf_reg[59]$_DFFE_PN0P_,tier1,register_file,datapath,6
gen_regfile_ff.register_file_i.rf_reg[600]$_DFFE_PN0P_,tier1,register_file,datapath,6
gen_regfile_ff.register_file_i.rf_reg[601]$_DFFE_PN0P_,tier1,register_file,datapath,6
gen_regfile_ff.register_file_i.rf_reg[602]$_DFFE_PN0P_,tier1,register_file,datapath,6
gen_regfile_ff.register_file_i.rf_reg[603]$_DFFE_PN0P_,tier1,register_file,datapath,6
gen_regfile_ff.register_file_i.rf_reg[604]$_DFFE_PN0P_,tier1,register_file,datapath,6
gen_regfile_ff.register_file_i.rf_reg[605]$_DFFE_PN0P_,tier1,register_file,datapath,6
gen_regfile_ff.register_file_i.rf_reg[606]$_DFFE_PN0P_,tier1,register_file,datapath,6
gen_regfile_ff.register_file_i.rf_reg[607]$_DFFE_PN0P_,tier1,register_file,datapath,6
gen_regfile_ff.register_file_i.rf_reg[608]$_DFFE_PN0P_,tier1,register_file,datapath,6
gen_regfile_ff.register_file_i.rf_reg[609]$_DFFE_PN0P_,tier1,register_file,datapath,6
gen_regfile_ff.register_file_i.rf_reg[60]$_DFFE_PN0P_,tier1,register_file,datapath,6
gen_regfile_ff.register_file_i.rf_reg[610]$_DFFE_PN0P_,tier1,register_file,datapath,6
gen_regfile_ff.register_file_i.rf_reg[611]$_DFFE_PN0P_,tier1,register_file,datapath,6
gen_regfile_ff.register_file_i.rf_reg[612]$_DFFE_PN0P_,tier1,register_file,datapath,6
gen_regfile_ff.register_file_i.rf_reg[613]$_DFFE_PN0P_,tier1,register_file,datapath,6
gen_regfile_ff.register_file_i.rf_reg[614]$_DFFE_PN0P_,tier1,register_file,datapath,6
gen_regfile_ff.register_file_i.rf_reg[615]$_DFFE_PN0P_,tier1,register_file,datapath,6
gen_regfile_ff.register_file_i.rf_reg[616]$_DFFE_PN0P_,tier1,register_file,datapath,6
gen_regfile_ff.register_file_i.rf_reg[617]$_DFFE_PN0P_,tier1,register_file,datapath,6
gen_regfile_ff.register_file_i.rf_reg[618]$_DFFE_PN0P_,tier1,register_file,datapath,6
gen_regfile_ff.register_file_i.rf_reg[619]$_DFFE_PN0P_,tier1,register_file,datapath,6
gen_regfile_ff.register_file_i.rf_reg[61]$_DFFE_PN0P_,tier1,register_file,datapath,6
gen_regfile_ff.register_file_i.rf_reg[620]$_DFFE_PN0P_,tier1,register_file,datapath,6
gen_regfile_ff.register_file_i.rf_reg[621]$_DFFE_PN0P_,tier1,register_file,datapath,6
gen_regfile_ff.register_file_i.rf_reg[622]$_DFFE_PN0P_,tier1,register_file,datapath,6
gen_regfile_ff.register_file_i.rf_reg[623]$_DFFE_PN0P_,tier1,register_file,datapath,6
gen_regfile_ff.register_file_i.rf_reg[624]$_DFFE_PN0P_,tier1,register_file,datapath,6
gen_regfile_ff.register_file_i.rf_reg[625]$_DFFE_PN0P_,tier1,register_file,datapath,6
gen_regfile_ff.register_file_i.rf_reg[626]$_DFFE_PN0P_,tier1,register_file,datapath,6
gen_regfile_ff.register_file_i.rf_reg[627]$_DFFE_PN0P_,tier1,register_file,datapath,6
gen_regfile_ff.register_file_i.rf_reg[628]$_DFFE_PN0P_,tier1,register_file,datapath,6
gen_regfile_ff.register_file_i.rf_reg[629]$_DFFE_PN0P_,tier1,register_file,datapath,6
gen_regfile_ff.register_file_i.rf_reg[62]$_DFFE_PN0P_,tier1,register_file,datapath,6
gen_regfile_ff.register_file_i.rf_reg[630]$_DFFE_PN0P_,tier1,register_file,datapath,6
gen_regfile_ff.register_file_i.rf_reg[631]$_DFFE_PN0P_,tier1,register_file,datapath,6
gen_regfile_ff.register_file_i.rf_reg[632]$_DFFE_PN0P_,tier1,register_file,datapath,6
gen_regfile_ff.register_file_i.rf_reg[633]$_DFFE_PN0P_,tier1,register_file,datapath,6
gen_regfile_ff.register_file_i.rf_reg[634]$_DFFE_PN0P_,tier1,register_file,datapath,6
gen_regfile_ff.register_file_i.rf_reg[635]$_DFFE_PN0P_,tier1,register_file,datapath,6
gen_regfile_ff.register_file_i.rf_reg[636]$_DFFE_PN0P_,tier1,register_file,datapath,6
gen_regfile_ff.register_file_i.rf_reg[637]$_DFFE_PN0P_,tier1,register_file,datapath,6
gen_regfile_ff.register_file_i.rf_reg[638]$_DFFE_PN0P_,tier1,register_file,datapath,6
gen_regfile_ff.register_file_i.rf_reg[639]$_DFFE_PN0P_,tier1,register_file,datapath,6
gen_regfile_ff.register_file_i.rf_reg[63]$_DFFE_PN0P_,tier1,register_file,datapath,6
gen_regfile_ff.register_file_i.rf_reg[640]$_DFFE_PN0P_,tier1,register_file,datapath,6
gen_regfile_ff.register_file_i.rf_reg[641]$_DFFE_PN0P_,tier1,register_file,datapath,6
gen_regfile_ff.register_file_i.rf_reg[642]$_DFFE_PN0P_,tier1,register_file,datapath,6
gen_regfile_ff.register_file_i.rf_reg[643]$_DFFE_PN0P_,tier1,register_file,datapath,6
gen_regfile_ff.register_file_i.rf_reg[644]$_DFFE_PN0P_,tier1,register_file,datapath,6
gen_regfile_ff.register_file_i.rf_reg[645]$_DFFE_PN0P_,tier1,register_file,datapath,6
gen_regfile_ff.register_file_i.rf_reg[646]$_DFFE_PN0P_,tier1,register_file,datapath,6
gen_regfile_ff.register_file_i.rf_reg[647]$_DFFE_PN0P_,tier1,register_file,datapath,6
gen_regfile_ff.register_file_i.rf_reg[648]$_DFFE_PN0P_,tier1,register_file,datapath,6
gen_regfile_ff.register_file_i.rf_reg[649]$_DFFE_PN0P_,tier1,register_file,datapath,6
gen_regfile_ff.register_file_i.rf_reg[64]$_DFFE_PN0P_,tier1,register_file,datapath,6
gen_regfile_ff.register_file_i.rf_reg[650]$_DFFE_PN0P_,tier1,register_file,datapath,6
gen_regfile_ff.register_file_i.rf_reg[651]$_DFFE_PN0P_,tier1,register_file,datapath,6
gen_regfile_ff.register_file_i.rf_reg[652]$_DFFE_PN0P_,tier1,register_file,datapath,6
gen_regfile_ff.register_file_i.rf_reg[653]$_DFFE_PN0P_,tier1,register_file,datapath,6
gen_regfile_ff.register_file_i.rf_reg[654]$_DFFE_PN0P_,tier1,register_file,datapath,6
gen_regfile_ff.register_file_i.rf_reg[655]$_DFFE_PN0P_,tier1,register_file,datapath,6
gen_regfile_ff.register_file_i.rf_reg[656]$_DFFE_PN0P_,tier1,register_file,datapath,6
gen_regfile_ff.register_file_i.rf_reg[657]$_DFFE_PN0P_,tier1,register_file,datapath,6
gen_regfile_ff.register_file_i.rf_reg[658]$_DFFE_PN0P_,tier1,register_file,datapath,6
gen_regfile_ff.register_file_i.rf_reg[659]$_DFFE_PN0P_,tier1,register_file,datapath,6
gen_regfile_ff.register_file_i.rf_reg[65]$_DFFE_PN0P_,tier1,register_file,datapath,6
gen_regfile_ff.register_file_i.rf_reg[660]$_DFFE_PN0P_,tier1,register_file,datapath,6
gen_regfile_ff.register_file_i.rf_reg[661]$_DFFE_PN0P_,tier1,register_file,datapath,6
gen_regfile_ff.register_file_i.rf_reg[662]$_DFFE_PN0P_,tier1,register_file,datapath,6
gen_regfile_ff.register_file_i.rf_reg[663]$_DFFE_PN0P_,tier1,register_file,datapath,6
gen_regfile_ff.register_file_i.rf_reg[664]$_DFFE_PN0P_,tier1,register_file,datapath,6
gen_regfile_ff.register_file_i.rf_reg[665]$_DFFE_PN0P_,tier1,register_file,datapath,6
gen_regfile_ff.register_file_i.rf_reg[666]$_DFFE_PN0P_,tier1,register_file,datapath,6
gen_regfile_ff.register_file_i.rf_reg[667]$_DFFE_PN0P_,tier1,register_file,datapath,6
gen_regfile_ff.register_file_i.rf_reg[668]$_DFFE_PN0P_,tier1,register_file,datapath,6
gen_regfile_ff.register_file_i.rf_reg[669]$_DFFE_PN0P_,tier1,register_file,datapath,6
gen_regfile_ff.register_file_i.rf_reg[66]$_DFFE_PN0P_,tier1,register_file,datapath,6
gen_regfile_ff.register_file_i.rf_reg[670]$_DFFE_PN0P_,tier1,register_file,datapath,6
gen_regfile_ff.register_file_i.rf_reg[671]$_DFFE_PN0P_,tier1,register_file,datapath,6
gen_regfile_ff.register_file_i.rf_reg[672]$_DFFE_PN0P_,tier1,register_file,datapath,6
gen_regfile_ff.register_file_i.rf_reg[673]$_DFFE_PN0P_,tier1,register_file,datapath,6
gen_regfile_ff.register_file_i.rf_reg[674]$_DFFE_PN0P_,tier1,register_file,datapath,6
gen_regfile_ff.register_file_i.rf_reg[675]$_DFFE_PN0P_,tier1,register_file,datapath,6
gen_regfile_ff.register_file_i.rf_reg[676]$_DFFE_PN0P_,tier1,register_file,datapath,6
gen_regfile_ff.register_file_i.rf_reg[677]$_DFFE_PN0P_,tier1,register_file,datapath,6
gen_regfile_ff.register_file_i.rf_reg[678]$_DFFE_PN0P_,tier1,register_file,datapath,6
gen_regfile_ff.register_file_i.rf_reg[679]$_DFFE_PN0P_,tier1,register_file,datapath,6
gen_regfile_ff.register_file_i.rf_reg[67]$_DFFE_PN0P_,tier1,register_file,datapath,6
gen_regfile_ff.register_file_i.rf_reg[680]$_DFFE_PN0P_,tier1,register_file,datapath,6
gen_regfile_ff.register_file_i.rf_reg[681]$_DFFE_PN0P_,tier1,register_file,datapath,6
gen_regfile_ff.register_file_i.rf_reg[682]$_DFFE_PN0P_,tier1,register_file,datapath,6
gen_regfile_ff.register_file_i.rf_reg[683]$_DFFE_PN0P_,tier1,register_file,datapath,6
gen_regfile_ff.register_file_i.rf_reg[684]$_DFFE_PN0P_,tier1,register_file,datapath,6
gen_regfile_ff.register_file_i.rf_reg[685]$_DFFE_PN0P_,tier1,register_file,datapath,6
gen_regfile_ff.register_file_i.rf_reg[686]$_DFFE_PN0P_,tier1,register_file,datapath,6
gen_regfile_ff.register_file_i.rf_reg[687]$_DFFE_PN0P_,tier1,register_file,datapath,6
gen_regfile_ff.register_file_i.rf_reg[688]$_DFFE_PN0P_,tier1,register_file,datapath,6
gen_regfile_ff.register_file_i.rf_reg[689]$_DFFE_PN0P_,tier1,register_file,datapath,6
gen_regfile_ff.register_file_i.rf_reg[68]$_DFFE_PN0P_,tier1,register_file,datapath,6
gen_regfile_ff.register_file_i.rf_reg[690]$_DFFE_PN0P_,tier1,register_file,datapath,6
gen_regfile_ff.register_file_i.rf_reg[691]$_DFFE_PN0P_,tier1,register_file,datapath,6
gen_regfile_ff.register_file_i.rf_reg[692]$_DFFE_PN0P_,tier1,register_file,datapath,6
gen_regfile_ff.register_file_i.rf_reg[693]$_DFFE_PN0P_,tier1,register_file,datapath,6
gen_regfile_ff.register_file_i.rf_reg[694]$_DFFE_PN0P_,tier1,register_file,datapath,6
gen_regfile_ff.register_file_i.rf_reg[695]$_DFFE_PN0P_,tier1,register_file,datapath,6
gen_regfile_ff.register_file_i.rf_reg[696]$_DFFE_PN0P_,tier1,register_file,datapath,6
gen_regfile_ff.register_file_i.rf_reg[697]$_DFFE_PN0P_,tier1,register_file,datapath,6
gen_regfile_ff.register_file_i.rf_reg[698]$_DFFE_PN0P_,tier1,register_file,datapath,6
gen_regfile_ff.register_file_i.rf_reg[699]$_DFFE_PN0P_,tier1,register_file,datapath,6
gen_regfile_ff.register_file_i.rf_reg[69]$_DFFE_PN0P_,tier1,register_file,datapath,6
gen_regfile_ff.register_file_i.rf_reg[700]$_DFFE_PN0P_,tier1,register_file,datapath,6
gen_regfile_ff.register_file_i.rf_reg[701]$_DFFE_PN0P_,tier1,register_file,datapath,6
gen_regfile_ff.register_file_i.rf_reg[702]$_DFFE_PN0P_,tier1,register_file,datapath,6
gen_regfile_ff.register_file_i.rf_reg[703]$_DFFE_PN0P_,tier1,register_file,datapath,6
gen_regfile_ff.register_file_i.rf_reg[704]$_DFFE_PN0P_,tier1,register_file,datapath,6
gen_regfile_ff.register_file_i.rf_reg[705]$_DFFE_PN0P_,tier1,register_file,datapath,6
gen_regfile_ff.register_file_i.rf_reg[706]$_DFFE_PN0P_,tier1,register_file,datapath,6
gen_regfile_ff.register_file_i.rf_reg[707]$_DFFE_PN0P_,tier1,register_file,datapath,6
gen_regfile_ff.register_file_i.rf_reg[708]$_DFFE_PN0P_,tier1,register_file,datapath,6
gen_regfile_ff.register_file_i.rf_reg[709]$_DFFE_PN0P_,tier1,register_file,datapath,6
gen_regfile_ff.register_file_i.rf_reg[70]$_DFFE_PN0P_,tier1,register_file,datapath,6
gen_regfile_ff.register_file_i.rf_reg[710]$_DFFE_PN0P_,tier1,register_file,datapath,6
gen_regfile_ff.register_file_i.rf_reg[711]$_DFFE_PN0P_,tier1,register_file,datapath,6
gen_regfile_ff.register_file_i.rf_reg[712]$_DFFE_PN0P_,tier1,register_file,datapath,6
gen_regfile_ff.register_file_i.rf_reg[713]$_DFFE_PN0P_,tier1,register_file,datapath,6
gen_regfile_ff.register_file_i.rf_reg[714]$_DFFE_PN0P_,tier1,register_file,datapath,6
gen_regfile_ff.register_file_i.rf_reg[715]$_DFFE_PN0P_,tier1,register_file,datapath,6
gen_regfile_ff.register_file_i.rf_reg[716]$_DFFE_PN0P_,tier1,register_file,datapath,6
gen_regfile_ff.register_file_i.rf_reg[717]$_DFFE_PN0P_,tier1,register_file,datapath,6
gen_regfile_ff.register_file_i.rf_reg[718]$_DFFE_PN0P_,tier1,register_file,datapath,6
gen_regfile_ff.register_file_i.rf_reg[719]$_DFFE_PN0P_,tier1,register_file,datapath,6
gen_regfile_ff.register_file_i.rf_reg[71]$_DFFE_PN0P_,tier1,register_file,datapath,6
gen_regfile_ff.register_file_i.rf_reg[720]$_DFFE_PN0P_,tier1,register_file,datapath,6
gen_regfile_ff.register_file_i.rf_reg[721]$_DFFE_PN0P_,tier1,register_file,datapath,6
gen_regfile_ff.register_file_i.rf_reg[722]$_DFFE_PN0P_,tier1,register_file,datapath,6
gen_regfile_ff.register_file_i.rf_reg[723]$_DFFE_PN0P_,tier1,register_file,datapath,6
gen_regfile_ff.register_file_i.rf_reg[724]$_DFFE_PN0P_,tier1,register_file,datapath,6
gen_regfile_ff.register_file_i.rf_reg[725]$_DFFE_PN0P_,tier1,register_file,datapath,6
gen_regfile_ff.register_file_i.rf_reg[726]$_DFFE_PN0P_,tier1,register_file,datapath,6
gen_regfile_ff.register_file_i.rf_reg[727]$_DFFE_PN0P_,tier1,register_file,datapath,6
gen_regfile_ff.register_file_i.rf_reg[728]$_DFFE_PN0P_,tier1,register_file,datapath,6
gen_regfile_ff.register_file_i.rf_reg[729]$_DFFE_PN0P_,tier1,register_file,datapath,6
gen_regfile_ff.register_file_i.rf_reg[72]$_DFFE_PN0P_,tier1,register_file,datapath,6
gen_regfile_ff.register_file_i.rf_reg[730]$_DFFE_PN0P_,tier1,register_file,datapath,6
gen_regfile_ff.register_file_i.rf_reg[731]$_DFFE_PN0P_,tier1,register_file,datapath,6
gen_regfile_ff.register_file_i.rf_reg[732]$_DFFE_PN0P_,tier1,register_file,datapath,6
gen_regfile_ff.register_file_i.rf_reg[733]$_DFFE_PN0P_,tier1,register_file,datapath,6
gen_regfile_ff.register_file_i.rf_reg[734]$_DFFE_PN0P_,tier1,register_file,datapath,6
gen_regfile_ff.register_file_i.rf_reg[735]$_DFFE_PN0P_,tier1,register_file,datapath,6
gen_regfile_ff.register_file_i.rf_reg[736]$_DFFE_PN0P_,tier1,register_file,datapath,6
gen_regfile_ff.register_file_i.rf_reg[737]$_DFFE_PN0P_,tier1,register_file,datapath,6
gen_regfile_ff.register_file_i.rf_reg[738]$_DFFE_PN0P_,tier1,register_file,datapath,6
gen_regfile_ff.register_file_i.rf_reg[739]$_DFFE_PN0P_,tier1,register_file,datapath,6
gen_regfile_ff.register_file_i.rf_reg[73]$_DFFE_PN0P_,tier1,register_file,datapath,6
gen_regfile_ff.register_file_i.rf_reg[740]$_DFFE_PN0P_,tier1,register_file,datapath,6
gen_regfile_ff.register_file_i.rf_reg[741]$_DFFE_PN0P_,tier1,register_file,datapath,6
gen_regfile_ff.register_file_i.rf_reg[742]$_DFFE_PN0P_,tier1,register_file,datapath,6
gen_regfile_ff.register_file_i.rf_reg[743]$_DFFE_PN0P_,tier1,register_file,datapath,6
gen_regfile_ff.register_file_i.rf_reg[744]$_DFFE_PN0P_,tier1,register_file,datapath,6
gen_regfile_ff.register_file_i.rf_reg[745]$_DFFE_PN0P_,tier1,register_file,datapath,6
gen_regfile_ff.register_file_i.rf_reg[746]$_DFFE_PN0P_,tier1,register_file,datapath,6
gen_regfile_ff.register_file_i.rf_reg[747]$_DFFE_PN0P_,tier1,register_file,datapath,6
gen_regfile_ff.register_file_i.rf_reg[748]$_DFFE_PN0P_,tier1,register_file,datapath,6
gen_regfile_ff.register_file_i.rf_reg[749]$_DFFE_PN0P_,tier1,register_file,datapath,6
gen_regfile_ff.register_file_i.rf_reg[74]$_DFFE_PN0P_,tier1,register_file,datapath,6
gen_regfile_ff.register_file_i.rf_reg[750]$_DFFE_PN0P_,tier1,register_file,datapath,6
gen_regfile_ff.register_file_i.rf_reg[751]$_DFFE_PN0P_,tier1,register_file,datapath,6
gen_regfile_ff.register_file_i.rf_reg[752]$_DFFE_PN0P_,tier1,register_file,datapath,6
gen_regfile_ff.register_file_i.rf_reg[753]$_DFFE_PN0P_,tier1,register_file,datapath,6
gen_regfile_ff.register_file_i.rf_reg[754]$_DFFE_PN0P_,tier1,register_file,datapath,6
gen_regfile_ff.register_file_i.rf_reg[755]$_DFFE_PN0P_,tier1,register_file,datapath,6
gen_regfile_ff.register_file_i.rf_reg[756]$_DFFE_PN0P_,tier1,register_file,datapath,6
gen_regfile_ff.register_file_i.rf_reg[757]$_DFFE_PN0P_,tier1,register_file,datapath,6
gen_regfile_ff.register_file_i.rf_reg[758]$_DFFE_PN0P_,tier1,register_file,datapath,6
gen_regfile_ff.register_file_i.rf_reg[759]$_DFFE_PN0P_,tier1,register_file,datapath,6
gen_regfile_ff.register_file_i.rf_reg[75]$_DFFE_PN0P_,tier1,register_file,datapath,6
gen_regfile_ff.register_file_i.rf_reg[760]$_DFFE_PN0P_,tier1,register_file,datapath,6
gen_regfile_ff.register_file_i.rf_reg[761]$_DFFE_PN0P_,tier1,register_file,datapath,6
gen_regfile_ff.register_file_i.rf_reg[762]$_DFFE_PN0P_,tier1,register_file,datapath,6
gen_regfile_ff.register_file_i.rf_reg[763]$_DFFE_PN0P_,tier1,register_file,datapath,6
gen_regfile_ff.register_file_i.rf_reg[764]$_DFFE_PN0P_,tier1,register_file,datapath,6
gen_regfile_ff.register_file_i.rf_reg[765]$_DFFE_PN0P_,tier1,register_file,datapath,6
gen_regfile_ff.register_file_i.rf_reg[766]$_DFFE_PN0P_,tier1,register_file,datapath,6
gen_regfile_ff.register_file_i.rf_reg[767]$_DFFE_PN0P_,tier1,register_file,datapath,6
gen_regfile_ff.register_file_i.rf_reg[768]$_DFFE_PN0P_,tier1,register_file,datapath,6
gen_regfile_ff.register_file_i.rf_reg[769]$_DFFE_PN0P_,tier1,register_file,datapath,6
gen_regfile_ff.register_file_i.rf_reg[76]$_DFFE_PN0P_,tier1,register_file,datapath,6
gen_regfile_ff.register_file_i.rf_reg[770]$_DFFE_PN0P_,tier1,register_file,datapath,6
gen_regfile_ff.register_file_i.rf_reg[771]$_DFFE_PN0P_,tier1,register_file,datapath,6
gen_regfile_ff.register_file_i.rf_reg[772]$_DFFE_PN0P_,tier1,register_file,datapath,6
gen_regfile_ff.register_file_i.rf_reg[773]$_DFFE_PN0P_,tier1,register_file,datapath,6
gen_regfile_ff.register_file_i.rf_reg[774]$_DFFE_PN0P_,tier1,register_file,datapath,6
gen_regfile_ff.register_file_i.rf_reg[775]$_DFFE_PN0P_,tier1,register_file,datapath,6
gen_regfile_ff.register_file_i.rf_reg[776]$_DFFE_PN0P_,tier1,register_file,datapath,6
gen_regfile_ff.register_file_i.rf_reg[777]$_DFFE_PN0P_,tier1,register_file,datapath,6
gen_regfile_ff.register_file_i.rf_reg[778]$_DFFE_PN0P_,tier1,register_file,datapath,6
gen_regfile_ff.register_file_i.rf_reg[779]$_DFFE_PN0P_,tier1,register_file,datapath,6
gen_regfile_ff.register_file_i.rf_reg[77]$_DFFE_PN0P_,tier1,register_file,datapath,6
gen_regfile_ff.register_file_i.rf_reg[780]$_DFFE_PN0P_,tier1,register_file,datapath,6
gen_regfile_ff.register_file_i.rf_reg[781]$_DFFE_PN0P_,tier1,register_file,datapath,6
gen_regfile_ff.register_file_i.rf_reg[782]$_DFFE_PN0P_,tier1,register_file,datapath,6
gen_regfile_ff.register_file_i.rf_reg[783]$_DFFE_PN0P_,tier1,register_file,datapath,6
gen_regfile_ff.register_file_i.rf_reg[784]$_DFFE_PN0P_,tier1,register_file,datapath,6
gen_regfile_ff.register_file_i.rf_reg[785]$_DFFE_PN0P_,tier1,register_file,datapath,6
gen_regfile_ff.register_file_i.rf_reg[786]$_DFFE_PN0P_,tier1,register_file,datapath,6
gen_regfile_ff.register_file_i.rf_reg[787]$_DFFE_PN0P_,tier1,register_file,datapath,6
gen_regfile_ff.register_file_i.rf_reg[788]$_DFFE_PN0P_,tier1,register_file,datapath,6
gen_regfile_ff.register_file_i.rf_reg[789]$_DFFE_PN0P_,tier1,register_file,datapath,6
gen_regfile_ff.register_file_i.rf_reg[78]$_DFFE_PN0P_,tier1,register_file,datapath,6
gen_regfile_ff.register_file_i.rf_reg[790]$_DFFE_PN0P_,tier1,register_file,datapath,6
gen_regfile_ff.register_file_i.rf_reg[791]$_DFFE_PN0P_,tier1,register_file,datapath,6
gen_regfile_ff.register_file_i.rf_reg[792]$_DFFE_PN0P_,tier1,register_file,datapath,6
gen_regfile_ff.register_file_i.rf_reg[793]$_DFFE_PN0P_,tier1,register_file,datapath,6
gen_regfile_ff.register_file_i.rf_reg[794]$_DFFE_PN0P_,tier1,register_file,datapath,6
gen_regfile_ff.register_file_i.rf_reg[795]$_DFFE_PN0P_,tier1,register_file,datapath,6
gen_regfile_ff.register_file_i.rf_reg[796]$_DFFE_PN0P_,tier1,register_file,datapath,6
gen_regfile_ff.register_file_i.rf_reg[797]$_DFFE_PN0P_,tier1,register_file,datapath,6
gen_regfile_ff.register_file_i.rf_reg[798]$_DFFE_PN0P_,tier1,register_file,datapath,6
gen_regfile_ff.register_file_i.rf_reg[799]$_DFFE_PN0P_,tier1,register_file,datapath,6
gen_regfile_ff.register_file_i.rf_reg[79]$_DFFE_PN0P_,tier1,register_file,datapath,6
gen_regfile_ff.register_file_i.rf_reg[800]$_DFFE_PN0P_,tier1,register_file,datapath,6
gen_regfile_ff.register_file_i.rf_reg[801]$_DFFE_PN0P_,tier1,register_file,datapath,6
gen_regfile_ff.register_file_i.rf_reg[802]$_DFFE_PN0P_,tier1,register_file,datapath,6
gen_regfile_ff.register_file_i.rf_reg[803]$_DFFE_PN0P_,tier1,register_file,datapath,6
gen_regfile_ff.register_file_i.rf_reg[804]$_DFFE_PN0P_,tier1,register_file,datapath,6
gen_regfile_ff.register_file_i.rf_reg[805]$_DFFE_PN0P_,tier1,register_file,datapath,6
gen_regfile_ff.register_file_i.rf_reg[806]$_DFFE_PN0P_,tier1,register_file,datapath,6
gen_regfile_ff.register_file_i.rf_reg[807]$_DFFE_PN0P_,tier1,register_file,datapath,6
gen_regfile_ff.register_file_i.rf_reg[808]$_DFFE_PN0P_,tier1,register_file,datapath,6
gen_regfile_ff.register_file_i.rf_reg[809]$_DFFE_PN0P_,tier1,register_file,datapath,6
gen_regfile_ff.register_file_i.rf_reg[80]$_DFFE_PN0P_,tier1,register_file,datapath,6
gen_regfile_ff.register_file_i.rf_reg[810]$_DFFE_PN0P_,tier1,register_file,datapath,6
gen_regfile_ff.register_file_i.rf_reg[811]$_DFFE_PN0P_,tier1,register_file,datapath,6
gen_regfile_ff.register_file_i.rf_reg[812]$_DFFE_PN0P_,tier1,register_file,datapath,6
gen_regfile_ff.register_file_i.rf_reg[813]$_DFFE_PN0P_,tier1,register_file,datapath,6
gen_regfile_ff.register_file_i.rf_reg[814]$_DFFE_PN0P_,tier1,register_file,datapath,6
gen_regfile_ff.register_file_i.rf_reg[815]$_DFFE_PN0P_,tier1,register_file,datapath,6
gen_regfile_ff.register_file_i.rf_reg[816]$_DFFE_PN0P_,tier1,register_file,datapath,6
gen_regfile_ff.register_file_i.rf_reg[817]$_DFFE_PN0P_,tier1,register_file,datapath,6
gen_regfile_ff.register_file_i.rf_reg[818]$_DFFE_PN0P_,tier1,register_file,datapath,6
gen_regfile_ff.register_file_i.rf_reg[819]$_DFFE_PN0P_,tier1,register_file,datapath,6
gen_regfile_ff.register_file_i.rf_reg[81]$_DFFE_PN0P_,tier1,register_file,datapath,6
gen_regfile_ff.register_file_i.rf_reg[820]$_DFFE_PN0P_,tier1,register_file,datapath,6
gen_regfile_ff.register_file_i.rf_reg[821]$_DFFE_PN0P_,tier1,register_file,datapath,6
gen_regfile_ff.register_file_i.rf_reg[822]$_DFFE_PN0P_,tier1,register_file,datapath,6
gen_regfile_ff.register_file_i.rf_reg[823]$_DFFE_PN0P_,tier1,register_file,datapath,6
gen_regfile_ff.register_file_i.rf_reg[824]$_DFFE_PN0P_,tier1,register_file,datapath,6
gen_regfile_ff.register_file_i.rf_reg[825]$_DFFE_PN0P_,tier1,register_file,datapath,6
gen_regfile_ff.register_file_i.rf_reg[826]$_DFFE_PN0P_,tier1,register_file,datapath,6
gen_regfile_ff.register_file_i.rf_reg[827]$_DFFE_PN0P_,tier1,register_file,datapath,6
gen_regfile_ff.register_file_i.rf_reg[828]$_DFFE_PN0P_,tier1,register_file,datapath,6
gen_regfile_ff.register_file_i.rf_reg[829]$_DFFE_PN0P_,tier1,register_file,datapath,6
gen_regfile_ff.register_file_i.rf_reg[82]$_DFFE_PN0P_,tier1,register_file,datapath,6
gen_regfile_ff.register_file_i.rf_reg[830]$_DFFE_PN0P_,tier1,register_file,datapath,6
gen_regfile_ff.register_file_i.rf_reg[831]$_DFFE_PN0P_,tier1,register_file,datapath,6
gen_regfile_ff.register_file_i.rf_reg[832]$_DFFE_PN0P_,tier1,register_file,datapath,6
gen_regfile_ff.register_file_i.rf_reg[833]$_DFFE_PN0P_,tier1,register_file,datapath,6
gen_regfile_ff.register_file_i.rf_reg[834]$_DFFE_PN0P_,tier1,register_file,datapath,6
gen_regfile_ff.register_file_i.rf_reg[835]$_DFFE_PN0P_,tier1,register_file,datapath,6
gen_regfile_ff.register_file_i.rf_reg[836]$_DFFE_PN0P_,tier1,register_file,datapath,6
gen_regfile_ff.register_file_i.rf_reg[837]$_DFFE_PN0P_,tier1,register_file,datapath,6
gen_regfile_ff.register_file_i.rf_reg[838]$_DFFE_PN0P_,tier1,register_file,datapath,6
gen_regfile_ff.register_file_i.rf_reg[839]$_DFFE_PN0P_,tier1,register_file,datapath,6
gen_regfile_ff.register_file_i.rf_reg[83]$_DFFE_PN0P_,tier1,register_file,datapath,6
gen_regfile_ff.register_file_i.rf_reg[840]$_DFFE_PN0P_,tier1,register_file,datapath,6
gen_regfile_ff.register_file_i.rf_reg[841]$_DFFE_PN0P_,tier1,register_file,datapath,6
gen_regfile_ff.register_file_i.rf_reg[842]$_DFFE_PN0P_,tier1,register_file,datapath,6
gen_regfile_ff.register_file_i.rf_reg[843]$_DFFE_PN0P_,tier1,register_file,datapath,6
gen_regfile_ff.register_file_i.rf_reg[844]$_DFFE_PN0P_,tier1,register_file,datapath,6
gen_regfile_ff.register_file_i.rf_reg[845]$_DFFE_PN0P_,tier1,register_file,datapath,6
gen_regfile_ff.register_file_i.rf_reg[846]$_DFFE_PN0P_,tier1,register_file,datapath,6
gen_regfile_ff.register_file_i.rf_reg[847]$_DFFE_PN0P_,tier1,register_file,datapath,6
gen_regfile_ff.register_file_i.rf_reg[848]$_DFFE_PN0P_,tier1,register_file,datapath,6
gen_regfile_ff.register_file_i.rf_reg[849]$_DFFE_PN0P_,tier1,register_file,datapath,6
gen_regfile_ff.register_file_i.rf_reg[84]$_DFFE_PN0P_,tier1,register_file,datapath,6
gen_regfile_ff.register_file_i.rf_reg[850]$_DFFE_PN0P_,tier1,register_file,datapath,6
gen_regfile_ff.register_file_i.rf_reg[851]$_DFFE_PN0P_,tier1,register_file,datapath,6
gen_regfile_ff.register_file_i.rf_reg[852]$_DFFE_PN0P_,tier1,register_file,datapath,6
gen_regfile_ff.register_file_i.rf_reg[853]$_DFFE_PN0P_,tier1,register_file,datapath,6
gen_regfile_ff.register_file_i.rf_reg[854]$_DFFE_PN0P_,tier1,register_file,datapath,6
gen_regfile_ff.register_file_i.rf_reg[855]$_DFFE_PN0P_,tier1,register_file,datapath,6
gen_regfile_ff.register_file_i.rf_reg[856]$_DFFE_PN0P_,tier1,register_file,datapath,6
gen_regfile_ff.register_file_i.rf_reg[857]$_DFFE_PN0P_,tier1,register_file,datapath,6
gen_regfile_ff.register_file_i.rf_reg[858]$_DFFE_PN0P_,tier1,register_file,datapath,6
gen_regfile_ff.register_file_i.rf_reg[859]$_DFFE_PN0P_,tier1,register_file,datapath,6
gen_regfile_ff.register_file_i.rf_reg[85]$_DFFE_PN0P_,tier1,register_file,datapath,6
gen_regfile_ff.register_file_i.rf_reg[860]$_DFFE_PN0P_,tier1,register_file,datapath,6
gen_regfile_ff.register_file_i.rf_reg[861]$_DFFE_PN0P_,tier1,register_file,datapath,6
gen_regfile_ff.register_file_i.rf_reg[862]$_DFFE_PN0P_,tier1,register_file,datapath,6
gen_regfile_ff.register_file_i.rf_reg[863]$_DFFE_PN0P_,tier1,register_file,datapath,6
gen_regfile_ff.register_file_i.rf_reg[864]$_DFFE_PN0P_,tier1,register_file,datapath,6
gen_regfile_ff.register_file_i.rf_reg[865]$_DFFE_PN0P_,tier1,register_file,datapath,6
gen_regfile_ff.register_file_i.rf_reg[866]$_DFFE_PN0P_,tier1,register_file,datapath,6
gen_regfile_ff.register_file_i.rf_reg[867]$_DFFE_PN0P_,tier1,register_file,datapath,6
gen_regfile_ff.register_file_i.rf_reg[868]$_DFFE_PN0P_,tier1,register_file,datapath,6
gen_regfile_ff.register_file_i.rf_reg[869]$_DFFE_PN0P_,tier1,register_file,datapath,6
gen_regfile_ff.register_file_i.rf_reg[86]$_DFFE_PN0P_,tier1,register_file,datapath,6
gen_regfile_ff.register_file_i.rf_reg[870]$_DFFE_PN0P_,tier1,register_file,datapath,6
gen_regfile_ff.register_file_i.rf_reg[871]$_DFFE_PN0P_,tier1,register_file,datapath,6
gen_regfile_ff.register_file_i.rf_reg[872]$_DFFE_PN0P_,tier1,register_file,datapath,6
gen_regfile_ff.register_file_i.rf_reg[873]$_DFFE_PN0P_,tier1,register_file,datapath,6
gen_regfile_ff.register_file_i.rf_reg[874]$_DFFE_PN0P_,tier1,register_file,datapath,6
gen_regfile_ff.register_file_i.rf_reg[875]$_DFFE_PN0P_,tier1,register_file,datapath,6
gen_regfile_ff.register_file_i.rf_reg[876]$_DFFE_PN0P_,tier1,register_file,datapath,6
gen_regfile_ff.register_file_i.rf_reg[877]$_DFFE_PN0P_,tier1,register_file,datapath,6
gen_regfile_ff.register_file_i.rf_reg[878]$_DFFE_PN0P_,tier1,register_file,datapath,6
gen_regfile_ff.register_file_i.rf_reg[879]$_DFFE_PN0P_,tier1,register_file,datapath,6
gen_regfile_ff.register_file_i.rf_reg[87]$_DFFE_PN0P_,tier1,register_file,datapath,6
gen_regfile_ff.register_file_i.rf_reg[880]$_DFFE_PN0P_,tier1,register_file,datapath,6
gen_regfile_ff.register_file_i.rf_reg[881]$_DFFE_PN0P_,tier1,register_file,datapath,6
gen_regfile_ff.register_file_i.rf_reg[882]$_DFFE_PN0P_,tier1,register_file,datapath,6
gen_regfile_ff.register_file_i.rf_reg[883]$_DFFE_PN0P_,tier1,register_file,datapath,6
gen_regfile_ff.register_file_i.rf_reg[884]$_DFFE_PN0P_,tier1,register_file,datapath,6
gen_regfile_ff.register_file_i.rf_reg[885]$_DFFE_PN0P_,tier1,register_file,datapath,6
gen_regfile_ff.register_file_i.rf_reg[886]$_DFFE_PN0P_,tier1,register_file,datapath,6
gen_regfile_ff.register_file_i.rf_reg[887]$_DFFE_PN0P_,tier1,register_file,datapath,6
gen_regfile_ff.register_file_i.rf_reg[888]$_DFFE_PN0P_,tier1,register_file,datapath,6
gen_regfile_ff.register_file_i.rf_reg[889]$_DFFE_PN0P_,tier1,register_file,datapath,6
gen_regfile_ff.register_file_i.rf_reg[88]$_DFFE_PN0P_,tier1,register_file,datapath,6
gen_regfile_ff.register_file_i.rf_reg[890]$_DFFE_PN0P_,tier1,register_file,datapath,6
gen_regfile_ff.register_file_i.rf_reg[891]$_DFFE_PN0P_,tier1,register_file,datapath,6
gen_regfile_ff.register_file_i.rf_reg[892]$_DFFE_PN0P_,tier1,register_file,datapath,6
gen_regfile_ff.register_file_i.rf_reg[893]$_DFFE_PN0P_,tier1,register_file,datapath,6
gen_regfile_ff.register_file_i.rf_reg[894]$_DFFE_PN0P_,tier1,register_file,datapath,6
gen_regfile_ff.register_file_i.rf_reg[895]$_DFFE_PN0P_,tier1,register_file,datapath,6
gen_regfile_ff.register_file_i.rf_reg[896]$_DFFE_PN0P_,tier1,register_file,datapath,6
gen_regfile_ff.register_file_i.rf_reg[897]$_DFFE_PN0P_,tier1,register_file,datapath,6
gen_regfile_ff.register_file_i.rf_reg[898]$_DFFE_PN0P_,tier1,register_file,datapath,6
gen_regfile_ff.register_file_i.rf_reg[899]$_DFFE_PN0P_,tier1,register_file,datapath,6
gen_regfile_ff.register_file_i.rf_reg[89]$_DFFE_PN0P_,tier1,register_file,datapath,6
gen_regfile_ff.register_file_i.rf_reg[900]$_DFFE_PN0P_,tier1,register_file,datapath,6
gen_regfile_ff.register_file_i.rf_reg[901]$_DFFE_PN0P_,tier1,register_file,datapath,6
gen_regfile_ff.register_file_i.rf_reg[902]$_DFFE_PN0P_,tier1,register_file,datapath,6
gen_regfile_ff.register_file_i.rf_reg[903]$_DFFE_PN0P_,tier1,register_file,datapath,6
gen_regfile_ff.register_file_i.rf_reg[904]$_DFFE_PN0P_,tier1,register_file,datapath,6
gen_regfile_ff.register_file_i.rf_reg[905]$_DFFE_PN0P_,tier1,register_file,datapath,6
gen_regfile_ff.register_file_i.rf_reg[906]$_DFFE_PN0P_,tier1,register_file,datapath,6
gen_regfile_ff.register_file_i.rf_reg[907]$_DFFE_PN0P_,tier1,register_file,datapath,6
gen_regfile_ff.register_file_i.rf_reg[908]$_DFFE_PN0P_,tier1,register_file,datapath,6
gen_regfile_ff.register_file_i.rf_reg[909]$_DFFE_PN0P_,tier1,register_file,datapath,6
gen_regfile_ff.register_file_i.rf_reg[90]$_DFFE_PN0P_,tier1,register_file,datapath,6
gen_regfile_ff.register_file_i.rf_reg[910]$_DFFE_PN0P_,tier1,register_file,datapath,6
gen_regfile_ff.register_file_i.rf_reg[911]$_DFFE_PN0P_,tier1,register_file,datapath,6
gen_regfile_ff.register_file_i.rf_reg[912]$_DFFE_PN0P_,tier1,register_file,datapath,6
gen_regfile_ff.register_file_i.rf_reg[913]$_DFFE_PN0P_,tier1,register_file,datapath,6
gen_regfile_ff.register_file_i.rf_reg[914]$_DFFE_PN0P_,tier1,register_file,datapath,6
gen_regfile_ff.register_file_i.rf_reg[915]$_DFFE_PN0P_,tier1,register_file,datapath,6
gen_regfile_ff.register_file_i.rf_reg[916]$_DFFE_PN0P_,tier1,register_file,datapath,6
gen_regfile_ff.register_file_i.rf_reg[917]$_DFFE_PN0P_,tier1,register_file,datapath,6
gen_regfile_ff.register_file_i.rf_reg[918]$_DFFE_PN0P_,tier1,register_file,datapath,6
gen_regfile_ff.register_file_i.rf_reg[919]$_DFFE_PN0P_,tier1,register_file,datapath,6
gen_regfile_ff.register_file_i.rf_reg[91]$_DFFE_PN0P_,tier1,register_file,datapath,6
gen_regfile_ff.register_file_i.rf_reg[920]$_DFFE_PN0P_,tier1,register_file,datapath,6
gen_regfile_ff.register_file_i.rf_reg[921]$_DFFE_PN0P_,tier1,register_file,datapath,6
gen_regfile_ff.register_file_i.rf_reg[922]$_DFFE_PN0P_,tier1,register_file,datapath,6
gen_regfile_ff.register_file_i.rf_reg[923]$_DFFE_PN0P_,tier1,register_file,datapath,6
gen_regfile_ff.register_file_i.rf_reg[924]$_DFFE_PN0P_,tier1,register_file,datapath,6
gen_regfile_ff.register_file_i.rf_reg[925]$_DFFE_PN0P_,tier1,register_file,datapath,6
gen_regfile_ff.register_file_i.rf_reg[926]$_DFFE_PN0P_,tier1,register_file,datapath,6
gen_regfile_ff.register_file_i.rf_reg[927]$_DFFE_PN0P_,tier1,register_file,datapath,6
gen_regfile_ff.register_file_i.rf_reg[928]$_DFFE_PN0P_,tier1,register_file,datapath,6
gen_regfile_ff.register_file_i.rf_reg[929]$_DFFE_PN0P_,tier1,register_file,datapath,6
gen_regfile_ff.register_file_i.rf_reg[92]$_DFFE_PN0P_,tier1,register_file,datapath,6
gen_regfile_ff.register_file_i.rf_reg[930]$_DFFE_PN0P_,tier1,register_file,datapath,6
gen_regfile_ff.register_file_i.rf_reg[931]$_DFFE_PN0P_,tier1,register_file,datapath,6
gen_regfile_ff.register_file_i.rf_reg[932]$_DFFE_PN0P_,tier1,register_file,datapath,6
gen_regfile_ff.register_file_i.rf_reg[933]$_DFFE_PN0P_,tier1,register_file,datapath,6
gen_regfile_ff.register_file_i.rf_reg[934]$_DFFE_PN0P_,tier1,register_file,datapath,6
gen_regfile_ff.register_file_i.rf_reg[935]$_DFFE_PN0P_,tier1,register_file,datapath,6
gen_regfile_ff.register_file_i.rf_reg[936]$_DFFE_PN0P_,tier1,register_file,datapath,6
gen_regfile_ff.register_file_i.rf_reg[937]$_DFFE_PN0P_,tier1,register_file,datapath,6
gen_regfile_ff.register_file_i.rf_reg[938]$_DFFE_PN0P_,tier1,register_file,datapath,6
gen_regfile_ff.register_file_i.rf_reg[939]$_DFFE_PN0P_,tier1,register_file,datapath,6
gen_regfile_ff.register_file_i.rf_reg[93]$_DFFE_PN0P_,tier1,register_file,datapath,6
gen_regfile_ff.register_file_i.rf_reg[940]$_DFFE_PN0P_,tier1,register_file,datapath,6
gen_regfile_ff.register_file_i.rf_reg[941]$_DFFE_PN0P_,tier1,register_file,datapath,6
gen_regfile_ff.register_file_i.rf_reg[942]$_DFFE_PN0P_,tier1,register_file,datapath,6
gen_regfile_ff.register_file_i.rf_reg[943]$_DFFE_PN0P_,tier1,register_file,datapath,6
gen_regfile_ff.register_file_i.rf_reg[944]$_DFFE_PN0P_,tier1,register_file,datapath,6
gen_regfile_ff.register_file_i.rf_reg[945]$_DFFE_PN0P_,tier1,register_file,datapath,6
gen_regfile_ff.register_file_i.rf_reg[946]$_DFFE_PN0P_,tier1,register_file,datapath,6
gen_regfile_ff.register_file_i.rf_reg[947]$_DFFE_PN0P_,tier1,register_file,datapath,6
gen_regfile_ff.register_file_i.rf_reg[948]$_DFFE_PN0P_,tier1,register_file,datapath,6
gen_regfile_ff.register_file_i.rf_reg[949]$_DFFE_PN0P_,tier1,register_file,datapath,6
gen_regfile_ff.register_file_i.rf_reg[94]$_DFFE_PN0P_,tier1,register_file,datapath,6
gen_regfile_ff.register_file_i.rf_reg[950]$_DFFE_PN0P_,tier1,register_file,datapath,6
gen_regfile_ff.register_file_i.rf_reg[951]$_DFFE_PN0P_,tier1,register_file,datapath,6
gen_regfile_ff.register_file_i.rf_reg[952]$_DFFE_PN0P_,tier1,register_file,datapath,6
gen_regfile_ff.register_file_i.rf_reg[953]$_DFFE_PN0P_,tier1,register_file,datapath,6
gen_regfile_ff.register_file_i.rf_reg[954]$_DFFE_PN0P_,tier1,register_file,datapath,6
gen_regfile_ff.register_file_i.rf_reg[955]$_DFFE_PN0P_,tier1,register_file,datapath,6
gen_regfile_ff.register_file_i.rf_reg[956]$_DFFE_PN0P_,tier1,register_file,datapath,6
gen_regfile_ff.register_file_i.rf_reg[957]$_DFFE_PN0P_,tier1,register_file,datapath,6
gen_regfile_ff.register_file_i.rf_reg[958]$_DFFE_PN0P_,tier1,register_file,datapath,6
gen_regfile_ff.register_file_i.rf_reg[959]$_DFFE_PN0P_,tier1,register_file,datapath,6
gen_regfile_ff.register_file_i.rf_reg[95]$_DFFE_PN0P_,tier1,register_file,datapath,6
gen_regfile_ff.register_file_i.rf_reg[960]$_DFFE_PN0P_,tier1,register_file,datapath,6
gen_regfile_ff.register_file_i.rf_reg[961]$_DFFE_PN0P_,tier1,register_file,datapath,6
gen_regfile_ff.register_file_i.rf_reg[962]$_DFFE_PN0P_,tier1,register_file,datapath,6
gen_regfile_ff.register_file_i.rf_reg[963]$_DFFE_PN0P_,tier1,register_file,datapath,6
gen_regfile_ff.register_file_i.rf_reg[964]$_DFFE_PN0P_,tier1,register_file,datapath,6
gen_regfile_ff.register_file_i.rf_reg[965]$_DFFE_PN0P_,tier1,register_file,datapath,6
gen_regfile_ff.register_file_i.rf_reg[966]$_DFFE_PN0P_,tier1,register_file,datapath,6
gen_regfile_ff.register_file_i.rf_reg[967]$_DFFE_PN0P_,tier1,register_file,datapath,6
gen_regfile_ff.register_file_i.rf_reg[968]$_DFFE_PN0P_,tier1,register_file,datapath,6
gen_regfile_ff.register_file_i.rf_reg[969]$_DFFE_PN0P_,tier1,register_file,datapath,6
gen_regfile_ff.register_file_i.rf_reg[96]$_DFFE_PN0P_,tier1,register_file,datapath,6
gen_regfile_ff.register_file_i.rf_reg[970]$_DFFE_PN0P_,tier1,register_file,datapath,6
gen_regfile_ff.register_file_i.rf_reg[971]$_DFFE_PN0P_,tier1,register_file,datapath,6
gen_regfile_ff.register_file_i.rf_reg[972]$_DFFE_PN0P_,tier1,register_file,datapath,6
gen_regfile_ff.register_file_i.rf_reg[973]$_DFFE_PN0P_,tier1,register_file,datapath,6
gen_regfile_ff.register_file_i.rf_reg[974]$_DFFE_PN0P_,tier1,register_file,datapath,6
gen_regfile_ff.register_file_i.rf_reg[975]$_DFFE_PN0P_,tier1,register_file,datapath,6
gen_regfile_ff.register_file_i.rf_reg[976]$_DFFE_PN0P_,tier1,register_file,datapath,6
gen_regfile_ff.register_file_i.rf_reg[977]$_DFFE_PN0P_,tier1,register_file,datapath,6
gen_regfile_ff.register_file_i.rf_reg[978]$_DFFE_PN0P_,tier1,register_file,datapath,6
gen_regfile_ff.register_file_i.rf_reg[979]$_DFFE_PN0P_,tier1,register_file,datapath,6
gen_regfile_ff.register_file_i.rf_reg[97]$_DFFE_PN0P_,tier1,register_file,datapath,6
gen_regfile_ff.register_file_i.rf_reg[980]$_DFFE_PN0P_,tier1,register_file,datapath,6
gen_regfile_ff.register_file_i.rf_reg[981]$_DFFE_PN0P_,tier1,register_file,datapath,6
gen_regfile_ff.register_file_i.rf_reg[982]$_DFFE_PN0P_,tier1,register_file,datapath,6
gen_regfile_ff.register_file_i.rf_reg[983]$_DFFE_PN0P_,tier1,register_file,datapath,6
gen_regfile_ff.register_file_i.rf_reg[984]$_DFFE_PN0P_,tier1,register_file,datapath,6
gen_regfile_ff.register_file_i.rf_reg[985]$_DFFE_PN0P_,tier1,register_file,datapath,6
gen_regfile_ff.register_file_i.rf_reg[986]$_DFFE_PN0P_,tier1,register_file,datapath,6
gen_regfile_ff.register_file_i.rf_reg[987]$_DFFE_PN0P_,tier1,register_file,datapath,6
gen_regfile_ff.register_file_i.rf_reg[988]$_DFFE_PN0P_,tier1,register_file,datapath,6
gen_regfile_ff.register_file_i.rf_reg[989]$_DFFE_PN0P_,tier1,register_file,datapath,6
gen_regfile_ff.register_file_i.rf_reg[98]$_DFFE_PN0P_,tier1,register_file,datapath,6
gen_regfile_ff.register_file_i.rf_reg[990]$_DFFE_PN0P_,tier1,register_file,datapath,6
gen_regfile_ff.register_file_i.rf_reg[991]$_DFFE_PN0P_,tier1,register_file,datapath,6
gen_regfile_ff.register_file_i.rf_reg[992]$_DFFE_PN0P_,tier1,register_file,datapath,6
gen_regfile_ff.register_file_i.rf_reg[993]$_DFFE_PN0P_,tier1,register_file,datapath,6
gen_regfile_ff.register_file_i.rf_reg[994]$_DFFE_PN0P_,tier1,register_file,datapath,6
gen_regfile_ff.register_file_i.rf_reg[995]$_DFFE_PN0P_,tier1,register_file,datapath,6
gen_regfile_ff.register_file_i.rf_reg[996]$_DFFE_PN0P_,tier1,register_file,datapath,6
gen_regfile_ff.register_file_i.rf_reg[997]$_DFFE_PN0P_,tier1,register_file,datapath,6
gen_regfile_ff.register_file_i.rf_reg[998]$_DFFE_PN0P_,tier1,register_file,datapath,6
gen_regfile_ff.register_file_i.rf_reg[999]$_DFFE_PN0P_,tier1,register_file,datapath,6
gen_regfile_ff.register_file_i.rf_reg[99]$_DFFE_PN0P_,tier1,register_file,datapath,6
id_stage_i.branch_set$_DFF_PN0_,tier1,pipeline_state,control,6
id_stage_i.controller_i.ctrl_fsm_cs[0]$_DFF_PN1_,tier0,pipeline_state,control,6
id_stage_i.controller_i.ctrl_fsm_cs[0]$_DFF_PN1__15,tier0,decode_control,control,2
id_stage_i.controller_i.ctrl_fsm_cs[1]$_DFF_PN0_,tier0,pipeline_state,control,6
id_stage_i.controller_i.ctrl_fsm_cs[2]$_DFF_PN0_,tier0,pipeline_state,control,6
id_stage_i.controller_i.ctrl_fsm_cs[3]$_DFF_PN0_,tier0,pipeline_state,control,6
id_stage_i.controller_i.ctrl_fsm_cs[4]$_DFF_PN0_,tier0,pipeline_state,control,6
id_stage_i.controller_i.ctrl_fsm_cs[5]$_DFF_PN0_,tier0,pipeline_state,control,6
id_stage_i.controller_i.ctrl_fsm_cs[6]$_DFF_PN0_,tier0,pipeline_state,control,6
id_stage_i.controller_i.ctrl_fsm_cs[7]$_DFF_PN0_,tier0,pipeline_state,control,6
id_stage_i.controller_i.ctrl_fsm_cs[8]$_DFF_PN0_,tier0,pipeline_state,control,6
id_stage_i.controller_i.ctrl_fsm_cs[9]$_DFF_PN0_,tier0,pipeline_state,control,6
id_stage_i.controller_i.debug_mode_o$_DFFE_PN0P_,tier0,pipeline_state,control,6
id_stage_i.controller_i.exc_req_q$_DFF_PN0_,tier0,pipeline_state,control,6
id_stage_i.controller_i.illegal_insn_q$_DFF_PN0_,tier0,pipeline_state,control,6
id_stage_i.controller_i.load_err_q$_DFF_PN0_,tier0,pipeline_state,control,6
id_stage_i.controller_i.nmi_mode_o$_DFFE_PN0P_,tier0,pipeline_state,control,6
id_stage_i.controller_i.store_err_q$_DFF_PN0_,tier0,pipeline_state,control,6
id_stage_i.id_fsm_q$_DFFE_PN0P_,tier1,pipeline_state,control,6
id_stage_i.imd_val_q_ex_o[0]$_DFFE_PN0P_,tier0,pipeline_state,control,6
id_stage_i.imd_val_q_ex_o[10]$_DFFE_PN0P_,tier0,pipeline_state,control,6
id_stage_i.imd_val_q_ex_o[11]$_DFFE_PN0P_,tier0,pipeline_state,control,6
id_stage_i.imd_val_q_ex_o[12]$_DFFE_PN0P_,tier0,pipeline_state,control,6
id_stage_i.imd_val_q_ex_o[13]$_DFFE_PN0P_,tier0,pipeline_state,control,6
id_stage_i.imd_val_q_ex_o[14]$_DFFE_PN0P_,tier0,pipeline_state,control,6
id_stage_i.imd_val_q_ex_o[15]$_DFFE_PN0P_,tier0,pipeline_state,control,6
id_stage_i.imd_val_q_ex_o[16]$_DFFE_PN0P_,tier0,pipeline_state,control,6
id_stage_i.imd_val_q_ex_o[17]$_DFFE_PN0P_,tier0,pipeline_state,control,6
id_stage_i.imd_val_q_ex_o[18]$_DFFE_PN0P_,tier0,pipeline_state,control,6
id_stage_i.imd_val_q_ex_o[19]$_DFFE_PN0P_,tier0,pipeline_state,control,6
id_stage_i.imd_val_q_ex_o[1]$_DFFE_PN0P_,tier0,pipeline_state,control,6
id_stage_i.imd_val_q_ex_o[20]$_DFFE_PN0P_,tier0,pipeline_state,control,6
id_stage_i.imd_val_q_ex_o[21]$_DFFE_PN0P_,tier0,pipeline_state,control,6
id_stage_i.imd_val_q_ex_o[22]$_DFFE_PN0P_,tier0,pipeline_state,control,6
id_stage_i.imd_val_q_ex_o[23]$_DFFE_PN0P_,tier0,pipeline_state,control,6
id_stage_i.imd_val_q_ex_o[24]$_DFFE_PN0P_,tier0,pipeline_state,control,6
id_stage_i.imd_val_q_ex_o[25]$_DFFE_PN0P_,tier0,pipeline_state,control,6
id_stage_i.imd_val_q_ex_o[26]$_DFFE_PN0P_,tier0,pipeline_state,control,6
id_stage_i.imd_val_q_ex_o[27]$_DFFE_PN0P_,tier0,pipeline_state,control,6
id_stage_i.imd_val_q_ex_o[28]$_DFFE_PN0P_,tier0,pipeline_state,control,6
id_stage_i.imd_val_q_ex_o[29]$_DFFE_PN0P_,tier0,pipeline_state,control,6
id_stage_i.imd_val_q_ex_o[2]$_DFFE_PN0P_,tier0,pipeline_state,control,6
id_stage_i.imd_val_q_ex_o[30]$_DFFE_PN0P_,tier0,pipeline_state,control,6
id_stage_i.imd_val_q_ex_o[31]$_DFFE_PN0P_,tier0,pipeline_state,control,6
id_stage_i.imd_val_q_ex_o[34]$_DFFE_PN0P_,tier0,pipeline_state,control,6
id_stage_i.imd_val_q_ex_o[35]$_DFFE_PN0P_,tier0,pipeline_state,control,6
id_stage_i.imd_val_q_ex_o[36]$_DFFE_PN0P_,tier0,pipeline_state,control,6
id_stage_i.imd_val_q_ex_o[37]$_DFFE_PN0P_,tier0,pipeline_state,control,6
id_stage_i.imd_val_q_ex_o[38]$_DFFE_PN0P_,tier0,pipeline_state,control,6
id_stage_i.imd_val_q_ex_o[39]$_DFFE_PN0P_,tier0,pipeline_state,control,6
id_stage_i.imd_val_q_ex_o[3]$_DFFE_PN0P_,tier0,pipeline_state,control,6
id_stage_i.imd_val_q_ex_o[40]$_DFFE_PN0P_,tier0,pipeline_state,control,6
id_stage_i.imd_val_q_ex_o[41]$_DFFE_PN0P_,tier0,pipeline_state,control,6
id_stage_i.imd_val_q_ex_o[42]$_DFFE_PN0P_,tier0,pipeline_state,control,6
id_stage_i.imd_val_q_ex_o[43]$_DFFE_PN0P_,tier0,pipeline_state,control,6
id_stage_i.imd_val_q_ex_o[44]$_DFFE_PN0P_,tier0,pipeline_state,control,6
id_stage_i.imd_val_q_ex_o[45]$_DFFE_PN0P_,tier0,pipeline_state,control,6
id_stage_i.imd_val_q_ex_o[46]$_DFFE_PN0P_,tier0,pipeline_state,control,6
id_stage_i.imd_val_q_ex_o[47]$_DFFE_PN0P_,tier0,pipeline_state,control,6
id_stage_i.imd_val_q_ex_o[48]$_DFFE_PN0P_,tier0,pipeline_state,control,6
id_stage_i.imd_val_q_ex_o[49]$_DFFE_PN0P_,tier0,pipeline_state,control,6
id_stage_i.imd_val_q_ex_o[4]$_DFFE_PN0P_,tier0,pipeline_state,control,6
id_stage_i.imd_val_q_ex_o[50]$_DFFE_PN0P_,tier0,pipeline_state,control,6
id_stage_i.imd_val_q_ex_o[51]$_DFFE_PN0P_,tier0,pipeline_state,control,6
id_stage_i.imd_val_q_ex_o[52]$_DFFE_PN0P_,tier0,pipeline_state,control,6
id_stage_i.imd_val_q_ex_o[53]$_DFFE_PN0P_,tier0,pipeline_state,control,6
id_stage_i.imd_val_q_ex_o[54]$_DFFE_PN0P_,tier0,pipeline_state,control,6
id_stage_i.imd_val_q_ex_o[55]$_DFFE_PN0P_,tier0,pipeline_state,control,6
id_stage_i.imd_val_q_ex_o[56]$_DFFE_PN0P_,tier0,pipeline_state,control,6
id_stage_i.imd_val_q_ex_o[57]$_DFFE_PN0P_,tier0,pipeline_state,control,6
id_stage_i.imd_val_q_ex_o[58]$_DFFE_PN0P_,tier0,pipeline_state,control,6
id_stage_i.imd_val_q_ex_o[59]$_DFFE_PN0P_,tier0,pipeline_state,control,6
id_stage_i.imd_val_q_ex_o[5]$_DFFE_PN0P_,tier0,pipeline_state,control,6
id_stage_i.imd_val_q_ex_o[60]$_DFFE_PN0P_,tier0,pipeline_state,control,6
id_stage_i.imd_val_q_ex_o[61]$_DFFE_PN0P_,tier0,pipeline_state,control,6
id_stage_i.imd_val_q_ex_o[62]$_DFFE_PN0P_,tier0,pipeline_state,control,6
id_stage_i.imd_val_q_ex_o[63]$_DFFE_PN0P_,tier0,pipeline_state,control,6
id_stage_i.imd_val_q_ex_o[64]$_DFFE_PN0P_,tier0,pipeline_state,control,6
id_stage_i.imd_val_q_ex_o[65]$_DFFE_PN0P_,tier0,pipeline_state,control,6
id_stage_i.imd_val_q_ex_o[66]$_DFFE_PN0P_,tier0,pipeline_state,control,6
id_stage_i.imd_val_q_ex_o[67]$_DFFE_PN0P_,tier0,pipeline_state,control,6
id_stage_i.imd_val_q_ex_o[6]$_DFFE_PN0P_,tier0,pipeline_state,control,6
id_stage_i.imd_val_q_ex_o[7]$_DFFE_PN0P_,tier0,pipeline_state,control,6
id_stage_i.imd_val_q_ex_o[8]$_DFFE_PN0P_,tier0,pipeline_state,control,6
id_stage_i.imd_val_q_ex_o[9]$_DFFE_PN0P_,tier0,pipeline_state,control,6
if_stage_i.gen_prefetch_buffer.prefetch_buffer_i.branch_discard_q[0]$_DFF_PN0_,tier0,fetch,control,6
if_stage_i.gen_prefetch_buffer.prefetch_buffer_i.branch_discard_q[1]$_DFF_PN0_,tier0,fetch,control,6
if_stage_i.gen_prefetch_buffer.prefetch_buffer_i.discard_req_q$_DFF_PN0_,tier0,fetch,control,6
if_stage_i.gen_prefetch_buffer.prefetch_buffer_i.fetch_addr_q[10]$_DFFE_PP_,tier0,fetch,control,6
if_stage_i.gen_prefetch_buffer.prefetch_buffer_i.fetch_addr_q[11]$_DFFE_PP_,tier0,fetch,control,6
if_stage_i.gen_prefetch_buffer.prefetch_buffer_i.fetch_addr_q[12]$_DFFE_PP_,tier0,fetch,control,6
if_stage_i.gen_prefetch_buffer.prefetch_buffer_i.fetch_addr_q[13]$_DFFE_PP_,tier0,fetch,control,6
if_stage_i.gen_prefetch_buffer.prefetch_buffer_i.fetch_addr_q[14]$_DFFE_PP_,tier0,fetch,control,6
if_stage_i.gen_prefetch_buffer.prefetch_buffer_i.fetch_addr_q[15]$_DFFE_PP_,tier0,fetch,control,6
if_stage_i.gen_prefetch_buffer.prefetch_buffer_i.fetch_addr_q[16]$_DFFE_PP_,tier0,fetch,control,6
if_stage_i.gen_prefetch_buffer.prefetch_buffer_i.fetch_addr_q[17]$_DFFE_PP_,tier0,fetch,control,6
if_stage_i.gen_prefetch_buffer.prefetch_buffer_i.fetch_addr_q[18]$_DFFE_PP_,tier0,fetch,control,6
if_stage_i.gen_prefetch_buffer.prefetch_buffer_i.fetch_addr_q[19]$_DFFE_PP_,tier0,fetch,control,6
if_stage_i.gen_prefetch_buffer.prefetch_buffer_i.fetch_addr_q[20]$_DFFE_PP_,tier0,fetch,control,6
if_stage_i.gen_prefetch_buffer.prefetch_buffer_i.fetch_addr_q[21]$_DFFE_PP_,tier0,fetch,control,6
if_stage_i.gen_prefetch_buffer.prefetch_buffer_i.fetch_addr_q[22]$_DFFE_PP_,tier0,fetch,control,6
if_stage_i.gen_prefetch_buffer.prefetch_buffer_i.fetch_addr_q[23]$_DFFE_PP_,tier0,fetch,control,6
if_stage_i.gen_prefetch_buffer.prefetch_buffer_i.fetch_addr_q[24]$_DFFE_PP_,tier0,fetch,control,6
if_stage_i.gen_prefetch_buffer.prefetch_buffer_i.fetch_addr_q[25]$_DFFE_PP_,tier0,fetch,control,6
if_stage_i.gen_prefetch_buffer.prefetch_buffer_i.fetch_addr_q[26]$_DFFE_PP_,tier0,fetch,control,6
if_stage_i.gen_prefetch_buffer.prefetch_buffer_i.fetch_addr_q[27]$_DFFE_PP_,tier0,fetch,control,6
if_stage_i.gen_prefetch_buffer.prefetch_buffer_i.fetch_addr_q[28]$_DFFE_PP_,tier0,fetch,control,6
if_stage_i.gen_prefetch_buffer.prefetch_buffer_i.fetch_addr_q[29]$_DFFE_PP_,tier0,fetch,control,6
if_stage_i.gen_prefetch_buffer.prefetch_buffer_i.fetch_addr_q[2]$_DFFE_PP_,tier0,fetch,control,6
if_stage_i.gen_prefetch_buffer.prefetch_buffer_i.fetch_addr_q[30]$_DFFE_PP_,tier0,fetch,control,6
if_stage_i.gen_prefetch_buffer.prefetch_buffer_i.fetch_addr_q[31]$_DFFE_PP_,tier0,fetch,control,6
if_stage_i.gen_prefetch_buffer.prefetch_buffer_i.fetch_addr_q[3]$_DFFE_PP_,tier0,fetch,control,6
if_stage_i.gen_prefetch_buffer.prefetch_buffer_i.fetch_addr_q[4]$_DFFE_PP_,tier0,fetch,control,6
if_stage_i.gen_prefetch_buffer.prefetch_buffer_i.fetch_addr_q[5]$_DFFE_PP_,tier0,fetch,control,6
if_stage_i.gen_prefetch_buffer.prefetch_buffer_i.fetch_addr_q[6]$_DFFE_PP_,tier0,fetch,control,6
if_stage_i.gen_prefetch_buffer.prefetch_buffer_i.fetch_addr_q[7]$_DFFE_PP_,tier0,fetch,control,6
if_stage_i.gen_prefetch_buffer.prefetch_buffer_i.fetch_addr_q[8]$_DFFE_PP_,tier0,fetch,control,6
if_stage_i.gen_prefetch_buffer.prefetch_buffer_i.fetch_addr_q[9]$_DFFE_PP_,tier0,fetch,control,6
if_stage_i.gen_prefetch_buffer.prefetch_buffer_i.fifo_i.err_q[0]$_DFFE_PP_,tier1,fetch,control,6
if_stage_i.gen_prefetch_buffer.prefetch_buffer_i.fifo_i.err_q[1]$_DFFE_PP_,tier1,fetch,control,6
if_stage_i.gen_prefetch_buffer.prefetch_buffer_i.fifo_i.err_q[2]$_DFFE_PP_,tier1,fetch,control,6
if_stage_i.gen_prefetch_buffer.prefetch_buffer_i.fifo_i.instr_addr_q[10]$_DFFE_PP_,tier0,fetch,control,6
if_stage_i.gen_prefetch_buffer.prefetch_buffer_i.fifo_i.instr_addr_q[11]$_DFFE_PP_,tier0,fetch,control,6
if_stage_i.gen_prefetch_buffer.prefetch_buffer_i.fifo_i.instr_addr_q[12]$_DFFE_PP_,tier0,fetch,control,6
if_stage_i.gen_prefetch_buffer.prefetch_buffer_i.fifo_i.instr_addr_q[13]$_DFFE_PP_,tier0,fetch,control,6
if_stage_i.gen_prefetch_buffer.prefetch_buffer_i.fifo_i.instr_addr_q[14]$_DFFE_PP_,tier0,fetch,control,6
if_stage_i.gen_prefetch_buffer.prefetch_buffer_i.fifo_i.instr_addr_q[15]$_DFFE_PP_,tier0,fetch,control,6
if_stage_i.gen_prefetch_buffer.prefetch_buffer_i.fifo_i.instr_addr_q[16]$_DFFE_PP_,tier0,fetch,control,6
if_stage_i.gen_prefetch_buffer.prefetch_buffer_i.fifo_i.instr_addr_q[17]$_DFFE_PP_,tier0,fetch,control,6
if_stage_i.gen_prefetch_buffer.prefetch_buffer_i.fifo_i.instr_addr_q[18]$_DFFE_PP_,tier0,fetch,control,6
if_stage_i.gen_prefetch_buffer.prefetch_buffer_i.fifo_i.instr_addr_q[19]$_DFFE_PP_,tier0,fetch,control,6
if_stage_i.gen_prefetch_buffer.prefetch_buffer_i.fifo_i.instr_addr_q[1]$_DFFE_PP_,tier0,fetch,control,6
if_stage_i.gen_prefetch_buffer.prefetch_buffer_i.fifo_i.instr_addr_q[20]$_DFFE_PP_,tier0,fetch,control,6
if_stage_i.gen_prefetch_buffer.prefetch_buffer_i.fifo_i.instr_addr_q[21]$_DFFE_PP_,tier0,fetch,control,6
if_stage_i.gen_prefetch_buffer.prefetch_buffer_i.fifo_i.instr_addr_q[22]$_DFFE_PP_,tier0,fetch,control,6
if_stage_i.gen_prefetch_buffer.prefetch_buffer_i.fifo_i.instr_addr_q[23]$_DFFE_PP_,tier0,fetch,control,6
if_stage_i.gen_prefetch_buffer.prefetch_buffer_i.fifo_i.instr_addr_q[24]$_DFFE_PP_,tier0,fetch,control,6
if_stage_i.gen_prefetch_buffer.prefetch_buffer_i.fifo_i.instr_addr_q[25]$_DFFE_PP_,tier0,fetch,control,6
if_stage_i.gen_prefetch_buffer.prefetch_buffer_i.fifo_i.instr_addr_q[26]$_DFFE_PP_,tier0,fetch,control,6
if_stage_i.gen_prefetch_buffer.prefetch_buffer_i.fifo_i.instr_addr_q[27]$_DFFE_PP_,tier0,fetch,control,6
if_stage_i.gen_prefetch_buffer.prefetch_buffer_i.fifo_i.instr_addr_q[28]$_DFFE_PP_,tier0,fetch,control,6
if_stage_i.gen_prefetch_buffer.prefetch_buffer_i.fifo_i.instr_addr_q[29]$_DFFE_PP_,tier0,fetch,control,6
if_stage_i.gen_prefetch_buffer.prefetch_buffer_i.fifo_i.instr_addr_q[2]$_DFFE_PP_,tier1,fetch,control,6
if_stage_i.gen_prefetch_buffer.prefetch_buffer_i.fifo_i.instr_addr_q[30]$_DFFE_PP_,tier0,fetch,control,6
if_stage_i.gen_prefetch_buffer.prefetch_buffer_i.fifo_i.instr_addr_q[31]$_DFFE_PP_,tier0,fetch,control,6
if_stage_i.gen_prefetch_buffer.prefetch_buffer_i.fifo_i.instr_addr_q[3]$_DFFE_PP_,tier0,fetch,control,6
if_stage_i.gen_prefetch_buffer.prefetch_buffer_i.fifo_i.instr_addr_q[4]$_DFFE_PP_,tier1,fetch,control,6
if_stage_i.gen_prefetch_buffer.prefetch_buffer_i.fifo_i.instr_addr_q[5]$_DFFE_PP_,tier1,fetch,control,6
if_stage_i.gen_prefetch_buffer.prefetch_buffer_i.fifo_i.instr_addr_q[6]$_DFFE_PP_,tier0,fetch,control,6
if_stage_i.gen_prefetch_buffer.prefetch_buffer_i.fifo_i.instr_addr_q[7]$_DFFE_PP_,tier0,fetch,control,6
if_stage_i.gen_prefetch_buffer.prefetch_buffer_i.fifo_i.instr_addr_q[8]$_DFFE_PP_,tier0,fetch,control,6
if_stage_i.gen_prefetch_buffer.prefetch_buffer_i.fifo_i.instr_addr_q[9]$_DFFE_PP_,tier0,fetch,control,6
if_stage_i.gen_prefetch_buffer.prefetch_buffer_i.fifo_i.rdata_q[0]$_DFFE_PP_,tier1,register_file,datapath,6
if_stage_i.gen_prefetch_buffer.prefetch_buffer_i.fifo_i.rdata_q[10]$_DFFE_PP_,tier1,register_file,datapath,6
if_stage_i.gen_prefetch_buffer.prefetch_buffer_i.fifo_i.rdata_q[11]$_DFFE_PP_,tier1,register_file,datapath,6
if_stage_i.gen_prefetch_buffer.prefetch_buffer_i.fifo_i.rdata_q[12]$_DFFE_PP_,tier1,register_file,datapath,6
if_stage_i.gen_prefetch_buffer.prefetch_buffer_i.fifo_i.rdata_q[13]$_DFFE_PP_,tier1,register_file,datapath,6
if_stage_i.gen_prefetch_buffer.prefetch_buffer_i.fifo_i.rdata_q[14]$_DFFE_PP_,tier1,register_file,datapath,6
if_stage_i.gen_prefetch_buffer.prefetch_buffer_i.fifo_i.rdata_q[15]$_DFFE_PP_,tier1,register_file,datapath,6
if_stage_i.gen_prefetch_buffer.prefetch_buffer_i.fifo_i.rdata_q[16]$_DFFE_PP_,tier1,register_file,datapath,6
if_stage_i.gen_prefetch_buffer.prefetch_buffer_i.fifo_i.rdata_q[17]$_DFFE_PP_,tier1,register_file,datapath,6
if_stage_i.gen_prefetch_buffer.prefetch_buffer_i.fifo_i.rdata_q[18]$_DFFE_PP_,tier1,register_file,datapath,6
if_stage_i.gen_prefetch_buffer.prefetch_buffer_i.fifo_i.rdata_q[19]$_DFFE_PP_,tier1,register_file,datapath,6
if_stage_i.gen_prefetch_buffer.prefetch_buffer_i.fifo_i.rdata_q[1]$_DFFE_PP_,tier1,register_file,datapath,6
if_stage_i.gen_prefetch_buffer.prefetch_buffer_i.fifo_i.rdata_q[20]$_DFFE_PP_,tier1,register_file,datapath,6
if_stage_i.gen_prefetch_buffer.prefetch_buffer_i.fifo_i.rdata_q[21]$_DFFE_PP_,tier1,register_file,datapath,6
if_stage_i.gen_prefetch_buffer.prefetch_buffer_i.fifo_i.rdata_q[22]$_DFFE_PP_,tier1,register_file,datapath,6
if_stage_i.gen_prefetch_buffer.prefetch_buffer_i.fifo_i.rdata_q[23]$_DFFE_PP_,tier1,register_file,datapath,6
if_stage_i.gen_prefetch_buffer.prefetch_buffer_i.fifo_i.rdata_q[24]$_DFFE_PP_,tier1,register_file,datapath,6
if_stage_i.gen_prefetch_buffer.prefetch_buffer_i.fifo_i.rdata_q[25]$_DFFE_PP_,tier1,register_file,datapath,6
if_stage_i.gen_prefetch_buffer.prefetch_buffer_i.fifo_i.rdata_q[26]$_DFFE_PP_,tier1,register_file,datapath,6
if_stage_i.gen_prefetch_buffer.prefetch_buffer_i.fifo_i.rdata_q[27]$_DFFE_PP_,tier1,register_file,datapath,6
if_stage_i.gen_prefetch_buffer.prefetch_buffer_i.fifo_i.rdata_q[28]$_DFFE_PP_,tier1,register_file,datapath,6
if_stage_i.gen_prefetch_buffer.prefetch_buffer_i.fifo_i.rdata_q[29]$_DFFE_PP_,tier1,register_file,datapath,6
if_stage_i.gen_prefetch_buffer.prefetch_buffer_i.fifo_i.rdata_q[2]$_DFFE_PP_,tier1,register_file,datapath,6
if_stage_i.gen_prefetch_buffer.prefetch_buffer_i.fifo_i.rdata_q[30]$_DFFE_PP_,tier1,register_file,datapath,6
if_stage_i.gen_prefetch_buffer.prefetch_buffer_i.fifo_i.rdata_q[31]$_DFFE_PP_,tier1,register_file,datapath,6
if_stage_i.gen_prefetch_buffer.prefetch_buffer_i.fifo_i.rdata_q[32]$_DFFE_PP_,tier1,register_file,datapath,6
if_stage_i.gen_prefetch_buffer.prefetch_buffer_i.fifo_i.rdata_q[33]$_DFFE_PP_,tier1,register_file,datapath,6
if_stage_i.gen_prefetch_buffer.prefetch_buffer_i.fifo_i.rdata_q[34]$_DFFE_PP_,tier1,register_file,datapath,6
if_stage_i.gen_prefetch_buffer.prefetch_buffer_i.fifo_i.rdata_q[35]$_DFFE_PP_,tier1,register_file,datapath,6
if_stage_i.gen_prefetch_buffer.prefetch_buffer_i.fifo_i.rdata_q[36]$_DFFE_PP_,tier1,register_file,datapath,6
if_stage_i.gen_prefetch_buffer.prefetch_buffer_i.fifo_i.rdata_q[37]$_DFFE_PP_,tier1,register_file,datapath,6
if_stage_i.gen_prefetch_buffer.prefetch_buffer_i.fifo_i.rdata_q[38]$_DFFE_PP_,tier1,register_file,datapath,6
if_stage_i.gen_prefetch_buffer.prefetch_buffer_i.fifo_i.rdata_q[39]$_DFFE_PP_,tier1,register_file,datapath,6
if_stage_i.gen_prefetch_buffer.prefetch_buffer_i.fifo_i.rdata_q[3]$_DFFE_PP_,tier1,register_file,datapath,6
if_stage_i.gen_prefetch_buffer.prefetch_buffer_i.fifo_i.rdata_q[40]$_DFFE_PP_,tier1,register_file,datapath,6
if_stage_i.gen_prefetch_buffer.prefetch_buffer_i.fifo_i.rdata_q[41]$_DFFE_PP_,tier1,register_file,datapath,6
if_stage_i.gen_prefetch_buffer.prefetch_buffer_i.fifo_i.rdata_q[42]$_DFFE_PP_,tier1,register_file,datapath,6
if_stage_i.gen_prefetch_buffer.prefetch_buffer_i.fifo_i.rdata_q[43]$_DFFE_PP_,tier1,register_file,datapath,6
if_stage_i.gen_prefetch_buffer.prefetch_buffer_i.fifo_i.rdata_q[44]$_DFFE_PP_,tier1,register_file,datapath,6
if_stage_i.gen_prefetch_buffer.prefetch_buffer_i.fifo_i.rdata_q[45]$_DFFE_PP_,tier1,register_file,datapath,6
if_stage_i.gen_prefetch_buffer.prefetch_buffer_i.fifo_i.rdata_q[46]$_DFFE_PP_,tier1,register_file,datapath,6
if_stage_i.gen_prefetch_buffer.prefetch_buffer_i.fifo_i.rdata_q[47]$_DFFE_PP_,tier1,register_file,datapath,6
if_stage_i.gen_prefetch_buffer.prefetch_buffer_i.fifo_i.rdata_q[48]$_DFFE_PP_,tier1,register_file,datapath,6
if_stage_i.gen_prefetch_buffer.prefetch_buffer_i.fifo_i.rdata_q[49]$_DFFE_PP_,tier1,register_file,datapath,6
if_stage_i.gen_prefetch_buffer.prefetch_buffer_i.fifo_i.rdata_q[4]$_DFFE_PP_,tier1,register_file,datapath,6
if_stage_i.gen_prefetch_buffer.prefetch_buffer_i.fifo_i.rdata_q[50]$_DFFE_PP_,tier1,register_file,datapath,6
if_stage_i.gen_prefetch_buffer.prefetch_buffer_i.fifo_i.rdata_q[51]$_DFFE_PP_,tier1,register_file,datapath,6
if_stage_i.gen_prefetch_buffer.prefetch_buffer_i.fifo_i.rdata_q[52]$_DFFE_PP_,tier1,register_file,datapath,6
if_stage_i.gen_prefetch_buffer.prefetch_buffer_i.fifo_i.rdata_q[53]$_DFFE_PP_,tier1,register_file,datapath,6
if_stage_i.gen_prefetch_buffer.prefetch_buffer_i.fifo_i.rdata_q[54]$_DFFE_PP_,tier1,register_file,datapath,6
if_stage_i.gen_prefetch_buffer.prefetch_buffer_i.fifo_i.rdata_q[55]$_DFFE_PP_,tier1,register_file,datapath,6
if_stage_i.gen_prefetch_buffer.prefetch_buffer_i.fifo_i.rdata_q[56]$_DFFE_PP_,tier1,register_file,datapath,6
if_stage_i.gen_prefetch_buffer.prefetch_buffer_i.fifo_i.rdata_q[57]$_DFFE_PP_,tier1,register_file,datapath,6
if_stage_i.gen_prefetch_buffer.prefetch_buffer_i.fifo_i.rdata_q[58]$_DFFE_PP_,tier1,register_file,datapath,6
if_stage_i.gen_prefetch_buffer.prefetch_buffer_i.fifo_i.rdata_q[59]$_DFFE_PP_,tier1,register_file,datapath,6
if_stage_i.gen_prefetch_buffer.prefetch_buffer_i.fifo_i.rdata_q[5]$_DFFE_PP_,tier1,register_file,datapath,6
if_stage_i.gen_prefetch_buffer.prefetch_buffer_i.fifo_i.rdata_q[60]$_DFFE_PP_,tier1,register_file,datapath,6
if_stage_i.gen_prefetch_buffer.prefetch_buffer_i.fifo_i.rdata_q[61]$_DFFE_PP_,tier1,register_file,datapath,6
if_stage_i.gen_prefetch_buffer.prefetch_buffer_i.fifo_i.rdata_q[62]$_DFFE_PP_,tier1,register_file,datapath,6
if_stage_i.gen_prefetch_buffer.prefetch_buffer_i.fifo_i.rdata_q[63]$_DFFE_PP_,tier1,register_file,datapath,6
if_stage_i.gen_prefetch_buffer.prefetch_buffer_i.fifo_i.rdata_q[64]$_DFFE_PP_,tier1,register_file,datapath,6
if_stage_i.gen_prefetch_buffer.prefetch_buffer_i.fifo_i.rdata_q[65]$_DFFE_PP_,tier1,register_file,datapath,6
if_stage_i.gen_prefetch_buffer.prefetch_buffer_i.fifo_i.rdata_q[66]$_DFFE_PP_,tier1,register_file,datapath,6
if_stage_i.gen_prefetch_buffer.prefetch_buffer_i.fifo_i.rdata_q[67]$_DFFE_PP_,tier1,register_file,datapath,6
if_stage_i.gen_prefetch_buffer.prefetch_buffer_i.fifo_i.rdata_q[68]$_DFFE_PP_,tier1,register_file,datapath,6
if_stage_i.gen_prefetch_buffer.prefetch_buffer_i.fifo_i.rdata_q[69]$_DFFE_PP_,tier1,register_file,datapath,6
if_stage_i.gen_prefetch_buffer.prefetch_buffer_i.fifo_i.rdata_q[6]$_DFFE_PP_,tier1,register_file,datapath,6
if_stage_i.gen_prefetch_buffer.prefetch_buffer_i.fifo_i.rdata_q[70]$_DFFE_PP_,tier1,register_file,datapath,6
if_stage_i.gen_prefetch_buffer.prefetch_buffer_i.fifo_i.rdata_q[71]$_DFFE_PP_,tier1,register_file,datapath,6
if_stage_i.gen_prefetch_buffer.prefetch_buffer_i.fifo_i.rdata_q[72]$_DFFE_PP_,tier1,register_file,datapath,6
if_stage_i.gen_prefetch_buffer.prefetch_buffer_i.fifo_i.rdata_q[73]$_DFFE_PP_,tier1,register_file,datapath,6
if_stage_i.gen_prefetch_buffer.prefetch_buffer_i.fifo_i.rdata_q[74]$_DFFE_PP_,tier1,register_file,datapath,6
if_stage_i.gen_prefetch_buffer.prefetch_buffer_i.fifo_i.rdata_q[75]$_DFFE_PP_,tier1,register_file,datapath,6
if_stage_i.gen_prefetch_buffer.prefetch_buffer_i.fifo_i.rdata_q[76]$_DFFE_PP_,tier1,register_file,datapath,6
if_stage_i.gen_prefetch_buffer.prefetch_buffer_i.fifo_i.rdata_q[77]$_DFFE_PP_,tier1,register_file,datapath,6
if_stage_i.gen_prefetch_buffer.prefetch_buffer_i.fifo_i.rdata_q[78]$_DFFE_PP_,tier1,register_file,datapath,6
if_stage_i.gen_prefetch_buffer.prefetch_buffer_i.fifo_i.rdata_q[79]$_DFFE_PP_,tier1,register_file,datapath,6
if_stage_i.gen_prefetch_buffer.prefetch_buffer_i.fifo_i.rdata_q[7]$_DFFE_PP_,tier1,register_file,datapath,6
if_stage_i.gen_prefetch_buffer.prefetch_buffer_i.fifo_i.rdata_q[80]$_DFFE_PP_,tier1,register_file,datapath,6
if_stage_i.gen_prefetch_buffer.prefetch_buffer_i.fifo_i.rdata_q[81]$_DFFE_PP_,tier1,register_file,datapath,6
if_stage_i.gen_prefetch_buffer.prefetch_buffer_i.fifo_i.rdata_q[82]$_DFFE_PP_,tier1,register_file,datapath,6
if_stage_i.gen_prefetch_buffer.prefetch_buffer_i.fifo_i.rdata_q[83]$_DFFE_PP_,tier1,register_file,datapath,6
if_stage_i.gen_prefetch_buffer.prefetch_buffer_i.fifo_i.rdata_q[84]$_DFFE_PP_,tier1,register_file,datapath,6
if_stage_i.gen_prefetch_buffer.prefetch_buffer_i.fifo_i.rdata_q[85]$_DFFE_PP_,tier1,register_file,datapath,6
if_stage_i.gen_prefetch_buffer.prefetch_buffer_i.fifo_i.rdata_q[86]$_DFFE_PP_,tier1,register_file,datapath,6
if_stage_i.gen_prefetch_buffer.prefetch_buffer_i.fifo_i.rdata_q[87]$_DFFE_PP_,tier1,register_file,datapath,6
if_stage_i.gen_prefetch_buffer.prefetch_buffer_i.fifo_i.rdata_q[88]$_DFFE_PP_,tier1,register_file,datapath,6
if_stage_i.gen_prefetch_buffer.prefetch_buffer_i.fifo_i.rdata_q[89]$_DFFE_PP_,tier1,register_file,datapath,6
if_stage_i.gen_prefetch_buffer.prefetch_buffer_i.fifo_i.rdata_q[8]$_DFFE_PP_,tier1,register_file,datapath,6
if_stage_i.gen_prefetch_buffer.prefetch_buffer_i.fifo_i.rdata_q[90]$_DFFE_PP_,tier1,register_file,datapath,6
if_stage_i.gen_prefetch_buffer.prefetch_buffer_i.fifo_i.rdata_q[91]$_DFFE_PP_,tier1,register_file,datapath,6
if_stage_i.gen_prefetch_buffer.prefetch_buffer_i.fifo_i.rdata_q[92]$_DFFE_PP_,tier1,register_file,datapath,6
if_stage_i.gen_prefetch_buffer.prefetch_buffer_i.fifo_i.rdata_q[93]$_DFFE_PP_,tier1,register_file,datapath,6
if_stage_i.gen_prefetch_buffer.prefetch_buffer_i.fifo_i.rdata_q[94]$_DFFE_PP_,tier1,register_file,datapath,6
if_stage_i.gen_prefetch_buffer.prefetch_buffer_i.fifo_i.rdata_q[95]$_DFFE_PP_,tier1,register_file,datapath,6
if_stage_i.gen_prefetch_buffer.prefetch_buffer_i.fifo_i.rdata_q[9]$_DFFE_PP_,tier1,register_file,datapath,6
if_stage_i.gen_prefetch_buffer.prefetch_buffer_i.fifo_i.valid_q[0]$_DFF_PN0_,tier0,pipeline_state,control,6
if_stage_i.gen_prefetch_buffer.prefetch_buffer_i.fifo_i.valid_q[1]$_DFF_PN0_,tier0,pipeline_state,control,6
if_stage_i.gen_prefetch_buffer.prefetch_buffer_i.fifo_i.valid_q[2]$_DFF_PN0_,tier0,pipeline_state,control,6
if_stage_i.gen_prefetch_buffer.prefetch_buffer_i.rdata_outstanding_q[0]$_DFF_PN0_,tier1,register_file,datapath,6
if_stage_i.gen_prefetch_buffer.prefetch_buffer_i.rdata_outstanding_q[1]$_DFF_PN0_,tier0,register_file,datapath,6
if_stage_i.gen_prefetch_buffer.prefetch_buffer_i.stored_addr_q[10]$_DFFE_PP_,tier0,fetch,control,6
if_stage_i.gen_prefetch_buffer.prefetch_buffer_i.stored_addr_q[11]$_DFFE_PP_,tier0,fetch,control,6
if_stage_i.gen_prefetch_buffer.prefetch_buffer_i.stored_addr_q[12]$_DFFE_PP_,tier0,fetch,control,6
if_stage_i.gen_prefetch_buffer.prefetch_buffer_i.stored_addr_q[13]$_DFFE_PP_,tier0,fetch,control,6
if_stage_i.gen_prefetch_buffer.prefetch_buffer_i.stored_addr_q[14]$_DFFE_PP_,tier0,fetch,control,6
if_stage_i.gen_prefetch_buffer.prefetch_buffer_i.stored_addr_q[15]$_DFFE_PP_,tier0,fetch,control,6
if_stage_i.gen_prefetch_buffer.prefetch_buffer_i.stored_addr_q[16]$_DFFE_PP_,tier0,fetch,control,6
if_stage_i.gen_prefetch_buffer.prefetch_buffer_i.stored_addr_q[17]$_DFFE_PP_,tier0,fetch,control,6
if_stage_i.gen_prefetch_buffer.prefetch_buffer_i.stored_addr_q[18]$_DFFE_PP_,tier0,fetch,control,6
if_stage_i.gen_prefetch_buffer.prefetch_buffer_i.stored_addr_q[19]$_DFFE_PP_,tier0,fetch,control,6
if_stage_i.gen_prefetch_buffer.prefetch_buffer_i.stored_addr_q[20]$_DFFE_PP_,tier0,fetch,control,6
if_stage_i.gen_prefetch_buffer.prefetch_buffer_i.stored_addr_q[21]$_DFFE_PP_,tier0,fetch,control,6
if_stage_i.gen_prefetch_buffer.prefetch_buffer_i.stored_addr_q[22]$_DFFE_PP_,tier0,fetch,control,6
if_stage_i.gen_prefetch_buffer.prefetch_buffer_i.stored_addr_q[23]$_DFFE_PP_,tier0,fetch,control,6
if_stage_i.gen_prefetch_buffer.prefetch_buffer_i.stored_addr_q[24]$_DFFE_PP_,tier0,fetch,control,6
if_stage_i.gen_prefetch_buffer.prefetch_buffer_i.stored_addr_q[25]$_DFFE_PP_,tier0,fetch,control,6
if_stage_i.gen_prefetch_buffer.prefetch_buffer_i.stored_addr_q[26]$_DFFE_PP_,tier0,fetch,control,6
if_stage_i.gen_prefetch_buffer.prefetch_buffer_i.stored_addr_q[27]$_DFFE_PP_,tier0,fetch,control,6
if_stage_i.gen_prefetch_buffer.prefetch_buffer_i.stored_addr_q[28]$_DFFE_PP_,tier0,fetch,control,6
if_stage_i.gen_prefetch_buffer.prefetch_buffer_i.stored_addr_q[29]$_DFFE_PP_,tier0,fetch,control,6
if_stage_i.gen_prefetch_buffer.prefetch_buffer_i.stored_addr_q[2]$_DFFE_PP_,tier0,fetch,control,6
if_stage_i.gen_prefetch_buffer.prefetch_buffer_i.stored_addr_q[30]$_DFFE_PP_,tier0,fetch,control,6
if_stage_i.gen_prefetch_buffer.prefetch_buffer_i.stored_addr_q[31]$_DFFE_PP_,tier0,fetch,control,6
if_stage_i.gen_prefetch_buffer.prefetch_buffer_i.stored_addr_q[3]$_DFFE_PP_,tier0,fetch,control,6
if_stage_i.gen_prefetch_buffer.prefetch_buffer_i.stored_addr_q[4]$_DFFE_PP_,tier0,fetch,control,6
if_stage_i.gen_prefetch_buffer.prefetch_buffer_i.stored_addr_q[5]$_DFFE_PP_,tier0,fetch,control,6
if_stage_i.gen_prefetch_buffer.prefetch_buffer_i.stored_addr_q[6]$_DFFE_PP_,tier0,fetch,control,6
if_stage_i.gen_prefetch_buffer.prefetch_buffer_i.stored_addr_q[7]$_DFFE_PP_,tier0,fetch,control,6
if_stage_i.gen_prefetch_buffer.prefetch_buffer_i.stored_addr_q[8]$_DFFE_PP_,tier0,fetch,control,6
if_stage_i.gen_prefetch_buffer.prefetch_buffer_i.stored_addr_q[9]$_DFFE_PP_,tier0,fetch,control,6
if_stage_i.gen_prefetch_buffer.prefetch_buffer_i.valid_req_q$_DFF_PN0_,tier0,pipeline_state,control,6
if_stage_i.illegal_c_insn_id_o$_DFFE_PP_,tier0,pipeline_state,control,6
if_stage_i.instr_fetch_err_o$_DFFE_PP_,tier0,pipeline_state,control,6
if_stage_i.instr_fetch_err_plus2_o$_SDFFCE_PN0P_,tier0,pipeline_state,control,6
if_stage_i.instr_is_compressed_id_o$_DFFE_PP_,tier0,pipeline_state,control,6
if_stage_i.instr_rdata_c_id_o[0]$_DFFE_PP_,tier1,register_file,datapath,6
if_stage_i.instr_rdata_c_id_o[10]$_DFFE_PP_,tier1,register_file,datapath,6
if_stage_i.instr_rdata_c_id_o[11]$_DFFE_PP_,tier1,register_file,datapath,6
if_stage_i.instr_rdata_c_id_o[12]$_DFFE_PP_,tier1,register_file,datapath,6
if_stage_i.instr_rdata_c_id_o[13]$_DFFE_PP_,tier1,register_file,datapath,6
if_stage_i.instr_rdata_c_id_o[14]$_DFFE_PP_,tier1,register_file,datapath,6
if_stage_i.instr_rdata_c_id_o[15]$_DFFE_PP_,tier1,register_file,datapath,6
if_stage_i.instr_rdata_c_id_o[1]$_DFFE_PP_,tier1,register_file,datapath,6
if_stage_i.instr_rdata_c_id_o[2]$_DFFE_PP_,tier1,register_file,datapath,6
if_stage_i.instr_rdata_c_id_o[3]$_DFFE_PP_,tier1,register_file,datapath,6
if_stage_i.instr_rdata_c_id_o[4]$_DFFE_PP_,tier1,register_file,datapath,6
if_stage_i.instr_rdata_c_id_o[5]$_DFFE_PP_,tier1,register_file,datapath,6
if_stage_i.instr_rdata_c_id_o[6]$_DFFE_PP_,tier1,register_file,datapath,6
if_stage_i.instr_rdata_c_id_o[7]$_DFFE_PP_,tier1,register_file,datapath,6
if_stage_i.instr_rdata_c_id_o[8]$_DFFE_PP_,tier1,register_file,datapath,6
if_stage_i.instr_rdata_c_id_o[9]$_DFFE_PP_,tier1,register_file,datapath,6
if_stage_i.instr_rdata_id_o[0]$_DFFE_PP_,tier1,register_file,datapath,6
if_stage_i.instr_rdata_id_o[10]$_DFFE_PP_,tier1,register_file,datapath,6
if_stage_i.instr_rdata_id_o[11]$_DFFE_PP_,tier1,register_file,datapath,6
if_stage_i.instr_rdata_id_o[12]$_DFFE_PP_,tier1,register_file,datapath,6
if_stage_i.instr_rdata_id_o[13]$_DFFE_PP_,tier1,register_file,datapath,6
if_stage_i.instr_rdata_id_o[14]$_DFFE_PP_,tier1,register_file,datapath,6
if_stage_i.instr_rdata_id_o[15]$_DFFE_PP_,tier1,register_file,datapath,6
if_stage_i.instr_rdata_id_o[16]$_DFFE_PP_,tier1,register_file,datapath,6
if_stage_i.instr_rdata_id_o[17]$_DFFE_PP_,tier1,register_file,datapath,6
if_stage_i.instr_rdata_id_o[18]$_DFFE_PP_,tier1,register_file,datapath,6
if_stage_i.instr_rdata_id_o[19]$_DFFE_PP_,tier1,register_file,datapath,6
if_stage_i.instr_rdata_id_o[1]$_DFFE_PP_,tier1,register_file,datapath,6
if_stage_i.instr_rdata_id_o[20]$_DFFE_PP_,tier1,register_file,datapath,6
if_stage_i.instr_rdata_id_o[21]$_DFFE_PP_,tier1,register_file,datapath,6
if_stage_i.instr_rdata_id_o[22]$_DFFE_PP_,tier1,register_file,datapath,6
if_stage_i.instr_rdata_id_o[23]$_DFFE_PP_,tier1,register_file,datapath,6
if_stage_i.instr_rdata_id_o[24]$_DFFE_PP_,tier1,register_file,datapath,6
if_stage_i.instr_rdata_id_o[25]$_DFFE_PP_,tier1,register_file,datapath,6
if_stage_i.instr_rdata_id_o[26]$_DFFE_PP_,tier1,register_file,datapath,6
if_stage_i.instr_rdata_id_o[27]$_DFFE_PP_,tier1,register_file,datapath,6
if_stage_i.instr_rdata_id_o[28]$_DFFE_PP_,tier1,register_file,datapath,6
if_stage_i.instr_rdata_id_o[29]$_DFFE_PP_,tier1,register_file,datapath,6
if_stage_i.instr_rdata_id_o[2]$_DFFE_PP_,tier1,register_file,datapath,6
if_stage_i.instr_rdata_id_o[30]$_DFFE_PP_,tier1,register_file,datapath,6
if_stage_i.instr_rdata_id_o[31]$_DFFE_PP_,tier1,register_file,datapath,6
if_stage_i.instr_rdata_id_o[3]$_DFFE_PP_,tier1,register_file,datapath,6
if_stage_i.instr_rdata_id_o[4]$_DFFE_PP_,tier1,register_file,datapath,6
if_stage_i.instr_rdata_id_o[5]$_DFFE_PP_,tier1,register_file,datapath,6
if_stage_i.instr_rdata_id_o[6]$_DFFE_PP_,tier1,register_file,datapath,6
if_stage_i.instr_rdata_id_o[7]$_DFFE_PP_,tier0,register_file,datapath,6
if_stage_i.instr_rdata_id_o[8]$_DFFE_PP_,tier1,register_file,datapath,6
if_stage_i.instr_rdata_id_o[9]$_DFFE_PP_,tier1,register_file,datapath,6
if_stage_i.instr_valid_id_o$_DFF_PN0_,tier0,pipeline_state,control,6
if_stage_i.pc_id_o[10]$_DFFE_PP_,tier0,fetch,control,6
if_stage_i.pc_id_o[11]$_DFFE_PP_,tier0,fetch,control,6
if_stage_i.pc_id_o[12]$_DFFE_PP_,tier0,fetch,control,6
if_stage_i.pc_id_o[13]$_DFFE_PP_,tier1,fetch,control,6
if_stage_i.pc_id_o[14]$_DFFE_PP_,tier0,fetch,control,6
if_stage_i.pc_id_o[15]$_DFFE_PP_,tier0,fetch,control,6
if_stage_i.pc_id_o[16]$_DFFE_PP_,tier0,fetch,control,6
if_stage_i.pc_id_o[17]$_DFFE_PP_,tier0,fetch,control,6
if_stage_i.pc_id_o[18]$_DFFE_PP_,tier0,fetch,control,6
if_stage_i.pc_id_o[19]$_DFFE_PP_,tier0,fetch,control,6
if_stage_i.pc_id_o[1]$_DFFE_PP_,tier1,fetch,control,6
if_stage_i.pc_id_o[20]$_DFFE_PP_,tier0,fetch,control,6
if_stage_i.pc_id_o[21]$_DFFE_PP_,tier0,fetch,control,6
if_stage_i.pc_id_o[22]$_DFFE_PP_,tier0,fetch,control,6
if_stage_i.pc_id_o[23]$_DFFE_PP_,tier0,fetch,control,6
if_stage_i.pc_id_o[24]$_DFFE_PP_,tier0,fetch,control,6
if_stage_i.pc_id_o[25]$_DFFE_PP_,tier0,fetch,control,6
if_stage_i.pc_id_o[26]$_DFFE_PP_,tier0,fetch,control,6
if_stage_i.pc_id_o[27]$_DFFE_PP_,tier0,fetch,control,6
if_stage_i.pc_id_o[28]$_DFFE_PP_,tier0,fetch,control,6
if_stage_i.pc_id_o[29]$_DFFE_PP_,tier0,fetch,control,6
if_stage_i.pc_id_o[2]$_DFFE_PP_,tier0,fetch,control,6
if_stage_i.pc_id_o[30]$_DFFE_PP_,tier0,fetch,control,6
if_stage_i.pc_id_o[31]$_DFFE_PP_,tier0,fetch,control,6
if_stage_i.pc_id_o[3]$_DFFE_PP_,tier0,fetch,control,6
if_stage_i.pc_id_o[4]$_DFFE_PP_,tier1,fetch,control,6
if_stage_i.pc_id_o[5]$_DFFE_PP_,tier1,fetch,control,6
if_stage_i.pc_id_o[6]$_DFFE_PP_,tier0,fetch,control,6
if_stage_i.pc_id_o[7]$_DFFE_PP_,tier0,fetch,control,6
if_stage_i.pc_id_o[8]$_DFFE_PP_,tier0,fetch,control,6
if_stage_i.pc_id_o[9]$_DFFE_PP_,tier0,fetch,control,6
input100,tier0,generated_control,infrastructure,3
input101,tier0,generated_control,infrastructure,3
input102,tier0,generated_control,infrastructure,3
input103,tier1,generated_control,infrastructure,3
input104,tier0,generated_control,infrastructure,3
input105,tier0,generated_control,infrastructure,3
input106,tier0,generated_control,infrastructure,3
input107,tier0,generated_control,infrastructure,3
input108,tier0,generated_control,infrastructure,3
input109,tier0,generated_control,infrastructure,3
input110,tier1,fetch,control,3
input111,tier0,fetch,control,3
input112,tier1,register_file,datapath,3
input113,tier1,register_file,datapath,3
input114,tier1,register_file,datapath,3
input115,tier1,register_file,datapath,3
input116,tier1,register_file,datapath,3
input117,tier1,register_file,datapath,3
input118,tier1,register_file,datapath,3
input119,tier1,register_file,datapath,3
input120,tier1,register_file,datapath,3
input121,tier1,register_file,datapath,3
input122,tier1,register_file,datapath,3
input123,tier1,register_file,datapath,3
input124,tier1,register_file,datapath,3
input125,tier1,register_file,datapath,3
input126,tier1,register_file,datapath,3
input127,tier1,register_file,datapath,3
input128,tier1,register_file,datapath,3
input129,tier1,register_file,datapath,3
input130,tier1,register_file,datapath,3
input131,tier1,register_file,datapath,3
input132,tier1,register_file,datapath,3
input133,tier1,register_file,datapath,3
input134,tier1,register_file,datapath,3
input135,tier1,register_file,datapath,3
input136,tier1,register_file,datapath,3
input137,tier1,register_file,datapath,3
input138,tier1,register_file,datapath,3
input139,tier1,register_file,datapath,3
input140,tier1,register_file,datapath,3
input141,tier1,register_file,datapath,3
input142,tier1,register_file,datapath,3
input143,tier1,register_file,datapath,3
input144,tier1,fetch,control,3
input145,tier0,trap_debug,control,3
input146,tier1,trap_debug,control,3
input147,tier1,trap_debug,control,3
input148,tier1,trap_debug,control,3
input149,tier0,trap_debug,control,3
input150,tier1,trap_debug,control,3
input151,tier1,trap_debug,control,3
input152,tier1,trap_debug,control,3
input153,tier0,trap_debug,control,3
input154,tier0,trap_debug,control,3
input155,tier1,trap_debug,control,3
input156,tier1,trap_debug,control,3
input157,tier1,trap_debug,control,3
input158,tier1,trap_debug,control,3
input159,tier1,trap_debug,control,3
input160,tier1,trap_debug,control,3
input161,tier0,trap_debug,control,3
input162,tier0,trap_debug,control,3
input163,tier0,trap_debug,control,3
input164,tier0,clock_reset,control,3
input165,tier0,generated_control,infrastructure,3
input17,tier0,fetch,control,3
input18,tier0,fetch,control,3
input19,tier0,fetch,control,3
input20,tier0,fetch,control,3
input21,tier0,fetch,control,3
input22,tier0,fetch,control,3
input23,tier0,fetch,control,3
input24,tier0,fetch,control,3
input25,tier0,fetch,control,3
input26,tier0,fetch,control,3
input27,tier0,fetch,control,3
input28,tier0,fetch,control,3
input29,tier0,fetch,control,3
input30,tier0,fetch,control,3
input31,tier0,fetch,control,3
input32,tier0,fetch,control,3
input33,tier0,fetch,control,3
input34,tier0,fetch,control,3
input35,tier0,fetch,control,3
input36,tier0,fetch,control,3
input37,tier0,fetch,control,3
input38,tier0,fetch,control,3
input39,tier0,fetch,control,3
input40,tier0,fetch,control,3
input41,tier0,generated_control,infrastructure,3
input42,tier1,load_store,datapath,3
input43,tier0,register_file,datapath,3
input44,tier0,register_file,datapath,3
input45,tier0,register_file,datapath,3
input46,tier0,register_file,datapath,3
input47,tier0,register_file,datapath,3
input48,tier0,register_file,datapath,3
input49,tier0,register_file,datapath,3
input50,tier1,register_file,datapath,3
input51,tier1,register_file,datapath,3
input52,tier1,register_file,datapath,3
input53,tier1,register_file,datapath,3
input54,tier0,register_file,datapath,3
input55,tier1,register_file,datapath,3
input56,tier1,register_file,datapath,3
input57,tier1,register_file,datapath,3
input58,tier0,register_file,datapath,3
input59,tier1,register_file,datapath,3
input60,tier1,register_file,datapath,3
input61,tier1,register_file,datapath,3
input62,tier1,register_file,datapath,3
input63,tier1,register_file,datapath,3
input64,tier1,register_file,datapath,3
input65,tier0,register_file,datapath,3
input66,tier1,register_file,datapath,3
input67,tier0,register_file,datapath,3
input68,tier0,register_file,datapath,3
input69,tier0,register_file,datapath,3
input70,tier0,register_file,datapath,3
input71,tier0,register_file,datapath,3
input72,tier0,register_file,datapath,3
input73,tier0,register_file,datapath,3
input74,tier0,register_file,datapath,3
input75,tier0,pipeline_state,control,3
input76,tier0,trap_debug,control,3
input77,tier0,fetch,control,3
input78,tier0,generated_control,infrastructure,3
input79,tier1,generated_control,infrastructure,3
input80,tier0,generated_control,infrastructure,3
input81,tier0,generated_control,infrastructure,3
input82,tier0,generated_control,infrastructure,3
input83,tier0,generated_control,infrastructure,3
input84,tier0,generated_control,infrastructure,3
input85,tier0,generated_control,infrastructure,3
input86,tier1,generated_control,infrastructure,3
input87,tier1,generated_control,infrastructure,3
input88,tier1,generated_control,infrastructure,3
input89,tier0,generated_control,infrastructure,3
input90,tier0,generated_control,infrastructure,3
input91,tier0,generated_control,infrastructure,3
input92,tier1,generated_control,infrastructure,3
input93,tier1,generated_control,infrastructure,3
input94,tier1,generated_control,infrastructure,3
input95,tier1,generated_control,infrastructure,3
input96,tier0,generated_control,infrastructure,3
input97,tier0,generated_control,infrastructure,3
input98,tier1,generated_control,infrastructure,3
input99,tier1,generated_control,infrastructure,3
load_store_unit_i.addr_last_o[0]$_DFFE_PN0P_,tier1,load_store,datapath,6
load_store_unit_i.addr_last_o[10]$_DFFE_PN0P_,tier0,load_store,datapath,6
load_store_unit_i.addr_last_o[11]$_DFFE_PN0P_,tier0,load_store,datapath,6
load_store_unit_i.addr_last_o[12]$_DFFE_PN0P_,tier0,load_store,datapath,6
load_store_unit_i.addr_last_o[13]$_DFFE_PN0P_,tier1,load_store,datapath,6
load_store_unit_i.addr_last_o[14]$_DFFE_PN0P_,tier1,load_store,datapath,6
load_store_unit_i.addr_last_o[15]$_DFFE_PN0P_,tier1,load_store,datapath,6
load_store_unit_i.addr_last_o[16]$_DFFE_PN0P_,tier1,load_store,datapath,6
load_store_unit_i.addr_last_o[17]$_DFFE_PN0P_,tier1,load_store,datapath,6
load_store_unit_i.addr_last_o[18]$_DFFE_PN0P_,tier1,load_store,datapath,6
load_store_unit_i.addr_last_o[19]$_DFFE_PN0P_,tier1,load_store,datapath,6
load_store_unit_i.addr_last_o[1]$_DFFE_PN0P_,tier1,load_store,datapath,6
load_store_unit_i.addr_last_o[20]$_DFFE_PN0P_,tier1,load_store,datapath,6
load_store_unit_i.addr_last_o[21]$_DFFE_PN0P_,tier1,load_store,datapath,6
load_store_unit_i.addr_last_o[22]$_DFFE_PN0P_,tier1,load_store,datapath,6
load_store_unit_i.addr_last_o[23]$_DFFE_PN0P_,tier1,load_store,datapath,6
load_store_unit_i.addr_last_o[24]$_DFFE_PN0P_,tier1,load_store,datapath,6
load_store_unit_i.addr_last_o[25]$_DFFE_PN0P_,tier1,load_store,datapath,6
load_store_unit_i.addr_last_o[26]$_DFFE_PN0P_,tier1,load_store,datapath,6
load_store_unit_i.addr_last_o[27]$_DFFE_PN0P_,tier1,load_store,datapath,6
load_store_unit_i.addr_last_o[28]$_DFFE_PN0P_,tier1,load_store,datapath,6
load_store_unit_i.addr_last_o[29]$_DFFE_PN0P_,tier1,load_store,datapath,6
load_store_unit_i.addr_last_o[2]$_DFFE_PN0P_,tier1,load_store,datapath,6
load_store_unit_i.addr_last_o[30]$_DFFE_PN0P_,tier1,load_store,datapath,6
load_store_unit_i.addr_last_o[31]$_DFFE_PN0P_,tier1,load_store,datapath,6
load_store_unit_i.addr_last_o[3]$_DFFE_PN0P_,tier1,load_store,datapath,6
load_store_unit_i.addr_last_o[4]$_DFFE_PN0P_,tier1,load_store,datapath,6
load_store_unit_i.addr_last_o[5]$_DFFE_PN0P_,tier1,load_store,datapath,6
load_store_unit_i.addr_last_o[6]$_DFFE_PN0P_,tier1,load_store,datapath,6
load_store_unit_i.addr_last_o[7]$_DFFE_PN0P_,tier1,load_store,datapath,6
load_store_unit_i.addr_last_o[8]$_DFFE_PN0P_,tier1,load_store,datapath,6
load_store_unit_i.addr_last_o[9]$_DFFE_PN0P_,tier1,load_store,datapath,6
load_store_unit_i.data_sign_ext_q$_DFFE_PN0P_,tier1,load_store,datapath,6
load_store_unit_i.data_type_q[0]$_DFF_PN1_,tier1,load_store,datapath,6
load_store_unit_i.data_type_q[1]$_DFF_PN0_,tier1,load_store,datapath,6
load_store_unit_i.data_type_q[2]$_DFF_PN0_,tier0,load_store,datapath,6
load_store_unit_i.data_we_q$_DFFE_PN0P_,tier1,load_store,datapath,6
load_store_unit_i.handle_misaligned_q$_DFFE_PN0P_,tier1,load_store,datapath,6
load_store_unit_i.ls_fsm_cs[0]$_DFFE_PN0P_,tier1,load_store,datapath,6
load_store_unit_i.ls_fsm_cs[1]$_DFFE_PN0P_,tier1,load_store,datapath,6
load_store_unit_i.ls_fsm_cs[2]$_DFFE_PN0P_,tier1,load_store,datapath,6
load_store_unit_i.lsu_err_q$_DFFE_PN0P_,tier1,load_store,datapath,6
load_store_unit_i.rdata_offset_q[0]$_DFFE_PN0P_,tier1,register_file,datapath,6
load_store_unit_i.rdata_offset_q[1]$_DFFE_PN0P_,tier1,register_file,datapath,6
load_store_unit_i.rdata_q[10]$_DFFE_PN0P_,tier1,register_file,datapath,6
load_store_unit_i.rdata_q[11]$_DFFE_PN0P_,tier1,register_file,datapath,6
load_store_unit_i.rdata_q[12]$_DFFE_PN0P_,tier1,register_file,datapath,6
load_store_unit_i.rdata_q[13]$_DFFE_PN0P_,tier1,register_file,datapath,6
load_store_unit_i.rdata_q[14]$_DFFE_PN0P_,tier1,register_file,datapath,6
load_store_unit_i.rdata_q[15]$_DFFE_PN0P_,tier1,register_file,datapath,6
load_store_unit_i.rdata_q[16]$_DFFE_PN0P_,tier1,register_file,datapath,6
load_store_unit_i.rdata_q[17]$_DFFE_PN0P_,tier1,register_file,datapath,6
load_store_unit_i.rdata_q[18]$_DFFE_PN0P_,tier1,register_file,datapath,6
load_store_unit_i.rdata_q[19]$_DFFE_PN0P_,tier1,register_file,datapath,6
load_store_unit_i.rdata_q[20]$_DFFE_PN0P_,tier1,register_file,datapath,6
load_store_unit_i.rdata_q[21]$_DFFE_PN0P_,tier1,register_file,datapath,6
load_store_unit_i.rdata_q[22]$_DFFE_PN0P_,tier1,register_file,datapath,6
load_store_unit_i.rdata_q[23]$_DFFE_PN0P_,tier1,register_file,datapath,6
load_store_unit_i.rdata_q[24]$_DFFE_PN0P_,tier1,register_file,datapath,6
load_store_unit_i.rdata_q[25]$_DFFE_PN0P_,tier1,register_file,datapath,6
load_store_unit_i.rdata_q[26]$_DFFE_PN0P_,tier1,register_file,datapath,6
load_store_unit_i.rdata_q[27]$_DFFE_PN0P_,tier1,register_file,datapath,6
load_store_unit_i.rdata_q[28]$_DFFE_PN0P_,tier1,register_file,datapath,6
load_store_unit_i.rdata_q[29]$_DFFE_PN0P_,tier1,register_file,datapath,6
load_store_unit_i.rdata_q[30]$_DFFE_PN0P_,tier1,register_file,datapath,6
load_store_unit_i.rdata_q[31]$_DFFE_PN0P_,tier1,register_file,datapath,6
load_store_unit_i.rdata_q[8]$_DFFE_PN0P_,tier1,register_file,datapath,6
load_store_unit_i.rdata_q[9]$_DFFE_PN0P_,tier1,register_file,datapath,6
output166,tier0,generated_control,infrastructure,3
output167,tier1,load_store,datapath,3
output168,tier0,load_store,datapath,3
output169,tier0,load_store,datapath,3
output170,tier0,load_store,datapath,3
output171,tier1,load_store,datapath,3
output172,tier0,load_store,datapath,3
output173,tier1,load_store,datapath,3
output174,tier1,load_store,datapath,3
output175,tier0,load_store,datapath,3
output176,tier0,load_store,datapath,3
output177,tier1,load_store,datapath,3
output178,tier1,load_store,datapath,3
output179,tier0,load_store,datapath,3
output180,tier1,load_store,datapath,3
output181,tier1,load_store,datapath,3
output182,tier1,load_store,datapath,3
output183,tier1,load_store,datapath,3
output184,tier1,load_store,datapath,3
output185,tier1,load_store,datapath,3
output186,tier0,load_store,datapath,3
output187,tier1,load_store,datapath,3
output188,tier1,load_store,datapath,3
output189,tier1,load_store,datapath,3
output190,tier1,load_store,datapath,3
output191,tier1,load_store,datapath,3
output192,tier1,load_store,datapath,3
output193,tier1,load_store,datapath,3
output194,tier1,load_store,datapath,3
output195,tier1,load_store,datapath,3
output196,tier1,load_store,datapath,3
output197,tier1,generated_control,infrastructure,3
output198,tier1,generated_control,infrastructure,3
output199,tier1,generated_control,infrastructure,3
output200,tier1,generated_control,infrastructure,3
output201,tier1,load_store,datapath,3
output202,tier1,register_file,datapath,3
output203,tier1,register_file,datapath,3
output204,tier0,register_file,datapath,3
output205,tier1,register_file,datapath,3
output206,tier0,register_file,datapath,3
output207,tier0,register_file,datapath,3
output208,tier1,register_file,datapath,3
output209,tier1,register_file,datapath,3
output210,tier0,register_file,datapath,3
output211,tier1,register_file,datapath,3
output212,tier0,register_file,datapath,3
output213,tier1,register_file,datapath,3
output214,tier1,register_file,datapath,3
output215,tier0,register_file,datapath,3
output216,tier0,register_file,datapath,3
output217,tier1,register_file,datapath,3
output218,tier1,register_file,datapath,3
output219,tier0,register_file,datapath,3
output220,tier1,register_file,datapath,3
output221,tier0,register_file,datapath,3
output222,tier1,register_file,datapath,3
output223,tier0,register_file,datapath,3
output224,tier1,register_file,datapath,3
output225,tier0,register_file,datapath,3
output226,tier0,register_file,datapath,3
output227,tier0,register_file,datapath,3
output228,tier1,register_file,datapath,3
output229,tier0,register_file,datapath,3
output230,tier0,register_file,datapath,3
output231,tier0,register_file,datapath,3
output232,tier1,register_file,datapath,3
output233,tier1,register_file,datapath,3
output234,tier0,generated_control,infrastructure,3
output235,tier0,fetch,control,3
output236,tier0,fetch,control,3
output237,tier0,fetch,control,3
output238,tier0,fetch,control,3
output239,tier0,fetch,control,3
output240,tier0,fetch,control,3
output241,tier0,fetch,control,3
output242,tier0,fetch,control,3
output243,tier0,fetch,control,3
output244,tier0,fetch,control,3
output245,tier0,fetch,control,3
output246,tier0,fetch,control,3
output247,tier0,fetch,control,3
output248,tier0,fetch,control,3
output249,tier0,fetch,control,3
output250,tier0,fetch,control,3
output251,tier0,fetch,control,3
output252,tier0,fetch,control,3
output253,tier0,fetch,control,3
output254,tier0,fetch,control,3
output255,tier0,fetch,control,3
output256,tier0,fetch,control,3
output257,tier0,fetch,control,3
output258,tier0,fetch,control,3
output259,tier0,fetch,control,3
output260,tier0,fetch,control,3
output261,tier0,fetch,control,3
output262,tier0,fetch,control,3
output263,tier0,fetch,control,3
output264,tier0,fetch,control,3
output265,tier1,fetch,control,3
place3076,tier1,generated_control,infrastructure,3
place3077,tier1,generated_control,infrastructure,3
place3078,tier1,generated_control,infrastructure,3
place3079,tier0,generated_control,infrastructure,3
place3080,tier1,generated_control,infrastructure,3
place3081,tier1,generated_control,infrastructure,3
place3082,tier0,generated_control,infrastructure,3
place3083,tier0,generated_control,infrastructure,3
place3084,tier0,generated_control,infrastructure,3
place3085,tier0,generated_control,infrastructure,3
place3086,tier0,generated_control,infrastructure,3
place3087,tier1,generated_control,infrastructure,3
place3088,tier1,generated_control,infrastructure,3
place3089,tier1,generated_control,infrastructure,3
place3090,tier1,generated_control,infrastructure,3
place3091,tier0,generated_control,infrastructure,3
place3092,tier1,generated_control,infrastructure,3
place3093,tier0,generated_control,infrastructure,3
place3094,tier1,generated_control,infrastructure,3
place3095,tier1,generated_control,infrastructure,3
place3096,tier1,generated_control,infrastructure,3
place3097,tier1,generated_control,infrastructure,3
place3098,tier1,generated_control,infrastructure,3
place3099,tier1,generated_control,infrastructure,3
place3100,tier1,generated_control,infrastructure,3
place3101,tier1,generated_control,infrastructure,3
place3102,tier0,generated_control,infrastructure,3
place3103,tier1,generated_control,infrastructure,3
place3104,tier1,generated_control,infrastructure,3
place3105,tier0,generated_control,infrastructure,3
place3106,tier0,generated_control,infrastructure,3
place3107,tier1,generated_control,infrastructure,3
place3108,tier0,generated_control,infrastructure,3
place3109,tier0,generated_control,infrastructure,3
place3110,tier0,generated_control,infrastructure,3
place3111,tier1,generated_control,infrastructure,3
place3112,tier1,generated_control,infrastructure,3
place3113,tier1,generated_control,infrastructure,3
place3114,tier1,generated_control,infrastructure,3
place3115,tier1,generated_control,infrastructure,3
place3116,tier1,generated_control,infrastructure,3
place3117,tier1,generated_control,infrastructure,3
place3118,tier1,generated_control,infrastructure,3
place3119,tier1,generated_control,infrastructure,3
place3120,tier0,generated_control,infrastructure,3
place3121,tier0,generated_control,infrastructure,3
place3122,tier1,generated_control,infrastructure,3
place3123,tier1,generated_control,infrastructure,3
place3124,tier1,generated_control,infrastructure,3
place3125,tier1,generated_control,infrastructure,3
place3126,tier0,generated_control,infrastructure,3
place3127,tier0,generated_control,infrastructure,3
place3128,tier0,generated_control,infrastructure,3
place3129,tier1,generated_control,infrastructure,3
place3130,tier1,generated_control,infrastructure,3
place3131,tier1,generated_control,infrastructure,3
place3132,tier1,generated_control,infrastructure,3
place3133,tier1,generated_control,infrastructure,3
place3134,tier1,generated_control,infrastructure,3
place3135,tier1,generated_control,infrastructure,3
place3136,tier1,generated_control,infrastructure,3
place3137,tier0,generated_control,infrastructure,3
place3138,tier0,generated_control,infrastructure,3
place3139,tier1,generated_control,infrastructure,3
place3140,tier1,generated_control,infrastructure,3
place3141,tier1,generated_control,infrastructure,3
place3142,tier1,generated_control,infrastructure,3
place3143,tier0,generated_control,infrastructure,3
place3144,tier1,generated_control,infrastructure,3
place3145,tier1,generated_control,infrastructure,3
place3146,tier1,generated_control,infrastructure,3
place3147,tier1,generated_control,infrastructure,3
place3148,tier1,generated_control,infrastructure,3
place3149,tier1,generated_control,infrastructure,3
place3150,tier0,generated_control,infrastructure,3
place3151,tier0,generated_control,infrastructure,3
place3152,tier0,generated_control,infrastructure,3
place3153,tier0,generated_control,infrastructure,3
place3154,tier0,generated_control,infrastructure,3
place3155,tier0,generated_control,infrastructure,3
place3156,tier0,generated_control,infrastructure,3
place3157,tier1,generated_control,infrastructure,3
place3158,tier1,generated_control,infrastructure,3
place3159,tier0,generated_control,infrastructure,3
place3160,tier0,generated_control,infrastructure,3
place3161,tier0,generated_control,infrastructure,3
place3162,tier0,generated_control,infrastructure,3
place3163,tier0,generated_control,infrastructure,3
place3164,tier0,generated_control,infrastructure,3
place3165,tier0,generated_control,infrastructure,3
place3166,tier0,generated_control,infrastructure,3
place3167,tier0,generated_control,infrastructure,3
place3168,tier0,generated_control,infrastructure,3
place3169,tier0,generated_control,infrastructure,3
place3170,tier0,generated_control,infrastructure,3
place3171,tier0,generated_control,infrastructure,3
place3172,tier0,generated_control,infrastructure,3
place3173,tier0,generated_control,infrastructure,3
place3174,tier0,generated_control,infrastructure,3
place3175,tier0,generated_control,infrastructure,3
place3176,tier0,generated_control,infrastructure,3
place3177,tier0,generated_control,infrastructure,3
place3178,tier0,generated_control,infrastructure,3
place3179,tier0,generated_control,infrastructure,3
place3180,tier0,generated_control,infrastructure,3
place3181,tier0,generated_control,infrastructure,3
place3182,tier0,generated_control,infrastructure,3
place3183,tier0,generated_control,infrastructure,3
place3184,tier0,generated_control,infrastructure,3
place3185,tier0,generated_control,infrastructure,3
place3186,tier0,generated_control,infrastructure,3
place3187,tier0,generated_control,infrastructure,3
place3188,tier1,generated_control,infrastructure,3
place3189,tier1,generated_control,infrastructure,3
place3190,tier0,generated_control,infrastructure,3
place3191,tier0,generated_control,infrastructure,3
place3192,tier0,generated_control,infrastructure,3
place3193,tier0,generated_control,infrastructure,3
place3194,tier0,generated_control,infrastructure,3
place3195,tier0,generated_control,infrastructure,3
place3196,tier1,generated_control,infrastructure,3
place3197,tier1,generated_control,infrastructure,3
place3198,tier1,generated_control,infrastructure,3
place3199,tier1,generated_control,infrastructure,3
place3200,tier1,generated_control,infrastructure,3
place3201,tier1,generated_control,infrastructure,3
place3202,tier0,generated_control,infrastructure,3
place3203,tier0,generated_control,infrastructure,3
place3204,tier0,generated_control,infrastructure,3
place3205,tier0,generated_control,infrastructure,3
place3206,tier1,generated_control,infrastructure,3
place3207,tier0,generated_control,infrastructure,3
place3208,tier0,generated_control,infrastructure,3
place3209,tier0,generated_control,infrastructure,3
place3210,tier0,generated_control,infrastructure,3
place3211,tier0,generated_control,infrastructure,3
place3212,tier0,generated_control,infrastructure,3
place3213,tier0,generated_control,infrastructure,3
place3214,tier0,generated_control,infrastructure,3
place3215,tier0,generated_control,infrastructure,3
place3216,tier0,generated_control,infrastructure,3
place3217,tier0,generated_control,infrastructure,3
place3218,tier0,generated_control,infrastructure,3
place3219,tier0,generated_control,infrastructure,3
place3220,tier1,generated_control,infrastructure,3
place3221,tier0,generated_control,infrastructure,3
place3222,tier0,generated_control,infrastructure,3
place3223,tier0,generated_control,infrastructure,3
place3224,tier0,generated_control,infrastructure,3
place3225,tier0,generated_control,infrastructure,3
place3226,tier0,generated_control,infrastructure,3
place3227,tier0,generated_control,infrastructure,3
place3228,tier0,generated_control,infrastructure,3
place3229,tier1,generated_control,infrastructure,3
place3230,tier1,generated_control,infrastructure,3
place3231,tier0,generated_control,infrastructure,3
place3232,tier0,generated_control,infrastructure,3
place3233,tier0,generated_control,infrastructure,3
place3234,tier0,generated_control,infrastructure,3
place3235,tier0,generated_control,infrastructure,3
place3236,tier1,generated_control,infrastructure,3
place3237,tier1,generated_control,infrastructure,3
place3238,tier1,generated_control,infrastructure,3
place3239,tier0,generated_control,infrastructure,3
place3240,tier0,generated_control,infrastructure,3
place3241,tier1,generated_control,infrastructure,3
place3242,tier1,generated_control,infrastructure,3
place3243,tier0,generated_control,infrastructure,3
place3244,tier0,generated_control,infrastructure,3
place3245,tier0,generated_control,infrastructure,3
place3246,tier0,generated_control,infrastructure,3
place3247,tier0,generated_control,infrastructure,3
place3248,tier0,generated_control,infrastructure,3
place3249,tier0,generated_control,infrastructure,3
place3250,tier1,generated_control,infrastructure,3
place3251,tier1,generated_control,infrastructure,3
place3252,tier0,generated_control,infrastructure,3
place3253,tier1,generated_control,infrastructure,3
place3254,tier0,generated_control,infrastructure,3
place3255,tier0,generated_control,infrastructure,3
place3256,tier0,generated_control,infrastructure,3
place3257,tier0,generated_control,infrastructure,3
place3258,tier0,generated_control,infrastructure,3
place3259,tier0,generated_control,infrastructure,3
place3260,tier1,generated_control,infrastructure,3
place3261,tier1,generated_control,infrastructure,3
place3262,tier0,generated_control,infrastructure,3
place3263,tier0,generated_control,infrastructure,3
place3264,tier0,generated_control,infrastructure,3
place3265,tier1,generated_control,infrastructure,3
place3266,tier0,generated_control,infrastructure,3
place3267,tier0,generated_control,infrastructure,3
place3268,tier0,generated_control,infrastructure,3
place3269,tier0,generated_control,infrastructure,3
place3270,tier0,generated_control,infrastructure,3
place3271,tier0,generated_control,infrastructure,3
place3272,tier0,generated_control,infrastructure,3
place3273,tier0,generated_control,infrastructure,3
place3274,tier0,generated_control,infrastructure,3
place3275,tier1,generated_control,infrastructure,3
place3276,tier1,generated_control,infrastructure,3
place3277,tier0,generated_control,infrastructure,3
place3278,tier0,generated_control,infrastructure,3
place3279,tier0,generated_control,infrastructure,3
place3280,tier1,generated_control,infrastructure,3
place3281,tier1,generated_control,infrastructure,3
place3282,tier1,generated_control,infrastructure,3
place3283,tier0,generated_control,infrastructure,3
place3284,tier1,generated_control,infrastructure,3
place3285,tier0,generated_control,infrastructure,3
place3286,tier0,generated_control,infrastructure,3
place3287,tier0,generated_control,infrastructure,3
place3288,tier0,generated_control,infrastructure,3
place3289,tier0,generated_control,infrastructure,3
place3290,tier0,generated_control,infrastructure,3
place3291,tier0,generated_control,infrastructure,3
place3292,tier0,generated_control,infrastructure,3
place3293,tier0,generated_control,infrastructure,3
place3294,tier0,generated_control,infrastructure,3
place3295,tier0,generated_control,infrastructure,3
place3296,tier0,generated_control,infrastructure,3
place3297,tier0,generated_control,infrastructure,3
place3298,tier1,generated_control,infrastructure,3
place3299,tier1,generated_control,infrastructure,3
place3300,tier1,generated_control,infrastructure,3
place3301,tier0,generated_control,infrastructure,3
place3302,tier1,generated_control,infrastructure,3
place3303,tier1,generated_control,infrastructure,3
place3304,tier1,generated_control,infrastructure,3
place3305,tier1,generated_control,infrastructure,3
place3306,tier0,generated_control,infrastructure,3
place3307,tier0,generated_control,infrastructure,3
place3308,tier0,generated_control,infrastructure,3
place3309,tier0,generated_control,infrastructure,3
place3310,tier0,generated_control,infrastructure,3
place3311,tier0,generated_control,infrastructure,3
place3312,tier0,generated_control,infrastructure,3
place3313,tier1,generated_control,infrastructure,3
place3314,tier0,generated_control,infrastructure,3
place3315,tier0,generated_control,infrastructure,3
place3316,tier0,generated_control,infrastructure,3
place3317,tier0,generated_control,infrastructure,3
place3318,tier0,generated_control,infrastructure,3
place3319,tier0,generated_control,infrastructure,3
place3320,tier0,generated_control,infrastructure,3
place3321,tier0,generated_control,infrastructure,3
place3322,tier1,generated_control,infrastructure,3
place3323,tier1,generated_control,infrastructure,3
place3324,tier0,generated_control,infrastructure,3
place3325,tier0,generated_control,infrastructure,3
place3326,tier0,generated_control,infrastructure,3
place3327,tier1,generated_control,infrastructure,3
place3328,tier1,generated_control,infrastructure,3
place3329,tier0,generated_control,infrastructure,3
place3330,tier1,generated_control,infrastructure,3
place3331,tier1,generated_control,infrastructure,3
place3332,tier0,generated_control,infrastructure,3
place3333,tier1,generated_control,infrastructure,3
place3334,tier0,generated_control,infrastructure,3
place3335,tier0,generated_control,infrastructure,3
place3336,tier1,generated_control,infrastructure,3
place3337,tier1,generated_control,infrastructure,3
place3338,tier0,generated_control,infrastructure,3
place3339,tier1,generated_control,infrastructure,3
place3340,tier0,generated_control,infrastructure,3
place3341,tier1,generated_control,infrastructure,3
place3342,tier1,generated_control,infrastructure,3
place3343,tier0,generated_control,infrastructure,3
place3344,tier1,generated_control,infrastructure,3
place3345,tier0,generated_control,infrastructure,3
place3346,tier0,generated_control,infrastructure,3
place3347,tier0,generated_control,infrastructure,3
place3348,tier0,generated_control,infrastructure,3
place3349,tier0,generated_control,infrastructure,3
place3350,tier0,generated_control,infrastructure,3
place3351,tier0,generated_control,infrastructure,3
place3352,tier0,generated_control,infrastructure,3
place3353,tier0,generated_control,infrastructure,3
place3354,tier1,generated_control,infrastructure,3
place3355,tier0,generated_control,infrastructure,3
place3356,tier1,generated_control,infrastructure,3
place3357,tier0,generated_control,infrastructure,3
place3358,tier0,generated_control,infrastructure,3
place3359,tier0,generated_control,infrastructure,3
place3360,tier0,generated_control,infrastructure,3
place3361,tier1,generated_control,infrastructure,3
place3362,tier1,generated_control,infrastructure,3
place3363,tier0,generated_control,infrastructure,3
place3364,tier0,generated_control,infrastructure,3
place3365,tier1,generated_control,infrastructure,3
place3366,tier0,generated_control,infrastructure,3
place3367,tier0,generated_control,infrastructure,3
place3368,tier0,generated_control,infrastructure,3
place3369,tier0,generated_control,infrastructure,3
place3370,tier0,generated_control,infrastructure,3
place3371,tier0,generated_control,infrastructure,3
place3372,tier0,generated_control,infrastructure,3
place3373,tier0,generated_control,infrastructure,3
place3374,tier0,generated_control,infrastructure,3
place3375,tier0,generated_control,infrastructure,3
place3376,tier0,generated_control,infrastructure,3
place3377,tier0,generated_control,infrastructure,3
place3378,tier0,generated_control,infrastructure,3
place3379,tier0,generated_control,infrastructure,3
place3380,tier0,generated_control,infrastructure,3
place3381,tier0,generated_control,infrastructure,3
place3382,tier0,generated_control,infrastructure,3
place3383,tier0,generated_control,infrastructure,3
place3387,tier0,generated_control,infrastructure,3
place3388,tier0,generated_control,infrastructure,3
place3389,tier1,generated_control,infrastructure,3
place3390,tier1,generated_control,infrastructure,3
place3391,tier0,generated_control,infrastructure,3
place3392,tier1,generated_control,infrastructure,3
place3393,tier0,generated_control,infrastructure,3
place3394,tier1,generated_control,infrastructure,3
place3395,tier0,generated_control,infrastructure,3
place3396,tier1,generated_control,infrastructure,3
place3397,tier0,generated_control,infrastructure,3
place3398,tier1,generated_control,infrastructure,3
place3399,tier0,generated_control,infrastructure,3
place3400,tier0,generated_control,infrastructure,3
place3401,tier1,generated_control,infrastructure,3
place3402,tier0,generated_control,infrastructure,3
place3403,tier1,generated_control,infrastructure,3
place3404,tier0,generated_control,infrastructure,3
place3405,tier0,generated_control,infrastructure,3
place3406,tier0,generated_control,infrastructure,3
place3407,tier0,generated_control,infrastructure,3
place3408,tier1,generated_control,infrastructure,3
place3409,tier1,generated_control,infrastructure,3
place3410,tier1,generated_control,infrastructure,3
place3411,tier0,generated_control,infrastructure,3
place3412,tier0,generated_control,infrastructure,3
place3413,tier0,generated_control,infrastructure,3
place3414,tier0,generated_control,infrastructure,3
place3415,tier0,generated_control,infrastructure,3
place3416,tier0,generated_control,infrastructure,3
place3417,tier0,generated_control,infrastructure,3
place3418,tier0,generated_control,infrastructure,3
place3419,tier0,generated_control,infrastructure,3
place3420,tier0,generated_control,infrastructure,3
place3421,tier0,generated_control,infrastructure,3
place3422,tier0,generated_control,infrastructure,3
place3423,tier0,generated_control,infrastructure,3
place3424,tier0,generated_control,infrastructure,3
place3425,tier1,generated_control,infrastructure,3
place3426,tier0,generated_control,infrastructure,3
place3427,tier0,generated_control,infrastructure,3
place3428,tier1,generated_control,infrastructure,3
place3429,tier0,generated_control,infrastructure,3
place3430,tier0,generated_control,infrastructure,3
place3431,tier1,generated_control,infrastructure,3
place3432,tier0,generated_control,infrastructure,3
place3433,tier1,generated_control,infrastructure,3
place3434,tier1,generated_control,infrastructure,3
place3435,tier0,generated_control,infrastructure,3
place3436,tier1,generated_control,infrastructure,3
place3437,tier0,generated_control,infrastructure,3
place3438,tier1,generated_control,infrastructure,3
place3439,tier0,generated_control,infrastructure,3
place3440,tier1,generated_control,infrastructure,3
place3446,tier1,generated_control,infrastructure,3
place3447,tier0,generated_control,infrastructure,3
place3448,tier1,generated_control,infrastructure,3
place3449,tier1,generated_control,infrastructure,3
place3450,tier1,generated_control,infrastructure,3
place3451,tier1,generated_control,infrastructure,3
place3452,tier1,generated_control,infrastructure,3
place3453,tier0,generated_control,infrastructure,3
place3454,tier0,generated_control,infrastructure,3
place3455,tier0,generated_control,infrastructure,3
place3456,tier0,generated_control,infrastructure,3
place3457,tier0,generated_control,infrastructure,3
place3458,tier0,generated_control,infrastructure,3
place3465,tier1,generated_control,infrastructure,3
place3466,tier0,generated_control,infrastructure,3
place3467,tier0,generated_control,infrastructure,3
place3468,tier1,generated_control,infrastructure,3
place3469,tier1,generated_control,infrastructure,3
place3470,tier0,generated_control,infrastructure,3
place3471,tier1,generated_control,infrastructure,3
place3472,tier1,generated_control,infrastructure,3
place3474,tier1,generated_control,infrastructure,3
place3475,tier0,generated_control,infrastructure,3
place3478,tier1,generated_control,infrastructure,3
place3479,tier0,generated_control,infrastructure,3
place3480,tier0,generated_control,infrastructure,3
place3481,tier0,generated_control,infrastructure,3
place3482,tier0,generated_control,infrastructure,3
place3483,tier1,execute_alu,datapath,3
place3484,tier1,generated_control,infrastructure,3
place3485,tier1,generated_control,infrastructure,3
place3491,tier0,generated_control,infrastructure,3
place3492,tier0,generated_control,infrastructure,3
place3493,tier0,generated_control,infrastructure,3
place3494,tier0,generated_control,infrastructure,3
place3495,tier0,generated_control,infrastructure,3
place3496,tier1,generated_control,infrastructure,3
place3497,tier1,generated_control,infrastructure,3
place3498,tier0,generated_control,infrastructure,3
place3499,tier0,generated_control,infrastructure,3
place3500,tier0,generated_control,infrastructure,3
place3501,tier0,generated_control,infrastructure,3
place3502,tier0,generated_control,infrastructure,3
place3503,tier1,generated_control,infrastructure,3
place3504,tier1,generated_control,infrastructure,3
place3505,tier0,generated_control,infrastructure,3
place3506,tier1,generated_control,infrastructure,3
place3507,tier1,generated_control,infrastructure,3
place3508,tier0,generated_control,infrastructure,3
place3509,tier0,generated_control,infrastructure,3
place3510,tier0,generated_control,infrastructure,3
place3518,tier0,generated_control,infrastructure,3
place3519,tier0,execute_alu,datapath,3
place3532,tier0,generated_control,infrastructure,3
place3533,tier0,generated_control,infrastructure,3
place3534,tier0,generated_control,infrastructure,3
place3535,tier0,generated_control,infrastructure,3
place3536,tier0,generated_control,infrastructure,3
place3537,tier0,generated_control,infrastructure,3
place3538,tier0,generated_control,infrastructure,3
place3539,tier0,generated_control,infrastructure,3
place3540,tier0,generated_control,infrastructure,3
place3541,tier0,generated_control,infrastructure,3
place3542,tier0,generated_control,infrastructure,3
place3543,tier0,generated_control,infrastructure,3
place3544,tier0,generated_control,infrastructure,3
place3545,tier0,generated_control,infrastructure,3
place3546,tier0,generated_control,infrastructure,3
place3547,tier0,generated_control,infrastructure,3
place3548,tier0,generated_control,infrastructure,3
place3549,tier0,generated_control,infrastructure,3
place3550,tier0,generated_control,infrastructure,3
place3551,tier0,generated_control,infrastructure,3
place3552,tier0,generated_control,infrastructure,3
place3553,tier0,generated_control,infrastructure,3
place3554,tier0,generated_control,infrastructure,3
place3555,tier0,generated_control,infrastructure,3
place3556,tier0,generated_control,infrastructure,3
place3557,tier1,generated_control,infrastructure,3
place3559,tier1,generated_control,infrastructure,3
place3560,tier1,generated_control,infrastructure,3
place3561,tier1,generated_control,infrastructure,3
place3562,tier1,generated_control,infrastructure,3
place3563,tier1,generated_control,infrastructure,3
place3564,tier1,generated_control,infrastructure,3
place3565,tier1,generated_control,infrastructure,3
place3566,tier1,generated_control,infrastructure,3
place3567,tier1,generated_control,infrastructure,3
place3568,tier0,generated_control,infrastructure,3
place3569,tier0,generated_control,infrastructure,3
place3570,tier1,generated_control,infrastructure,3
place3571,tier0,generated_control,infrastructure,3
place3572,tier0,generated_control,infrastructure,3
place3573,tier1,generated_control,infrastructure,3
place3574,tier0,generated_control,infrastructure,3
place3575,tier1,generated_control,infrastructure,3
place3576,tier1,generated_control,infrastructure,3
place3577,tier0,generated_control,infrastructure,3
place3578,tier0,generated_control,infrastructure,3
place3579,tier1,generated_control,infrastructure,3
place3580,tier1,generated_control,infrastructure,3
place3581,tier0,generated_control,infrastructure,3
place3582,tier0,generated_control,infrastructure,3
place3583,tier1,generated_control,infrastructure,3
place3584,tier1,generated_control,infrastructure,3
place3585,tier1,generated_control,infrastructure,3
place3586,tier0,generated_control,infrastructure,3
place3587,tier0,generated_control,infrastructure,3
place3588,tier0,generated_control,infrastructure,3
place3589,tier0,generated_control,infrastructure,3
place3590,tier1,generated_control,infrastructure,3
place3591,tier1,generated_control,infrastructure,3
place3592,tier1,generated_control,infrastructure,3
place3593,tier0,generated_control,infrastructure,3
place3594,tier0,generated_control,infrastructure,3
place3595,tier0,generated_control,infrastructure,3
place3596,tier0,generated_control,infrastructure,3
place3597,tier0,generated_control,infrastructure,3
place3598,tier1,generated_control,infrastructure,3
place3599,tier1,generated_control,infrastructure,3
place3600,tier1,generated_control,infrastructure,3
place3601,tier0,generated_control,infrastructure,3
place3602,tier0,generated_control,infrastructure,3
place3603,tier0,generated_control,infrastructure,3
place3604,tier0,generated_control,infrastructure,3
place3605,tier0,generated_control,infrastructure,3
place3606,tier1,generated_control,infrastructure,3
place3607,tier0,generated_control,infrastructure,3
place3608,tier0,generated_control,infrastructure,3
place3609,tier0,generated_control,infrastructure,3
place3610,tier0,generated_control,infrastructure,3
place3611,tier0,generated_control,infrastructure,3
place3612,tier0,generated_control,infrastructure,3
place3613,tier0,generated_control,infrastructure,3
place3614,tier0,generated_control,infrastructure,3
place3615,tier0,generated_control,infrastructure,3
place3616,tier0,generated_control,infrastructure,3
place3617,tier0,generated_control,infrastructure,3
place3618,tier0,generated_control,infrastructure,3
place3619,tier0,generated_control,infrastructure,3
place3620,tier0,generated_control,infrastructure,3
place3621,tier0,generated_control,infrastructure,3
place3622,tier0,generated_control,infrastructure,3
place3623,tier0,generated_control,infrastructure,3
place3624,tier0,generated_control,infrastructure,3
place3625,tier1,generated_control,infrastructure,3
place3626,tier1,generated_control,infrastructure,3
place3627,tier1,generated_control,infrastructure,3
place3628,tier0,generated_control,infrastructure,3
place3629,tier0,generated_control,infrastructure,3
place3630,tier0,generated_control,infrastructure,3
place3631,tier0,generated_control,infrastructure,3
place3632,tier0,generated_control,infrastructure,3
place3633,tier1,generated_control,infrastructure,3
place3634,tier1,generated_control,infrastructure,3
place3635,tier1,generated_control,infrastructure,3
place3636,tier1,generated_control,infrastructure,3
place3637,tier1,generated_control,infrastructure,3
place3638,tier1,generated_control,infrastructure,3
place3639,tier1,generated_control,infrastructure,3
place3640,tier1,generated_control,infrastructure,3
place3641,tier1,generated_control,infrastructure,3
place3642,tier1,generated_control,infrastructure,3
place3643,tier1,generated_control,infrastructure,3
place3644,tier1,generated_control,infrastructure,3
place3645,tier1,generated_control,infrastructure,3
place3646,tier0,generated_control,infrastructure,3
place3647,tier0,generated_control,infrastructure,3
place3648,tier0,generated_control,infrastructure,3
place3649,tier0,generated_control,infrastructure,3
place3650,tier0,generated_control,infrastructure,3
place3651,tier0,generated_control,infrastructure,3
place3652,tier0,generated_control,infrastructure,3
place3653,tier0,generated_control,infrastructure,3
place3654,tier1,generated_control,infrastructure,3
place3655,tier0,generated_control,infrastructure,3
place3656,tier0,generated_control,infrastructure,3
place3657,tier1,generated_control,infrastructure,3
place3658,tier1,generated_control,infrastructure,3
place3659,tier1,generated_control,infrastructure,3
place3660,tier0,generated_control,infrastructure,3
place3661,tier0,generated_control,infrastructure,3
place3662,tier0,generated_control,infrastructure,3
place3663,tier0,generated_control,infrastructure,3
place3664,tier0,generated_control,infrastructure,3
place3665,tier0,generated_control,infrastructure,3
place3666,tier0,generated_control,infrastructure,3
place3667,tier0,generated_control,infrastructure,3
place3668,tier1,generated_control,infrastructure,3
place3669,tier0,generated_control,infrastructure,3
place3670,tier1,generated_control,infrastructure,3
place3671,tier1,generated_control,infrastructure,3
place3672,tier1,generated_control,infrastructure,3
place3673,tier0,generated_control,infrastructure,3
place3674,tier0,generated_control,infrastructure,3
place3675,tier0,generated_control,infrastructure,3
place3676,tier0,generated_control,infrastructure,3
place3677,tier0,generated_control,infrastructure,3
place3678,tier0,generated_control,infrastructure,3
place3679,tier0,generated_control,infrastructure,3
place3680,tier0,generated_control,infrastructure,3
place3681,tier0,generated_control,infrastructure,3
place3682,tier1,generated_control,infrastructure,3
place3683,tier1,generated_control,infrastructure,3
place3684,tier1,generated_control,infrastructure,3
place3685,tier1,generated_control,infrastructure,3
place3686,tier1,generated_control,infrastructure,3
place3687,tier1,generated_control,infrastructure,3
place3688,tier1,generated_control,infrastructure,3
place3689,tier1,generated_control,infrastructure,3
place3690,tier1,generated_control,infrastructure,3
place3691,tier1,generated_control,infrastructure,3
place3692,tier1,generated_control,infrastructure,3
place3693,tier1,generated_control,infrastructure,3
place3694,tier1,generated_control,infrastructure,3
place3695,tier1,generated_control,infrastructure,3
place3696,tier1,generated_control,infrastructure,3
place3697,tier1,generated_control,infrastructure,3
place3698,tier1,generated_control,infrastructure,3
place3699,tier1,generated_control,infrastructure,3
place3700,tier0,generated_control,infrastructure,3
place3701,tier0,generated_control,infrastructure,3
place3702,tier0,generated_control,infrastructure,3
place3703,tier0,generated_control,infrastructure,3
place3704,tier0,generated_control,infrastructure,3
place3705,tier0,generated_control,infrastructure,3
place3706,tier0,generated_control,infrastructure,3
place3707,tier0,generated_control,infrastructure,3
place3708,tier0,generated_control,infrastructure,3
place3709,tier0,generated_control,infrastructure,3
place3710,tier0,generated_control,infrastructure,3
place3711,tier1,generated_control,infrastructure,3
place3712,tier0,generated_control,infrastructure,3
place3713,tier0,generated_control,infrastructure,3
place3714,tier0,generated_control,infrastructure,3
place3715,tier0,generated_control,infrastructure,3
place3716,tier0,generated_control,infrastructure,3
place3717,tier1,generated_control,infrastructure,3
place3718,tier1,generated_control,infrastructure,3
place3719,tier1,generated_control,infrastructure,3
place3720,tier0,generated_control,infrastructure,3
place3721,tier0,generated_control,infrastructure,3
place3722,tier1,generated_control,infrastructure,3
place3723,tier1,generated_control,infrastructure,3
place3724,tier1,generated_control,infrastructure,3
place3725,tier1,generated_control,infrastructure,3
place3726,tier1,generated_control,infrastructure,3
place3727,tier0,generated_control,infrastructure,3
place3728,tier0,generated_control,infrastructure,3
place3729,tier1,generated_control,infrastructure,3
place3730,tier1,generated_control,infrastructure,3
place3731,tier1,generated_control,infrastructure,3
place3732,tier0,generated_control,infrastructure,3
place3733,tier1,generated_control,infrastructure,3
place3734,tier1,generated_control,infrastructure,3
place3735,tier1,generated_control,infrastructure,3
place3736,tier1,generated_control,infrastructure,3
place3737,tier1,generated_control,infrastructure,3
place3738,tier1,generated_control,infrastructure,3
place3739,tier1,generated_control,infrastructure,3
place3740,tier1,generated_control,infrastructure,3
place3741,tier1,generated_control,infrastructure,3
place3742,tier0,generated_control,infrastructure,3
place3743,tier1,generated_control,infrastructure,3
place3744,tier1,generated_control,infrastructure,3
place3745,tier1,generated_control,infrastructure,3
place3746,tier1,generated_control,infrastructure,3
place3747,tier1,generated_control,infrastructure,3
place3748,tier1,generated_control,infrastructure,3
place3749,tier1,generated_control,infrastructure,3
place3750,tier1,generated_control,infrastructure,3
place3751,tier1,generated_control,infrastructure,3
place3752,tier1,generated_control,infrastructure,3
place3753,tier1,generated_control,infrastructure,3
place3754,tier1,generated_control,infrastructure,3
place3755,tier1,generated_control,infrastructure,3
place3756,tier1,generated_control,infrastructure,3
place3757,tier1,generated_control,infrastructure,3
place3758,tier1,generated_control,infrastructure,3
place3759,tier1,generated_control,infrastructure,3
place3760,tier1,generated_control,infrastructure,3
place3761,tier1,generated_control,infrastructure,3
place3762,tier1,generated_control,infrastructure,3
place3763,tier1,generated_control,infrastructure,3
place3764,tier1,generated_control,infrastructure,3
place3765,tier1,generated_control,infrastructure,3
place3766,tier1,generated_control,infrastructure,3
place3767,tier1,generated_control,infrastructure,3
place3768,tier1,generated_control,infrastructure,3
place3769,tier1,generated_control,infrastructure,3
place3770,tier1,generated_control,infrastructure,3
place3771,tier1,generated_control,infrastructure,3
place3772,tier1,generated_control,infrastructure,3
place3773,tier1,generated_control,infrastructure,3
place3774,tier1,generated_control,infrastructure,3
place3775,tier1,generated_control,infrastructure,3
place3776,tier1,generated_control,infrastructure,3
place3777,tier1,generated_control,infrastructure,3
place3778,tier1,generated_control,infrastructure,3
place3779,tier1,generated_control,infrastructure,3
place3780,tier1,generated_control,infrastructure,3
place3781,tier1,generated_control,infrastructure,3
place3782,tier1,generated_control,infrastructure,3
place3783,tier1,generated_control,infrastructure,3
place3784,tier1,generated_control,infrastructure,3
place3785,tier1,generated_control,infrastructure,3
place3786,tier1,generated_control,infrastructure,3
place3787,tier1,generated_control,infrastructure,3
place3788,tier1,generated_control,infrastructure,3
place3789,tier1,generated_control,infrastructure,3
place3790,tier1,generated_control,infrastructure,3
place3791,tier1,generated_control,infrastructure,3
place3792,tier1,generated_control,infrastructure,3
place3793,tier1,generated_control,infrastructure,3
place3794,tier1,generated_control,infrastructure,3
place3795,tier1,generated_control,infrastructure,3
place3796,tier1,generated_control,infrastructure,3
place3797,tier1,generated_control,infrastructure,3
place3798,tier1,generated_control,infrastructure,3
place3799,tier1,generated_control,infrastructure,3
place3800,tier1,generated_control,infrastructure,3
place3801,tier1,generated_control,infrastructure,3
place3802,tier1,generated_control,infrastructure,3
place3803,tier1,generated_control,infrastructure,3
place3804,tier1,generated_control,infrastructure,3
place3805,tier1,generated_control,infrastructure,3
place3806,tier1,generated_control,infrastructure,3
place3807,tier1,generated_control,infrastructure,3
place3808,tier1,generated_control,infrastructure,3
place3809,tier1,generated_control,infrastructure,3
place3810,tier1,generated_control,infrastructure,3
place3811,tier1,generated_control,infrastructure,3
place3812,tier1,generated_control,infrastructure,3
place3813,tier1,generated_control,infrastructure,3
place3814,tier1,generated_control,infrastructure,3
place3815,tier1,generated_control,infrastructure,3
place3816,tier0,generated_control,infrastructure,3
place3817,tier0,generated_control,infrastructure,3
place3818,tier1,generated_control,infrastructure,3
place3819,tier0,generated_control,infrastructure,3
place3820,tier1,generated_control,infrastructure,3
place3821,tier1,generated_control,infrastructure,3
place3822,tier0,generated_control,infrastructure,3
place3823,tier0,generated_control,infrastructure,3
place3824,tier1,generated_control,infrastructure,3
place3825,tier1,generated_control,infrastructure,3
place3826,tier1,generated_control,infrastructure,3
place3827,tier0,generated_control,infrastructure,3
place3828,tier1,generated_control,infrastructure,3
place3829,tier1,generated_control,infrastructure,3
place3830,tier1,generated_control,infrastructure,3
place3831,tier1,generated_control,infrastructure,3
place3832,tier1,generated_control,infrastructure,3
place3833,tier1,generated_control,infrastructure,3
place3834,tier1,generated_control,infrastructure,3
place3835,tier1,generated_control,infrastructure,3
place3836,tier1,generated_control,infrastructure,3
place3837,tier1,generated_control,infrastructure,3
place3838,tier1,generated_control,infrastructure,3
place3839,tier1,generated_control,infrastructure,3
place3840,tier0,generated_control,infrastructure,3
place3841,tier0,generated_control,infrastructure,3
place3842,tier0,generated_control,infrastructure,3
place3843,tier1,generated_control,infrastructure,3
place3844,tier1,generated_control,infrastructure,3
place3845,tier1,generated_control,infrastructure,3
place3846,tier1,generated_control,infrastructure,3
place3847,tier0,generated_control,infrastructure,3
place3848,tier1,generated_control,infrastructure,3
place3849,tier1,generated_control,infrastructure,3
place3850,tier1,generated_control,infrastructure,3
place3851,tier1,generated_control,infrastructure,3
place3852,tier0,generated_control,infrastructure,3
place3853,tier0,generated_control,infrastructure,3
place3854,tier0,generated_control,infrastructure,3
place3855,tier1,generated_control,infrastructure,3
place3856,tier1,generated_control,infrastructure,3
place3857,tier0,generated_control,infrastructure,3
place3858,tier0,generated_control,infrastructure,3
place3859,tier1,generated_control,infrastructure,3
place3860,tier1,generated_control,infrastructure,3
place3861,tier1,generated_control,infrastructure,3
place3862,tier1,generated_control,infrastructure,3
place3863,tier1,generated_control,infrastructure,3
place3864,tier1,generated_control,infrastructure,3
place3865,tier0,generated_control,infrastructure,3
place3866,tier1,generated_control,infrastructure,3
place3867,tier1,generated_control,infrastructure,3
place3868,tier1,generated_control,infrastructure,3
place3869,tier1,generated_control,infrastructure,3
place3870,tier1,generated_control,infrastructure,3
place3871,tier0,generated_control,infrastructure,3
place3872,tier1,generated_control,infrastructure,3
place3873,tier0,generated_control,infrastructure,3
place3874,tier1,generated_control,infrastructure,3
place3875,tier1,generated_control,infrastructure,3
place3876,tier0,generated_control,infrastructure,3
place3877,tier0,generated_control,infrastructure,3
place3878,tier1,generated_control,infrastructure,3
place3879,tier0,generated_control,infrastructure,3
place3880,tier1,generated_control,infrastructure,3
place3881,tier1,generated_control,infrastructure,3
place3882,tier1,generated_control,infrastructure,3
place3883,tier1,generated_control,infrastructure,3
place3884,tier1,generated_control,infrastructure,3
place3885,tier1,generated_control,infrastructure,3
place3886,tier1,generated_control,infrastructure,3
place3887,tier0,generated_control,infrastructure,3
place3888,tier0,generated_control,infrastructure,3
place3889,tier0,generated_control,infrastructure,3
place3890,tier0,generated_control,infrastructure,3
place3891,tier0,generated_control,infrastructure,3
place3892,tier0,generated_control,infrastructure,3
place3893,tier0,generated_control,infrastructure,3
place3894,tier0,generated_control,infrastructure,3
place3895,tier0,generated_control,infrastructure,3
place3896,tier1,generated_control,infrastructure,3
place3897,tier0,generated_control,infrastructure,3
place3898,tier0,generated_control,infrastructure,3
place3899,tier1,generated_control,infrastructure,3
place3900,tier0,generated_control,infrastructure,3
place3901,tier0,generated_control,infrastructure,3
place3902,tier0,generated_control,infrastructure,3
place3903,tier1,generated_control,infrastructure,3
place3904,tier1,generated_control,infrastructure,3
place3905,tier0,generated_control,infrastructure,3
place3906,tier1,generated_control,infrastructure,3
place3907,tier1,generated_control,infrastructure,3
place3908,tier0,generated_control,infrastructure,3
place3909,tier1,generated_control,infrastructure,3
place3910,tier1,generated_control,infrastructure,3
place3911,tier1,generated_control,infrastructure,3
place3912,tier0,generated_control,infrastructure,3
place3913,tier0,generated_control,infrastructure,3
place3914,tier1,generated_control,infrastructure,3
place3915,tier1,generated_control,infrastructure,3
place3916,tier0,generated_control,infrastructure,3
place3917,tier1,generated_control,infrastructure,3
place3918,tier1,generated_control,infrastructure,3
place3919,tier1,generated_control,infrastructure,3
place3920,tier1,generated_control,infrastructure,3
place3921,tier1,generated_control,infrastructure,3
place3922,tier1,generated_control,infrastructure,3
place3923,tier1,generated_control,infrastructure,3
place3924,tier1,generated_control,infrastructure,3
place3925,tier0,generated_control,infrastructure,3
place3926,tier1,generated_control,infrastructure,3
place3927,tier1,generated_control,infrastructure,3
place3928,tier1,generated_control,infrastructure,3
place3929,tier0,generated_control,infrastructure,3
place3930,tier0,generated_control,infrastructure,3
place3931,tier0,generated_control,infrastructure,3
place3932,tier0,generated_control,infrastructure,3
place3933,tier0,generated_control,infrastructure,3
place3934,tier0,generated_control,infrastructure,3
place3935,tier0,generated_control,infrastructure,3
place3936,tier1,generated_control,infrastructure,3
place3937,tier0,generated_control,infrastructure,3
place3938,tier0,generated_control,infrastructure,3
place3939,tier0,generated_control,infrastructure,3
place3940,tier0,generated_control,infrastructure,3
place3941,tier0,generated_control,infrastructure,3
place3942,tier0,generated_control,infrastructure,3
place3943,tier0,generated_control,infrastructure,3
place3944,tier0,generated_control,infrastructure,3
place3945,tier0,generated_control,infrastructure,3
place3946,tier0,generated_control,infrastructure,3
place3947,tier0,generated_control,infrastructure,3
place3948,tier0,generated_control,infrastructure,3
place3949,tier1,generated_control,infrastructure,3
place3950,tier0,generated_control,infrastructure,3
place3951,tier1,generated_control,infrastructure,3
place3952,tier1,generated_control,infrastructure,3
place3953,tier0,generated_control,infrastructure,3
place3954,tier1,generated_control,infrastructure,3
place3955,tier1,generated_control,infrastructure,3
place3956,tier0,generated_control,infrastructure,3
place3957,tier1,generated_control,infrastructure,3
place3958,tier0,generated_control,infrastructure,3
place3959,tier0,generated_control,infrastructure,3
place3960,tier0,generated_control,infrastructure,3
place3961,tier1,generated_control,infrastructure,3
place3962,tier1,generated_control,infrastructure,3
place3963,tier1,generated_control,infrastructure,3
place3964,tier1,generated_control,infrastructure,3
place3965,tier0,generated_control,infrastructure,3
place3966,tier1,generated_control,infrastructure,3
place3967,tier1,generated_control,infrastructure,3
place3968,tier1,generated_control,infrastructure,3
place3969,tier1,generated_control,infrastructure,3
place3970,tier0,generated_control,infrastructure,3
place3971,tier0,generated_control,infrastructure,3
place3972,tier1,generated_control,infrastructure,3
place3973,tier1,generated_control,infrastructure,3
place3974,tier1,generated_control,infrastructure,3
place3975,tier0,generated_control,infrastructure,3
place3976,tier1,generated_control,infrastructure,3
place3977,tier0,generated_control,infrastructure,3
place3978,tier1,generated_control,infrastructure,3
place3979,tier1,generated_control,infrastructure,3
place3980,tier1,generated_control,infrastructure,3
place3981,tier1,generated_control,infrastructure,3
place3982,tier1,generated_control,infrastructure,3
place3983,tier1,generated_control,infrastructure,3
place3984,tier1,generated_control,infrastructure,3
place3985,tier0,generated_control,infrastructure,3
place3986,tier0,generated_control,infrastructure,3
place3987,tier0,generated_control,infrastructure,3
place3988,tier0,generated_control,infrastructure,3
place3989,tier0,generated_control,infrastructure,3
place3990,tier0,generated_control,infrastructure,3
place3991,tier0,generated_control,infrastructure,3
place3992,tier1,generated_control,infrastructure,3
place3993,tier0,generated_control,infrastructure,3
place3994,tier0,generated_control,infrastructure,3
place3995,tier1,generated_control,infrastructure,3
place3996,tier1,generated_control,infrastructure,3
place3997,tier1,generated_control,infrastructure,3
place3998,tier0,generated_control,infrastructure,3
place3999,tier1,generated_control,infrastructure,3
place4000,tier1,generated_control,infrastructure,3
place4001,tier1,generated_control,infrastructure,3
place4002,tier0,generated_control,infrastructure,3
place4003,tier0,generated_control,infrastructure,3
place4004,tier0,generated_control,infrastructure,3
place4005,tier0,generated_control,infrastructure,3
place4006,tier0,generated_control,infrastructure,3
place4007,tier0,generated_control,infrastructure,3
place4008,tier0,generated_control,infrastructure,3
place4009,tier0,generated_control,infrastructure,3
place4010,tier0,generated_control,infrastructure,3
place4011,tier0,generated_control,infrastructure,3
place4012,tier0,generated_control,infrastructure,3
place4013,tier0,generated_control,infrastructure,3
place4014,tier0,generated_control,infrastructure,3
place4015,tier0,generated_control,infrastructure,3
place4016,tier0,generated_control,infrastructure,3
place4017,tier0,generated_control,infrastructure,3
place4018,tier0,generated_control,infrastructure,3
place4019,tier1,generated_control,infrastructure,3
place4020,tier0,generated_control,infrastructure,3
place4021,tier0,generated_control,infrastructure,3
place4022,tier0,fetch,control,3
place4023,tier0,generated_control,infrastructure,3
place4024,tier0,generated_control,infrastructure,3
place4025,tier0,generated_control,infrastructure,3
place4026,tier1,generated_control,infrastructure,3
place4027,tier0,generated_control,infrastructure,3
place4028,tier1,generated_control,infrastructure,3
place4029,tier0,generated_control,infrastructure,3
place4030,tier0,generated_control,infrastructure,3
place4031,tier0,generated_control,infrastructure,3
place4032,tier0,generated_control,infrastructure,3
place4033,tier1,generated_control,infrastructure,3
place4034,tier1,generated_control,infrastructure,3
place4035,tier0,generated_control,infrastructure,3
place4036,tier0,generated_control,infrastructure,3
place4037,tier0,generated_control,infrastructure,3
place4038,tier0,generated_control,infrastructure,3
place4039,tier0,generated_control,infrastructure,3
place4040,tier0,generated_control,infrastructure,3
place4041,tier0,generated_control,infrastructure,3
place4042,tier0,generated_control,infrastructure,3
place4043,tier0,generated_control,infrastructure,3
place4044,tier0,generated_control,infrastructure,3
place4045,tier0,generated_control,infrastructure,3
place4046,tier0,generated_control,infrastructure,3
place4047,tier0,generated_control,infrastructure,3
place4048,tier0,generated_control,infrastructure,3
place4049,tier0,generated_control,infrastructure,3
place4050,tier0,generated_control,infrastructure,3
place4051,tier0,generated_control,infrastructure,3
place4052,tier0,generated_control,infrastructure,3
place4053,tier0,generated_control,infrastructure,3
place4054,tier0,generated_control,infrastructure,3
place4055,tier0,generated_control,infrastructure,3
place4056,tier0,generated_control,infrastructure,3
place4057,tier1,generated_control,infrastructure,3
place4058,tier0,generated_control,infrastructure,3
place4059,tier0,generated_control,infrastructure,3
place4060,tier0,generated_control,infrastructure,3
place4061,tier0,generated_control,infrastructure,3
place4062,tier0,generated_control,infrastructure,3
place4063,tier0,generated_control,infrastructure,3
place4064,tier0,generated_control,infrastructure,3
place4065,tier0,generated_control,infrastructure,3
place4066,tier0,generated_control,infrastructure,3
place4067,tier0,generated_control,infrastructure,3
place4068,tier0,generated_control,infrastructure,3
place4069,tier0,generated_control,infrastructure,3
place4070,tier0,generated_control,infrastructure,3
place4071,tier0,generated_control,infrastructure,3
place4072,tier1,generated_control,infrastructure,3
place4073,tier0,generated_control,infrastructure,3
place4074,tier0,generated_control,infrastructure,3
place4075,tier0,generated_control,infrastructure,3
place4076,tier0,generated_control,infrastructure,3
place4077,tier0,generated_control,infrastructure,3
place4078,tier1,generated_control,infrastructure,3
place4079,tier0,generated_control,infrastructure,3
place4080,tier0,generated_control,infrastructure,3
place4081,tier0,generated_control,infrastructure,3
place4082,tier0,generated_control,infrastructure,3
place4083,tier0,generated_control,infrastructure,3
place4084,tier0,generated_control,infrastructure,3
place4085,tier0,generated_control,infrastructure,3
place4086,tier0,generated_control,infrastructure,3
place4087,tier0,generated_control,infrastructure,3
place4088,tier0,generated_control,infrastructure,3
place4089,tier0,generated_control,infrastructure,3
place4090,tier0,generated_control,infrastructure,3
place4091,tier0,generated_control,infrastructure,3
place4092,tier0,generated_control,infrastructure,3
place4093,tier0,generated_control,infrastructure,3
place4094,tier0,generated_control,infrastructure,3
place4095,tier0,generated_control,infrastructure,3
place4096,tier0,generated_control,infrastructure,3
place4097,tier0,generated_control,infrastructure,3
place4098,tier0,generated_control,infrastructure,3
place4099,tier0,generated_control,infrastructure,3
place4100,tier0,generated_control,infrastructure,3
place4101,tier0,generated_control,infrastructure,3
place4102,tier0,generated_control,infrastructure,3
place4103,tier0,generated_control,infrastructure,3
place4104,tier0,generated_control,infrastructure,3
place4105,tier0,generated_control,infrastructure,3
place4106,tier0,generated_control,infrastructure,3
place4107,tier1,generated_control,infrastructure,3
place4108,tier0,generated_control,infrastructure,3
place4109,tier0,generated_control,infrastructure,3
place4110,tier0,generated_control,infrastructure,3
place4111,tier0,generated_control,infrastructure,3
place4112,tier0,generated_control,infrastructure,3
place4113,tier0,fetch,control,3
place4114,tier0,fetch,control,3
place4115,tier0,generated_control,infrastructure,3
place4116,tier1,generated_control,infrastructure,3
place4117,tier1,generated_control,infrastructure,3
place4118,tier0,generated_control,infrastructure,3
place4119,tier0,generated_control,infrastructure,3
place4120,tier0,generated_control,infrastructure,3
place4121,tier0,generated_control,infrastructure,3
place4122,tier0,generated_control,infrastructure,3
place4123,tier0,generated_control,infrastructure,3
place4124,tier0,generated_control,infrastructure,3
place4125,tier0,generated_control,infrastructure,3
place4126,tier1,generated_control,infrastructure,3
place4127,tier1,generated_control,infrastructure,3
place4128,tier1,generated_control,infrastructure,3
place4129,tier1,generated_control,infrastructure,3
place4130,tier1,generated_control,infrastructure,3
place4131,tier0,csr,control,3
place4132,tier0,generated_control,infrastructure,3
place4133,tier0,generated_control,infrastructure,3
place4134,tier0,generated_control,infrastructure,3
place4135,tier0,generated_control,infrastructure,3
place4136,tier0,generated_control,infrastructure,3
place4137,tier0,generated_control,infrastructure,3
place4138,tier0,generated_control,infrastructure,3
place4139,tier0,generated_control,infrastructure,3
place4140,tier0,generated_control,infrastructure,3
place4141,tier0,generated_control,infrastructure,3
place4142,tier0,generated_control,infrastructure,3
place4143,tier0,generated_control,infrastructure,3
place4144,tier0,generated_control,infrastructure,3
place4145,tier0,generated_control,infrastructure,3
place4146,tier1,generated_control,infrastructure,3
place4147,tier1,generated_control,infrastructure,3
place4148,tier1,generated_control,infrastructure,3
place4149,tier1,generated_control,infrastructure,3
place4150,tier1,generated_control,infrastructure,3
place4151,tier1,generated_control,infrastructure,3
place4152,tier1,generated_control,infrastructure,3
place4153,tier0,generated_control,infrastructure,3
place4154,tier1,generated_control,infrastructure,3
place4155,tier1,generated_control,infrastructure,3
place4156,tier1,generated_control,infrastructure,3
place4157,tier0,generated_control,infrastructure,3
place4158,tier1,generated_control,infrastructure,3
place4159,tier1,generated_control,infrastructure,3
place4160,tier1,generated_control,infrastructure,3
place4161,tier1,generated_control,infrastructure,3
place4162,tier1,generated_control,infrastructure,3
place4163,tier0,generated_control,infrastructure,3
place4164,tier0,generated_control,infrastructure,3
place4165,tier0,generated_control,infrastructure,3
place4166,tier0,generated_control,infrastructure,3
place4167,tier0,generated_control,infrastructure,3
place4168,tier0,generated_control,infrastructure,3
place4169,tier1,generated_control,infrastructure,3
place4170,tier1,generated_control,infrastructure,3
place4171,tier0,generated_control,infrastructure,3
place4172,tier1,generated_control,infrastructure,3
place4173,tier1,generated_control,infrastructure,3
place4174,tier1,generated_control,infrastructure,3
place4175,tier1,generated_control,infrastructure,3
place4176,tier1,generated_control,infrastructure,3
place4177,tier1,generated_control,infrastructure,3
place4178,tier0,generated_control,infrastructure,3
place4179,tier0,generated_control,infrastructure,3
place4180,tier0,generated_control,infrastructure,3
rebuffer4181,tier0,generated_control,infrastructure,3
rebuffer4182,tier0,generated_control,infrastructure,3
rebuffer4183,tier0,generated_control,infrastructure,3
rebuffer4184,tier0,generated_control,infrastructure,3
rebuffer4185,tier0,generated_control,infrastructure,3
rebuffer4186,tier0,generated_control,infrastructure,3
rebuffer4188,tier0,generated_control,infrastructure,3
rebuffer4189,tier0,generated_control,infrastructure,3
rebuffer4190,tier0,generated_control,infrastructure,3
rebuffer4191,tier0,generated_control,infrastructure,3
rebuffer4192,tier1,generated_control,infrastructure,3
rebuffer4193,tier0,generated_control,infrastructure,3
rebuffer4194,tier0,generated_control,infrastructure,3
rebuffer4195,tier0,generated_control,infrastructure,3
rebuffer4196,tier0,generated_control,infrastructure,3
rebuffer4199,tier1,generated_control,infrastructure,3
rebuffer4200,tier0,generated_control,infrastructure,3
rebuffer4201,tier0,generated_control,infrastructure,3
rebuffer4202,tier1,generated_control,infrastructure,3
rebuffer4203,tier0,generated_control,infrastructure,3
rebuffer4204,tier0,generated_control,infrastructure,3
rebuffer4208,tier1,generated_control,infrastructure,3
rebuffer4209,tier1,generated_control,infrastructure,3
wire4187,tier0,generated_control,infrastructure,3
