instance,architecture_unit,max_path_count,min_path_count,startpoint_count,endpoint_count,worst_max_slack,worst_min_slack,timing_raw_score,timing_context_score
_4757_,clock_reset,0,0,0,0,,,0.000000,0.000000
_4758_,decode_control,0,0,0,0,,,0.000000,0.000000
_4762_,generated_control,0,0,0,0,,,0.000000,0.000000
_4763_,generated_datapath,0,0,0,0,,,0.000000,0.000000
_4765_,register_file,0,0,0,0,,,0.000000,0.000000
_4766_,generated_control,0,0,0,0,,,0.000000,0.000000
_4767_,generated_datapath,0,0,0,0,,,0.000000,0.000000
_4768_,generated_control,0,0,0,0,,,0.000000,0.000000
_4769_,generated_control,0,0,0,0,,,0.000000,0.000000
_4771_,generated_control,0,0,0,0,,,0.000000,0.000000
_4772_,generated_control,0,0,0,0,,,0.000000,0.000000
_4780_,generated_control,0,0,0,0,,,0.000000,0.000000
_4781_,generated_control,0,0,0,0,,,0.000000,0.000000
_4782_,generated_datapath,0,0,0,0,,,0.000000,0.000000
_4783_,generated_control,0,0,0,0,,,0.000000,0.000000
_4784_,generated_control,0,0,0,0,,,0.000000,0.000000
_4787_,generated_control,0,0,0,0,,,0.000000,0.000000
_4789_,generated_control,0,0,0,0,,,0.000000,0.000000
_4792_,generated_datapath,0,0,0,0,,,0.000000,0.000000
_4793_,generated_datapath,0,0,0,0,,,0.000000,0.000000
_4794_,generated_control,0,0,0,0,,,0.000000,0.000000
_4795_,generated_datapath,0,0,0,0,,,0.000000,0.000000
_4796_,generated_datapath,0,0,0,0,,,0.000000,0.000000
_4797_,generated_control,8,0,0,0,4.321500,,1.327719,0.627955
_4798_,generated_control,0,0,0,0,,,0.000000,0.000000
_4799_,generated_datapath,8,0,0,0,4.321500,,1.327719,0.627955
_4800_,clock_reset,8,0,0,0,4.321500,,1.327719,0.627955
_4801_,generated_control,0,0,0,0,,,0.000000,0.000000
_4802_,generated_control,0,0,0,0,,,0.000000,0.000000
_4803_,generated_control,0,0,0,0,,,0.000000,0.000000
_4804_,generated_control,0,0,0,0,,,0.000000,0.000000
_4805_,generated_control,0,0,0,0,,,0.000000,0.000000
_4806_,generated_control,0,0,0,0,,,0.000000,0.000000
_4807_,generated_datapath,0,0,0,0,,,0.000000,0.000000
_4808_,generated_control,0,0,0,0,,,0.000000,0.000000
_4809_,generated_control,0,0,0,0,,,0.000000,0.000000
_4810_,generated_control,0,0,0,0,,,0.000000,0.000000
_4811_,generated_control,0,0,0,0,,,0.000000,0.000000
_4812_,generated_control,0,0,0,0,,,0.000000,0.000000
_4813_,generated_datapath,0,0,0,0,,,0.000000,0.000000
_4814_,generated_control,0,0,0,0,,,0.000000,0.000000
_4815_,generated_control,0,0,0,0,,,0.000000,0.000000
_4816_,generated_control,0,0,0,0,,,0.000000,0.000000
_4817_,generated_control,0,0,0,0,,,0.000000,0.000000
_4818_,generated_control,0,0,0,0,,,0.000000,0.000000
_4819_,generated_control,0,0,0,0,,,0.000000,0.000000
_4820_,generated_control,0,0,0,0,,,0.000000,0.000000
_4821_,generated_control,0,0,0,0,,,0.000000,0.000000
_4822_,generated_control,0,0,0,0,,,0.000000,0.000000
_4823_,generated_control,0,0,0,0,,,0.000000,0.000000
_4824_,generated_control,0,0,0,0,,,0.000000,0.000000
_4825_,generated_control,0,0,0,0,,,0.000000,0.000000
_4826_,generated_control,0,0,0,0,,,0.000000,0.000000
_4827_,generated_control,0,0,0,0,,,0.000000,0.000000
_4828_,generated_control,0,0,0,0,,,0.000000,0.000000
_4829_,generated_control,0,0,0,0,,,0.000000,0.000000
_4830_,generated_control,0,0,0,0,,,0.000000,0.000000
_4831_,generated_control,0,0,0,0,,,0.000000,0.000000
_4832_,generated_control,0,0,0,0,,,0.000000,0.000000
_4833_,generated_control,0,0,0,0,,,0.000000,0.000000
_4834_,generated_control,0,0,0,0,,,0.000000,0.000000
_4835_,generated_control,0,0,0,0,,,0.000000,0.000000
_4836_,generated_control,0,0,0,0,,,0.000000,0.000000
_4837_,generated_control,5,0,0,0,5.185100,,0.786635,0.372045
_4838_,generated_control,0,0,0,0,,,0.000000,0.000000
_4839_,generated_datapath,5,0,0,0,5.185100,,0.786635,0.372045
_4840_,generated_control,5,0,0,0,5.185100,,0.786635,0.372045
_4841_,generated_control,0,0,0,0,,,0.000000,0.000000
_4842_,generated_datapath,0,0,0,0,,,0.000000,0.000000
_4843_,generated_datapath,0,0,0,0,,,0.000000,0.000000
_4844_,generated_control,0,0,0,0,,,0.000000,0.000000
_4845_,generated_datapath,0,0,0,0,,,0.000000,0.000000
_4846_,generated_datapath,0,0,0,0,,,0.000000,0.000000
_4847_,generated_control,0,0,0,0,,,0.000000,0.000000
_4848_,generated_datapath,0,0,0,0,,,0.000000,0.000000
_4849_,generated_datapath,0,0,0,0,,,0.000000,0.000000
_4850_,generated_control,0,0,0,0,,,0.000000,0.000000
_4851_,generated_control,0,0,0,0,,,0.000000,0.000000
_4852_,generated_datapath,0,0,0,0,,,0.000000,0.000000
_4853_,generated_control,0,0,0,0,,,0.000000,0.000000
_4854_,generated_control,0,0,0,0,,,0.000000,0.000000
_4855_,generated_datapath,0,0,0,0,,,0.000000,0.000000
_4856_,generated_control,0,0,0,0,,,0.000000,0.000000
_4857_,generated_control,0,0,0,0,,,0.000000,0.000000
_4858_,generated_control,0,0,0,0,,,0.000000,0.000000
_4859_,generated_datapath,0,0,0,0,,,0.000000,0.000000
_4860_,generated_control,0,0,0,0,,,0.000000,0.000000
_4861_,generated_control,0,0,0,0,,,0.000000,0.000000
_4862_,generated_datapath,0,0,0,0,,,0.000000,0.000000
_4863_,generated_datapath,0,0,0,0,,,0.000000,0.000000
_4864_,generated_control,0,0,0,0,,,0.000000,0.000000
_4865_,generated_datapath,0,0,0,0,,,0.000000,0.000000
_4866_,generated_datapath,0,0,0,0,,,0.000000,0.000000
_4867_,generated_control,0,0,0,0,,,0.000000,0.000000
_4868_,generated_control,0,0,0,0,,,0.000000,0.000000
_4869_,generated_datapath,0,0,0,0,,,0.000000,0.000000
_4870_,generated_control,0,0,0,0,,,0.000000,0.000000
_4871_,generated_control,0,0,0,0,,,0.000000,0.000000
_4872_,generated_control,0,0,0,0,,,0.000000,0.000000
_4873_,generated_datapath,0,0,0,0,,,0.000000,0.000000
_4874_,generated_control,0,0,0,0,,,0.000000,0.000000
_4875_,generated_control,0,0,0,0,,,0.000000,0.000000
_4876_,generated_datapath,0,0,0,0,,,0.000000,0.000000
_4877_,generated_control,0,0,0,0,,,0.000000,0.000000
_4878_,generated_control,0,0,0,0,,,0.000000,0.000000
_4879_,generated_control,0,0,0,0,,,0.000000,0.000000
_4880_,generated_datapath,0,0,0,0,,,0.000000,0.000000
_4881_,generated_control,0,0,0,0,,,0.000000,0.000000
_4882_,generated_control,0,0,0,0,,,0.000000,0.000000
_4883_,generated_control,0,0,0,0,,,0.000000,0.000000
_4884_,generated_control,0,0,0,0,,,0.000000,0.000000
_4885_,generated_control,0,0,0,0,,,0.000000,0.000000
_4886_,generated_control,0,0,0,0,,,0.000000,0.000000
_4887_,generated_control,0,0,0,0,,,0.000000,0.000000
_4888_,generated_control,0,0,0,0,,,0.000000,0.000000
_4889_,generated_control,0,0,0,0,,,0.000000,0.000000
_4890_,generated_control,0,0,0,0,,,0.000000,0.000000
_4891_,generated_control,0,0,0,0,,,0.000000,0.000000
_4892_,generated_control,0,0,0,0,,,0.000000,0.000000
_4893_,generated_control,0,0,0,0,,,0.000000,0.000000
_4894_,generated_control,0,0,0,0,,,0.000000,0.000000
_4895_,generated_control,0,0,0,0,,,0.000000,0.000000
_4896_,generated_control,0,0,0,0,,,0.000000,0.000000
_4897_,generated_control,0,0,0,0,,,0.000000,0.000000
_4900_,generated_control,0,0,0,0,,,0.000000,0.000000
_4905_,generated_control,0,0,0,0,,,0.000000,0.000000
_4907_,generated_control,0,0,0,0,,,0.000000,0.000000
_4908_,generated_datapath,0,0,0,0,,,0.000000,0.000000
_4910_,generated_datapath,0,0,0,0,,,0.000000,0.000000
_4911_,generated_datapath,0,0,0,0,,,0.000000,0.000000
_4912_,generated_datapath,0,0,0,0,,,0.000000,0.000000
_4913_,generated_datapath,0,0,0,0,,,0.000000,0.000000
_4914_,generated_datapath,0,0,0,0,,,0.000000,0.000000
_4915_,generated_datapath,0,0,0,0,,,0.000000,0.000000
_4916_,generated_datapath,0,0,0,0,,,0.000000,0.000000
_4917_,generated_datapath,0,0,0,0,,,0.000000,0.000000
_4918_,generated_control,0,0,0,0,,,0.000000,0.000000
_4919_,generated_control,0,0,0,0,,,0.000000,0.000000
_4920_,generated_control,0,0,0,0,,,0.000000,0.000000
_4921_,generated_datapath,0,0,0,0,,,0.000000,0.000000
_4922_,generated_control,0,0,0,0,,,0.000000,0.000000
_4923_,generated_datapath,0,0,0,0,,,0.000000,0.000000
_4924_,generated_datapath,0,0,0,0,,,0.000000,0.000000
_4925_,generated_control,0,0,0,0,,,0.000000,0.000000
_4926_,generated_control,0,0,0,0,,,0.000000,0.000000
_4928_,generated_control,0,0,0,0,,,0.000000,0.000000
_4929_,generated_datapath,0,0,0,0,,,0.000000,0.000000
_4930_,generated_control,0,0,0,0,,,0.000000,0.000000
_4931_,generated_control,0,0,0,0,,,0.000000,0.000000
_4932_,generated_datapath,0,0,0,0,,,0.000000,0.000000
_4934_,generated_control,0,0,0,0,,,0.000000,0.000000
_4935_,generated_datapath,0,0,0,0,,,0.000000,0.000000
_4936_,generated_control,0,0,0,0,,,0.000000,0.000000
_4937_,generated_control,0,0,0,0,,,0.000000,0.000000
_4938_,generated_datapath,0,0,0,0,,,0.000000,0.000000
_4939_,generated_control,0,0,0,0,,,0.000000,0.000000
_4940_,generated_datapath,0,0,0,0,,,0.000000,0.000000
_4941_,generated_control,0,0,0,0,,,0.000000,0.000000
_4942_,generated_control,0,0,0,0,,,0.000000,0.000000
_4943_,generated_datapath,0,0,0,0,,,0.000000,0.000000
_4944_,generated_control,0,0,0,0,,,0.000000,0.000000
_4945_,generated_control,0,0,0,0,,,0.000000,0.000000
_4946_,generated_datapath,0,0,0,0,,,0.000000,0.000000
_4947_,generated_control,0,0,0,0,,,0.000000,0.000000
_4948_,generated_datapath,0,0,0,0,,,0.000000,0.000000
_4949_,generated_control,0,0,0,0,,,0.000000,0.000000
_4951_,generated_datapath,0,0,0,0,,,0.000000,0.000000
_4952_,generated_control,0,0,0,0,,,0.000000,0.000000
_4953_,generated_control,0,0,0,0,,,0.000000,0.000000
_4954_,generated_datapath,0,0,0,0,,,0.000000,0.000000
_4955_,generated_datapath,0,0,0,0,,,0.000000,0.000000
_4956_,generated_datapath,0,0,0,0,,,0.000000,0.000000
_4957_,generated_control,0,0,0,0,,,0.000000,0.000000
_4958_,generated_datapath,0,0,0,0,,,0.000000,0.000000
_4959_,generated_control,0,0,0,0,,,0.000000,0.000000
_4960_,generated_control,0,0,0,0,,,0.000000,0.000000
_4961_,generated_control,0,0,0,0,,,0.000000,0.000000
_4962_,generated_datapath,0,0,0,0,,,0.000000,0.000000
_4964_,clock_reset,9,0,0,0,5.195900,,1.410794,0.667246
_4965_,generated_control,0,0,0,0,,,0.000000,0.000000
_4966_,generated_control,0,0,0,0,,,0.000000,0.000000
_4967_,generated_datapath,0,0,0,0,,,0.000000,0.000000
_4970_,generated_control,0,0,0,0,,,0.000000,0.000000
_4971_,generated_datapath,0,0,0,0,,,0.000000,0.000000
_4972_,generated_datapath,0,0,0,0,,,0.000000,0.000000
_4973_,generated_control,0,0,0,0,,,0.000000,0.000000
_4974_,generated_control,0,0,0,0,,,0.000000,0.000000
_4975_,generated_control,0,0,0,0,,,0.000000,0.000000
_4977_,register_file,0,0,0,0,,,0.000000,0.000000
_4978_,clock_reset,0,0,0,0,,,0.000000,0.000000
_4979_,generated_control,0,0,0,0,,,0.000000,0.000000
_4980_,generated_control,0,0,0,0,,,0.000000,0.000000
_4982_,fetch,0,0,0,0,,,0.000000,0.000000
_4984_,register_file,0,0,0,0,,,0.000000,0.000000
_4985_,generated_datapath,0,0,0,0,,,0.000000,0.000000
_4986_,generated_control,0,0,0,0,,,0.000000,0.000000
_4987_,generated_control,0,0,0,0,,,0.000000,0.000000
_4988_,generated_control,0,0,0,0,,,0.000000,0.000000
_4989_,generated_control,0,0,0,0,,,0.000000,0.000000
_4990_,generated_control,0,0,0,0,,,0.000000,0.000000
_4991_,generated_control,9,0,0,0,5.179500,,1.426120,0.674494
_4992_,fetch,0,0,0,0,,,0.000000,0.000000
_4994_,register_file,0,0,0,0,,,0.000000,0.000000
_4998_,fetch,0,0,0,0,,,0.000000,0.000000
_5000_,fetch,0,0,0,0,,,0.000000,0.000000
_5001_,fetch,0,0,0,0,,,0.000000,0.000000
_5003_,generated_control,0,0,0,0,,,0.000000,0.000000
_5004_,execute_alu,0,0,0,0,,,0.000000,0.000000
_5005_,generated_control,0,0,0,0,,,0.000000,0.000000
_5006_,generated_control,0,0,0,0,,,0.000000,0.000000
_5010_,generated_control,0,0,0,0,,,0.000000,0.000000
_5013_,generated_control,0,0,0,0,,,0.000000,0.000000
_5016_,generated_control,0,0,0,0,,,0.000000,0.000000
_5017_,generated_control,0,0,0,0,,,0.000000,0.000000
_5021_,generated_datapath,0,0,0,0,,,0.000000,0.000000
_5022_,generated_datapath,0,0,0,0,,,0.000000,0.000000
_5024_,generated_datapath,4,0,0,0,5.342800,,0.623193,0.294744
_5027_,generated_datapath,0,0,0,0,,,0.000000,0.000000
_5028_,generated_datapath,0,0,0,0,,,0.000000,0.000000
_5029_,generated_datapath,4,0,0,0,5.342800,,0.623193,0.294744
_5031_,generated_datapath,0,0,0,0,,,0.000000,0.000000
_5032_,generated_control,0,0,0,0,,,0.000000,0.000000
_5033_,unclassified,4,0,0,0,5.342800,,0.623193,0.294744
_5038_,generated_control,0,0,0,0,,,0.000000,0.000000
_5040_,generated_datapath,0,0,0,0,,,0.000000,0.000000
_5041_,generated_control,0,0,0,0,,,0.000000,0.000000
_5042_,generated_control,0,0,0,0,,,0.000000,0.000000
_5043_,generated_datapath,0,0,0,0,,,0.000000,0.000000
_5044_,generated_control,0,0,0,0,,,0.000000,0.000000
_5045_,generated_control,0,0,0,0,,,0.000000,0.000000
_5046_,generated_datapath,4,0,0,0,5.342800,,0.623193,0.294744
_5048_,generated_control,0,0,0,0,,,0.000000,0.000000
_5049_,generated_datapath,0,0,0,0,,,0.000000,0.000000
_5050_,generated_control,0,0,0,0,,,0.000000,0.000000
_5051_,generated_control,0,0,0,0,,,0.000000,0.000000
_5052_,generated_datapath,4,0,0,0,5.342800,,0.623193,0.294744
_5053_,generated_datapath,0,0,0,0,,,0.000000,0.000000
_5054_,generated_datapath,0,0,0,0,,,0.000000,0.000000
_5055_,generated_datapath,0,0,0,0,,,0.000000,0.000000
_5056_,unclassified,4,0,0,0,5.342800,,0.623193,0.294744
_5059_,generated_control,0,0,0,0,,,0.000000,0.000000
_5062_,generated_control,0,0,0,0,,,0.000000,0.000000
_5063_,generated_control,0,0,0,0,,,0.000000,0.000000
_5064_,generated_datapath,0,0,0,0,,,0.000000,0.000000
_5065_,generated_datapath,0,0,0,0,,,0.000000,0.000000
_5066_,generated_datapath,0,0,0,0,,,0.000000,0.000000
_5067_,generated_datapath,0,0,0,0,,,0.000000,0.000000
_5068_,unclassified,1,0,0,0,5.396500,,0.156335,0.073940
_5069_,generated_datapath,0,0,0,0,,,0.000000,0.000000
_5070_,generated_datapath,0,0,0,0,,,0.000000,0.000000
_5071_,generated_datapath,1,0,0,0,5.396500,,0.156335,0.073940
_5072_,generated_datapath,1,0,0,0,5.396500,,0.156335,0.073940
_5073_,generated_control,0,0,0,0,,,0.000000,0.000000
_5074_,generated_control,0,0,0,0,,,0.000000,0.000000
_5075_,generated_control,0,0,0,0,,,0.000000,0.000000
_5076_,generated_control,0,0,0,0,,,0.000000,0.000000
_5077_,generated_control,0,0,0,0,,,0.000000,0.000000
_5078_,generated_control,0,0,0,0,,,0.000000,0.000000
_5079_,generated_datapath,0,0,0,0,,,0.000000,0.000000
_5080_,generated_datapath,0,0,0,0,,,0.000000,0.000000
_5081_,generated_control,0,0,0,0,,,0.000000,0.000000
_5082_,generated_control,0,0,0,0,,,0.000000,0.000000
_5083_,generated_control,0,0,0,0,,,0.000000,0.000000
_5084_,generated_control,0,0,0,0,,,0.000000,0.000000
_5085_,generated_control,0,0,0,0,,,0.000000,0.000000
_5086_,generated_control,0,0,0,0,,,0.000000,0.000000
_5087_,generated_control,0,0,0,0,,,0.000000,0.000000
_5088_,generated_control,0,0,0,0,,,0.000000,0.000000
_5089_,generated_control,0,0,0,0,,,0.000000,0.000000
_5090_,generated_control,0,0,0,0,,,0.000000,0.000000
_5091_,generated_datapath,7,0,0,0,5.179500,,1.110658,0.525294
_5092_,generated_datapath,7,0,0,0,5.179500,,1.110658,0.525294
_5093_,generated_control,0,0,0,0,,,0.000000,0.000000
_5094_,generated_control,0,0,0,0,,,0.000000,0.000000
_5095_,generated_control,0,0,0,0,,,0.000000,0.000000
_5096_,generated_datapath,0,0,0,0,,,0.000000,0.000000
_5097_,generated_control,0,0,0,0,,,0.000000,0.000000
_5098_,generated_datapath,7,0,0,0,5.179500,,1.110658,0.525294
_5099_,generated_control,0,0,0,0,,,0.000000,0.000000
_5100_,generated_control,0,0,0,0,,,0.000000,0.000000
_5101_,generated_control,0,0,0,0,,,0.000000,0.000000
_5102_,generated_control,2,0,0,0,5.454100,,0.307731,0.145544
_5103_,generated_control,0,0,0,0,,,0.000000,0.000000
_5104_,generated_datapath,0,0,0,0,,,0.000000,0.000000
_5105_,generated_control,0,0,0,0,,,0.000000,0.000000
_5106_,generated_datapath,0,0,0,0,,,0.000000,0.000000
_5107_,generated_control,0,0,0,0,,,0.000000,0.000000
_5108_,generated_datapath,0,0,0,0,,,0.000000,0.000000
_5109_,unclassified,0,0,0,0,,,0.000000,0.000000
_5110_,generated_control,0,0,0,0,,,0.000000,0.000000
_5111_,generated_datapath,0,0,0,0,,,0.000000,0.000000
_5112_,generated_datapath,0,0,0,0,,,0.000000,0.000000
_5113_,generated_control,0,0,0,0,,,0.000000,0.000000
_5114_,generated_datapath,0,0,0,0,,,0.000000,0.000000
_5115_,generated_control,0,0,0,0,,,0.000000,0.000000
_5116_,unclassified,2,0,0,0,5.454100,,0.307731,0.145544
_5117_,generated_control,0,0,0,0,,,0.000000,0.000000
_5118_,generated_datapath,0,0,0,0,,,0.000000,0.000000
_5119_,unclassified,0,0,0,0,,,0.000000,0.000000
_5120_,generated_control,0,0,0,0,,,0.000000,0.000000
_5121_,generated_control,0,0,0,0,,,0.000000,0.000000
_5122_,generated_datapath,0,0,0,0,,,0.000000,0.000000
_5123_,generated_control,0,0,0,0,,,0.000000,0.000000
_5124_,generated_datapath,0,0,0,0,,,0.000000,0.000000
_5125_,generated_control,0,0,0,0,,,0.000000,0.000000
_5126_,generated_control,0,0,0,0,,,0.000000,0.000000
_5127_,generated_datapath,0,0,0,0,,,0.000000,0.000000
_5128_,generated_control,0,0,0,0,,,0.000000,0.000000
_5129_,generated_datapath,0,0,0,0,,,0.000000,0.000000
_5130_,generated_control,0,0,0,0,,,0.000000,0.000000
_5131_,generated_datapath,0,0,0,0,,,0.000000,0.000000
_5132_,fetch,0,0,0,0,,,0.000000,0.000000
_5134_,generated_control,0,0,0,0,,,0.000000,0.000000
_5135_,unclassified,0,0,0,0,,,0.000000,0.000000
_5137_,fetch,0,0,0,0,,,0.000000,0.000000
_5138_,generated_control,0,0,0,0,,,0.000000,0.000000
_5139_,generated_datapath,0,0,0,0,,,0.000000,0.000000
_5140_,generated_datapath,0,0,0,0,,,0.000000,0.000000
_5141_,generated_datapath,1,0,0,0,5.396500,,0.156335,0.073940
_5145_,generated_control,0,0,0,0,,,0.000000,0.000000
_5146_,generated_control,0,0,0,0,,,0.000000,0.000000
_5147_,generated_control,0,0,0,0,,,0.000000,0.000000
_5148_,generated_datapath,0,0,0,0,,,0.000000,0.000000
_5149_,generated_control,0,0,0,0,,,0.000000,0.000000
_5150_,unclassified,0,0,0,0,,,0.000000,0.000000
_5151_,generated_control,0,0,0,0,,,0.000000,0.000000
_5152_,generated_control,0,0,0,0,,,0.000000,0.000000
_5153_,generated_datapath,0,0,0,0,,,0.000000,0.000000
_5154_,generated_datapath,0,0,0,0,,,0.000000,0.000000
_5155_,generated_control,0,0,0,0,,,0.000000,0.000000
_5156_,generated_control,0,0,0,0,,,0.000000,0.000000
_5157_,generated_datapath,0,0,0,0,,,0.000000,0.000000
_5158_,generated_control,0,0,0,0,,,0.000000,0.000000
_5159_,generated_control,6,0,0,0,5.195900,,0.942824,0.445916
_5160_,generated_control,0,0,0,0,,,0.000000,0.000000
_5161_,unclassified,6,0,0,0,5.195900,,0.942824,0.445916
_5162_,generated_control,0,0,0,0,,,0.000000,0.000000
_5163_,generated_datapath,6,0,0,0,5.195900,,0.942824,0.445916
_5164_,generated_control,0,0,0,0,,,0.000000,0.000000
_5165_,generated_datapath,0,0,0,0,,,0.000000,0.000000
_5166_,generated_control,0,0,0,0,,,0.000000,0.000000
_5167_,generated_control,0,0,0,0,,,0.000000,0.000000
_5168_,generated_datapath,0,0,0,0,,,0.000000,0.000000
_5169_,generated_datapath,0,0,0,0,,,0.000000,0.000000
_5170_,generated_datapath,0,0,0,0,,,0.000000,0.000000
_5171_,generated_datapath,3,0,0,0,5.195900,,0.478787,0.226446
_5172_,generated_control,0,0,0,0,,,0.000000,0.000000
_5173_,generated_datapath,0,0,0,0,,,0.000000,0.000000
_5174_,generated_control,0,0,0,0,,,0.000000,0.000000
_5175_,generated_control,0,0,0,0,,,0.000000,0.000000
_5176_,generated_datapath,0,0,0,0,,,0.000000,0.000000
_5177_,generated_control,0,0,0,0,,,0.000000,0.000000
_5178_,generated_control,0,0,0,0,,,0.000000,0.000000
_5179_,generated_datapath,3,0,0,0,5.195900,,0.478787,0.226446
_5180_,generated_control,0,0,0,0,,,0.000000,0.000000
_5181_,generated_datapath,0,0,0,0,,,0.000000,0.000000
_5182_,generated_control,0,0,0,0,,,0.000000,0.000000
_5183_,generated_datapath,0,0,0,0,,,0.000000,0.000000
_5184_,generated_datapath,0,0,0,0,,,0.000000,0.000000
_5185_,generated_control,0,0,0,0,,,0.000000,0.000000
_5186_,generated_datapath,0,0,0,0,,,0.000000,0.000000
_5187_,generated_datapath,1,0,0,0,5.240700,,0.160238,0.075786
_5188_,generated_datapath,0,0,0,0,,,0.000000,0.000000
_5189_,generated_datapath,1,0,0,0,5.240700,,0.160238,0.075786
_5190_,generated_datapath,0,0,0,0,,,0.000000,0.000000
_5191_,generated_control,0,0,0,0,,,0.000000,0.000000
_5192_,generated_datapath,0,0,0,0,,,0.000000,0.000000
_5193_,generated_datapath,0,0,0,0,,,0.000000,0.000000
_5194_,generated_datapath,0,0,0,0,,,0.000000,0.000000
_5195_,generated_control,0,0,0,0,,,0.000000,0.000000
_5196_,generated_control,0,0,0,0,,,0.000000,0.000000
_5197_,generated_datapath,1,0,0,0,5.240700,,0.160238,0.075786
_5198_,generated_control,0,0,0,0,,,0.000000,0.000000
_5199_,generated_datapath,0,0,0,0,,,0.000000,0.000000
_5200_,generated_datapath,0,0,0,0,,,0.000000,0.000000
_5201_,generated_control,1,0,0,0,5.240700,,0.160238,0.075786
_5202_,generated_control,0,0,0,0,,,0.000000,0.000000
_5203_,generated_control,0,0,0,0,,,0.000000,0.000000
_5204_,generated_datapath,0,0,0,0,,,0.000000,0.000000
_5205_,generated_datapath,0,0,0,0,,,0.000000,0.000000
_5206_,generated_control,0,0,0,0,,,0.000000,0.000000
_5207_,generated_datapath,0,0,0,0,,,0.000000,0.000000
_5208_,generated_control,0,0,0,0,,,0.000000,0.000000
_5209_,generated_control,0,0,0,0,,,0.000000,0.000000
_5210_,generated_control,0,0,0,0,,,0.000000,0.000000
_5211_,generated_control,0,0,0,0,,,0.000000,0.000000
_5212_,generated_datapath,0,0,0,0,,,0.000000,0.000000
_5213_,generated_datapath,1,0,0,0,5.240700,,0.160238,0.075786
_5214_,generated_datapath,0,0,0,0,,,0.000000,0.000000
_5215_,generated_datapath,0,0,0,0,,,0.000000,0.000000
_5216_,generated_datapath,0,0,0,0,,,0.000000,0.000000
_5217_,generated_control,0,0,0,0,,,0.000000,0.000000
_5218_,generated_control,0,0,0,0,,,0.000000,0.000000
_5219_,generated_control,0,0,0,0,,,0.000000,0.000000
_5220_,generated_datapath,0,0,0,0,,,0.000000,0.000000
_5221_,generated_control,0,0,0,0,,,0.000000,0.000000
_5222_,generated_control,0,0,0,0,,,0.000000,0.000000
_5223_,generated_datapath,0,0,0,0,,,0.000000,0.000000
_5224_,generated_datapath,1,0,0,0,5.240700,,0.160238,0.075786
_5226_,generated_control,0,0,0,0,,,0.000000,0.000000
_5227_,unclassified,0,0,0,0,,,0.000000,0.000000
_5228_,unclassified,1,0,0,0,5.240700,,0.160238,0.075786
_5229_,unclassified,1,0,0,0,5.240700,,0.160238,0.075786
_5230_,generated_datapath,1,0,0,0,5.240700,,0.160238,0.075786
_5234_,generated_control,0,0,0,0,,,0.000000,0.000000
_5235_,generated_datapath,0,0,0,0,,,0.000000,0.000000
_5236_,generated_datapath,1,0,0,0,5.240700,,0.160238,0.075786
_5237_,generated_control,0,0,0,0,,,0.000000,0.000000
_5238_,unclassified,2,0,0,0,5.454100,,0.307731,0.145544
_5239_,generated_control,0,0,0,0,,,0.000000,0.000000
_5240_,generated_control,0,0,0,0,,,0.000000,0.000000
_5241_,generated_datapath,0,0,0,0,,,0.000000,0.000000
_5242_,unclassified,0,0,0,0,,,0.000000,0.000000
_5243_,generated_datapath,0,0,0,0,,,0.000000,0.000000
_5244_,unclassified,0,0,0,0,,,0.000000,0.000000
_5245_,unclassified,1,0,0,0,5.454100,,0.154940,0.073280
_5246_,generated_control,0,0,0,0,,,0.000000,0.000000
_5247_,unclassified,0,0,0,0,,,0.000000,0.000000
_5248_,execute_alu,0,0,0,0,,,0.000000,0.000000
_5249_,generated_control,0,0,0,0,,,0.000000,0.000000
_5250_,generated_control,1,0,0,0,5.454100,,0.154940,0.073280
_5251_,generated_control,0,0,0,0,,,0.000000,0.000000
_5252_,generated_datapath,0,0,0,0,,,0.000000,0.000000
_5253_,generated_control,1,0,0,0,5.454100,,0.154940,0.073280
_5254_,generated_datapath,1,0,0,0,5.454100,,0.154940,0.073280
_5255_,unclassified,2,0,0,0,5.195900,,0.321116,0.151874
_5256_,generated_datapath,2,0,0,0,5.195900,,0.321116,0.151874
_5257_,generated_control,0,0,0,0,,,0.000000,0.000000
_5258_,generated_datapath,1,0,0,0,5.261000,,0.159719,0.075540
_5259_,generated_datapath,1,0,0,0,5.261000,,0.159719,0.075540
_5260_,generated_control,0,0,0,0,,,0.000000,0.000000
_5261_,generated_datapath,0,0,0,0,,,0.000000,0.000000
_5262_,generated_datapath,1,0,0,0,5.261000,,0.159719,0.075540
_5263_,generated_control,0,0,0,0,,,0.000000,0.000000
_5264_,generated_control,0,0,0,0,,,0.000000,0.000000
_5265_,generated_control,0,0,0,0,,,0.000000,0.000000
_5266_,generated_control,0,0,0,0,,,0.000000,0.000000
_5267_,generated_control,0,0,0,0,,,0.000000,0.000000
_5268_,generated_datapath,1,0,0,0,5.342800,,0.157659,0.074566
_5269_,generated_datapath,1,0,0,0,5.342800,,0.157659,0.074566
_5270_,generated_datapath,1,0,0,0,5.342800,,0.157659,0.074566
_5271_,generated_control,0,0,0,0,,,0.000000,0.000000
_5272_,generated_datapath,0,0,0,0,,,0.000000,0.000000
_5273_,generated_datapath,1,0,0,0,5.342800,,0.157659,0.074566
_5274_,generated_control,0,0,0,0,,,0.000000,0.000000
_5275_,generated_datapath,0,0,0,0,,,0.000000,0.000000
_5276_,generated_datapath,0,0,0,0,,,0.000000,0.000000
_5277_,generated_control,1,0,0,0,5.342300,,0.157672,0.074572
_5278_,generated_control,1,0,0,0,5.342300,,0.157672,0.074572
_5279_,generated_datapath,1,0,0,0,5.342300,,0.157672,0.074572
_5280_,generated_datapath,1,0,0,0,5.342300,,0.157672,0.074572
_5281_,generated_control,0,0,0,0,,,0.000000,0.000000
_5282_,generated_datapath,0,0,0,0,,,0.000000,0.000000
_5283_,generated_datapath,1,0,0,0,5.342300,,0.157672,0.074572
_5284_,generated_control,0,0,0,0,,,0.000000,0.000000
_5285_,generated_control,0,0,0,0,,,0.000000,0.000000
_5286_,generated_datapath,0,0,0,0,,,0.000000,0.000000
_5287_,generated_datapath,0,0,0,0,,,0.000000,0.000000
_5288_,generated_datapath,1,0,0,0,5.374200,,0.156882,0.074199
_5289_,generated_control,0,0,0,0,,,0.000000,0.000000
_5290_,generated_control,1,0,0,0,5.374200,,0.156882,0.074199
_5291_,generated_datapath,1,0,0,0,5.374200,,0.156882,0.074199
_5292_,generated_control,0,0,0,0,,,0.000000,0.000000
_5293_,generated_datapath,0,0,0,0,,,0.000000,0.000000
_5294_,generated_datapath,1,0,0,0,5.374200,,0.156882,0.074199
_5299_,generated_datapath,0,0,0,0,,,0.000000,0.000000
_5300_,generated_control,0,0,0,0,,,0.000000,0.000000
_5301_,generated_datapath,0,0,0,0,,,0.000000,0.000000
_5302_,generated_datapath,0,0,0,0,,,0.000000,0.000000
_5303_,generated_datapath,0,0,0,0,,,0.000000,0.000000
_5307_,generated_datapath,0,0,0,0,,,0.000000,0.000000
_5308_,generated_datapath,0,0,0,0,,,0.000000,0.000000
_5309_,generated_control,1,0,0,0,5.565300,,0.152316,0.072039
_5310_,generated_control,0,0,0,0,,,0.000000,0.000000
_5311_,generated_datapath,0,0,0,0,,,0.000000,0.000000
_5312_,unclassified,1,0,0,0,5.565300,,0.152316,0.072039
_5313_,generated_datapath,1,0,0,0,5.565300,,0.152316,0.072039
_5314_,generated_control,0,0,0,0,,,0.000000,0.000000
_5315_,generated_datapath,0,0,0,0,,,0.000000,0.000000
_5316_,generated_datapath,1,0,0,0,5.565300,,0.152316,0.072039
_5317_,generated_control,0,0,0,0,,,0.000000,0.000000
_5318_,generated_datapath,0,0,0,0,,,0.000000,0.000000
_5319_,generated_datapath,0,0,0,0,,,0.000000,0.000000
_5320_,generated_control,0,0,0,0,,,0.000000,0.000000
_5321_,generated_datapath,0,0,0,0,,,0.000000,0.000000
_5322_,generated_control,0,0,0,0,,,0.000000,0.000000
_5323_,generated_datapath,0,0,0,0,,,0.000000,0.000000
_5324_,generated_datapath,0,0,0,0,,,0.000000,0.000000
_5325_,generated_datapath,0,0,0,0,,,0.000000,0.000000
_5326_,generated_datapath,0,0,0,0,,,0.000000,0.000000
_5327_,generated_datapath,1,0,0,0,5.544900,,0.152791,0.072264
_5328_,generated_datapath,1,0,0,0,5.544900,,0.152791,0.072264
_5329_,generated_control,0,0,0,0,,,0.000000,0.000000
_5330_,generated_datapath,0,0,0,0,,,0.000000,0.000000
_5331_,generated_datapath,1,0,0,0,5.544900,,0.152791,0.072264
_5332_,generated_control,0,0,0,0,,,0.000000,0.000000
_5333_,generated_datapath,3,0,0,0,5.403200,,0.464037,0.219470
_5334_,generated_datapath,3,0,0,0,5.403200,,0.464037,0.219470
_5335_,generated_datapath,2,0,0,0,5.404300,,0.307865,0.145607
_5336_,generated_datapath,1,0,0,0,5.404300,,0.156145,0.073850
_5337_,generated_datapath,1,0,0,0,5.404300,,0.156145,0.073850
_5338_,generated_control,0,0,0,0,,,0.000000,0.000000
_5339_,generated_control,1,0,0,0,5.404300,,0.156145,0.073850
_5340_,generated_datapath,0,0,0,0,,,0.000000,0.000000
_5341_,generated_control,0,0,0,0,,,0.000000,0.000000
_5342_,generated_datapath,0,0,0,0,,,0.000000,0.000000
_5343_,unclassified,1,0,0,0,5.404300,,0.156145,0.073850
_5344_,generated_control,0,0,0,0,,,0.000000,0.000000
_5345_,generated_control,0,0,0,0,,,0.000000,0.000000
_5346_,generated_datapath,0,0,0,0,,,0.000000,0.000000
_5347_,generated_control,0,0,0,0,,,0.000000,0.000000
_5348_,generated_control,0,0,0,0,,,0.000000,0.000000
_5349_,generated_datapath,0,0,0,0,,,0.000000,0.000000
_5350_,generated_control,0,0,0,0,,,0.000000,0.000000
_5351_,generated_control,0,0,0,0,,,0.000000,0.000000
_5352_,generated_control,0,0,0,0,,,0.000000,0.000000
_5353_,generated_datapath,0,0,0,0,,,0.000000,0.000000
_5354_,generated_datapath,1,0,0,0,5.591100,,0.151720,0.071757
_5355_,generated_control,1,0,0,0,5.591100,,0.151720,0.071757
_5356_,generated_datapath,1,0,0,0,5.591100,,0.151720,0.071757
_5357_,generated_control,0,0,0,0,,,0.000000,0.000000
_5358_,generated_datapath,0,0,0,0,,,0.000000,0.000000
_5359_,unclassified,1,0,0,0,5.591100,,0.151720,0.071757
_5360_,unclassified,0,0,0,0,,,0.000000,0.000000
_5361_,generated_datapath,0,0,0,0,,,0.000000,0.000000
_5362_,generated_datapath,0,0,0,0,,,0.000000,0.000000
_5363_,generated_datapath,0,0,0,0,,,0.000000,0.000000
_5364_,generated_datapath,0,0,0,0,,,0.000000,0.000000
_5365_,generated_control,0,0,0,0,,,0.000000,0.000000
_5366_,generated_control,0,0,0,0,,,0.000000,0.000000
_5367_,generated_datapath,0,0,0,0,,,0.000000,0.000000
_5368_,unclassified,0,0,0,0,,,0.000000,0.000000
_5369_,generated_control,1,0,0,0,5.403200,,0.156172,0.073863
_5370_,generated_control,1,0,0,0,5.403200,,0.156172,0.073863
_5371_,generated_control,0,0,0,0,,,0.000000,0.000000
_5372_,generated_control,0,0,0,0,,,0.000000,0.000000
_5373_,generated_datapath,0,0,0,0,,,0.000000,0.000000
_5374_,generated_datapath,0,0,0,0,,,0.000000,0.000000
_5375_,generated_control,0,0,0,0,,,0.000000,0.000000
_5376_,generated_datapath,1,0,0,0,5.403200,,0.156172,0.073863
_5377_,generated_datapath,1,0,0,0,5.403200,,0.156172,0.073863
_5378_,generated_control,0,0,0,0,,,0.000000,0.000000
_5379_,generated_datapath,0,0,0,0,,,0.000000,0.000000
_5380_,generated_datapath,1,0,0,0,5.403200,,0.156172,0.073863
_5381_,generated_control,0,0,0,0,,,0.000000,0.000000
_5382_,generated_datapath,0,0,0,0,,,0.000000,0.000000
_5383_,generated_control,0,0,0,0,,,0.000000,0.000000
_5384_,generated_datapath,0,0,0,0,,,0.000000,0.000000
_5385_,generated_datapath,5,0,0,0,5.179500,,0.802927,0.379750
_5386_,generated_control,0,0,0,0,,,0.000000,0.000000
_5387_,generated_datapath,0,0,0,0,,,0.000000,0.000000
_5388_,generated_datapath,0,0,0,0,,,0.000000,0.000000
_5389_,generated_datapath,0,0,0,0,,,0.000000,0.000000
_5390_,generated_datapath,0,0,0,0,,,0.000000,0.000000
_5391_,generated_control,0,0,0,0,,,0.000000,0.000000
_5392_,generated_datapath,0,0,0,0,,,0.000000,0.000000
_5393_,generated_datapath,0,0,0,0,,,0.000000,0.000000
_5394_,generated_control,0,0,0,0,,,0.000000,0.000000
_5395_,generated_datapath,0,0,0,0,,,0.000000,0.000000
_5396_,generated_datapath,0,0,0,0,,,0.000000,0.000000
_5397_,generated_control,0,0,0,0,,,0.000000,0.000000
_5398_,generated_datapath,0,0,0,0,,,0.000000,0.000000
_5399_,generated_datapath,0,0,0,0,,,0.000000,0.000000
_5400_,generated_control,0,0,0,0,,,0.000000,0.000000
_5401_,unclassified,0,0,0,0,,,0.000000,0.000000
_5402_,generated_datapath,0,0,0,0,,,0.000000,0.000000
_5403_,generated_control,0,0,0,0,,,0.000000,0.000000
_5404_,generated_datapath,0,0,0,0,,,0.000000,0.000000
_5405_,unclassified,0,0,0,0,,,0.000000,0.000000
_5406_,generated_datapath,0,0,0,0,,,0.000000,0.000000
_5407_,generated_control,0,0,0,0,,,0.000000,0.000000
_5408_,generated_datapath,0,0,0,0,,,0.000000,0.000000
_5409_,generated_datapath,0,0,0,0,,,0.000000,0.000000
_5410_,generated_control,0,0,0,0,,,0.000000,0.000000
_5411_,generated_datapath,0,0,0,0,,,0.000000,0.000000
_5412_,generated_datapath,0,0,0,0,,,0.000000,0.000000
_5413_,generated_datapath,0,0,0,0,,,0.000000,0.000000
_5414_,generated_datapath,0,0,0,0,,,0.000000,0.000000
_5415_,generated_control,0,0,0,0,,,0.000000,0.000000
_5416_,generated_datapath,0,0,0,0,,,0.000000,0.000000
_5417_,generated_datapath,0,0,0,0,,,0.000000,0.000000
_5418_,generated_datapath,0,0,0,0,,,0.000000,0.000000
_5419_,generated_datapath,0,0,0,0,,,0.000000,0.000000
_5420_,generated_control,0,0,0,0,,,0.000000,0.000000
_5421_,generated_datapath,0,0,0,0,,,0.000000,0.000000
_5422_,generated_datapath,0,0,0,0,,,0.000000,0.000000
_5423_,generated_control,0,0,0,0,,,0.000000,0.000000
_5424_,generated_datapath,0,0,0,0,,,0.000000,0.000000
_5425_,generated_datapath,0,0,0,0,,,0.000000,0.000000
_5426_,generated_datapath,0,0,0,0,,,0.000000,0.000000
_5427_,generated_control,0,0,0,0,,,0.000000,0.000000
_5428_,generated_datapath,0,0,0,0,,,0.000000,0.000000
_5429_,generated_datapath,0,0,0,0,,,0.000000,0.000000
_5430_,generated_control,0,0,0,0,,,0.000000,0.000000
_5431_,generated_control,0,0,0,0,,,0.000000,0.000000
_5432_,generated_datapath,0,0,0,0,,,0.000000,0.000000
_5433_,generated_datapath,0,0,0,0,,,0.000000,0.000000
_5434_,generated_control,0,0,0,0,,,0.000000,0.000000
_5435_,generated_datapath,0,0,0,0,,,0.000000,0.000000
_5436_,generated_datapath,0,0,0,0,,,0.000000,0.000000
_5437_,generated_control,0,0,0,0,,,0.000000,0.000000
_5438_,generated_control,0,0,0,0,,,0.000000,0.000000
_5439_,generated_datapath,0,0,0,0,,,0.000000,0.000000
_5440_,unclassified,0,0,0,0,,,0.000000,0.000000
_5441_,generated_control,0,0,0,0,,,0.000000,0.000000
_5442_,generated_datapath,0,0,0,0,,,0.000000,0.000000
_5443_,generated_datapath,0,0,0,0,,,0.000000,0.000000
_5444_,generated_datapath,0,0,0,0,,,0.000000,0.000000
_5445_,generated_datapath,0,0,0,0,,,0.000000,0.000000
_5446_,generated_control,0,0,0,0,,,0.000000,0.000000
_5447_,generated_datapath,0,0,0,0,,,0.000000,0.000000
_5448_,generated_control,0,0,0,0,,,0.000000,0.000000
_5449_,generated_datapath,0,0,0,0,,,0.000000,0.000000
_5450_,generated_datapath,0,0,0,0,,,0.000000,0.000000
_5451_,generated_datapath,0,0,0,0,,,0.000000,0.000000
_5452_,generated_control,0,0,0,0,,,0.000000,0.000000
_5453_,generated_datapath,0,0,0,0,,,0.000000,0.000000
_5454_,generated_datapath,0,0,0,0,,,0.000000,0.000000
_5455_,generated_datapath,0,0,0,0,,,0.000000,0.000000
_5456_,generated_datapath,0,0,0,0,,,0.000000,0.000000
_5457_,generated_datapath,0,0,0,0,,,0.000000,0.000000
_5458_,generated_datapath,0,0,0,0,,,0.000000,0.000000
_5459_,generated_control,0,0,0,0,,,0.000000,0.000000
_5460_,generated_control,0,0,0,0,,,0.000000,0.000000
_5461_,generated_datapath,0,0,0,0,,,0.000000,0.000000
_5462_,generated_control,0,0,0,0,,,0.000000,0.000000
_5463_,generated_datapath,0,0,0,0,,,0.000000,0.000000
_5464_,generated_datapath,0,0,0,0,,,0.000000,0.000000
_5465_,generated_datapath,0,0,0,0,,,0.000000,0.000000
_5466_,generated_control,0,0,0,0,,,0.000000,0.000000
_5467_,generated_control,0,0,0,0,,,0.000000,0.000000
_5468_,generated_datapath,0,0,0,0,,,0.000000,0.000000
_5469_,generated_datapath,0,0,0,0,,,0.000000,0.000000
_5470_,generated_datapath,0,0,0,0,,,0.000000,0.000000
_5471_,generated_datapath,0,0,0,0,,,0.000000,0.000000
_5472_,generated_control,0,0,0,0,,,0.000000,0.000000
_5473_,generated_datapath,0,0,0,0,,,0.000000,0.000000
_5474_,generated_datapath,0,0,0,0,,,0.000000,0.000000
_5475_,generated_datapath,0,0,0,0,,,0.000000,0.000000
_5476_,generated_datapath,0,0,0,0,,,0.000000,0.000000
_5477_,generated_datapath,0,0,0,0,,,0.000000,0.000000
_5478_,generated_datapath,0,0,0,0,,,0.000000,0.000000
_5479_,generated_datapath,0,0,0,0,,,0.000000,0.000000
_5480_,generated_control,0,0,0,0,,,0.000000,0.000000
_5481_,generated_datapath,0,0,0,0,,,0.000000,0.000000
_5482_,generated_control,0,0,0,0,,,0.000000,0.000000
_5483_,generated_datapath,0,0,0,0,,,0.000000,0.000000
_5484_,generated_datapath,0,0,0,0,,,0.000000,0.000000
_5485_,generated_control,0,0,0,0,,,0.000000,0.000000
_5486_,generated_datapath,0,0,0,0,,,0.000000,0.000000
_5487_,generated_datapath,0,0,0,0,,,0.000000,0.000000
_5488_,generated_datapath,0,0,0,0,,,0.000000,0.000000
_5489_,generated_control,0,0,0,0,,,0.000000,0.000000
_5490_,generated_datapath,0,0,0,0,,,0.000000,0.000000
_5492_,generated_datapath,0,0,0,0,,,0.000000,0.000000
_5493_,generated_control,0,0,0,0,,,0.000000,0.000000
_5494_,generated_control,0,0,0,0,,,0.000000,0.000000
_5495_,generated_control,0,0,0,0,,,0.000000,0.000000
_5496_,generated_control,0,0,0,0,,,0.000000,0.000000
_5497_,generated_control,0,0,0,0,,,0.000000,0.000000
_5498_,generated_datapath,0,0,0,0,,,0.000000,0.000000
_5499_,generated_control,0,0,0,0,,,0.000000,0.000000
_5500_,generated_datapath,5,0,0,0,5.179500,,0.802927,0.379750
_5501_,generated_control,0,0,0,0,,,0.000000,0.000000
_5502_,generated_datapath,0,0,0,0,,,0.000000,0.000000
_5503_,generated_control,0,0,0,0,,,0.000000,0.000000
_5504_,generated_control,0,0,0,0,,,0.000000,0.000000
_5505_,generated_datapath,0,0,0,0,,,0.000000,0.000000
_5506_,generated_control,0,0,0,0,,,0.000000,0.000000
_5507_,generated_datapath,0,0,0,0,,,0.000000,0.000000
_5508_,generated_datapath,0,0,0,0,,,0.000000,0.000000
_5509_,generated_control,0,0,0,0,,,0.000000,0.000000
_5510_,generated_datapath,0,0,0,0,,,0.000000,0.000000
_5511_,generated_control,0,0,0,0,,,0.000000,0.000000
_5512_,generated_control,0,0,0,0,,,0.000000,0.000000
_5513_,generated_control,0,0,0,0,,,0.000000,0.000000
_5514_,fetch,0,0,0,0,,,0.000000,0.000000
_5515_,generated_control,0,0,0,0,,,0.000000,0.000000
_5516_,generated_control,0,0,0,0,,,0.000000,0.000000
_5517_,fetch,0,0,0,0,,,0.000000,0.000000
_5518_,fetch,0,0,0,0,,,0.000000,0.000000
_5519_,generated_control,5,0,0,0,5.179500,,0.802927,0.379750
_5520_,fetch,0,0,0,0,,,0.000000,0.000000
_5521_,generated_control,0,0,0,0,,,0.000000,0.000000
_5522_,fetch,0,0,0,0,,,0.000000,0.000000
_5523_,unclassified,0,0,0,0,,,0.000000,0.000000
_5524_,unclassified,5,0,0,0,5.179500,,0.802927,0.379750
_5525_,generated_datapath,5,0,0,0,5.179500,,0.802927,0.379750
_5526_,execute_alu,1,0,0,0,5.317700,,0.158285,0.074862
_5527_,generated_control,0,0,0,0,,,0.000000,0.000000
_5528_,generated_datapath,0,0,0,0,,,0.000000,0.000000
_5529_,generated_datapath,1,0,0,0,5.317700,,0.158285,0.074862
_5530_,generated_control,0,0,0,0,,,0.000000,0.000000
_5534_,generated_control,0,0,0,0,,,0.000000,0.000000
_5536_,generated_control,0,0,0,0,,,0.000000,0.000000
_5537_,generated_control,0,0,0,0,,,0.000000,0.000000
_5538_,generated_control,0,0,0,0,,,0.000000,0.000000
_5539_,generated_control,0,0,0,0,,,0.000000,0.000000
_5540_,generated_control,0,0,0,0,,,0.000000,0.000000
_5541_,generated_control,0,0,0,0,,,0.000000,0.000000
_5542_,generated_control,0,0,0,0,,,0.000000,0.000000
_5543_,generated_control,0,0,0,0,,,0.000000,0.000000
_5544_,generated_control,0,0,0,0,,,0.000000,0.000000
_5545_,generated_control,0,0,0,0,,,0.000000,0.000000
_5546_,generated_control,0,0,0,0,,,0.000000,0.000000
_5547_,generated_control,0,0,0,0,,,0.000000,0.000000
_5548_,generated_datapath,0,0,0,0,,,0.000000,0.000000
_5549_,generated_control,0,0,0,0,,,0.000000,0.000000
_5550_,register_file,0,0,0,0,,,0.000000,0.000000
_5551_,generated_control,0,0,0,0,,,0.000000,0.000000
_5552_,generated_control,0,0,0,0,,,0.000000,0.000000
_5553_,generated_control,0,0,0,0,,,0.000000,0.000000
_5554_,generated_control,0,0,0,0,,,0.000000,0.000000
_5555_,generated_control,0,0,0,0,,,0.000000,0.000000
_5556_,generated_control,0,0,0,0,,,0.000000,0.000000
_5557_,generated_control,0,0,0,0,,,0.000000,0.000000
_5558_,generated_datapath,0,0,0,0,,,0.000000,0.000000
_5559_,generated_control,0,0,0,0,,,0.000000,0.000000
_5560_,register_file,0,0,0,0,,,0.000000,0.000000
_5561_,generated_control,0,0,0,0,,,0.000000,0.000000
_5562_,generated_datapath,0,0,0,0,,,0.000000,0.000000
_5563_,generated_control,0,0,0,0,,,0.000000,0.000000
_5564_,register_file,0,0,0,0,,,0.000000,0.000000
_5565_,generated_datapath,0,0,0,0,,,0.000000,0.000000
_5566_,generated_control,0,0,0,0,,,0.000000,0.000000
_5567_,register_file,0,0,0,0,,,0.000000,0.000000
_5568_,generated_control,0,0,0,0,,,0.000000,0.000000
_5569_,generated_control,0,0,0,0,,,0.000000,0.000000
_5570_,generated_datapath,0,0,0,0,,,0.000000,0.000000
_5571_,generated_control,0,0,0,0,,,0.000000,0.000000
_5572_,register_file,0,0,0,0,,,0.000000,0.000000
_5574_,generated_control,0,0,0,0,,,0.000000,0.000000
_5575_,generated_control,0,0,0,0,,,0.000000,0.000000
_5576_,generated_datapath,0,0,0,0,,,0.000000,0.000000
_5577_,generated_control,0,0,0,0,,,0.000000,0.000000
_5578_,register_file,0,0,0,0,,,0.000000,0.000000
_5579_,generated_control,0,0,0,0,,,0.000000,0.000000
_5581_,generated_datapath,0,0,0,0,,,0.000000,0.000000
_5583_,generated_control,0,0,0,0,,,0.000000,0.000000
_5584_,register_file,0,0,0,0,,,0.000000,0.000000
_5585_,generated_control,0,0,0,0,,,0.000000,0.000000
_5586_,generated_control,0,0,0,0,,,0.000000,0.000000
_5587_,generated_datapath,0,0,0,0,,,0.000000,0.000000
_5588_,generated_control,0,0,0,0,,,0.000000,0.000000
_5589_,register_file,0,0,0,0,,,0.000000,0.000000
_5590_,generated_control,0,0,0,0,,,0.000000,0.000000
_5591_,generated_control,0,0,0,0,,,0.000000,0.000000
_5592_,generated_control,0,0,0,0,,,0.000000,0.000000
_5593_,generated_datapath,0,0,0,0,,,0.000000,0.000000
_5594_,generated_control,0,0,0,0,,,0.000000,0.000000
_5595_,register_file,0,0,0,0,,,0.000000,0.000000
_5596_,generated_control,0,0,0,0,,,0.000000,0.000000
_5597_,generated_datapath,0,0,0,0,,,0.000000,0.000000
_5598_,generated_control,0,0,0,0,,,0.000000,0.000000
_5599_,register_file,0,0,0,0,,,0.000000,0.000000
_5600_,generated_control,0,0,0,0,,,0.000000,0.000000
_5601_,generated_datapath,0,0,0,0,,,0.000000,0.000000
_5602_,generated_control,0,0,0,0,,,0.000000,0.000000
_5603_,register_file,0,0,0,0,,,0.000000,0.000000
_5604_,generated_control,0,0,0,0,,,0.000000,0.000000
_5605_,generated_datapath,0,0,0,0,,,0.000000,0.000000
_5606_,register_file,0,0,0,0,,,0.000000,0.000000
_5607_,generated_datapath,0,0,0,0,,,0.000000,0.000000
_5608_,generated_control,0,0,0,0,,,0.000000,0.000000
_5609_,register_file,0,0,0,0,,,0.000000,0.000000
_5610_,generated_datapath,0,0,0,0,,,0.000000,0.000000
_5611_,generated_control,0,0,0,0,,,0.000000,0.000000
_5612_,register_file,0,0,0,0,,,0.000000,0.000000
_5613_,generated_control,0,0,0,0,,,0.000000,0.000000
_5614_,generated_datapath,0,0,0,0,,,0.000000,0.000000
_5615_,generated_control,0,0,0,0,,,0.000000,0.000000
_5616_,register_file,0,0,0,0,,,0.000000,0.000000
_5617_,generated_control,0,0,0,0,,,0.000000,0.000000
_5618_,generated_control,0,0,0,0,,,0.000000,0.000000
_5619_,generated_datapath,0,0,0,0,,,0.000000,0.000000
_5620_,generated_control,0,0,0,0,,,0.000000,0.000000
_5621_,register_file,0,0,0,0,,,0.000000,0.000000
_5623_,generated_control,0,0,0,0,,,0.000000,0.000000
_5624_,generated_datapath,0,0,0,0,,,0.000000,0.000000
_5625_,generated_control,0,0,0,0,,,0.000000,0.000000
_5626_,register_file,0,0,0,0,,,0.000000,0.000000
_5627_,generated_control,0,0,0,0,,,0.000000,0.000000
_5628_,generated_control,0,0,0,0,,,0.000000,0.000000
_5629_,generated_control,0,0,0,0,,,0.000000,0.000000
_5630_,generated_datapath,0,0,0,0,,,0.000000,0.000000
_5631_,generated_control,0,0,0,0,,,0.000000,0.000000
_5632_,register_file,0,0,0,0,,,0.000000,0.000000
_5633_,generated_control,0,0,0,0,,,0.000000,0.000000
_5634_,generated_datapath,0,0,0,0,,,0.000000,0.000000
_5635_,generated_control,0,0,0,0,,,0.000000,0.000000
_5636_,register_file,0,0,0,0,,,0.000000,0.000000
_5637_,generated_control,0,0,0,0,,,0.000000,0.000000
_5638_,generated_datapath,0,0,0,0,,,0.000000,0.000000
_5639_,generated_control,0,0,0,0,,,0.000000,0.000000
_5640_,register_file,0,0,0,0,,,0.000000,0.000000
_5641_,generated_control,0,0,0,0,,,0.000000,0.000000
_5642_,generated_datapath,0,0,0,0,,,0.000000,0.000000
_5643_,generated_control,0,0,0,0,,,0.000000,0.000000
_5644_,register_file,0,0,0,0,,,0.000000,0.000000
_5645_,generated_datapath,0,0,0,0,,,0.000000,0.000000
_5646_,generated_control,0,0,0,0,,,0.000000,0.000000
_5647_,register_file,0,0,0,0,,,0.000000,0.000000
_5648_,generated_control,0,0,0,0,,,0.000000,0.000000
_5649_,generated_control,0,0,0,0,,,0.000000,0.000000
_5650_,generated_datapath,0,0,0,0,,,0.000000,0.000000
_5651_,generated_control,0,0,0,0,,,0.000000,0.000000
_5652_,register_file,0,0,0,0,,,0.000000,0.000000
_5653_,generated_control,0,0,0,0,,,0.000000,0.000000
_5654_,generated_datapath,0,0,0,0,,,0.000000,0.000000
_5655_,generated_control,0,0,0,0,,,0.000000,0.000000
_5656_,register_file,0,0,0,0,,,0.000000,0.000000
_5657_,generated_datapath,0,0,0,0,,,0.000000,0.000000
_5658_,generated_control,0,0,0,0,,,0.000000,0.000000
_5659_,register_file,0,0,0,0,,,0.000000,0.000000
_5660_,generated_control,0,0,0,0,,,0.000000,0.000000
_5661_,generated_datapath,0,0,0,0,,,0.000000,0.000000
_5662_,generated_control,0,0,0,0,,,0.000000,0.000000
_5663_,register_file,0,0,0,0,,,0.000000,0.000000
_5664_,generated_datapath,0,0,0,0,,,0.000000,0.000000
_5665_,generated_control,0,0,0,0,,,0.000000,0.000000
_5666_,register_file,0,0,0,0,,,0.000000,0.000000
_5667_,generated_control,0,0,0,0,,,0.000000,0.000000
_5668_,register_file,0,0,0,0,,,0.000000,0.000000
_5669_,generated_control,0,0,0,0,,,0.000000,0.000000
_5670_,register_file,0,0,0,0,,,0.000000,0.000000
_5671_,generated_control,0,0,0,0,,,0.000000,0.000000
_5672_,register_file,0,0,0,0,,,0.000000,0.000000
_5673_,generated_control,0,0,0,0,,,0.000000,0.000000
_5674_,register_file,0,0,0,0,,,0.000000,0.000000
_5675_,generated_control,0,0,0,0,,,0.000000,0.000000
_5676_,generated_control,0,0,0,0,,,0.000000,0.000000
_5677_,generated_control,0,0,0,0,,,0.000000,0.000000
_5678_,generated_control,0,0,0,0,,,0.000000,0.000000
_5679_,generated_control,0,0,0,0,,,0.000000,0.000000
_5680_,generated_control,0,0,0,0,,,0.000000,0.000000
_5681_,generated_control,0,0,0,0,,,0.000000,0.000000
_5682_,generated_control,0,0,0,0,,,0.000000,0.000000
_5684_,generated_control,0,0,0,0,,,0.000000,0.000000
_5687_,generated_control,0,0,0,0,,,0.000000,0.000000
_5688_,generated_datapath,0,0,0,0,,,0.000000,0.000000
_5689_,generated_datapath,0,0,0,0,,,0.000000,0.000000
_5690_,generated_control,0,0,0,0,,,0.000000,0.000000
_5691_,generated_control,0,0,0,0,,,0.000000,0.000000
_5692_,generated_datapath,0,0,0,0,,,0.000000,0.000000
_5693_,generated_datapath,0,0,0,0,,,0.000000,0.000000
_5694_,generated_datapath,0,0,0,0,,,0.000000,0.000000
_5695_,generated_control,0,0,0,0,,,0.000000,0.000000
_5696_,generated_control,0,0,0,0,,,0.000000,0.000000
_5697_,generated_datapath,0,0,0,0,,,0.000000,0.000000
_5698_,generated_datapath,0,0,0,0,,,0.000000,0.000000
_5699_,generated_control,0,0,0,0,,,0.000000,0.000000
_5700_,generated_datapath,0,0,0,0,,,0.000000,0.000000
_5701_,generated_datapath,0,0,0,0,,,0.000000,0.000000
_5702_,generated_datapath,0,0,0,0,,,0.000000,0.000000
_5703_,generated_datapath,0,0,0,0,,,0.000000,0.000000
_5704_,generated_control,0,0,0,0,,,0.000000,0.000000
_5705_,generated_control,0,0,0,0,,,0.000000,0.000000
_5706_,generated_control,0,0,0,0,,,0.000000,0.000000
_5707_,generated_control,0,0,0,0,,,0.000000,0.000000
_5708_,generated_control,0,0,0,0,,,0.000000,0.000000
_5709_,generated_datapath,0,0,0,0,,,0.000000,0.000000
_5712_,generated_control,0,0,0,0,,,0.000000,0.000000
_5713_,generated_control,0,0,0,0,,,0.000000,0.000000
_5714_,generated_control,0,0,0,0,,,0.000000,0.000000
_5715_,generated_control,0,0,0,0,,,0.000000,0.000000
_5716_,generated_control,0,0,0,0,,,0.000000,0.000000
_5717_,generated_control,0,0,0,0,,,0.000000,0.000000
_5718_,generated_control,0,0,0,0,,,0.000000,0.000000
_5719_,generated_control,0,0,0,0,,,0.000000,0.000000
_5720_,generated_control,0,0,0,0,,,0.000000,0.000000
_5721_,generated_datapath,0,0,0,0,,,0.000000,0.000000
_5722_,generated_control,0,0,0,0,,,0.000000,0.000000
_5723_,generated_datapath,0,0,0,0,,,0.000000,0.000000
_5724_,generated_datapath,0,0,0,0,,,0.000000,0.000000
_5725_,generated_datapath,0,0,0,0,,,0.000000,0.000000
_5726_,generated_datapath,0,0,0,0,,,0.000000,0.000000
_5727_,generated_datapath,0,0,0,0,,,0.000000,0.000000
_5728_,generated_control,0,0,0,0,,,0.000000,0.000000
_5729_,generated_datapath,0,0,0,0,,,0.000000,0.000000
_5730_,generated_datapath,0,0,0,0,,,0.000000,0.000000
_5731_,generated_datapath,0,0,0,0,,,0.000000,0.000000
_5732_,generated_datapath,0,0,0,0,,,0.000000,0.000000
_5733_,unclassified,0,0,0,0,,,0.000000,0.000000
_5734_,generated_control,0,0,0,0,,,0.000000,0.000000
_5735_,generated_datapath,0,0,0,0,,,0.000000,0.000000
_5736_,generated_datapath,0,0,0,0,,,0.000000,0.000000
_5740_,fetch,0,0,0,0,,,0.000000,0.000000
_5741_,fetch,0,0,0,0,,,0.000000,0.000000
_5742_,generated_control,0,0,0,0,,,0.000000,0.000000
_5744_,generated_datapath,0,0,0,0,,,0.000000,0.000000
_5746_,generated_control,0,0,0,0,,,0.000000,0.000000
_5747_,generated_control,0,0,0,0,,,0.000000,0.000000
_5748_,generated_datapath,0,0,0,0,,,0.000000,0.000000
_5749_,generated_datapath,0,0,0,0,,,0.000000,0.000000
_5750_,generated_control,0,0,0,0,,,0.000000,0.000000
_5751_,generated_datapath,0,0,0,0,,,0.000000,0.000000
_5752_,decode_control,0,0,0,0,,,0.000000,0.000000
_5753_,fetch,0,0,0,0,,,0.000000,0.000000
_5760_,generated_control,0,0,0,0,,,0.000000,0.000000
_5765_,generated_control,0,0,0,0,,,0.000000,0.000000
_5768_,generated_control,0,0,0,0,,,0.000000,0.000000
_5771_,generated_control,0,0,0,0,,,0.000000,0.000000
_5776_,generated_control,0,0,0,0,,,0.000000,0.000000
_5777_,generated_control,0,0,0,0,,,0.000000,0.000000
_5781_,generated_control,0,0,0,0,,,0.000000,0.000000
_5784_,generated_control,0,0,0,0,,,0.000000,0.000000
_5785_,generated_control,0,0,0,0,,,0.000000,0.000000
_5787_,generated_control,0,0,0,0,,,0.000000,0.000000
_5791_,generated_control,0,0,0,0,,,0.000000,0.000000
_5792_,fetch,0,0,0,0,,,0.000000,0.000000
_5794_,generated_control,0,0,0,0,,,0.000000,0.000000
_5795_,generated_datapath,0,0,0,0,,,0.000000,0.000000
_5796_,generated_control,0,0,0,0,,,0.000000,0.000000
_5797_,generated_control,0,0,0,0,,,0.000000,0.000000
_5799_,generated_datapath,0,0,0,0,,,0.000000,0.000000
_5800_,generated_datapath,0,0,0,0,,,0.000000,0.000000
_5801_,generated_datapath,0,0,0,0,,,0.000000,0.000000
_5802_,generated_datapath,0,0,0,0,,,0.000000,0.000000
_5803_,generated_datapath,0,0,0,0,,,0.000000,0.000000
_5804_,generated_datapath,0,0,0,0,,,0.000000,0.000000
_5805_,generated_datapath,0,0,0,0,,,0.000000,0.000000
_5806_,generated_datapath,0,0,0,0,,,0.000000,0.000000
_5807_,generated_control,0,0,0,0,,,0.000000,0.000000
_5808_,generated_datapath,0,0,0,0,,,0.000000,0.000000
_5809_,generated_datapath,0,0,0,0,,,0.000000,0.000000
_5810_,generated_datapath,0,0,0,0,,,0.000000,0.000000
_5811_,generated_control,0,0,0,0,,,0.000000,0.000000
_5812_,generated_control,0,0,0,0,,,0.000000,0.000000
_5813_,generated_control,0,0,0,0,,,0.000000,0.000000
_5814_,generated_control,0,0,0,0,,,0.000000,0.000000
_5815_,generated_control,0,0,0,0,,,0.000000,0.000000
_5816_,generated_datapath,0,0,0,0,,,0.000000,0.000000
_5817_,generated_control,0,0,0,0,,,0.000000,0.000000
_5818_,generated_datapath,0,0,0,0,,,0.000000,0.000000
_5819_,generated_datapath,0,0,0,0,,,0.000000,0.000000
_5820_,generated_datapath,0,0,0,0,,,0.000000,0.000000
_5821_,generated_datapath,0,0,0,0,,,0.000000,0.000000
_5822_,generated_datapath,0,0,0,0,,,0.000000,0.000000
_5823_,generated_datapath,0,0,0,0,,,0.000000,0.000000
_5824_,generated_datapath,0,0,0,0,,,0.000000,0.000000
_5825_,generated_control,0,0,0,0,,,0.000000,0.000000
_5826_,generated_datapath,0,0,0,0,,,0.000000,0.000000
_5827_,unclassified,0,0,0,0,,,0.000000,0.000000
_5828_,generated_control,0,0,0,0,,,0.000000,0.000000
_5829_,generated_datapath,0,0,0,0,,,0.000000,0.000000
_5830_,generated_datapath,0,0,0,0,,,0.000000,0.000000
_5831_,generated_datapath,0,0,0,0,,,0.000000,0.000000
_5832_,generated_control,0,0,0,0,,,0.000000,0.000000
_5833_,generated_control,0,0,0,0,,,0.000000,0.000000
_5834_,generated_control,0,0,0,0,,,0.000000,0.000000
_5835_,generated_control,0,0,0,0,,,0.000000,0.000000
_5836_,fetch,0,0,0,0,,,0.000000,0.000000
_5838_,generated_control,0,0,0,0,,,0.000000,0.000000
_5839_,generated_datapath,0,0,0,0,,,0.000000,0.000000
_5840_,generated_control,0,0,0,0,,,0.000000,0.000000
_5841_,unclassified,0,0,0,0,,,0.000000,0.000000
_5842_,generated_datapath,0,0,0,0,,,0.000000,0.000000
_5845_,generated_control,0,0,0,0,,,0.000000,0.000000
_5846_,generated_control,0,0,0,0,,,0.000000,0.000000
_5847_,generated_control,0,0,0,0,,,0.000000,0.000000
_5848_,generated_control,0,0,0,0,,,0.000000,0.000000
_5849_,generated_control,0,0,0,0,,,0.000000,0.000000
_5850_,generated_control,0,0,0,0,,,0.000000,0.000000
_5851_,generated_control,0,0,0,0,,,0.000000,0.000000
_5852_,generated_control,0,0,0,0,,,0.000000,0.000000
_5853_,generated_control,1,0,0,0,5.314500,,0.158366,0.074900
_5854_,generated_control,1,0,0,0,5.314500,,0.158366,0.074900
_5855_,generated_control,1,0,0,0,5.314500,,0.158366,0.074900
_5856_,generated_control,0,0,0,0,,,0.000000,0.000000
_5857_,generated_datapath,1,0,0,0,5.314500,,0.158366,0.074900
_5858_,generated_datapath,1,0,0,0,5.314500,,0.158366,0.074900
_5859_,generated_datapath,1,0,0,0,5.314500,,0.158366,0.074900
_5860_,generated_control,1,0,0,0,5.314500,,0.158366,0.074900
_5861_,generated_control,0,0,0,0,,,0.000000,0.000000
_5862_,generated_datapath,0,0,0,0,,,0.000000,0.000000
_5864_,generated_datapath,0,0,0,0,,,0.000000,0.000000
_5870_,generated_control,0,0,0,0,,,0.000000,0.000000
_5873_,generated_control,0,0,0,0,,,0.000000,0.000000
_5876_,generated_control,0,0,0,0,,,0.000000,0.000000
_5877_,generated_control,0,0,0,0,,,0.000000,0.000000
_5882_,generated_control,0,0,0,0,,,0.000000,0.000000
_5883_,generated_control,0,0,0,0,,,0.000000,0.000000
_5886_,generated_control,0,0,0,0,,,0.000000,0.000000
_5887_,generated_control,0,0,0,0,,,0.000000,0.000000
_5888_,generated_control,0,0,0,0,,,0.000000,0.000000
_5889_,generated_control,0,0,0,0,,,0.000000,0.000000
_5890_,generated_control,0,0,0,0,,,0.000000,0.000000
_5892_,generated_control,0,0,0,0,,,0.000000,0.000000
_5893_,generated_datapath,0,0,0,0,,,0.000000,0.000000
_5894_,generated_control,0,0,0,0,,,0.000000,0.000000
_5897_,generated_control,0,0,0,0,,,0.000000,0.000000
_5899_,unclassified,0,0,0,0,,,0.000000,0.000000
_5900_,generated_datapath,0,0,0,0,,,0.000000,0.000000
_5901_,generated_control,0,0,0,0,,,0.000000,0.000000
_5902_,generated_control,0,0,0,0,,,0.000000,0.000000
_5903_,generated_control,0,0,0,0,,,0.000000,0.000000
_5904_,generated_datapath,0,0,0,0,,,0.000000,0.000000
_5905_,generated_control,0,0,0,0,,,0.000000,0.000000
_5906_,generated_datapath,0,0,0,0,,,0.000000,0.000000
_5907_,generated_control,0,0,0,0,,,0.000000,0.000000
_5908_,generated_control,0,0,0,0,,,0.000000,0.000000
_5909_,generated_control,0,0,0,0,,,0.000000,0.000000
_5910_,generated_control,0,0,0,0,,,0.000000,0.000000
_5911_,generated_control,0,0,0,0,,,0.000000,0.000000
_5912_,generated_control,0,0,0,0,,,0.000000,0.000000
_5913_,generated_control,0,0,0,0,,,0.000000,0.000000
_5914_,generated_control,0,0,0,0,,,0.000000,0.000000
_5915_,generated_control,0,0,0,0,,,0.000000,0.000000
_5916_,generated_control,0,0,0,0,,,0.000000,0.000000
_5917_,generated_control,0,0,0,0,,,0.000000,0.000000
_5919_,generated_control,0,0,0,0,,,0.000000,0.000000
_5920_,generated_control,0,0,0,0,,,0.000000,0.000000
_5921_,generated_datapath,0,0,0,0,,,0.000000,0.000000
_5922_,generated_datapath,0,0,0,0,,,0.000000,0.000000
_5923_,generated_datapath,0,0,0,0,,,0.000000,0.000000
_5925_,generated_control,0,0,0,0,,,0.000000,0.000000
_5926_,generated_datapath,0,0,0,0,,,0.000000,0.000000
_5927_,generated_control,0,0,0,0,,,0.000000,0.000000
_5930_,generated_control,0,0,0,0,,,0.000000,0.000000
_5931_,generated_control,0,0,0,0,,,0.000000,0.000000
_5932_,generated_control,0,0,0,0,,,0.000000,0.000000
_5933_,generated_control,0,0,0,0,,,0.000000,0.000000
_5935_,generated_control,0,0,0,0,,,0.000000,0.000000
_5936_,generated_control,0,0,0,0,,,0.000000,0.000000
_5937_,generated_control,0,0,0,0,,,0.000000,0.000000
_5940_,generated_control,0,0,0,0,,,0.000000,0.000000
_5941_,generated_control,1,0,0,0,5.588500,,0.151780,0.071785
_5942_,generated_control,1,0,0,0,5.588500,,0.151780,0.071785
_5943_,generated_control,1,0,0,0,5.588500,,0.151780,0.071785
_5944_,generated_control,0,0,0,0,,,0.000000,0.000000
_5945_,generated_datapath,1,0,0,0,5.588500,,0.151780,0.071785
_5946_,generated_datapath,1,0,0,0,5.588500,,0.151780,0.071785
_5947_,unclassified,1,0,0,0,5.588500,,0.151780,0.071785
_5948_,generated_datapath,0,0,0,0,,,0.000000,0.000000
_5950_,generated_control,0,0,0,0,,,0.000000,0.000000
_5954_,generated_control,0,0,0,0,,,0.000000,0.000000
_5957_,generated_control,0,0,0,0,,,0.000000,0.000000
_5958_,generated_control,1,0,0,0,5.594600,,0.151639,0.071719
_5959_,generated_control,1,0,0,0,5.594600,,0.151639,0.071719
_5962_,generated_control,0,0,0,0,,,0.000000,0.000000
_5965_,generated_control,0,0,0,0,,,0.000000,0.000000
_5968_,generated_control,0,0,0,0,,,0.000000,0.000000
_5971_,generated_control,0,0,0,0,,,0.000000,0.000000
_5974_,generated_control,0,0,0,0,,,0.000000,0.000000
_5975_,generated_control,1,0,0,0,5.594600,,0.151639,0.071719
_5976_,generated_control,1,0,0,0,5.594600,,0.151639,0.071719
_5977_,generated_datapath,1,0,0,0,5.594600,,0.151639,0.071719
_5978_,generated_control,0,0,0,0,,,0.000000,0.000000
_5982_,generated_control,0,0,0,0,,,0.000000,0.000000
_5983_,generated_datapath,0,0,0,0,,,0.000000,0.000000
_5984_,generated_control,0,0,0,0,,,0.000000,0.000000
_5986_,generated_control,0,0,0,0,,,0.000000,0.000000
_5987_,generated_datapath,0,0,0,0,,,0.000000,0.000000
_5989_,generated_datapath,0,0,0,0,,,0.000000,0.000000
_5990_,generated_datapath,1,0,0,0,5.594600,,0.151639,0.071719
_5995_,generated_control,0,0,0,0,,,0.000000,0.000000
_5996_,generated_control,0,0,0,0,,,0.000000,0.000000
_5999_,generated_control,0,0,0,0,,,0.000000,0.000000
_6002_,generated_control,0,0,0,0,,,0.000000,0.000000
_6005_,generated_control,0,0,0,0,,,0.000000,0.000000
_6006_,generated_control,0,0,0,0,,,0.000000,0.000000
_6009_,generated_control,0,0,0,0,,,0.000000,0.000000
_6012_,generated_control,0,0,0,0,,,0.000000,0.000000
_6013_,generated_control,1,0,0,0,5.617800,,0.151108,0.071468
_6014_,generated_control,1,0,0,0,5.617800,,0.151108,0.071468
_6015_,generated_control,1,0,0,0,5.617800,,0.151108,0.071468
_6016_,generated_control,1,0,0,0,5.617800,,0.151108,0.071468
_6017_,generated_datapath,1,0,0,0,5.617800,,0.151108,0.071468
_6018_,generated_control,0,0,0,0,,,0.000000,0.000000
_6019_,generated_datapath,0,0,0,0,,,0.000000,0.000000
_6020_,generated_datapath,0,0,0,0,,,0.000000,0.000000
_6021_,generated_datapath,0,0,0,0,,,0.000000,0.000000
_6022_,generated_datapath,0,0,0,0,,,0.000000,0.000000
_6023_,generated_datapath,0,0,0,0,,,0.000000,0.000000
_6024_,generated_control,0,0,0,0,,,0.000000,0.000000
_6026_,generated_control,0,0,0,0,,,0.000000,0.000000
_6027_,generated_datapath,0,0,0,0,,,0.000000,0.000000
_6028_,generated_control,0,0,0,0,,,0.000000,0.000000
_6029_,generated_datapath,0,0,0,0,,,0.000000,0.000000
_6030_,generated_datapath,0,0,0,0,,,0.000000,0.000000
_6031_,generated_datapath,1,0,0,0,5.617800,,0.151108,0.071468
_6032_,generated_datapath,0,0,0,0,,,0.000000,0.000000
_6033_,generated_control,0,0,0,0,,,0.000000,0.000000
_6034_,generated_datapath,0,0,0,0,,,0.000000,0.000000
_6035_,generated_datapath,0,0,0,0,,,0.000000,0.000000
_6036_,generated_datapath,0,0,0,0,,,0.000000,0.000000
_6037_,generated_control,0,0,0,0,,,0.000000,0.000000
_6038_,generated_control,0,0,0,0,,,0.000000,0.000000
_6039_,generated_control,0,0,0,0,,,0.000000,0.000000
_6040_,generated_control,0,0,0,0,,,0.000000,0.000000
_6041_,generated_control,0,0,0,0,,,0.000000,0.000000
_6042_,generated_control,0,0,0,0,,,0.000000,0.000000
_6043_,generated_control,0,0,0,0,,,0.000000,0.000000
_6044_,generated_control,0,0,0,0,,,0.000000,0.000000
_6045_,generated_control,1,0,0,0,5.626000,,0.150921,0.071379
_6046_,generated_control,1,0,0,0,5.626000,,0.150921,0.071379
_6047_,generated_control,1,0,0,0,5.626000,,0.150921,0.071379
_6048_,generated_control,1,0,0,0,5.626000,,0.150921,0.071379
_6049_,generated_datapath,1,0,0,0,5.626000,,0.150921,0.071379
_6050_,generated_control,0,0,0,0,,,0.000000,0.000000
_6051_,generated_datapath,0,0,0,0,,,0.000000,0.000000
_6052_,generated_control,0,0,0,0,,,0.000000,0.000000
_6053_,generated_control,0,0,0,0,,,0.000000,0.000000
_6054_,generated_datapath,0,0,0,0,,,0.000000,0.000000
_6055_,generated_datapath,0,0,0,0,,,0.000000,0.000000
_6056_,generated_datapath,1,0,0,0,5.626000,,0.150921,0.071379
_6057_,generated_datapath,0,0,0,0,,,0.000000,0.000000
_6058_,generated_control,0,0,0,0,,,0.000000,0.000000
_6059_,generated_control,0,0,0,0,,,0.000000,0.000000
_6060_,generated_control,0,0,0,0,,,0.000000,0.000000
_6061_,generated_control,0,0,0,0,,,0.000000,0.000000
_6062_,generated_control,0,0,0,0,,,0.000000,0.000000
_6063_,generated_control,0,0,0,0,,,0.000000,0.000000
_6064_,generated_control,0,0,0,0,,,0.000000,0.000000
_6065_,generated_control,0,0,0,0,,,0.000000,0.000000
_6066_,generated_control,1,0,0,0,5.631000,,0.150807,0.071325
_6067_,generated_control,1,0,0,0,5.631000,,0.150807,0.071325
_6068_,generated_control,1,0,0,0,5.631000,,0.150807,0.071325
_6069_,generated_control,1,0,0,0,5.631000,,0.150807,0.071325
_6070_,generated_datapath,1,0,0,0,5.631000,,0.150807,0.071325
_6072_,generated_control,0,0,0,0,,,0.000000,0.000000
_6073_,generated_control,0,0,0,0,,,0.000000,0.000000
_6075_,generated_control,0,0,0,0,,,0.000000,0.000000
_6076_,generated_control,0,0,0,0,,,0.000000,0.000000
_6077_,generated_datapath,0,0,0,0,,,0.000000,0.000000
_6078_,generated_datapath,1,0,0,0,5.631000,,0.150807,0.071325
_6079_,generated_datapath,0,0,0,0,,,0.000000,0.000000
_6080_,generated_control,0,0,0,0,,,0.000000,0.000000
_6081_,generated_control,0,0,0,0,,,0.000000,0.000000
_6082_,generated_control,0,0,0,0,,,0.000000,0.000000
_6083_,generated_control,0,0,0,0,,,0.000000,0.000000
_6084_,generated_control,0,0,0,0,,,0.000000,0.000000
_6085_,generated_control,0,0,0,0,,,0.000000,0.000000
_6086_,generated_control,0,0,0,0,,,0.000000,0.000000
_6087_,generated_control,0,0,0,0,,,0.000000,0.000000
_6088_,generated_control,0,0,0,0,,,0.000000,0.000000
_6089_,generated_control,0,0,0,0,,,0.000000,0.000000
_6090_,generated_control,0,0,0,0,,,0.000000,0.000000
_6091_,generated_control,0,0,0,0,,,0.000000,0.000000
_6092_,generated_datapath,0,0,0,0,,,0.000000,0.000000
_6093_,generated_control,0,0,0,0,,,0.000000,0.000000
_6094_,generated_control,0,0,0,0,,,0.000000,0.000000
_6095_,generated_control,0,0,0,0,,,0.000000,0.000000
_6096_,generated_control,0,0,0,0,,,0.000000,0.000000
_6097_,generated_datapath,0,0,0,0,,,0.000000,0.000000
_6098_,generated_datapath,0,0,0,0,,,0.000000,0.000000
_6099_,generated_datapath,0,0,0,0,,,0.000000,0.000000
_6100_,generated_datapath,0,0,0,0,,,0.000000,0.000000
_6101_,generated_datapath,0,0,0,0,,,0.000000,0.000000
_6102_,generated_control,0,0,0,0,,,0.000000,0.000000
_6103_,generated_control,0,0,0,0,,,0.000000,0.000000
_6104_,generated_control,0,0,0,0,,,0.000000,0.000000
_6105_,generated_control,0,0,0,0,,,0.000000,0.000000
_6106_,generated_control,0,0,0,0,,,0.000000,0.000000
_6107_,generated_control,0,0,0,0,,,0.000000,0.000000
_6108_,generated_control,0,0,0,0,,,0.000000,0.000000
_6109_,generated_datapath,0,0,0,0,,,0.000000,0.000000
_6110_,generated_control,0,0,0,0,,,0.000000,0.000000
_6111_,generated_control,0,0,0,0,,,0.000000,0.000000
_6112_,generated_control,0,0,0,0,,,0.000000,0.000000
_6113_,generated_control,0,0,0,0,,,0.000000,0.000000
_6114_,generated_control,0,0,0,0,,,0.000000,0.000000
_6115_,generated_control,0,0,0,0,,,0.000000,0.000000
_6116_,generated_control,0,0,0,0,,,0.000000,0.000000
_6117_,generated_control,0,0,0,0,,,0.000000,0.000000
_6118_,generated_control,0,0,0,0,,,0.000000,0.000000
_6119_,generated_control,0,0,0,0,,,0.000000,0.000000
_6120_,generated_control,0,0,0,0,,,0.000000,0.000000
_6121_,generated_control,0,0,0,0,,,0.000000,0.000000
_6122_,generated_datapath,0,0,0,0,,,0.000000,0.000000
_6123_,generated_control,0,0,0,0,,,0.000000,0.000000
_6124_,generated_datapath,0,0,0,0,,,0.000000,0.000000
_6125_,generated_control,0,0,0,0,,,0.000000,0.000000
_6126_,generated_datapath,0,0,0,0,,,0.000000,0.000000
_6127_,generated_control,0,0,0,0,,,0.000000,0.000000
_6128_,generated_control,0,0,0,0,,,0.000000,0.000000
_6129_,generated_control,0,0,0,0,,,0.000000,0.000000
_6130_,generated_control,0,0,0,0,,,0.000000,0.000000
_6131_,generated_control,0,0,0,0,,,0.000000,0.000000
_6132_,generated_control,0,0,0,0,,,0.000000,0.000000
_6133_,generated_control,0,0,0,0,,,0.000000,0.000000
_6134_,generated_control,0,0,0,0,,,0.000000,0.000000
_6135_,generated_control,0,0,0,0,,,0.000000,0.000000
_6136_,generated_control,0,0,0,0,,,0.000000,0.000000
_6137_,generated_control,0,0,0,0,,,0.000000,0.000000
_6138_,generated_control,0,0,0,0,,,0.000000,0.000000
_6139_,generated_datapath,0,0,0,0,,,0.000000,0.000000
_6140_,generated_control,0,0,0,0,,,0.000000,0.000000
_6141_,generated_datapath,0,0,0,0,,,0.000000,0.000000
_6142_,unclassified,0,0,0,0,,,0.000000,0.000000
_6143_,generated_datapath,0,0,0,0,,,0.000000,0.000000
_6144_,generated_datapath,0,0,0,0,,,0.000000,0.000000
_6145_,generated_control,0,0,0,0,,,0.000000,0.000000
_6146_,generated_datapath,0,0,0,0,,,0.000000,0.000000
_6147_,generated_datapath,0,0,0,0,,,0.000000,0.000000
_6148_,generated_control,0,0,0,0,,,0.000000,0.000000
_6149_,generated_control,0,0,0,0,,,0.000000,0.000000
_6150_,generated_control,0,0,0,0,,,0.000000,0.000000
_6151_,generated_control,0,0,0,0,,,0.000000,0.000000
_6152_,generated_datapath,0,0,0,0,,,0.000000,0.000000
_6153_,generated_datapath,0,0,0,0,,,0.000000,0.000000
_6154_,generated_datapath,0,0,0,0,,,0.000000,0.000000
_6155_,generated_control,0,0,0,0,,,0.000000,0.000000
_6156_,generated_control,0,0,0,0,,,0.000000,0.000000
_6157_,generated_control,0,0,0,0,,,0.000000,0.000000
_6158_,generated_control,0,0,0,0,,,0.000000,0.000000
_6160_,generated_datapath,0,0,0,0,,,0.000000,0.000000
_6161_,generated_control,0,0,0,0,,,0.000000,0.000000
_6162_,generated_control,0,0,0,0,,,0.000000,0.000000
_6163_,generated_control,0,0,0,0,,,0.000000,0.000000
_6164_,generated_control,0,0,0,0,,,0.000000,0.000000
_6165_,generated_control,0,0,0,0,,,0.000000,0.000000
_6166_,generated_control,0,0,0,0,,,0.000000,0.000000
_6167_,generated_control,0,0,0,0,,,0.000000,0.000000
_6168_,generated_control,0,0,0,0,,,0.000000,0.000000
_6169_,generated_control,0,0,0,0,,,0.000000,0.000000
_6170_,generated_control,0,0,0,0,,,0.000000,0.000000
_6171_,generated_control,0,0,0,0,,,0.000000,0.000000
_6172_,generated_control,0,0,0,0,,,0.000000,0.000000
_6173_,generated_datapath,0,0,0,0,,,0.000000,0.000000
_6174_,generated_control,0,0,0,0,,,0.000000,0.000000
_6175_,generated_datapath,0,0,0,0,,,0.000000,0.000000
_6176_,generated_datapath,0,0,0,0,,,0.000000,0.000000
_6177_,generated_control,0,0,0,0,,,0.000000,0.000000
_6178_,generated_datapath,0,0,0,0,,,0.000000,0.000000
_6179_,generated_control,0,0,0,0,,,0.000000,0.000000
_6180_,generated_control,0,0,0,0,,,0.000000,0.000000
_6181_,generated_control,0,0,0,0,,,0.000000,0.000000
_6182_,generated_control,0,0,0,0,,,0.000000,0.000000
_6183_,generated_control,0,0,0,0,,,0.000000,0.000000
_6184_,generated_control,0,0,0,0,,,0.000000,0.000000
_6185_,generated_control,0,0,0,0,,,0.000000,0.000000
_6186_,generated_control,0,0,0,0,,,0.000000,0.000000
_6187_,generated_control,0,0,0,0,,,0.000000,0.000000
_6188_,generated_control,0,0,0,0,,,0.000000,0.000000
_6189_,generated_control,0,0,0,0,,,0.000000,0.000000
_6190_,generated_control,0,0,0,0,,,0.000000,0.000000
_6191_,generated_datapath,0,0,0,0,,,0.000000,0.000000
_6192_,generated_control,0,0,0,0,,,0.000000,0.000000
_6193_,generated_control,0,0,0,0,,,0.000000,0.000000
_6194_,generated_control,0,0,0,0,,,0.000000,0.000000
_6195_,generated_control,0,0,0,0,,,0.000000,0.000000
_6196_,generated_datapath,0,0,0,0,,,0.000000,0.000000
_6197_,generated_datapath,0,0,0,0,,,0.000000,0.000000
_6198_,generated_control,0,0,0,0,,,0.000000,0.000000
_6199_,generated_datapath,0,0,0,0,,,0.000000,0.000000
_6200_,generated_datapath,0,0,0,0,,,0.000000,0.000000
_6201_,generated_datapath,0,0,0,0,,,0.000000,0.000000
_6202_,generated_control,0,0,0,0,,,0.000000,0.000000
_6203_,generated_control,0,0,0,0,,,0.000000,0.000000
_6204_,generated_control,0,0,0,0,,,0.000000,0.000000
_6205_,generated_control,0,0,0,0,,,0.000000,0.000000
_6206_,generated_datapath,0,0,0,0,,,0.000000,0.000000
_6207_,generated_control,0,0,0,0,,,0.000000,0.000000
_6208_,generated_control,0,0,0,0,,,0.000000,0.000000
_6209_,generated_control,0,0,0,0,,,0.000000,0.000000
_6210_,generated_control,0,0,0,0,,,0.000000,0.000000
_6211_,generated_control,0,0,0,0,,,0.000000,0.000000
_6212_,generated_control,0,0,0,0,,,0.000000,0.000000
_6213_,generated_control,0,0,0,0,,,0.000000,0.000000
_6214_,generated_control,0,0,0,0,,,0.000000,0.000000
_6215_,generated_control,1,0,0,0,5.628400,,0.150866,0.071353
_6216_,generated_control,1,0,0,0,5.628400,,0.150866,0.071353
_6217_,generated_control,1,0,0,0,5.628400,,0.150866,0.071353
_6218_,generated_control,0,0,0,0,,,0.000000,0.000000
_6219_,generated_datapath,1,0,0,0,5.628400,,0.150866,0.071353
_6220_,generated_control,1,0,0,0,5.628400,,0.150866,0.071353
_6221_,generated_datapath,1,0,0,0,5.628400,,0.150866,0.071353
_6222_,generated_control,0,0,0,0,,,0.000000,0.000000
_6223_,generated_control,0,0,0,0,,,0.000000,0.000000
_6224_,generated_control,0,0,0,0,,,0.000000,0.000000
_6225_,generated_control,0,0,0,0,,,0.000000,0.000000
_6226_,generated_control,0,0,0,0,,,0.000000,0.000000
_6227_,generated_control,0,0,0,0,,,0.000000,0.000000
_6228_,generated_control,0,0,0,0,,,0.000000,0.000000
_6229_,generated_control,0,0,0,0,,,0.000000,0.000000
_6230_,generated_control,1,0,0,0,5.572700,,0.152144,0.071958
_6231_,generated_control,1,0,0,0,5.572700,,0.152144,0.071958
_6232_,generated_control,1,0,0,0,5.572700,,0.152144,0.071958
_6233_,generated_control,1,0,0,0,5.572700,,0.152144,0.071958
_6234_,generated_datapath,1,0,0,0,5.572700,,0.152144,0.071958
_6235_,generated_control,0,0,0,0,,,0.000000,0.000000
_6236_,generated_control,0,0,0,0,,,0.000000,0.000000
_6237_,generated_control,0,0,0,0,,,0.000000,0.000000
_6238_,generated_control,0,0,0,0,,,0.000000,0.000000
_6239_,generated_datapath,0,0,0,0,,,0.000000,0.000000
_6240_,generated_datapath,0,0,0,0,,,0.000000,0.000000
_6241_,generated_control,0,0,0,0,,,0.000000,0.000000
_6242_,generated_datapath,0,0,0,0,,,0.000000,0.000000
_6243_,generated_datapath,1,0,0,0,5.572700,,0.152144,0.071958
_6244_,generated_datapath,0,0,0,0,,,0.000000,0.000000
_6245_,generated_control,0,0,0,0,,,0.000000,0.000000
_6246_,generated_control,0,0,0,0,,,0.000000,0.000000
_6247_,generated_control,0,0,0,0,,,0.000000,0.000000
_6248_,generated_control,0,0,0,0,,,0.000000,0.000000
_6249_,generated_control,0,0,0,0,,,0.000000,0.000000
_6250_,generated_control,0,0,0,0,,,0.000000,0.000000
_6251_,generated_control,0,0,0,0,,,0.000000,0.000000
_6252_,generated_control,0,0,0,0,,,0.000000,0.000000
_6253_,generated_control,0,0,0,0,,,0.000000,0.000000
_6254_,generated_control,0,0,0,0,,,0.000000,0.000000
_6255_,generated_control,0,0,0,0,,,0.000000,0.000000
_6256_,generated_control,0,0,0,0,,,0.000000,0.000000
_6257_,generated_datapath,0,0,0,0,,,0.000000,0.000000
_6258_,generated_control,0,0,0,0,,,0.000000,0.000000
_6259_,generated_control,0,0,0,0,,,0.000000,0.000000
_6260_,generated_control,0,0,0,0,,,0.000000,0.000000
_6261_,generated_control,0,0,0,0,,,0.000000,0.000000
_6262_,generated_datapath,0,0,0,0,,,0.000000,0.000000
_6263_,generated_datapath,0,0,0,0,,,0.000000,0.000000
_6264_,generated_control,0,0,0,0,,,0.000000,0.000000
_6265_,generated_control,0,0,0,0,,,0.000000,0.000000
_6266_,generated_control,0,0,0,0,,,0.000000,0.000000
_6267_,generated_datapath,0,0,0,0,,,0.000000,0.000000
_6268_,generated_control,0,0,0,0,,,0.000000,0.000000
_6269_,generated_control,0,0,0,0,,,0.000000,0.000000
_6270_,generated_control,0,0,0,0,,,0.000000,0.000000
_6271_,generated_control,0,0,0,0,,,0.000000,0.000000
_6272_,generated_control,0,0,0,0,,,0.000000,0.000000
_6273_,generated_control,0,0,0,0,,,0.000000,0.000000
_6274_,generated_control,0,0,0,0,,,0.000000,0.000000
_6275_,generated_control,0,0,0,0,,,0.000000,0.000000
_6276_,generated_control,0,0,0,0,,,0.000000,0.000000
_6277_,generated_control,0,0,0,0,,,0.000000,0.000000
_6278_,generated_control,0,0,0,0,,,0.000000,0.000000
_6279_,generated_control,0,0,0,0,,,0.000000,0.000000
_6280_,generated_datapath,0,0,0,0,,,0.000000,0.000000
_6281_,generated_control,0,0,0,0,,,0.000000,0.000000
_6282_,generated_control,0,0,0,0,,,0.000000,0.000000
_6283_,generated_control,0,0,0,0,,,0.000000,0.000000
_6284_,generated_control,0,0,0,0,,,0.000000,0.000000
_6285_,generated_control,0,0,0,0,,,0.000000,0.000000
_6286_,generated_datapath,0,0,0,0,,,0.000000,0.000000
_6287_,unclassified,0,0,0,0,,,0.000000,0.000000
_6288_,generated_datapath,0,0,0,0,,,0.000000,0.000000
_6289_,generated_control,0,0,0,0,,,0.000000,0.000000
_6290_,generated_datapath,0,0,0,0,,,0.000000,0.000000
_6291_,generated_datapath,0,0,0,0,,,0.000000,0.000000
_6292_,generated_control,0,0,0,0,,,0.000000,0.000000
_6293_,generated_control,0,0,0,0,,,0.000000,0.000000
_6294_,generated_control,0,0,0,0,,,0.000000,0.000000
_6295_,generated_control,0,0,0,0,,,0.000000,0.000000
_6296_,generated_control,0,0,0,0,,,0.000000,0.000000
_6297_,generated_control,0,0,0,0,,,0.000000,0.000000
_6298_,generated_control,0,0,0,0,,,0.000000,0.000000
_6299_,generated_control,0,0,0,0,,,0.000000,0.000000
_6300_,generated_control,1,0,0,0,5.588800,,0.151773,0.071782
_6301_,generated_control,1,0,0,0,5.588800,,0.151773,0.071782
_6302_,generated_control,1,0,0,0,5.588800,,0.151773,0.071782
_6303_,generated_control,1,0,0,0,5.588800,,0.151773,0.071782
_6304_,generated_datapath,1,0,0,0,5.588800,,0.151773,0.071782
_6305_,generated_control,0,0,0,0,,,0.000000,0.000000
_6306_,generated_control,0,0,0,0,,,0.000000,0.000000
_6307_,generated_control,0,0,0,0,,,0.000000,0.000000
_6308_,generated_control,0,0,0,0,,,0.000000,0.000000
_6309_,generated_datapath,0,0,0,0,,,0.000000,0.000000
_6310_,generated_datapath,1,0,0,0,5.588800,,0.151773,0.071782
_6311_,generated_datapath,0,0,0,0,,,0.000000,0.000000
_6312_,generated_control,0,0,0,0,,,0.000000,0.000000
_6313_,generated_datapath,0,0,0,0,,,0.000000,0.000000
_6314_,generated_control,0,0,0,0,,,0.000000,0.000000
_6315_,generated_control,0,0,0,0,,,0.000000,0.000000
_6316_,generated_control,0,0,0,0,,,0.000000,0.000000
_6317_,generated_control,0,0,0,0,,,0.000000,0.000000
_6318_,generated_control,0,0,0,0,,,0.000000,0.000000
_6319_,generated_control,0,0,0,0,,,0.000000,0.000000
_6320_,generated_control,0,0,0,0,,,0.000000,0.000000
_6321_,generated_control,0,0,0,0,,,0.000000,0.000000
_6322_,generated_control,1,0,0,0,5.560600,,0.152425,0.072091
_6323_,generated_control,1,0,0,0,5.560600,,0.152425,0.072091
_6324_,generated_control,1,0,0,0,5.560600,,0.152425,0.072091
_6325_,generated_control,1,0,0,0,5.560600,,0.152425,0.072091
_6326_,generated_datapath,1,0,0,0,5.560600,,0.152425,0.072091
_6327_,generated_control,0,0,0,0,,,0.000000,0.000000
_6328_,generated_control,0,0,0,0,,,0.000000,0.000000
_6329_,generated_control,0,0,0,0,,,0.000000,0.000000
_6330_,generated_control,0,0,0,0,,,0.000000,0.000000
_6331_,generated_datapath,0,0,0,0,,,0.000000,0.000000
_6332_,generated_datapath,1,0,0,0,5.560600,,0.152425,0.072091
_6333_,generated_control,0,0,0,0,,,0.000000,0.000000
_6334_,generated_control,0,0,0,0,,,0.000000,0.000000
_6335_,generated_control,0,0,0,0,,,0.000000,0.000000
_6336_,generated_control,0,0,0,0,,,0.000000,0.000000
_6337_,generated_control,0,0,0,0,,,0.000000,0.000000
_6338_,generated_control,0,0,0,0,,,0.000000,0.000000
_6339_,generated_control,0,0,0,0,,,0.000000,0.000000
_6340_,generated_control,0,0,0,0,,,0.000000,0.000000
_6341_,generated_control,0,0,0,0,,,0.000000,0.000000
_6342_,generated_control,0,0,0,0,,,0.000000,0.000000
_6343_,generated_control,0,0,0,0,,,0.000000,0.000000
_6344_,generated_control,0,0,0,0,,,0.000000,0.000000
_6345_,generated_control,0,0,0,0,,,0.000000,0.000000
_6346_,generated_datapath,0,0,0,0,,,0.000000,0.000000
_6347_,generated_control,0,0,0,0,,,0.000000,0.000000
_6348_,generated_control,0,0,0,0,,,0.000000,0.000000
_6349_,generated_control,0,0,0,0,,,0.000000,0.000000
_6350_,generated_control,0,0,0,0,,,0.000000,0.000000
_6352_,generated_datapath,0,0,0,0,,,0.000000,0.000000
_6353_,generated_datapath,0,0,0,0,,,0.000000,0.000000
_6354_,unclassified,0,0,0,0,,,0.000000,0.000000
_6355_,generated_control,0,0,0,0,,,0.000000,0.000000
_6356_,generated_control,0,0,0,0,,,0.000000,0.000000
_6357_,generated_control,0,0,0,0,,,0.000000,0.000000
_6358_,generated_control,0,0,0,0,,,0.000000,0.000000
_6359_,generated_control,0,0,0,0,,,0.000000,0.000000
_6360_,generated_control,0,0,0,0,,,0.000000,0.000000
_6361_,generated_control,0,0,0,0,,,0.000000,0.000000
_6362_,generated_control,0,0,0,0,,,0.000000,0.000000
_6363_,generated_control,0,0,0,0,,,0.000000,0.000000
_6364_,generated_control,0,0,0,0,,,0.000000,0.000000
_6365_,generated_control,0,0,0,0,,,0.000000,0.000000
_6366_,generated_control,0,0,0,0,,,0.000000,0.000000
_6367_,generated_control,0,0,0,0,,,0.000000,0.000000
_6368_,generated_datapath,0,0,0,0,,,0.000000,0.000000
_6369_,generated_control,0,0,0,0,,,0.000000,0.000000
_6370_,generated_control,0,0,0,0,,,0.000000,0.000000
_6371_,generated_control,0,0,0,0,,,0.000000,0.000000
_6372_,generated_control,0,0,0,0,,,0.000000,0.000000
_6373_,generated_control,0,0,0,0,,,0.000000,0.000000
_6374_,generated_datapath,0,0,0,0,,,0.000000,0.000000
_6375_,unclassified,0,0,0,0,,,0.000000,0.000000
_6376_,generated_control,0,0,0,0,,,0.000000,0.000000
_6377_,generated_control,0,0,0,0,,,0.000000,0.000000
_6378_,generated_datapath,0,0,0,0,,,0.000000,0.000000
_6379_,generated_control,0,0,0,0,,,0.000000,0.000000
_6380_,generated_datapath,0,0,0,0,,,0.000000,0.000000
_6381_,generated_datapath,0,0,0,0,,,0.000000,0.000000
_6382_,generated_control,0,0,0,0,,,0.000000,0.000000
_6383_,generated_control,0,0,0,0,,,0.000000,0.000000
_6384_,generated_control,0,0,0,0,,,0.000000,0.000000
_6385_,generated_control,0,0,0,0,,,0.000000,0.000000
_6386_,generated_control,0,0,0,0,,,0.000000,0.000000
_6387_,generated_control,0,0,0,0,,,0.000000,0.000000
_6388_,generated_control,0,0,0,0,,,0.000000,0.000000
_6389_,generated_control,0,0,0,0,,,0.000000,0.000000
_6390_,generated_control,1,0,0,0,5.482900,,0.154252,0.072955
_6391_,generated_control,1,0,0,0,5.482900,,0.154252,0.072955
_6392_,generated_control,1,0,0,0,5.482900,,0.154252,0.072955
_6393_,generated_control,1,0,0,0,5.482900,,0.154252,0.072955
_6394_,generated_datapath,1,0,0,0,5.482900,,0.154252,0.072955
_6395_,generated_control,0,0,0,0,,,0.000000,0.000000
_6396_,generated_control,0,0,0,0,,,0.000000,0.000000
_6397_,generated_control,0,0,0,0,,,0.000000,0.000000
_6398_,generated_control,0,0,0,0,,,0.000000,0.000000
_6399_,generated_datapath,0,0,0,0,,,0.000000,0.000000
_6400_,generated_datapath,1,0,0,0,5.482900,,0.154252,0.072955
_6401_,generated_datapath,0,0,0,0,,,0.000000,0.000000
_6402_,generated_datapath,0,0,0,0,,,0.000000,0.000000
_6403_,generated_datapath,0,0,0,0,,,0.000000,0.000000
_6404_,generated_datapath,0,0,0,0,,,0.000000,0.000000
_6405_,generated_datapath,0,0,0,0,,,0.000000,0.000000
_6406_,generated_control,0,0,0,0,,,0.000000,0.000000
_6407_,generated_control,0,0,0,0,,,0.000000,0.000000
_6408_,generated_control,0,0,0,0,,,0.000000,0.000000
_6409_,generated_control,0,0,0,0,,,0.000000,0.000000
_6410_,generated_control,0,0,0,0,,,0.000000,0.000000
_6411_,generated_control,0,0,0,0,,,0.000000,0.000000
_6412_,generated_control,0,0,0,0,,,0.000000,0.000000
_6413_,generated_control,0,0,0,0,,,0.000000,0.000000
_6414_,generated_control,1,0,0,0,5.498800,,0.153875,0.072776
_6415_,generated_control,1,0,0,0,5.498800,,0.153875,0.072776
_6416_,generated_control,1,0,0,0,5.498800,,0.153875,0.072776
_6417_,generated_control,1,0,0,0,5.498800,,0.153875,0.072776
_6418_,generated_datapath,1,0,0,0,5.498800,,0.153875,0.072776
_6419_,generated_control,0,0,0,0,,,0.000000,0.000000
_6420_,generated_control,0,0,0,0,,,0.000000,0.000000
_6421_,generated_control,0,0,0,0,,,0.000000,0.000000
_6422_,generated_control,0,0,0,0,,,0.000000,0.000000
_6423_,generated_datapath,0,0,0,0,,,0.000000,0.000000
_6424_,generated_datapath,1,0,0,0,5.498800,,0.153875,0.072776
_6425_,generated_control,0,0,0,0,,,0.000000,0.000000
_6426_,generated_control,0,0,0,0,,,0.000000,0.000000
_6427_,generated_control,0,0,0,0,,,0.000000,0.000000
_6428_,generated_control,0,0,0,0,,,0.000000,0.000000
_6429_,generated_control,0,0,0,0,,,0.000000,0.000000
_6430_,generated_control,0,0,0,0,,,0.000000,0.000000
_6431_,generated_control,0,0,0,0,,,0.000000,0.000000
_6432_,generated_control,0,0,0,0,,,0.000000,0.000000
_6433_,generated_control,0,0,0,0,,,0.000000,0.000000
_6434_,generated_control,0,0,0,0,,,0.000000,0.000000
_6435_,generated_control,0,0,0,0,,,0.000000,0.000000
_6436_,generated_control,0,0,0,0,,,0.000000,0.000000
_6437_,generated_datapath,0,0,0,0,,,0.000000,0.000000
_6438_,generated_control,0,0,0,0,,,0.000000,0.000000
_6439_,generated_datapath,0,0,0,0,,,0.000000,0.000000
_6440_,generated_datapath,0,0,0,0,,,0.000000,0.000000
_6441_,generated_control,0,0,0,0,,,0.000000,0.000000
_6442_,generated_datapath,0,0,0,0,,,0.000000,0.000000
_6443_,generated_datapath,0,0,0,0,,,0.000000,0.000000
_6444_,generated_datapath,0,0,0,0,,,0.000000,0.000000
_6445_,generated_control,0,0,0,0,,,0.000000,0.000000
_6446_,generated_control,0,0,0,0,,,0.000000,0.000000
_6447_,generated_control,0,0,0,0,,,0.000000,0.000000
_6448_,generated_control,0,0,0,0,,,0.000000,0.000000
_6449_,generated_control,0,0,0,0,,,0.000000,0.000000
_6450_,generated_control,0,0,0,0,,,0.000000,0.000000
_6451_,generated_control,0,0,0,0,,,0.000000,0.000000
_6452_,generated_control,0,0,0,0,,,0.000000,0.000000
_6453_,generated_control,0,0,0,0,,,0.000000,0.000000
_6454_,generated_control,0,0,0,0,,,0.000000,0.000000
_6455_,generated_control,0,0,0,0,,,0.000000,0.000000
_6456_,generated_control,0,0,0,0,,,0.000000,0.000000
_6457_,generated_datapath,0,0,0,0,,,0.000000,0.000000
_6458_,generated_datapath,0,0,0,0,,,0.000000,0.000000
_6459_,generated_datapath,0,0,0,0,,,0.000000,0.000000
_6460_,generated_control,0,0,0,0,,,0.000000,0.000000
_6461_,generated_datapath,0,0,0,0,,,0.000000,0.000000
_6462_,generated_datapath,0,0,0,0,,,0.000000,0.000000
_6463_,generated_datapath,0,0,0,0,,,0.000000,0.000000
_6464_,generated_control,0,0,0,0,,,0.000000,0.000000
_6465_,generated_control,0,0,0,0,,,0.000000,0.000000
_6466_,generated_control,0,0,0,0,,,0.000000,0.000000
_6467_,generated_control,0,0,0,0,,,0.000000,0.000000
_6468_,generated_control,0,0,0,0,,,0.000000,0.000000
_6469_,generated_control,0,0,0,0,,,0.000000,0.000000
_6470_,generated_control,0,0,0,0,,,0.000000,0.000000
_6471_,generated_control,0,0,0,0,,,0.000000,0.000000
_6472_,generated_control,0,0,0,0,,,0.000000,0.000000
_6473_,generated_control,0,0,0,0,,,0.000000,0.000000
_6474_,generated_control,0,0,0,0,,,0.000000,0.000000
_6475_,generated_control,0,0,0,0,,,0.000000,0.000000
_6476_,generated_datapath,0,0,0,0,,,0.000000,0.000000
_6477_,generated_datapath,0,0,0,0,,,0.000000,0.000000
_6478_,generated_datapath,0,0,0,0,,,0.000000,0.000000
_6479_,generated_control,0,0,0,0,,,0.000000,0.000000
_6480_,generated_datapath,0,0,0,0,,,0.000000,0.000000
_6481_,generated_datapath,0,0,0,0,,,0.000000,0.000000
_6482_,generated_datapath,0,0,0,0,,,0.000000,0.000000
_6483_,generated_control,0,0,0,0,,,0.000000,0.000000
_6484_,generated_control,0,0,0,0,,,0.000000,0.000000
_6485_,generated_control,0,0,0,0,,,0.000000,0.000000
_6486_,generated_control,0,0,0,0,,,0.000000,0.000000
_6487_,generated_control,0,0,0,0,,,0.000000,0.000000
_6488_,generated_control,0,0,0,0,,,0.000000,0.000000
_6489_,generated_control,0,0,0,0,,,0.000000,0.000000
_6490_,generated_control,0,0,0,0,,,0.000000,0.000000
_6491_,generated_control,0,0,0,0,,,0.000000,0.000000
_6492_,generated_control,0,0,0,0,,,0.000000,0.000000
_6493_,generated_control,0,0,0,0,,,0.000000,0.000000
_6494_,generated_control,0,0,0,0,,,0.000000,0.000000
_6495_,generated_datapath,0,0,0,0,,,0.000000,0.000000
_6496_,generated_control,0,0,0,0,,,0.000000,0.000000
_6497_,generated_control,0,0,0,0,,,0.000000,0.000000
_6498_,generated_control,0,0,0,0,,,0.000000,0.000000
_6499_,generated_datapath,0,0,0,0,,,0.000000,0.000000
_6500_,generated_datapath,0,0,0,0,,,0.000000,0.000000
_6501_,generated_datapath,0,0,0,0,,,0.000000,0.000000
_6502_,generated_datapath,0,0,0,0,,,0.000000,0.000000
_6503_,generated_control,0,0,0,0,,,0.000000,0.000000
_6504_,generated_control,0,0,0,0,,,0.000000,0.000000
_6505_,generated_control,0,0,0,0,,,0.000000,0.000000
_6506_,generated_control,0,0,0,0,,,0.000000,0.000000
_6507_,generated_control,0,0,0,0,,,0.000000,0.000000
_6508_,generated_control,0,0,0,0,,,0.000000,0.000000
_6509_,generated_control,0,0,0,0,,,0.000000,0.000000
_6510_,generated_control,0,0,0,0,,,0.000000,0.000000
_6511_,generated_control,0,0,0,0,,,0.000000,0.000000
_6512_,generated_control,0,0,0,0,,,0.000000,0.000000
_6513_,generated_control,0,0,0,0,,,0.000000,0.000000
_6514_,generated_control,0,0,0,0,,,0.000000,0.000000
_6515_,generated_datapath,0,0,0,0,,,0.000000,0.000000
_6517_,generated_control,0,0,0,0,,,0.000000,0.000000
_6518_,generated_control,0,0,0,0,,,0.000000,0.000000
_6519_,generated_datapath,0,0,0,0,,,0.000000,0.000000
_6520_,generated_datapath,0,0,0,0,,,0.000000,0.000000
_6521_,generated_datapath,0,0,0,0,,,0.000000,0.000000
_6522_,generated_datapath,0,0,0,0,,,0.000000,0.000000
_6523_,generated_control,0,0,0,0,,,0.000000,0.000000
_6524_,generated_control,0,0,0,0,,,0.000000,0.000000
_6525_,generated_control,0,0,0,0,,,0.000000,0.000000
_6526_,generated_control,0,0,0,0,,,0.000000,0.000000
_6527_,generated_control,0,0,0,0,,,0.000000,0.000000
_6528_,generated_control,0,0,0,0,,,0.000000,0.000000
_6529_,generated_control,0,0,0,0,,,0.000000,0.000000
_6530_,generated_control,0,0,0,0,,,0.000000,0.000000
_6531_,generated_control,0,0,0,0,,,0.000000,0.000000
_6532_,generated_control,0,0,0,0,,,0.000000,0.000000
_6533_,generated_control,0,0,0,0,,,0.000000,0.000000
_6534_,generated_control,0,0,0,0,,,0.000000,0.000000
_6535_,generated_datapath,0,0,0,0,,,0.000000,0.000000
_6536_,generated_control,0,0,0,0,,,0.000000,0.000000
_6537_,generated_control,0,0,0,0,,,0.000000,0.000000
_6538_,generated_datapath,0,0,0,0,,,0.000000,0.000000
_6539_,generated_datapath,0,0,0,0,,,0.000000,0.000000
_6540_,generated_datapath,0,0,0,0,,,0.000000,0.000000
_6541_,generated_control,0,0,0,0,,,0.000000,0.000000
_6542_,generated_datapath,0,0,0,0,,,0.000000,0.000000
_6543_,generated_control,0,0,0,0,,,0.000000,0.000000
_6544_,generated_control,0,0,0,0,,,0.000000,0.000000
_6545_,generated_control,0,0,0,0,,,0.000000,0.000000
_6546_,generated_control,0,0,0,0,,,0.000000,0.000000
_6547_,generated_control,0,0,0,0,,,0.000000,0.000000
_6548_,generated_control,0,0,0,0,,,0.000000,0.000000
_6549_,generated_control,0,0,0,0,,,0.000000,0.000000
_6550_,generated_control,0,0,0,0,,,0.000000,0.000000
_6551_,generated_control,0,0,0,0,,,0.000000,0.000000
_6552_,generated_control,0,0,0,0,,,0.000000,0.000000
_6553_,generated_control,0,0,0,0,,,0.000000,0.000000
_6554_,generated_control,0,0,0,0,,,0.000000,0.000000
_6555_,generated_control,0,0,0,0,,,0.000000,0.000000
_6556_,generated_datapath,0,0,0,0,,,0.000000,0.000000
_6557_,generated_datapath,0,0,0,0,,,0.000000,0.000000
_6565_,generated_control,0,0,0,0,,,0.000000,0.000000
_6569_,generated_control,0,0,0,0,,,0.000000,0.000000
_6570_,generated_control,0,0,0,0,,,0.000000,0.000000
_6576_,generated_control,0,0,0,0,,,0.000000,0.000000
_6581_,generated_control,0,0,0,0,,,0.000000,0.000000
_6582_,generated_control,0,0,0,0,,,0.000000,0.000000
_6583_,generated_control,0,0,0,0,,,0.000000,0.000000
_6584_,generated_control,0,0,0,0,,,0.000000,0.000000
_6585_,generated_control,0,0,0,0,,,0.000000,0.000000
_6586_,generated_control,0,0,0,0,,,0.000000,0.000000
_6589_,generated_control,0,0,0,0,,,0.000000,0.000000
_6590_,fetch,0,0,0,0,,,0.000000,0.000000
_6591_,decode_control,0,0,0,0,,,0.000000,0.000000
_6592_,decode_control,0,0,0,0,,,0.000000,0.000000
_6593_,generated_control,0,0,0,0,,,0.000000,0.000000
_6594_,generated_control,0,0,0,0,,,0.000000,0.000000
_6596_,fetch,0,0,0,0,,,0.000000,0.000000
_6599_,decode_control,0,0,0,0,,,0.000000,0.000000
_6600_,generated_datapath,0,0,0,0,,,0.000000,0.000000
_6603_,generated_control,0,0,0,0,,,0.000000,0.000000
_6606_,generated_control,0,0,0,0,,,0.000000,0.000000
_6609_,generated_control,0,0,0,0,,,0.000000,0.000000
_6612_,generated_control,0,0,0,0,,,0.000000,0.000000
_6615_,generated_control,0,0,0,0,,,0.000000,0.000000
_6618_,generated_control,0,0,0,0,,,0.000000,0.000000
_6619_,generated_control,0,0,0,0,,,0.000000,0.000000
_6620_,generated_control,0,0,0,0,,,0.000000,0.000000
_6623_,generated_control,0,0,0,0,,,0.000000,0.000000
_6626_,generated_control,0,0,0,0,,,0.000000,0.000000
_6628_,generated_control,0,0,0,0,,,0.000000,0.000000
_6629_,decode_control,0,0,0,0,,,0.000000,0.000000
_6630_,generated_datapath,0,0,0,0,,,0.000000,0.000000
_6631_,generated_control,0,0,0,0,,,0.000000,0.000000
_6632_,generated_control,0,0,0,0,,,0.000000,0.000000
_6633_,generated_control,0,0,0,0,,,0.000000,0.000000
_6634_,generated_control,0,0,0,0,,,0.000000,0.000000
_6635_,generated_control,0,0,0,0,,,0.000000,0.000000
_6636_,generated_control,0,0,0,0,,,0.000000,0.000000
_6637_,generated_control,0,0,0,0,,,0.000000,0.000000
_6638_,generated_control,0,0,0,0,,,0.000000,0.000000
_6639_,generated_control,0,0,0,0,,,0.000000,0.000000
_6640_,generated_control,0,0,0,0,,,0.000000,0.000000
_6641_,generated_control,0,0,0,0,,,0.000000,0.000000
_6642_,decode_control,0,0,0,0,,,0.000000,0.000000
_6643_,generated_datapath,0,0,0,0,,,0.000000,0.000000
_6644_,generated_control,0,0,0,0,,,0.000000,0.000000
_6645_,generated_control,0,0,0,0,,,0.000000,0.000000
_6648_,generated_control,0,0,0,0,,,0.000000,0.000000
_6649_,generated_control,0,0,0,0,,,0.000000,0.000000
_6650_,generated_control,0,0,0,0,,,0.000000,0.000000
_6651_,generated_control,0,0,0,0,,,0.000000,0.000000
_6652_,generated_control,0,0,0,0,,,0.000000,0.000000
_6653_,generated_control,0,0,0,0,,,0.000000,0.000000
_6654_,generated_control,0,0,0,0,,,0.000000,0.000000
_6655_,generated_control,0,0,0,0,,,0.000000,0.000000
_6656_,generated_control,0,0,0,0,,,0.000000,0.000000
_6657_,decode_control,0,0,0,0,,,0.000000,0.000000
_6658_,generated_datapath,0,0,0,0,,,0.000000,0.000000
_6659_,generated_control,0,0,0,0,,,0.000000,0.000000
_6662_,generated_control,0,0,0,0,,,0.000000,0.000000
_6663_,generated_control,0,0,0,0,,,0.000000,0.000000
_6664_,generated_control,0,0,0,0,,,0.000000,0.000000
_6665_,generated_control,0,0,0,0,,,0.000000,0.000000
_6666_,generated_control,0,0,0,0,,,0.000000,0.000000
_6667_,generated_control,0,0,0,0,,,0.000000,0.000000
_6668_,generated_control,0,0,0,0,,,0.000000,0.000000
_6669_,generated_control,0,0,0,0,,,0.000000,0.000000
_6670_,generated_control,0,0,0,0,,,0.000000,0.000000
_6671_,generated_control,0,0,0,0,,,0.000000,0.000000
_6672_,decode_control,0,0,0,0,,,0.000000,0.000000
_6673_,generated_datapath,0,0,0,0,,,0.000000,0.000000
_6674_,generated_control,0,0,0,0,,,0.000000,0.000000
_6675_,generated_control,0,0,0,0,,,0.000000,0.000000
_6676_,generated_control,0,0,0,0,,,0.000000,0.000000
_6677_,generated_control,0,0,0,0,,,0.000000,0.000000
_6678_,generated_control,0,0,0,0,,,0.000000,0.000000
_6679_,generated_control,0,0,0,0,,,0.000000,0.000000
_6680_,generated_control,0,0,0,0,,,0.000000,0.000000
_6681_,generated_control,0,0,0,0,,,0.000000,0.000000
_6684_,generated_control,0,0,0,0,,,0.000000,0.000000
_6687_,generated_control,0,0,0,0,,,0.000000,0.000000
_6688_,generated_control,0,0,0,0,,,0.000000,0.000000
_6689_,decode_control,0,0,0,0,,,0.000000,0.000000
_6690_,generated_datapath,0,0,0,0,,,0.000000,0.000000
_6691_,generated_control,0,0,0,0,,,0.000000,0.000000
_6692_,generated_control,0,0,0,0,,,0.000000,0.000000
_6693_,generated_control,0,0,0,0,,,0.000000,0.000000
_6694_,generated_control,0,0,0,0,,,0.000000,0.000000
_6695_,generated_control,0,0,0,0,,,0.000000,0.000000
_6696_,generated_control,0,0,0,0,,,0.000000,0.000000
_6699_,generated_control,0,0,0,0,,,0.000000,0.000000
_6700_,generated_control,0,0,0,0,,,0.000000,0.000000
_6701_,generated_control,1,0,0,0,5.531500,,0.153104,0.072412
_6702_,generated_control,1,0,0,0,5.531500,,0.153104,0.072412
_6703_,generated_control,1,0,0,0,5.531500,,0.153104,0.072412
_6704_,decode_control,0,0,0,0,,,0.000000,0.000000
_6705_,generated_datapath,1,0,0,0,5.531500,,0.153104,0.072412
_6706_,generated_control,0,0,0,0,,,0.000000,0.000000
_6707_,generated_control,0,0,0,0,,,0.000000,0.000000
_6708_,generated_control,0,0,0,0,,,0.000000,0.000000
_6709_,generated_control,0,0,0,0,,,0.000000,0.000000
_6710_,generated_control,0,0,0,0,,,0.000000,0.000000
_6713_,generated_control,0,0,0,0,,,0.000000,0.000000
_6714_,generated_control,0,0,0,0,,,0.000000,0.000000
_6715_,generated_control,1,0,0,0,5.479000,,0.154345,0.072999
_6716_,generated_control,0,0,0,0,,,0.000000,0.000000
_6717_,generated_control,1,0,0,0,5.479000,,0.154345,0.072999
_6718_,generated_control,1,0,0,0,5.479000,,0.154345,0.072999
_6719_,decode_control,0,0,0,0,,,0.000000,0.000000
_6720_,generated_datapath,1,0,0,0,5.479000,,0.154345,0.072999
_6721_,generated_control,0,0,0,0,,,0.000000,0.000000
_6722_,generated_control,0,0,0,0,,,0.000000,0.000000
_6723_,generated_control,0,0,0,0,,,0.000000,0.000000
_6724_,generated_control,0,0,0,0,,,0.000000,0.000000
_6725_,generated_control,0,0,0,0,,,0.000000,0.000000
_6726_,generated_control,0,0,0,0,,,0.000000,0.000000
_6727_,generated_control,0,0,0,0,,,0.000000,0.000000
_6728_,generated_control,0,0,0,0,,,0.000000,0.000000
_6729_,generated_control,0,0,0,0,,,0.000000,0.000000
_6730_,generated_control,0,0,0,0,,,0.000000,0.000000
_6731_,generated_control,0,0,0,0,,,0.000000,0.000000
_6732_,decode_control,0,0,0,0,,,0.000000,0.000000
_6733_,generated_datapath,0,0,0,0,,,0.000000,0.000000
_6736_,generated_control,0,0,0,0,,,0.000000,0.000000
_6737_,generated_control,0,0,0,0,,,0.000000,0.000000
_6738_,generated_control,0,0,0,0,,,0.000000,0.000000
_6739_,generated_control,0,0,0,0,,,0.000000,0.000000
_6740_,generated_control,0,0,0,0,,,0.000000,0.000000
_6741_,generated_control,0,0,0,0,,,0.000000,0.000000
_6742_,generated_control,1,0,0,0,5.580000,,0.151976,0.071878
_6743_,generated_control,0,0,0,0,,,0.000000,0.000000
_6744_,generated_control,0,0,0,0,,,0.000000,0.000000
_6745_,generated_control,1,0,0,0,5.580000,,0.151976,0.071878
_6746_,generated_control,1,0,0,0,5.580000,,0.151976,0.071878
_6747_,decode_control,0,0,0,0,,,0.000000,0.000000
_6748_,generated_datapath,1,0,0,0,5.580000,,0.151976,0.071878
_6750_,generated_control,0,0,0,0,,,0.000000,0.000000
_6751_,generated_control,0,0,0,0,,,0.000000,0.000000
_6752_,generated_control,0,0,0,0,,,0.000000,0.000000
_6753_,generated_control,0,0,0,0,,,0.000000,0.000000
_6754_,generated_control,0,0,0,0,,,0.000000,0.000000
_6755_,generated_control,0,0,0,0,,,0.000000,0.000000
_6756_,generated_control,0,0,0,0,,,0.000000,0.000000
_6759_,generated_control,0,0,0,0,,,0.000000,0.000000
_6760_,generated_control,0,0,0,0,,,0.000000,0.000000
_6761_,generated_control,0,0,0,0,,,0.000000,0.000000
_6762_,generated_control,0,0,0,0,,,0.000000,0.000000
_6764_,decode_control,0,0,0,0,,,0.000000,0.000000
_6765_,generated_datapath,0,0,0,0,,,0.000000,0.000000
_6766_,generated_control,0,0,0,0,,,0.000000,0.000000
_6767_,generated_control,0,0,0,0,,,0.000000,0.000000
_6768_,generated_control,0,0,0,0,,,0.000000,0.000000
_6771_,generated_control,0,0,0,0,,,0.000000,0.000000
_6774_,generated_control,0,0,0,0,,,0.000000,0.000000
_6775_,generated_control,0,0,0,0,,,0.000000,0.000000
_6776_,generated_control,0,0,0,0,,,0.000000,0.000000
_6777_,generated_control,1,0,0,0,5.484500,,0.154214,0.072937
_6778_,generated_control,0,0,0,0,,,0.000000,0.000000
_6779_,generated_control,1,0,0,0,5.484500,,0.154214,0.072937
_6781_,generated_control,1,0,0,0,5.484500,,0.154214,0.072937
_6782_,decode_control,0,0,0,0,,,0.000000,0.000000
_6783_,generated_datapath,1,0,0,0,5.484500,,0.154214,0.072937
_6784_,generated_control,0,0,0,0,,,0.000000,0.000000
_6785_,generated_control,0,0,0,0,,,0.000000,0.000000
_6786_,generated_control,0,0,0,0,,,0.000000,0.000000
_6787_,generated_control,0,0,0,0,,,0.000000,0.000000
_6788_,generated_control,0,0,0,0,,,0.000000,0.000000
_6789_,generated_control,0,0,0,0,,,0.000000,0.000000
_6790_,generated_control,0,0,0,0,,,0.000000,0.000000
_6791_,generated_control,0,0,0,0,,,0.000000,0.000000
_6792_,generated_control,0,0,0,0,,,0.000000,0.000000
_6793_,generated_control,0,0,0,0,,,0.000000,0.000000
_6794_,generated_control,0,0,0,0,,,0.000000,0.000000
_6795_,decode_control,0,0,0,0,,,0.000000,0.000000
_6796_,generated_datapath,0,0,0,0,,,0.000000,0.000000
_6797_,generated_control,0,0,0,0,,,0.000000,0.000000
_6798_,generated_control,0,0,0,0,,,0.000000,0.000000
_6801_,generated_control,0,0,0,0,,,0.000000,0.000000
_6802_,generated_control,0,0,0,0,,,0.000000,0.000000
_6803_,generated_control,0,0,0,0,,,0.000000,0.000000
_6804_,generated_control,0,0,0,0,,,0.000000,0.000000
_6805_,generated_control,0,0,0,0,,,0.000000,0.000000
_6806_,generated_control,0,0,0,0,,,0.000000,0.000000
_6807_,generated_control,1,0,0,0,5.631300,,0.150800,0.071322
_6808_,generated_control,1,0,0,0,5.631300,,0.150800,0.071322
_6809_,generated_control,1,0,0,0,5.631300,,0.150800,0.071322
_6810_,decode_control,0,0,0,0,,,0.000000,0.000000
_6811_,generated_datapath,1,0,0,0,5.631300,,0.150800,0.071322
_6812_,generated_control,0,0,0,0,,,0.000000,0.000000
_6815_,generated_control,0,0,0,0,,,0.000000,0.000000
_6816_,generated_control,0,0,0,0,,,0.000000,0.000000
_6817_,generated_control,0,0,0,0,,,0.000000,0.000000
_6818_,generated_control,0,0,0,0,,,0.000000,0.000000
_6819_,generated_control,1,0,0,0,5.552500,,0.152614,0.072180
_6820_,generated_control,0,0,0,0,,,0.000000,0.000000
_6821_,generated_control,0,0,0,0,,,0.000000,0.000000
_6822_,generated_control,0,0,0,0,,,0.000000,0.000000
_6823_,generated_control,1,0,0,0,5.552500,,0.152614,0.072180
_6824_,generated_control,1,0,0,0,5.552500,,0.152614,0.072180
_6825_,decode_control,0,0,0,0,,,0.000000,0.000000
_6826_,generated_datapath,1,0,0,0,5.552500,,0.152614,0.072180
_6827_,generated_control,0,0,0,0,,,0.000000,0.000000
_6828_,generated_control,0,0,0,0,,,0.000000,0.000000
_6829_,generated_control,0,0,0,0,,,0.000000,0.000000
_6830_,generated_control,0,0,0,0,,,0.000000,0.000000
_6831_,generated_control,0,0,0,0,,,0.000000,0.000000
_6832_,generated_control,0,0,0,0,,,0.000000,0.000000
_6833_,generated_control,0,0,0,0,,,0.000000,0.000000
_6834_,generated_control,0,0,0,0,,,0.000000,0.000000
_6837_,generated_control,0,0,0,0,,,0.000000,0.000000
_6840_,generated_control,0,0,0,0,,,0.000000,0.000000
_6841_,generated_control,0,0,0,0,,,0.000000,0.000000
_6842_,decode_control,0,0,0,0,,,0.000000,0.000000
_6843_,generated_datapath,0,0,0,0,,,0.000000,0.000000
_6844_,generated_control,0,0,0,0,,,0.000000,0.000000
_6845_,generated_control,0,0,0,0,,,0.000000,0.000000
_6846_,generated_control,0,0,0,0,,,0.000000,0.000000
_6847_,generated_control,0,0,0,0,,,0.000000,0.000000
_6848_,generated_control,0,0,0,0,,,0.000000,0.000000
_6849_,generated_control,0,0,0,0,,,0.000000,0.000000
_6852_,generated_control,0,0,0,0,,,0.000000,0.000000
_6853_,generated_control,0,0,0,0,,,0.000000,0.000000
_6854_,generated_control,0,0,0,0,,,0.000000,0.000000
_6855_,generated_control,0,0,0,0,,,0.000000,0.000000
_6856_,generated_control,0,0,0,0,,,0.000000,0.000000
_6857_,decode_control,0,0,0,0,,,0.000000,0.000000
_6858_,generated_datapath,0,0,0,0,,,0.000000,0.000000
_6859_,generated_control,0,0,0,0,,,0.000000,0.000000
_6860_,generated_control,0,0,0,0,,,0.000000,0.000000
_6861_,generated_control,0,0,0,0,,,0.000000,0.000000
_6862_,generated_control,0,0,0,0,,,0.000000,0.000000
_6863_,generated_control,0,0,0,0,,,0.000000,0.000000
_6866_,generated_control,0,0,0,0,,,0.000000,0.000000
_6867_,generated_control,0,0,0,0,,,0.000000,0.000000
_6868_,generated_control,0,0,0,0,,,0.000000,0.000000
_6869_,generated_control,0,0,0,0,,,0.000000,0.000000
_6870_,generated_control,0,0,0,0,,,0.000000,0.000000
_6871_,generated_control,0,0,0,0,,,0.000000,0.000000
_6872_,decode_control,0,0,0,0,,,0.000000,0.000000
_6873_,generated_datapath,0,0,0,0,,,0.000000,0.000000
_6874_,generated_control,0,0,0,0,,,0.000000,0.000000
_6875_,generated_control,1,0,0,0,5.573500,,0.152126,0.071949
_6876_,generated_control,0,0,0,0,,,0.000000,0.000000
_6877_,generated_control,0,0,0,0,,,0.000000,0.000000
_6878_,generated_control,1,0,0,0,5.573500,,0.152126,0.071949
_6879_,generated_control,0,0,0,0,,,0.000000,0.000000
_6880_,generated_control,0,0,0,0,,,0.000000,0.000000
_6881_,generated_control,0,0,0,0,,,0.000000,0.000000
_6882_,generated_control,0,0,0,0,,,0.000000,0.000000
_6883_,generated_control,0,0,0,0,,,0.000000,0.000000
_6884_,generated_control,1,0,0,0,5.573500,,0.152126,0.071949
_6885_,decode_control,0,0,0,0,,,0.000000,0.000000
_6886_,generated_datapath,1,0,0,0,5.573500,,0.152126,0.071949
_6887_,generated_control,0,0,0,0,,,0.000000,0.000000
_6888_,generated_control,0,0,0,0,,,0.000000,0.000000
_6889_,generated_control,0,0,0,0,,,0.000000,0.000000
_6890_,generated_control,0,0,0,0,,,0.000000,0.000000
_6891_,generated_control,0,0,0,0,,,0.000000,0.000000
_6892_,generated_control,0,0,0,0,,,0.000000,0.000000
_6893_,generated_control,0,0,0,0,,,0.000000,0.000000
_6894_,generated_control,0,0,0,0,,,0.000000,0.000000
_6895_,generated_control,0,0,0,0,,,0.000000,0.000000
_6896_,generated_control,0,0,0,0,,,0.000000,0.000000
_6897_,generated_control,0,0,0,0,,,0.000000,0.000000
_6898_,decode_control,0,0,0,0,,,0.000000,0.000000
_6899_,generated_datapath,0,0,0,0,,,0.000000,0.000000
_6900_,generated_control,0,0,0,0,,,0.000000,0.000000
_6901_,generated_control,0,0,0,0,,,0.000000,0.000000
_6902_,generated_control,0,0,0,0,,,0.000000,0.000000
_6903_,generated_control,0,0,0,0,,,0.000000,0.000000
_6904_,generated_control,0,0,0,0,,,0.000000,0.000000
_6905_,generated_control,0,0,0,0,,,0.000000,0.000000
_6906_,generated_control,0,0,0,0,,,0.000000,0.000000
_6907_,generated_control,0,0,0,0,,,0.000000,0.000000
_6908_,generated_control,0,0,0,0,,,0.000000,0.000000
_6909_,generated_control,0,0,0,0,,,0.000000,0.000000
_6910_,generated_control,0,0,0,0,,,0.000000,0.000000
_6912_,decode_control,0,0,0,0,,,0.000000,0.000000
_6913_,generated_datapath,0,0,0,0,,,0.000000,0.000000
_6914_,generated_control,0,0,0,0,,,0.000000,0.000000
_6915_,generated_control,0,0,0,0,,,0.000000,0.000000
_6916_,generated_control,0,0,0,0,,,0.000000,0.000000
_6917_,generated_control,0,0,0,0,,,0.000000,0.000000
_6918_,generated_control,0,0,0,0,,,0.000000,0.000000
_6919_,generated_control,0,0,0,0,,,0.000000,0.000000
_6920_,generated_control,0,0,0,0,,,0.000000,0.000000
_6921_,generated_control,0,0,0,0,,,0.000000,0.000000
_6922_,generated_control,0,0,0,0,,,0.000000,0.000000
_6923_,generated_control,0,0,0,0,,,0.000000,0.000000
_6924_,generated_control,0,0,0,0,,,0.000000,0.000000
_6925_,decode_control,0,0,0,0,,,0.000000,0.000000
_6926_,generated_datapath,0,0,0,0,,,0.000000,0.000000
_6927_,generated_control,0,0,0,0,,,0.000000,0.000000
_6928_,generated_control,0,0,0,0,,,0.000000,0.000000
_6929_,generated_control,0,0,0,0,,,0.000000,0.000000
_6930_,generated_control,0,0,0,0,,,0.000000,0.000000
_6931_,generated_control,0,0,0,0,,,0.000000,0.000000
_6932_,generated_control,0,0,0,0,,,0.000000,0.000000
_6933_,generated_control,0,0,0,0,,,0.000000,0.000000
_6934_,generated_control,0,0,0,0,,,0.000000,0.000000
_6935_,generated_control,0,0,0,0,,,0.000000,0.000000
_6936_,generated_control,0,0,0,0,,,0.000000,0.000000
_6937_,generated_control,0,0,0,0,,,0.000000,0.000000
_6938_,decode_control,0,0,0,0,,,0.000000,0.000000
_6939_,generated_datapath,0,0,0,0,,,0.000000,0.000000
_6940_,generated_control,0,0,0,0,,,0.000000,0.000000
_6941_,generated_control,0,0,0,0,,,0.000000,0.000000
_6942_,generated_control,0,0,0,0,,,0.000000,0.000000
_6943_,generated_control,0,0,0,0,,,0.000000,0.000000
_6944_,generated_control,0,0,0,0,,,0.000000,0.000000
_6945_,generated_control,0,0,0,0,,,0.000000,0.000000
_6946_,generated_control,0,0,0,0,,,0.000000,0.000000
_6947_,generated_control,0,0,0,0,,,0.000000,0.000000
_6948_,generated_control,0,0,0,0,,,0.000000,0.000000
_6949_,generated_control,0,0,0,0,,,0.000000,0.000000
_6950_,generated_control,0,0,0,0,,,0.000000,0.000000
_6951_,decode_control,0,0,0,0,,,0.000000,0.000000
_6952_,generated_datapath,0,0,0,0,,,0.000000,0.000000
_6953_,generated_control,0,0,0,0,,,0.000000,0.000000
_6954_,generated_control,0,0,0,0,,,0.000000,0.000000
_6955_,generated_control,0,0,0,0,,,0.000000,0.000000
_6956_,generated_control,0,0,0,0,,,0.000000,0.000000
_6957_,generated_control,0,0,0,0,,,0.000000,0.000000
_6958_,generated_control,0,0,0,0,,,0.000000,0.000000
_6959_,generated_control,0,0,0,0,,,0.000000,0.000000
_6960_,generated_control,0,0,0,0,,,0.000000,0.000000
_6961_,generated_control,0,0,0,0,,,0.000000,0.000000
_6962_,generated_control,0,0,0,0,,,0.000000,0.000000
_6963_,generated_control,0,0,0,0,,,0.000000,0.000000
_6964_,decode_control,0,0,0,0,,,0.000000,0.000000
_6965_,generated_datapath,0,0,0,0,,,0.000000,0.000000
_6966_,generated_control,0,0,0,0,,,0.000000,0.000000
_6967_,generated_control,0,0,0,0,,,0.000000,0.000000
_6968_,generated_control,0,0,0,0,,,0.000000,0.000000
_6969_,generated_control,0,0,0,0,,,0.000000,0.000000
_6970_,generated_control,0,0,0,0,,,0.000000,0.000000
_6971_,generated_control,0,0,0,0,,,0.000000,0.000000
_6972_,generated_control,0,0,0,0,,,0.000000,0.000000
_6973_,generated_control,0,0,0,0,,,0.000000,0.000000
_6974_,generated_control,0,0,0,0,,,0.000000,0.000000
_6975_,generated_control,0,0,0,0,,,0.000000,0.000000
_6976_,generated_control,0,0,0,0,,,0.000000,0.000000
_6977_,decode_control,0,0,0,0,,,0.000000,0.000000
_6978_,generated_datapath,0,0,0,0,,,0.000000,0.000000
_6980_,generated_control,0,0,0,0,,,0.000000,0.000000
_6981_,generated_control,0,0,0,0,,,0.000000,0.000000
_6984_,generated_control,0,0,0,0,,,0.000000,0.000000
_6986_,generated_control,0,0,0,0,,,0.000000,0.000000
_6987_,generated_control,0,0,0,0,,,0.000000,0.000000
_6988_,generated_control,0,0,0,0,,,0.000000,0.000000
_6989_,generated_control,0,0,0,0,,,0.000000,0.000000
_6990_,generated_control,0,0,0,0,,,0.000000,0.000000
_6991_,generated_control,0,0,0,0,,,0.000000,0.000000
_6992_,generated_control,0,0,0,0,,,0.000000,0.000000
_6993_,generated_control,0,0,0,0,,,0.000000,0.000000
_6994_,generated_control,0,0,0,0,,,0.000000,0.000000
_6995_,decode_control,0,0,0,0,,,0.000000,0.000000
_6996_,generated_datapath,0,0,0,0,,,0.000000,0.000000
_6997_,generated_control,0,0,0,0,,,0.000000,0.000000
_6998_,generated_control,0,0,0,0,,,0.000000,0.000000
_6999_,generated_control,0,0,0,0,,,0.000000,0.000000
_7000_,generated_control,0,0,0,0,,,0.000000,0.000000
_7001_,generated_control,0,0,0,0,,,0.000000,0.000000
_7002_,generated_control,0,0,0,0,,,0.000000,0.000000
_7003_,generated_control,0,0,0,0,,,0.000000,0.000000
_7004_,generated_control,0,0,0,0,,,0.000000,0.000000
_7005_,generated_control,0,0,0,0,,,0.000000,0.000000
_7006_,generated_control,0,0,0,0,,,0.000000,0.000000
_7007_,generated_control,0,0,0,0,,,0.000000,0.000000
_7008_,generated_control,0,0,0,0,,,0.000000,0.000000
_7009_,decode_control,0,0,0,0,,,0.000000,0.000000
_7010_,generated_datapath,0,0,0,0,,,0.000000,0.000000
_7011_,generated_control,0,0,0,0,,,0.000000,0.000000
_7012_,generated_control,0,0,0,0,,,0.000000,0.000000
_7013_,generated_control,0,0,0,0,,,0.000000,0.000000
_7014_,generated_control,0,0,0,0,,,0.000000,0.000000
_7015_,generated_control,0,0,0,0,,,0.000000,0.000000
_7016_,generated_control,0,0,0,0,,,0.000000,0.000000
_7017_,generated_control,0,0,0,0,,,0.000000,0.000000
_7018_,generated_control,0,0,0,0,,,0.000000,0.000000
_7019_,generated_control,0,0,0,0,,,0.000000,0.000000
_7020_,generated_control,0,0,0,0,,,0.000000,0.000000
_7021_,generated_control,0,0,0,0,,,0.000000,0.000000
_7022_,generated_control,0,0,0,0,,,0.000000,0.000000
_7023_,decode_control,0,0,0,0,,,0.000000,0.000000
_7024_,generated_datapath,0,0,0,0,,,0.000000,0.000000
_7025_,generated_control,0,0,0,0,,,0.000000,0.000000
_7026_,generated_control,0,0,0,0,,,0.000000,0.000000
_7027_,generated_control,0,0,0,0,,,0.000000,0.000000
_7028_,generated_control,0,0,0,0,,,0.000000,0.000000
_7029_,generated_control,0,0,0,0,,,0.000000,0.000000
_7030_,generated_control,0,0,0,0,,,0.000000,0.000000
_7031_,generated_control,0,0,0,0,,,0.000000,0.000000
_7032_,generated_control,0,0,0,0,,,0.000000,0.000000
_7033_,generated_control,0,0,0,0,,,0.000000,0.000000
_7034_,generated_control,0,0,0,0,,,0.000000,0.000000
_7035_,generated_control,0,0,0,0,,,0.000000,0.000000
_7036_,generated_control,0,0,0,0,,,0.000000,0.000000
_7037_,decode_control,0,0,0,0,,,0.000000,0.000000
_7038_,generated_datapath,0,0,0,0,,,0.000000,0.000000
_7039_,generated_control,0,0,0,0,,,0.000000,0.000000
_7040_,generated_control,0,0,0,0,,,0.000000,0.000000
_7041_,generated_control,0,0,0,0,,,0.000000,0.000000
_7042_,generated_control,0,0,0,0,,,0.000000,0.000000
_7043_,generated_control,0,0,0,0,,,0.000000,0.000000
_7044_,generated_control,0,0,0,0,,,0.000000,0.000000
_7045_,generated_control,0,0,0,0,,,0.000000,0.000000
_7046_,generated_control,0,0,0,0,,,0.000000,0.000000
_7047_,generated_control,0,0,0,0,,,0.000000,0.000000
_7048_,generated_control,0,0,0,0,,,0.000000,0.000000
_7049_,generated_control,0,0,0,0,,,0.000000,0.000000
_7050_,generated_control,0,0,0,0,,,0.000000,0.000000
_7051_,decode_control,0,0,0,0,,,0.000000,0.000000
_7052_,generated_datapath,0,0,0,0,,,0.000000,0.000000
_7055_,generated_control,0,0,0,0,,,0.000000,0.000000
_7056_,decode_control,0,0,0,0,,,0.000000,0.000000
_7057_,generated_control,0,0,0,0,,,0.000000,0.000000
_7058_,generated_datapath,0,0,0,0,,,0.000000,0.000000
_7059_,generated_control,0,0,0,0,,,0.000000,0.000000
_7060_,generated_datapath,0,0,0,0,,,0.000000,0.000000
_7061_,generated_datapath,0,0,0,0,,,0.000000,0.000000
_7062_,generated_control,0,0,0,0,,,0.000000,0.000000
_7063_,decode_control,0,0,0,0,,,0.000000,0.000000
_7064_,generated_control,0,0,0,0,,,0.000000,0.000000
_7065_,generated_control,0,0,0,0,,,0.000000,0.000000
_7066_,generated_control,0,0,0,0,,,0.000000,0.000000
_7067_,generated_datapath,0,0,0,0,,,0.000000,0.000000
_7068_,generated_control,0,0,0,0,,,0.000000,0.000000
_7069_,decode_control,0,0,0,0,,,0.000000,0.000000
_7070_,generated_control,0,0,0,0,,,0.000000,0.000000
_7071_,generated_control,0,0,0,0,,,0.000000,0.000000
_7072_,generated_datapath,0,0,0,0,,,0.000000,0.000000
_7073_,generated_control,0,0,0,0,,,0.000000,0.000000
_7074_,decode_control,0,0,0,0,,,0.000000,0.000000
_7075_,generated_control,0,0,0,0,,,0.000000,0.000000
_7076_,generated_datapath,0,0,0,0,,,0.000000,0.000000
_7086_,fetch,0,0,0,0,,,0.000000,0.000000
_7087_,generated_control,0,0,0,0,,,0.000000,0.000000
_7089_,generated_control,0,0,0,0,,,0.000000,0.000000
_7090_,generated_control,0,0,0,0,,,0.000000,0.000000
_7091_,generated_control,0,0,0,0,,,0.000000,0.000000
_7093_,generated_datapath,0,0,0,0,,,0.000000,0.000000
_7097_,generated_datapath,0,0,0,0,,,0.000000,0.000000
_7098_,generated_datapath,0,0,0,0,,,0.000000,0.000000
_7099_,generated_datapath,0,0,0,0,,,0.000000,0.000000
_7100_,generated_datapath,0,0,0,0,,,0.000000,0.000000
_7101_,generated_datapath,0,0,0,0,,,0.000000,0.000000
_7102_,generated_datapath,0,0,0,0,,,0.000000,0.000000
_7103_,generated_control,0,0,0,0,,,0.000000,0.000000
_7104_,generated_control,0,0,0,0,,,0.000000,0.000000
_7105_,generated_datapath,0,0,0,0,,,0.000000,0.000000
_7106_,unclassified,0,0,0,0,,,0.000000,0.000000
_7109_,generated_control,0,0,0,0,,,0.000000,0.000000
_7111_,generated_control,0,0,0,0,,,0.000000,0.000000
_7112_,generated_control,0,0,0,0,,,0.000000,0.000000
_7113_,generated_control,0,0,0,0,,,0.000000,0.000000
_7114_,generated_datapath,0,0,0,0,,,0.000000,0.000000
_7115_,generated_control,0,0,0,0,,,0.000000,0.000000
_7116_,generated_datapath,0,0,0,0,,,0.000000,0.000000
_7117_,generated_datapath,0,0,0,0,,,0.000000,0.000000
_7118_,generated_datapath,0,0,0,0,,,0.000000,0.000000
_7119_,generated_datapath,0,0,0,0,,,0.000000,0.000000
_7120_,generated_datapath,0,0,0,0,,,0.000000,0.000000
_7121_,generated_datapath,0,0,0,0,,,0.000000,0.000000
_7122_,generated_datapath,0,0,0,0,,,0.000000,0.000000
_7123_,generated_control,0,0,0,0,,,0.000000,0.000000
_7124_,generated_datapath,0,0,0,0,,,0.000000,0.000000
_7125_,generated_control,0,0,0,0,,,0.000000,0.000000
_7126_,generated_datapath,0,0,0,0,,,0.000000,0.000000
_7127_,unclassified,0,0,0,0,,,0.000000,0.000000
_7128_,generated_control,0,0,0,0,,,0.000000,0.000000
_7130_,generated_control,0,0,0,0,,,0.000000,0.000000
_7131_,generated_control,0,0,0,0,,,0.000000,0.000000
_7132_,generated_control,0,0,0,0,,,0.000000,0.000000
_7133_,generated_control,0,0,0,0,,,0.000000,0.000000
_7134_,generated_datapath,0,0,0,0,,,0.000000,0.000000
_7135_,generated_datapath,0,0,0,0,,,0.000000,0.000000
_7136_,generated_datapath,0,0,0,0,,,0.000000,0.000000
_7137_,generated_control,0,0,0,0,,,0.000000,0.000000
_7138_,generated_control,0,0,0,0,,,0.000000,0.000000
_7139_,generated_datapath,0,0,0,0,,,0.000000,0.000000
_7140_,generated_control,0,0,0,0,,,0.000000,0.000000
_7141_,generated_control,0,0,0,0,,,0.000000,0.000000
_7142_,generated_control,0,0,0,0,,,0.000000,0.000000
_7143_,generated_datapath,0,0,0,0,,,0.000000,0.000000
_7144_,unclassified,0,0,0,0,,,0.000000,0.000000
_7145_,generated_datapath,0,0,0,0,,,0.000000,0.000000
_7146_,generated_control,0,0,0,0,,,0.000000,0.000000
_7147_,generated_control,0,0,0,0,,,0.000000,0.000000
_7149_,generated_control,0,0,0,0,,,0.000000,0.000000
_7150_,generated_datapath,0,0,0,0,,,0.000000,0.000000
_7151_,generated_datapath,0,0,0,0,,,0.000000,0.000000
_7152_,generated_control,0,0,0,0,,,0.000000,0.000000
_7153_,generated_datapath,0,0,0,0,,,0.000000,0.000000
_7154_,generated_control,0,0,0,0,,,0.000000,0.000000
_7155_,generated_control,0,0,0,0,,,0.000000,0.000000
_7156_,generated_datapath,0,0,0,0,,,0.000000,0.000000
_7157_,generated_control,0,0,0,0,,,0.000000,0.000000
_7158_,generated_control,0,0,0,0,,,0.000000,0.000000
_7159_,generated_control,0,0,0,0,,,0.000000,0.000000
_7160_,generated_datapath,0,0,0,0,,,0.000000,0.000000
_7162_,generated_datapath,0,0,0,0,,,0.000000,0.000000
_7164_,generated_datapath,0,0,0,0,,,0.000000,0.000000
_7165_,generated_datapath,0,0,0,0,,,0.000000,0.000000
_7166_,generated_control,0,0,0,0,,,0.000000,0.000000
_7168_,generated_datapath,0,0,0,0,,,0.000000,0.000000
_7169_,generated_control,0,0,0,0,,,0.000000,0.000000
_7170_,generated_control,0,0,0,0,,,0.000000,0.000000
_7171_,generated_control,0,0,0,0,,,0.000000,0.000000
_7172_,generated_control,0,0,0,0,,,0.000000,0.000000
_7173_,generated_control,0,0,0,0,,,0.000000,0.000000
_7174_,generated_datapath,0,0,0,0,,,0.000000,0.000000
_7175_,generated_datapath,0,0,0,0,,,0.000000,0.000000
_7176_,generated_datapath,0,0,0,0,,,0.000000,0.000000
_7177_,generated_datapath,0,0,0,0,,,0.000000,0.000000
_7178_,generated_control,0,0,0,0,,,0.000000,0.000000
_7179_,generated_control,0,0,0,0,,,0.000000,0.000000
_7180_,generated_control,0,0,0,0,,,0.000000,0.000000
_7181_,unclassified,0,0,0,0,,,0.000000,0.000000
_7182_,generated_datapath,0,0,0,0,,,0.000000,0.000000
_7183_,generated_datapath,0,0,0,0,,,0.000000,0.000000
_7184_,generated_datapath,0,0,0,0,,,0.000000,0.000000
_7185_,unclassified,0,0,0,0,,,0.000000,0.000000
_7186_,generated_datapath,0,0,0,0,,,0.000000,0.000000
_7187_,generated_datapath,0,0,0,0,,,0.000000,0.000000
_7188_,generated_control,0,0,0,0,,,0.000000,0.000000
_7189_,generated_control,0,0,0,0,,,0.000000,0.000000
_7190_,generated_control,0,0,0,0,,,0.000000,0.000000
_7191_,generated_control,0,0,0,0,,,0.000000,0.000000
_7192_,unclassified,0,0,0,0,,,0.000000,0.000000
_7193_,generated_control,0,0,0,0,,,0.000000,0.000000
_7194_,generated_datapath,0,0,0,0,,,0.000000,0.000000
_7195_,generated_control,0,0,0,0,,,0.000000,0.000000
_7196_,generated_datapath,0,0,0,0,,,0.000000,0.000000
_7197_,generated_datapath,0,0,0,0,,,0.000000,0.000000
_7198_,unclassified,0,0,0,0,,,0.000000,0.000000
_7199_,generated_control,0,0,0,0,,,0.000000,0.000000
_7200_,generated_datapath,0,0,0,0,,,0.000000,0.000000
_7201_,generated_datapath,0,0,0,0,,,0.000000,0.000000
_7202_,generated_control,0,0,0,0,,,0.000000,0.000000
_7203_,unclassified,0,0,0,0,,,0.000000,0.000000
_7204_,generated_datapath,0,0,0,0,,,0.000000,0.000000
_7209_,fetch,0,0,0,0,,,0.000000,0.000000
_7211_,generated_control,0,0,0,0,,,0.000000,0.000000
_7212_,generated_control,0,0,0,0,,,0.000000,0.000000
_7214_,generated_datapath,0,0,0,0,,,0.000000,0.000000
_7215_,generated_datapath,0,0,0,0,,,0.000000,0.000000
_7216_,generated_datapath,0,0,0,0,,,0.000000,0.000000
_7217_,fetch,0,0,0,0,,,0.000000,0.000000
_7218_,generated_control,0,0,0,0,,,0.000000,0.000000
_7219_,generated_control,0,0,0,0,,,0.000000,0.000000
_7220_,generated_datapath,0,0,0,0,,,0.000000,0.000000
_7221_,generated_control,0,0,0,0,,,0.000000,0.000000
_7222_,generated_datapath,0,0,0,0,,,0.000000,0.000000
_7223_,generated_control,0,0,0,0,,,0.000000,0.000000
_7224_,generated_datapath,0,0,0,0,,,0.000000,0.000000
_7225_,generated_datapath,0,0,0,0,,,0.000000,0.000000
_7226_,unclassified,0,0,0,0,,,0.000000,0.000000
_7227_,generated_datapath,0,0,0,0,,,0.000000,0.000000
_7228_,fetch,0,0,0,0,,,0.000000,0.000000
_7229_,generated_control,0,0,0,0,,,0.000000,0.000000
_7230_,generated_control,0,0,0,0,,,0.000000,0.000000
_7231_,generated_datapath,0,0,0,0,,,0.000000,0.000000
_7232_,generated_datapath,0,0,0,0,,,0.000000,0.000000
_7233_,generated_datapath,0,0,0,0,,,0.000000,0.000000
_7234_,fetch,0,0,0,0,,,0.000000,0.000000
_7235_,generated_control,0,0,0,0,,,0.000000,0.000000
_7236_,generated_control,0,0,0,0,,,0.000000,0.000000
_7237_,generated_datapath,0,0,0,0,,,0.000000,0.000000
_7239_,generated_datapath,0,0,0,0,,,0.000000,0.000000
_7240_,generated_datapath,0,0,0,0,,,0.000000,0.000000
_7241_,generated_control,0,0,0,0,,,0.000000,0.000000
_7242_,generated_control,0,0,0,0,,,0.000000,0.000000
_7243_,generated_datapath,0,0,0,0,,,0.000000,0.000000
_7244_,generated_datapath,0,0,0,0,,,0.000000,0.000000
_7245_,fetch,0,0,0,0,,,0.000000,0.000000
_7246_,generated_control,0,0,0,0,,,0.000000,0.000000
_7247_,generated_control,0,0,0,0,,,0.000000,0.000000
_7248_,generated_datapath,0,0,0,0,,,0.000000,0.000000
_7249_,generated_datapath,0,0,0,0,,,0.000000,0.000000
_7250_,generated_control,0,0,0,0,,,0.000000,0.000000
_7251_,generated_datapath,0,1,0,0,,0.440300,0.000000,0.000000
_7252_,generated_datapath,0,1,0,0,,0.440300,0.000000,0.000000
_7253_,generated_control,0,0,0,0,,,0.000000,0.000000
_7254_,generated_control,0,0,0,0,,,0.000000,0.000000
_7255_,generated_control,0,0,0,0,,,0.000000,0.000000
_7256_,generated_control,0,0,0,0,,,0.000000,0.000000
_7257_,generated_control,0,0,0,0,,,0.000000,0.000000
_7258_,unclassified,0,0,0,0,,,0.000000,0.000000
_7259_,unclassified,0,0,0,0,,,0.000000,0.000000
_7260_,generated_datapath,0,0,0,0,,,0.000000,0.000000
_7261_,generated_datapath,0,0,0,0,,,0.000000,0.000000
_7262_,generated_control,0,0,0,0,,,0.000000,0.000000
_7263_,generated_datapath,0,0,0,0,,,0.000000,0.000000
_7264_,generated_datapath,0,0,0,0,,,0.000000,0.000000
_7265_,generated_control,0,0,0,0,,,0.000000,0.000000
_7266_,generated_control,0,0,0,0,,,0.000000,0.000000
_7267_,generated_datapath,0,0,0,0,,,0.000000,0.000000
_7268_,generated_datapath,0,0,0,0,,,0.000000,0.000000
_7269_,generated_control,0,0,0,0,,,0.000000,0.000000
_7270_,generated_control,0,0,0,0,,,0.000000,0.000000
_7271_,generated_datapath,0,0,0,0,,,0.000000,0.000000
_7272_,fetch,0,0,0,0,,,0.000000,0.000000
_7273_,generated_control,0,0,0,0,,,0.000000,0.000000
_7274_,generated_control,0,0,0,0,,,0.000000,0.000000
_7276_,generated_datapath,0,0,0,0,,,0.000000,0.000000
_7277_,unclassified,0,0,0,0,,,0.000000,0.000000
_7278_,generated_control,0,0,0,0,,,0.000000,0.000000
_7279_,generated_control,0,0,0,0,,,0.000000,0.000000
_7280_,generated_control,0,0,0,0,,,0.000000,0.000000
_7281_,generated_datapath,0,0,0,0,,,0.000000,0.000000
_7282_,generated_datapath,0,0,0,0,,,0.000000,0.000000
_7283_,generated_datapath,0,0,0,0,,,0.000000,0.000000
_7284_,generated_datapath,0,0,0,0,,,0.000000,0.000000
_7285_,fetch,0,0,0,0,,,0.000000,0.000000
_7286_,generated_control,0,0,0,0,,,0.000000,0.000000
_7287_,generated_control,0,0,0,0,,,0.000000,0.000000
_7288_,generated_datapath,0,0,0,0,,,0.000000,0.000000
_7289_,generated_datapath,0,0,0,0,,,0.000000,0.000000
_7290_,generated_datapath,0,0,0,0,,,0.000000,0.000000
_7291_,generated_control,0,0,0,0,,,0.000000,0.000000
_7292_,generated_datapath,0,0,0,0,,,0.000000,0.000000
_7293_,generated_datapath,0,0,0,0,,,0.000000,0.000000
_7294_,generated_control,0,0,0,0,,,0.000000,0.000000
_7295_,fetch,0,0,0,0,,,0.000000,0.000000
_7296_,generated_control,0,0,0,0,,,0.000000,0.000000
_7297_,generated_control,0,0,0,0,,,0.000000,0.000000
_7298_,generated_datapath,0,0,0,0,,,0.000000,0.000000
_7299_,generated_datapath,0,0,0,0,,,0.000000,0.000000
_7300_,generated_datapath,0,0,0,0,,,0.000000,0.000000
_7301_,generated_datapath,0,0,0,0,,,0.000000,0.000000
_7302_,generated_datapath,0,0,0,0,,,0.000000,0.000000
_7303_,generated_datapath,0,0,0,0,,,0.000000,0.000000
_7304_,fetch,0,0,0,0,,,0.000000,0.000000
_7305_,generated_control,0,0,0,0,,,0.000000,0.000000
_7306_,generated_control,0,0,0,0,,,0.000000,0.000000
_7307_,generated_datapath,0,0,0,0,,,0.000000,0.000000
_7308_,generated_datapath,0,0,0,0,,,0.000000,0.000000
_7309_,generated_datapath,0,0,0,0,,,0.000000,0.000000
_7310_,generated_control,0,0,0,0,,,0.000000,0.000000
_7311_,generated_datapath,0,0,0,0,,,0.000000,0.000000
_7312_,generated_datapath,0,0,0,0,,,0.000000,0.000000
_7313_,fetch,0,0,0,0,,,0.000000,0.000000
_7314_,generated_control,0,0,0,0,,,0.000000,0.000000
_7315_,generated_control,0,0,0,0,,,0.000000,0.000000
_7316_,generated_datapath,0,0,0,0,,,0.000000,0.000000
_7317_,generated_datapath,0,0,0,0,,,0.000000,0.000000
_7318_,generated_datapath,0,0,0,0,,,0.000000,0.000000
_7319_,generated_control,0,0,0,0,,,0.000000,0.000000
_7320_,generated_datapath,0,0,0,0,,,0.000000,0.000000
_7321_,generated_control,0,0,0,0,,,0.000000,0.000000
_7322_,generated_control,0,0,0,0,,,0.000000,0.000000
_7323_,generated_datapath,0,0,0,0,,,0.000000,0.000000
_7324_,unclassified,0,0,0,0,,,0.000000,0.000000
_7325_,generated_datapath,0,0,0,0,,,0.000000,0.000000
_7326_,fetch,0,0,0,0,,,0.000000,0.000000
_7327_,generated_control,0,0,0,0,,,0.000000,0.000000
_7328_,generated_control,0,0,0,0,,,0.000000,0.000000
_7329_,generated_datapath,0,0,0,0,,,0.000000,0.000000
_7330_,generated_control,0,0,0,0,,,0.000000,0.000000
_7331_,generated_datapath,0,0,0,0,,,0.000000,0.000000
_7335_,fetch,0,0,0,0,,,0.000000,0.000000
_7337_,generated_control,0,0,0,0,,,0.000000,0.000000
_7338_,generated_control,0,0,0,0,,,0.000000,0.000000
_7339_,generated_datapath,0,0,0,0,,,0.000000,0.000000
_7340_,generated_datapath,0,0,0,0,,,0.000000,0.000000
_7341_,generated_control,0,0,0,0,,,0.000000,0.000000
_7342_,generated_datapath,0,1,0,0,,0.410800,0.000000,0.000000
_7343_,generated_datapath,0,1,0,0,,0.410800,0.000000,0.000000
_7344_,fetch,0,0,0,0,,,0.000000,0.000000
_7345_,generated_control,0,0,0,0,,,0.000000,0.000000
_7346_,generated_control,0,0,0,0,,,0.000000,0.000000
_7347_,generated_datapath,0,0,0,0,,,0.000000,0.000000
_7348_,generated_datapath,0,0,0,0,,,0.000000,0.000000
_7349_,generated_control,0,0,0,0,,,0.000000,0.000000
_7350_,generated_datapath,0,1,0,0,,0.430500,0.000000,0.000000
_7351_,generated_datapath,0,1,0,0,,0.430500,0.000000,0.000000
_7353_,fetch,0,0,0,0,,,0.000000,0.000000
_7354_,generated_control,0,0,0,0,,,0.000000,0.000000
_7355_,generated_control,0,0,0,0,,,0.000000,0.000000
_7356_,generated_datapath,0,0,0,0,,,0.000000,0.000000
_7357_,generated_datapath,0,0,0,0,,,0.000000,0.000000
_7358_,generated_control,0,0,0,0,,,0.000000,0.000000
_7359_,generated_datapath,0,0,0,0,,,0.000000,0.000000
_7360_,generated_datapath,0,0,0,0,,,0.000000,0.000000
_7361_,generated_datapath,0,0,0,0,,,0.000000,0.000000
_7362_,generated_datapath,0,0,0,0,,,0.000000,0.000000
_7363_,generated_datapath,0,0,0,0,,,0.000000,0.000000
_7364_,generated_control,0,0,0,0,,,0.000000,0.000000
_7365_,fetch,0,0,0,0,,,0.000000,0.000000
_7366_,generated_control,0,0,0,0,,,0.000000,0.000000
_7367_,generated_control,0,0,0,0,,,0.000000,0.000000
_7368_,generated_datapath,0,0,0,0,,,0.000000,0.000000
_7369_,generated_control,0,0,0,0,,,0.000000,0.000000
_7371_,generated_datapath,0,0,0,0,,,0.000000,0.000000
_7372_,generated_datapath,0,0,0,0,,,0.000000,0.000000
_7373_,fetch,0,0,0,0,,,0.000000,0.000000
_7374_,generated_control,0,0,0,0,,,0.000000,0.000000
_7375_,generated_control,0,0,0,0,,,0.000000,0.000000
_7376_,generated_datapath,0,0,0,0,,,0.000000,0.000000
_7377_,generated_datapath,0,0,0,0,,,0.000000,0.000000
_7378_,generated_control,0,0,0,0,,,0.000000,0.000000
_7379_,generated_control,0,0,0,0,,,0.000000,0.000000
_7380_,generated_datapath,0,0,0,0,,,0.000000,0.000000
_7381_,generated_datapath,0,0,0,0,,,0.000000,0.000000
_7382_,generated_datapath,0,0,0,0,,,0.000000,0.000000
_7383_,fetch,0,0,0,0,,,0.000000,0.000000
_7384_,generated_control,0,0,0,0,,,0.000000,0.000000
_7385_,generated_control,0,0,0,0,,,0.000000,0.000000
_7386_,generated_datapath,0,0,0,0,,,0.000000,0.000000
_7387_,generated_datapath,0,0,0,0,,,0.000000,0.000000
_7388_,generated_control,0,0,0,0,,,0.000000,0.000000
_7389_,generated_control,0,0,0,0,,,0.000000,0.000000
_7390_,generated_datapath,0,0,0,0,,,0.000000,0.000000
_7391_,generated_datapath,0,0,0,0,,,0.000000,0.000000
_7392_,generated_datapath,0,0,0,0,,,0.000000,0.000000
_7393_,fetch,0,0,0,0,,,0.000000,0.000000
_7394_,generated_control,0,0,0,0,,,0.000000,0.000000
_7395_,generated_control,0,0,0,0,,,0.000000,0.000000
_7396_,generated_datapath,0,0,0,0,,,0.000000,0.000000
_7397_,generated_datapath,0,0,0,0,,,0.000000,0.000000
_7398_,generated_control,0,0,0,0,,,0.000000,0.000000
_7399_,generated_datapath,0,0,0,0,,,0.000000,0.000000
_7400_,generated_control,0,0,0,0,,,0.000000,0.000000
_7401_,generated_control,0,0,0,0,,,0.000000,0.000000
_7402_,generated_datapath,0,0,0,0,,,0.000000,0.000000
_7403_,generated_datapath,0,0,0,0,,,0.000000,0.000000
_7404_,generated_datapath,0,0,0,0,,,0.000000,0.000000
_7405_,fetch,0,0,0,0,,,0.000000,0.000000
_7406_,generated_control,0,0,0,0,,,0.000000,0.000000
_7407_,generated_control,0,0,0,0,,,0.000000,0.000000
_7408_,generated_datapath,0,0,0,0,,,0.000000,0.000000
_7409_,generated_datapath,0,0,0,0,,,0.000000,0.000000
_7410_,generated_datapath,0,0,0,0,,,0.000000,0.000000
_7411_,generated_datapath,0,0,0,0,,,0.000000,0.000000
_7412_,generated_control,0,0,0,0,,,0.000000,0.000000
_7413_,generated_control,0,0,0,0,,,0.000000,0.000000
_7414_,generated_datapath,0,0,0,0,,,0.000000,0.000000
_7415_,generated_datapath,0,0,0,0,,,0.000000,0.000000
_7416_,generated_datapath,0,0,0,0,,,0.000000,0.000000
_7417_,generated_control,0,0,0,0,,,0.000000,0.000000
_7418_,generated_control,0,0,0,0,,,0.000000,0.000000
_7419_,generated_control,0,0,0,0,,,0.000000,0.000000
_7420_,generated_datapath,0,0,0,0,,,0.000000,0.000000
_7421_,generated_control,0,0,0,0,,,0.000000,0.000000
_7422_,fetch,0,0,0,0,,,0.000000,0.000000
_7423_,generated_control,0,0,0,0,,,0.000000,0.000000
_7424_,generated_control,0,0,0,0,,,0.000000,0.000000
_7425_,generated_datapath,0,0,0,0,,,0.000000,0.000000
_7426_,generated_control,0,0,0,0,,,0.000000,0.000000
_7427_,generated_datapath,0,0,0,0,,,0.000000,0.000000
_7428_,generated_datapath,0,0,0,0,,,0.000000,0.000000
_7429_,generated_datapath,0,0,0,0,,,0.000000,0.000000
_7430_,fetch,0,0,0,0,,,0.000000,0.000000
_7432_,generated_control,0,0,0,0,,,0.000000,0.000000
_7433_,generated_control,0,0,0,0,,,0.000000,0.000000
_7434_,generated_datapath,0,0,0,0,,,0.000000,0.000000
_7435_,generated_datapath,0,0,0,0,,,0.000000,0.000000
_7436_,generated_control,0,0,0,0,,,0.000000,0.000000
_7437_,generated_control,0,0,0,0,,,0.000000,0.000000
_7438_,generated_datapath,0,0,0,0,,,0.000000,0.000000
_7439_,generated_datapath,0,0,0,0,,,0.000000,0.000000
_7440_,generated_datapath,0,0,0,0,,,0.000000,0.000000
_7441_,fetch,0,0,0,0,,,0.000000,0.000000
_7442_,generated_control,0,0,0,0,,,0.000000,0.000000
_7443_,generated_control,0,0,0,0,,,0.000000,0.000000
_7444_,generated_datapath,0,0,0,0,,,0.000000,0.000000
_7445_,generated_datapath,0,0,0,0,,,0.000000,0.000000
_7446_,generated_control,0,0,0,0,,,0.000000,0.000000
_7447_,generated_control,0,0,0,0,,,0.000000,0.000000
_7448_,generated_datapath,0,0,0,0,,,0.000000,0.000000
_7449_,generated_datapath,0,0,0,0,,,0.000000,0.000000
_7450_,generated_datapath,0,0,0,0,,,0.000000,0.000000
_7451_,generated_datapath,0,0,0,0,,,0.000000,0.000000
_7452_,generated_datapath,0,0,0,0,,,0.000000,0.000000
_7453_,generated_datapath,0,0,0,0,,,0.000000,0.000000
_7454_,fetch,0,0,0,0,,,0.000000,0.000000
_7455_,generated_control,0,0,0,0,,,0.000000,0.000000
_7456_,generated_control,0,0,0,0,,,0.000000,0.000000
_7458_,generated_datapath,0,0,0,0,,,0.000000,0.000000
_7459_,generated_datapath,0,0,0,0,,,0.000000,0.000000
_7460_,generated_datapath,0,0,0,0,,,0.000000,0.000000
_7461_,generated_control,0,0,0,0,,,0.000000,0.000000
_7462_,generated_datapath,0,0,0,0,,,0.000000,0.000000
_7463_,generated_control,0,0,0,0,,,0.000000,0.000000
_7464_,generated_datapath,0,0,0,0,,,0.000000,0.000000
_7465_,generated_datapath,0,0,0,0,,,0.000000,0.000000
_7466_,generated_control,0,0,0,0,,,0.000000,0.000000
_7467_,fetch,0,0,0,0,,,0.000000,0.000000
_7468_,generated_control,0,0,0,0,,,0.000000,0.000000
_7469_,generated_control,0,0,0,0,,,0.000000,0.000000
_7470_,generated_datapath,0,0,0,0,,,0.000000,0.000000
_7471_,generated_datapath,0,0,0,0,,,0.000000,0.000000
_7472_,generated_control,0,0,0,0,,,0.000000,0.000000
_7473_,generated_control,0,0,0,0,,,0.000000,0.000000
_7474_,generated_control,0,0,0,0,,,0.000000,0.000000
_7475_,generated_datapath,0,1,0,0,,0.443700,0.000000,0.000000
_7476_,generated_datapath,0,1,0,0,,0.443700,0.000000,0.000000
_7477_,fetch,0,0,0,0,,,0.000000,0.000000
_7478_,generated_control,0,0,0,0,,,0.000000,0.000000
_7479_,generated_control,0,0,0,0,,,0.000000,0.000000
_7480_,generated_datapath,0,0,0,0,,,0.000000,0.000000
_7481_,generated_datapath,0,0,0,0,,,0.000000,0.000000
_7482_,generated_control,0,0,0,0,,,0.000000,0.000000
_7483_,generated_control,0,0,0,0,,,0.000000,0.000000
_7484_,generated_control,0,0,0,0,,,0.000000,0.000000
_7485_,generated_datapath,0,0,0,0,,,0.000000,0.000000
_7486_,generated_datapath,0,0,0,0,,,0.000000,0.000000
_7487_,generated_datapath,0,0,0,0,,,0.000000,0.000000
_7488_,generated_datapath,0,0,0,0,,,0.000000,0.000000
_7489_,generated_control,0,0,0,0,,,0.000000,0.000000
_7490_,fetch,0,0,0,0,,,0.000000,0.000000
_7491_,generated_control,0,0,0,0,,,0.000000,0.000000
_7492_,generated_control,0,0,0,0,,,0.000000,0.000000
_7493_,unclassified,0,0,0,0,,,0.000000,0.000000
_7494_,generated_control,0,0,0,0,,,0.000000,0.000000
_7495_,generated_control,0,0,0,0,,,0.000000,0.000000
_7496_,generated_datapath,0,0,0,0,,,0.000000,0.000000
_7497_,generated_datapath,0,0,0,0,,,0.000000,0.000000
_7498_,generated_datapath,0,0,0,0,,,0.000000,0.000000
_7499_,unclassified,0,0,0,0,,,0.000000,0.000000
_7500_,fetch,0,0,0,0,,,0.000000,0.000000
_7501_,generated_control,0,0,0,0,,,0.000000,0.000000
_7502_,generated_control,0,0,0,0,,,0.000000,0.000000
_7503_,generated_datapath,0,0,0,0,,,0.000000,0.000000
_7504_,generated_datapath,0,0,0,0,,,0.000000,0.000000
_7505_,generated_datapath,0,0,0,0,,,0.000000,0.000000
_7506_,generated_datapath,0,0,0,0,,,0.000000,0.000000
_7507_,unclassified,0,0,0,0,,,0.000000,0.000000
_7508_,fetch,0,0,0,0,,,0.000000,0.000000
_7509_,generated_control,0,0,0,0,,,0.000000,0.000000
_7510_,generated_control,0,0,0,0,,,0.000000,0.000000
_7511_,generated_datapath,0,0,0,0,,,0.000000,0.000000
_7512_,generated_datapath,0,0,0,0,,,0.000000,0.000000
_7513_,generated_datapath,0,0,0,0,,,0.000000,0.000000
_7514_,generated_control,0,0,0,0,,,0.000000,0.000000
_7515_,unclassified,0,0,0,0,,,0.000000,0.000000
_7516_,generated_control,0,0,0,0,,,0.000000,0.000000
_7517_,generated_datapath,0,1,0,0,,0.368700,0.000000,0.000000
_7518_,fetch,0,0,0,0,,,0.000000,0.000000
_7519_,generated_control,0,0,0,0,,,0.000000,0.000000
_7520_,generated_control,0,0,0,0,,,0.000000,0.000000
_7521_,generated_datapath,0,0,0,0,,,0.000000,0.000000
_7522_,generated_datapath,0,1,0,0,,0.368700,0.000000,0.000000
_7523_,generated_datapath,0,0,0,0,,,0.000000,0.000000
_7524_,unclassified,0,0,0,0,,,0.000000,0.000000
_7525_,fetch,0,0,0,0,,,0.000000,0.000000
_7526_,generated_control,0,0,0,0,,,0.000000,0.000000
_7527_,generated_control,0,0,0,0,,,0.000000,0.000000
_7528_,decode_control,0,0,0,0,,,0.000000,0.000000
_7529_,generated_datapath,0,0,0,0,,,0.000000,0.000000
_7530_,generated_control,0,0,0,0,,,0.000000,0.000000
_7531_,generated_control,0,0,0,0,,,0.000000,0.000000
_7532_,generated_control,0,0,0,0,,,0.000000,0.000000
_7533_,generated_control,0,0,0,0,,,0.000000,0.000000
_7534_,generated_control,0,0,0,0,,,0.000000,0.000000
_7535_,generated_control,0,0,0,0,,,0.000000,0.000000
_7536_,generated_control,0,0,0,0,,,0.000000,0.000000
_7537_,generated_control,0,0,0,0,,,0.000000,0.000000
_7538_,generated_control,0,0,0,0,,,0.000000,0.000000
_7539_,register_file,0,0,0,0,,,0.000000,0.000000
_7540_,clock_reset,0,0,0,0,,,0.000000,0.000000
_7541_,generated_control,0,0,0,0,,,0.000000,0.000000
_7542_,register_file,0,0,0,0,,,0.000000,0.000000
_7543_,generated_control,0,0,0,0,,,0.000000,0.000000
_7546_,register_file,0,0,0,0,,,0.000000,0.000000
_7547_,register_file,0,0,0,0,,,0.000000,0.000000
_7549_,generated_control,0,0,0,0,,,0.000000,0.000000
_7551_,register_file,0,0,0,0,,,0.000000,0.000000
_7552_,register_file,0,0,0,0,,,0.000000,0.000000
_7555_,generated_control,0,1,0,0,,0.249300,0.000000,0.000000
_7559_,register_file,0,0,0,0,,,0.000000,0.000000
_7560_,register_file,0,1,0,0,,0.249300,0.000000,0.000000
_7561_,generated_control,0,1,0,0,,0.320600,0.000000,0.000000
_7562_,register_file,0,0,0,0,,,0.000000,0.000000
_7563_,register_file,0,1,0,0,,0.320600,0.000000,0.000000
_7564_,generated_control,0,1,0,0,,0.284100,0.000000,0.000000
_7565_,register_file,0,0,0,0,,,0.000000,0.000000
_7566_,register_file,0,1,0,0,,0.284100,0.000000,0.000000
_7567_,generated_control,0,1,0,0,,0.370800,0.000000,0.000000
_7569_,register_file,0,0,0,0,,,0.000000,0.000000
_7570_,register_file,0,1,0,0,,0.370800,0.000000,0.000000
_7571_,generated_control,0,1,0,0,,0.235600,0.000000,0.000000
_7572_,register_file,0,0,0,0,,,0.000000,0.000000
_7573_,register_file,0,1,0,0,,0.235600,0.000000,0.000000
_7574_,generated_control,0,1,0,0,,0.208800,0.000000,0.000000
_7575_,register_file,0,0,0,0,,,0.000000,0.000000
_7576_,register_file,0,1,0,0,,0.208800,0.000000,0.000000
_7577_,generated_control,0,1,0,0,,0.352600,0.000000,0.000000
_7578_,register_file,0,0,0,0,,,0.000000,0.000000
_7579_,register_file,0,1,0,0,,0.352600,0.000000,0.000000
_7580_,generated_control,0,0,0,0,,,0.000000,0.000000
_7581_,register_file,0,0,0,0,,,0.000000,0.000000
_7582_,register_file,0,0,0,0,,,0.000000,0.000000
_7583_,generated_control,0,2,0,0,,0.353800,0.000000,0.000000
_7584_,register_file,0,0,0,0,,,0.000000,0.000000
_7585_,register_file,0,2,0,0,,0.353800,0.000000,0.000000
_7586_,generated_control,0,0,0,0,,,0.000000,0.000000
_7587_,register_file,0,0,0,0,,,0.000000,0.000000
_7588_,register_file,0,0,0,0,,,0.000000,0.000000
_7589_,generated_control,0,0,0,0,,,0.000000,0.000000
_7590_,register_file,0,0,0,0,,,0.000000,0.000000
_7591_,register_file,0,0,0,0,,,0.000000,0.000000
_7592_,generated_control,0,2,0,0,,0.323000,0.000000,0.000000
_7593_,register_file,0,0,0,0,,,0.000000,0.000000
_7594_,register_file,0,2,0,0,,0.323000,0.000000,0.000000
_7595_,generated_control,0,2,0,0,,0.347300,0.000000,0.000000
_7596_,register_file,0,0,0,0,,,0.000000,0.000000
_7597_,register_file,0,2,0,0,,0.347300,0.000000,0.000000
_7598_,generated_control,0,1,0,0,,0.350400,0.000000,0.000000
_7599_,register_file,0,0,0,0,,,0.000000,0.000000
_7600_,register_file,0,1,0,0,,0.350400,0.000000,0.000000
_7601_,generated_control,0,0,0,0,,,0.000000,0.000000
_7602_,register_file,0,0,0,0,,,0.000000,0.000000
_7603_,register_file,0,0,0,0,,,0.000000,0.000000
_7604_,generated_control,0,2,0,0,,0.339300,0.000000,0.000000
_7605_,register_file,0,0,0,0,,,0.000000,0.000000
_7606_,register_file,0,2,0,0,,0.339300,0.000000,0.000000
_7607_,generated_control,0,1,0,0,,0.288200,0.000000,0.000000
_7608_,register_file,0,0,0,0,,,0.000000,0.000000
_7609_,register_file,0,1,0,0,,0.288200,0.000000,0.000000
_7610_,generated_control,0,1,0,0,,0.337700,0.000000,0.000000
_7611_,register_file,0,0,0,0,,,0.000000,0.000000
_7612_,register_file,0,1,0,0,,0.337700,0.000000,0.000000
_7613_,generated_control,0,1,0,0,,0.281700,0.000000,0.000000
_7614_,register_file,0,0,0,0,,,0.000000,0.000000
_7615_,register_file,0,1,0,0,,0.281700,0.000000,0.000000
_7616_,generated_control,0,1,0,0,,0.349900,0.000000,0.000000
_7617_,register_file,0,0,0,0,,,0.000000,0.000000
_7618_,register_file,0,1,0,0,,0.349900,0.000000,0.000000
_7619_,generated_control,0,0,0,0,,,0.000000,0.000000
_7620_,register_file,0,0,0,0,,,0.000000,0.000000
_7621_,register_file,0,0,0,0,,,0.000000,0.000000
_7624_,generated_control,0,0,0,0,,,0.000000,0.000000
_7626_,generated_control,0,0,0,0,,,0.000000,0.000000
_7627_,unclassified,0,0,0,0,,,0.000000,0.000000
_7628_,generated_control,0,0,0,0,,,0.000000,0.000000
_7629_,generated_control,0,0,0,0,,,0.000000,0.000000
_7630_,unclassified,0,0,0,0,,,0.000000,0.000000
_7631_,generated_control,0,0,0,0,,,0.000000,0.000000
_7632_,generated_control,0,0,0,0,,,0.000000,0.000000
_7633_,unclassified,0,0,0,0,,,0.000000,0.000000
_7634_,generated_control,0,0,0,0,,,0.000000,0.000000
_7635_,generated_control,0,0,0,0,,,0.000000,0.000000
_7636_,unclassified,0,0,0,0,,,0.000000,0.000000
_7637_,generated_control,0,0,0,0,,,0.000000,0.000000
_7638_,generated_control,0,0,0,0,,,0.000000,0.000000
_7639_,generated_control,0,0,0,0,,,0.000000,0.000000
_7640_,unclassified,0,0,0,0,,,0.000000,0.000000
_7641_,generated_control,0,0,0,0,,,0.000000,0.000000
_7642_,generated_control,0,0,0,0,,,0.000000,0.000000
_7643_,generated_control,0,0,0,0,,,0.000000,0.000000
_7644_,unclassified,0,0,0,0,,,0.000000,0.000000
_7645_,generated_control,0,0,0,0,,,0.000000,0.000000
_7646_,generated_control,0,0,0,0,,,0.000000,0.000000
_7647_,unclassified,0,0,0,0,,,0.000000,0.000000
_7648_,generated_control,0,0,0,0,,,0.000000,0.000000
_7649_,generated_control,0,0,0,0,,,0.000000,0.000000
_7650_,unclassified,0,0,0,0,,,0.000000,0.000000
_7651_,generated_control,0,0,0,0,,,0.000000,0.000000
_7652_,generated_control,0,0,0,0,,,0.000000,0.000000
_7653_,unclassified,0,0,0,0,,,0.000000,0.000000
_7654_,generated_control,0,0,0,0,,,0.000000,0.000000
_7656_,generated_control,0,0,0,0,,,0.000000,0.000000
_7657_,generated_control,0,0,0,0,,,0.000000,0.000000
_7658_,unclassified,0,0,0,0,,,0.000000,0.000000
_7659_,generated_control,0,0,0,0,,,0.000000,0.000000
_7661_,generated_control,0,0,0,0,,,0.000000,0.000000
_7663_,generated_control,0,0,0,0,,,0.000000,0.000000
_7664_,unclassified,0,0,0,0,,,0.000000,0.000000
_7665_,generated_control,0,0,0,0,,,0.000000,0.000000
_7666_,generated_control,0,0,0,0,,,0.000000,0.000000
_7667_,generated_control,0,0,0,0,,,0.000000,0.000000
_7668_,unclassified,0,0,0,0,,,0.000000,0.000000
_7669_,generated_control,0,0,0,0,,,0.000000,0.000000
_7670_,generated_control,0,0,0,0,,,0.000000,0.000000
_7671_,unclassified,0,0,0,0,,,0.000000,0.000000
_7672_,generated_control,0,0,0,0,,,0.000000,0.000000
_7673_,generated_control,0,0,0,0,,,0.000000,0.000000
_7674_,unclassified,0,0,0,0,,,0.000000,0.000000
_7675_,generated_control,0,0,0,0,,,0.000000,0.000000
_7676_,generated_control,0,0,0,0,,,0.000000,0.000000
_7677_,unclassified,0,0,0,0,,,0.000000,0.000000
_7678_,generated_control,0,0,0,0,,,0.000000,0.000000
_7679_,generated_control,0,0,0,0,,,0.000000,0.000000
_7680_,unclassified,0,0,0,0,,,0.000000,0.000000
_7682_,generated_control,0,0,0,0,,,0.000000,0.000000
_7683_,generated_control,0,0,0,0,,,0.000000,0.000000
_7684_,generated_control,0,0,0,0,,,0.000000,0.000000
_7685_,unclassified,0,0,0,0,,,0.000000,0.000000
_7686_,generated_control,0,0,0,0,,,0.000000,0.000000
_7687_,generated_control,0,0,0,0,,,0.000000,0.000000
_7688_,generated_control,0,0,0,0,,,0.000000,0.000000
_7689_,unclassified,0,0,0,0,,,0.000000,0.000000
_7690_,generated_control,0,0,0,0,,,0.000000,0.000000
_7691_,generated_control,0,0,0,0,,,0.000000,0.000000
_7692_,generated_control,0,0,0,0,,,0.000000,0.000000
_7693_,unclassified,0,0,0,0,,,0.000000,0.000000
_7694_,generated_control,0,0,0,0,,,0.000000,0.000000
_7696_,generated_control,0,0,0,0,,,0.000000,0.000000
_7697_,generated_control,0,0,0,0,,,0.000000,0.000000
_7698_,unclassified,0,0,0,0,,,0.000000,0.000000
_7700_,generated_control,0,0,0,0,,,0.000000,0.000000
_7702_,generated_control,0,0,0,0,,,0.000000,0.000000
_7703_,unclassified,0,0,0,0,,,0.000000,0.000000
_7704_,generated_control,0,0,0,0,,,0.000000,0.000000
_7705_,generated_control,0,0,0,0,,,0.000000,0.000000
_7706_,generated_control,0,0,0,0,,,0.000000,0.000000
_7707_,unclassified,0,0,0,0,,,0.000000,0.000000
_7708_,generated_control,0,0,0,0,,,0.000000,0.000000
_7709_,generated_control,0,0,0,0,,,0.000000,0.000000
_7710_,unclassified,0,0,0,0,,,0.000000,0.000000
_7711_,generated_control,0,0,0,0,,,0.000000,0.000000
_7712_,generated_control,0,0,0,0,,,0.000000,0.000000
_7713_,generated_control,0,0,0,0,,,0.000000,0.000000
_7714_,unclassified,0,0,0,0,,,0.000000,0.000000
_7715_,generated_control,0,0,0,0,,,0.000000,0.000000
_7716_,generated_control,0,0,0,0,,,0.000000,0.000000
_7717_,generated_control,0,0,0,0,,,0.000000,0.000000
_7718_,unclassified,0,0,0,0,,,0.000000,0.000000
_7719_,generated_control,0,0,0,0,,,0.000000,0.000000
_7720_,generated_control,0,0,0,0,,,0.000000,0.000000
_7721_,unclassified,0,0,0,0,,,0.000000,0.000000
_7722_,generated_control,0,0,0,0,,,0.000000,0.000000
_7723_,generated_control,0,0,0,0,,,0.000000,0.000000
_7724_,generated_control,0,0,0,0,,,0.000000,0.000000
_7725_,unclassified,0,0,0,0,,,0.000000,0.000000
_7726_,generated_control,0,0,0,0,,,0.000000,0.000000
_7727_,generated_control,0,0,0,0,,,0.000000,0.000000
_7728_,generated_control,0,0,0,0,,,0.000000,0.000000
_7729_,unclassified,0,0,0,0,,,0.000000,0.000000
_7730_,generated_control,0,0,0,0,,,0.000000,0.000000
_7731_,generated_control,0,0,0,0,,,0.000000,0.000000
_7732_,generated_control,0,0,0,0,,,0.000000,0.000000
_7733_,unclassified,0,0,0,0,,,0.000000,0.000000
_7734_,generated_control,0,0,0,0,,,0.000000,0.000000
_7735_,generated_control,0,0,0,0,,,0.000000,0.000000
_7736_,generated_control,0,0,0,0,,,0.000000,0.000000
_7737_,generated_control,0,0,0,0,,,0.000000,0.000000
_7738_,generated_control,0,0,0,0,,,0.000000,0.000000
_7739_,generated_control,0,0,0,0,,,0.000000,0.000000
_7740_,generated_control,0,0,0,0,,,0.000000,0.000000
_7741_,generated_control,0,0,0,0,,,0.000000,0.000000
_7742_,generated_control,0,0,0,0,,,0.000000,0.000000
_7743_,generated_control,0,0,0,0,,,0.000000,0.000000
_7744_,fetch,0,0,0,0,,,0.000000,0.000000
_7747_,generated_control,0,0,0,0,,,0.000000,0.000000
_7749_,register_file,0,0,0,0,,,0.000000,0.000000
_7752_,decode_control,0,0,0,0,,,0.000000,0.000000
_7753_,generated_control,0,0,0,0,,,0.000000,0.000000
_7755_,register_file,0,0,0,0,,,0.000000,0.000000
_7756_,register_file,0,0,0,0,,,0.000000,0.000000
_7757_,register_file,0,0,0,0,,,0.000000,0.000000
_7758_,register_file,0,0,0,0,,,0.000000,0.000000
_7759_,register_file,0,0,0,0,,,0.000000,0.000000
_7760_,register_file,0,0,0,0,,,0.000000,0.000000
_7761_,register_file,0,0,0,0,,,0.000000,0.000000
_7762_,register_file,0,0,0,0,,,0.000000,0.000000
_7763_,register_file,0,0,0,0,,,0.000000,0.000000
_7764_,register_file,0,0,0,0,,,0.000000,0.000000
_7766_,register_file,0,0,0,0,,,0.000000,0.000000
_7768_,register_file,0,0,0,0,,,0.000000,0.000000
_7769_,register_file,0,0,0,0,,,0.000000,0.000000
_7770_,register_file,0,0,0,0,,,0.000000,0.000000
_7771_,register_file,0,0,0,0,,,0.000000,0.000000
_7772_,register_file,0,0,0,0,,,0.000000,0.000000
_7774_,register_file,0,0,0,0,,,0.000000,0.000000
_7775_,register_file,0,0,0,0,,,0.000000,0.000000
_7776_,register_file,0,0,0,0,,,0.000000,0.000000
_7778_,register_file,0,0,0,0,,,0.000000,0.000000
_7779_,register_file,0,0,0,0,,,0.000000,0.000000
_7780_,generated_control,0,0,0,0,,,0.000000,0.000000
_7781_,register_file,0,0,0,0,,,0.000000,0.000000
_7782_,register_file,0,0,0,0,,,0.000000,0.000000
_7783_,register_file,0,0,0,0,,,0.000000,0.000000
_7784_,register_file,0,0,0,0,,,0.000000,0.000000
_7785_,register_file,0,0,0,0,,,0.000000,0.000000
_7786_,register_file,0,0,0,0,,,0.000000,0.000000
_7787_,generated_control,0,0,0,0,,,0.000000,0.000000
_7788_,generated_control,0,0,0,0,,,0.000000,0.000000
_7789_,generated_control,0,0,0,0,,,0.000000,0.000000
_7790_,register_file,0,0,0,0,,,0.000000,0.000000
_7791_,generated_control,0,0,0,0,,,0.000000,0.000000
_7792_,register_file,0,0,0,0,,,0.000000,0.000000
_7793_,generated_control,0,0,0,0,,,0.000000,0.000000
_7794_,register_file,0,0,0,0,,,0.000000,0.000000
_7795_,generated_control,0,0,0,0,,,0.000000,0.000000
_7796_,register_file,0,0,0,0,,,0.000000,0.000000
_7797_,generated_control,0,0,0,0,,,0.000000,0.000000
_7798_,generated_control,0,0,0,0,,,0.000000,0.000000
_7801_,fetch,0,0,0,0,,,0.000000,0.000000
_7802_,fetch,0,0,0,0,,,0.000000,0.000000
_7803_,fetch,0,0,0,0,,,0.000000,0.000000
_7804_,fetch,0,0,0,0,,,0.000000,0.000000
_7806_,fetch,0,0,0,0,,,0.000000,0.000000
_7807_,generated_control,0,0,0,0,,,0.000000,0.000000
_7808_,fetch,0,0,0,0,,,0.000000,0.000000
_7809_,fetch,0,0,0,0,,,0.000000,0.000000
_7810_,fetch,0,0,0,0,,,0.000000,0.000000
_7811_,fetch,0,0,0,0,,,0.000000,0.000000
_7812_,fetch,0,0,0,0,,,0.000000,0.000000
_7813_,fetch,0,0,0,0,,,0.000000,0.000000
_7814_,generated_control,0,0,0,0,,,0.000000,0.000000
_7815_,fetch,0,0,0,0,,,0.000000,0.000000
_7816_,generated_control,0,0,0,0,,,0.000000,0.000000
_7817_,fetch,0,0,0,0,,,0.000000,0.000000
_7818_,fetch,0,0,0,0,,,0.000000,0.000000
_7819_,fetch,0,0,0,0,,,0.000000,0.000000
_7820_,fetch,0,0,0,0,,,0.000000,0.000000
_7821_,generated_control,0,0,0,0,,,0.000000,0.000000
_7822_,fetch,0,0,0,0,,,0.000000,0.000000
_7823_,generated_control,0,0,0,0,,,0.000000,0.000000
_7824_,fetch,0,0,0,0,,,0.000000,0.000000
_7825_,fetch,0,0,0,0,,,0.000000,0.000000
_7826_,fetch,0,0,0,0,,,0.000000,0.000000
_7827_,fetch,0,0,0,0,,,0.000000,0.000000
_7828_,fetch,0,0,0,0,,,0.000000,0.000000
_7829_,generated_control,0,0,0,0,,,0.000000,0.000000
_7830_,generated_control,0,0,0,0,,,0.000000,0.000000
_7831_,fetch,0,0,0,0,,,0.000000,0.000000
_7832_,fetch,0,0,0,0,,,0.000000,0.000000
_7833_,generated_control,0,0,0,0,,,0.000000,0.000000
_7834_,fetch,0,0,0,0,,,0.000000,0.000000
_7835_,generated_control,0,0,0,0,,,0.000000,0.000000
_7836_,generated_control,0,0,0,0,,,0.000000,0.000000
_7837_,fetch,0,0,0,0,,,0.000000,0.000000
_7838_,generated_control,0,0,0,0,,,0.000000,0.000000
_7839_,fetch,0,0,0,0,,,0.000000,0.000000
_7841_,generated_control,0,0,0,0,,,0.000000,0.000000
_7842_,generated_control,0,0,0,0,,,0.000000,0.000000
_7843_,generated_control,0,0,0,0,,,0.000000,0.000000
_7844_,generated_control,0,0,0,0,,,0.000000,0.000000
_7845_,fetch,0,0,0,0,,,0.000000,0.000000
_7846_,generated_control,0,0,0,0,,,0.000000,0.000000
_7847_,generated_control,0,0,0,0,,,0.000000,0.000000
_7848_,fetch,0,0,0,0,,,0.000000,0.000000
_7849_,generated_control,0,0,0,0,,,0.000000,0.000000
_7850_,fetch,0,0,0,0,,,0.000000,0.000000
_7851_,fetch,0,0,0,0,,,0.000000,0.000000
_7852_,generated_control,0,0,0,0,,,0.000000,0.000000
_7853_,fetch,0,0,0,0,,,0.000000,0.000000
_7854_,fetch,0,0,0,0,,,0.000000,0.000000
_7855_,generated_control,0,0,0,0,,,0.000000,0.000000
_7856_,generated_control,0,0,0,0,,,0.000000,0.000000
_7857_,fetch,0,0,0,0,,,0.000000,0.000000
_7858_,generated_control,0,0,0,0,,,0.000000,0.000000
_7859_,generated_control,0,0,0,0,,,0.000000,0.000000
_7860_,fetch,0,0,0,0,,,0.000000,0.000000
_7861_,fetch,0,0,0,0,,,0.000000,0.000000
_7863_,generated_datapath,0,0,0,0,,,0.000000,0.000000
_7864_,fetch,0,0,0,0,,,0.000000,0.000000
_7865_,generated_control,0,0,0,0,,,0.000000,0.000000
_7866_,fetch,0,0,0,0,,,0.000000,0.000000
_7867_,fetch,0,0,0,0,,,0.000000,0.000000
_7868_,generated_datapath,0,0,0,0,,,0.000000,0.000000
_7869_,fetch,0,0,0,0,,,0.000000,0.000000
_7870_,fetch,0,0,0,0,,,0.000000,0.000000
_7871_,generated_control,0,0,0,0,,,0.000000,0.000000
_7873_,generated_control,0,0,0,0,,,0.000000,0.000000
_7874_,fetch,0,0,0,0,,,0.000000,0.000000
_7875_,generated_control,0,0,0,0,,,0.000000,0.000000
_7876_,fetch,0,0,0,0,,,0.000000,0.000000
_7877_,fetch,0,0,0,0,,,0.000000,0.000000
_7878_,generated_control,0,0,0,0,,,0.000000,0.000000
_7879_,fetch,0,0,0,0,,,0.000000,0.000000
_7880_,fetch,0,0,0,0,,,0.000000,0.000000
_7881_,generated_control,0,0,0,0,,,0.000000,0.000000
_7882_,fetch,0,0,0,0,,,0.000000,0.000000
_7883_,generated_control,0,0,0,0,,,0.000000,0.000000
_7884_,fetch,0,0,0,0,,,0.000000,0.000000
_7885_,fetch,0,0,0,0,,,0.000000,0.000000
_7886_,generated_control,0,0,0,0,,,0.000000,0.000000
_7887_,generated_control,0,0,0,0,,,0.000000,0.000000
_7888_,fetch,0,0,0,0,,,0.000000,0.000000
_7889_,generated_control,0,0,0,0,,,0.000000,0.000000
_7890_,fetch,0,0,0,0,,,0.000000,0.000000
_7891_,fetch,0,0,0,0,,,0.000000,0.000000
_7892_,generated_control,0,0,0,0,,,0.000000,0.000000
_7893_,fetch,0,0,0,0,,,0.000000,0.000000
_7894_,fetch,0,0,0,0,,,0.000000,0.000000
_7895_,generated_control,0,0,0,0,,,0.000000,0.000000
_7896_,fetch,0,0,0,0,,,0.000000,0.000000
_7897_,generated_control,0,0,0,0,,,0.000000,0.000000
_7898_,fetch,0,0,0,0,,,0.000000,0.000000
_7899_,fetch,0,0,0,0,,,0.000000,0.000000
_7900_,fetch,0,0,0,0,,,0.000000,0.000000
_7901_,generated_datapath,0,0,0,0,,,0.000000,0.000000
_7902_,fetch,0,0,0,0,,,0.000000,0.000000
_7903_,fetch,0,0,0,0,,,0.000000,0.000000
_7904_,fetch,0,0,0,0,,,0.000000,0.000000
_7905_,generated_datapath,0,0,0,0,,,0.000000,0.000000
_7906_,fetch,0,0,0,0,,,0.000000,0.000000
_7907_,generated_control,0,0,0,0,,,0.000000,0.000000
_7908_,fetch,0,0,0,0,,,0.000000,0.000000
_7909_,generated_control,0,0,0,0,,,0.000000,0.000000
_7911_,fetch,0,0,0,0,,,0.000000,0.000000
_7912_,generated_control,0,0,0,0,,,0.000000,0.000000
_7913_,fetch,0,0,0,0,,,0.000000,0.000000
_7914_,fetch,0,0,0,0,,,0.000000,0.000000
_7915_,fetch,0,0,0,0,,,0.000000,0.000000
_7916_,generated_datapath,0,0,0,0,,,0.000000,0.000000
_7917_,generated_control,0,0,0,0,,,0.000000,0.000000
_7918_,fetch,0,0,0,0,,,0.000000,0.000000
_7919_,generated_control,0,0,0,0,,,0.000000,0.000000
_7920_,fetch,0,0,0,0,,,0.000000,0.000000
_7921_,generated_control,0,0,0,0,,,0.000000,0.000000
_7922_,fetch,0,0,0,0,,,0.000000,0.000000
_7923_,generated_control,0,0,0,0,,,0.000000,0.000000
_7924_,fetch,0,0,0,0,,,0.000000,0.000000
_7925_,fetch,0,0,0,0,,,0.000000,0.000000
_7926_,generated_control,0,0,0,0,,,0.000000,0.000000
_7927_,fetch,0,0,0,0,,,0.000000,0.000000
_7928_,generated_control,0,0,0,0,,,0.000000,0.000000
_7929_,generated_control,0,0,0,0,,,0.000000,0.000000
_7930_,fetch,0,0,0,0,,,0.000000,0.000000
_7931_,fetch,0,0,0,0,,,0.000000,0.000000
_7932_,generated_control,0,0,0,0,,,0.000000,0.000000
_7933_,fetch,0,0,0,0,,,0.000000,0.000000
_7934_,generated_control,0,0,0,0,,,0.000000,0.000000
_7935_,generated_control,0,0,0,0,,,0.000000,0.000000
_7936_,generated_control,0,0,0,0,,,0.000000,0.000000
_7937_,fetch,0,0,0,0,,,0.000000,0.000000
_7938_,fetch,0,0,0,0,,,0.000000,0.000000
_7939_,generated_control,0,0,0,0,,,0.000000,0.000000
_7940_,generated_control,0,0,0,0,,,0.000000,0.000000
_7941_,fetch,0,0,0,0,,,0.000000,0.000000
_7942_,fetch,0,0,0,0,,,0.000000,0.000000
_7943_,generated_control,0,0,0,0,,,0.000000,0.000000
_7944_,generated_control,0,0,0,0,,,0.000000,0.000000
_7945_,fetch,0,0,0,0,,,0.000000,0.000000
_7946_,generated_control,0,0,0,0,,,0.000000,0.000000
_7947_,fetch,0,0,0,0,,,0.000000,0.000000
_7948_,fetch,0,0,0,0,,,0.000000,0.000000
_7949_,generated_control,0,0,0,0,,,0.000000,0.000000
_7952_,fetch,0,0,0,0,,,0.000000,0.000000
_7953_,fetch,0,0,0,0,,,0.000000,0.000000
_7954_,generated_control,0,0,0,0,,,0.000000,0.000000
_7955_,fetch,0,0,0,0,,,0.000000,0.000000
_7956_,fetch,0,0,0,0,,,0.000000,0.000000
_7957_,generated_control,0,0,0,0,,,0.000000,0.000000
_7958_,fetch,0,0,0,0,,,0.000000,0.000000
_7959_,generated_control,0,0,0,0,,,0.000000,0.000000
_7961_,generated_control,0,0,0,0,,,0.000000,0.000000
_7962_,fetch,0,0,0,0,,,0.000000,0.000000
_7963_,fetch,0,0,0,0,,,0.000000,0.000000
_7964_,generated_control,0,1,0,0,,0.119400,0.000000,0.000000
_7965_,generated_control,0,0,0,0,,,0.000000,0.000000
_7966_,generated_control,0,0,0,0,,,0.000000,0.000000
_7967_,fetch,0,0,0,0,,,0.000000,0.000000
_7968_,generated_control,0,0,0,0,,,0.000000,0.000000
_7969_,fetch,0,0,0,0,,,0.000000,0.000000
_7970_,fetch,0,0,0,0,,,0.000000,0.000000
_7971_,generated_control,0,0,0,0,,,0.000000,0.000000
_7972_,fetch,0,0,0,0,,,0.000000,0.000000
_7973_,fetch,0,0,0,0,,,0.000000,0.000000
_7974_,generated_control,0,0,0,0,,,0.000000,0.000000
_7975_,fetch,0,0,0,0,,,0.000000,0.000000
_7976_,fetch,0,0,0,0,,,0.000000,0.000000
_7977_,generated_control,0,0,0,0,,,0.000000,0.000000
_7978_,fetch,0,0,0,0,,,0.000000,0.000000
_7979_,generated_control,0,0,0,0,,,0.000000,0.000000
_7980_,generated_control,0,0,0,0,,,0.000000,0.000000
_7981_,generated_datapath,0,0,0,0,,,0.000000,0.000000
_7982_,generated_control,0,0,0,0,,,0.000000,0.000000
_7983_,fetch,0,0,0,0,,,0.000000,0.000000
_7984_,fetch,0,0,0,0,,,0.000000,0.000000
_7985_,generated_datapath,0,0,0,0,,,0.000000,0.000000
_7986_,fetch,0,0,0,0,,,0.000000,0.000000
_7987_,fetch,0,0,0,0,,,0.000000,0.000000
_7988_,generated_control,0,0,0,0,,,0.000000,0.000000
_7989_,fetch,0,0,0,0,,,0.000000,0.000000
_7990_,fetch,0,0,0,0,,,0.000000,0.000000
_7991_,fetch,0,0,0,0,,,0.000000,0.000000
_7992_,generated_datapath,0,0,0,0,,,0.000000,0.000000
_7994_,generated_control,0,0,0,0,,,0.000000,0.000000
_7995_,fetch,0,0,0,0,,,0.000000,0.000000
_7996_,generated_control,0,0,0,0,,,0.000000,0.000000
_7997_,fetch,0,0,0,0,,,0.000000,0.000000
_7998_,fetch,0,0,0,0,,,0.000000,0.000000
_7999_,generated_datapath,0,0,0,0,,,0.000000,0.000000
_8001_,fetch,0,0,0,0,,,0.000000,0.000000
_8002_,fetch,0,0,0,0,,,0.000000,0.000000
_8003_,generated_control,0,1,0,0,,0.120600,0.000000,0.000000
_8004_,fetch,0,0,0,0,,,0.000000,0.000000
_8005_,fetch,0,0,0,0,,,0.000000,0.000000
_8006_,generated_control,0,0,0,0,,,0.000000,0.000000
_8007_,fetch,0,0,0,0,,,0.000000,0.000000
_8008_,generated_control,0,0,0,0,,,0.000000,0.000000
_8009_,generated_control,0,0,0,0,,,0.000000,0.000000
_8010_,generated_control,0,0,0,0,,,0.000000,0.000000
_8011_,fetch,0,0,0,0,,,0.000000,0.000000
_8012_,fetch,0,0,0,0,,,0.000000,0.000000
_8013_,generated_datapath,0,0,0,0,,,0.000000,0.000000
_8014_,fetch,0,0,0,0,,,0.000000,0.000000
_8015_,fetch,0,0,0,0,,,0.000000,0.000000
_8016_,fetch,0,0,0,0,,,0.000000,0.000000
_8017_,fetch,0,0,0,0,,,0.000000,0.000000
_8019_,generated_datapath,0,0,0,0,,,0.000000,0.000000
_8020_,generated_control,0,0,0,0,,,0.000000,0.000000
_8021_,fetch,0,0,0,0,,,0.000000,0.000000
_8022_,generated_control,0,0,0,0,,,0.000000,0.000000
_8023_,fetch,0,0,0,0,,,0.000000,0.000000
_8024_,fetch,0,0,0,0,,,0.000000,0.000000
_8025_,fetch,0,0,0,0,,,0.000000,0.000000
_8026_,generated_datapath,0,0,0,0,,,0.000000,0.000000
_8027_,fetch,0,0,0,0,,,0.000000,0.000000
_8028_,fetch,0,0,0,0,,,0.000000,0.000000
_8029_,fetch,0,0,0,0,,,0.000000,0.000000
_8030_,generated_datapath,0,0,0,0,,,0.000000,0.000000
_8031_,fetch,0,0,0,0,,,0.000000,0.000000
_8032_,fetch,0,0,0,0,,,0.000000,0.000000
_8033_,generated_control,0,0,0,0,,,0.000000,0.000000
_8034_,fetch,0,0,0,0,,,0.000000,0.000000
_8035_,generated_control,0,0,0,0,,,0.000000,0.000000
_8036_,fetch,0,0,0,0,,,0.000000,0.000000
_8038_,generated_control,0,0,0,0,,,0.000000,0.000000
_8039_,generated_control,0,0,0,0,,,0.000000,0.000000
_8040_,fetch,0,0,0,0,,,0.000000,0.000000
_8041_,fetch,0,0,0,0,,,0.000000,0.000000
_8042_,fetch,0,0,0,0,,,0.000000,0.000000
_8043_,generated_datapath,0,0,0,0,,,0.000000,0.000000
_8044_,fetch,0,0,0,0,,,0.000000,0.000000
_8045_,fetch,0,0,0,0,,,0.000000,0.000000
_8046_,generated_control,0,0,0,0,,,0.000000,0.000000
_8047_,fetch,0,0,0,0,,,0.000000,0.000000
_8048_,generated_control,0,0,0,0,,,0.000000,0.000000
_8049_,generated_control,0,0,0,0,,,0.000000,0.000000
_8050_,fetch,0,0,0,0,,,0.000000,0.000000
_8051_,generated_control,0,0,0,0,,,0.000000,0.000000
_8052_,generated_control,0,0,0,0,,,0.000000,0.000000
_8053_,fetch,0,0,0,0,,,0.000000,0.000000
_8054_,generated_datapath,0,0,0,0,,,0.000000,0.000000
_8055_,fetch,0,0,0,0,,,0.000000,0.000000
_8056_,generated_control,0,0,0,0,,,0.000000,0.000000
_8059_,generated_datapath,0,0,0,0,,,0.000000,0.000000
_8060_,generated_control,0,0,0,0,,,0.000000,0.000000
_8061_,generated_control,0,0,0,0,,,0.000000,0.000000
_8063_,generated_control,0,0,0,0,,,0.000000,0.000000
_8064_,generated_control,0,0,0,0,,,0.000000,0.000000
_8065_,generated_datapath,0,0,0,0,,,0.000000,0.000000
_8066_,generated_datapath,0,0,0,0,,,0.000000,0.000000
_8067_,generated_datapath,0,0,0,0,,,0.000000,0.000000
_8068_,generated_datapath,0,0,0,0,,,0.000000,0.000000
_8069_,generated_datapath,0,0,0,0,,,0.000000,0.000000
_8070_,generated_datapath,0,0,0,0,,,0.000000,0.000000
_8072_,generated_datapath,0,0,0,0,,,0.000000,0.000000
_8073_,generated_datapath,0,0,0,0,,,0.000000,0.000000
_8074_,generated_datapath,1,0,0,0,5.497800,,0.153898,0.072787
_8076_,generated_control,0,0,0,0,,,0.000000,0.000000
_8077_,generated_control,0,0,0,0,,,0.000000,0.000000
_8078_,generated_control,1,0,0,0,5.497800,,0.153898,0.072787
_8079_,generated_control,0,0,0,0,,,0.000000,0.000000
_8080_,generated_control,4,0,0,0,5.185100,,0.632737,0.299258
_8081_,generated_control,4,0,0,0,5.185100,,0.632737,0.299258
_8082_,generated_control,0,0,0,0,,,0.000000,0.000000
_8083_,generated_datapath,0,0,0,0,,,0.000000,0.000000
_8084_,generated_datapath,0,0,0,0,,,0.000000,0.000000
_8085_,generated_datapath,0,0,0,0,,,0.000000,0.000000
_8086_,generated_control,0,0,0,0,,,0.000000,0.000000
_8087_,generated_control,0,0,0,0,,,0.000000,0.000000
_8088_,generated_datapath,0,0,0,0,,,0.000000,0.000000
_8089_,generated_control,0,0,0,0,,,0.000000,0.000000
_8090_,generated_control,0,0,0,0,,,0.000000,0.000000
_8091_,generated_control,0,0,0,0,,,0.000000,0.000000
_8092_,generated_datapath,0,0,0,0,,,0.000000,0.000000
_8093_,generated_datapath,0,0,0,0,,,0.000000,0.000000
_8094_,generated_datapath,0,0,0,0,,,0.000000,0.000000
_8095_,generated_control,0,0,0,0,,,0.000000,0.000000
_8096_,generated_datapath,0,0,0,0,,,0.000000,0.000000
_8097_,generated_control,0,0,0,0,,,0.000000,0.000000
_8098_,generated_control,0,0,0,0,,,0.000000,0.000000
_8099_,generated_control,0,0,0,0,,,0.000000,0.000000
_8100_,generated_control,0,0,0,0,,,0.000000,0.000000
_8101_,generated_control,4,0,0,0,5.185100,,0.632737,0.299258
_8102_,unclassified,5,0,0,0,5.185100,,0.786635,0.372045
_8103_,generated_datapath,0,0,0,0,,,0.000000,0.000000
_8104_,generated_control,0,0,0,0,,,0.000000,0.000000
_8105_,generated_control,0,0,0,0,,,0.000000,0.000000
_8106_,generated_datapath,3,0,0,0,5.185100,,0.478375,0.226251
_8107_,generated_control,0,0,0,0,,,0.000000,0.000000
_8108_,generated_datapath,1,0,0,0,5.185100,,0.161679,0.076467
_8109_,generated_control,1,0,0,0,5.185100,,0.161679,0.076467
_8110_,generated_control,0,0,0,0,,,0.000000,0.000000
_8111_,generated_control,0,0,0,0,,,0.000000,0.000000
_8112_,generated_control,0,0,0,0,,,0.000000,0.000000
_8113_,generated_control,0,0,0,0,,,0.000000,0.000000
_8114_,generated_control,0,0,0,0,,,0.000000,0.000000
_8115_,generated_control,0,0,0,0,,,0.000000,0.000000
_8116_,generated_control,0,0,0,0,,,0.000000,0.000000
_8117_,generated_control,0,0,0,0,,,0.000000,0.000000
_8118_,generated_control,0,0,0,0,,,0.000000,0.000000
_8119_,generated_control,0,0,0,0,,,0.000000,0.000000
_8120_,generated_control,0,0,0,0,,,0.000000,0.000000
_8121_,generated_control,0,0,0,0,,,0.000000,0.000000
_8122_,generated_control,0,0,0,0,,,0.000000,0.000000
_8123_,generated_control,0,0,0,0,,,0.000000,0.000000
_8125_,generated_control,0,0,0,0,,,0.000000,0.000000
_8127_,generated_datapath,0,0,0,0,,,0.000000,0.000000
_8130_,generated_control,0,0,0,0,,,0.000000,0.000000
_8131_,generated_control,0,0,0,0,,,0.000000,0.000000
_8132_,generated_control,0,0,0,0,,,0.000000,0.000000
_8133_,generated_datapath,0,0,0,0,,,0.000000,0.000000
_8134_,generated_datapath,1,0,0,0,5.185100,,0.161679,0.076467
_8135_,generated_control,1,0,0,0,5.185100,,0.161679,0.076467
_8137_,generated_control,0,0,0,0,,,0.000000,0.000000
_8138_,generated_control,0,0,0,0,,,0.000000,0.000000
_8139_,generated_control,0,0,0,0,,,0.000000,0.000000
_8140_,generated_control,0,0,0,0,,,0.000000,0.000000
_8141_,generated_control,0,0,0,0,,,0.000000,0.000000
_8143_,generated_datapath,0,0,0,0,,,0.000000,0.000000
_8144_,generated_datapath,0,0,0,0,,,0.000000,0.000000
_8146_,generated_control,0,0,0,0,,,0.000000,0.000000
_8148_,generated_datapath,0,0,0,0,,,0.000000,0.000000
_8149_,generated_control,0,0,0,0,,,0.000000,0.000000
_8150_,generated_control,0,0,0,0,,,0.000000,0.000000
_8151_,generated_control,0,0,0,0,,,0.000000,0.000000
_8152_,generated_datapath,0,0,0,0,,,0.000000,0.000000
_8153_,generated_control,0,0,0,0,,,0.000000,0.000000
_8154_,generated_datapath,0,0,0,0,,,0.000000,0.000000
_8155_,generated_control,0,0,0,0,,,0.000000,0.000000
_8156_,unclassified,0,0,0,0,,,0.000000,0.000000
_8157_,generated_datapath,0,0,0,0,,,0.000000,0.000000
_8158_,generated_control,0,0,0,0,,,0.000000,0.000000
_8159_,generated_control,0,0,0,0,,,0.000000,0.000000
_8160_,generated_datapath,8,0,0,0,4.321500,,1.327719,0.627955
_8161_,generated_datapath,8,0,0,0,4.321500,,1.327719,0.627955
_8162_,generated_control,0,0,0,0,,,0.000000,0.000000
_8163_,generated_control,7,0,0,0,4.321500,,1.174542,0.555509
_8164_,generated_datapath,0,0,0,0,,,0.000000,0.000000
_8165_,generated_datapath,0,0,0,0,,,0.000000,0.000000
_8166_,generated_control,0,0,0,0,,,0.000000,0.000000
_8167_,generated_datapath,0,0,0,0,,,0.000000,0.000000
_8168_,generated_datapath,0,0,0,0,,,0.000000,0.000000
_8169_,generated_control,0,0,0,0,,,0.000000,0.000000
_8170_,generated_datapath,0,0,0,0,,,0.000000,0.000000
_8171_,generated_datapath,0,0,0,0,,,0.000000,0.000000
_8172_,generated_control,6,0,0,0,4.321500,,1.020935,0.482859
_8173_,generated_datapath,6,0,0,0,4.321500,,1.020935,0.482859
_8174_,generated_datapath,0,0,0,0,,,0.000000,0.000000
_8175_,generated_datapath,0,0,0,0,,,0.000000,0.000000
_8176_,generated_datapath,0,0,0,0,,,0.000000,0.000000
_8177_,generated_control,0,0,0,0,,,0.000000,0.000000
_8178_,generated_datapath,3,0,0,0,4.321500,,0.529962,0.250650
_8179_,generated_control,0,0,0,0,,,0.000000,0.000000
_8180_,generated_control,0,0,0,0,,,0.000000,0.000000
_8181_,generated_control,0,0,0,0,,,0.000000,0.000000
_8182_,generated_control,2,0,0,0,4.795200,,0.342045,0.161773
_8183_,generated_datapath,0,0,0,0,,,0.000000,0.000000
_8184_,generated_datapath,1,0,0,0,4.795200,,0.172557,0.081612
_8185_,generated_datapath,1,0,0,0,4.795200,,0.172557,0.081612
_8186_,generated_datapath,1,0,0,0,4.795200,,0.172557,0.081612
_8187_,generated_control,0,0,0,0,,,0.000000,0.000000
_8188_,generated_control,0,0,0,0,,,0.000000,0.000000
_8189_,generated_datapath,0,0,0,0,,,0.000000,0.000000
_8190_,generated_datapath,0,0,0,0,,,0.000000,0.000000
_8192_,generated_control,0,0,0,0,,,0.000000,0.000000
_8193_,generated_control,0,0,0,0,,,0.000000,0.000000
_8194_,generated_datapath,0,0,0,0,,,0.000000,0.000000
_8195_,generated_datapath,1,0,0,0,5.296500,,0.158818,0.075114
_8196_,generated_datapath,1,0,0,0,5.296500,,0.158818,0.075114
_8197_,generated_control,1,0,0,0,5.296500,,0.158818,0.075114
_8198_,generated_control,0,0,0,0,,,0.000000,0.000000
_8200_,generated_control,0,0,0,0,,,0.000000,0.000000
_8201_,generated_datapath,1,0,0,0,5.296500,,0.158818,0.075114
_8202_,generated_datapath,1,0,0,0,4.900100,,0.169489,0.080161
_8203_,generated_control,0,0,0,0,,,0.000000,0.000000
_8204_,generated_control,0,0,0,0,,,0.000000,0.000000
_8205_,generated_datapath,0,0,0,0,,,0.000000,0.000000
_8206_,generated_control,0,0,0,0,,,0.000000,0.000000
_8207_,generated_datapath,0,0,0,0,,,0.000000,0.000000
_8208_,generated_datapath,1,0,0,0,4.900100,,0.169489,0.080161
_8209_,generated_datapath,0,0,0,0,,,0.000000,0.000000
_8210_,generated_control,1,0,0,0,4.900100,,0.169489,0.080161
_8211_,generated_control,0,0,0,0,,,0.000000,0.000000
_8212_,generated_datapath,0,0,0,0,,,0.000000,0.000000
_8213_,unclassified,0,0,0,0,,,0.000000,0.000000
_8214_,generated_datapath,0,0,0,0,,,0.000000,0.000000
_8215_,generated_control,1,0,0,0,5.334000,,0.157878,0.074670
_8216_,generated_datapath,1,0,0,0,5.334000,,0.157878,0.074670
_8217_,generated_control,1,0,0,0,5.334000,,0.157878,0.074670
_8218_,generated_control,0,0,0,0,,,0.000000,0.000000
_8219_,generated_datapath,1,0,0,0,5.334000,,0.157878,0.074670
_8220_,generated_datapath,1,0,0,0,5.027600,,0.165904,0.078465
_8221_,generated_datapath,1,0,0,0,5.027600,,0.165904,0.078465
_8222_,generated_control,1,0,0,0,5.027600,,0.165904,0.078465
_8223_,generated_control,0,0,0,0,,,0.000000,0.000000
_8224_,generated_datapath,0,0,0,0,,,0.000000,0.000000
_8225_,unclassified,0,0,0,0,,,0.000000,0.000000
_8226_,generated_datapath,0,0,0,0,,,0.000000,0.000000
_8227_,generated_control,0,0,0,0,,,0.000000,0.000000
_8228_,generated_datapath,1,0,0,0,5.027600,,0.165904,0.078465
_8229_,generated_datapath,0,0,0,0,,,0.000000,0.000000
_8230_,generated_control,0,0,0,0,,,0.000000,0.000000
_8231_,generated_control,0,0,0,0,,,0.000000,0.000000
_8232_,generated_datapath,1,0,0,0,5.478300,,0.154361,0.073006
_8233_,generated_control,1,0,0,0,5.478300,,0.154361,0.073006
_8234_,generated_control,1,0,0,0,5.478300,,0.154361,0.073006
_8235_,generated_control,0,0,0,0,,,0.000000,0.000000
_8236_,generated_datapath,0,0,0,0,,,0.000000,0.000000
_8237_,generated_datapath,0,0,0,0,,,0.000000,0.000000
_8238_,generated_control,0,0,0,0,,,0.000000,0.000000
_8239_,generated_datapath,0,0,0,0,,,0.000000,0.000000
_8240_,generated_datapath,0,0,0,0,,,0.000000,0.000000
_8241_,generated_control,0,0,0,0,,,0.000000,0.000000
_8242_,generated_datapath,0,0,0,0,,,0.000000,0.000000
_8243_,generated_datapath,0,0,0,0,,,0.000000,0.000000
_8244_,generated_datapath,0,0,0,0,,,0.000000,0.000000
_8245_,unclassified,0,0,0,0,,,0.000000,0.000000
_8246_,generated_datapath,1,0,0,0,5.478300,,0.154361,0.073006
_8247_,generated_datapath,0,0,0,0,,,0.000000,0.000000
_8248_,generated_datapath,0,0,0,0,,,0.000000,0.000000
_8249_,generated_datapath,0,0,0,0,,,0.000000,0.000000
_8250_,generated_control,0,0,0,0,,,0.000000,0.000000
_8251_,generated_datapath,1,0,0,0,5.033200,,0.165750,0.078393
_8252_,generated_datapath,1,0,0,0,5.033200,,0.165750,0.078393
_8253_,generated_control,1,0,0,0,5.033200,,0.165750,0.078393
_8254_,generated_control,0,0,0,0,,,0.000000,0.000000
_8255_,unclassified,1,0,0,0,5.033200,,0.165750,0.078393
_8256_,generated_control,0,0,0,0,,,0.000000,0.000000
_8257_,generated_control,0,0,0,0,,,0.000000,0.000000
_8259_,generated_control,0,0,0,0,,,0.000000,0.000000
_8260_,unclassified,0,0,0,0,,,0.000000,0.000000
_8261_,generated_datapath,0,0,0,0,,,0.000000,0.000000
_8262_,generated_datapath,0,0,0,0,,,0.000000,0.000000
_8263_,generated_control,1,0,0,0,5.497800,,0.153898,0.072787
_8264_,generated_datapath,1,0,0,0,5.497800,,0.153898,0.072787
_8265_,generated_control,0,0,0,0,,,0.000000,0.000000
_8266_,generated_datapath,1,0,0,0,5.497800,,0.153898,0.072787
_8267_,generated_control,0,0,0,0,,,0.000000,0.000000
_8268_,generated_control,0,0,0,0,,,0.000000,0.000000
_8269_,generated_control,0,0,0,0,,,0.000000,0.000000
_8270_,unclassified,0,0,0,0,,,0.000000,0.000000
_8271_,unclassified,0,0,0,0,,,0.000000,0.000000
_8272_,generated_datapath,0,0,0,0,,,0.000000,0.000000
_8273_,generated_datapath,1,0,0,0,5.276700,,0.159319,0.075351
_8274_,generated_control,1,0,0,0,5.276700,,0.159319,0.075351
_8275_,generated_control,0,0,0,0,,,0.000000,0.000000
_8276_,generated_datapath,1,0,0,0,5.276700,,0.159319,0.075351
_8278_,generated_control,0,0,0,0,,,0.000000,0.000000
_8279_,generated_control,0,0,0,0,,,0.000000,0.000000
_8280_,generated_control,0,0,0,0,,,0.000000,0.000000
_8281_,generated_control,0,0,0,0,,,0.000000,0.000000
_8282_,generated_datapath,0,0,0,0,,,0.000000,0.000000
_8283_,generated_control,0,0,0,0,,,0.000000,0.000000
_8284_,generated_datapath,0,0,0,0,,,0.000000,0.000000
_8285_,generated_datapath,0,0,0,0,,,0.000000,0.000000
_8286_,generated_datapath,0,0,0,0,,,0.000000,0.000000
_8287_,generated_control,0,0,0,0,,,0.000000,0.000000
_8288_,generated_control,1,0,0,0,5.510100,,0.153607,0.072650
_8289_,generated_datapath,1,0,0,0,5.510100,,0.153607,0.072650
_8290_,generated_datapath,1,0,0,0,5.510100,,0.153607,0.072650
_8291_,generated_datapath,1,0,0,0,5.510100,,0.153607,0.072650
_8292_,generated_control,0,0,0,0,,,0.000000,0.000000
_8293_,generated_control,0,0,0,0,,,0.000000,0.000000
_8294_,generated_datapath,0,0,0,0,,,0.000000,0.000000
_8295_,generated_datapath,0,0,0,0,,,0.000000,0.000000
_8296_,generated_datapath,1,0,0,0,5.510100,,0.153607,0.072650
_8297_,generated_datapath,0,0,0,0,,,0.000000,0.000000
_8298_,generated_control,1,0,0,0,5.510100,,0.153607,0.072650
_8299_,generated_control,0,0,0,0,,,0.000000,0.000000
_8300_,generated_datapath,0,0,0,0,,,0.000000,0.000000
_8301_,generated_control,0,0,0,0,,,0.000000,0.000000
_8302_,generated_datapath,0,0,0,0,,,0.000000,0.000000
_8303_,generated_datapath,0,0,0,0,,,0.000000,0.000000
_8304_,generated_control,0,0,0,0,,,0.000000,0.000000
_8305_,unclassified,0,0,0,0,,,0.000000,0.000000
_8306_,generated_datapath,0,0,0,0,,,0.000000,0.000000
_8307_,generated_control,0,0,0,0,,,0.000000,0.000000
_8308_,generated_control,0,0,0,0,,,0.000000,0.000000
_8309_,unclassified,0,0,0,0,,,0.000000,0.000000
_8310_,generated_control,0,0,0,0,,,0.000000,0.000000
_8311_,generated_datapath,0,0,0,0,,,0.000000,0.000000
_8312_,generated_datapath,0,0,0,0,,,0.000000,0.000000
_8313_,generated_datapath,0,0,0,0,,,0.000000,0.000000
_8314_,generated_datapath,0,0,0,0,,,0.000000,0.000000
_8315_,generated_control,0,0,0,0,,,0.000000,0.000000
_8316_,generated_datapath,0,0,0,0,,,0.000000,0.000000
_8317_,generated_datapath,0,0,0,0,,,0.000000,0.000000
_8318_,generated_control,0,0,0,0,,,0.000000,0.000000
_8319_,unclassified,0,0,0,0,,,0.000000,0.000000
_8320_,generated_datapath,0,0,0,0,,,0.000000,0.000000
_8321_,unclassified,0,0,0,0,,,0.000000,0.000000
_8322_,generated_datapath,0,0,0,0,,,0.000000,0.000000
_8324_,generated_control,0,0,0,0,,,0.000000,0.000000
_8325_,generated_datapath,0,0,0,0,,,0.000000,0.000000
_8326_,generated_datapath,0,0,0,0,,,0.000000,0.000000
_8327_,generated_control,0,0,0,0,,,0.000000,0.000000
_8328_,generated_control,0,0,0,0,,,0.000000,0.000000
_8329_,generated_datapath,0,0,0,0,,,0.000000,0.000000
_8330_,generated_control,0,0,0,0,,,0.000000,0.000000
_8331_,generated_datapath,0,0,0,0,,,0.000000,0.000000
_8332_,generated_control,0,0,0,0,,,0.000000,0.000000
_8333_,generated_datapath,0,0,0,0,,,0.000000,0.000000
_8334_,generated_datapath,0,0,0,0,,,0.000000,0.000000
_8335_,generated_datapath,0,0,0,0,,,0.000000,0.000000
_8336_,generated_datapath,0,0,0,0,,,0.000000,0.000000
_8337_,generated_control,1,0,0,0,5.528400,,0.153177,0.072446
_8338_,generated_datapath,0,0,0,0,,,0.000000,0.000000
_8339_,generated_datapath,0,0,0,0,,,0.000000,0.000000
_8340_,generated_datapath,0,0,0,0,,,0.000000,0.000000
_8341_,generated_datapath,0,0,0,0,,,0.000000,0.000000
_8342_,generated_control,0,0,0,0,,,0.000000,0.000000
_8343_,generated_control,0,0,0,0,,,0.000000,0.000000
_8344_,generated_datapath,0,0,0,0,,,0.000000,0.000000
_8346_,generated_datapath,0,0,0,0,,,0.000000,0.000000
_8347_,generated_control,0,0,0,0,,,0.000000,0.000000
_8348_,unclassified,0,0,0,0,,,0.000000,0.000000
_8349_,unclassified,0,0,0,0,,,0.000000,0.000000
_8350_,generated_datapath,0,0,0,0,,,0.000000,0.000000
_8351_,generated_datapath,0,0,0,0,,,0.000000,0.000000
_8352_,generated_control,0,0,0,0,,,0.000000,0.000000
_8353_,generated_control,0,0,0,0,,,0.000000,0.000000
_8354_,generated_datapath,0,0,0,0,,,0.000000,0.000000
_8355_,unclassified,0,0,0,0,,,0.000000,0.000000
_8356_,generated_datapath,0,0,0,0,,,0.000000,0.000000
_8357_,generated_control,1,0,0,0,5.528400,,0.153177,0.072446
_8358_,generated_datapath,1,0,0,0,5.528400,,0.153177,0.072446
_8359_,generated_datapath,1,0,0,0,5.528400,,0.153177,0.072446
_8360_,generated_datapath,1,0,0,0,5.528400,,0.153177,0.072446
_8361_,generated_control,1,0,0,0,5.528400,,0.153177,0.072446
_8362_,generated_control,0,0,0,0,,,0.000000,0.000000
_8363_,generated_datapath,1,0,0,0,5.528400,,0.153177,0.072446
_8364_,generated_control,0,0,0,0,,,0.000000,0.000000
_8365_,generated_control,0,0,0,0,,,0.000000,0.000000
_8366_,generated_control,0,0,0,0,,,0.000000,0.000000
_8367_,generated_control,0,0,0,0,,,0.000000,0.000000
_8368_,generated_control,0,0,0,0,,,0.000000,0.000000
_8369_,generated_datapath,0,0,0,0,,,0.000000,0.000000
_8370_,generated_datapath,0,0,0,0,,,0.000000,0.000000
_8371_,generated_datapath,0,0,0,0,,,0.000000,0.000000
_8372_,generated_datapath,0,0,0,0,,,0.000000,0.000000
_8373_,generated_datapath,0,0,0,0,,,0.000000,0.000000
_8374_,generated_control,0,0,0,0,,,0.000000,0.000000
_8375_,generated_datapath,0,0,0,0,,,0.000000,0.000000
_8376_,generated_control,0,0,0,0,,,0.000000,0.000000
_8377_,generated_datapath,0,0,0,0,,,0.000000,0.000000
_8378_,generated_datapath,0,0,0,0,,,0.000000,0.000000
_8379_,generated_datapath,0,0,0,0,,,0.000000,0.000000
_8380_,generated_datapath,0,0,0,0,,,0.000000,0.000000
_8381_,generated_datapath,0,0,0,0,,,0.000000,0.000000
_8382_,generated_control,0,0,0,0,,,0.000000,0.000000
_8383_,generated_datapath,0,0,0,0,,,0.000000,0.000000
_8384_,generated_datapath,0,0,0,0,,,0.000000,0.000000
_8385_,generated_control,0,0,0,0,,,0.000000,0.000000
_8386_,generated_control,0,0,0,0,,,0.000000,0.000000
_8387_,generated_control,0,0,0,0,,,0.000000,0.000000
_8388_,generated_datapath,0,0,0,0,,,0.000000,0.000000
_8390_,generated_datapath,0,0,0,0,,,0.000000,0.000000
_8391_,generated_control,0,0,0,0,,,0.000000,0.000000
_8392_,generated_control,0,0,0,0,,,0.000000,0.000000
_8393_,generated_control,0,0,0,0,,,0.000000,0.000000
_8394_,generated_datapath,0,0,0,0,,,0.000000,0.000000
_8395_,generated_control,0,0,0,0,,,0.000000,0.000000
_8396_,generated_datapath,0,0,0,0,,,0.000000,0.000000
_8397_,generated_control,0,0,0,0,,,0.000000,0.000000
_8398_,unclassified,0,0,0,0,,,0.000000,0.000000
_8399_,generated_datapath,0,0,0,0,,,0.000000,0.000000
_8400_,generated_datapath,0,0,0,0,,,0.000000,0.000000
_8401_,generated_datapath,0,0,0,0,,,0.000000,0.000000
_8403_,generated_control,0,0,0,0,,,0.000000,0.000000
_8404_,generated_control,0,0,0,0,,,0.000000,0.000000
_8405_,generated_control,0,0,0,0,,,0.000000,0.000000
_8406_,generated_datapath,0,0,0,0,,,0.000000,0.000000
_8407_,generated_control,0,0,0,0,,,0.000000,0.000000
_8408_,generated_control,0,0,0,0,,,0.000000,0.000000
_8409_,generated_datapath,0,0,0,0,,,0.000000,0.000000
_8410_,generated_datapath,0,0,0,0,,,0.000000,0.000000
_8411_,generated_datapath,0,0,0,0,,,0.000000,0.000000
_8412_,generated_datapath,0,0,0,0,,,0.000000,0.000000
_8413_,generated_control,0,0,0,0,,,0.000000,0.000000
_8414_,generated_datapath,0,0,0,0,,,0.000000,0.000000
_8415_,generated_control,0,0,0,0,,,0.000000,0.000000
_8416_,generated_datapath,0,0,0,0,,,0.000000,0.000000
_8417_,generated_control,0,0,0,0,,,0.000000,0.000000
_8418_,generated_control,0,0,0,0,,,0.000000,0.000000
_8419_,unclassified,0,0,0,0,,,0.000000,0.000000
_8420_,generated_datapath,0,0,0,0,,,0.000000,0.000000
_8421_,generated_datapath,0,0,0,0,,,0.000000,0.000000
_8422_,generated_datapath,0,0,0,0,,,0.000000,0.000000
_8423_,generated_control,0,0,0,0,,,0.000000,0.000000
_8424_,generated_control,0,0,0,0,,,0.000000,0.000000
_8425_,generated_datapath,0,0,0,0,,,0.000000,0.000000
_8426_,generated_datapath,0,0,0,0,,,0.000000,0.000000
_8427_,generated_control,0,0,0,0,,,0.000000,0.000000
_8428_,generated_control,0,0,0,0,,,0.000000,0.000000
_8429_,generated_datapath,0,0,0,0,,,0.000000,0.000000
_8430_,generated_control,0,0,0,0,,,0.000000,0.000000
_8431_,generated_datapath,0,0,0,0,,,0.000000,0.000000
_8432_,generated_control,0,0,0,0,,,0.000000,0.000000
_8433_,generated_control,0,0,0,0,,,0.000000,0.000000
_8435_,generated_control,0,0,0,0,,,0.000000,0.000000
_8436_,generated_control,0,0,0,0,,,0.000000,0.000000
_8437_,generated_datapath,0,0,0,0,,,0.000000,0.000000
_8438_,unclassified,0,0,0,0,,,0.000000,0.000000
_8439_,generated_control,0,0,0,0,,,0.000000,0.000000
_8440_,generated_datapath,0,0,0,0,,,0.000000,0.000000
_8441_,generated_control,0,0,0,0,,,0.000000,0.000000
_8442_,generated_datapath,0,0,0,0,,,0.000000,0.000000
_8443_,generated_control,0,0,0,0,,,0.000000,0.000000
_8444_,generated_datapath,0,0,0,0,,,0.000000,0.000000
_8445_,generated_datapath,0,0,0,0,,,0.000000,0.000000
_8446_,generated_datapath,0,0,0,0,,,0.000000,0.000000
_8447_,generated_datapath,0,0,0,0,,,0.000000,0.000000
_8448_,generated_datapath,0,0,0,0,,,0.000000,0.000000
_8449_,generated_datapath,0,0,0,0,,,0.000000,0.000000
_8450_,generated_control,0,0,0,0,,,0.000000,0.000000
_8451_,generated_control,0,0,0,0,,,0.000000,0.000000
_8452_,generated_datapath,0,0,0,0,,,0.000000,0.000000
_8453_,generated_control,0,0,0,0,,,0.000000,0.000000
_8454_,generated_datapath,0,0,0,0,,,0.000000,0.000000
_8455_,generated_control,0,0,0,0,,,0.000000,0.000000
_8456_,unclassified,0,0,0,0,,,0.000000,0.000000
_8457_,generated_control,0,0,0,0,,,0.000000,0.000000
_8458_,generated_datapath,0,0,0,0,,,0.000000,0.000000
_8459_,generated_control,0,0,0,0,,,0.000000,0.000000
_8460_,generated_control,0,0,0,0,,,0.000000,0.000000
_8461_,generated_control,0,0,0,0,,,0.000000,0.000000
_8462_,generated_control,0,0,0,0,,,0.000000,0.000000
_8464_,generated_control,0,0,0,0,,,0.000000,0.000000
_8465_,generated_datapath,0,0,0,0,,,0.000000,0.000000
_8466_,generated_control,0,0,0,0,,,0.000000,0.000000
_8467_,generated_control,0,0,0,0,,,0.000000,0.000000
_8468_,generated_control,0,0,0,0,,,0.000000,0.000000
_8469_,generated_control,0,0,0,0,,,0.000000,0.000000
_8470_,generated_control,0,0,0,0,,,0.000000,0.000000
_8471_,generated_control,0,0,0,0,,,0.000000,0.000000
_8472_,generated_control,0,0,0,0,,,0.000000,0.000000
_8473_,generated_control,0,0,0,0,,,0.000000,0.000000
_8474_,generated_control,0,0,0,0,,,0.000000,0.000000
_8475_,generated_control,0,0,0,0,,,0.000000,0.000000
_8476_,generated_control,0,0,0,0,,,0.000000,0.000000
_8477_,generated_control,0,0,0,0,,,0.000000,0.000000
_8478_,generated_control,0,0,0,0,,,0.000000,0.000000
_8479_,generated_control,0,0,0,0,,,0.000000,0.000000
_8480_,generated_control,0,0,0,0,,,0.000000,0.000000
_8482_,generated_control,0,0,0,0,,,0.000000,0.000000
_8483_,generated_control,0,0,0,0,,,0.000000,0.000000
_8484_,generated_control,0,0,0,0,,,0.000000,0.000000
_8485_,generated_control,0,0,0,0,,,0.000000,0.000000
_8486_,generated_control,0,0,0,0,,,0.000000,0.000000
_8487_,generated_control,0,0,0,0,,,0.000000,0.000000
_8488_,generated_control,0,0,0,0,,,0.000000,0.000000
_8489_,generated_control,0,0,0,0,,,0.000000,0.000000
_8490_,generated_control,0,0,0,0,,,0.000000,0.000000
_8491_,generated_control,0,0,0,0,,,0.000000,0.000000
_8492_,generated_control,0,0,0,0,,,0.000000,0.000000
_8493_,generated_control,0,0,0,0,,,0.000000,0.000000
_8494_,generated_control,0,0,0,0,,,0.000000,0.000000
_8495_,generated_control,0,0,0,0,,,0.000000,0.000000
_8496_,generated_datapath,0,0,0,0,,,0.000000,0.000000
_8497_,generated_control,0,0,0,0,,,0.000000,0.000000
_8498_,generated_control,0,0,0,0,,,0.000000,0.000000
_8499_,generated_control,0,0,0,0,,,0.000000,0.000000
_8500_,generated_control,0,0,0,0,,,0.000000,0.000000
_8501_,generated_control,0,0,0,0,,,0.000000,0.000000
_8502_,generated_control,0,0,0,0,,,0.000000,0.000000
_8504_,generated_control,0,0,0,0,,,0.000000,0.000000
_8505_,generated_control,0,0,0,0,,,0.000000,0.000000
_8506_,generated_control,0,0,0,0,,,0.000000,0.000000
_8507_,generated_datapath,0,0,0,0,,,0.000000,0.000000
_8508_,generated_control,0,0,0,0,,,0.000000,0.000000
_8509_,generated_control,0,0,0,0,,,0.000000,0.000000
_8510_,generated_datapath,0,0,0,0,,,0.000000,0.000000
_8511_,generated_control,0,0,0,0,,,0.000000,0.000000
_8512_,generated_datapath,0,0,0,0,,,0.000000,0.000000
_8513_,generated_control,0,0,0,0,,,0.000000,0.000000
_8514_,generated_control,0,0,0,0,,,0.000000,0.000000
_8515_,generated_datapath,0,0,0,0,,,0.000000,0.000000
_8516_,generated_control,0,0,0,0,,,0.000000,0.000000
_8517_,generated_datapath,0,0,0,0,,,0.000000,0.000000
_8519_,generated_control,0,0,0,0,,,0.000000,0.000000
_8520_,generated_datapath,0,0,0,0,,,0.000000,0.000000
_8521_,generated_control,0,0,0,0,,,0.000000,0.000000
_8522_,generated_control,0,0,0,0,,,0.000000,0.000000
_8523_,generated_datapath,0,0,0,0,,,0.000000,0.000000
_8524_,generated_control,0,0,0,0,,,0.000000,0.000000
_8525_,generated_datapath,0,0,0,0,,,0.000000,0.000000
_8526_,generated_control,0,0,0,0,,,0.000000,0.000000
_8527_,generated_datapath,0,0,0,0,,,0.000000,0.000000
_8528_,generated_control,0,0,0,0,,,0.000000,0.000000
_8529_,generated_datapath,0,0,0,0,,,0.000000,0.000000
_8530_,generated_control,0,0,0,0,,,0.000000,0.000000
_8531_,generated_control,0,0,0,0,,,0.000000,0.000000
_8532_,generated_datapath,0,0,0,0,,,0.000000,0.000000
_8533_,generated_control,0,0,0,0,,,0.000000,0.000000
_8534_,generated_control,0,0,0,0,,,0.000000,0.000000
_8535_,generated_datapath,0,0,0,0,,,0.000000,0.000000
_8536_,generated_control,0,0,0,0,,,0.000000,0.000000
_8537_,generated_control,0,0,0,0,,,0.000000,0.000000
_8538_,generated_datapath,0,0,0,0,,,0.000000,0.000000
_8539_,generated_control,0,0,0,0,,,0.000000,0.000000
_8540_,generated_control,0,0,0,0,,,0.000000,0.000000
_8541_,generated_datapath,0,0,0,0,,,0.000000,0.000000
_8542_,generated_control,0,0,0,0,,,0.000000,0.000000
_8543_,generated_datapath,0,0,0,0,,,0.000000,0.000000
_8544_,generated_control,0,0,0,0,,,0.000000,0.000000
_8545_,generated_control,0,0,0,0,,,0.000000,0.000000
_8546_,generated_datapath,0,0,0,0,,,0.000000,0.000000
_8547_,generated_control,0,0,0,0,,,0.000000,0.000000
_8548_,generated_control,0,0,0,0,,,0.000000,0.000000
_8549_,generated_datapath,0,0,0,0,,,0.000000,0.000000
_8550_,generated_control,0,0,0,0,,,0.000000,0.000000
_8552_,generated_control,0,0,0,0,,,0.000000,0.000000
_8553_,generated_datapath,0,0,0,0,,,0.000000,0.000000
_8554_,generated_control,0,0,0,0,,,0.000000,0.000000
_8555_,generated_control,0,0,0,0,,,0.000000,0.000000
_8556_,generated_datapath,0,0,0,0,,,0.000000,0.000000
_8557_,generated_control,0,0,0,0,,,0.000000,0.000000
_8558_,generated_control,0,0,0,0,,,0.000000,0.000000
_8559_,generated_datapath,0,0,0,0,,,0.000000,0.000000
_8560_,generated_control,0,0,0,0,,,0.000000,0.000000
_8561_,generated_control,0,0,0,0,,,0.000000,0.000000
_8562_,generated_datapath,0,0,0,0,,,0.000000,0.000000
_8563_,generated_control,0,0,0,0,,,0.000000,0.000000
_8564_,generated_control,0,0,0,0,,,0.000000,0.000000
_8565_,generated_datapath,0,0,0,0,,,0.000000,0.000000
_8566_,generated_control,0,0,0,0,,,0.000000,0.000000
_8567_,generated_control,0,0,0,0,,,0.000000,0.000000
_8568_,generated_datapath,0,0,0,0,,,0.000000,0.000000
_8569_,generated_control,0,0,0,0,,,0.000000,0.000000
_8570_,generated_control,0,0,0,0,,,0.000000,0.000000
_8571_,generated_datapath,0,0,0,0,,,0.000000,0.000000
_8572_,generated_control,0,0,0,0,,,0.000000,0.000000
_8573_,generated_control,0,0,0,0,,,0.000000,0.000000
_8574_,generated_datapath,0,0,0,0,,,0.000000,0.000000
_8575_,generated_control,0,0,0,0,,,0.000000,0.000000
_8576_,generated_datapath,0,0,0,0,,,0.000000,0.000000
_8577_,generated_control,0,0,0,0,,,0.000000,0.000000
_8578_,generated_control,0,0,0,0,,,0.000000,0.000000
_8579_,generated_control,0,0,0,0,,,0.000000,0.000000
_8580_,generated_control,0,0,0,0,,,0.000000,0.000000
_8581_,generated_datapath,0,0,0,0,,,0.000000,0.000000
_8582_,generated_control,0,0,0,0,,,0.000000,0.000000
_8583_,generated_control,0,0,0,0,,,0.000000,0.000000
_8584_,generated_control,0,0,0,0,,,0.000000,0.000000
_8585_,generated_control,0,0,0,0,,,0.000000,0.000000
_8586_,generated_datapath,0,0,0,0,,,0.000000,0.000000
_8587_,generated_control,0,0,0,0,,,0.000000,0.000000
_8588_,generated_datapath,0,0,0,0,,,0.000000,0.000000
_8590_,generated_control,0,0,0,0,,,0.000000,0.000000
_8591_,generated_datapath,0,0,0,0,,,0.000000,0.000000
_8592_,generated_control,0,0,0,0,,,0.000000,0.000000
_8593_,generated_control,0,0,0,0,,,0.000000,0.000000
_8594_,generated_datapath,0,0,0,0,,,0.000000,0.000000
_8595_,generated_control,0,0,0,0,,,0.000000,0.000000
_8596_,generated_datapath,0,0,0,0,,,0.000000,0.000000
_8597_,generated_control,0,0,0,0,,,0.000000,0.000000
_8598_,generated_datapath,0,0,0,0,,,0.000000,0.000000
_8599_,generated_control,0,0,0,0,,,0.000000,0.000000
_8601_,generated_datapath,0,0,0,0,,,0.000000,0.000000
_8602_,generated_control,0,0,0,0,,,0.000000,0.000000
_8603_,generated_datapath,0,0,0,0,,,0.000000,0.000000
_8604_,generated_control,0,0,0,0,,,0.000000,0.000000
_8605_,generated_control,0,0,0,0,,,0.000000,0.000000
_8606_,generated_datapath,0,0,0,0,,,0.000000,0.000000
_8607_,generated_control,0,0,0,0,,,0.000000,0.000000
_8608_,generated_datapath,0,0,0,0,,,0.000000,0.000000
_8609_,generated_control,0,0,0,0,,,0.000000,0.000000
_8610_,generated_datapath,0,0,0,0,,,0.000000,0.000000
_8611_,generated_control,0,0,0,0,,,0.000000,0.000000
_8612_,generated_datapath,0,0,0,0,,,0.000000,0.000000
_8613_,generated_control,0,0,0,0,,,0.000000,0.000000
_8614_,generated_datapath,0,0,0,0,,,0.000000,0.000000
_8615_,generated_control,0,0,0,0,,,0.000000,0.000000
_8616_,generated_datapath,0,0,0,0,,,0.000000,0.000000
_8617_,generated_control,0,0,0,0,,,0.000000,0.000000
_8618_,generated_control,0,0,0,0,,,0.000000,0.000000
_8619_,generated_datapath,0,0,0,0,,,0.000000,0.000000
_8620_,generated_control,0,0,0,0,,,0.000000,0.000000
_8621_,generated_control,0,0,0,0,,,0.000000,0.000000
_8622_,generated_datapath,0,0,0,0,,,0.000000,0.000000
_8623_,generated_control,0,0,0,0,,,0.000000,0.000000
_8624_,generated_control,0,0,0,0,,,0.000000,0.000000
_8625_,generated_datapath,0,0,0,0,,,0.000000,0.000000
_8626_,generated_control,0,0,0,0,,,0.000000,0.000000
_8627_,generated_datapath,0,0,0,0,,,0.000000,0.000000
_8628_,generated_control,0,0,0,0,,,0.000000,0.000000
_8629_,generated_control,0,0,0,0,,,0.000000,0.000000
_8630_,generated_control,0,0,0,0,,,0.000000,0.000000
_8631_,generated_datapath,0,0,0,0,,,0.000000,0.000000
_8632_,generated_control,0,0,0,0,,,0.000000,0.000000
_8633_,generated_control,0,0,0,0,,,0.000000,0.000000
_8634_,generated_control,0,0,0,0,,,0.000000,0.000000
_8635_,generated_datapath,0,0,0,0,,,0.000000,0.000000
_8636_,generated_control,0,0,0,0,,,0.000000,0.000000
_8637_,generated_control,0,0,0,0,,,0.000000,0.000000
_8638_,generated_datapath,0,0,0,0,,,0.000000,0.000000
_8639_,generated_control,0,0,0,0,,,0.000000,0.000000
_8640_,generated_control,0,0,0,0,,,0.000000,0.000000
_8641_,generated_datapath,0,0,0,0,,,0.000000,0.000000
_8642_,generated_control,0,0,0,0,,,0.000000,0.000000
_8644_,generated_control,0,0,0,0,,,0.000000,0.000000
_8645_,generated_datapath,0,0,0,0,,,0.000000,0.000000
_8646_,generated_control,0,0,0,0,,,0.000000,0.000000
_8647_,generated_control,0,0,0,0,,,0.000000,0.000000
_8648_,generated_datapath,0,0,0,0,,,0.000000,0.000000
_8649_,generated_control,0,0,0,0,,,0.000000,0.000000
_8650_,generated_control,0,0,0,0,,,0.000000,0.000000
_8651_,generated_datapath,0,0,0,0,,,0.000000,0.000000
_8652_,generated_control,0,0,0,0,,,0.000000,0.000000
_8653_,generated_datapath,0,0,0,0,,,0.000000,0.000000
_8654_,generated_control,0,0,0,0,,,0.000000,0.000000
_8655_,generated_control,0,0,0,0,,,0.000000,0.000000
_8656_,generated_datapath,0,0,0,0,,,0.000000,0.000000
_8657_,generated_control,0,0,0,0,,,0.000000,0.000000
_8658_,generated_control,0,0,0,0,,,0.000000,0.000000
_8659_,generated_datapath,0,0,0,0,,,0.000000,0.000000
_8660_,generated_control,0,0,0,0,,,0.000000,0.000000
_8661_,generated_control,0,0,0,0,,,0.000000,0.000000
_8662_,generated_datapath,0,0,0,0,,,0.000000,0.000000
_8663_,generated_control,0,0,0,0,,,0.000000,0.000000
_8664_,generated_control,0,0,0,0,,,0.000000,0.000000
_8665_,generated_datapath,0,0,0,0,,,0.000000,0.000000
_8666_,generated_control,0,0,0,0,,,0.000000,0.000000
_8667_,generated_control,0,0,0,0,,,0.000000,0.000000
_8668_,generated_datapath,0,0,0,0,,,0.000000,0.000000
_8669_,generated_control,0,0,0,0,,,0.000000,0.000000
_8670_,generated_control,0,0,0,0,,,0.000000,0.000000
_8671_,generated_datapath,0,0,0,0,,,0.000000,0.000000
_8672_,generated_control,0,0,0,0,,,0.000000,0.000000
_8674_,generated_datapath,0,0,0,0,,,0.000000,0.000000
_8675_,generated_control,0,0,0,0,,,0.000000,0.000000
_8676_,generated_control,0,0,0,0,,,0.000000,0.000000
_8677_,generated_datapath,0,0,0,0,,,0.000000,0.000000
_8678_,generated_control,0,0,0,0,,,0.000000,0.000000
_8679_,generated_datapath,0,0,0,0,,,0.000000,0.000000
_8680_,generated_datapath,0,0,0,0,,,0.000000,0.000000
_8681_,generated_control,0,0,0,0,,,0.000000,0.000000
_8682_,generated_datapath,0,0,0,0,,,0.000000,0.000000
_8683_,generated_control,0,0,0,0,,,0.000000,0.000000
_8684_,generated_datapath,0,0,0,0,,,0.000000,0.000000
_8685_,generated_control,0,0,0,0,,,0.000000,0.000000
_8686_,generated_datapath,0,0,0,0,,,0.000000,0.000000
_8687_,generated_control,0,0,0,0,,,0.000000,0.000000
_8688_,generated_datapath,0,0,0,0,,,0.000000,0.000000
_8689_,generated_control,0,0,0,0,,,0.000000,0.000000
_8690_,generated_datapath,0,0,0,0,,,0.000000,0.000000
_8691_,generated_control,0,0,0,0,,,0.000000,0.000000
_8692_,generated_datapath,0,0,0,0,,,0.000000,0.000000
_8693_,generated_control,0,0,0,0,,,0.000000,0.000000
_8694_,generated_datapath,0,0,0,0,,,0.000000,0.000000
_8695_,generated_control,0,0,0,0,,,0.000000,0.000000
_8696_,generated_datapath,0,0,0,0,,,0.000000,0.000000
_8697_,generated_control,0,0,0,0,,,0.000000,0.000000
_8698_,generated_control,0,0,0,0,,,0.000000,0.000000
_8699_,generated_control,0,0,0,0,,,0.000000,0.000000
_8700_,generated_control,0,0,0,0,,,0.000000,0.000000
_8701_,generated_datapath,0,0,0,0,,,0.000000,0.000000
_8702_,generated_control,0,0,0,0,,,0.000000,0.000000
_8703_,generated_datapath,0,0,0,0,,,0.000000,0.000000
_8704_,generated_datapath,0,0,0,0,,,0.000000,0.000000
_8705_,generated_control,0,0,0,0,,,0.000000,0.000000
_8706_,generated_datapath,0,0,0,0,,,0.000000,0.000000
_8707_,generated_datapath,0,0,0,0,,,0.000000,0.000000
_8708_,generated_control,0,0,0,0,,,0.000000,0.000000
_8709_,generated_control,0,0,0,0,,,0.000000,0.000000
_8710_,generated_control,0,0,0,0,,,0.000000,0.000000
_8711_,generated_datapath,0,0,0,0,,,0.000000,0.000000
_8712_,generated_control,0,0,0,0,,,0.000000,0.000000
_8713_,generated_control,0,0,0,0,,,0.000000,0.000000
_8714_,generated_datapath,0,0,0,0,,,0.000000,0.000000
_8715_,generated_control,0,0,0,0,,,0.000000,0.000000
_8716_,generated_datapath,0,0,0,0,,,0.000000,0.000000
_8717_,generated_control,0,0,0,0,,,0.000000,0.000000
_8718_,generated_control,0,0,0,0,,,0.000000,0.000000
_8719_,generated_control,0,0,0,0,,,0.000000,0.000000
_8720_,generated_control,0,0,0,0,,,0.000000,0.000000
_8721_,generated_control,0,0,0,0,,,0.000000,0.000000
_8722_,generated_control,0,0,0,0,,,0.000000,0.000000
_8723_,generated_control,0,0,0,0,,,0.000000,0.000000
_8724_,generated_datapath,0,0,0,0,,,0.000000,0.000000
_8726_,generated_datapath,0,0,0,0,,,0.000000,0.000000
_8727_,generated_datapath,0,0,0,0,,,0.000000,0.000000
_8728_,generated_control,0,0,0,0,,,0.000000,0.000000
_8729_,generated_control,0,0,0,0,,,0.000000,0.000000
_8730_,generated_control,0,0,0,0,,,0.000000,0.000000
_8731_,generated_control,0,0,0,0,,,0.000000,0.000000
_8732_,generated_control,0,0,0,0,,,0.000000,0.000000
_8733_,generated_control,0,0,0,0,,,0.000000,0.000000
_8734_,generated_control,0,0,0,0,,,0.000000,0.000000
_8735_,generated_control,0,0,0,0,,,0.000000,0.000000
_8736_,generated_control,0,0,0,0,,,0.000000,0.000000
_8737_,generated_control,0,0,0,0,,,0.000000,0.000000
_8738_,generated_control,0,0,0,0,,,0.000000,0.000000
_8739_,generated_datapath,0,0,0,0,,,0.000000,0.000000
_8740_,generated_control,0,0,0,0,,,0.000000,0.000000
_8741_,generated_datapath,0,0,0,0,,,0.000000,0.000000
_8742_,generated_control,0,0,0,0,,,0.000000,0.000000
_8743_,generated_control,0,0,0,0,,,0.000000,0.000000
_8744_,generated_datapath,0,0,0,0,,,0.000000,0.000000
_8745_,generated_control,0,0,0,0,,,0.000000,0.000000
_8746_,generated_control,0,0,0,0,,,0.000000,0.000000
_8747_,generated_control,0,0,0,0,,,0.000000,0.000000
_8748_,generated_control,0,0,0,0,,,0.000000,0.000000
_8749_,generated_datapath,0,0,0,0,,,0.000000,0.000000
_8750_,generated_control,0,0,0,0,,,0.000000,0.000000
_8751_,generated_control,0,0,0,0,,,0.000000,0.000000
_8752_,generated_control,0,0,0,0,,,0.000000,0.000000
_8754_,generated_control,0,0,0,0,,,0.000000,0.000000
_8755_,generated_control,0,0,0,0,,,0.000000,0.000000
_8756_,generated_control,0,0,0,0,,,0.000000,0.000000
_8757_,generated_datapath,0,0,0,0,,,0.000000,0.000000
_8758_,generated_control,0,0,0,0,,,0.000000,0.000000
_8759_,generated_control,0,0,0,0,,,0.000000,0.000000
_8760_,generated_control,0,0,0,0,,,0.000000,0.000000
_8761_,generated_control,0,0,0,0,,,0.000000,0.000000
_8762_,generated_control,0,0,0,0,,,0.000000,0.000000
_8763_,generated_control,0,0,0,0,,,0.000000,0.000000
_8764_,generated_control,0,0,0,0,,,0.000000,0.000000
_8765_,generated_datapath,0,0,0,0,,,0.000000,0.000000
_8766_,generated_control,0,0,0,0,,,0.000000,0.000000
_8767_,generated_control,0,0,0,0,,,0.000000,0.000000
_8768_,generated_control,0,0,0,0,,,0.000000,0.000000
_8769_,generated_control,0,0,0,0,,,0.000000,0.000000
_8770_,generated_control,0,0,0,0,,,0.000000,0.000000
_8771_,register_file,0,1,0,0,,0.429100,0.000000,0.000000
_8772_,register_file,0,0,0,0,,,0.000000,0.000000
_8773_,register_file,0,0,0,0,,,0.000000,0.000000
_8774_,register_file,0,1,0,0,,0.416600,0.000000,0.000000
_8775_,register_file,0,0,0,0,,,0.000000,0.000000
_8776_,register_file,0,1,0,0,,0.447000,0.000000,0.000000
_8777_,register_file,0,0,0,0,,,0.000000,0.000000
_8778_,register_file,0,0,0,0,,,0.000000,0.000000
_8779_,register_file,0,0,0,0,,,0.000000,0.000000
_8780_,generated_control,0,0,0,0,,,0.000000,0.000000
_8781_,register_file,0,0,0,0,,,0.000000,0.000000
_8782_,generated_control,0,0,0,0,,,0.000000,0.000000
_8783_,decode_control,0,0,0,0,,,0.000000,0.000000
_8784_,decode_control,0,0,0,0,,,0.000000,0.000000
_8785_,decode_control,0,0,0,0,,,0.000000,0.000000
_8786_,decode_control,0,0,0,0,,,0.000000,0.000000
_8787_,generated_control,0,0,0,0,,,0.000000,0.000000
_8789_,generated_control,0,0,0,0,,,0.000000,0.000000
_8790_,generated_datapath,0,0,0,0,,,0.000000,0.000000
_8791_,generated_control,0,0,0,0,,,0.000000,0.000000
_8792_,generated_control,0,0,0,0,,,0.000000,0.000000
_8793_,generated_control,0,0,0,0,,,0.000000,0.000000
_8794_,generated_control,0,0,0,0,,,0.000000,0.000000
_8795_,generated_control,0,0,0,0,,,0.000000,0.000000
_8797_,generated_control,0,0,0,0,,,0.000000,0.000000
_8798_,generated_control,0,0,0,0,,,0.000000,0.000000
_8799_,generated_control,0,0,0,0,,,0.000000,0.000000
_8800_,generated_control,0,0,0,0,,,0.000000,0.000000
_8801_,generated_control,0,0,0,0,,,0.000000,0.000000
_8802_,generated_control,0,0,0,0,,,0.000000,0.000000
_8803_,generated_control,0,0,0,0,,,0.000000,0.000000
_8804_,generated_control,0,0,0,0,,,0.000000,0.000000
_8805_,generated_control,0,0,0,0,,,0.000000,0.000000
_8807_,generated_control,0,0,0,0,,,0.000000,0.000000
_8808_,generated_control,0,0,0,0,,,0.000000,0.000000
_8809_,generated_control,0,0,0,0,,,0.000000,0.000000
_8810_,generated_control,0,0,0,0,,,0.000000,0.000000
_8811_,generated_control,0,0,0,0,,,0.000000,0.000000
_8812_,generated_control,0,0,0,0,,,0.000000,0.000000
_8813_,generated_control,0,0,0,0,,,0.000000,0.000000
_8814_,generated_control,0,0,0,0,,,0.000000,0.000000
_8815_,generated_control,0,0,0,0,,,0.000000,0.000000
_8816_,generated_control,0,0,0,0,,,0.000000,0.000000
_8817_,generated_control,0,0,0,0,,,0.000000,0.000000
_8818_,generated_control,0,0,0,0,,,0.000000,0.000000
_8819_,generated_control,0,0,0,0,,,0.000000,0.000000
_8820_,generated_control,0,0,0,0,,,0.000000,0.000000
_8821_,generated_control,0,0,0,0,,,0.000000,0.000000
_8822_,generated_control,0,0,0,0,,,0.000000,0.000000
_8823_,generated_control,0,0,0,0,,,0.000000,0.000000
_8824_,generated_control,0,0,0,0,,,0.000000,0.000000
_8825_,generated_control,0,0,0,0,,,0.000000,0.000000
_8826_,generated_control,0,0,0,0,,,0.000000,0.000000
_8827_,generated_control,0,0,0,0,,,0.000000,0.000000
_8828_,generated_control,0,0,0,0,,,0.000000,0.000000
_8829_,generated_control,0,0,0,0,,,0.000000,0.000000
_8830_,generated_control,0,0,0,0,,,0.000000,0.000000
_8831_,generated_control,0,0,0,0,,,0.000000,0.000000
_8832_,generated_control,0,0,0,0,,,0.000000,0.000000
_8833_,generated_control,0,0,0,0,,,0.000000,0.000000
_8834_,generated_control,0,0,0,0,,,0.000000,0.000000
_8835_,generated_control,0,0,0,0,,,0.000000,0.000000
_8836_,generated_control,0,0,0,0,,,0.000000,0.000000
_8837_,generated_control,0,0,0,0,,,0.000000,0.000000
_8838_,generated_control,0,0,0,0,,,0.000000,0.000000
_8839_,generated_control,0,0,0,0,,,0.000000,0.000000
_8840_,generated_control,0,0,0,0,,,0.000000,0.000000
_8841_,generated_control,0,0,0,0,,,0.000000,0.000000
_8842_,register_file,0,0,0,0,,,0.000000,0.000000
_8843_,register_file,0,0,0,0,,,0.000000,0.000000
_8844_,register_file,0,0,0,0,,,0.000000,0.000000
_8845_,register_file,0,0,0,0,,,0.000000,0.000000
_8846_,register_file,0,0,0,0,,,0.000000,0.000000
_8847_,generated_control,0,0,0,0,,,0.000000,0.000000
_8848_,generated_control,0,0,0,0,,,0.000000,0.000000
_8849_,generated_control,0,0,0,0,,,0.000000,0.000000
_8851_,fetch,0,0,0,0,,,0.000000,0.000000
_8852_,generated_datapath,0,0,0,0,,,0.000000,0.000000
_8853_,fetch,0,0,0,0,,,0.000000,0.000000
_8854_,register_file,0,0,0,0,,,0.000000,0.000000
_8855_,generated_control,0,0,0,0,,,0.000000,0.000000
_8856_,register_file,0,0,0,0,,,0.000000,0.000000
_8857_,generated_control,0,0,0,0,,,0.000000,0.000000
_8858_,generated_datapath,0,0,0,0,,,0.000000,0.000000
_8859_,register_file,0,0,0,0,,,0.000000,0.000000
_8861_,register_file,0,0,0,0,,,0.000000,0.000000
_8862_,register_file,0,0,0,0,,,0.000000,0.000000
_8863_,fetch,0,0,0,0,,,0.000000,0.000000
_8864_,generated_datapath,0,0,0,0,,,0.000000,0.000000
_8865_,fetch,0,0,0,0,,,0.000000,0.000000
_8866_,generated_datapath,0,0,0,0,,,0.000000,0.000000
_8867_,fetch,0,0,0,0,,,0.000000,0.000000
_8868_,register_file,0,0,0,0,,,0.000000,0.000000
_8869_,generated_control,0,0,0,0,,,0.000000,0.000000
_8870_,register_file,0,0,0,0,,,0.000000,0.000000
_8871_,fetch,0,0,0,0,,,0.000000,0.000000
_8872_,generated_datapath,0,0,0,0,,,0.000000,0.000000
_8873_,register_file,0,0,0,0,,,0.000000,0.000000
_8874_,fetch,0,0,0,0,,,0.000000,0.000000
_8875_,generated_datapath,0,0,0,0,,,0.000000,0.000000
_8876_,register_file,0,0,0,0,,,0.000000,0.000000
_8877_,generated_control,0,0,0,0,,,0.000000,0.000000
_8878_,fetch,0,0,0,0,,,0.000000,0.000000
_8879_,generated_datapath,0,0,0,0,,,0.000000,0.000000
_8880_,register_file,0,0,0,0,,,0.000000,0.000000
_8881_,fetch,0,0,0,0,,,0.000000,0.000000
_8882_,generated_datapath,0,0,0,0,,,0.000000,0.000000
_8883_,fetch,0,0,0,0,,,0.000000,0.000000
_8884_,generated_datapath,0,0,0,0,,,0.000000,0.000000
_8885_,fetch,0,0,0,0,,,0.000000,0.000000
_8886_,generated_datapath,0,0,0,0,,,0.000000,0.000000
_8887_,generated_control,0,0,0,0,,,0.000000,0.000000
_8888_,fetch,0,0,0,0,,,0.000000,0.000000
_8889_,generated_datapath,0,0,0,0,,,0.000000,0.000000
_8891_,fetch,0,0,0,0,,,0.000000,0.000000
_8892_,generated_datapath,0,0,0,0,,,0.000000,0.000000
_8893_,generated_control,0,0,0,0,,,0.000000,0.000000
_8894_,fetch,0,0,0,0,,,0.000000,0.000000
_8895_,generated_datapath,0,0,0,0,,,0.000000,0.000000
_8896_,fetch,0,0,0,0,,,0.000000,0.000000
_8897_,generated_datapath,0,0,0,0,,,0.000000,0.000000
_8898_,fetch,0,0,0,0,,,0.000000,0.000000
_8899_,generated_datapath,0,0,0,0,,,0.000000,0.000000
_8900_,generated_control,0,0,0,0,,,0.000000,0.000000
_8901_,generated_control,0,0,0,0,,,0.000000,0.000000
_8902_,generated_datapath,0,0,0,0,,,0.000000,0.000000
_8903_,generated_control,0,0,0,0,,,0.000000,0.000000
_8904_,generated_datapath,0,0,0,0,,,0.000000,0.000000
_8905_,decode_control,0,0,0,0,,,0.000000,0.000000
_8906_,generated_control,0,0,0,0,,,0.000000,0.000000
_8907_,register_file,0,0,0,0,,,0.000000,0.000000
_8908_,generated_control,0,0,0,0,,,0.000000,0.000000
_8909_,fetch,0,0,0,0,,,0.000000,0.000000
_8910_,generated_control,0,0,0,0,,,0.000000,0.000000
_8911_,fetch,0,0,0,0,,,0.000000,0.000000
_8912_,generated_control,0,0,0,0,,,0.000000,0.000000
_8913_,fetch,0,0,0,0,,,0.000000,0.000000
_8914_,fetch,0,0,0,0,,,0.000000,0.000000
_8915_,generated_control,0,0,0,0,,,0.000000,0.000000
_8916_,fetch,0,0,0,0,,,0.000000,0.000000
_8917_,generated_control,0,0,0,0,,,0.000000,0.000000
_8918_,generated_datapath,1,0,0,0,5.237700,,0.160316,0.075822
_8919_,generated_datapath,0,0,0,0,,,0.000000,0.000000
_8920_,generated_datapath,1,0,0,0,5.237700,,0.160316,0.075822
_8921_,generated_control,0,0,0,0,,,0.000000,0.000000
_8922_,generated_control,0,0,0,0,,,0.000000,0.000000
_8923_,generated_datapath,0,0,0,0,,,0.000000,0.000000
_8924_,generated_control,0,0,0,0,,,0.000000,0.000000
_8925_,generated_control,0,0,0,0,,,0.000000,0.000000
_8926_,fetch,0,0,0,0,,,0.000000,0.000000
_8927_,generated_control,0,0,0,0,,,0.000000,0.000000
_8928_,generated_datapath,0,0,0,0,,,0.000000,0.000000
_8929_,generated_control,0,0,0,0,,,0.000000,0.000000
_8930_,generated_control,0,0,0,0,,,0.000000,0.000000
_8931_,generated_control,3,0,0,0,5.179500,,0.484326,0.229066
_8932_,generated_control,0,0,0,0,,,0.000000,0.000000
_8933_,unclassified,1,0,0,0,5.179500,,0.161825,0.076537
_8934_,fetch,0,0,0,0,,,0.000000,0.000000
_8935_,fetch,0,0,0,0,,,0.000000,0.000000
_8936_,generated_control,0,0,0,0,,,0.000000,0.000000
_8937_,register_file,0,0,0,0,,,0.000000,0.000000
_8938_,register_file,0,0,0,0,,,0.000000,0.000000
_8939_,fetch,0,0,0,0,,,0.000000,0.000000
_8940_,generated_control,0,0,0,0,,,0.000000,0.000000
_8941_,generated_control,0,0,0,0,,,0.000000,0.000000
_8942_,register_file,0,0,0,0,,,0.000000,0.000000
_8943_,register_file,0,0,0,0,,,0.000000,0.000000
_8944_,generated_control,0,0,0,0,,,0.000000,0.000000
_8945_,generated_control,0,0,0,0,,,0.000000,0.000000
_8946_,fetch,0,0,0,0,,,0.000000,0.000000
_8947_,fetch,0,0,0,0,,,0.000000,0.000000
_8948_,fetch,0,0,0,0,,,0.000000,0.000000
_8949_,generated_control,0,0,0,0,,,0.000000,0.000000
_8950_,fetch,0,0,0,0,,,0.000000,0.000000
_8951_,fetch,0,0,0,0,,,0.000000,0.000000
_8952_,generated_control,0,0,0,0,,,0.000000,0.000000
_8953_,fetch,0,0,0,0,,,0.000000,0.000000
_8954_,generated_control,0,0,0,0,,,0.000000,0.000000
_8955_,fetch,0,0,0,0,,,0.000000,0.000000
_8956_,fetch,0,0,0,0,,,0.000000,0.000000
_8957_,generated_control,0,0,0,0,,,0.000000,0.000000
_8958_,generated_control,0,0,0,0,,,0.000000,0.000000
_8959_,generated_control,0,0,0,0,,,0.000000,0.000000
_8960_,generated_datapath,0,0,0,0,,,0.000000,0.000000
_8961_,fetch,0,0,0,0,,,0.000000,0.000000
_8962_,generated_control,0,0,0,0,,,0.000000,0.000000
_8963_,generated_datapath,0,0,0,0,,,0.000000,0.000000
_8964_,generated_control,0,0,0,0,,,0.000000,0.000000
_8965_,generated_control,0,0,0,0,,,0.000000,0.000000
_8966_,generated_control,0,0,0,0,,,0.000000,0.000000
_8967_,generated_control,0,0,0,0,,,0.000000,0.000000
_8968_,generated_control,0,0,0,0,,,0.000000,0.000000
_8969_,generated_control,0,0,0,0,,,0.000000,0.000000
_8970_,generated_datapath,0,0,0,0,,,0.000000,0.000000
_8971_,generated_control,0,0,0,0,,,0.000000,0.000000
_8972_,generated_control,0,0,0,0,,,0.000000,0.000000
_8973_,generated_datapath,1,0,0,0,5.196800,,0.161374,0.076323
_8974_,generated_control,0,0,0,0,,,0.000000,0.000000
_8975_,fetch,0,0,0,0,,,0.000000,0.000000
_8976_,fetch,0,0,0,0,,,0.000000,0.000000
_8977_,register_file,0,1,0,0,,0.421100,0.000000,0.000000
_8978_,register_file,0,0,0,0,,,0.000000,0.000000
_8979_,register_file,0,0,0,0,,,0.000000,0.000000
_8980_,fetch,0,0,0,0,,,0.000000,0.000000
_8981_,register_file,0,0,0,0,,,0.000000,0.000000
_8982_,generated_datapath,0,0,0,0,,,0.000000,0.000000
_8983_,generated_datapath,0,0,0,0,,,0.000000,0.000000
_8984_,generated_datapath,0,0,0,0,,,0.000000,0.000000
_8985_,generated_control,0,0,0,0,,,0.000000,0.000000
_8986_,generated_control,0,0,0,0,,,0.000000,0.000000
_8987_,fetch,0,0,0,0,,,0.000000,0.000000
_8988_,fetch,0,0,0,0,,,0.000000,0.000000
_8989_,fetch,0,0,0,0,,,0.000000,0.000000
_8990_,fetch,0,0,0,0,,,0.000000,0.000000
_8991_,generated_control,0,0,0,0,,,0.000000,0.000000
_8992_,generated_control,0,0,0,0,,,0.000000,0.000000
_8993_,generated_datapath,0,0,0,0,,,0.000000,0.000000
_8994_,generated_control,0,0,0,0,,,0.000000,0.000000
_8995_,generated_datapath,0,0,0,0,,,0.000000,0.000000
_8996_,generated_datapath,0,0,0,0,,,0.000000,0.000000
_8997_,unclassified,0,0,0,0,,,0.000000,0.000000
_8998_,fetch,0,0,0,0,,,0.000000,0.000000
_8999_,generated_control,0,0,0,0,,,0.000000,0.000000
_9000_,generated_datapath,0,0,0,0,,,0.000000,0.000000
_9001_,generated_datapath,0,0,0,0,,,0.000000,0.000000
_9002_,generated_datapath,0,0,0,0,,,0.000000,0.000000
_9003_,generated_control,0,1,0,0,,0.384800,0.000000,0.000000
_9004_,generated_control,0,0,0,0,,,0.000000,0.000000
_9005_,generated_control,0,0,0,0,,,0.000000,0.000000
_9006_,generated_control,0,0,0,0,,,0.000000,0.000000
_9007_,generated_control,0,0,0,0,,,0.000000,0.000000
_9008_,unclassified,0,0,0,0,,,0.000000,0.000000
_9009_,unclassified,0,0,0,0,,,0.000000,0.000000
_9010_,generated_control,0,0,0,0,,,0.000000,0.000000
_9011_,generated_datapath,0,0,0,0,,,0.000000,0.000000
_9012_,generated_datapath,0,0,0,0,,,0.000000,0.000000
_9013_,fetch,0,0,0,0,,,0.000000,0.000000
_9014_,generated_datapath,0,0,0,0,,,0.000000,0.000000
_9015_,fetch,0,0,0,0,,,0.000000,0.000000
_9016_,generated_control,0,0,0,0,,,0.000000,0.000000
_9017_,generated_datapath,0,0,0,0,,,0.000000,0.000000
_9018_,generated_control,0,0,0,0,,,0.000000,0.000000
_9019_,generated_control,0,0,0,0,,,0.000000,0.000000
_9020_,generated_control,0,0,0,0,,,0.000000,0.000000
_9021_,generated_datapath,0,0,0,0,,,0.000000,0.000000
_9022_,unclassified,0,0,0,0,,,0.000000,0.000000
_9023_,unclassified,0,0,0,0,,,0.000000,0.000000
_9024_,generated_control,0,0,0,0,,,0.000000,0.000000
_9025_,generated_control,0,1,0,0,,0.397500,0.000000,0.000000
_9026_,generated_datapath,0,0,0,0,,,0.000000,0.000000
_9027_,generated_control,0,0,0,0,,,0.000000,0.000000
_9028_,generated_datapath,0,0,0,0,,,0.000000,0.000000
_9029_,generated_control,0,0,0,0,,,0.000000,0.000000
_9030_,unclassified,0,0,0,0,,,0.000000,0.000000
_9031_,generated_control,0,0,0,0,,,0.000000,0.000000
_9032_,generated_control,0,0,0,0,,,0.000000,0.000000
_9033_,generated_datapath,0,1,0,0,,0.397500,0.000000,0.000000
_9034_,generated_datapath,0,0,0,0,,,0.000000,0.000000
_9035_,generated_control,0,0,0,0,,,0.000000,0.000000
_9036_,generated_control,0,0,0,0,,,0.000000,0.000000
_9037_,fetch,0,0,0,0,,,0.000000,0.000000
_9038_,generated_datapath,0,0,0,0,,,0.000000,0.000000
_9039_,generated_datapath,0,0,0,0,,,0.000000,0.000000
_9040_,unclassified,0,0,0,0,,,0.000000,0.000000
_9041_,fetch,0,0,0,0,,,0.000000,0.000000
_9042_,generated_datapath,0,0,0,0,,,0.000000,0.000000
_9043_,generated_control,0,0,0,0,,,0.000000,0.000000
_9044_,generated_control,0,0,0,0,,,0.000000,0.000000
_9045_,generated_datapath,0,0,0,0,,,0.000000,0.000000
_9046_,generated_control,0,0,0,0,,,0.000000,0.000000
_9047_,register_file,0,0,0,0,,,0.000000,0.000000
_9048_,register_file,0,0,0,0,,,0.000000,0.000000
_9049_,register_file,0,0,0,0,,,0.000000,0.000000
_9050_,register_file,0,0,0,0,,,0.000000,0.000000
_9051_,fetch,0,0,0,0,,,0.000000,0.000000
_9052_,generated_control,0,0,0,0,,,0.000000,0.000000
_9053_,generated_control,0,0,0,0,,,0.000000,0.000000
_9054_,register_file,0,0,0,0,,,0.000000,0.000000
_9055_,register_file,0,0,0,0,,,0.000000,0.000000
_9056_,generated_control,0,0,0,0,,,0.000000,0.000000
_9057_,generated_datapath,0,0,0,0,,,0.000000,0.000000
_9058_,generated_datapath,0,0,0,0,,,0.000000,0.000000
_9059_,register_file,0,0,0,0,,,0.000000,0.000000
_9060_,generated_control,0,0,0,0,,,0.000000,0.000000
_9061_,register_file,0,0,0,0,,,0.000000,0.000000
_9062_,generated_control,0,0,0,0,,,0.000000,0.000000
_9063_,generated_control,0,0,0,0,,,0.000000,0.000000
_9064_,generated_control,0,0,0,0,,,0.000000,0.000000
_9065_,generated_control,0,0,0,0,,,0.000000,0.000000
_9066_,generated_datapath,0,0,0,0,,,0.000000,0.000000
_9067_,generated_control,0,0,0,0,,,0.000000,0.000000
_9068_,register_file,0,0,0,0,,,0.000000,0.000000
_9069_,generated_control,0,0,0,0,,,0.000000,0.000000
_9070_,generated_datapath,0,0,0,0,,,0.000000,0.000000
_9071_,generated_control,0,0,0,0,,,0.000000,0.000000
_9072_,generated_control,0,0,0,0,,,0.000000,0.000000
_9073_,generated_datapath,0,0,0,0,,,0.000000,0.000000
_9074_,generated_control,0,0,0,0,,,0.000000,0.000000
_9075_,generated_control,0,0,0,0,,,0.000000,0.000000
_9076_,register_file,0,0,0,0,,,0.000000,0.000000
_9077_,generated_control,0,0,0,0,,,0.000000,0.000000
_9078_,generated_datapath,0,0,0,0,,,0.000000,0.000000
_9079_,generated_control,0,0,0,0,,,0.000000,0.000000
_9080_,generated_control,0,0,0,0,,,0.000000,0.000000
_9081_,generated_control,0,0,0,0,,,0.000000,0.000000
_9082_,generated_control,0,0,0,0,,,0.000000,0.000000
_9083_,generated_control,0,0,0,0,,,0.000000,0.000000
_9084_,generated_control,0,0,0,0,,,0.000000,0.000000
_9085_,generated_control,0,0,0,0,,,0.000000,0.000000
_9086_,generated_control,0,0,0,0,,,0.000000,0.000000
_9087_,generated_control,0,0,0,0,,,0.000000,0.000000
_9088_,generated_control,0,0,0,0,,,0.000000,0.000000
_9089_,generated_control,0,0,0,0,,,0.000000,0.000000
_9090_,generated_control,0,0,0,0,,,0.000000,0.000000
_9091_,generated_control,0,0,0,0,,,0.000000,0.000000
_9092_,generated_control,0,0,0,0,,,0.000000,0.000000
_9093_,generated_control,0,0,0,0,,,0.000000,0.000000
_9094_,generated_control,0,0,0,0,,,0.000000,0.000000
_9095_,generated_control,0,0,0,0,,,0.000000,0.000000
_9096_,register_file,0,0,0,0,,,0.000000,0.000000
_9097_,register_file,0,0,0,0,,,0.000000,0.000000
_9098_,register_file,0,0,0,0,,,0.000000,0.000000
_9099_,register_file,0,0,0,0,,,0.000000,0.000000
_9100_,register_file,0,0,0,0,,,0.000000,0.000000
_9101_,generated_control,0,0,0,0,,,0.000000,0.000000
_9102_,generated_control,0,0,0,0,,,0.000000,0.000000
_9103_,register_file,0,0,0,0,,,0.000000,0.000000
_9104_,register_file,0,0,0,0,,,0.000000,0.000000
_9105_,register_file,0,0,0,0,,,0.000000,0.000000
_9106_,generated_control,0,0,0,0,,,0.000000,0.000000
_9107_,generated_control,0,0,0,0,,,0.000000,0.000000
_9108_,register_file,0,0,0,0,,,0.000000,0.000000
_9109_,generated_control,0,0,0,0,,,0.000000,0.000000
_9110_,register_file,0,0,0,0,,,0.000000,0.000000
_9111_,register_file,0,0,0,0,,,0.000000,0.000000
_9112_,fetch,0,0,0,0,,,0.000000,0.000000
_9113_,fetch,0,0,0,0,,,0.000000,0.000000
_9114_,generated_datapath,0,0,0,0,,,0.000000,0.000000
_9115_,generated_datapath,0,0,0,0,,,0.000000,0.000000
_9116_,generated_datapath,1,0,0,0,5.206300,,0.161127,0.076206
_9117_,fetch,0,0,0,0,,,0.000000,0.000000
_9118_,generated_control,0,0,0,0,,,0.000000,0.000000
_9119_,generated_datapath,0,0,0,0,,,0.000000,0.000000
_9120_,generated_datapath,0,0,0,0,,,0.000000,0.000000
_9121_,generated_control,0,0,0,0,,,0.000000,0.000000
_9122_,generated_datapath,0,0,0,0,,,0.000000,0.000000
_9123_,generated_control,0,0,0,0,,,0.000000,0.000000
_9124_,generated_datapath,0,0,0,0,,,0.000000,0.000000
_9125_,decode_control,0,0,0,0,,,0.000000,0.000000
_9126_,generated_datapath,0,0,0,0,,,0.000000,0.000000
_9127_,generated_datapath,0,0,0,0,,,0.000000,0.000000
_9128_,generated_control,0,0,0,0,,,0.000000,0.000000
_9129_,generated_datapath,0,0,0,0,,,0.000000,0.000000
_9130_,generated_control,0,0,0,0,,,0.000000,0.000000
_9131_,decode_control,0,0,0,0,,,0.000000,0.000000
_9132_,generated_datapath,0,0,0,0,,,0.000000,0.000000
_9133_,generated_datapath,0,0,0,0,,,0.000000,0.000000
_9134_,generated_control,0,0,0,0,,,0.000000,0.000000
_9135_,generated_datapath,0,0,0,0,,,0.000000,0.000000
_9136_,generated_control,0,0,0,0,,,0.000000,0.000000
_9137_,generated_control,0,0,0,0,,,0.000000,0.000000
_9138_,generated_control,0,0,0,0,,,0.000000,0.000000
_9139_,generated_control,0,0,0,0,,,0.000000,0.000000
_9140_,generated_control,0,0,0,0,,,0.000000,0.000000
_9141_,generated_control,0,0,0,0,,,0.000000,0.000000
_9142_,generated_control,0,0,0,0,,,0.000000,0.000000
_9143_,generated_control,0,0,0,0,,,0.000000,0.000000
_9144_,generated_control,0,0,0,0,,,0.000000,0.000000
_9145_,generated_control,0,0,0,0,,,0.000000,0.000000
_9146_,generated_control,0,0,0,0,,,0.000000,0.000000
_9147_,decode_control,0,0,0,0,,,0.000000,0.000000
_9148_,generated_datapath,0,0,0,0,,,0.000000,0.000000
_9149_,unclassified,0,0,0,0,,,0.000000,0.000000
_9150_,generated_control,0,0,0,0,,,0.000000,0.000000
_9151_,decode_control,0,0,0,0,,,0.000000,0.000000
_9152_,generated_control,0,0,0,0,,,0.000000,0.000000
_9153_,generated_datapath,0,0,0,0,,,0.000000,0.000000
_9154_,generated_datapath,0,0,0,0,,,0.000000,0.000000
_9155_,generated_control,0,0,0,0,,,0.000000,0.000000
_9156_,generated_control,0,0,0,0,,,0.000000,0.000000
_9157_,generated_control,0,0,0,0,,,0.000000,0.000000
_9158_,generated_control,0,0,0,0,,,0.000000,0.000000
_9159_,generated_control,0,0,0,0,,,0.000000,0.000000
_9160_,generated_control,0,0,0,0,,,0.000000,0.000000
_9161_,generated_control,0,0,0,0,,,0.000000,0.000000
_9162_,generated_control,0,0,0,0,,,0.000000,0.000000
_9163_,generated_control,0,0,0,0,,,0.000000,0.000000
_9164_,generated_control,0,0,0,0,,,0.000000,0.000000
_9165_,generated_control,0,0,0,0,,,0.000000,0.000000
_9166_,generated_control,0,0,0,0,,,0.000000,0.000000
_9167_,generated_control,0,0,0,0,,,0.000000,0.000000
_9168_,generated_control,0,0,0,0,,,0.000000,0.000000
_9169_,generated_control,0,0,0,0,,,0.000000,0.000000
_9170_,generated_datapath,0,0,0,0,,,0.000000,0.000000
_9171_,generated_control,0,0,0,0,,,0.000000,0.000000
_9172_,generated_control,0,0,0,0,,,0.000000,0.000000
_9173_,generated_datapath,0,0,0,0,,,0.000000,0.000000
_9174_,generated_control,0,0,0,0,,,0.000000,0.000000
_9175_,generated_datapath,0,0,0,0,,,0.000000,0.000000
_9176_,generated_datapath,0,0,0,0,,,0.000000,0.000000
_9177_,unclassified,0,0,0,0,,,0.000000,0.000000
_9178_,generated_control,0,0,0,0,,,0.000000,0.000000
_9179_,generated_control,0,0,0,0,,,0.000000,0.000000
_9180_,unclassified,0,0,0,0,,,0.000000,0.000000
_9181_,generated_control,0,0,0,0,,,0.000000,0.000000
_9182_,generated_datapath,0,0,0,0,,,0.000000,0.000000
_9183_,generated_control,0,0,0,0,,,0.000000,0.000000
_9184_,register_file,0,0,0,0,,,0.000000,0.000000
_9185_,generated_control,0,0,0,0,,,0.000000,0.000000
_9186_,generated_datapath,0,0,0,0,,,0.000000,0.000000
_9187_,generated_datapath,0,0,0,0,,,0.000000,0.000000
_9188_,generated_datapath,0,0,0,0,,,0.000000,0.000000
_9189_,generated_datapath,1,0,0,0,5.195900,,0.161397,0.076334
_9190_,generated_datapath,1,0,0,0,5.195900,,0.161397,0.076334
_9191_,generated_control,0,0,0,0,,,0.000000,0.000000
_9192_,generated_datapath,0,0,0,0,,,0.000000,0.000000
_9193_,generated_control,0,0,0,0,,,0.000000,0.000000
_9194_,generated_control,0,0,0,0,,,0.000000,0.000000
_9195_,generated_datapath,0,0,0,0,,,0.000000,0.000000
_9196_,generated_datapath,0,0,0,0,,,0.000000,0.000000
_9197_,generated_datapath,0,0,0,0,,,0.000000,0.000000
_9198_,unclassified,1,0,0,0,5.195900,,0.161397,0.076334
_9199_,generated_control,0,0,0,0,,,0.000000,0.000000
_9200_,generated_datapath,0,0,0,0,,,0.000000,0.000000
_9201_,generated_control,0,0,0,0,,,0.000000,0.000000
_9202_,generated_control,0,0,0,0,,,0.000000,0.000000
_9203_,generated_datapath,0,0,0,0,,,0.000000,0.000000
_9204_,unclassified,1,0,0,0,4.321500,,0.187917,0.088877
_9205_,decode_control,0,0,0,0,,,0.000000,0.000000
_9206_,generated_datapath,1,0,0,0,4.321500,,0.187917,0.088877
_9207_,generated_control,0,0,0,0,,,0.000000,0.000000
_9208_,generated_control,0,0,0,0,,,0.000000,0.000000
_9209_,generated_datapath,0,0,0,0,,,0.000000,0.000000
_9210_,generated_control,0,0,0,0,,,0.000000,0.000000
_9211_,generated_datapath,1,0,0,0,4.321500,,0.187917,0.088877
_9212_,unclassified,1,0,0,0,4.321500,,0.187917,0.088877
_9213_,generated_datapath,0,0,0,0,,,0.000000,0.000000
_9214_,fetch,0,0,0,0,,,0.000000,0.000000
_9215_,generated_datapath,0,0,0,0,,,0.000000,0.000000
_9216_,generated_control,0,0,0,0,,,0.000000,0.000000
_9217_,generated_control,0,0,0,0,,,0.000000,0.000000
_9218_,generated_datapath,0,0,0,0,,,0.000000,0.000000
_9219_,fetch,0,0,0,0,,,0.000000,0.000000
_9220_,generated_datapath,0,0,0,0,,,0.000000,0.000000
_9221_,register_file,0,0,0,0,,,0.000000,0.000000
_9222_,generated_control,0,0,0,0,,,0.000000,0.000000
_9223_,fetch,0,0,0,0,,,0.000000,0.000000
_9224_,generated_datapath,0,0,0,0,,,0.000000,0.000000
_9225_,fetch,0,0,0,0,,,0.000000,0.000000
_9226_,generated_datapath,0,0,0,0,,,0.000000,0.000000
_9227_,fetch,0,0,0,0,,,0.000000,0.000000
_9228_,generated_datapath,0,0,0,0,,,0.000000,0.000000
_9229_,generated_datapath,0,0,0,0,,,0.000000,0.000000
_9230_,generated_datapath,0,0,0,0,,,0.000000,0.000000
_9231_,generated_control,0,0,0,0,,,0.000000,0.000000
_9232_,fetch,0,0,0,0,,,0.000000,0.000000
_9233_,fetch,0,0,0,0,,,0.000000,0.000000
_9234_,generated_control,0,0,0,0,,,0.000000,0.000000
_9235_,generated_control,0,0,0,0,,,0.000000,0.000000
_9236_,unclassified,0,0,0,0,,,0.000000,0.000000
_9237_,generated_control,0,1,0,0,,0.166800,0.000000,0.000000
_9238_,register_file,0,0,0,0,,,0.000000,0.000000
_9239_,register_file,0,1,0,0,,0.166800,0.000000,0.000000
_9240_,decode_control,0,0,0,0,,,0.000000,0.000000
_9241_,decode_control,0,0,0,0,,,0.000000,0.000000
_9242_,decode_control,0,0,0,0,,,0.000000,0.000000
_9243_,generated_datapath,2,0,0,0,5.454100,,0.307731,0.145544
_9244_,generated_datapath,0,0,0,0,,,0.000000,0.000000
_9245_,decode_control,0,0,0,0,,,0.000000,0.000000
_9246_,decode_control,0,0,0,0,,,0.000000,0.000000
_9247_,decode_control,0,0,0,0,,,0.000000,0.000000
_9248_,generated_datapath,0,0,0,0,,,0.000000,0.000000
_9249_,decode_control,0,0,0,0,,,0.000000,0.000000
_9250_,decode_control,0,0,0,0,,,0.000000,0.000000
_9251_,decode_control,0,0,0,0,,,0.000000,0.000000
_9252_,decode_control,0,0,0,0,,,0.000000,0.000000
_9253_,decode_control,8,0,0,0,4.321500,,1.327719,0.627955
_9254_,generated_datapath,0,0,0,0,,,0.000000,0.000000
_9255_,generated_datapath,0,0,0,0,,,0.000000,0.000000
_9256_,generated_datapath,0,0,0,0,,,0.000000,0.000000
_9257_,decode_control,0,0,0,0,,,0.000000,0.000000
_9258_,decode_control,0,0,0,0,,,0.000000,0.000000
_9259_,decode_control,0,0,0,0,,,0.000000,0.000000
_9260_,decode_control,0,0,0,0,,,0.000000,0.000000
_9261_,decode_control,0,0,0,0,,,0.000000,0.000000
_9262_,generated_datapath,0,0,0,0,,,0.000000,0.000000
_9263_,generated_datapath,0,0,0,0,,,0.000000,0.000000
_9264_,decode_control,0,0,0,0,,,0.000000,0.000000
_9265_,decode_control,0,0,0,0,,,0.000000,0.000000
_9266_,decode_control,0,0,0,0,,,0.000000,0.000000
_9267_,decode_control,0,0,0,0,,,0.000000,0.000000
_9268_,decode_control,0,0,0,0,,,0.000000,0.000000
_9269_,decode_control,0,0,0,0,,,0.000000,0.000000
_9270_,decode_control,0,0,0,0,,,0.000000,0.000000
_9271_,decode_control,0,0,0,0,,,0.000000,0.000000
_9272_,decode_control,0,0,0,0,,,0.000000,0.000000
_9273_,decode_control,0,0,0,0,,,0.000000,0.000000
_9274_,decode_control,0,0,0,0,,,0.000000,0.000000
_9275_,decode_control,0,0,0,0,,,0.000000,0.000000
_9276_,generated_datapath,0,0,0,0,,,0.000000,0.000000
_9277_,decode_control,0,0,0,0,,,0.000000,0.000000
_9278_,decode_control,0,0,0,0,,,0.000000,0.000000
_9279_,decode_control,0,0,0,0,,,0.000000,0.000000
_9280_,decode_control,0,0,0,0,,,0.000000,0.000000
_9281_,decode_control,0,0,0,0,,,0.000000,0.000000
_9282_,decode_control,0,0,0,0,,,0.000000,0.000000
_9283_,decode_control,0,0,0,0,,,0.000000,0.000000
_9284_,decode_control,0,0,0,0,,,0.000000,0.000000
_9285_,decode_control,0,0,0,0,,,0.000000,0.000000
_9286_,decode_control,0,0,0,0,,,0.000000,0.000000
_9287_,decode_control,0,0,0,0,,,0.000000,0.000000
_9288_,decode_control,0,0,0,0,,,0.000000,0.000000
_9289_,decode_control,0,0,0,0,,,0.000000,0.000000
_9290_,decode_control,0,0,0,0,,,0.000000,0.000000
_9291_,decode_control,0,0,0,0,,,0.000000,0.000000
_9292_,decode_control,0,0,0,0,,,0.000000,0.000000
_9293_,decode_control,0,0,0,0,,,0.000000,0.000000
_9294_,decode_control,0,0,0,0,,,0.000000,0.000000
_9295_,decode_control,0,0,0,0,,,0.000000,0.000000
_9296_,decode_control,0,0,0,0,,,0.000000,0.000000
_9297_,decode_control,0,0,0,0,,,0.000000,0.000000
_9298_,decode_control,0,0,0,0,,,0.000000,0.000000
_9299_,decode_control,0,0,0,0,,,0.000000,0.000000
_9300_,decode_control,0,0,0,0,,,0.000000,0.000000
_9301_,decode_control,0,0,0,0,,,0.000000,0.000000
_9302_,decode_control,0,0,0,0,,,0.000000,0.000000
_9303_,decode_control,0,0,0,0,,,0.000000,0.000000
_9304_,decode_control,0,0,0,0,,,0.000000,0.000000
_9305_,decode_control,0,0,0,0,,,0.000000,0.000000
_9306_,decode_control,0,0,0,0,,,0.000000,0.000000
_9307_,decode_control,0,0,0,0,,,0.000000,0.000000
_9308_,decode_control,0,0,0,0,,,0.000000,0.000000
_9309_,decode_control,0,0,0,0,,,0.000000,0.000000
_9310_,decode_control,0,0,0,0,,,0.000000,0.000000
_9311_,decode_control,0,0,0,0,,,0.000000,0.000000
_9312_,decode_control,0,0,0,0,,,0.000000,0.000000
_9313_,decode_control,0,0,0,0,,,0.000000,0.000000
_9314_,decode_control,0,0,0,0,,,0.000000,0.000000
_9315_,decode_control,0,0,0,0,,,0.000000,0.000000
_9316_,decode_control,0,0,0,0,,,0.000000,0.000000
_9317_,decode_control,0,0,0,0,,,0.000000,0.000000
_9318_,decode_control,0,0,0,0,,,0.000000,0.000000
_9319_,decode_control,5,0,0,0,5.185100,,0.786635,0.372045
_9320_,decode_control,0,0,0,0,,,0.000000,0.000000
_9321_,fetch,0,0,0,0,,,0.000000,0.000000
_9322_,decode_control,0,0,0,0,,,0.000000,0.000000
_9323_,decode_control,0,0,0,0,,,0.000000,0.000000
_9324_,decode_control,0,0,0,0,,,0.000000,0.000000
_9325_,decode_control,0,0,0,0,,,0.000000,0.000000
_9326_,decode_control,0,0,0,0,,,0.000000,0.000000
_9327_,generated_datapath,0,0,0,0,,,0.000000,0.000000
_9328_,generated_datapath,0,0,0,0,,,0.000000,0.000000
_9329_,generated_datapath,0,0,0,0,,,0.000000,0.000000
_9330_,generated_datapath,0,0,0,0,,,0.000000,0.000000
_9331_,generated_datapath,0,0,0,0,,,0.000000,0.000000
_9332_,generated_datapath,0,0,0,0,,,0.000000,0.000000
_9333_,generated_datapath,0,0,0,0,,,0.000000,0.000000
_9334_,decode_control,0,0,0,0,,,0.000000,0.000000
_9335_,generated_datapath,0,0,0,0,,,0.000000,0.000000
_9336_,generated_datapath,0,0,0,0,,,0.000000,0.000000
_9337_,generated_datapath,0,0,0,0,,,0.000000,0.000000
_9338_,generated_datapath,0,0,0,0,,,0.000000,0.000000
_9339_,generated_datapath,0,0,0,0,,,0.000000,0.000000
_9340_,generated_datapath,0,0,0,0,,,0.000000,0.000000
_9341_,generated_datapath,0,0,0,0,,,0.000000,0.000000
_9342_,generated_datapath,0,0,0,0,,,0.000000,0.000000
_9343_,generated_datapath,0,0,0,0,,,0.000000,0.000000
_9344_,generated_datapath,0,0,0,0,,,0.000000,0.000000
_9345_,generated_datapath,0,0,0,0,,,0.000000,0.000000
_9346_,generated_datapath,0,0,0,0,,,0.000000,0.000000
_9347_,generated_datapath,0,0,0,0,,,0.000000,0.000000
_9348_,generated_datapath,0,0,0,0,,,0.000000,0.000000
_9349_,generated_datapath,0,0,0,0,,,0.000000,0.000000
_9350_,decode_control,0,0,0,0,,,0.000000,0.000000
_9351_,generated_datapath,0,0,0,0,,,0.000000,0.000000
_9352_,generated_datapath,0,0,0,0,,,0.000000,0.000000
_9353_,generated_datapath,0,0,0,0,,,0.000000,0.000000
_9354_,generated_datapath,0,0,0,0,,,0.000000,0.000000
_9355_,generated_datapath,0,0,0,0,,,0.000000,0.000000
_9356_,generated_datapath,0,0,0,0,,,0.000000,0.000000
_9357_,generated_datapath,0,0,0,0,,,0.000000,0.000000
_9358_,generated_datapath,0,0,0,0,,,0.000000,0.000000
_9359_,generated_datapath,0,0,0,0,,,0.000000,0.000000
_9360_,generated_datapath,0,0,0,0,,,0.000000,0.000000
_9361_,generated_datapath,0,0,0,0,,,0.000000,0.000000
_9362_,generated_datapath,0,0,0,0,,,0.000000,0.000000
_9363_,generated_datapath,0,0,0,0,,,0.000000,0.000000
_9364_,generated_datapath,0,0,0,0,,,0.000000,0.000000
_9365_,generated_datapath,0,0,0,0,,,0.000000,0.000000
_9366_,generated_datapath,0,0,0,0,,,0.000000,0.000000
_9367_,generated_datapath,0,0,0,0,,,0.000000,0.000000
_9368_,generated_datapath,0,0,0,0,,,0.000000,0.000000
_9369_,generated_datapath,0,0,0,0,,,0.000000,0.000000
_9370_,generated_datapath,0,0,0,0,,,0.000000,0.000000
_9371_,generated_datapath,0,0,0,0,,,0.000000,0.000000
_9372_,generated_datapath,0,0,0,0,,,0.000000,0.000000
_9373_,generated_datapath,0,0,0,0,,,0.000000,0.000000
_9374_,generated_datapath,0,0,0,0,,,0.000000,0.000000
_9375_,generated_datapath,0,0,0,0,,,0.000000,0.000000
_9376_,generated_datapath,0,0,0,0,,,0.000000,0.000000
_9377_,generated_datapath,0,0,0,0,,,0.000000,0.000000
_9378_,generated_datapath,0,0,0,0,,,0.000000,0.000000
_9379_,generated_datapath,0,0,0,0,,,0.000000,0.000000
_9380_,generated_datapath,0,0,0,0,,,0.000000,0.000000
_9381_,generated_datapath,0,0,0,0,,,0.000000,0.000000
_9382_,generated_datapath,0,0,0,0,,,0.000000,0.000000
_9383_,generated_datapath,0,0,0,0,,,0.000000,0.000000
_9384_,generated_datapath,0,0,0,0,,,0.000000,0.000000
_9385_,generated_datapath,0,0,0,0,,,0.000000,0.000000
_9386_,generated_datapath,0,0,0,0,,,0.000000,0.000000
_9387_,generated_datapath,0,0,0,0,,,0.000000,0.000000
_9388_,generated_datapath,0,0,0,0,,,0.000000,0.000000
_9389_,generated_datapath,0,0,0,0,,,0.000000,0.000000
_9390_,generated_datapath,0,0,0,0,,,0.000000,0.000000
_9391_,generated_datapath,0,0,0,0,,,0.000000,0.000000
_9392_,generated_datapath,0,0,0,0,,,0.000000,0.000000
_9393_,generated_datapath,0,0,0,0,,,0.000000,0.000000
_9394_,generated_datapath,0,0,0,0,,,0.000000,0.000000
_9395_,generated_datapath,0,0,0,0,,,0.000000,0.000000
_9396_,generated_datapath,0,0,0,0,,,0.000000,0.000000
_9397_,generated_datapath,0,0,0,0,,,0.000000,0.000000
_9398_,generated_datapath,0,0,0,0,,,0.000000,0.000000
_9399_,generated_datapath,0,0,0,0,,,0.000000,0.000000
_9400_,generated_datapath,0,0,0,0,,,0.000000,0.000000
_9401_,generated_datapath,0,0,0,0,,,0.000000,0.000000
_9402_,generated_datapath,0,0,0,0,,,0.000000,0.000000
_9403_,generated_datapath,0,0,0,0,,,0.000000,0.000000
_9404_,generated_datapath,0,0,0,0,,,0.000000,0.000000
_9405_,decode_control,0,0,0,0,,,0.000000,0.000000
_9406_,decode_control,0,0,0,0,,,0.000000,0.000000
_9407_,decode_control,0,0,0,0,,,0.000000,0.000000
_9408_,generated_datapath,0,0,0,0,,,0.000000,0.000000
_9409_,generated_datapath,0,0,0,0,,,0.000000,0.000000
_9410_,generated_datapath,0,0,0,0,,,0.000000,0.000000
_9411_,generated_datapath,0,0,0,0,,,0.000000,0.000000
_9412_,generated_datapath,0,0,0,0,,,0.000000,0.000000
_9413_,generated_datapath,0,0,0,0,,,0.000000,0.000000
_9414_,decode_control,0,0,0,0,,,0.000000,0.000000
_9415_,generated_datapath,9,0,0,0,5.179500,,1.426120,0.674494
_9416_,generated_datapath,0,0,0,0,,,0.000000,0.000000
_9417_,generated_datapath,0,0,0,0,,,0.000000,0.000000
_9418_,generated_datapath,7,0,0,0,5.195900,,1.103063,0.521702
_9419_,generated_datapath,0,0,0,0,,,0.000000,0.000000
_9420_,generated_datapath,0,0,0,0,,,0.000000,0.000000
_9421_,generated_datapath,0,0,0,0,,,0.000000,0.000000
_9422_,generated_datapath,0,0,0,0,,,0.000000,0.000000
_9423_,generated_datapath,0,0,0,0,,,0.000000,0.000000
_9424_,decode_control,0,0,0,0,,,0.000000,0.000000
_9425_,decode_control,0,0,0,0,,,0.000000,0.000000
_9426_,generated_datapath,0,0,0,0,,,0.000000,0.000000
_9427_,generated_datapath,0,0,0,0,,,0.000000,0.000000
_9428_,decode_control,0,0,0,0,,,0.000000,0.000000
_9429_,decode_control,0,0,0,0,,,0.000000,0.000000
_9430_,decode_control,0,0,0,0,,,0.000000,0.000000
_9431_,decode_control,0,0,0,0,,,0.000000,0.000000
_9432_,decode_control,0,0,0,0,,,0.000000,0.000000
_9433_,decode_control,0,0,0,0,,,0.000000,0.000000
_9434_,decode_control,0,0,0,0,,,0.000000,0.000000
_9435_,decode_control,0,0,0,0,,,0.000000,0.000000
_9436_,generated_datapath,0,0,0,0,,,0.000000,0.000000
_9437_,generated_datapath,0,0,0,0,,,0.000000,0.000000
_9438_,generated_datapath,0,0,0,0,,,0.000000,0.000000
_9439_,generated_datapath,0,0,0,0,,,0.000000,0.000000
_9440_,decode_control,0,0,0,0,,,0.000000,0.000000
_9441_,generated_datapath,0,0,0,0,,,0.000000,0.000000
_9442_,generated_datapath,0,0,0,0,,,0.000000,0.000000
_9443_,generated_datapath,0,0,0,0,,,0.000000,0.000000
_9444_,generated_datapath,0,0,0,0,,,0.000000,0.000000
_9445_,generated_datapath,0,0,0,0,,,0.000000,0.000000
_9446_,pipeline_state,9,1,9,1,5.314500,0.416600,1.369403,0.647670
_9447_,pipeline_state,3,0,3,0,5.482900,,0.460552,0.217821
_9448_,pipeline_state,0,0,0,0,,,0.000000,0.000000
_9449_,pipeline_state,0,1,0,1,,0.429100,0.000000,0.000000
_9450_,pipeline_state,0,1,0,1,,0.421100,0.000000,0.000000
_9451_,pipeline_state,0,0,0,0,,,0.000000,0.000000
_9452_,pipeline_state,7,0,7,0,5.479000,,1.069178,0.505676
_9453_,pipeline_state,0,1,0,1,,0.447000,0.000000,0.000000
_9454_,pipeline_state,0,0,0,0,,,0.000000,0.000000
_9455_,pipeline_state,0,0,0,0,,,0.000000,0.000000
_9457__1,unclassified,0,0,0,0,,,0.000000,0.000000
_9458__2,unclassified,0,0,0,0,,,0.000000,0.000000
_9459__3,unclassified,0,0,0,0,,,0.000000,0.000000
_9460__4,unclassified,0,0,0,0,,,0.000000,0.000000
_9461__5,unclassified,0,0,0,0,,,0.000000,0.000000
_9462__6,unclassified,0,0,0,0,,,0.000000,0.000000
_9463__7,unclassified,0,0,0,0,,,0.000000,0.000000
_9464__8,unclassified,0,0,0,0,,,0.000000,0.000000
_9465__9,unclassified,0,0,0,0,,,0.000000,0.000000
_9466__10,unclassified,0,0,0,0,,,0.000000,0.000000
_9467__11,unclassified,0,0,0,0,,,0.000000,0.000000
_9468__12,unclassified,0,0,0,0,,,0.000000,0.000000
_9469__13,unclassified,0,0,0,0,,,0.000000,0.000000
_9470__14,unclassified,0,0,0,0,,,0.000000,0.000000
_9471__15,unclassified,0,0,0,0,,,0.000000,0.000000
_9472__16,unclassified,0,0,0,0,,,0.000000,0.000000
_9473__17,unclassified,0,0,0,0,,,0.000000,0.000000
_9474__18,unclassified,0,0,0,0,,,0.000000,0.000000
_9475__19,unclassified,0,0,0,0,,,0.000000,0.000000
_9476__20,unclassified,0,0,0,0,,,0.000000,0.000000
_9477__21,unclassified,0,0,0,0,,,0.000000,0.000000
_9478__22,unclassified,0,0,0,0,,,0.000000,0.000000
_9479__23,unclassified,0,0,0,0,,,0.000000,0.000000
_9480__24,unclassified,0,0,0,0,,,0.000000,0.000000
_9481__25,unclassified,0,0,0,0,,,0.000000,0.000000
_9482__26,unclassified,0,0,0,0,,,0.000000,0.000000
_9483__27,unclassified,0,0,0,0,,,0.000000,0.000000
_9484__28,unclassified,0,0,0,0,,,0.000000,0.000000
_9485__29,unclassified,0,0,0,0,,,0.000000,0.000000
_9486__30,unclassified,0,0,0,0,,,0.000000,0.000000
_9487__31,unclassified,0,0,0,0,,,0.000000,0.000000
_9488__32,unclassified,0,0,0,0,,,0.000000,0.000000
_9489__33,unclassified,0,0,0,0,,,0.000000,0.000000
_9490__34,unclassified,0,0,0,0,,,0.000000,0.000000
_9491__35,unclassified,0,0,0,0,,,0.000000,0.000000
_9492__36,unclassified,0,0,0,0,,,0.000000,0.000000
_9493__37,unclassified,0,0,0,0,,,0.000000,0.000000
_9494__38,unclassified,0,0,0,0,,,0.000000,0.000000
_9495__39,unclassified,0,0,0,0,,,0.000000,0.000000
_9496__40,unclassified,0,0,0,0,,,0.000000,0.000000
_9497__41,unclassified,0,0,0,0,,,0.000000,0.000000
_9498__42,unclassified,0,0,0,0,,,0.000000,0.000000
_9499__43,unclassified,0,0,0,0,,,0.000000,0.000000
_9500__44,unclassified,0,0,0,0,,,0.000000,0.000000
_9501__45,unclassified,0,0,0,0,,,0.000000,0.000000
_9502__46,unclassified,0,0,0,0,,,0.000000,0.000000
_9503__47,unclassified,0,0,0,0,,,0.000000,0.000000
_9504__48,unclassified,0,0,0,0,,,0.000000,0.000000
_9505__49,unclassified,0,0,0,0,,,0.000000,0.000000
_9506__50,unclassified,0,0,0,0,,,0.000000,0.000000
_9507__51,unclassified,0,0,0,0,,,0.000000,0.000000
_9508__52,unclassified,0,0,0,0,,,0.000000,0.000000
_9509__53,unclassified,0,0,0,0,,,0.000000,0.000000
_9510__54,unclassified,0,0,0,0,,,0.000000,0.000000
_9511__55,unclassified,0,0,0,0,,,0.000000,0.000000
_9512__56,unclassified,0,0,0,0,,,0.000000,0.000000
_9513__57,unclassified,0,0,0,0,,,0.000000,0.000000
_9514__58,unclassified,0,0,0,0,,,0.000000,0.000000
_9515__59,unclassified,0,0,0,0,,,0.000000,0.000000
_9516__60,unclassified,0,0,0,0,,,0.000000,0.000000
_9517__61,unclassified,0,0,0,0,,,0.000000,0.000000
_9518__62,unclassified,0,0,0,0,,,0.000000,0.000000
_9519__63,unclassified,0,0,0,0,,,0.000000,0.000000
_9520__64,unclassified,0,0,0,0,,,0.000000,0.000000
_9521__65,unclassified,0,0,0,0,,,0.000000,0.000000
_9522__66,unclassified,0,0,0,0,,,0.000000,0.000000
_9523__67,unclassified,0,0,0,0,,,0.000000,0.000000
_9524__68,unclassified,0,0,0,0,,,0.000000,0.000000
_9533__69,pipeline_state,0,0,0,0,,,0.000000,0.000000
_9534__70,unclassified,0,0,0,0,,,0.000000,0.000000
_9535__71,unclassified,0,0,0,0,,,0.000000,0.000000
_9536__72,unclassified,0,0,0,0,,,0.000000,0.000000
_9537__73,unclassified,0,0,0,0,,,0.000000,0.000000
_9538__74,unclassified,0,0,0,0,,,0.000000,0.000000
_9539__75,unclassified,0,0,0,0,,,0.000000,0.000000
_9540__76,unclassified,0,0,0,0,,,0.000000,0.000000
_9541__77,unclassified,0,0,0,0,,,0.000000,0.000000
_9542__78,unclassified,0,0,0,0,,,0.000000,0.000000
_9543__79,unclassified,0,0,0,0,,,0.000000,0.000000
_9544__80,unclassified,0,0,0,0,,,0.000000,0.000000
_9545__81,unclassified,0,0,0,0,,,0.000000,0.000000
_9546__82,unclassified,0,0,0,0,,,0.000000,0.000000
_9547__83,unclassified,0,0,0,0,,,0.000000,0.000000
_9548__84,unclassified,0,0,0,0,,,0.000000,0.000000
_9549__85,unclassified,0,0,0,0,,,0.000000,0.000000
_9550__86,unclassified,0,0,0,0,,,0.000000,0.000000
_9551__87,unclassified,0,0,0,0,,,0.000000,0.000000
_9552__88,unclassified,0,0,0,0,,,0.000000,0.000000
_9553__89,unclassified,0,0,0,0,,,0.000000,0.000000
_9554__90,unclassified,0,0,0,0,,,0.000000,0.000000
_9555__91,unclassified,0,0,0,0,,,0.000000,0.000000
_9556__92,unclassified,0,0,0,0,,,0.000000,0.000000
_9557__93,unclassified,0,0,0,0,,,0.000000,0.000000
_9558__94,unclassified,0,0,0,0,,,0.000000,0.000000
_9559__95,unclassified,0,0,0,0,,,0.000000,0.000000
_9560__96,unclassified,0,0,0,0,,,0.000000,0.000000
_9561__97,unclassified,0,0,0,0,,,0.000000,0.000000
_9562__98,unclassified,0,0,0,0,,,0.000000,0.000000
_9563__99,unclassified,0,0,0,0,,,0.000000,0.000000
_9564__100,unclassified,0,0,0,0,,,0.000000,0.000000
_9565__101,unclassified,0,0,0,0,,,0.000000,0.000000
_9566__102,unclassified,0,0,0,0,,,0.000000,0.000000
_9567__103,unclassified,0,0,0,0,,,0.000000,0.000000
_9568__104,unclassified,0,0,0,0,,,0.000000,0.000000
_9569__105,unclassified,0,0,0,0,,,0.000000,0.000000
_9570__106,pipeline_state,0,0,0,0,,,0.000000,0.000000
alu_out_q[0]$_DFF_P_,pipeline_state,1,0,0,1,5.317700,,0.158285,0.074862
alu_out_q[10]$_DFF_P_,pipeline_state,0,0,0,0,,,0.000000,0.000000
alu_out_q[11]$_DFF_P_,pipeline_state,0,0,0,0,,,0.000000,0.000000
alu_out_q[12]$_DFF_P_,pipeline_state,0,0,0,0,,,0.000000,0.000000
alu_out_q[13]$_DFF_P_,pipeline_state,0,0,0,0,,,0.000000,0.000000
alu_out_q[14]$_DFF_P_,pipeline_state,0,0,0,0,,,0.000000,0.000000
alu_out_q[15]$_DFF_P_,pipeline_state,1,0,0,1,5.403200,,0.156172,0.073863
alu_out_q[16]$_DFF_P_,pipeline_state,0,0,0,0,,,0.000000,0.000000
alu_out_q[17]$_DFF_P_,pipeline_state,1,0,0,1,5.591100,,0.151720,0.071757
alu_out_q[18]$_DFF_P_,pipeline_state,0,0,0,0,,,0.000000,0.000000
alu_out_q[19]$_DFF_P_,pipeline_state,1,0,0,1,5.404300,,0.156145,0.073850
alu_out_q[1]$_DFF_P_,pipeline_state,0,0,0,0,,,0.000000,0.000000
alu_out_q[20]$_DFF_P_,pipeline_state,1,0,0,1,5.544900,,0.152791,0.072264
alu_out_q[21]$_DFF_P_,pipeline_state,0,0,0,0,,,0.000000,0.000000
alu_out_q[22]$_DFF_P_,pipeline_state,1,0,0,1,5.565300,,0.152316,0.072039
alu_out_q[23]$_DFF_P_,pipeline_state,0,0,0,0,,,0.000000,0.000000
alu_out_q[24]$_DFF_P_,pipeline_state,1,0,0,1,5.374200,,0.156882,0.074199
alu_out_q[25]$_DFF_P_,pipeline_state,1,0,0,1,5.342300,,0.157672,0.074572
alu_out_q[26]$_DFF_P_,pipeline_state,1,0,0,1,5.342800,,0.157659,0.074566
alu_out_q[27]$_DFF_P_,pipeline_state,1,0,0,1,5.261000,,0.159719,0.075540
alu_out_q[28]$_DFF_P_,pipeline_state,1,0,0,1,5.454100,,0.154940,0.073280
alu_out_q[29]$_DFF_P_,pipeline_state,1,0,0,1,5.240700,,0.160238,0.075786
alu_out_q[2]$_DFF_P_,pipeline_state,0,0,0,0,,,0.000000,0.000000
alu_out_q[30]$_DFF_P_,pipeline_state,1,0,0,1,5.396500,,0.156335,0.073940
alu_out_q[31]$_DFF_P_,pipeline_state,1,0,0,1,5.195900,,0.161397,0.076334
alu_out_q[3]$_DFF_P_,pipeline_state,0,0,0,0,,,0.000000,0.000000
alu_out_q[4]$_DFF_P_,pipeline_state,0,0,0,0,,,0.000000,0.000000
alu_out_q[5]$_DFF_P_,pipeline_state,0,0,0,0,,,0.000000,0.000000
alu_out_q[6]$_DFF_P_,pipeline_state,0,0,0,0,,,0.000000,0.000000
alu_out_q[7]$_DFF_P_,pipeline_state,0,0,0,0,,,0.000000,0.000000
alu_out_q[8]$_DFF_P_,pipeline_state,0,0,0,0,,,0.000000,0.000000
alu_out_q[9]$_DFF_P_,pipeline_state,0,0,0,0,,,0.000000,0.000000
clkbuf_0_clk,clock_reset,0,0,0,0,,,0.000000,0.000000
clkbuf_4_0_0_clk,clock_reset,0,0,0,0,,,0.000000,0.000000
clkbuf_4_10_0_clk,clock_reset,0,0,0,0,,,0.000000,0.000000
clkbuf_4_11_0_clk,clock_reset,0,0,0,0,,,0.000000,0.000000
clkbuf_4_12_0_clk,clock_reset,0,0,0,0,,,0.000000,0.000000
clkbuf_4_13_0_clk,clock_reset,0,0,0,0,,,0.000000,0.000000
clkbuf_4_14_0_clk,clock_reset,0,0,0,0,,,0.000000,0.000000
clkbuf_4_15_0_clk,clock_reset,0,0,0,0,,,0.000000,0.000000
clkbuf_4_1_0_clk,clock_reset,0,0,0,0,,,0.000000,0.000000
clkbuf_4_2_0_clk,clock_reset,0,0,0,0,,,0.000000,0.000000
clkbuf_4_3_0_clk,clock_reset,0,0,0,0,,,0.000000,0.000000
clkbuf_4_4_0_clk,clock_reset,0,0,0,0,,,0.000000,0.000000
clkbuf_4_5_0_clk,clock_reset,0,0,0,0,,,0.000000,0.000000
clkbuf_4_6_0_clk,clock_reset,0,0,0,0,,,0.000000,0.000000
clkbuf_4_7_0_clk,clock_reset,0,0,0,0,,,0.000000,0.000000
clkbuf_4_8_0_clk,clock_reset,0,0,0,0,,,0.000000,0.000000
clkbuf_4_9_0_clk,clock_reset,0,0,0,0,,,0.000000,0.000000
clkbuf_leaf_0_clk,clock_reset,0,0,0,0,,,0.000000,0.000000
clkbuf_leaf_100_clk,clock_reset,0,0,0,0,,,0.000000,0.000000
clkbuf_leaf_101_clk,clock_reset,0,0,0,0,,,0.000000,0.000000
clkbuf_leaf_102_clk,clock_reset,0,0,0,0,,,0.000000,0.000000
clkbuf_leaf_103_clk,clock_reset,0,0,0,0,,,0.000000,0.000000
clkbuf_leaf_104_clk,clock_reset,0,0,0,0,,,0.000000,0.000000
clkbuf_leaf_105_clk,clock_reset,0,0,0,0,,,0.000000,0.000000
clkbuf_leaf_106_clk,clock_reset,0,0,0,0,,,0.000000,0.000000
clkbuf_leaf_107_clk,clock_reset,0,0,0,0,,,0.000000,0.000000
clkbuf_leaf_108_clk,clock_reset,0,0,0,0,,,0.000000,0.000000
clkbuf_leaf_109_clk,clock_reset,0,0,0,0,,,0.000000,0.000000
clkbuf_leaf_10_clk,clock_reset,0,0,0,0,,,0.000000,0.000000
clkbuf_leaf_110_clk,clock_reset,0,0,0,0,,,0.000000,0.000000
clkbuf_leaf_111_clk,clock_reset,0,0,0,0,,,0.000000,0.000000
clkbuf_leaf_112_clk,clock_reset,0,0,0,0,,,0.000000,0.000000
clkbuf_leaf_113_clk,clock_reset,0,0,0,0,,,0.000000,0.000000
clkbuf_leaf_114_clk,clock_reset,0,0,0,0,,,0.000000,0.000000
clkbuf_leaf_115_clk,clock_reset,0,0,0,0,,,0.000000,0.000000
clkbuf_leaf_116_clk,clock_reset,0,0,0,0,,,0.000000,0.000000
clkbuf_leaf_117_clk,clock_reset,0,0,0,0,,,0.000000,0.000000
clkbuf_leaf_118_clk,clock_reset,0,0,0,0,,,0.000000,0.000000
clkbuf_leaf_119_clk,clock_reset,0,0,0,0,,,0.000000,0.000000
clkbuf_leaf_11_clk,clock_reset,0,0,0,0,,,0.000000,0.000000
clkbuf_leaf_120_clk,clock_reset,0,0,0,0,,,0.000000,0.000000
clkbuf_leaf_121_clk,clock_reset,0,0,0,0,,,0.000000,0.000000
clkbuf_leaf_122_clk,clock_reset,0,0,0,0,,,0.000000,0.000000
clkbuf_leaf_123_clk,clock_reset,0,0,0,0,,,0.000000,0.000000
clkbuf_leaf_124_clk,clock_reset,0,0,0,0,,,0.000000,0.000000
clkbuf_leaf_125_clk,clock_reset,0,0,0,0,,,0.000000,0.000000
clkbuf_leaf_126_clk,clock_reset,0,0,0,0,,,0.000000,0.000000
clkbuf_leaf_127_clk,clock_reset,0,0,0,0,,,0.000000,0.000000
clkbuf_leaf_128_clk,clock_reset,0,0,0,0,,,0.000000,0.000000
clkbuf_leaf_129_clk,clock_reset,0,0,0,0,,,0.000000,0.000000
clkbuf_leaf_12_clk,clock_reset,0,0,0,0,,,0.000000,0.000000
clkbuf_leaf_130_clk,clock_reset,0,0,0,0,,,0.000000,0.000000
clkbuf_leaf_131_clk,clock_reset,0,0,0,0,,,0.000000,0.000000
clkbuf_leaf_132_clk,clock_reset,0,0,0,0,,,0.000000,0.000000
clkbuf_leaf_133_clk,clock_reset,0,0,0,0,,,0.000000,0.000000
clkbuf_leaf_134_clk,clock_reset,0,0,0,0,,,0.000000,0.000000
clkbuf_leaf_135_clk,clock_reset,0,0,0,0,,,0.000000,0.000000
clkbuf_leaf_136_clk,clock_reset,0,0,0,0,,,0.000000,0.000000
clkbuf_leaf_137_clk,clock_reset,0,0,0,0,,,0.000000,0.000000
clkbuf_leaf_138_clk,clock_reset,0,0,0,0,,,0.000000,0.000000
clkbuf_leaf_139_clk,clock_reset,0,0,0,0,,,0.000000,0.000000
clkbuf_leaf_13_clk,clock_reset,0,0,0,0,,,0.000000,0.000000
clkbuf_leaf_140_clk,clock_reset,0,0,0,0,,,0.000000,0.000000
clkbuf_leaf_141_clk,clock_reset,0,0,0,0,,,0.000000,0.000000
clkbuf_leaf_142_clk,clock_reset,0,0,0,0,,,0.000000,0.000000
clkbuf_leaf_143_clk,clock_reset,0,0,0,0,,,0.000000,0.000000
clkbuf_leaf_144_clk,clock_reset,0,0,0,0,,,0.000000,0.000000
clkbuf_leaf_145_clk,clock_reset,0,0,0,0,,,0.000000,0.000000
clkbuf_leaf_146_clk,clock_reset,0,0,0,0,,,0.000000,0.000000
clkbuf_leaf_147_clk,clock_reset,0,0,0,0,,,0.000000,0.000000
clkbuf_leaf_148_clk,clock_reset,0,0,0,0,,,0.000000,0.000000
clkbuf_leaf_149_clk,clock_reset,0,0,0,0,,,0.000000,0.000000
clkbuf_leaf_14_clk,clock_reset,0,0,0,0,,,0.000000,0.000000
clkbuf_leaf_150_clk,clock_reset,0,0,0,0,,,0.000000,0.000000
clkbuf_leaf_151_clk,clock_reset,0,0,0,0,,,0.000000,0.000000
clkbuf_leaf_152_clk,clock_reset,0,0,0,0,,,0.000000,0.000000
clkbuf_leaf_153_clk,clock_reset,0,0,0,0,,,0.000000,0.000000
clkbuf_leaf_154_clk,clock_reset,0,0,0,0,,,0.000000,0.000000
clkbuf_leaf_155_clk,clock_reset,0,0,0,0,,,0.000000,0.000000
clkbuf_leaf_156_clk,clock_reset,0,0,0,0,,,0.000000,0.000000
clkbuf_leaf_15_clk,clock_reset,0,0,0,0,,,0.000000,0.000000
clkbuf_leaf_16_clk,clock_reset,0,0,0,0,,,0.000000,0.000000
clkbuf_leaf_17_clk,clock_reset,0,0,0,0,,,0.000000,0.000000
clkbuf_leaf_18_clk,clock_reset,0,0,0,0,,,0.000000,0.000000
clkbuf_leaf_19_clk,clock_reset,0,0,0,0,,,0.000000,0.000000
clkbuf_leaf_1_clk,clock_reset,0,0,0,0,,,0.000000,0.000000
clkbuf_leaf_20_clk,clock_reset,0,0,0,0,,,0.000000,0.000000
clkbuf_leaf_21_clk,clock_reset,0,0,0,0,,,0.000000,0.000000
clkbuf_leaf_22_clk,clock_reset,0,0,0,0,,,0.000000,0.000000
clkbuf_leaf_23_clk,clock_reset,0,0,0,0,,,0.000000,0.000000
clkbuf_leaf_24_clk,clock_reset,0,0,0,0,,,0.000000,0.000000
clkbuf_leaf_25_clk,clock_reset,0,0,0,0,,,0.000000,0.000000
clkbuf_leaf_26_clk,clock_reset,0,0,0,0,,,0.000000,0.000000
clkbuf_leaf_27_clk,clock_reset,0,0,0,0,,,0.000000,0.000000
clkbuf_leaf_28_clk,clock_reset,0,0,0,0,,,0.000000,0.000000
clkbuf_leaf_29_clk,clock_reset,0,0,0,0,,,0.000000,0.000000
clkbuf_leaf_2_clk,clock_reset,0,0,0,0,,,0.000000,0.000000
clkbuf_leaf_30_clk,clock_reset,0,0,0,0,,,0.000000,0.000000
clkbuf_leaf_31_clk,clock_reset,0,0,0,0,,,0.000000,0.000000
clkbuf_leaf_32_clk,clock_reset,0,0,0,0,,,0.000000,0.000000
clkbuf_leaf_33_clk,clock_reset,0,0,0,0,,,0.000000,0.000000
clkbuf_leaf_34_clk,clock_reset,0,0,0,0,,,0.000000,0.000000
clkbuf_leaf_35_clk,clock_reset,0,0,0,0,,,0.000000,0.000000
clkbuf_leaf_36_clk,clock_reset,0,0,0,0,,,0.000000,0.000000
clkbuf_leaf_37_clk,clock_reset,0,0,0,0,,,0.000000,0.000000
clkbuf_leaf_38_clk,clock_reset,0,0,0,0,,,0.000000,0.000000
clkbuf_leaf_39_clk,clock_reset,0,0,0,0,,,0.000000,0.000000
clkbuf_leaf_3_clk,clock_reset,0,0,0,0,,,0.000000,0.000000
clkbuf_leaf_40_clk,clock_reset,0,0,0,0,,,0.000000,0.000000
clkbuf_leaf_41_clk,clock_reset,0,0,0,0,,,0.000000,0.000000
clkbuf_leaf_42_clk,clock_reset,0,0,0,0,,,0.000000,0.000000
clkbuf_leaf_43_clk,clock_reset,0,0,0,0,,,0.000000,0.000000
clkbuf_leaf_44_clk,clock_reset,0,0,0,0,,,0.000000,0.000000
clkbuf_leaf_45_clk,clock_reset,0,0,0,0,,,0.000000,0.000000
clkbuf_leaf_46_clk,clock_reset,0,0,0,0,,,0.000000,0.000000
clkbuf_leaf_47_clk,clock_reset,0,0,0,0,,,0.000000,0.000000
clkbuf_leaf_48_clk,clock_reset,0,0,0,0,,,0.000000,0.000000
clkbuf_leaf_49_clk,clock_reset,0,0,0,0,,,0.000000,0.000000
clkbuf_leaf_4_clk,clock_reset,0,0,0,0,,,0.000000,0.000000
clkbuf_leaf_50_clk,clock_reset,0,0,0,0,,,0.000000,0.000000
clkbuf_leaf_51_clk,clock_reset,0,0,0,0,,,0.000000,0.000000
clkbuf_leaf_52_clk,clock_reset,0,0,0,0,,,0.000000,0.000000
clkbuf_leaf_53_clk,clock_reset,0,0,0,0,,,0.000000,0.000000
clkbuf_leaf_54_clk,clock_reset,0,0,0,0,,,0.000000,0.000000
clkbuf_leaf_55_clk,clock_reset,0,0,0,0,,,0.000000,0.000000
clkbuf_leaf_56_clk,clock_reset,0,0,0,0,,,0.000000,0.000000
clkbuf_leaf_57_clk,clock_reset,0,0,0,0,,,0.000000,0.000000
clkbuf_leaf_58_clk,clock_reset,0,0,0,0,,,0.000000,0.000000
clkbuf_leaf_59_clk,clock_reset,0,0,0,0,,,0.000000,0.000000
clkbuf_leaf_5_clk,clock_reset,0,0,0,0,,,0.000000,0.000000
clkbuf_leaf_60_clk,clock_reset,0,0,0,0,,,0.000000,0.000000
clkbuf_leaf_61_clk,clock_reset,0,0,0,0,,,0.000000,0.000000
clkbuf_leaf_62_clk,clock_reset,0,0,0,0,,,0.000000,0.000000
clkbuf_leaf_63_clk,clock_reset,0,0,0,0,,,0.000000,0.000000
clkbuf_leaf_64_clk,clock_reset,0,0,0,0,,,0.000000,0.000000
clkbuf_leaf_65_clk,clock_reset,0,0,0,0,,,0.000000,0.000000
clkbuf_leaf_66_clk,clock_reset,0,0,0,0,,,0.000000,0.000000
clkbuf_leaf_67_clk,clock_reset,0,0,0,0,,,0.000000,0.000000
clkbuf_leaf_68_clk,clock_reset,0,0,0,0,,,0.000000,0.000000
clkbuf_leaf_69_clk,clock_reset,0,0,0,0,,,0.000000,0.000000
clkbuf_leaf_6_clk,clock_reset,0,0,0,0,,,0.000000,0.000000
clkbuf_leaf_70_clk,clock_reset,0,0,0,0,,,0.000000,0.000000
clkbuf_leaf_71_clk,clock_reset,0,0,0,0,,,0.000000,0.000000
clkbuf_leaf_72_clk,clock_reset,0,0,0,0,,,0.000000,0.000000
clkbuf_leaf_73_clk,clock_reset,0,0,0,0,,,0.000000,0.000000
clkbuf_leaf_74_clk,clock_reset,0,0,0,0,,,0.000000,0.000000
clkbuf_leaf_75_clk,clock_reset,0,0,0,0,,,0.000000,0.000000
clkbuf_leaf_76_clk,clock_reset,0,0,0,0,,,0.000000,0.000000
clkbuf_leaf_77_clk,clock_reset,0,0,0,0,,,0.000000,0.000000
clkbuf_leaf_78_clk,clock_reset,0,0,0,0,,,0.000000,0.000000
clkbuf_leaf_79_clk,clock_reset,0,0,0,0,,,0.000000,0.000000
clkbuf_leaf_7_clk,clock_reset,0,0,0,0,,,0.000000,0.000000
clkbuf_leaf_80_clk,clock_reset,0,0,0,0,,,0.000000,0.000000
clkbuf_leaf_81_clk,clock_reset,0,0,0,0,,,0.000000,0.000000
clkbuf_leaf_82_clk,clock_reset,0,0,0,0,,,0.000000,0.000000
clkbuf_leaf_83_clk,clock_reset,0,0,0,0,,,0.000000,0.000000
clkbuf_leaf_84_clk,clock_reset,0,0,0,0,,,0.000000,0.000000
clkbuf_leaf_85_clk,clock_reset,0,0,0,0,,,0.000000,0.000000
clkbuf_leaf_86_clk,clock_reset,0,0,0,0,,,0.000000,0.000000
clkbuf_leaf_87_clk,clock_reset,0,0,0,0,,,0.000000,0.000000
clkbuf_leaf_88_clk,clock_reset,0,0,0,0,,,0.000000,0.000000
clkbuf_leaf_89_clk,clock_reset,0,0,0,0,,,0.000000,0.000000
clkbuf_leaf_8_clk,clock_reset,0,0,0,0,,,0.000000,0.000000
clkbuf_leaf_90_clk,clock_reset,0,0,0,0,,,0.000000,0.000000
clkbuf_leaf_91_clk,clock_reset,0,0,0,0,,,0.000000,0.000000
clkbuf_leaf_92_clk,clock_reset,0,0,0,0,,,0.000000,0.000000
clkbuf_leaf_93_clk,clock_reset,0,0,0,0,,,0.000000,0.000000
clkbuf_leaf_94_clk,clock_reset,0,0,0,0,,,0.000000,0.000000
clkbuf_leaf_95_clk,clock_reset,0,0,0,0,,,0.000000,0.000000
clkbuf_leaf_96_clk,clock_reset,0,0,0,0,,,0.000000,0.000000
clkbuf_leaf_97_clk,clock_reset,0,0,0,0,,,0.000000,0.000000
clkbuf_leaf_98_clk,clock_reset,0,0,0,0,,,0.000000,0.000000
clkbuf_leaf_99_clk,clock_reset,0,0,0,0,,,0.000000,0.000000
clkbuf_leaf_9_clk,clock_reset,0,0,0,0,,,0.000000,0.000000
clkload0,generated_control,0,0,0,0,,,0.000000,0.000000
clkload1,clock_reset,0,0,0,0,,,0.000000,0.000000
clkload10,clock_reset,0,0,0,0,,,0.000000,0.000000
clkload100,clock_reset,0,0,0,0,,,0.000000,0.000000
clkload101,clock_reset,0,0,0,0,,,0.000000,0.000000
clkload102,clock_reset,0,0,0,0,,,0.000000,0.000000
clkload103,clock_reset,0,0,0,0,,,0.000000,0.000000
clkload104,clock_reset,0,0,0,0,,,0.000000,0.000000
clkload105,clock_reset,0,0,0,0,,,0.000000,0.000000
clkload106,clock_reset,0,0,0,0,,,0.000000,0.000000
clkload107,generated_control,0,0,0,0,,,0.000000,0.000000
clkload108,clock_reset,0,0,0,0,,,0.000000,0.000000
clkload109,clock_reset,0,0,0,0,,,0.000000,0.000000
clkload11,clock_reset,0,0,0,0,,,0.000000,0.000000
clkload110,clock_reset,0,0,0,0,,,0.000000,0.000000
clkload111,clock_reset,0,0,0,0,,,0.000000,0.000000
clkload112,clock_reset,0,0,0,0,,,0.000000,0.000000
clkload113,clock_reset,0,0,0,0,,,0.000000,0.000000
clkload114,clock_reset,0,0,0,0,,,0.000000,0.000000
clkload115,clock_reset,0,0,0,0,,,0.000000,0.000000
clkload116,clock_reset,0,0,0,0,,,0.000000,0.000000
clkload117,clock_reset,0,0,0,0,,,0.000000,0.000000
clkload118,clock_reset,0,0,0,0,,,0.000000,0.000000
clkload119,clock_reset,0,0,0,0,,,0.000000,0.000000
clkload12,clock_reset,0,0,0,0,,,0.000000,0.000000
clkload120,clock_reset,0,0,0,0,,,0.000000,0.000000
clkload121,generated_control,0,0,0,0,,,0.000000,0.000000
clkload122,generated_control,0,0,0,0,,,0.000000,0.000000
clkload123,generated_control,0,0,0,0,,,0.000000,0.000000
clkload124,clock_reset,0,0,0,0,,,0.000000,0.000000
clkload125,clock_reset,0,0,0,0,,,0.000000,0.000000
clkload126,clock_reset,0,0,0,0,,,0.000000,0.000000
clkload127,clock_reset,0,0,0,0,,,0.000000,0.000000
clkload128,clock_reset,0,0,0,0,,,0.000000,0.000000
clkload129,generated_control,0,0,0,0,,,0.000000,0.000000
clkload13,generated_control,0,0,0,0,,,0.000000,0.000000
clkload130,clock_reset,0,0,0,0,,,0.000000,0.000000
clkload131,clock_reset,0,0,0,0,,,0.000000,0.000000
clkload132,clock_reset,0,0,0,0,,,0.000000,0.000000
clkload133,generated_control,0,0,0,0,,,0.000000,0.000000
clkload134,clock_reset,0,0,0,0,,,0.000000,0.000000
clkload135,clock_reset,0,0,0,0,,,0.000000,0.000000
clkload136,clock_reset,0,0,0,0,,,0.000000,0.000000
clkload137,clock_reset,0,0,0,0,,,0.000000,0.000000
clkload138,clock_reset,0,0,0,0,,,0.000000,0.000000
clkload139,clock_reset,0,0,0,0,,,0.000000,0.000000
clkload14,clock_reset,0,0,0,0,,,0.000000,0.000000
clkload140,generated_control,0,0,0,0,,,0.000000,0.000000
clkload141,clock_reset,0,0,0,0,,,0.000000,0.000000
clkload142,clock_reset,0,0,0,0,,,0.000000,0.000000
clkload143,clock_reset,0,0,0,0,,,0.000000,0.000000
clkload144,clock_reset,0,0,0,0,,,0.000000,0.000000
clkload145,clock_reset,0,0,0,0,,,0.000000,0.000000
clkload146,clock_reset,0,0,0,0,,,0.000000,0.000000
clkload147,clock_reset,0,0,0,0,,,0.000000,0.000000
clkload148,clock_reset,0,0,0,0,,,0.000000,0.000000
clkload149,clock_reset,0,0,0,0,,,0.000000,0.000000
clkload15,clock_reset,0,0,0,0,,,0.000000,0.000000
clkload150,clock_reset,0,0,0,0,,,0.000000,0.000000
clkload151,clock_reset,0,0,0,0,,,0.000000,0.000000
clkload16,clock_reset,0,0,0,0,,,0.000000,0.000000
clkload17,clock_reset,0,0,0,0,,,0.000000,0.000000
clkload18,clock_reset,0,0,0,0,,,0.000000,0.000000
clkload19,clock_reset,0,0,0,0,,,0.000000,0.000000
clkload2,clock_reset,0,0,0,0,,,0.000000,0.000000
clkload20,clock_reset,0,0,0,0,,,0.000000,0.000000
clkload21,clock_reset,0,0,0,0,,,0.000000,0.000000
clkload22,clock_reset,0,0,0,0,,,0.000000,0.000000
clkload23,generated_control,0,0,0,0,,,0.000000,0.000000
clkload24,clock_reset,0,0,0,0,,,0.000000,0.000000
clkload25,clock_reset,0,0,0,0,,,0.000000,0.000000
clkload26,clock_reset,0,0,0,0,,,0.000000,0.000000
clkload27,clock_reset,0,0,0,0,,,0.000000,0.000000
clkload28,clock_reset,0,0,0,0,,,0.000000,0.000000
clkload29,clock_reset,0,0,0,0,,,0.000000,0.000000
clkload3,clock_reset,0,0,0,0,,,0.000000,0.000000
clkload30,clock_reset,0,0,0,0,,,0.000000,0.000000
clkload31,clock_reset,0,0,0,0,,,0.000000,0.000000
clkload32,clock_reset,0,0,0,0,,,0.000000,0.000000
clkload33,clock_reset,0,0,0,0,,,0.000000,0.000000
clkload34,clock_reset,0,0,0,0,,,0.000000,0.000000
clkload35,clock_reset,0,0,0,0,,,0.000000,0.000000
clkload36,clock_reset,0,0,0,0,,,0.000000,0.000000
clkload37,clock_reset,0,0,0,0,,,0.000000,0.000000
clkload38,clock_reset,0,0,0,0,,,0.000000,0.000000
clkload39,clock_reset,0,0,0,0,,,0.000000,0.000000
clkload4,generated_control,0,0,0,0,,,0.000000,0.000000
clkload40,clock_reset,0,0,0,0,,,0.000000,0.000000
clkload41,clock_reset,0,0,0,0,,,0.000000,0.000000
clkload42,clock_reset,0,0,0,0,,,0.000000,0.000000
clkload43,clock_reset,0,0,0,0,,,0.000000,0.000000
clkload44,clock_reset,0,0,0,0,,,0.000000,0.000000
clkload45,generated_control,0,0,0,0,,,0.000000,0.000000
clkload46,clock_reset,0,0,0,0,,,0.000000,0.000000
clkload47,clock_reset,0,0,0,0,,,0.000000,0.000000
clkload48,clock_reset,0,0,0,0,,,0.000000,0.000000
clkload49,clock_reset,0,0,0,0,,,0.000000,0.000000
clkload5,clock_reset,0,0,0,0,,,0.000000,0.000000
clkload50,clock_reset,0,0,0,0,,,0.000000,0.000000
clkload51,clock_reset,0,0,0,0,,,0.000000,0.000000
clkload52,clock_reset,0,0,0,0,,,0.000000,0.000000
clkload53,clock_reset,0,0,0,0,,,0.000000,0.000000
clkload54,clock_reset,0,0,0,0,,,0.000000,0.000000
clkload55,clock_reset,0,0,0,0,,,0.000000,0.000000
clkload56,clock_reset,0,0,0,0,,,0.000000,0.000000
clkload57,clock_reset,0,0,0,0,,,0.000000,0.000000
clkload58,generated_control,0,0,0,0,,,0.000000,0.000000
clkload59,clock_reset,0,0,0,0,,,0.000000,0.000000
clkload6,clock_reset,0,0,0,0,,,0.000000,0.000000
clkload60,clock_reset,0,0,0,0,,,0.000000,0.000000
clkload61,clock_reset,0,0,0,0,,,0.000000,0.000000
clkload62,clock_reset,0,0,0,0,,,0.000000,0.000000
clkload63,clock_reset,0,0,0,0,,,0.000000,0.000000
clkload64,clock_reset,0,0,0,0,,,0.000000,0.000000
clkload65,clock_reset,0,0,0,0,,,0.000000,0.000000
clkload66,clock_reset,0,0,0,0,,,0.000000,0.000000
clkload67,clock_reset,0,0,0,0,,,0.000000,0.000000
clkload68,clock_reset,0,0,0,0,,,0.000000,0.000000
clkload69,clock_reset,0,0,0,0,,,0.000000,0.000000
clkload7,generated_control,0,0,0,0,,,0.000000,0.000000
clkload70,generated_control,0,0,0,0,,,0.000000,0.000000
clkload71,clock_reset,0,0,0,0,,,0.000000,0.000000
clkload72,clock_reset,0,0,0,0,,,0.000000,0.000000
clkload73,clock_reset,0,0,0,0,,,0.000000,0.000000
clkload74,generated_control,0,0,0,0,,,0.000000,0.000000
clkload75,clock_reset,0,0,0,0,,,0.000000,0.000000
clkload76,clock_reset,0,0,0,0,,,0.000000,0.000000
clkload77,clock_reset,0,0,0,0,,,0.000000,0.000000
clkload78,generated_control,0,0,0,0,,,0.000000,0.000000
clkload79,generated_control,0,0,0,0,,,0.000000,0.000000
clkload8,clock_reset,0,0,0,0,,,0.000000,0.000000
clkload80,clock_reset,0,0,0,0,,,0.000000,0.000000
clkload81,generated_control,0,0,0,0,,,0.000000,0.000000
clkload82,clock_reset,0,0,0,0,,,0.000000,0.000000
clkload83,clock_reset,0,0,0,0,,,0.000000,0.000000
clkload84,clock_reset,0,0,0,0,,,0.000000,0.000000
clkload85,clock_reset,0,0,0,0,,,0.000000,0.000000
clkload86,clock_reset,0,0,0,0,,,0.000000,0.000000
clkload87,clock_reset,0,0,0,0,,,0.000000,0.000000
clkload88,clock_reset,0,0,0,0,,,0.000000,0.000000
clkload89,clock_reset,0,0,0,0,,,0.000000,0.000000
clkload9,generated_control,0,0,0,0,,,0.000000,0.000000
clkload90,clock_reset,0,0,0,0,,,0.000000,0.000000
clkload91,clock_reset,0,0,0,0,,,0.000000,0.000000
clkload92,clock_reset,0,0,0,0,,,0.000000,0.000000
clkload93,clock_reset,0,0,0,0,,,0.000000,0.000000
clkload94,clock_reset,0,0,0,0,,,0.000000,0.000000
clkload95,clock_reset,0,0,0,0,,,0.000000,0.000000
clkload96,generated_control,0,0,0,0,,,0.000000,0.000000
clkload97,clock_reset,0,0,0,0,,,0.000000,0.000000
clkload98,clock_reset,0,0,0,0,,,0.000000,0.000000
clkload99,clock_reset,0,0,0,0,,,0.000000,0.000000
count_cycle[0]$_SDFF_PN0_,pipeline_state,0,0,0,0,,,0.000000,0.000000
count_cycle[10]$_SDFF_PN0_,pipeline_state,0,0,0,0,,,0.000000,0.000000
count_cycle[11]$_SDFF_PN0_,pipeline_state,0,0,0,0,,,0.000000,0.000000
count_cycle[12]$_SDFF_PN0_,pipeline_state,0,0,0,0,,,0.000000,0.000000
count_cycle[13]$_SDFF_PN0_,pipeline_state,0,0,0,0,,,0.000000,0.000000
count_cycle[14]$_SDFF_PN0_,pipeline_state,0,0,0,0,,,0.000000,0.000000
count_cycle[15]$_SDFF_PN0_,pipeline_state,0,0,0,0,,,0.000000,0.000000
count_cycle[16]$_SDFF_PN0_,pipeline_state,0,0,0,0,,,0.000000,0.000000
count_cycle[17]$_SDFF_PN0_,pipeline_state,0,0,0,0,,,0.000000,0.000000
count_cycle[18]$_SDFF_PN0_,pipeline_state,0,0,0,0,,,0.000000,0.000000
count_cycle[19]$_SDFF_PN0_,pipeline_state,0,0,0,0,,,0.000000,0.000000
count_cycle[1]$_SDFF_PN0_,pipeline_state,0,0,0,0,,,0.000000,0.000000
count_cycle[20]$_SDFF_PN0_,pipeline_state,0,0,0,0,,,0.000000,0.000000
count_cycle[21]$_SDFF_PN0_,pipeline_state,0,0,0,0,,,0.000000,0.000000
count_cycle[22]$_SDFF_PN0_,pipeline_state,0,0,0,0,,,0.000000,0.000000
count_cycle[23]$_SDFF_PN0_,pipeline_state,0,0,0,0,,,0.000000,0.000000
count_cycle[24]$_SDFF_PN0_,pipeline_state,0,0,0,0,,,0.000000,0.000000
count_cycle[25]$_SDFF_PN0_,pipeline_state,0,0,0,0,,,0.000000,0.000000
count_cycle[26]$_SDFF_PN0_,pipeline_state,0,0,0,0,,,0.000000,0.000000
count_cycle[27]$_SDFF_PN0_,pipeline_state,0,0,0,0,,,0.000000,0.000000
count_cycle[28]$_SDFF_PN0_,pipeline_state,0,0,0,0,,,0.000000,0.000000
count_cycle[29]$_SDFF_PN0_,pipeline_state,0,0,0,0,,,0.000000,0.000000
count_cycle[2]$_SDFF_PN0_,pipeline_state,0,0,0,0,,,0.000000,0.000000
count_cycle[30]$_SDFF_PN0_,pipeline_state,0,0,0,0,,,0.000000,0.000000
count_cycle[31]$_SDFF_PN0_,pipeline_state,0,0,0,0,,,0.000000,0.000000
count_cycle[32]$_SDFF_PN0_,pipeline_state,0,0,0,0,,,0.000000,0.000000
count_cycle[33]$_SDFF_PN0_,pipeline_state,0,0,0,0,,,0.000000,0.000000
count_cycle[34]$_SDFF_PN0_,pipeline_state,0,0,0,0,,,0.000000,0.000000
count_cycle[35]$_SDFF_PN0_,pipeline_state,0,0,0,0,,,0.000000,0.000000
count_cycle[36]$_SDFF_PN0_,pipeline_state,0,0,0,0,,,0.000000,0.000000
count_cycle[37]$_SDFF_PN0_,pipeline_state,0,0,0,0,,,0.000000,0.000000
count_cycle[38]$_SDFF_PN0_,pipeline_state,0,0,0,0,,,0.000000,0.000000
count_cycle[39]$_SDFF_PN0_,pipeline_state,0,0,0,0,,,0.000000,0.000000
count_cycle[3]$_SDFF_PN0_,pipeline_state,0,0,0,0,,,0.000000,0.000000
count_cycle[40]$_SDFF_PN0_,pipeline_state,0,0,0,0,,,0.000000,0.000000
count_cycle[41]$_SDFF_PN0_,pipeline_state,0,0,0,0,,,0.000000,0.000000
count_cycle[42]$_SDFF_PN0_,pipeline_state,0,0,0,0,,,0.000000,0.000000
count_cycle[43]$_SDFF_PN0_,pipeline_state,0,0,0,0,,,0.000000,0.000000
count_cycle[44]$_SDFF_PN0_,pipeline_state,0,0,0,0,,,0.000000,0.000000
count_cycle[45]$_SDFF_PN0_,pipeline_state,0,0,0,0,,,0.000000,0.000000
count_cycle[46]$_SDFF_PN0_,pipeline_state,0,0,0,0,,,0.000000,0.000000
count_cycle[47]$_SDFF_PN0_,pipeline_state,0,0,0,0,,,0.000000,0.000000
count_cycle[48]$_SDFF_PN0_,pipeline_state,0,0,0,0,,,0.000000,0.000000
count_cycle[49]$_SDFF_PN0_,pipeline_state,0,0,0,0,,,0.000000,0.000000
count_cycle[4]$_SDFF_PN0_,pipeline_state,0,0,0,0,,,0.000000,0.000000
count_cycle[50]$_SDFF_PN0_,pipeline_state,0,0,0,0,,,0.000000,0.000000
count_cycle[51]$_SDFF_PN0_,pipeline_state,0,0,0,0,,,0.000000,0.000000
count_cycle[52]$_SDFF_PN0_,pipeline_state,0,0,0,0,,,0.000000,0.000000
count_cycle[53]$_SDFF_PN0_,pipeline_state,0,0,0,0,,,0.000000,0.000000
count_cycle[54]$_SDFF_PN0_,pipeline_state,0,0,0,0,,,0.000000,0.000000
count_cycle[55]$_SDFF_PN0_,pipeline_state,0,0,0,0,,,0.000000,0.000000
count_cycle[56]$_SDFF_PN0_,pipeline_state,0,0,0,0,,,0.000000,0.000000
count_cycle[57]$_SDFF_PN0_,pipeline_state,0,0,0,0,,,0.000000,0.000000
count_cycle[58]$_SDFF_PN0_,pipeline_state,0,0,0,0,,,0.000000,0.000000
count_cycle[59]$_SDFF_PN0_,pipeline_state,0,0,0,0,,,0.000000,0.000000
count_cycle[5]$_SDFF_PN0_,pipeline_state,0,0,0,0,,,0.000000,0.000000
count_cycle[60]$_SDFF_PN0_,pipeline_state,0,0,0,0,,,0.000000,0.000000
count_cycle[61]$_SDFF_PN0_,pipeline_state,0,0,0,0,,,0.000000,0.000000
count_cycle[62]$_SDFF_PN0_,pipeline_state,0,0,0,0,,,0.000000,0.000000
count_cycle[63]$_SDFF_PN0_,pipeline_state,0,0,0,0,,,0.000000,0.000000
count_cycle[6]$_SDFF_PN0_,pipeline_state,0,0,0,0,,,0.000000,0.000000
count_cycle[7]$_SDFF_PN0_,pipeline_state,0,0,0,0,,,0.000000,0.000000
count_cycle[8]$_SDFF_PN0_,pipeline_state,0,0,0,0,,,0.000000,0.000000
count_cycle[9]$_SDFF_PN0_,pipeline_state,0,0,0,0,,,0.000000,0.000000
count_instr[0]$_SDFFE_PN0P_,fetch,0,0,0,0,,,0.000000,0.000000
count_instr[10]$_SDFFE_PN0P_,fetch,0,0,0,0,,,0.000000,0.000000
count_instr[11]$_SDFFE_PN0P_,fetch,0,0,0,0,,,0.000000,0.000000
count_instr[12]$_SDFFE_PN0P_,fetch,0,0,0,0,,,0.000000,0.000000
count_instr[13]$_SDFFE_PN0P_,fetch,0,0,0,0,,,0.000000,0.000000
count_instr[14]$_SDFFE_PN0P_,fetch,0,0,0,0,,,0.000000,0.000000
count_instr[15]$_SDFFE_PN0P_,fetch,0,1,0,1,,0.120600,0.000000,0.000000
count_instr[16]$_SDFFE_PN0P_,fetch,0,0,0,0,,,0.000000,0.000000
count_instr[17]$_SDFFE_PN0P_,fetch,0,0,0,0,,,0.000000,0.000000
count_instr[18]$_SDFFE_PN0P_,fetch,0,0,0,0,,,0.000000,0.000000
count_instr[19]$_SDFFE_PN0P_,fetch,0,0,0,0,,,0.000000,0.000000
count_instr[1]$_SDFFE_PN0P_,fetch,0,0,0,0,,,0.000000,0.000000
count_instr[20]$_SDFFE_PN0P_,fetch,0,0,0,0,,,0.000000,0.000000
count_instr[21]$_SDFFE_PN0P_,fetch,0,0,0,0,,,0.000000,0.000000
count_instr[22]$_SDFFE_PN0P_,fetch,0,0,0,0,,,0.000000,0.000000
count_instr[23]$_SDFFE_PN0P_,fetch,0,0,0,0,,,0.000000,0.000000
count_instr[24]$_SDFFE_PN0P_,fetch,0,0,0,0,,,0.000000,0.000000
count_instr[25]$_SDFFE_PN0P_,fetch,0,0,0,0,,,0.000000,0.000000
count_instr[26]$_SDFFE_PN0P_,fetch,0,0,0,0,,,0.000000,0.000000
count_instr[27]$_SDFFE_PN0P_,fetch,0,1,0,1,,0.119400,0.000000,0.000000
count_instr[28]$_SDFFE_PN0P_,fetch,0,0,0,0,,,0.000000,0.000000
count_instr[29]$_SDFFE_PN0P_,fetch,0,0,0,0,,,0.000000,0.000000
count_instr[2]$_SDFFE_PN0P_,fetch,0,0,0,0,,,0.000000,0.000000
count_instr[30]$_SDFFE_PN0P_,fetch,0,0,0,0,,,0.000000,0.000000
count_instr[31]$_SDFFE_PN0P_,fetch,0,0,0,0,,,0.000000,0.000000
count_instr[32]$_SDFFE_PN0P_,fetch,0,0,0,0,,,0.000000,0.000000
count_instr[33]$_SDFFE_PN0P_,fetch,0,0,0,0,,,0.000000,0.000000
count_instr[34]$_SDFFE_PN0P_,fetch,0,0,0,0,,,0.000000,0.000000
count_instr[35]$_SDFFE_PN0P_,fetch,0,0,0,0,,,0.000000,0.000000
count_instr[36]$_SDFFE_PN0P_,fetch,0,0,0,0,,,0.000000,0.000000
count_instr[37]$_SDFFE_PN0P_,fetch,0,0,0,0,,,0.000000,0.000000
count_instr[38]$_SDFFE_PN0P_,fetch,0,0,0,0,,,0.000000,0.000000
count_instr[39]$_SDFFE_PN0P_,fetch,0,0,0,0,,,0.000000,0.000000
count_instr[3]$_SDFFE_PN0P_,fetch,0,0,0,0,,,0.000000,0.000000
count_instr[40]$_SDFFE_PN0P_,fetch,0,0,0,0,,,0.000000,0.000000
count_instr[41]$_SDFFE_PN0P_,fetch,0,0,0,0,,,0.000000,0.000000
count_instr[42]$_SDFFE_PN0P_,fetch,0,0,0,0,,,0.000000,0.000000
count_instr[43]$_SDFFE_PN0P_,fetch,0,0,0,0,,,0.000000,0.000000
count_instr[44]$_SDFFE_PN0P_,fetch,0,0,0,0,,,0.000000,0.000000
count_instr[45]$_SDFFE_PN0P_,fetch,0,0,0,0,,,0.000000,0.000000
count_instr[46]$_SDFFE_PN0P_,fetch,0,0,0,0,,,0.000000,0.000000
count_instr[47]$_SDFFE_PN0P_,fetch,0,0,0,0,,,0.000000,0.000000
count_instr[48]$_SDFFE_PN0P_,fetch,0,0,0,0,,,0.000000,0.000000
count_instr[49]$_SDFFE_PN0P_,fetch,0,0,0,0,,,0.000000,0.000000
count_instr[4]$_SDFFE_PN0P_,fetch,0,0,0,0,,,0.000000,0.000000
count_instr[50]$_SDFFE_PN0P_,fetch,0,0,0,0,,,0.000000,0.000000
count_instr[51]$_SDFFE_PN0P_,fetch,0,0,0,0,,,0.000000,0.000000
count_instr[52]$_SDFFE_PN0P_,fetch,0,0,0,0,,,0.000000,0.000000
count_instr[53]$_SDFFE_PN0P_,fetch,0,0,0,0,,,0.000000,0.000000
count_instr[54]$_SDFFE_PN0P_,fetch,0,0,0,0,,,0.000000,0.000000
count_instr[55]$_SDFFE_PN0P_,fetch,0,0,0,0,,,0.000000,0.000000
count_instr[56]$_SDFFE_PN0P_,fetch,0,0,0,0,,,0.000000,0.000000
count_instr[57]$_SDFFE_PN0P_,fetch,0,0,0,0,,,0.000000,0.000000
count_instr[58]$_SDFFE_PN0P_,fetch,0,0,0,0,,,0.000000,0.000000
count_instr[59]$_SDFFE_PN0P_,fetch,0,0,0,0,,,0.000000,0.000000
count_instr[5]$_SDFFE_PN0P_,fetch,0,0,0,0,,,0.000000,0.000000
count_instr[60]$_SDFFE_PN0P_,fetch,0,0,0,0,,,0.000000,0.000000
count_instr[61]$_SDFFE_PN0P_,fetch,0,0,0,0,,,0.000000,0.000000
count_instr[62]$_SDFFE_PN0P_,fetch,0,0,0,0,,,0.000000,0.000000
count_instr[63]$_SDFFE_PN0P_,fetch,0,0,0,0,,,0.000000,0.000000
count_instr[6]$_SDFFE_PN0P_,fetch,0,0,0,0,,,0.000000,0.000000
count_instr[7]$_SDFFE_PN0P_,fetch,0,0,0,0,,,0.000000,0.000000
count_instr[8]$_SDFFE_PN0P_,fetch,0,0,0,0,,,0.000000,0.000000
count_instr[9]$_SDFFE_PN0P_,fetch,0,0,0,0,,,0.000000,0.000000
cpu_state[0]$_DFF_P_,pipeline_state,0,0,0,0,,,0.000000,0.000000
cpu_state[1]$_DFF_P_,pipeline_state,0,1,0,1,,0.384800,0.000000,0.000000
cpu_state[2]$_DFF_P_,pipeline_state,0,0,0,0,,,0.000000,0.000000
cpu_state[3]$_DFF_P_,pipeline_state,0,0,0,0,,,0.000000,0.000000
cpu_state[4]$_DFF_P_,pipeline_state,0,0,0,0,,,0.000000,0.000000
cpu_state[5]$_DFF_P_,pipeline_state,0,0,0,0,,,0.000000,0.000000
cpu_state[6]$_DFF_P_,pipeline_state,0,0,0,0,,,0.000000,0.000000
cpuregs[0][0]$_DFFE_PP_,register_file,0,0,0,0,,,0.000000,0.000000
cpuregs[0][0]$_DFFE_PP__107,unclassified,0,0,0,0,,,0.000000,0.000000
cpuregs[0][10]$_DFFE_PP_,register_file,0,0,0,0,,,0.000000,0.000000
cpuregs[0][10]$_DFFE_PP__108,unclassified,0,0,0,0,,,0.000000,0.000000
cpuregs[0][11]$_DFFE_PP_,pipeline_state,0,0,0,0,,,0.000000,0.000000
cpuregs[0][11]$_DFFE_PP__109,unclassified,0,0,0,0,,,0.000000,0.000000
cpuregs[0][12]$_DFFE_PP_,pipeline_state,0,0,0,0,,,0.000000,0.000000
cpuregs[0][12]$_DFFE_PP__110,unclassified,0,0,0,0,,,0.000000,0.000000
cpuregs[0][13]$_DFFE_PP_,register_file,0,0,0,0,,,0.000000,0.000000
cpuregs[0][13]$_DFFE_PP__111,unclassified,0,0,0,0,,,0.000000,0.000000
cpuregs[0][14]$_DFFE_PP_,register_file,0,0,0,0,,,0.000000,0.000000
cpuregs[0][14]$_DFFE_PP__112,unclassified,0,0,0,0,,,0.000000,0.000000
cpuregs[0][15]$_DFFE_PP_,pipeline_state,0,0,0,0,,,0.000000,0.000000
cpuregs[0][15]$_DFFE_PP__113,unclassified,0,0,0,0,,,0.000000,0.000000
cpuregs[0][16]$_DFFE_PP_,pipeline_state,0,0,0,0,,,0.000000,0.000000
cpuregs[0][16]$_DFFE_PP__114,unclassified,0,0,0,0,,,0.000000,0.000000
cpuregs[0][17]$_DFFE_PP_,pipeline_state,0,0,0,0,,,0.000000,0.000000
cpuregs[0][17]$_DFFE_PP__115,unclassified,0,0,0,0,,,0.000000,0.000000
cpuregs[0][18]$_DFFE_PP_,register_file,0,0,0,0,,,0.000000,0.000000
cpuregs[0][18]$_DFFE_PP__116,unclassified,0,0,0,0,,,0.000000,0.000000
cpuregs[0][19]$_DFFE_PP_,pipeline_state,0,0,0,0,,,0.000000,0.000000
cpuregs[0][19]$_DFFE_PP__117,unclassified,0,0,0,0,,,0.000000,0.000000
cpuregs[0][1]$_DFFE_PP_,pipeline_state,0,0,0,0,,,0.000000,0.000000
cpuregs[0][1]$_DFFE_PP__118,unclassified,0,0,0,0,,,0.000000,0.000000
cpuregs[0][20]$_DFFE_PP_,register_file,0,0,0,0,,,0.000000,0.000000
cpuregs[0][20]$_DFFE_PP__119,unclassified,0,0,0,0,,,0.000000,0.000000
cpuregs[0][21]$_DFFE_PP_,register_file,0,0,0,0,,,0.000000,0.000000
cpuregs[0][21]$_DFFE_PP__120,unclassified,0,0,0,0,,,0.000000,0.000000
cpuregs[0][22]$_DFFE_PP_,register_file,0,0,0,0,,,0.000000,0.000000
cpuregs[0][22]$_DFFE_PP__121,unclassified,0,0,0,0,,,0.000000,0.000000
cpuregs[0][23]$_DFFE_PP_,pipeline_state,0,0,0,0,,,0.000000,0.000000
cpuregs[0][23]$_DFFE_PP__122,unclassified,0,0,0,0,,,0.000000,0.000000
cpuregs[0][24]$_DFFE_PP_,pipeline_state,0,0,0,0,,,0.000000,0.000000
cpuregs[0][24]$_DFFE_PP__123,unclassified,0,0,0,0,,,0.000000,0.000000
cpuregs[0][25]$_DFFE_PP_,register_file,0,0,0,0,,,0.000000,0.000000
cpuregs[0][25]$_DFFE_PP__124,unclassified,0,0,0,0,,,0.000000,0.000000
cpuregs[0][26]$_DFFE_PP_,register_file,0,0,0,0,,,0.000000,0.000000
cpuregs[0][26]$_DFFE_PP__125,unclassified,0,0,0,0,,,0.000000,0.000000
cpuregs[0][27]$_DFFE_PP_,register_file,0,0,0,0,,,0.000000,0.000000
cpuregs[0][27]$_DFFE_PP__126,unclassified,0,0,0,0,,,0.000000,0.000000
cpuregs[0][28]$_DFFE_PP_,register_file,0,0,0,0,,,0.000000,0.000000
cpuregs[0][28]$_DFFE_PP__127,unclassified,0,0,0,0,,,0.000000,0.000000
cpuregs[0][29]$_DFFE_PP_,register_file,0,0,0,0,,,0.000000,0.000000
cpuregs[0][29]$_DFFE_PP__128,unclassified,0,0,0,0,,,0.000000,0.000000
cpuregs[0][2]$_DFFE_PP_,pipeline_state,0,0,0,0,,,0.000000,0.000000
cpuregs[0][2]$_DFFE_PP__129,unclassified,0,0,0,0,,,0.000000,0.000000
cpuregs[0][30]$_DFFE_PP_,register_file,0,0,0,0,,,0.000000,0.000000
cpuregs[0][30]$_DFFE_PP__130,unclassified,0,0,0,0,,,0.000000,0.000000
cpuregs[0][31]$_DFFE_PP_,pipeline_state,0,0,0,0,,,0.000000,0.000000
cpuregs[0][31]$_DFFE_PP__131,unclassified,0,0,0,0,,,0.000000,0.000000
cpuregs[0][3]$_DFFE_PP_,pipeline_state,0,0,0,0,,,0.000000,0.000000
cpuregs[0][3]$_DFFE_PP__132,unclassified,0,0,0,0,,,0.000000,0.000000
cpuregs[0][4]$_DFFE_PP_,register_file,0,0,0,0,,,0.000000,0.000000
cpuregs[0][4]$_DFFE_PP__133,unclassified,0,0,0,0,,,0.000000,0.000000
cpuregs[0][5]$_DFFE_PP_,register_file,0,0,0,0,,,0.000000,0.000000
cpuregs[0][5]$_DFFE_PP__134,unclassified,0,0,0,0,,,0.000000,0.000000
cpuregs[0][6]$_DFFE_PP_,register_file,0,0,0,0,,,0.000000,0.000000
cpuregs[0][6]$_DFFE_PP__135,unclassified,0,0,0,0,,,0.000000,0.000000
cpuregs[0][7]$_DFFE_PP_,pipeline_state,0,0,0,0,,,0.000000,0.000000
cpuregs[0][7]$_DFFE_PP__136,unclassified,0,0,0,0,,,0.000000,0.000000
cpuregs[0][8]$_DFFE_PP_,pipeline_state,0,0,0,0,,,0.000000,0.000000
cpuregs[0][8]$_DFFE_PP__137,unclassified,0,0,0,0,,,0.000000,0.000000
cpuregs[0][9]$_DFFE_PP_,register_file,0,0,0,0,,,0.000000,0.000000
cpuregs[0][9]$_DFFE_PP__138,unclassified,0,0,0,0,,,0.000000,0.000000
cpuregs[10][0]$_DFFE_PP_,register_file,0,0,0,0,,,0.000000,0.000000
cpuregs[10][10]$_DFFE_PP_,register_file,0,0,0,0,,,0.000000,0.000000
cpuregs[10][11]$_DFFE_PP_,pipeline_state,0,0,0,0,,,0.000000,0.000000
cpuregs[10][12]$_DFFE_PP_,pipeline_state,0,0,0,0,,,0.000000,0.000000
cpuregs[10][13]$_DFFE_PP_,register_file,0,0,0,0,,,0.000000,0.000000
cpuregs[10][14]$_DFFE_PP_,register_file,0,0,0,0,,,0.000000,0.000000
cpuregs[10][15]$_DFFE_PP_,pipeline_state,0,0,0,0,,,0.000000,0.000000
cpuregs[10][16]$_DFFE_PP_,pipeline_state,0,0,0,0,,,0.000000,0.000000
cpuregs[10][17]$_DFFE_PP_,pipeline_state,0,0,0,0,,,0.000000,0.000000
cpuregs[10][18]$_DFFE_PP_,register_file,0,0,0,0,,,0.000000,0.000000
cpuregs[10][19]$_DFFE_PP_,pipeline_state,0,0,0,0,,,0.000000,0.000000
cpuregs[10][1]$_DFFE_PP_,pipeline_state,0,0,0,0,,,0.000000,0.000000
cpuregs[10][20]$_DFFE_PP_,register_file,0,0,0,0,,,0.000000,0.000000
cpuregs[10][21]$_DFFE_PP_,register_file,0,0,0,0,,,0.000000,0.000000
cpuregs[10][22]$_DFFE_PP_,register_file,0,0,0,0,,,0.000000,0.000000
cpuregs[10][23]$_DFFE_PP_,pipeline_state,0,0,0,0,,,0.000000,0.000000
cpuregs[10][24]$_DFFE_PP_,pipeline_state,0,0,0,0,,,0.000000,0.000000
cpuregs[10][25]$_DFFE_PP_,register_file,0,0,0,0,,,0.000000,0.000000
cpuregs[10][26]$_DFFE_PP_,register_file,0,0,0,0,,,0.000000,0.000000
cpuregs[10][27]$_DFFE_PP_,register_file,0,0,0,0,,,0.000000,0.000000
cpuregs[10][28]$_DFFE_PP_,register_file,0,0,0,0,,,0.000000,0.000000
cpuregs[10][29]$_DFFE_PP_,register_file,0,0,0,0,,,0.000000,0.000000
cpuregs[10][2]$_DFFE_PP_,pipeline_state,0,0,0,0,,,0.000000,0.000000
cpuregs[10][30]$_DFFE_PP_,register_file,0,0,0,0,,,0.000000,0.000000
cpuregs[10][31]$_DFFE_PP_,pipeline_state,0,0,0,0,,,0.000000,0.000000
cpuregs[10][3]$_DFFE_PP_,pipeline_state,0,0,0,0,,,0.000000,0.000000
cpuregs[10][4]$_DFFE_PP_,register_file,0,0,0,0,,,0.000000,0.000000
cpuregs[10][5]$_DFFE_PP_,register_file,0,0,0,0,,,0.000000,0.000000
cpuregs[10][6]$_DFFE_PP_,register_file,0,0,0,0,,,0.000000,0.000000
cpuregs[10][7]$_DFFE_PP_,pipeline_state,0,0,0,0,,,0.000000,0.000000
cpuregs[10][8]$_DFFE_PP_,pipeline_state,0,0,0,0,,,0.000000,0.000000
cpuregs[10][9]$_DFFE_PP_,register_file,0,0,0,0,,,0.000000,0.000000
cpuregs[11][0]$_DFFE_PP_,register_file,0,0,0,0,,,0.000000,0.000000
cpuregs[11][10]$_DFFE_PP_,register_file,0,0,0,0,,,0.000000,0.000000
cpuregs[11][11]$_DFFE_PP_,pipeline_state,0,0,0,0,,,0.000000,0.000000
cpuregs[11][12]$_DFFE_PP_,pipeline_state,0,0,0,0,,,0.000000,0.000000
cpuregs[11][13]$_DFFE_PP_,register_file,0,0,0,0,,,0.000000,0.000000
cpuregs[11][14]$_DFFE_PP_,register_file,0,0,0,0,,,0.000000,0.000000
cpuregs[11][15]$_DFFE_PP_,pipeline_state,0,0,0,0,,,0.000000,0.000000
cpuregs[11][16]$_DFFE_PP_,pipeline_state,0,0,0,0,,,0.000000,0.000000
cpuregs[11][17]$_DFFE_PP_,pipeline_state,0,0,0,0,,,0.000000,0.000000
cpuregs[11][18]$_DFFE_PP_,register_file,0,0,0,0,,,0.000000,0.000000
cpuregs[11][19]$_DFFE_PP_,pipeline_state,0,0,0,0,,,0.000000,0.000000
cpuregs[11][1]$_DFFE_PP_,pipeline_state,0,0,0,0,,,0.000000,0.000000
cpuregs[11][20]$_DFFE_PP_,register_file,0,0,0,0,,,0.000000,0.000000
cpuregs[11][21]$_DFFE_PP_,register_file,0,0,0,0,,,0.000000,0.000000
cpuregs[11][22]$_DFFE_PP_,register_file,0,0,0,0,,,0.000000,0.000000
cpuregs[11][23]$_DFFE_PP_,pipeline_state,0,0,0,0,,,0.000000,0.000000
cpuregs[11][24]$_DFFE_PP_,pipeline_state,0,0,0,0,,,0.000000,0.000000
cpuregs[11][25]$_DFFE_PP_,register_file,0,0,0,0,,,0.000000,0.000000
cpuregs[11][26]$_DFFE_PP_,register_file,0,0,0,0,,,0.000000,0.000000
cpuregs[11][27]$_DFFE_PP_,register_file,0,0,0,0,,,0.000000,0.000000
cpuregs[11][28]$_DFFE_PP_,register_file,0,0,0,0,,,0.000000,0.000000
cpuregs[11][29]$_DFFE_PP_,register_file,0,0,0,0,,,0.000000,0.000000
cpuregs[11][2]$_DFFE_PP_,pipeline_state,0,0,0,0,,,0.000000,0.000000
cpuregs[11][30]$_DFFE_PP_,register_file,0,0,0,0,,,0.000000,0.000000
cpuregs[11][31]$_DFFE_PP_,pipeline_state,0,0,0,0,,,0.000000,0.000000
cpuregs[11][3]$_DFFE_PP_,pipeline_state,0,0,0,0,,,0.000000,0.000000
cpuregs[11][4]$_DFFE_PP_,register_file,0,0,0,0,,,0.000000,0.000000
cpuregs[11][5]$_DFFE_PP_,register_file,0,0,0,0,,,0.000000,0.000000
cpuregs[11][6]$_DFFE_PP_,register_file,0,0,0,0,,,0.000000,0.000000
cpuregs[11][7]$_DFFE_PP_,pipeline_state,0,0,0,0,,,0.000000,0.000000
cpuregs[11][8]$_DFFE_PP_,pipeline_state,0,0,0,0,,,0.000000,0.000000
cpuregs[11][9]$_DFFE_PP_,register_file,0,0,0,0,,,0.000000,0.000000
cpuregs[12][0]$_DFFE_PP_,register_file,0,0,0,0,,,0.000000,0.000000
cpuregs[12][10]$_DFFE_PP_,register_file,0,0,0,0,,,0.000000,0.000000
cpuregs[12][11]$_DFFE_PP_,pipeline_state,0,0,0,0,,,0.000000,0.000000
cpuregs[12][12]$_DFFE_PP_,pipeline_state,0,0,0,0,,,0.000000,0.000000
cpuregs[12][13]$_DFFE_PP_,register_file,0,0,0,0,,,0.000000,0.000000
cpuregs[12][14]$_DFFE_PP_,register_file,0,0,0,0,,,0.000000,0.000000
cpuregs[12][15]$_DFFE_PP_,pipeline_state,0,0,0,0,,,0.000000,0.000000
cpuregs[12][16]$_DFFE_PP_,pipeline_state,0,0,0,0,,,0.000000,0.000000
cpuregs[12][17]$_DFFE_PP_,pipeline_state,0,0,0,0,,,0.000000,0.000000
cpuregs[12][18]$_DFFE_PP_,register_file,0,0,0,0,,,0.000000,0.000000
cpuregs[12][19]$_DFFE_PP_,pipeline_state,0,0,0,0,,,0.000000,0.000000
cpuregs[12][1]$_DFFE_PP_,pipeline_state,0,0,0,0,,,0.000000,0.000000
cpuregs[12][20]$_DFFE_PP_,register_file,0,0,0,0,,,0.000000,0.000000
cpuregs[12][21]$_DFFE_PP_,register_file,0,0,0,0,,,0.000000,0.000000
cpuregs[12][22]$_DFFE_PP_,register_file,0,0,0,0,,,0.000000,0.000000
cpuregs[12][23]$_DFFE_PP_,pipeline_state,0,0,0,0,,,0.000000,0.000000
cpuregs[12][24]$_DFFE_PP_,pipeline_state,0,0,0,0,,,0.000000,0.000000
cpuregs[12][25]$_DFFE_PP_,register_file,0,0,0,0,,,0.000000,0.000000
cpuregs[12][26]$_DFFE_PP_,register_file,0,0,0,0,,,0.000000,0.000000
cpuregs[12][27]$_DFFE_PP_,register_file,0,0,0,0,,,0.000000,0.000000
cpuregs[12][28]$_DFFE_PP_,register_file,0,0,0,0,,,0.000000,0.000000
cpuregs[12][29]$_DFFE_PP_,register_file,0,0,0,0,,,0.000000,0.000000
cpuregs[12][2]$_DFFE_PP_,pipeline_state,0,0,0,0,,,0.000000,0.000000
cpuregs[12][30]$_DFFE_PP_,register_file,0,0,0,0,,,0.000000,0.000000
cpuregs[12][31]$_DFFE_PP_,pipeline_state,0,0,0,0,,,0.000000,0.000000
cpuregs[12][3]$_DFFE_PP_,pipeline_state,0,0,0,0,,,0.000000,0.000000
cpuregs[12][4]$_DFFE_PP_,register_file,0,0,0,0,,,0.000000,0.000000
cpuregs[12][5]$_DFFE_PP_,register_file,0,0,0,0,,,0.000000,0.000000
cpuregs[12][6]$_DFFE_PP_,register_file,0,0,0,0,,,0.000000,0.000000
cpuregs[12][7]$_DFFE_PP_,pipeline_state,0,0,0,0,,,0.000000,0.000000
cpuregs[12][8]$_DFFE_PP_,pipeline_state,0,0,0,0,,,0.000000,0.000000
cpuregs[12][9]$_DFFE_PP_,register_file,0,0,0,0,,,0.000000,0.000000
cpuregs[13][0]$_DFFE_PP_,register_file,0,0,0,0,,,0.000000,0.000000
cpuregs[13][10]$_DFFE_PP_,register_file,0,0,0,0,,,0.000000,0.000000
cpuregs[13][11]$_DFFE_PP_,pipeline_state,0,0,0,0,,,0.000000,0.000000
cpuregs[13][12]$_DFFE_PP_,pipeline_state,0,0,0,0,,,0.000000,0.000000
cpuregs[13][13]$_DFFE_PP_,register_file,0,0,0,0,,,0.000000,0.000000
cpuregs[13][14]$_DFFE_PP_,register_file,0,0,0,0,,,0.000000,0.000000
cpuregs[13][15]$_DFFE_PP_,pipeline_state,0,0,0,0,,,0.000000,0.000000
cpuregs[13][16]$_DFFE_PP_,pipeline_state,0,0,0,0,,,0.000000,0.000000
cpuregs[13][17]$_DFFE_PP_,pipeline_state,0,0,0,0,,,0.000000,0.000000
cpuregs[13][18]$_DFFE_PP_,register_file,0,0,0,0,,,0.000000,0.000000
cpuregs[13][19]$_DFFE_PP_,pipeline_state,0,0,0,0,,,0.000000,0.000000
cpuregs[13][1]$_DFFE_PP_,pipeline_state,0,0,0,0,,,0.000000,0.000000
cpuregs[13][20]$_DFFE_PP_,register_file,0,0,0,0,,,0.000000,0.000000
cpuregs[13][21]$_DFFE_PP_,register_file,0,0,0,0,,,0.000000,0.000000
cpuregs[13][22]$_DFFE_PP_,register_file,0,0,0,0,,,0.000000,0.000000
cpuregs[13][23]$_DFFE_PP_,pipeline_state,0,0,0,0,,,0.000000,0.000000
cpuregs[13][24]$_DFFE_PP_,pipeline_state,0,0,0,0,,,0.000000,0.000000
cpuregs[13][25]$_DFFE_PP_,register_file,0,0,0,0,,,0.000000,0.000000
cpuregs[13][26]$_DFFE_PP_,register_file,0,0,0,0,,,0.000000,0.000000
cpuregs[13][27]$_DFFE_PP_,register_file,0,0,0,0,,,0.000000,0.000000
cpuregs[13][28]$_DFFE_PP_,register_file,0,0,0,0,,,0.000000,0.000000
cpuregs[13][29]$_DFFE_PP_,register_file,0,0,0,0,,,0.000000,0.000000
cpuregs[13][2]$_DFFE_PP_,pipeline_state,0,0,0,0,,,0.000000,0.000000
cpuregs[13][30]$_DFFE_PP_,register_file,0,0,0,0,,,0.000000,0.000000
cpuregs[13][31]$_DFFE_PP_,pipeline_state,0,0,0,0,,,0.000000,0.000000
cpuregs[13][3]$_DFFE_PP_,pipeline_state,0,0,0,0,,,0.000000,0.000000
cpuregs[13][4]$_DFFE_PP_,register_file,0,0,0,0,,,0.000000,0.000000
cpuregs[13][5]$_DFFE_PP_,register_file,0,0,0,0,,,0.000000,0.000000
cpuregs[13][6]$_DFFE_PP_,register_file,0,0,0,0,,,0.000000,0.000000
cpuregs[13][7]$_DFFE_PP_,pipeline_state,0,0,0,0,,,0.000000,0.000000
cpuregs[13][8]$_DFFE_PP_,pipeline_state,0,0,0,0,,,0.000000,0.000000
cpuregs[13][9]$_DFFE_PP_,register_file,0,0,0,0,,,0.000000,0.000000
cpuregs[14][0]$_DFFE_PP_,register_file,0,0,0,0,,,0.000000,0.000000
cpuregs[14][10]$_DFFE_PP_,register_file,0,0,0,0,,,0.000000,0.000000
cpuregs[14][11]$_DFFE_PP_,pipeline_state,0,0,0,0,,,0.000000,0.000000
cpuregs[14][12]$_DFFE_PP_,pipeline_state,0,0,0,0,,,0.000000,0.000000
cpuregs[14][13]$_DFFE_PP_,register_file,0,0,0,0,,,0.000000,0.000000
cpuregs[14][14]$_DFFE_PP_,register_file,0,0,0,0,,,0.000000,0.000000
cpuregs[14][15]$_DFFE_PP_,pipeline_state,0,0,0,0,,,0.000000,0.000000
cpuregs[14][16]$_DFFE_PP_,pipeline_state,0,0,0,0,,,0.000000,0.000000
cpuregs[14][17]$_DFFE_PP_,pipeline_state,0,0,0,0,,,0.000000,0.000000
cpuregs[14][18]$_DFFE_PP_,register_file,0,0,0,0,,,0.000000,0.000000
cpuregs[14][19]$_DFFE_PP_,pipeline_state,0,0,0,0,,,0.000000,0.000000
cpuregs[14][1]$_DFFE_PP_,pipeline_state,0,0,0,0,,,0.000000,0.000000
cpuregs[14][20]$_DFFE_PP_,register_file,0,0,0,0,,,0.000000,0.000000
cpuregs[14][21]$_DFFE_PP_,register_file,0,0,0,0,,,0.000000,0.000000
cpuregs[14][22]$_DFFE_PP_,register_file,0,0,0,0,,,0.000000,0.000000
cpuregs[14][23]$_DFFE_PP_,pipeline_state,0,0,0,0,,,0.000000,0.000000
cpuregs[14][24]$_DFFE_PP_,pipeline_state,0,0,0,0,,,0.000000,0.000000
cpuregs[14][25]$_DFFE_PP_,register_file,0,0,0,0,,,0.000000,0.000000
cpuregs[14][26]$_DFFE_PP_,register_file,0,0,0,0,,,0.000000,0.000000
cpuregs[14][27]$_DFFE_PP_,register_file,0,0,0,0,,,0.000000,0.000000
cpuregs[14][28]$_DFFE_PP_,register_file,0,0,0,0,,,0.000000,0.000000
cpuregs[14][29]$_DFFE_PP_,register_file,0,0,0,0,,,0.000000,0.000000
cpuregs[14][2]$_DFFE_PP_,pipeline_state,0,0,0,0,,,0.000000,0.000000
cpuregs[14][30]$_DFFE_PP_,register_file,0,0,0,0,,,0.000000,0.000000
cpuregs[14][31]$_DFFE_PP_,pipeline_state,0,0,0,0,,,0.000000,0.000000
cpuregs[14][3]$_DFFE_PP_,pipeline_state,0,0,0,0,,,0.000000,0.000000
cpuregs[14][4]$_DFFE_PP_,register_file,0,0,0,0,,,0.000000,0.000000
cpuregs[14][5]$_DFFE_PP_,register_file,0,0,0,0,,,0.000000,0.000000
cpuregs[14][6]$_DFFE_PP_,register_file,0,0,0,0,,,0.000000,0.000000
cpuregs[14][7]$_DFFE_PP_,pipeline_state,0,0,0,0,,,0.000000,0.000000
cpuregs[14][8]$_DFFE_PP_,pipeline_state,0,0,0,0,,,0.000000,0.000000
cpuregs[14][9]$_DFFE_PP_,register_file,0,0,0,0,,,0.000000,0.000000
cpuregs[15][0]$_DFFE_PP_,register_file,0,0,0,0,,,0.000000,0.000000
cpuregs[15][10]$_DFFE_PP_,register_file,0,0,0,0,,,0.000000,0.000000
cpuregs[15][11]$_DFFE_PP_,pipeline_state,0,0,0,0,,,0.000000,0.000000
cpuregs[15][12]$_DFFE_PP_,pipeline_state,0,0,0,0,,,0.000000,0.000000
cpuregs[15][13]$_DFFE_PP_,register_file,0,0,0,0,,,0.000000,0.000000
cpuregs[15][14]$_DFFE_PP_,register_file,0,0,0,0,,,0.000000,0.000000
cpuregs[15][15]$_DFFE_PP_,pipeline_state,0,0,0,0,,,0.000000,0.000000
cpuregs[15][16]$_DFFE_PP_,pipeline_state,0,0,0,0,,,0.000000,0.000000
cpuregs[15][17]$_DFFE_PP_,pipeline_state,0,0,0,0,,,0.000000,0.000000
cpuregs[15][18]$_DFFE_PP_,register_file,0,0,0,0,,,0.000000,0.000000
cpuregs[15][19]$_DFFE_PP_,pipeline_state,0,0,0,0,,,0.000000,0.000000
cpuregs[15][1]$_DFFE_PP_,pipeline_state,0,0,0,0,,,0.000000,0.000000
cpuregs[15][20]$_DFFE_PP_,register_file,0,0,0,0,,,0.000000,0.000000
cpuregs[15][21]$_DFFE_PP_,register_file,0,0,0,0,,,0.000000,0.000000
cpuregs[15][22]$_DFFE_PP_,register_file,0,0,0,0,,,0.000000,0.000000
cpuregs[15][23]$_DFFE_PP_,pipeline_state,0,0,0,0,,,0.000000,0.000000
cpuregs[15][24]$_DFFE_PP_,pipeline_state,0,0,0,0,,,0.000000,0.000000
cpuregs[15][25]$_DFFE_PP_,register_file,0,0,0,0,,,0.000000,0.000000
cpuregs[15][26]$_DFFE_PP_,register_file,0,0,0,0,,,0.000000,0.000000
cpuregs[15][27]$_DFFE_PP_,register_file,0,0,0,0,,,0.000000,0.000000
cpuregs[15][28]$_DFFE_PP_,register_file,0,0,0,0,,,0.000000,0.000000
cpuregs[15][29]$_DFFE_PP_,register_file,0,0,0,0,,,0.000000,0.000000
cpuregs[15][2]$_DFFE_PP_,pipeline_state,0,0,0,0,,,0.000000,0.000000
cpuregs[15][30]$_DFFE_PP_,register_file,0,0,0,0,,,0.000000,0.000000
cpuregs[15][31]$_DFFE_PP_,pipeline_state,0,0,0,0,,,0.000000,0.000000
cpuregs[15][3]$_DFFE_PP_,pipeline_state,0,0,0,0,,,0.000000,0.000000
cpuregs[15][4]$_DFFE_PP_,register_file,0,0,0,0,,,0.000000,0.000000
cpuregs[15][5]$_DFFE_PP_,register_file,0,0,0,0,,,0.000000,0.000000
cpuregs[15][6]$_DFFE_PP_,register_file,0,0,0,0,,,0.000000,0.000000
cpuregs[15][7]$_DFFE_PP_,pipeline_state,0,0,0,0,,,0.000000,0.000000
cpuregs[15][8]$_DFFE_PP_,pipeline_state,0,0,0,0,,,0.000000,0.000000
cpuregs[15][9]$_DFFE_PP_,register_file,0,0,0,0,,,0.000000,0.000000
cpuregs[16][0]$_DFFE_PP_,register_file,0,0,0,0,,,0.000000,0.000000
cpuregs[16][10]$_DFFE_PP_,register_file,0,0,0,0,,,0.000000,0.000000
cpuregs[16][11]$_DFFE_PP_,pipeline_state,0,0,0,0,,,0.000000,0.000000
cpuregs[16][12]$_DFFE_PP_,pipeline_state,0,0,0,0,,,0.000000,0.000000
cpuregs[16][13]$_DFFE_PP_,register_file,0,0,0,0,,,0.000000,0.000000
cpuregs[16][14]$_DFFE_PP_,register_file,0,0,0,0,,,0.000000,0.000000
cpuregs[16][15]$_DFFE_PP_,pipeline_state,0,0,0,0,,,0.000000,0.000000
cpuregs[16][16]$_DFFE_PP_,pipeline_state,0,0,0,0,,,0.000000,0.000000
cpuregs[16][17]$_DFFE_PP_,pipeline_state,0,0,0,0,,,0.000000,0.000000
cpuregs[16][18]$_DFFE_PP_,register_file,0,0,0,0,,,0.000000,0.000000
cpuregs[16][19]$_DFFE_PP_,pipeline_state,0,0,0,0,,,0.000000,0.000000
cpuregs[16][1]$_DFFE_PP_,pipeline_state,0,0,0,0,,,0.000000,0.000000
cpuregs[16][20]$_DFFE_PP_,register_file,0,0,0,0,,,0.000000,0.000000
cpuregs[16][21]$_DFFE_PP_,register_file,0,0,0,0,,,0.000000,0.000000
cpuregs[16][22]$_DFFE_PP_,register_file,0,0,0,0,,,0.000000,0.000000
cpuregs[16][23]$_DFFE_PP_,pipeline_state,0,0,0,0,,,0.000000,0.000000
cpuregs[16][24]$_DFFE_PP_,pipeline_state,0,0,0,0,,,0.000000,0.000000
cpuregs[16][25]$_DFFE_PP_,register_file,0,0,0,0,,,0.000000,0.000000
cpuregs[16][26]$_DFFE_PP_,register_file,0,0,0,0,,,0.000000,0.000000
cpuregs[16][27]$_DFFE_PP_,register_file,0,0,0,0,,,0.000000,0.000000
cpuregs[16][28]$_DFFE_PP_,register_file,0,0,0,0,,,0.000000,0.000000
cpuregs[16][29]$_DFFE_PP_,register_file,0,0,0,0,,,0.000000,0.000000
cpuregs[16][2]$_DFFE_PP_,pipeline_state,0,0,0,0,,,0.000000,0.000000
cpuregs[16][30]$_DFFE_PP_,register_file,0,0,0,0,,,0.000000,0.000000
cpuregs[16][31]$_DFFE_PP_,pipeline_state,0,0,0,0,,,0.000000,0.000000
cpuregs[16][3]$_DFFE_PP_,pipeline_state,0,0,0,0,,,0.000000,0.000000
cpuregs[16][4]$_DFFE_PP_,register_file,0,0,0,0,,,0.000000,0.000000
cpuregs[16][5]$_DFFE_PP_,register_file,0,0,0,0,,,0.000000,0.000000
cpuregs[16][6]$_DFFE_PP_,register_file,0,0,0,0,,,0.000000,0.000000
cpuregs[16][7]$_DFFE_PP_,pipeline_state,0,0,0,0,,,0.000000,0.000000
cpuregs[16][8]$_DFFE_PP_,pipeline_state,0,0,0,0,,,0.000000,0.000000
cpuregs[16][9]$_DFFE_PP_,register_file,0,0,0,0,,,0.000000,0.000000
cpuregs[17][0]$_DFFE_PP_,register_file,0,0,0,0,,,0.000000,0.000000
cpuregs[17][10]$_DFFE_PP_,register_file,0,0,0,0,,,0.000000,0.000000
cpuregs[17][11]$_DFFE_PP_,pipeline_state,0,0,0,0,,,0.000000,0.000000
cpuregs[17][12]$_DFFE_PP_,pipeline_state,0,0,0,0,,,0.000000,0.000000
cpuregs[17][13]$_DFFE_PP_,register_file,0,0,0,0,,,0.000000,0.000000
cpuregs[17][14]$_DFFE_PP_,register_file,0,0,0,0,,,0.000000,0.000000
cpuregs[17][15]$_DFFE_PP_,pipeline_state,0,0,0,0,,,0.000000,0.000000
cpuregs[17][16]$_DFFE_PP_,pipeline_state,0,0,0,0,,,0.000000,0.000000
cpuregs[17][17]$_DFFE_PP_,pipeline_state,0,0,0,0,,,0.000000,0.000000
cpuregs[17][18]$_DFFE_PP_,register_file,0,0,0,0,,,0.000000,0.000000
cpuregs[17][19]$_DFFE_PP_,pipeline_state,0,0,0,0,,,0.000000,0.000000
cpuregs[17][1]$_DFFE_PP_,pipeline_state,0,0,0,0,,,0.000000,0.000000
cpuregs[17][20]$_DFFE_PP_,register_file,0,0,0,0,,,0.000000,0.000000
cpuregs[17][21]$_DFFE_PP_,register_file,0,0,0,0,,,0.000000,0.000000
cpuregs[17][22]$_DFFE_PP_,register_file,0,0,0,0,,,0.000000,0.000000
cpuregs[17][23]$_DFFE_PP_,pipeline_state,0,0,0,0,,,0.000000,0.000000
cpuregs[17][24]$_DFFE_PP_,pipeline_state,0,0,0,0,,,0.000000,0.000000
cpuregs[17][25]$_DFFE_PP_,register_file,0,0,0,0,,,0.000000,0.000000
cpuregs[17][26]$_DFFE_PP_,register_file,0,0,0,0,,,0.000000,0.000000
cpuregs[17][27]$_DFFE_PP_,register_file,0,0,0,0,,,0.000000,0.000000
cpuregs[17][28]$_DFFE_PP_,register_file,0,0,0,0,,,0.000000,0.000000
cpuregs[17][29]$_DFFE_PP_,register_file,0,0,0,0,,,0.000000,0.000000
cpuregs[17][2]$_DFFE_PP_,pipeline_state,0,0,0,0,,,0.000000,0.000000
cpuregs[17][30]$_DFFE_PP_,register_file,0,0,0,0,,,0.000000,0.000000
cpuregs[17][31]$_DFFE_PP_,pipeline_state,0,0,0,0,,,0.000000,0.000000
cpuregs[17][3]$_DFFE_PP_,pipeline_state,0,0,0,0,,,0.000000,0.000000
cpuregs[17][4]$_DFFE_PP_,register_file,0,0,0,0,,,0.000000,0.000000
cpuregs[17][5]$_DFFE_PP_,register_file,0,0,0,0,,,0.000000,0.000000
cpuregs[17][6]$_DFFE_PP_,register_file,0,0,0,0,,,0.000000,0.000000
cpuregs[17][7]$_DFFE_PP_,pipeline_state,0,0,0,0,,,0.000000,0.000000
cpuregs[17][8]$_DFFE_PP_,pipeline_state,0,0,0,0,,,0.000000,0.000000
cpuregs[17][9]$_DFFE_PP_,register_file,0,0,0,0,,,0.000000,0.000000
cpuregs[18][0]$_DFFE_PP_,register_file,0,0,0,0,,,0.000000,0.000000
cpuregs[18][10]$_DFFE_PP_,register_file,0,0,0,0,,,0.000000,0.000000
cpuregs[18][11]$_DFFE_PP_,pipeline_state,0,0,0,0,,,0.000000,0.000000
cpuregs[18][12]$_DFFE_PP_,pipeline_state,0,0,0,0,,,0.000000,0.000000
cpuregs[18][13]$_DFFE_PP_,register_file,0,0,0,0,,,0.000000,0.000000
cpuregs[18][14]$_DFFE_PP_,register_file,0,0,0,0,,,0.000000,0.000000
cpuregs[18][15]$_DFFE_PP_,pipeline_state,0,0,0,0,,,0.000000,0.000000
cpuregs[18][16]$_DFFE_PP_,pipeline_state,0,0,0,0,,,0.000000,0.000000
cpuregs[18][17]$_DFFE_PP_,pipeline_state,0,0,0,0,,,0.000000,0.000000
cpuregs[18][18]$_DFFE_PP_,register_file,0,0,0,0,,,0.000000,0.000000
cpuregs[18][19]$_DFFE_PP_,pipeline_state,0,0,0,0,,,0.000000,0.000000
cpuregs[18][1]$_DFFE_PP_,pipeline_state,0,0,0,0,,,0.000000,0.000000
cpuregs[18][20]$_DFFE_PP_,register_file,0,0,0,0,,,0.000000,0.000000
cpuregs[18][21]$_DFFE_PP_,register_file,0,0,0,0,,,0.000000,0.000000
cpuregs[18][22]$_DFFE_PP_,register_file,0,0,0,0,,,0.000000,0.000000
cpuregs[18][23]$_DFFE_PP_,pipeline_state,0,0,0,0,,,0.000000,0.000000
cpuregs[18][24]$_DFFE_PP_,pipeline_state,0,0,0,0,,,0.000000,0.000000
cpuregs[18][25]$_DFFE_PP_,register_file,0,0,0,0,,,0.000000,0.000000
cpuregs[18][26]$_DFFE_PP_,register_file,0,0,0,0,,,0.000000,0.000000
cpuregs[18][27]$_DFFE_PP_,register_file,0,0,0,0,,,0.000000,0.000000
cpuregs[18][28]$_DFFE_PP_,register_file,0,0,0,0,,,0.000000,0.000000
cpuregs[18][29]$_DFFE_PP_,register_file,0,0,0,0,,,0.000000,0.000000
cpuregs[18][2]$_DFFE_PP_,pipeline_state,0,0,0,0,,,0.000000,0.000000
cpuregs[18][30]$_DFFE_PP_,register_file,0,0,0,0,,,0.000000,0.000000
cpuregs[18][31]$_DFFE_PP_,pipeline_state,0,0,0,0,,,0.000000,0.000000
cpuregs[18][3]$_DFFE_PP_,pipeline_state,0,0,0,0,,,0.000000,0.000000
cpuregs[18][4]$_DFFE_PP_,register_file,0,0,0,0,,,0.000000,0.000000
cpuregs[18][5]$_DFFE_PP_,register_file,0,0,0,0,,,0.000000,0.000000
cpuregs[18][6]$_DFFE_PP_,register_file,0,0,0,0,,,0.000000,0.000000
cpuregs[18][7]$_DFFE_PP_,pipeline_state,0,0,0,0,,,0.000000,0.000000
cpuregs[18][8]$_DFFE_PP_,pipeline_state,0,0,0,0,,,0.000000,0.000000
cpuregs[18][9]$_DFFE_PP_,register_file,0,0,0,0,,,0.000000,0.000000
cpuregs[19][0]$_DFFE_PP_,register_file,0,0,0,0,,,0.000000,0.000000
cpuregs[19][10]$_DFFE_PP_,register_file,0,0,0,0,,,0.000000,0.000000
cpuregs[19][11]$_DFFE_PP_,pipeline_state,0,0,0,0,,,0.000000,0.000000
cpuregs[19][12]$_DFFE_PP_,pipeline_state,0,0,0,0,,,0.000000,0.000000
cpuregs[19][13]$_DFFE_PP_,register_file,0,0,0,0,,,0.000000,0.000000
cpuregs[19][14]$_DFFE_PP_,register_file,0,0,0,0,,,0.000000,0.000000
cpuregs[19][15]$_DFFE_PP_,pipeline_state,0,0,0,0,,,0.000000,0.000000
cpuregs[19][16]$_DFFE_PP_,pipeline_state,0,0,0,0,,,0.000000,0.000000
cpuregs[19][17]$_DFFE_PP_,pipeline_state,0,0,0,0,,,0.000000,0.000000
cpuregs[19][18]$_DFFE_PP_,register_file,0,0,0,0,,,0.000000,0.000000
cpuregs[19][19]$_DFFE_PP_,pipeline_state,0,0,0,0,,,0.000000,0.000000
cpuregs[19][1]$_DFFE_PP_,pipeline_state,0,0,0,0,,,0.000000,0.000000
cpuregs[19][20]$_DFFE_PP_,register_file,0,0,0,0,,,0.000000,0.000000
cpuregs[19][21]$_DFFE_PP_,register_file,0,0,0,0,,,0.000000,0.000000
cpuregs[19][22]$_DFFE_PP_,register_file,0,0,0,0,,,0.000000,0.000000
cpuregs[19][23]$_DFFE_PP_,pipeline_state,0,0,0,0,,,0.000000,0.000000
cpuregs[19][24]$_DFFE_PP_,pipeline_state,0,0,0,0,,,0.000000,0.000000
cpuregs[19][25]$_DFFE_PP_,register_file,0,0,0,0,,,0.000000,0.000000
cpuregs[19][26]$_DFFE_PP_,register_file,0,0,0,0,,,0.000000,0.000000
cpuregs[19][27]$_DFFE_PP_,register_file,0,0,0,0,,,0.000000,0.000000
cpuregs[19][28]$_DFFE_PP_,register_file,0,0,0,0,,,0.000000,0.000000
cpuregs[19][29]$_DFFE_PP_,register_file,0,0,0,0,,,0.000000,0.000000
cpuregs[19][2]$_DFFE_PP_,pipeline_state,0,0,0,0,,,0.000000,0.000000
cpuregs[19][30]$_DFFE_PP_,register_file,0,0,0,0,,,0.000000,0.000000
cpuregs[19][31]$_DFFE_PP_,pipeline_state,0,0,0,0,,,0.000000,0.000000
cpuregs[19][3]$_DFFE_PP_,pipeline_state,0,0,0,0,,,0.000000,0.000000
cpuregs[19][4]$_DFFE_PP_,register_file,0,0,0,0,,,0.000000,0.000000
cpuregs[19][5]$_DFFE_PP_,register_file,0,0,0,0,,,0.000000,0.000000
cpuregs[19][6]$_DFFE_PP_,register_file,0,0,0,0,,,0.000000,0.000000
cpuregs[19][7]$_DFFE_PP_,pipeline_state,0,0,0,0,,,0.000000,0.000000
cpuregs[19][8]$_DFFE_PP_,pipeline_state,0,0,0,0,,,0.000000,0.000000
cpuregs[19][9]$_DFFE_PP_,register_file,0,0,0,0,,,0.000000,0.000000
cpuregs[1][0]$_DFFE_PP_,register_file,0,0,0,0,,,0.000000,0.000000
cpuregs[1][10]$_DFFE_PP_,register_file,0,0,0,0,,,0.000000,0.000000
cpuregs[1][11]$_DFFE_PP_,pipeline_state,0,0,0,0,,,0.000000,0.000000
cpuregs[1][12]$_DFFE_PP_,pipeline_state,0,0,0,0,,,0.000000,0.000000
cpuregs[1][13]$_DFFE_PP_,register_file,0,0,0,0,,,0.000000,0.000000
cpuregs[1][14]$_DFFE_PP_,register_file,0,0,0,0,,,0.000000,0.000000
cpuregs[1][15]$_DFFE_PP_,pipeline_state,0,0,0,0,,,0.000000,0.000000
cpuregs[1][16]$_DFFE_PP_,pipeline_state,0,0,0,0,,,0.000000,0.000000
cpuregs[1][17]$_DFFE_PP_,pipeline_state,0,0,0,0,,,0.000000,0.000000
cpuregs[1][18]$_DFFE_PP_,register_file,0,0,0,0,,,0.000000,0.000000
cpuregs[1][19]$_DFFE_PP_,pipeline_state,0,0,0,0,,,0.000000,0.000000
cpuregs[1][1]$_DFFE_PP_,pipeline_state,0,0,0,0,,,0.000000,0.000000
cpuregs[1][20]$_DFFE_PP_,register_file,0,0,0,0,,,0.000000,0.000000
cpuregs[1][21]$_DFFE_PP_,register_file,0,0,0,0,,,0.000000,0.000000
cpuregs[1][22]$_DFFE_PP_,register_file,0,0,0,0,,,0.000000,0.000000
cpuregs[1][23]$_DFFE_PP_,pipeline_state,0,0,0,0,,,0.000000,0.000000
cpuregs[1][24]$_DFFE_PP_,pipeline_state,0,0,0,0,,,0.000000,0.000000
cpuregs[1][25]$_DFFE_PP_,register_file,0,0,0,0,,,0.000000,0.000000
cpuregs[1][26]$_DFFE_PP_,register_file,0,0,0,0,,,0.000000,0.000000
cpuregs[1][27]$_DFFE_PP_,register_file,0,0,0,0,,,0.000000,0.000000
cpuregs[1][28]$_DFFE_PP_,register_file,0,0,0,0,,,0.000000,0.000000
cpuregs[1][29]$_DFFE_PP_,register_file,0,0,0,0,,,0.000000,0.000000
cpuregs[1][2]$_DFFE_PP_,pipeline_state,0,0,0,0,,,0.000000,0.000000
cpuregs[1][30]$_DFFE_PP_,register_file,0,0,0,0,,,0.000000,0.000000
cpuregs[1][31]$_DFFE_PP_,pipeline_state,0,0,0,0,,,0.000000,0.000000
cpuregs[1][3]$_DFFE_PP_,pipeline_state,0,0,0,0,,,0.000000,0.000000
cpuregs[1][4]$_DFFE_PP_,register_file,0,0,0,0,,,0.000000,0.000000
cpuregs[1][5]$_DFFE_PP_,register_file,0,0,0,0,,,0.000000,0.000000
cpuregs[1][6]$_DFFE_PP_,register_file,0,0,0,0,,,0.000000,0.000000
cpuregs[1][7]$_DFFE_PP_,pipeline_state,0,0,0,0,,,0.000000,0.000000
cpuregs[1][8]$_DFFE_PP_,pipeline_state,0,0,0,0,,,0.000000,0.000000
cpuregs[1][9]$_DFFE_PP_,register_file,0,0,0,0,,,0.000000,0.000000
cpuregs[20][0]$_DFFE_PP_,register_file,0,0,0,0,,,0.000000,0.000000
cpuregs[20][10]$_DFFE_PP_,register_file,0,0,0,0,,,0.000000,0.000000
cpuregs[20][11]$_DFFE_PP_,pipeline_state,0,0,0,0,,,0.000000,0.000000
cpuregs[20][12]$_DFFE_PP_,pipeline_state,0,0,0,0,,,0.000000,0.000000
cpuregs[20][13]$_DFFE_PP_,register_file,0,0,0,0,,,0.000000,0.000000
cpuregs[20][14]$_DFFE_PP_,register_file,0,0,0,0,,,0.000000,0.000000
cpuregs[20][15]$_DFFE_PP_,pipeline_state,0,0,0,0,,,0.000000,0.000000
cpuregs[20][16]$_DFFE_PP_,pipeline_state,0,0,0,0,,,0.000000,0.000000
cpuregs[20][17]$_DFFE_PP_,pipeline_state,0,0,0,0,,,0.000000,0.000000
cpuregs[20][18]$_DFFE_PP_,register_file,0,0,0,0,,,0.000000,0.000000
cpuregs[20][19]$_DFFE_PP_,pipeline_state,0,0,0,0,,,0.000000,0.000000
cpuregs[20][1]$_DFFE_PP_,pipeline_state,0,0,0,0,,,0.000000,0.000000
cpuregs[20][20]$_DFFE_PP_,register_file,0,0,0,0,,,0.000000,0.000000
cpuregs[20][21]$_DFFE_PP_,register_file,0,0,0,0,,,0.000000,0.000000
cpuregs[20][22]$_DFFE_PP_,register_file,0,0,0,0,,,0.000000,0.000000
cpuregs[20][23]$_DFFE_PP_,pipeline_state,0,0,0,0,,,0.000000,0.000000
cpuregs[20][24]$_DFFE_PP_,pipeline_state,0,0,0,0,,,0.000000,0.000000
cpuregs[20][25]$_DFFE_PP_,register_file,0,0,0,0,,,0.000000,0.000000
cpuregs[20][26]$_DFFE_PP_,register_file,0,0,0,0,,,0.000000,0.000000
cpuregs[20][27]$_DFFE_PP_,register_file,0,0,0,0,,,0.000000,0.000000
cpuregs[20][28]$_DFFE_PP_,register_file,0,0,0,0,,,0.000000,0.000000
cpuregs[20][29]$_DFFE_PP_,register_file,0,0,0,0,,,0.000000,0.000000
cpuregs[20][2]$_DFFE_PP_,pipeline_state,0,0,0,0,,,0.000000,0.000000
cpuregs[20][30]$_DFFE_PP_,register_file,0,0,0,0,,,0.000000,0.000000
cpuregs[20][31]$_DFFE_PP_,pipeline_state,0,0,0,0,,,0.000000,0.000000
cpuregs[20][3]$_DFFE_PP_,pipeline_state,0,0,0,0,,,0.000000,0.000000
cpuregs[20][4]$_DFFE_PP_,register_file,0,0,0,0,,,0.000000,0.000000
cpuregs[20][5]$_DFFE_PP_,register_file,0,0,0,0,,,0.000000,0.000000
cpuregs[20][6]$_DFFE_PP_,register_file,0,0,0,0,,,0.000000,0.000000
cpuregs[20][7]$_DFFE_PP_,pipeline_state,0,0,0,0,,,0.000000,0.000000
cpuregs[20][8]$_DFFE_PP_,pipeline_state,0,0,0,0,,,0.000000,0.000000
cpuregs[20][9]$_DFFE_PP_,register_file,0,0,0,0,,,0.000000,0.000000
cpuregs[21][0]$_DFFE_PP_,register_file,0,0,0,0,,,0.000000,0.000000
cpuregs[21][10]$_DFFE_PP_,register_file,0,0,0,0,,,0.000000,0.000000
cpuregs[21][11]$_DFFE_PP_,pipeline_state,0,0,0,0,,,0.000000,0.000000
cpuregs[21][12]$_DFFE_PP_,pipeline_state,0,0,0,0,,,0.000000,0.000000
cpuregs[21][13]$_DFFE_PP_,register_file,0,0,0,0,,,0.000000,0.000000
cpuregs[21][14]$_DFFE_PP_,register_file,0,0,0,0,,,0.000000,0.000000
cpuregs[21][15]$_DFFE_PP_,pipeline_state,0,0,0,0,,,0.000000,0.000000
cpuregs[21][16]$_DFFE_PP_,pipeline_state,0,0,0,0,,,0.000000,0.000000
cpuregs[21][17]$_DFFE_PP_,pipeline_state,0,0,0,0,,,0.000000,0.000000
cpuregs[21][18]$_DFFE_PP_,register_file,0,0,0,0,,,0.000000,0.000000
cpuregs[21][19]$_DFFE_PP_,pipeline_state,0,0,0,0,,,0.000000,0.000000
cpuregs[21][1]$_DFFE_PP_,pipeline_state,0,0,0,0,,,0.000000,0.000000
cpuregs[21][20]$_DFFE_PP_,register_file,0,0,0,0,,,0.000000,0.000000
cpuregs[21][21]$_DFFE_PP_,register_file,0,0,0,0,,,0.000000,0.000000
cpuregs[21][22]$_DFFE_PP_,register_file,0,0,0,0,,,0.000000,0.000000
cpuregs[21][23]$_DFFE_PP_,pipeline_state,0,0,0,0,,,0.000000,0.000000
cpuregs[21][24]$_DFFE_PP_,pipeline_state,0,0,0,0,,,0.000000,0.000000
cpuregs[21][25]$_DFFE_PP_,register_file,0,0,0,0,,,0.000000,0.000000
cpuregs[21][26]$_DFFE_PP_,register_file,0,0,0,0,,,0.000000,0.000000
cpuregs[21][27]$_DFFE_PP_,register_file,0,0,0,0,,,0.000000,0.000000
cpuregs[21][28]$_DFFE_PP_,register_file,0,0,0,0,,,0.000000,0.000000
cpuregs[21][29]$_DFFE_PP_,register_file,0,0,0,0,,,0.000000,0.000000
cpuregs[21][2]$_DFFE_PP_,pipeline_state,0,0,0,0,,,0.000000,0.000000
cpuregs[21][30]$_DFFE_PP_,register_file,0,0,0,0,,,0.000000,0.000000
cpuregs[21][31]$_DFFE_PP_,pipeline_state,0,0,0,0,,,0.000000,0.000000
cpuregs[21][3]$_DFFE_PP_,pipeline_state,0,0,0,0,,,0.000000,0.000000
cpuregs[21][4]$_DFFE_PP_,register_file,0,0,0,0,,,0.000000,0.000000
cpuregs[21][5]$_DFFE_PP_,register_file,0,0,0,0,,,0.000000,0.000000
cpuregs[21][6]$_DFFE_PP_,register_file,0,0,0,0,,,0.000000,0.000000
cpuregs[21][7]$_DFFE_PP_,pipeline_state,0,0,0,0,,,0.000000,0.000000
cpuregs[21][8]$_DFFE_PP_,pipeline_state,0,0,0,0,,,0.000000,0.000000
cpuregs[21][9]$_DFFE_PP_,register_file,0,0,0,0,,,0.000000,0.000000
cpuregs[22][0]$_DFFE_PP_,register_file,0,0,0,0,,,0.000000,0.000000
cpuregs[22][10]$_DFFE_PP_,register_file,0,0,0,0,,,0.000000,0.000000
cpuregs[22][11]$_DFFE_PP_,pipeline_state,0,0,0,0,,,0.000000,0.000000
cpuregs[22][12]$_DFFE_PP_,pipeline_state,0,0,0,0,,,0.000000,0.000000
cpuregs[22][13]$_DFFE_PP_,register_file,0,0,0,0,,,0.000000,0.000000
cpuregs[22][14]$_DFFE_PP_,register_file,0,0,0,0,,,0.000000,0.000000
cpuregs[22][15]$_DFFE_PP_,pipeline_state,0,0,0,0,,,0.000000,0.000000
cpuregs[22][16]$_DFFE_PP_,pipeline_state,0,0,0,0,,,0.000000,0.000000
cpuregs[22][17]$_DFFE_PP_,pipeline_state,0,0,0,0,,,0.000000,0.000000
cpuregs[22][18]$_DFFE_PP_,register_file,0,0,0,0,,,0.000000,0.000000
cpuregs[22][19]$_DFFE_PP_,pipeline_state,0,0,0,0,,,0.000000,0.000000
cpuregs[22][1]$_DFFE_PP_,pipeline_state,0,0,0,0,,,0.000000,0.000000
cpuregs[22][20]$_DFFE_PP_,register_file,0,0,0,0,,,0.000000,0.000000
cpuregs[22][21]$_DFFE_PP_,register_file,0,0,0,0,,,0.000000,0.000000
cpuregs[22][22]$_DFFE_PP_,register_file,0,0,0,0,,,0.000000,0.000000
cpuregs[22][23]$_DFFE_PP_,pipeline_state,0,0,0,0,,,0.000000,0.000000
cpuregs[22][24]$_DFFE_PP_,pipeline_state,0,0,0,0,,,0.000000,0.000000
cpuregs[22][25]$_DFFE_PP_,register_file,0,0,0,0,,,0.000000,0.000000
cpuregs[22][26]$_DFFE_PP_,register_file,0,0,0,0,,,0.000000,0.000000
cpuregs[22][27]$_DFFE_PP_,register_file,0,0,0,0,,,0.000000,0.000000
cpuregs[22][28]$_DFFE_PP_,register_file,0,0,0,0,,,0.000000,0.000000
cpuregs[22][29]$_DFFE_PP_,register_file,0,0,0,0,,,0.000000,0.000000
cpuregs[22][2]$_DFFE_PP_,pipeline_state,0,0,0,0,,,0.000000,0.000000
cpuregs[22][30]$_DFFE_PP_,register_file,0,0,0,0,,,0.000000,0.000000
cpuregs[22][31]$_DFFE_PP_,pipeline_state,0,0,0,0,,,0.000000,0.000000
cpuregs[22][3]$_DFFE_PP_,pipeline_state,0,0,0,0,,,0.000000,0.000000
cpuregs[22][4]$_DFFE_PP_,register_file,0,0,0,0,,,0.000000,0.000000
cpuregs[22][5]$_DFFE_PP_,register_file,0,0,0,0,,,0.000000,0.000000
cpuregs[22][6]$_DFFE_PP_,register_file,0,0,0,0,,,0.000000,0.000000
cpuregs[22][7]$_DFFE_PP_,pipeline_state,0,0,0,0,,,0.000000,0.000000
cpuregs[22][8]$_DFFE_PP_,pipeline_state,0,0,0,0,,,0.000000,0.000000
cpuregs[22][9]$_DFFE_PP_,register_file,0,0,0,0,,,0.000000,0.000000
cpuregs[23][0]$_DFFE_PP_,register_file,0,0,0,0,,,0.000000,0.000000
cpuregs[23][10]$_DFFE_PP_,register_file,0,0,0,0,,,0.000000,0.000000
cpuregs[23][11]$_DFFE_PP_,pipeline_state,0,0,0,0,,,0.000000,0.000000
cpuregs[23][12]$_DFFE_PP_,pipeline_state,0,0,0,0,,,0.000000,0.000000
cpuregs[23][13]$_DFFE_PP_,register_file,0,0,0,0,,,0.000000,0.000000
cpuregs[23][14]$_DFFE_PP_,register_file,0,0,0,0,,,0.000000,0.000000
cpuregs[23][15]$_DFFE_PP_,pipeline_state,0,0,0,0,,,0.000000,0.000000
cpuregs[23][16]$_DFFE_PP_,pipeline_state,0,0,0,0,,,0.000000,0.000000
cpuregs[23][17]$_DFFE_PP_,pipeline_state,0,0,0,0,,,0.000000,0.000000
cpuregs[23][18]$_DFFE_PP_,register_file,0,0,0,0,,,0.000000,0.000000
cpuregs[23][19]$_DFFE_PP_,pipeline_state,0,0,0,0,,,0.000000,0.000000
cpuregs[23][1]$_DFFE_PP_,pipeline_state,0,0,0,0,,,0.000000,0.000000
cpuregs[23][20]$_DFFE_PP_,register_file,0,0,0,0,,,0.000000,0.000000
cpuregs[23][21]$_DFFE_PP_,register_file,0,0,0,0,,,0.000000,0.000000
cpuregs[23][22]$_DFFE_PP_,register_file,0,0,0,0,,,0.000000,0.000000
cpuregs[23][23]$_DFFE_PP_,pipeline_state,0,0,0,0,,,0.000000,0.000000
cpuregs[23][24]$_DFFE_PP_,pipeline_state,0,0,0,0,,,0.000000,0.000000
cpuregs[23][25]$_DFFE_PP_,register_file,0,0,0,0,,,0.000000,0.000000
cpuregs[23][26]$_DFFE_PP_,register_file,0,0,0,0,,,0.000000,0.000000
cpuregs[23][27]$_DFFE_PP_,register_file,0,0,0,0,,,0.000000,0.000000
cpuregs[23][28]$_DFFE_PP_,register_file,0,0,0,0,,,0.000000,0.000000
cpuregs[23][29]$_DFFE_PP_,register_file,0,0,0,0,,,0.000000,0.000000
cpuregs[23][2]$_DFFE_PP_,pipeline_state,0,0,0,0,,,0.000000,0.000000
cpuregs[23][30]$_DFFE_PP_,register_file,0,0,0,0,,,0.000000,0.000000
cpuregs[23][31]$_DFFE_PP_,pipeline_state,0,0,0,0,,,0.000000,0.000000
cpuregs[23][3]$_DFFE_PP_,pipeline_state,0,0,0,0,,,0.000000,0.000000
cpuregs[23][4]$_DFFE_PP_,register_file,0,0,0,0,,,0.000000,0.000000
cpuregs[23][5]$_DFFE_PP_,register_file,0,0,0,0,,,0.000000,0.000000
cpuregs[23][6]$_DFFE_PP_,register_file,0,0,0,0,,,0.000000,0.000000
cpuregs[23][7]$_DFFE_PP_,pipeline_state,0,0,0,0,,,0.000000,0.000000
cpuregs[23][8]$_DFFE_PP_,pipeline_state,0,0,0,0,,,0.000000,0.000000
cpuregs[23][9]$_DFFE_PP_,register_file,0,0,0,0,,,0.000000,0.000000
cpuregs[24][0]$_DFFE_PP_,register_file,0,0,0,0,,,0.000000,0.000000
cpuregs[24][10]$_DFFE_PP_,register_file,0,0,0,0,,,0.000000,0.000000
cpuregs[24][11]$_DFFE_PP_,pipeline_state,0,0,0,0,,,0.000000,0.000000
cpuregs[24][12]$_DFFE_PP_,pipeline_state,0,0,0,0,,,0.000000,0.000000
cpuregs[24][13]$_DFFE_PP_,register_file,0,0,0,0,,,0.000000,0.000000
cpuregs[24][14]$_DFFE_PP_,register_file,0,0,0,0,,,0.000000,0.000000
cpuregs[24][15]$_DFFE_PP_,pipeline_state,0,0,0,0,,,0.000000,0.000000
cpuregs[24][16]$_DFFE_PP_,pipeline_state,0,0,0,0,,,0.000000,0.000000
cpuregs[24][17]$_DFFE_PP_,pipeline_state,0,0,0,0,,,0.000000,0.000000
cpuregs[24][18]$_DFFE_PP_,register_file,0,0,0,0,,,0.000000,0.000000
cpuregs[24][19]$_DFFE_PP_,pipeline_state,0,0,0,0,,,0.000000,0.000000
cpuregs[24][1]$_DFFE_PP_,pipeline_state,0,0,0,0,,,0.000000,0.000000
cpuregs[24][20]$_DFFE_PP_,register_file,0,0,0,0,,,0.000000,0.000000
cpuregs[24][21]$_DFFE_PP_,register_file,0,0,0,0,,,0.000000,0.000000
cpuregs[24][22]$_DFFE_PP_,register_file,0,0,0,0,,,0.000000,0.000000
cpuregs[24][23]$_DFFE_PP_,pipeline_state,0,0,0,0,,,0.000000,0.000000
cpuregs[24][24]$_DFFE_PP_,pipeline_state,0,0,0,0,,,0.000000,0.000000
cpuregs[24][25]$_DFFE_PP_,register_file,0,0,0,0,,,0.000000,0.000000
cpuregs[24][26]$_DFFE_PP_,register_file,0,0,0,0,,,0.000000,0.000000
cpuregs[24][27]$_DFFE_PP_,register_file,0,0,0,0,,,0.000000,0.000000
cpuregs[24][28]$_DFFE_PP_,register_file,0,0,0,0,,,0.000000,0.000000
cpuregs[24][29]$_DFFE_PP_,register_file,0,0,0,0,,,0.000000,0.000000
cpuregs[24][2]$_DFFE_PP_,pipeline_state,0,0,0,0,,,0.000000,0.000000
cpuregs[24][30]$_DFFE_PP_,register_file,0,0,0,0,,,0.000000,0.000000
cpuregs[24][31]$_DFFE_PP_,pipeline_state,0,0,0,0,,,0.000000,0.000000
cpuregs[24][3]$_DFFE_PP_,pipeline_state,0,0,0,0,,,0.000000,0.000000
cpuregs[24][4]$_DFFE_PP_,register_file,0,0,0,0,,,0.000000,0.000000
cpuregs[24][5]$_DFFE_PP_,register_file,0,0,0,0,,,0.000000,0.000000
cpuregs[24][6]$_DFFE_PP_,register_file,0,0,0,0,,,0.000000,0.000000
cpuregs[24][7]$_DFFE_PP_,pipeline_state,0,0,0,0,,,0.000000,0.000000
cpuregs[24][8]$_DFFE_PP_,pipeline_state,0,0,0,0,,,0.000000,0.000000
cpuregs[24][9]$_DFFE_PP_,register_file,0,0,0,0,,,0.000000,0.000000
cpuregs[25][0]$_DFFE_PP_,register_file,0,0,0,0,,,0.000000,0.000000
cpuregs[25][10]$_DFFE_PP_,register_file,0,0,0,0,,,0.000000,0.000000
cpuregs[25][11]$_DFFE_PP_,pipeline_state,0,0,0,0,,,0.000000,0.000000
cpuregs[25][12]$_DFFE_PP_,pipeline_state,0,0,0,0,,,0.000000,0.000000
cpuregs[25][13]$_DFFE_PP_,register_file,0,0,0,0,,,0.000000,0.000000
cpuregs[25][14]$_DFFE_PP_,register_file,0,0,0,0,,,0.000000,0.000000
cpuregs[25][15]$_DFFE_PP_,pipeline_state,0,0,0,0,,,0.000000,0.000000
cpuregs[25][16]$_DFFE_PP_,pipeline_state,0,0,0,0,,,0.000000,0.000000
cpuregs[25][17]$_DFFE_PP_,pipeline_state,0,0,0,0,,,0.000000,0.000000
cpuregs[25][18]$_DFFE_PP_,register_file,0,0,0,0,,,0.000000,0.000000
cpuregs[25][19]$_DFFE_PP_,pipeline_state,0,0,0,0,,,0.000000,0.000000
cpuregs[25][1]$_DFFE_PP_,pipeline_state,0,0,0,0,,,0.000000,0.000000
cpuregs[25][20]$_DFFE_PP_,register_file,0,0,0,0,,,0.000000,0.000000
cpuregs[25][21]$_DFFE_PP_,register_file,0,0,0,0,,,0.000000,0.000000
cpuregs[25][22]$_DFFE_PP_,register_file,0,0,0,0,,,0.000000,0.000000
cpuregs[25][23]$_DFFE_PP_,pipeline_state,0,0,0,0,,,0.000000,0.000000
cpuregs[25][24]$_DFFE_PP_,pipeline_state,0,0,0,0,,,0.000000,0.000000
cpuregs[25][25]$_DFFE_PP_,register_file,0,0,0,0,,,0.000000,0.000000
cpuregs[25][26]$_DFFE_PP_,register_file,0,0,0,0,,,0.000000,0.000000
cpuregs[25][27]$_DFFE_PP_,register_file,0,0,0,0,,,0.000000,0.000000
cpuregs[25][28]$_DFFE_PP_,register_file,0,0,0,0,,,0.000000,0.000000
cpuregs[25][29]$_DFFE_PP_,register_file,0,0,0,0,,,0.000000,0.000000
cpuregs[25][2]$_DFFE_PP_,pipeline_state,0,0,0,0,,,0.000000,0.000000
cpuregs[25][30]$_DFFE_PP_,register_file,0,0,0,0,,,0.000000,0.000000
cpuregs[25][31]$_DFFE_PP_,pipeline_state,0,0,0,0,,,0.000000,0.000000
cpuregs[25][3]$_DFFE_PP_,pipeline_state,0,0,0,0,,,0.000000,0.000000
cpuregs[25][4]$_DFFE_PP_,register_file,0,0,0,0,,,0.000000,0.000000
cpuregs[25][5]$_DFFE_PP_,register_file,0,0,0,0,,,0.000000,0.000000
cpuregs[25][6]$_DFFE_PP_,register_file,0,0,0,0,,,0.000000,0.000000
cpuregs[25][7]$_DFFE_PP_,pipeline_state,0,0,0,0,,,0.000000,0.000000
cpuregs[25][8]$_DFFE_PP_,pipeline_state,0,0,0,0,,,0.000000,0.000000
cpuregs[25][9]$_DFFE_PP_,register_file,0,0,0,0,,,0.000000,0.000000
cpuregs[26][0]$_DFFE_PP_,register_file,0,0,0,0,,,0.000000,0.000000
cpuregs[26][10]$_DFFE_PP_,register_file,0,0,0,0,,,0.000000,0.000000
cpuregs[26][11]$_DFFE_PP_,pipeline_state,0,0,0,0,,,0.000000,0.000000
cpuregs[26][12]$_DFFE_PP_,pipeline_state,0,0,0,0,,,0.000000,0.000000
cpuregs[26][13]$_DFFE_PP_,register_file,0,0,0,0,,,0.000000,0.000000
cpuregs[26][14]$_DFFE_PP_,register_file,0,0,0,0,,,0.000000,0.000000
cpuregs[26][15]$_DFFE_PP_,pipeline_state,0,0,0,0,,,0.000000,0.000000
cpuregs[26][16]$_DFFE_PP_,pipeline_state,0,0,0,0,,,0.000000,0.000000
cpuregs[26][17]$_DFFE_PP_,pipeline_state,0,0,0,0,,,0.000000,0.000000
cpuregs[26][18]$_DFFE_PP_,register_file,0,0,0,0,,,0.000000,0.000000
cpuregs[26][19]$_DFFE_PP_,pipeline_state,0,0,0,0,,,0.000000,0.000000
cpuregs[26][1]$_DFFE_PP_,pipeline_state,0,0,0,0,,,0.000000,0.000000
cpuregs[26][20]$_DFFE_PP_,register_file,0,0,0,0,,,0.000000,0.000000
cpuregs[26][21]$_DFFE_PP_,register_file,0,0,0,0,,,0.000000,0.000000
cpuregs[26][22]$_DFFE_PP_,register_file,0,0,0,0,,,0.000000,0.000000
cpuregs[26][23]$_DFFE_PP_,pipeline_state,0,0,0,0,,,0.000000,0.000000
cpuregs[26][24]$_DFFE_PP_,pipeline_state,0,0,0,0,,,0.000000,0.000000
cpuregs[26][25]$_DFFE_PP_,register_file,0,0,0,0,,,0.000000,0.000000
cpuregs[26][26]$_DFFE_PP_,register_file,0,0,0,0,,,0.000000,0.000000
cpuregs[26][27]$_DFFE_PP_,register_file,0,0,0,0,,,0.000000,0.000000
cpuregs[26][28]$_DFFE_PP_,register_file,0,0,0,0,,,0.000000,0.000000
cpuregs[26][29]$_DFFE_PP_,register_file,0,0,0,0,,,0.000000,0.000000
cpuregs[26][2]$_DFFE_PP_,pipeline_state,0,0,0,0,,,0.000000,0.000000
cpuregs[26][30]$_DFFE_PP_,register_file,0,0,0,0,,,0.000000,0.000000
cpuregs[26][31]$_DFFE_PP_,pipeline_state,0,0,0,0,,,0.000000,0.000000
cpuregs[26][3]$_DFFE_PP_,pipeline_state,0,0,0,0,,,0.000000,0.000000
cpuregs[26][4]$_DFFE_PP_,register_file,0,0,0,0,,,0.000000,0.000000
cpuregs[26][5]$_DFFE_PP_,register_file,0,0,0,0,,,0.000000,0.000000
cpuregs[26][6]$_DFFE_PP_,register_file,0,0,0,0,,,0.000000,0.000000
cpuregs[26][7]$_DFFE_PP_,pipeline_state,0,0,0,0,,,0.000000,0.000000
cpuregs[26][8]$_DFFE_PP_,pipeline_state,0,0,0,0,,,0.000000,0.000000
cpuregs[26][9]$_DFFE_PP_,register_file,0,0,0,0,,,0.000000,0.000000
cpuregs[27][0]$_DFFE_PP_,register_file,0,0,0,0,,,0.000000,0.000000
cpuregs[27][10]$_DFFE_PP_,register_file,0,0,0,0,,,0.000000,0.000000
cpuregs[27][11]$_DFFE_PP_,pipeline_state,0,0,0,0,,,0.000000,0.000000
cpuregs[27][12]$_DFFE_PP_,pipeline_state,0,0,0,0,,,0.000000,0.000000
cpuregs[27][13]$_DFFE_PP_,register_file,0,0,0,0,,,0.000000,0.000000
cpuregs[27][14]$_DFFE_PP_,register_file,0,0,0,0,,,0.000000,0.000000
cpuregs[27][15]$_DFFE_PP_,pipeline_state,0,0,0,0,,,0.000000,0.000000
cpuregs[27][16]$_DFFE_PP_,pipeline_state,0,0,0,0,,,0.000000,0.000000
cpuregs[27][17]$_DFFE_PP_,pipeline_state,0,0,0,0,,,0.000000,0.000000
cpuregs[27][18]$_DFFE_PP_,register_file,0,0,0,0,,,0.000000,0.000000
cpuregs[27][19]$_DFFE_PP_,pipeline_state,0,0,0,0,,,0.000000,0.000000
cpuregs[27][1]$_DFFE_PP_,pipeline_state,0,0,0,0,,,0.000000,0.000000
cpuregs[27][20]$_DFFE_PP_,register_file,0,0,0,0,,,0.000000,0.000000
cpuregs[27][21]$_DFFE_PP_,register_file,0,0,0,0,,,0.000000,0.000000
cpuregs[27][22]$_DFFE_PP_,register_file,0,0,0,0,,,0.000000,0.000000
cpuregs[27][23]$_DFFE_PP_,pipeline_state,0,0,0,0,,,0.000000,0.000000
cpuregs[27][24]$_DFFE_PP_,pipeline_state,0,0,0,0,,,0.000000,0.000000
cpuregs[27][25]$_DFFE_PP_,register_file,0,0,0,0,,,0.000000,0.000000
cpuregs[27][26]$_DFFE_PP_,register_file,0,0,0,0,,,0.000000,0.000000
cpuregs[27][27]$_DFFE_PP_,register_file,0,0,0,0,,,0.000000,0.000000
cpuregs[27][28]$_DFFE_PP_,register_file,0,0,0,0,,,0.000000,0.000000
cpuregs[27][29]$_DFFE_PP_,register_file,0,0,0,0,,,0.000000,0.000000
cpuregs[27][2]$_DFFE_PP_,pipeline_state,0,0,0,0,,,0.000000,0.000000
cpuregs[27][30]$_DFFE_PP_,register_file,0,0,0,0,,,0.000000,0.000000
cpuregs[27][31]$_DFFE_PP_,pipeline_state,0,0,0,0,,,0.000000,0.000000
cpuregs[27][3]$_DFFE_PP_,pipeline_state,0,0,0,0,,,0.000000,0.000000
cpuregs[27][4]$_DFFE_PP_,register_file,0,0,0,0,,,0.000000,0.000000
cpuregs[27][5]$_DFFE_PP_,register_file,0,0,0,0,,,0.000000,0.000000
cpuregs[27][6]$_DFFE_PP_,register_file,0,0,0,0,,,0.000000,0.000000
cpuregs[27][7]$_DFFE_PP_,pipeline_state,0,0,0,0,,,0.000000,0.000000
cpuregs[27][8]$_DFFE_PP_,pipeline_state,0,0,0,0,,,0.000000,0.000000
cpuregs[27][9]$_DFFE_PP_,register_file,0,0,0,0,,,0.000000,0.000000
cpuregs[28][0]$_DFFE_PP_,register_file,0,0,0,0,,,0.000000,0.000000
cpuregs[28][10]$_DFFE_PP_,register_file,0,0,0,0,,,0.000000,0.000000
cpuregs[28][11]$_DFFE_PP_,pipeline_state,0,0,0,0,,,0.000000,0.000000
cpuregs[28][12]$_DFFE_PP_,pipeline_state,0,0,0,0,,,0.000000,0.000000
cpuregs[28][13]$_DFFE_PP_,register_file,0,0,0,0,,,0.000000,0.000000
cpuregs[28][14]$_DFFE_PP_,register_file,0,0,0,0,,,0.000000,0.000000
cpuregs[28][15]$_DFFE_PP_,pipeline_state,0,0,0,0,,,0.000000,0.000000
cpuregs[28][16]$_DFFE_PP_,pipeline_state,0,0,0,0,,,0.000000,0.000000
cpuregs[28][17]$_DFFE_PP_,pipeline_state,0,0,0,0,,,0.000000,0.000000
cpuregs[28][18]$_DFFE_PP_,register_file,0,0,0,0,,,0.000000,0.000000
cpuregs[28][19]$_DFFE_PP_,pipeline_state,0,0,0,0,,,0.000000,0.000000
cpuregs[28][1]$_DFFE_PP_,pipeline_state,0,0,0,0,,,0.000000,0.000000
cpuregs[28][20]$_DFFE_PP_,register_file,0,0,0,0,,,0.000000,0.000000
cpuregs[28][21]$_DFFE_PP_,register_file,0,0,0,0,,,0.000000,0.000000
cpuregs[28][22]$_DFFE_PP_,register_file,0,0,0,0,,,0.000000,0.000000
cpuregs[28][23]$_DFFE_PP_,pipeline_state,0,0,0,0,,,0.000000,0.000000
cpuregs[28][24]$_DFFE_PP_,pipeline_state,0,0,0,0,,,0.000000,0.000000
cpuregs[28][25]$_DFFE_PP_,register_file,0,0,0,0,,,0.000000,0.000000
cpuregs[28][26]$_DFFE_PP_,register_file,0,0,0,0,,,0.000000,0.000000
cpuregs[28][27]$_DFFE_PP_,register_file,0,0,0,0,,,0.000000,0.000000
cpuregs[28][28]$_DFFE_PP_,register_file,0,0,0,0,,,0.000000,0.000000
cpuregs[28][29]$_DFFE_PP_,register_file,0,0,0,0,,,0.000000,0.000000
cpuregs[28][2]$_DFFE_PP_,pipeline_state,0,0,0,0,,,0.000000,0.000000
cpuregs[28][30]$_DFFE_PP_,register_file,0,0,0,0,,,0.000000,0.000000
cpuregs[28][31]$_DFFE_PP_,pipeline_state,0,0,0,0,,,0.000000,0.000000
cpuregs[28][3]$_DFFE_PP_,pipeline_state,0,0,0,0,,,0.000000,0.000000
cpuregs[28][4]$_DFFE_PP_,register_file,0,0,0,0,,,0.000000,0.000000
cpuregs[28][5]$_DFFE_PP_,register_file,0,0,0,0,,,0.000000,0.000000
cpuregs[28][6]$_DFFE_PP_,register_file,0,0,0,0,,,0.000000,0.000000
cpuregs[28][7]$_DFFE_PP_,pipeline_state,0,0,0,0,,,0.000000,0.000000
cpuregs[28][8]$_DFFE_PP_,pipeline_state,0,0,0,0,,,0.000000,0.000000
cpuregs[28][9]$_DFFE_PP_,register_file,0,0,0,0,,,0.000000,0.000000
cpuregs[29][0]$_DFFE_PP_,register_file,0,0,0,0,,,0.000000,0.000000
cpuregs[29][10]$_DFFE_PP_,register_file,0,0,0,0,,,0.000000,0.000000
cpuregs[29][11]$_DFFE_PP_,pipeline_state,0,0,0,0,,,0.000000,0.000000
cpuregs[29][12]$_DFFE_PP_,pipeline_state,0,0,0,0,,,0.000000,0.000000
cpuregs[29][13]$_DFFE_PP_,register_file,0,0,0,0,,,0.000000,0.000000
cpuregs[29][14]$_DFFE_PP_,register_file,0,0,0,0,,,0.000000,0.000000
cpuregs[29][15]$_DFFE_PP_,pipeline_state,0,0,0,0,,,0.000000,0.000000
cpuregs[29][16]$_DFFE_PP_,pipeline_state,0,0,0,0,,,0.000000,0.000000
cpuregs[29][17]$_DFFE_PP_,pipeline_state,0,0,0,0,,,0.000000,0.000000
cpuregs[29][18]$_DFFE_PP_,register_file,0,0,0,0,,,0.000000,0.000000
cpuregs[29][19]$_DFFE_PP_,pipeline_state,0,0,0,0,,,0.000000,0.000000
cpuregs[29][1]$_DFFE_PP_,pipeline_state,0,0,0,0,,,0.000000,0.000000
cpuregs[29][20]$_DFFE_PP_,register_file,0,0,0,0,,,0.000000,0.000000
cpuregs[29][21]$_DFFE_PP_,register_file,0,0,0,0,,,0.000000,0.000000
cpuregs[29][22]$_DFFE_PP_,register_file,0,0,0,0,,,0.000000,0.000000
cpuregs[29][23]$_DFFE_PP_,pipeline_state,0,0,0,0,,,0.000000,0.000000
cpuregs[29][24]$_DFFE_PP_,pipeline_state,0,0,0,0,,,0.000000,0.000000
cpuregs[29][25]$_DFFE_PP_,register_file,0,0,0,0,,,0.000000,0.000000
cpuregs[29][26]$_DFFE_PP_,register_file,0,0,0,0,,,0.000000,0.000000
cpuregs[29][27]$_DFFE_PP_,register_file,0,0,0,0,,,0.000000,0.000000
cpuregs[29][28]$_DFFE_PP_,register_file,0,0,0,0,,,0.000000,0.000000
cpuregs[29][29]$_DFFE_PP_,register_file,0,0,0,0,,,0.000000,0.000000
cpuregs[29][2]$_DFFE_PP_,pipeline_state,0,0,0,0,,,0.000000,0.000000
cpuregs[29][30]$_DFFE_PP_,register_file,0,0,0,0,,,0.000000,0.000000
cpuregs[29][31]$_DFFE_PP_,pipeline_state,0,0,0,0,,,0.000000,0.000000
cpuregs[29][3]$_DFFE_PP_,pipeline_state,0,0,0,0,,,0.000000,0.000000
cpuregs[29][4]$_DFFE_PP_,register_file,0,0,0,0,,,0.000000,0.000000
cpuregs[29][5]$_DFFE_PP_,register_file,0,0,0,0,,,0.000000,0.000000
cpuregs[29][6]$_DFFE_PP_,register_file,0,0,0,0,,,0.000000,0.000000
cpuregs[29][7]$_DFFE_PP_,pipeline_state,0,0,0,0,,,0.000000,0.000000
cpuregs[29][8]$_DFFE_PP_,pipeline_state,0,0,0,0,,,0.000000,0.000000
cpuregs[29][9]$_DFFE_PP_,register_file,0,0,0,0,,,0.000000,0.000000
cpuregs[2][0]$_DFFE_PP_,register_file,0,0,0,0,,,0.000000,0.000000
cpuregs[2][10]$_DFFE_PP_,register_file,0,0,0,0,,,0.000000,0.000000
cpuregs[2][11]$_DFFE_PP_,pipeline_state,0,0,0,0,,,0.000000,0.000000
cpuregs[2][12]$_DFFE_PP_,pipeline_state,0,0,0,0,,,0.000000,0.000000
cpuregs[2][13]$_DFFE_PP_,register_file,0,0,0,0,,,0.000000,0.000000
cpuregs[2][14]$_DFFE_PP_,register_file,0,0,0,0,,,0.000000,0.000000
cpuregs[2][15]$_DFFE_PP_,pipeline_state,0,0,0,0,,,0.000000,0.000000
cpuregs[2][16]$_DFFE_PP_,pipeline_state,0,0,0,0,,,0.000000,0.000000
cpuregs[2][17]$_DFFE_PP_,pipeline_state,0,0,0,0,,,0.000000,0.000000
cpuregs[2][18]$_DFFE_PP_,register_file,0,0,0,0,,,0.000000,0.000000
cpuregs[2][19]$_DFFE_PP_,pipeline_state,0,0,0,0,,,0.000000,0.000000
cpuregs[2][1]$_DFFE_PP_,pipeline_state,0,0,0,0,,,0.000000,0.000000
cpuregs[2][20]$_DFFE_PP_,register_file,0,0,0,0,,,0.000000,0.000000
cpuregs[2][21]$_DFFE_PP_,register_file,0,0,0,0,,,0.000000,0.000000
cpuregs[2][22]$_DFFE_PP_,register_file,0,0,0,0,,,0.000000,0.000000
cpuregs[2][23]$_DFFE_PP_,pipeline_state,0,0,0,0,,,0.000000,0.000000
cpuregs[2][24]$_DFFE_PP_,pipeline_state,0,0,0,0,,,0.000000,0.000000
cpuregs[2][25]$_DFFE_PP_,register_file,0,0,0,0,,,0.000000,0.000000
cpuregs[2][26]$_DFFE_PP_,register_file,0,0,0,0,,,0.000000,0.000000
cpuregs[2][27]$_DFFE_PP_,register_file,0,0,0,0,,,0.000000,0.000000
cpuregs[2][28]$_DFFE_PP_,register_file,0,0,0,0,,,0.000000,0.000000
cpuregs[2][29]$_DFFE_PP_,register_file,0,0,0,0,,,0.000000,0.000000
cpuregs[2][2]$_DFFE_PP_,pipeline_state,0,0,0,0,,,0.000000,0.000000
cpuregs[2][30]$_DFFE_PP_,register_file,0,0,0,0,,,0.000000,0.000000
cpuregs[2][31]$_DFFE_PP_,pipeline_state,0,0,0,0,,,0.000000,0.000000
cpuregs[2][3]$_DFFE_PP_,pipeline_state,0,0,0,0,,,0.000000,0.000000
cpuregs[2][4]$_DFFE_PP_,register_file,0,0,0,0,,,0.000000,0.000000
cpuregs[2][5]$_DFFE_PP_,register_file,0,0,0,0,,,0.000000,0.000000
cpuregs[2][6]$_DFFE_PP_,register_file,0,0,0,0,,,0.000000,0.000000
cpuregs[2][7]$_DFFE_PP_,pipeline_state,0,0,0,0,,,0.000000,0.000000
cpuregs[2][8]$_DFFE_PP_,pipeline_state,0,0,0,0,,,0.000000,0.000000
cpuregs[2][9]$_DFFE_PP_,register_file,0,0,0,0,,,0.000000,0.000000
cpuregs[30][0]$_DFFE_PP_,register_file,0,0,0,0,,,0.000000,0.000000
cpuregs[30][10]$_DFFE_PP_,register_file,0,0,0,0,,,0.000000,0.000000
cpuregs[30][11]$_DFFE_PP_,pipeline_state,0,0,0,0,,,0.000000,0.000000
cpuregs[30][12]$_DFFE_PP_,pipeline_state,0,0,0,0,,,0.000000,0.000000
cpuregs[30][13]$_DFFE_PP_,register_file,0,0,0,0,,,0.000000,0.000000
cpuregs[30][14]$_DFFE_PP_,register_file,0,0,0,0,,,0.000000,0.000000
cpuregs[30][15]$_DFFE_PP_,pipeline_state,0,0,0,0,,,0.000000,0.000000
cpuregs[30][16]$_DFFE_PP_,pipeline_state,0,0,0,0,,,0.000000,0.000000
cpuregs[30][17]$_DFFE_PP_,pipeline_state,0,0,0,0,,,0.000000,0.000000
cpuregs[30][18]$_DFFE_PP_,register_file,0,0,0,0,,,0.000000,0.000000
cpuregs[30][19]$_DFFE_PP_,pipeline_state,0,0,0,0,,,0.000000,0.000000
cpuregs[30][1]$_DFFE_PP_,pipeline_state,0,0,0,0,,,0.000000,0.000000
cpuregs[30][20]$_DFFE_PP_,register_file,0,0,0,0,,,0.000000,0.000000
cpuregs[30][21]$_DFFE_PP_,register_file,0,0,0,0,,,0.000000,0.000000
cpuregs[30][22]$_DFFE_PP_,register_file,0,0,0,0,,,0.000000,0.000000
cpuregs[30][23]$_DFFE_PP_,pipeline_state,0,0,0,0,,,0.000000,0.000000
cpuregs[30][24]$_DFFE_PP_,pipeline_state,0,0,0,0,,,0.000000,0.000000
cpuregs[30][25]$_DFFE_PP_,register_file,0,0,0,0,,,0.000000,0.000000
cpuregs[30][26]$_DFFE_PP_,register_file,0,0,0,0,,,0.000000,0.000000
cpuregs[30][27]$_DFFE_PP_,register_file,0,0,0,0,,,0.000000,0.000000
cpuregs[30][28]$_DFFE_PP_,register_file,0,0,0,0,,,0.000000,0.000000
cpuregs[30][29]$_DFFE_PP_,register_file,0,0,0,0,,,0.000000,0.000000
cpuregs[30][2]$_DFFE_PP_,pipeline_state,0,0,0,0,,,0.000000,0.000000
cpuregs[30][30]$_DFFE_PP_,register_file,0,0,0,0,,,0.000000,0.000000
cpuregs[30][31]$_DFFE_PP_,pipeline_state,0,0,0,0,,,0.000000,0.000000
cpuregs[30][3]$_DFFE_PP_,pipeline_state,0,0,0,0,,,0.000000,0.000000
cpuregs[30][4]$_DFFE_PP_,register_file,0,0,0,0,,,0.000000,0.000000
cpuregs[30][5]$_DFFE_PP_,register_file,0,0,0,0,,,0.000000,0.000000
cpuregs[30][6]$_DFFE_PP_,register_file,0,0,0,0,,,0.000000,0.000000
cpuregs[30][7]$_DFFE_PP_,pipeline_state,0,0,0,0,,,0.000000,0.000000
cpuregs[30][8]$_DFFE_PP_,pipeline_state,0,0,0,0,,,0.000000,0.000000
cpuregs[30][9]$_DFFE_PP_,register_file,0,0,0,0,,,0.000000,0.000000
cpuregs[31][0]$_DFFE_PP_,register_file,0,0,0,0,,,0.000000,0.000000
cpuregs[31][10]$_DFFE_PP_,register_file,0,0,0,0,,,0.000000,0.000000
cpuregs[31][11]$_DFFE_PP_,pipeline_state,0,0,0,0,,,0.000000,0.000000
cpuregs[31][12]$_DFFE_PP_,pipeline_state,0,0,0,0,,,0.000000,0.000000
cpuregs[31][13]$_DFFE_PP_,register_file,0,0,0,0,,,0.000000,0.000000
cpuregs[31][14]$_DFFE_PP_,register_file,0,0,0,0,,,0.000000,0.000000
cpuregs[31][15]$_DFFE_PP_,pipeline_state,0,0,0,0,,,0.000000,0.000000
cpuregs[31][16]$_DFFE_PP_,pipeline_state,0,0,0,0,,,0.000000,0.000000
cpuregs[31][17]$_DFFE_PP_,pipeline_state,0,0,0,0,,,0.000000,0.000000
cpuregs[31][18]$_DFFE_PP_,register_file,0,0,0,0,,,0.000000,0.000000
cpuregs[31][19]$_DFFE_PP_,pipeline_state,0,0,0,0,,,0.000000,0.000000
cpuregs[31][1]$_DFFE_PP_,pipeline_state,0,0,0,0,,,0.000000,0.000000
cpuregs[31][20]$_DFFE_PP_,register_file,0,0,0,0,,,0.000000,0.000000
cpuregs[31][21]$_DFFE_PP_,register_file,0,0,0,0,,,0.000000,0.000000
cpuregs[31][22]$_DFFE_PP_,register_file,0,0,0,0,,,0.000000,0.000000
cpuregs[31][23]$_DFFE_PP_,pipeline_state,0,0,0,0,,,0.000000,0.000000
cpuregs[31][24]$_DFFE_PP_,pipeline_state,0,0,0,0,,,0.000000,0.000000
cpuregs[31][25]$_DFFE_PP_,register_file,0,0,0,0,,,0.000000,0.000000
cpuregs[31][26]$_DFFE_PP_,register_file,0,0,0,0,,,0.000000,0.000000
cpuregs[31][27]$_DFFE_PP_,register_file,0,0,0,0,,,0.000000,0.000000
cpuregs[31][28]$_DFFE_PP_,register_file,0,0,0,0,,,0.000000,0.000000
cpuregs[31][29]$_DFFE_PP_,register_file,0,0,0,0,,,0.000000,0.000000
cpuregs[31][2]$_DFFE_PP_,pipeline_state,0,0,0,0,,,0.000000,0.000000
cpuregs[31][30]$_DFFE_PP_,register_file,0,0,0,0,,,0.000000,0.000000
cpuregs[31][31]$_DFFE_PP_,pipeline_state,0,0,0,0,,,0.000000,0.000000
cpuregs[31][3]$_DFFE_PP_,pipeline_state,0,0,0,0,,,0.000000,0.000000
cpuregs[31][4]$_DFFE_PP_,register_file,0,0,0,0,,,0.000000,0.000000
cpuregs[31][5]$_DFFE_PP_,register_file,0,0,0,0,,,0.000000,0.000000
cpuregs[31][6]$_DFFE_PP_,register_file,0,0,0,0,,,0.000000,0.000000
cpuregs[31][7]$_DFFE_PP_,pipeline_state,0,0,0,0,,,0.000000,0.000000
cpuregs[31][8]$_DFFE_PP_,pipeline_state,0,0,0,0,,,0.000000,0.000000
cpuregs[31][9]$_DFFE_PP_,register_file,0,0,0,0,,,0.000000,0.000000
cpuregs[3][0]$_DFFE_PP_,register_file,0,0,0,0,,,0.000000,0.000000
cpuregs[3][10]$_DFFE_PP_,register_file,0,0,0,0,,,0.000000,0.000000
cpuregs[3][11]$_DFFE_PP_,pipeline_state,0,0,0,0,,,0.000000,0.000000
cpuregs[3][12]$_DFFE_PP_,pipeline_state,0,0,0,0,,,0.000000,0.000000
cpuregs[3][13]$_DFFE_PP_,register_file,0,0,0,0,,,0.000000,0.000000
cpuregs[3][14]$_DFFE_PP_,register_file,0,0,0,0,,,0.000000,0.000000
cpuregs[3][15]$_DFFE_PP_,pipeline_state,0,0,0,0,,,0.000000,0.000000
cpuregs[3][16]$_DFFE_PP_,pipeline_state,0,0,0,0,,,0.000000,0.000000
cpuregs[3][17]$_DFFE_PP_,pipeline_state,0,0,0,0,,,0.000000,0.000000
cpuregs[3][18]$_DFFE_PP_,register_file,0,0,0,0,,,0.000000,0.000000
cpuregs[3][19]$_DFFE_PP_,pipeline_state,0,0,0,0,,,0.000000,0.000000
cpuregs[3][1]$_DFFE_PP_,pipeline_state,0,0,0,0,,,0.000000,0.000000
cpuregs[3][20]$_DFFE_PP_,register_file,0,0,0,0,,,0.000000,0.000000
cpuregs[3][21]$_DFFE_PP_,register_file,0,0,0,0,,,0.000000,0.000000
cpuregs[3][22]$_DFFE_PP_,register_file,0,0,0,0,,,0.000000,0.000000
cpuregs[3][23]$_DFFE_PP_,pipeline_state,0,0,0,0,,,0.000000,0.000000
cpuregs[3][24]$_DFFE_PP_,pipeline_state,0,0,0,0,,,0.000000,0.000000
cpuregs[3][25]$_DFFE_PP_,register_file,0,0,0,0,,,0.000000,0.000000
cpuregs[3][26]$_DFFE_PP_,register_file,0,0,0,0,,,0.000000,0.000000
cpuregs[3][27]$_DFFE_PP_,register_file,0,0,0,0,,,0.000000,0.000000
cpuregs[3][28]$_DFFE_PP_,register_file,0,0,0,0,,,0.000000,0.000000
cpuregs[3][29]$_DFFE_PP_,register_file,0,0,0,0,,,0.000000,0.000000
cpuregs[3][2]$_DFFE_PP_,pipeline_state,0,0,0,0,,,0.000000,0.000000
cpuregs[3][30]$_DFFE_PP_,register_file,0,0,0,0,,,0.000000,0.000000
cpuregs[3][31]$_DFFE_PP_,pipeline_state,0,0,0,0,,,0.000000,0.000000
cpuregs[3][3]$_DFFE_PP_,pipeline_state,0,0,0,0,,,0.000000,0.000000
cpuregs[3][4]$_DFFE_PP_,register_file,0,0,0,0,,,0.000000,0.000000
cpuregs[3][5]$_DFFE_PP_,register_file,0,0,0,0,,,0.000000,0.000000
cpuregs[3][6]$_DFFE_PP_,register_file,0,0,0,0,,,0.000000,0.000000
cpuregs[3][7]$_DFFE_PP_,pipeline_state,0,0,0,0,,,0.000000,0.000000
cpuregs[3][8]$_DFFE_PP_,pipeline_state,0,0,0,0,,,0.000000,0.000000
cpuregs[3][9]$_DFFE_PP_,register_file,0,0,0,0,,,0.000000,0.000000
cpuregs[4][0]$_DFFE_PP_,register_file,0,0,0,0,,,0.000000,0.000000
cpuregs[4][10]$_DFFE_PP_,register_file,0,0,0,0,,,0.000000,0.000000
cpuregs[4][11]$_DFFE_PP_,pipeline_state,0,0,0,0,,,0.000000,0.000000
cpuregs[4][12]$_DFFE_PP_,pipeline_state,0,0,0,0,,,0.000000,0.000000
cpuregs[4][13]$_DFFE_PP_,register_file,0,0,0,0,,,0.000000,0.000000
cpuregs[4][14]$_DFFE_PP_,register_file,0,0,0,0,,,0.000000,0.000000
cpuregs[4][15]$_DFFE_PP_,pipeline_state,0,0,0,0,,,0.000000,0.000000
cpuregs[4][16]$_DFFE_PP_,pipeline_state,0,0,0,0,,,0.000000,0.000000
cpuregs[4][17]$_DFFE_PP_,pipeline_state,0,0,0,0,,,0.000000,0.000000
cpuregs[4][18]$_DFFE_PP_,register_file,0,0,0,0,,,0.000000,0.000000
cpuregs[4][19]$_DFFE_PP_,pipeline_state,0,0,0,0,,,0.000000,0.000000
cpuregs[4][1]$_DFFE_PP_,pipeline_state,0,0,0,0,,,0.000000,0.000000
cpuregs[4][20]$_DFFE_PP_,register_file,0,0,0,0,,,0.000000,0.000000
cpuregs[4][21]$_DFFE_PP_,register_file,0,0,0,0,,,0.000000,0.000000
cpuregs[4][22]$_DFFE_PP_,register_file,0,0,0,0,,,0.000000,0.000000
cpuregs[4][23]$_DFFE_PP_,pipeline_state,0,0,0,0,,,0.000000,0.000000
cpuregs[4][24]$_DFFE_PP_,pipeline_state,0,0,0,0,,,0.000000,0.000000
cpuregs[4][25]$_DFFE_PP_,register_file,0,0,0,0,,,0.000000,0.000000
cpuregs[4][26]$_DFFE_PP_,register_file,0,0,0,0,,,0.000000,0.000000
cpuregs[4][27]$_DFFE_PP_,register_file,0,0,0,0,,,0.000000,0.000000
cpuregs[4][28]$_DFFE_PP_,register_file,0,0,0,0,,,0.000000,0.000000
cpuregs[4][29]$_DFFE_PP_,register_file,0,0,0,0,,,0.000000,0.000000
cpuregs[4][2]$_DFFE_PP_,pipeline_state,0,0,0,0,,,0.000000,0.000000
cpuregs[4][30]$_DFFE_PP_,register_file,0,0,0,0,,,0.000000,0.000000
cpuregs[4][31]$_DFFE_PP_,pipeline_state,0,0,0,0,,,0.000000,0.000000
cpuregs[4][3]$_DFFE_PP_,pipeline_state,0,0,0,0,,,0.000000,0.000000
cpuregs[4][4]$_DFFE_PP_,register_file,0,0,0,0,,,0.000000,0.000000
cpuregs[4][5]$_DFFE_PP_,register_file,0,0,0,0,,,0.000000,0.000000
cpuregs[4][6]$_DFFE_PP_,register_file,0,0,0,0,,,0.000000,0.000000
cpuregs[4][7]$_DFFE_PP_,pipeline_state,0,0,0,0,,,0.000000,0.000000
cpuregs[4][8]$_DFFE_PP_,pipeline_state,0,0,0,0,,,0.000000,0.000000
cpuregs[4][9]$_DFFE_PP_,register_file,0,0,0,0,,,0.000000,0.000000
cpuregs[5][0]$_DFFE_PP_,register_file,0,0,0,0,,,0.000000,0.000000
cpuregs[5][10]$_DFFE_PP_,register_file,0,0,0,0,,,0.000000,0.000000
cpuregs[5][11]$_DFFE_PP_,pipeline_state,0,0,0,0,,,0.000000,0.000000
cpuregs[5][12]$_DFFE_PP_,pipeline_state,0,0,0,0,,,0.000000,0.000000
cpuregs[5][13]$_DFFE_PP_,register_file,0,0,0,0,,,0.000000,0.000000
cpuregs[5][14]$_DFFE_PP_,register_file,0,0,0,0,,,0.000000,0.000000
cpuregs[5][15]$_DFFE_PP_,pipeline_state,0,0,0,0,,,0.000000,0.000000
cpuregs[5][16]$_DFFE_PP_,pipeline_state,0,0,0,0,,,0.000000,0.000000
cpuregs[5][17]$_DFFE_PP_,pipeline_state,0,0,0,0,,,0.000000,0.000000
cpuregs[5][18]$_DFFE_PP_,register_file,0,0,0,0,,,0.000000,0.000000
cpuregs[5][19]$_DFFE_PP_,pipeline_state,0,0,0,0,,,0.000000,0.000000
cpuregs[5][1]$_DFFE_PP_,pipeline_state,0,0,0,0,,,0.000000,0.000000
cpuregs[5][20]$_DFFE_PP_,register_file,0,0,0,0,,,0.000000,0.000000
cpuregs[5][21]$_DFFE_PP_,register_file,0,0,0,0,,,0.000000,0.000000
cpuregs[5][22]$_DFFE_PP_,register_file,0,0,0,0,,,0.000000,0.000000
cpuregs[5][23]$_DFFE_PP_,pipeline_state,0,0,0,0,,,0.000000,0.000000
cpuregs[5][24]$_DFFE_PP_,pipeline_state,0,0,0,0,,,0.000000,0.000000
cpuregs[5][25]$_DFFE_PP_,register_file,0,0,0,0,,,0.000000,0.000000
cpuregs[5][26]$_DFFE_PP_,register_file,0,0,0,0,,,0.000000,0.000000
cpuregs[5][27]$_DFFE_PP_,register_file,0,0,0,0,,,0.000000,0.000000
cpuregs[5][28]$_DFFE_PP_,register_file,0,0,0,0,,,0.000000,0.000000
cpuregs[5][29]$_DFFE_PP_,register_file,0,0,0,0,,,0.000000,0.000000
cpuregs[5][2]$_DFFE_PP_,pipeline_state,0,0,0,0,,,0.000000,0.000000
cpuregs[5][30]$_DFFE_PP_,register_file,0,0,0,0,,,0.000000,0.000000
cpuregs[5][31]$_DFFE_PP_,pipeline_state,0,0,0,0,,,0.000000,0.000000
cpuregs[5][3]$_DFFE_PP_,pipeline_state,0,0,0,0,,,0.000000,0.000000
cpuregs[5][4]$_DFFE_PP_,register_file,0,0,0,0,,,0.000000,0.000000
cpuregs[5][5]$_DFFE_PP_,register_file,0,0,0,0,,,0.000000,0.000000
cpuregs[5][6]$_DFFE_PP_,register_file,0,0,0,0,,,0.000000,0.000000
cpuregs[5][7]$_DFFE_PP_,pipeline_state,0,0,0,0,,,0.000000,0.000000
cpuregs[5][8]$_DFFE_PP_,pipeline_state,0,0,0,0,,,0.000000,0.000000
cpuregs[5][9]$_DFFE_PP_,register_file,0,0,0,0,,,0.000000,0.000000
cpuregs[6][0]$_DFFE_PP_,register_file,0,0,0,0,,,0.000000,0.000000
cpuregs[6][10]$_DFFE_PP_,register_file,0,0,0,0,,,0.000000,0.000000
cpuregs[6][11]$_DFFE_PP_,pipeline_state,0,0,0,0,,,0.000000,0.000000
cpuregs[6][12]$_DFFE_PP_,pipeline_state,0,0,0,0,,,0.000000,0.000000
cpuregs[6][13]$_DFFE_PP_,register_file,0,0,0,0,,,0.000000,0.000000
cpuregs[6][14]$_DFFE_PP_,register_file,0,0,0,0,,,0.000000,0.000000
cpuregs[6][15]$_DFFE_PP_,pipeline_state,0,0,0,0,,,0.000000,0.000000
cpuregs[6][16]$_DFFE_PP_,pipeline_state,0,0,0,0,,,0.000000,0.000000
cpuregs[6][17]$_DFFE_PP_,pipeline_state,0,0,0,0,,,0.000000,0.000000
cpuregs[6][18]$_DFFE_PP_,register_file,0,0,0,0,,,0.000000,0.000000
cpuregs[6][19]$_DFFE_PP_,pipeline_state,0,0,0,0,,,0.000000,0.000000
cpuregs[6][1]$_DFFE_PP_,pipeline_state,0,0,0,0,,,0.000000,0.000000
cpuregs[6][20]$_DFFE_PP_,register_file,0,0,0,0,,,0.000000,0.000000
cpuregs[6][21]$_DFFE_PP_,register_file,0,0,0,0,,,0.000000,0.000000
cpuregs[6][22]$_DFFE_PP_,register_file,0,0,0,0,,,0.000000,0.000000
cpuregs[6][23]$_DFFE_PP_,pipeline_state,0,0,0,0,,,0.000000,0.000000
cpuregs[6][24]$_DFFE_PP_,pipeline_state,0,0,0,0,,,0.000000,0.000000
cpuregs[6][25]$_DFFE_PP_,register_file,0,0,0,0,,,0.000000,0.000000
cpuregs[6][26]$_DFFE_PP_,register_file,0,0,0,0,,,0.000000,0.000000
cpuregs[6][27]$_DFFE_PP_,register_file,0,0,0,0,,,0.000000,0.000000
cpuregs[6][28]$_DFFE_PP_,register_file,0,0,0,0,,,0.000000,0.000000
cpuregs[6][29]$_DFFE_PP_,register_file,0,0,0,0,,,0.000000,0.000000
cpuregs[6][2]$_DFFE_PP_,pipeline_state,0,0,0,0,,,0.000000,0.000000
cpuregs[6][30]$_DFFE_PP_,register_file,0,0,0,0,,,0.000000,0.000000
cpuregs[6][31]$_DFFE_PP_,pipeline_state,0,0,0,0,,,0.000000,0.000000
cpuregs[6][3]$_DFFE_PP_,pipeline_state,0,0,0,0,,,0.000000,0.000000
cpuregs[6][4]$_DFFE_PP_,register_file,0,0,0,0,,,0.000000,0.000000
cpuregs[6][5]$_DFFE_PP_,register_file,0,0,0,0,,,0.000000,0.000000
cpuregs[6][6]$_DFFE_PP_,register_file,0,0,0,0,,,0.000000,0.000000
cpuregs[6][7]$_DFFE_PP_,pipeline_state,0,0,0,0,,,0.000000,0.000000
cpuregs[6][8]$_DFFE_PP_,pipeline_state,0,0,0,0,,,0.000000,0.000000
cpuregs[6][9]$_DFFE_PP_,register_file,0,0,0,0,,,0.000000,0.000000
cpuregs[7][0]$_DFFE_PP_,register_file,0,0,0,0,,,0.000000,0.000000
cpuregs[7][10]$_DFFE_PP_,register_file,0,0,0,0,,,0.000000,0.000000
cpuregs[7][11]$_DFFE_PP_,pipeline_state,0,0,0,0,,,0.000000,0.000000
cpuregs[7][12]$_DFFE_PP_,pipeline_state,0,0,0,0,,,0.000000,0.000000
cpuregs[7][13]$_DFFE_PP_,register_file,0,0,0,0,,,0.000000,0.000000
cpuregs[7][14]$_DFFE_PP_,register_file,0,0,0,0,,,0.000000,0.000000
cpuregs[7][15]$_DFFE_PP_,pipeline_state,0,0,0,0,,,0.000000,0.000000
cpuregs[7][16]$_DFFE_PP_,pipeline_state,0,0,0,0,,,0.000000,0.000000
cpuregs[7][17]$_DFFE_PP_,pipeline_state,0,0,0,0,,,0.000000,0.000000
cpuregs[7][18]$_DFFE_PP_,register_file,0,0,0,0,,,0.000000,0.000000
cpuregs[7][19]$_DFFE_PP_,pipeline_state,0,0,0,0,,,0.000000,0.000000
cpuregs[7][1]$_DFFE_PP_,pipeline_state,0,0,0,0,,,0.000000,0.000000
cpuregs[7][20]$_DFFE_PP_,register_file,0,0,0,0,,,0.000000,0.000000
cpuregs[7][21]$_DFFE_PP_,register_file,0,0,0,0,,,0.000000,0.000000
cpuregs[7][22]$_DFFE_PP_,register_file,0,0,0,0,,,0.000000,0.000000
cpuregs[7][23]$_DFFE_PP_,pipeline_state,0,0,0,0,,,0.000000,0.000000
cpuregs[7][24]$_DFFE_PP_,pipeline_state,0,0,0,0,,,0.000000,0.000000
cpuregs[7][25]$_DFFE_PP_,register_file,0,0,0,0,,,0.000000,0.000000
cpuregs[7][26]$_DFFE_PP_,register_file,0,0,0,0,,,0.000000,0.000000
cpuregs[7][27]$_DFFE_PP_,register_file,0,0,0,0,,,0.000000,0.000000
cpuregs[7][28]$_DFFE_PP_,register_file,0,0,0,0,,,0.000000,0.000000
cpuregs[7][29]$_DFFE_PP_,register_file,0,0,0,0,,,0.000000,0.000000
cpuregs[7][2]$_DFFE_PP_,pipeline_state,0,0,0,0,,,0.000000,0.000000
cpuregs[7][30]$_DFFE_PP_,register_file,0,0,0,0,,,0.000000,0.000000
cpuregs[7][31]$_DFFE_PP_,pipeline_state,0,0,0,0,,,0.000000,0.000000
cpuregs[7][3]$_DFFE_PP_,pipeline_state,0,0,0,0,,,0.000000,0.000000
cpuregs[7][4]$_DFFE_PP_,register_file,0,0,0,0,,,0.000000,0.000000
cpuregs[7][5]$_DFFE_PP_,register_file,0,0,0,0,,,0.000000,0.000000
cpuregs[7][6]$_DFFE_PP_,register_file,0,0,0,0,,,0.000000,0.000000
cpuregs[7][7]$_DFFE_PP_,pipeline_state,0,0,0,0,,,0.000000,0.000000
cpuregs[7][8]$_DFFE_PP_,pipeline_state,0,0,0,0,,,0.000000,0.000000
cpuregs[7][9]$_DFFE_PP_,register_file,0,0,0,0,,,0.000000,0.000000
cpuregs[8][0]$_DFFE_PP_,register_file,0,0,0,0,,,0.000000,0.000000
cpuregs[8][10]$_DFFE_PP_,register_file,0,0,0,0,,,0.000000,0.000000
cpuregs[8][11]$_DFFE_PP_,pipeline_state,0,0,0,0,,,0.000000,0.000000
cpuregs[8][12]$_DFFE_PP_,pipeline_state,0,0,0,0,,,0.000000,0.000000
cpuregs[8][13]$_DFFE_PP_,register_file,0,0,0,0,,,0.000000,0.000000
cpuregs[8][14]$_DFFE_PP_,register_file,0,0,0,0,,,0.000000,0.000000
cpuregs[8][15]$_DFFE_PP_,pipeline_state,0,0,0,0,,,0.000000,0.000000
cpuregs[8][16]$_DFFE_PP_,pipeline_state,0,0,0,0,,,0.000000,0.000000
cpuregs[8][17]$_DFFE_PP_,pipeline_state,0,0,0,0,,,0.000000,0.000000
cpuregs[8][18]$_DFFE_PP_,register_file,0,0,0,0,,,0.000000,0.000000
cpuregs[8][19]$_DFFE_PP_,pipeline_state,0,0,0,0,,,0.000000,0.000000
cpuregs[8][1]$_DFFE_PP_,pipeline_state,0,0,0,0,,,0.000000,0.000000
cpuregs[8][20]$_DFFE_PP_,register_file,0,0,0,0,,,0.000000,0.000000
cpuregs[8][21]$_DFFE_PP_,register_file,0,0,0,0,,,0.000000,0.000000
cpuregs[8][22]$_DFFE_PP_,register_file,0,0,0,0,,,0.000000,0.000000
cpuregs[8][23]$_DFFE_PP_,pipeline_state,0,0,0,0,,,0.000000,0.000000
cpuregs[8][24]$_DFFE_PP_,pipeline_state,0,0,0,0,,,0.000000,0.000000
cpuregs[8][25]$_DFFE_PP_,register_file,0,0,0,0,,,0.000000,0.000000
cpuregs[8][26]$_DFFE_PP_,register_file,0,0,0,0,,,0.000000,0.000000
cpuregs[8][27]$_DFFE_PP_,register_file,0,0,0,0,,,0.000000,0.000000
cpuregs[8][28]$_DFFE_PP_,register_file,0,0,0,0,,,0.000000,0.000000
cpuregs[8][29]$_DFFE_PP_,register_file,0,0,0,0,,,0.000000,0.000000
cpuregs[8][2]$_DFFE_PP_,pipeline_state,0,0,0,0,,,0.000000,0.000000
cpuregs[8][30]$_DFFE_PP_,register_file,0,0,0,0,,,0.000000,0.000000
cpuregs[8][31]$_DFFE_PP_,pipeline_state,0,0,0,0,,,0.000000,0.000000
cpuregs[8][3]$_DFFE_PP_,pipeline_state,0,0,0,0,,,0.000000,0.000000
cpuregs[8][4]$_DFFE_PP_,register_file,0,0,0,0,,,0.000000,0.000000
cpuregs[8][5]$_DFFE_PP_,register_file,0,0,0,0,,,0.000000,0.000000
cpuregs[8][6]$_DFFE_PP_,register_file,0,0,0,0,,,0.000000,0.000000
cpuregs[8][7]$_DFFE_PP_,pipeline_state,0,0,0,0,,,0.000000,0.000000
cpuregs[8][8]$_DFFE_PP_,pipeline_state,0,0,0,0,,,0.000000,0.000000
cpuregs[8][9]$_DFFE_PP_,register_file,0,0,0,0,,,0.000000,0.000000
cpuregs[9][0]$_DFFE_PP_,register_file,0,0,0,0,,,0.000000,0.000000
cpuregs[9][10]$_DFFE_PP_,register_file,0,0,0,0,,,0.000000,0.000000
cpuregs[9][11]$_DFFE_PP_,pipeline_state,0,0,0,0,,,0.000000,0.000000
cpuregs[9][12]$_DFFE_PP_,pipeline_state,0,0,0,0,,,0.000000,0.000000
cpuregs[9][13]$_DFFE_PP_,register_file,0,0,0,0,,,0.000000,0.000000
cpuregs[9][14]$_DFFE_PP_,register_file,0,0,0,0,,,0.000000,0.000000
cpuregs[9][15]$_DFFE_PP_,pipeline_state,0,0,0,0,,,0.000000,0.000000
cpuregs[9][16]$_DFFE_PP_,pipeline_state,0,0,0,0,,,0.000000,0.000000
cpuregs[9][17]$_DFFE_PP_,pipeline_state,0,0,0,0,,,0.000000,0.000000
cpuregs[9][18]$_DFFE_PP_,register_file,0,0,0,0,,,0.000000,0.000000
cpuregs[9][19]$_DFFE_PP_,pipeline_state,0,0,0,0,,,0.000000,0.000000
cpuregs[9][1]$_DFFE_PP_,pipeline_state,0,0,0,0,,,0.000000,0.000000
cpuregs[9][20]$_DFFE_PP_,register_file,0,0,0,0,,,0.000000,0.000000
cpuregs[9][21]$_DFFE_PP_,register_file,0,0,0,0,,,0.000000,0.000000
cpuregs[9][22]$_DFFE_PP_,register_file,0,0,0,0,,,0.000000,0.000000
cpuregs[9][23]$_DFFE_PP_,pipeline_state,0,0,0,0,,,0.000000,0.000000
cpuregs[9][24]$_DFFE_PP_,pipeline_state,0,0,0,0,,,0.000000,0.000000
cpuregs[9][25]$_DFFE_PP_,register_file,0,0,0,0,,,0.000000,0.000000
cpuregs[9][26]$_DFFE_PP_,register_file,0,0,0,0,,,0.000000,0.000000
cpuregs[9][27]$_DFFE_PP_,register_file,0,0,0,0,,,0.000000,0.000000
cpuregs[9][28]$_DFFE_PP_,register_file,0,0,0,0,,,0.000000,0.000000
cpuregs[9][29]$_DFFE_PP_,register_file,0,0,0,0,,,0.000000,0.000000
cpuregs[9][2]$_DFFE_PP_,pipeline_state,0,0,0,0,,,0.000000,0.000000
cpuregs[9][30]$_DFFE_PP_,register_file,0,0,0,0,,,0.000000,0.000000
cpuregs[9][31]$_DFFE_PP_,pipeline_state,0,0,0,0,,,0.000000,0.000000
cpuregs[9][3]$_DFFE_PP_,pipeline_state,0,0,0,0,,,0.000000,0.000000
cpuregs[9][4]$_DFFE_PP_,register_file,0,0,0,0,,,0.000000,0.000000
cpuregs[9][5]$_DFFE_PP_,register_file,0,0,0,0,,,0.000000,0.000000
cpuregs[9][6]$_DFFE_PP_,register_file,0,0,0,0,,,0.000000,0.000000
cpuregs[9][7]$_DFFE_PP_,pipeline_state,0,0,0,0,,,0.000000,0.000000
cpuregs[9][8]$_DFFE_PP_,pipeline_state,0,0,0,0,,,0.000000,0.000000
cpuregs[9][9]$_DFFE_PP_,register_file,0,0,0,0,,,0.000000,0.000000
decoded_imm[0]$_DFFE_PP_,decode_control,0,0,0,0,,,0.000000,0.000000
decoded_imm[10]$_SDFFCE_PN0P_,decode_control,0,0,0,0,,,0.000000,0.000000
decoded_imm[11]$_SDFFCE_PN0P_,decode_control,0,0,0,0,,,0.000000,0.000000
decoded_imm[12]$_SDFFCE_PN0P_,decode_control,0,0,0,0,,,0.000000,0.000000
decoded_imm[13]$_SDFFCE_PN0P_,decode_control,0,0,0,0,,,0.000000,0.000000
decoded_imm[14]$_SDFFCE_PN0P_,decode_control,0,0,0,0,,,0.000000,0.000000
decoded_imm[15]$_SDFFCE_PN0P_,decode_control,0,0,0,0,,,0.000000,0.000000
decoded_imm[16]$_SDFFCE_PN0P_,decode_control,0,0,0,0,,,0.000000,0.000000
decoded_imm[17]$_SDFFCE_PN0P_,decode_control,0,0,0,0,,,0.000000,0.000000
decoded_imm[18]$_SDFFCE_PN0P_,decode_control,0,0,0,0,,,0.000000,0.000000
decoded_imm[19]$_SDFFCE_PN0P_,decode_control,0,0,0,0,,,0.000000,0.000000
decoded_imm[1]$_SDFFCE_PN0P_,decode_control,0,0,0,0,,,0.000000,0.000000
decoded_imm[20]$_SDFFCE_PN0P_,decode_control,0,0,0,0,,,0.000000,0.000000
decoded_imm[21]$_SDFFCE_PN0P_,decode_control,0,0,0,0,,,0.000000,0.000000
decoded_imm[22]$_SDFFCE_PN0P_,decode_control,0,0,0,0,,,0.000000,0.000000
decoded_imm[23]$_SDFFCE_PN0P_,decode_control,0,0,0,0,,,0.000000,0.000000
decoded_imm[24]$_SDFFCE_PN0P_,decode_control,0,0,0,0,,,0.000000,0.000000
decoded_imm[25]$_SDFFCE_PN0P_,decode_control,0,0,0,0,,,0.000000,0.000000
decoded_imm[26]$_SDFFCE_PN0P_,decode_control,0,0,0,0,,,0.000000,0.000000
decoded_imm[27]$_SDFFCE_PN0P_,decode_control,0,0,0,0,,,0.000000,0.000000
decoded_imm[28]$_SDFFCE_PN0P_,decode_control,0,0,0,0,,,0.000000,0.000000
decoded_imm[29]$_SDFFCE_PN0P_,decode_control,0,0,0,0,,,0.000000,0.000000
decoded_imm[2]$_SDFFCE_PN0P_,decode_control,0,0,0,0,,,0.000000,0.000000
decoded_imm[30]$_SDFFCE_PN0P_,decode_control,0,0,0,0,,,0.000000,0.000000
decoded_imm[31]$_SDFFCE_PN0P_,decode_control,0,0,0,0,,,0.000000,0.000000
decoded_imm[3]$_SDFFCE_PN0P_,decode_control,0,0,0,0,,,0.000000,0.000000
decoded_imm[4]$_SDFFCE_PN0P_,decode_control,0,0,0,0,,,0.000000,0.000000
decoded_imm[5]$_SDFFCE_PN0P_,decode_control,0,0,0,0,,,0.000000,0.000000
decoded_imm[6]$_SDFFCE_PN0P_,decode_control,0,0,0,0,,,0.000000,0.000000
decoded_imm[7]$_SDFFCE_PN0P_,decode_control,0,0,0,0,,,0.000000,0.000000
decoded_imm[8]$_SDFFCE_PN0P_,decode_control,0,0,0,0,,,0.000000,0.000000
decoded_imm[9]$_SDFFCE_PN0P_,decode_control,0,0,0,0,,,0.000000,0.000000
decoded_imm_j[10]$_DFFE_PP_,register_file,0,1,0,1,,0.249300,0.000000,0.000000
decoded_imm_j[12]$_DFFE_PP_,register_file,0,0,0,0,,,0.000000,0.000000
decoded_imm_j[13]$_DFFE_PP_,register_file,0,0,0,0,,,0.000000,0.000000
decoded_imm_j[14]$_DFFE_PP_,register_file,0,0,0,0,,,0.000000,0.000000
decoded_imm_j[19]$_DFFE_PP_,register_file,0,1,0,1,,0.323000,0.000000,0.000000
decoded_imm_j[20]$_DFFE_PP_,register_file,0,1,0,1,,0.166800,0.000000,0.000000
decoded_imm_j[4]$_DFFE_PP_,register_file,0,1,0,1,,0.352600,0.000000,0.000000
decoded_imm_j[5]$_DFFE_PP_,register_file,0,1,0,1,,0.208800,0.000000,0.000000
decoded_imm_j[6]$_DFFE_PP_,register_file,0,1,0,1,,0.235600,0.000000,0.000000
decoded_imm_j[7]$_DFFE_PP_,register_file,0,1,0,1,,0.370800,0.000000,0.000000
decoded_imm_j[8]$_DFFE_PP_,register_file,0,1,0,1,,0.284100,0.000000,0.000000
decoded_imm_j[9]$_DFFE_PP_,register_file,0,1,0,1,,0.320600,0.000000,0.000000
decoded_rd[0]$_DFFE_PP_,register_file,0,0,0,0,,,0.000000,0.000000
decoded_rd[1]$_DFFE_PP_,register_file,0,1,0,1,,0.349900,0.000000,0.000000
decoded_rd[2]$_DFFE_PP_,register_file,0,1,0,1,,0.281700,0.000000,0.000000
decoded_rd[3]$_DFFE_PP_,register_file,0,1,0,1,,0.337700,0.000000,0.000000
decoded_rd[4]$_DFFE_PP_,register_file,0,1,0,1,,0.288200,0.000000,0.000000
decoded_rs1[0]$_DFFE_PP_,register_file,0,1,0,1,,0.339300,0.000000,0.000000
decoded_rs1[1]$_DFFE_PP_,register_file,0,0,0,0,,,0.000000,0.000000
decoded_rs1[2]$_DFFE_PP_,register_file,0,1,0,1,,0.350400,0.000000,0.000000
decoded_rs1[3]$_DFFE_PP_,register_file,0,1,0,1,,0.347300,0.000000,0.000000
decoded_rs2[0]$_DFFE_PP_,register_file,0,0,0,0,,,0.000000,0.000000
decoded_rs2[1]$_DFFE_PP_,register_file,0,0,0,0,,,0.000000,0.000000
decoded_rs2[2]$_DFFE_PP_,register_file,0,1,0,1,,0.353800,0.000000,0.000000
decoded_rs2[3]$_DFFE_PP_,register_file,0,0,0,0,,,0.000000,0.000000
decoder_pseudo_trigger$_SDFF_PN0_,decode_control,0,0,0,0,,,0.000000,0.000000
decoder_trigger$_DFF_P_,decode_control,1,0,0,1,5.206300,,0.161127,0.076206
hold783,unclassified,0,4,0,0,,0.119400,0.000000,0.000000
hold784,register_file,0,0,0,0,,,0.000000,0.000000
hold785,register_file,0,0,0,0,,,0.000000,0.000000
hold786,register_file,0,0,0,0,,,0.000000,0.000000
hold787,register_file,0,0,0,0,,,0.000000,0.000000
hold788,register_file,0,0,0,0,,,0.000000,0.000000
hold789,register_file,0,0,0,0,,,0.000000,0.000000
hold790,register_file,0,0,0,0,,,0.000000,0.000000
hold791,register_file,0,0,0,0,,,0.000000,0.000000
hold792,pipeline_state,0,0,0,0,,,0.000000,0.000000
hold793,register_file,0,0,0,0,,,0.000000,0.000000
hold794,register_file,0,0,0,0,,,0.000000,0.000000
hold795,register_file,0,0,0,0,,,0.000000,0.000000
input139,generated_control,0,0,0,0,,,0.000000,0.000000
input140,register_file,0,2,0,0,,0.271200,0.000000,0.000000
input141,register_file,0,2,0,0,,0.217100,0.000000,0.000000
input142,generated_control,0,0,0,0,,,0.000000,0.000000
input143,generated_control,0,0,0,0,,,0.000000,0.000000
input144,generated_control,0,0,0,0,,,0.000000,0.000000
input145,register_file,0,3,0,0,,0.242200,0.000000,0.000000
input146,register_file,0,1,0,0,,0.420000,0.000000,0.000000
input147,register_file,0,4,0,0,,0.284200,0.000000,0.000000
input148,register_file,0,4,0,0,,0.266800,0.000000,0.000000
input149,register_file,0,3,0,0,,0.291100,0.000000,0.000000
input150,generated_control,0,0,0,0,,,0.000000,0.000000
input151,register_file,0,1,0,0,,0.437700,0.000000,0.000000
input152,register_file,0,0,0,0,,,0.000000,0.000000
input153,register_file,0,4,0,0,,0.267700,0.000000,0.000000
input154,register_file,0,1,0,0,,0.432800,0.000000,0.000000
input155,register_file,0,2,0,0,,0.210400,0.000000,0.000000
input156,register_file,0,3,0,0,,0.134000,0.000000,0.000000
input157,register_file,0,2,0,0,,0.171500,0.000000,0.000000
input158,register_file,0,2,0,0,,0.328400,0.000000,0.000000
input159,register_file,0,2,0,0,,0.225500,0.000000,0.000000
input160,register_file,0,2,0,0,,0.267400,0.000000,0.000000
input161,generated_control,0,0,0,0,,,0.000000,0.000000
input162,register_file,0,2,0,0,,0.170900,0.000000,0.000000
input163,register_file,0,2,0,0,,0.080600,0.000000,0.000000
input164,generated_control,0,0,0,0,,,0.000000,0.000000
input165,generated_control,0,0,0,0,,,0.000000,0.000000
input166,generated_control,0,0,0,0,,,0.000000,0.000000
input167,generated_control,0,0,0,0,,,0.000000,0.000000
input168,generated_control,0,0,0,0,,,0.000000,0.000000
input169,register_file,0,2,0,0,,0.235300,0.000000,0.000000
input170,register_file,0,2,0,0,,0.201600,0.000000,0.000000
input171,generated_control,0,0,0,0,,,0.000000,0.000000
input172,generated_control,0,4,0,0,,0.119400,0.000000,0.000000
instr_add$_SDFFE_PN0P_,fetch,0,0,0,0,,,0.000000,0.000000
instr_addi$_SDFFE_PN0P_,fetch,0,0,0,0,,,0.000000,0.000000
instr_and$_SDFFE_PN0P_,fetch,0,0,0,0,,,0.000000,0.000000
instr_andi$_SDFFE_PN0P_,fetch,0,0,0,0,,,0.000000,0.000000
instr_auipc$_DFFE_PP_,fetch,0,0,0,0,,,0.000000,0.000000
instr_beq$_SDFFE_PN0P_,fetch,0,0,0,0,,,0.000000,0.000000
instr_bge$_SDFFE_PN0P_,fetch,0,0,0,0,,,0.000000,0.000000
instr_bgeu$_SDFFE_PN0P_,fetch,0,0,0,0,,,0.000000,0.000000
instr_blt$_SDFFE_PN0P_,fetch,0,0,0,0,,,0.000000,0.000000
instr_bltu$_SDFFE_PN0P_,fetch,0,0,0,0,,,0.000000,0.000000
instr_bne$_SDFFE_PN0P_,fetch,0,0,0,0,,,0.000000,0.000000
instr_fence$_SDFFE_PN0P_,fetch,0,0,0,0,,,0.000000,0.000000
instr_jal$_DFFE_PP_,fetch,0,0,0,0,,,0.000000,0.000000
instr_jalr$_DFFE_PP_,fetch,0,0,0,0,,,0.000000,0.000000
instr_lb$_DFFE_PP_,fetch,0,0,0,0,,,0.000000,0.000000
instr_lbu$_DFFE_PP_,fetch,0,0,0,0,,,0.000000,0.000000
instr_lh$_DFFE_PP_,fetch,0,0,0,0,,,0.000000,0.000000
instr_lhu$_DFFE_PP_,fetch,0,0,0,0,,,0.000000,0.000000
instr_lui$_DFFE_PP_,fetch,0,0,0,0,,,0.000000,0.000000
instr_lw$_DFFE_PP_,fetch,0,0,0,0,,,0.000000,0.000000
instr_or$_SDFFE_PN0P_,fetch,0,0,0,0,,,0.000000,0.000000
instr_ori$_SDFFE_PN0P_,fetch,0,0,0,0,,,0.000000,0.000000
instr_rdcycle$_DFFE_PP_,fetch,0,0,0,0,,,0.000000,0.000000
instr_rdcycleh$_DFFE_PP_,fetch,0,0,0,0,,,0.000000,0.000000
instr_rdinstr$_DFFE_PP_,fetch,0,0,0,0,,,0.000000,0.000000
instr_rdinstrh$_DFFE_PP_,fetch,0,0,0,0,,,0.000000,0.000000
instr_sb$_DFFE_PP_,fetch,0,0,0,0,,,0.000000,0.000000
instr_sh$_DFFE_PP_,fetch,0,0,0,0,,,0.000000,0.000000
instr_sll$_SDFFE_PN0P_,fetch,0,0,0,0,,,0.000000,0.000000
instr_slli$_DFFE_PP_,fetch,0,0,0,0,,,0.000000,0.000000
instr_slt$_SDFFE_PN0P_,fetch,0,0,0,0,,,0.000000,0.000000
instr_slti$_SDFFE_PN0P_,fetch,0,0,0,0,,,0.000000,0.000000
instr_sltiu$_SDFFE_PN0P_,fetch,0,0,0,0,,,0.000000,0.000000
instr_sltu$_SDFFE_PN0P_,fetch,0,0,0,0,,,0.000000,0.000000
instr_sra$_SDFFE_PN0P_,fetch,0,0,0,0,,,0.000000,0.000000
instr_srai$_DFFE_PP_,fetch,0,0,0,0,,,0.000000,0.000000
instr_srl$_SDFFE_PN0P_,fetch,0,0,0,0,,,0.000000,0.000000
instr_srli$_DFFE_PP_,fetch,0,0,0,0,,,0.000000,0.000000
instr_sub$_SDFFE_PN0P_,fetch,0,0,0,0,,,0.000000,0.000000
instr_sw$_DFFE_PP_,fetch,0,0,0,0,,,0.000000,0.000000
instr_xor$_SDFFE_PN0P_,fetch,0,0,0,0,,,0.000000,0.000000
instr_xori$_SDFFE_PN0P_,fetch,0,0,0,0,,,0.000000,0.000000
is_alu_reg_imm$_DFFE_PP_,pipeline_state,0,0,0,0,,,0.000000,0.000000
is_alu_reg_reg$_DFFE_PP_,pipeline_state,0,0,0,0,,,0.000000,0.000000
is_beq_bne_blt_bge_bltu_bgeu$_SDFFE_PN0P_,pipeline_state,0,0,0,0,,,0.000000,0.000000
is_compare$_SDFF_PP0_,execute_alu,0,0,0,0,,,0.000000,0.000000
is_jalr_addi_slti_sltiu_xori_ori_andi$_DFFE_PP_,pipeline_state,0,0,0,0,,,0.000000,0.000000
is_lb_lh_lw_lbu_lhu$_DFFE_PP_,pipeline_state,0,0,0,0,,,0.000000,0.000000
is_lui_auipc_jal$_DFF_P_,fetch,0,0,0,0,,,0.000000,0.000000
is_sb_sh_sw$_DFFE_PP_,pipeline_state,0,0,0,0,,,0.000000,0.000000
is_sll_srl_sra$_DFFE_PP_,pipeline_state,0,0,0,0,,,0.000000,0.000000
is_slli_srli_srai$_DFFE_PP_,pipeline_state,0,0,0,0,,,0.000000,0.000000
is_slti_blt_slt$_DFF_P_,pipeline_state,0,0,0,0,,,0.000000,0.000000
is_sltiu_bltu_sltu$_DFF_P_,pipeline_state,0,0,0,0,,,0.000000,0.000000
latched_branch$_SDFFE_PN0P_,pipeline_state,1,0,0,1,5.237700,,0.160316,0.075822
latched_is_lb$_SDFFE_PN0P_,pipeline_state,0,0,0,0,,,0.000000,0.000000
latched_is_lh$_SDFFE_PN0P_,pipeline_state,0,0,0,0,,,0.000000,0.000000
latched_rd[0]$_SDFFCE_PN0P_,pipeline_state,0,0,0,0,,,0.000000,0.000000
latched_rd[1]$_SDFFCE_PN0P_,pipeline_state,0,0,0,0,,,0.000000,0.000000
latched_rd[2]$_SDFFCE_PN0P_,pipeline_state,0,0,0,0,,,0.000000,0.000000
latched_rd[3]$_SDFFCE_PN0P_,pipeline_state,0,0,0,0,,,0.000000,0.000000
latched_rd[4]$_SDFFCE_PN0P_,pipeline_state,0,0,0,0,,,0.000000,0.000000
latched_stalu$_SDFFE_PN0P_,pipeline_state,13,0,13,0,4.321500,,2.114354,1.000000
latched_store$_SDFFE_PN0P_,pipeline_state,1,0,0,1,5.179500,,0.161825,0.076537
mem_addr[10]$_DFFE_PP_,pipeline_state,0,0,0,0,,,0.000000,0.000000
mem_addr[11]$_DFFE_PP_,pipeline_state,0,0,0,0,,,0.000000,0.000000
mem_addr[12]$_DFFE_PP_,pipeline_state,0,0,0,0,,,0.000000,0.000000
mem_addr[13]$_DFFE_PP_,pipeline_state,0,0,0,0,,,0.000000,0.000000
mem_addr[14]$_DFFE_PP_,pipeline_state,0,0,0,0,,,0.000000,0.000000
mem_addr[15]$_DFFE_PP_,pipeline_state,0,0,0,0,,,0.000000,0.000000
mem_addr[16]$_DFFE_PP_,pipeline_state,0,0,0,0,,,0.000000,0.000000
mem_addr[17]$_DFFE_PP_,pipeline_state,0,0,0,0,,,0.000000,0.000000
mem_addr[18]$_DFFE_PP_,pipeline_state,0,0,0,0,,,0.000000,0.000000
mem_addr[19]$_DFFE_PP_,pipeline_state,0,0,0,0,,,0.000000,0.000000
mem_addr[20]$_DFFE_PP_,pipeline_state,0,0,0,0,,,0.000000,0.000000
mem_addr[21]$_DFFE_PP_,pipeline_state,0,0,0,0,,,0.000000,0.000000
mem_addr[22]$_DFFE_PP_,pipeline_state,0,0,0,0,,,0.000000,0.000000
mem_addr[23]$_DFFE_PP_,pipeline_state,0,0,0,0,,,0.000000,0.000000
mem_addr[24]$_DFFE_PP_,pipeline_state,0,0,0,0,,,0.000000,0.000000
mem_addr[25]$_DFFE_PP_,pipeline_state,0,0,0,0,,,0.000000,0.000000
mem_addr[26]$_DFFE_PP_,pipeline_state,0,0,0,0,,,0.000000,0.000000
mem_addr[27]$_DFFE_PP_,pipeline_state,0,0,0,0,,,0.000000,0.000000
mem_addr[28]$_DFFE_PP_,pipeline_state,0,0,0,0,,,0.000000,0.000000
mem_addr[29]$_DFFE_PP_,pipeline_state,0,0,0,0,,,0.000000,0.000000
mem_addr[2]$_DFFE_PP_,pipeline_state,0,0,0,0,,,0.000000,0.000000
mem_addr[30]$_DFFE_PP_,pipeline_state,0,0,0,0,,,0.000000,0.000000
mem_addr[31]$_DFFE_PP_,pipeline_state,0,0,0,0,,,0.000000,0.000000
mem_addr[3]$_DFFE_PP_,pipeline_state,0,0,0,0,,,0.000000,0.000000
mem_addr[4]$_DFFE_PP_,pipeline_state,0,0,0,0,,,0.000000,0.000000
mem_addr[5]$_DFFE_PP_,pipeline_state,0,0,0,0,,,0.000000,0.000000
mem_addr[6]$_DFFE_PP_,pipeline_state,0,0,0,0,,,0.000000,0.000000
mem_addr[7]$_DFFE_PP_,pipeline_state,0,0,0,0,,,0.000000,0.000000
mem_addr[8]$_DFFE_PP_,pipeline_state,0,0,0,0,,,0.000000,0.000000
mem_addr[9]$_DFFE_PP_,pipeline_state,0,0,0,0,,,0.000000,0.000000
mem_do_prefetch$_SDFFE_PP0P_,fetch,0,0,0,0,,,0.000000,0.000000
mem_do_rdata$_SDFFE_PP1P_,register_file,0,0,0,0,,,0.000000,0.000000
mem_do_rinst$_SDFFE_PP1P_,pipeline_state,1,0,0,1,5.196800,,0.161374,0.076323
mem_do_wdata$_SDFFE_PP1P_,register_file,0,0,0,0,,,0.000000,0.000000
mem_instr$_SDFFCE_PP0P_,fetch,0,1,0,1,,0.397500,0.000000,0.000000
mem_rdata_q[0]$_DFFE_PP_,register_file,0,0,0,0,,,0.000000,0.000000
mem_rdata_q[10]$_DFFE_PP_,register_file,0,1,0,1,,0.271200,0.000000,0.000000
mem_rdata_q[11]$_DFFE_PP_,register_file,0,1,0,1,,0.217100,0.000000,0.000000
mem_rdata_q[12]$_DFFE_PP_,register_file,0,0,0,0,,,0.000000,0.000000
mem_rdata_q[13]$_DFFE_PP_,register_file,0,0,0,0,,,0.000000,0.000000
mem_rdata_q[14]$_DFFE_PP_,register_file,0,0,0,0,,,0.000000,0.000000
mem_rdata_q[15]$_DFFE_PP_,register_file,0,1,0,1,,0.242200,0.000000,0.000000
mem_rdata_q[16]$_DFFE_PP_,register_file,0,1,0,1,,0.420000,0.000000,0.000000
mem_rdata_q[17]$_DFFE_PP_,register_file,0,1,0,1,,0.284200,0.000000,0.000000
mem_rdata_q[18]$_DFFE_PP_,register_file,0,1,0,1,,0.266800,0.000000,0.000000
mem_rdata_q[19]$_DFFE_PP_,register_file,0,1,0,1,,0.291100,0.000000,0.000000
mem_rdata_q[1]$_DFFE_PP_,register_file,0,0,0,0,,,0.000000,0.000000
mem_rdata_q[20]$_DFFE_PP_,register_file,0,1,0,1,,0.437700,0.000000,0.000000
mem_rdata_q[21]$_DFFE_PP_,register_file,0,0,0,0,,,0.000000,0.000000
mem_rdata_q[22]$_DFFE_PP_,register_file,0,1,0,1,,0.267700,0.000000,0.000000
mem_rdata_q[23]$_DFFE_PP_,register_file,0,1,0,1,,0.432800,0.000000,0.000000
mem_rdata_q[24]$_DFFE_PP_,register_file,0,1,0,1,,0.210400,0.000000,0.000000
mem_rdata_q[25]$_DFFE_PP_,register_file,0,1,0,1,,0.134000,0.000000,0.000000
mem_rdata_q[26]$_DFFE_PP_,register_file,0,1,0,1,,0.171500,0.000000,0.000000
mem_rdata_q[27]$_DFFE_PP_,register_file,0,1,0,1,,0.328400,0.000000,0.000000
mem_rdata_q[28]$_DFFE_PP_,register_file,0,1,0,1,,0.225500,0.000000,0.000000
mem_rdata_q[29]$_DFFE_PP_,register_file,0,1,0,1,,0.267400,0.000000,0.000000
mem_rdata_q[2]$_DFFE_PP_,register_file,0,0,0,0,,,0.000000,0.000000
mem_rdata_q[30]$_DFFE_PP_,register_file,0,1,0,1,,0.170900,0.000000,0.000000
mem_rdata_q[31]$_DFFE_PP_,register_file,0,1,0,1,,0.080600,0.000000,0.000000
mem_rdata_q[3]$_DFFE_PP_,register_file,0,0,0,0,,,0.000000,0.000000
mem_rdata_q[4]$_DFFE_PP_,register_file,0,0,0,0,,,0.000000,0.000000
mem_rdata_q[5]$_DFFE_PP_,register_file,0,0,0,0,,,0.000000,0.000000
mem_rdata_q[6]$_DFFE_PP_,register_file,0,0,0,0,,,0.000000,0.000000
mem_rdata_q[7]$_DFFE_PP_,register_file,0,0,0,0,,,0.000000,0.000000
mem_rdata_q[8]$_DFFE_PP_,register_file,0,1,0,1,,0.235300,0.000000,0.000000
mem_rdata_q[9]$_DFFE_PP_,register_file,0,1,0,1,,0.201600,0.000000,0.000000
mem_state[0]$_SDFFCE_PP0P_,pipeline_state,0,0,0,0,,,0.000000,0.000000
mem_state[1]$_SDFFCE_PP0P_,pipeline_state,0,0,0,0,,,0.000000,0.000000
mem_valid$_SDFFCE_PP0P_,pipeline_state,0,0,0,0,,,0.000000,0.000000
mem_wdata[0]$_DFFE_PP_,register_file,0,0,0,0,,,0.000000,0.000000
mem_wdata[10]$_DFFE_PP_,register_file,0,0,0,0,,,0.000000,0.000000
mem_wdata[11]$_DFFE_PP_,register_file,0,0,0,0,,,0.000000,0.000000
mem_wdata[12]$_DFFE_PP_,register_file,0,0,0,0,,,0.000000,0.000000
mem_wdata[13]$_DFFE_PP_,register_file,0,0,0,0,,,0.000000,0.000000
mem_wdata[14]$_DFFE_PP_,register_file,0,0,0,0,,,0.000000,0.000000
mem_wdata[15]$_DFFE_PP_,register_file,0,0,0,0,,,0.000000,0.000000
mem_wdata[16]$_DFFE_PP_,register_file,0,0,0,0,,,0.000000,0.000000
mem_wdata[17]$_DFFE_PP_,register_file,0,0,0,0,,,0.000000,0.000000
mem_wdata[18]$_DFFE_PP_,register_file,0,0,0,0,,,0.000000,0.000000
mem_wdata[19]$_DFFE_PP_,register_file,0,0,0,0,,,0.000000,0.000000
mem_wdata[1]$_DFFE_PP_,register_file,0,0,0,0,,,0.000000,0.000000
mem_wdata[20]$_DFFE_PP_,register_file,0,0,0,0,,,0.000000,0.000000
mem_wdata[21]$_DFFE_PP_,register_file,0,0,0,0,,,0.000000,0.000000
mem_wdata[22]$_DFFE_PP_,register_file,0,0,0,0,,,0.000000,0.000000
mem_wdata[23]$_DFFE_PP_,register_file,0,0,0,0,,,0.000000,0.000000
mem_wdata[24]$_DFFE_PP_,register_file,0,0,0,0,,,0.000000,0.000000
mem_wdata[25]$_DFFE_PP_,register_file,0,0,0,0,,,0.000000,0.000000
mem_wdata[26]$_DFFE_PP_,register_file,0,0,0,0,,,0.000000,0.000000
mem_wdata[27]$_DFFE_PP_,register_file,0,0,0,0,,,0.000000,0.000000
mem_wdata[28]$_DFFE_PP_,register_file,0,0,0,0,,,0.000000,0.000000
mem_wdata[29]$_DFFE_PP_,register_file,0,0,0,0,,,0.000000,0.000000
mem_wdata[2]$_DFFE_PP_,register_file,0,0,0,0,,,0.000000,0.000000
mem_wdata[30]$_DFFE_PP_,register_file,0,0,0,0,,,0.000000,0.000000
mem_wdata[31]$_DFFE_PP_,register_file,0,0,0,0,,,0.000000,0.000000
mem_wdata[3]$_DFFE_PP_,register_file,0,0,0,0,,,0.000000,0.000000
mem_wdata[4]$_DFFE_PP_,register_file,0,0,0,0,,,0.000000,0.000000
mem_wdata[5]$_DFFE_PP_,register_file,0,0,0,0,,,0.000000,0.000000
mem_wdata[6]$_DFFE_PP_,register_file,0,0,0,0,,,0.000000,0.000000
mem_wdata[7]$_DFFE_PP_,register_file,0,0,0,0,,,0.000000,0.000000
mem_wdata[8]$_DFFE_PP_,register_file,0,0,0,0,,,0.000000,0.000000
mem_wdata[9]$_DFFE_PP_,register_file,0,0,0,0,,,0.000000,0.000000
mem_wordsize[0]$_DFF_P_,pipeline_state,0,0,0,0,,,0.000000,0.000000
mem_wordsize[1]$_DFF_P_,pipeline_state,0,0,0,0,,,0.000000,0.000000
mem_wordsize[2]$_DFF_P_,pipeline_state,0,0,0,0,,,0.000000,0.000000
mem_wstrb[0]$_DFFE_PN_,pipeline_state,0,0,0,0,,,0.000000,0.000000
mem_wstrb[1]$_DFFE_PN_,pipeline_state,0,0,0,0,,,0.000000,0.000000
mem_wstrb[2]$_DFFE_PN_,pipeline_state,0,0,0,0,,,0.000000,0.000000
mem_wstrb[3]$_DFFE_PN_,pipeline_state,0,0,0,0,,,0.000000,0.000000
output173,generated_control,0,0,0,0,,,0.000000,0.000000
output174,generated_control,0,0,0,0,,,0.000000,0.000000
output175,generated_control,0,0,0,0,,,0.000000,0.000000
output176,generated_control,0,0,0,0,,,0.000000,0.000000
output177,generated_control,0,0,0,0,,,0.000000,0.000000
output178,generated_control,0,0,0,0,,,0.000000,0.000000
output179,generated_control,0,0,0,0,,,0.000000,0.000000
output180,generated_control,0,0,0,0,,,0.000000,0.000000
output181,generated_control,0,0,0,0,,,0.000000,0.000000
output182,generated_control,0,0,0,0,,,0.000000,0.000000
output183,generated_control,0,0,0,0,,,0.000000,0.000000
output184,generated_control,0,0,0,0,,,0.000000,0.000000
output185,generated_control,0,0,0,0,,,0.000000,0.000000
output186,generated_control,0,0,0,0,,,0.000000,0.000000
output187,generated_control,0,0,0,0,,,0.000000,0.000000
output188,generated_control,0,0,0,0,,,0.000000,0.000000
output189,generated_control,0,0,0,0,,,0.000000,0.000000
output190,generated_control,0,0,0,0,,,0.000000,0.000000
output191,generated_control,0,0,0,0,,,0.000000,0.000000
output192,generated_control,0,0,0,0,,,0.000000,0.000000
output193,generated_control,0,0,0,0,,,0.000000,0.000000
output194,generated_control,0,0,0,0,,,0.000000,0.000000
output195,generated_control,0,0,0,0,,,0.000000,0.000000
output196,generated_control,0,0,0,0,,,0.000000,0.000000
output197,generated_control,0,0,0,0,,,0.000000,0.000000
output198,generated_control,0,0,0,0,,,0.000000,0.000000
output199,generated_control,0,0,0,0,,,0.000000,0.000000
output200,generated_control,0,0,0,0,,,0.000000,0.000000
output201,generated_control,0,0,0,0,,,0.000000,0.000000
output202,generated_control,0,0,0,0,,,0.000000,0.000000
output203,fetch,0,0,0,0,,,0.000000,0.000000
output204,generated_control,0,0,0,0,,,0.000000,0.000000
output205,generated_control,0,0,0,0,,,0.000000,0.000000
output206,generated_control,0,0,0,0,,,0.000000,0.000000
output207,generated_control,0,0,0,0,,,0.000000,0.000000
output208,generated_control,0,0,0,0,,,0.000000,0.000000
output209,generated_control,0,0,0,0,,,0.000000,0.000000
output210,generated_control,0,0,0,0,,,0.000000,0.000000
output211,generated_control,0,0,0,0,,,0.000000,0.000000
output212,generated_control,0,0,0,0,,,0.000000,0.000000
output213,generated_control,0,0,0,0,,,0.000000,0.000000
output214,generated_control,0,0,0,0,,,0.000000,0.000000
output215,generated_control,0,0,0,0,,,0.000000,0.000000
output216,generated_control,0,0,0,0,,,0.000000,0.000000
output217,generated_control,0,0,0,0,,,0.000000,0.000000
output218,generated_control,0,0,0,0,,,0.000000,0.000000
output219,generated_control,0,0,0,0,,,0.000000,0.000000
output220,generated_control,0,0,0,0,,,0.000000,0.000000
output221,generated_control,0,0,0,0,,,0.000000,0.000000
output222,generated_control,0,0,0,0,,,0.000000,0.000000
output223,generated_control,0,0,0,0,,,0.000000,0.000000
output224,generated_control,0,0,0,0,,,0.000000,0.000000
output225,generated_control,0,0,0,0,,,0.000000,0.000000
output226,generated_control,0,0,0,0,,,0.000000,0.000000
output227,generated_control,0,0,0,0,,,0.000000,0.000000
output228,generated_control,0,0,0,0,,,0.000000,0.000000
output229,generated_control,0,0,0,0,,,0.000000,0.000000
output230,generated_control,0,0,0,0,,,0.000000,0.000000
output231,generated_control,0,0,0,0,,,0.000000,0.000000
output232,generated_control,0,0,0,0,,,0.000000,0.000000
output233,generated_control,0,0,0,0,,,0.000000,0.000000
output234,generated_control,0,0,0,0,,,0.000000,0.000000
output235,register_file,0,0,0,0,,,0.000000,0.000000
output236,register_file,0,0,0,0,,,0.000000,0.000000
output237,register_file,0,0,0,0,,,0.000000,0.000000
output238,register_file,0,0,0,0,,,0.000000,0.000000
output239,register_file,0,0,0,0,,,0.000000,0.000000
output240,register_file,0,0,0,0,,,0.000000,0.000000
output241,register_file,0,0,0,0,,,0.000000,0.000000
output242,register_file,0,0,0,0,,,0.000000,0.000000
output243,register_file,0,0,0,0,,,0.000000,0.000000
output244,register_file,0,0,0,0,,,0.000000,0.000000
output245,register_file,0,0,0,0,,,0.000000,0.000000
output246,register_file,0,0,0,0,,,0.000000,0.000000
output247,register_file,0,0,0,0,,,0.000000,0.000000
output248,register_file,0,0,0,0,,,0.000000,0.000000
output249,register_file,0,0,0,0,,,0.000000,0.000000
output250,register_file,0,0,0,0,,,0.000000,0.000000
output251,register_file,0,0,0,0,,,0.000000,0.000000
output252,register_file,0,0,0,0,,,0.000000,0.000000
output253,register_file,0,0,0,0,,,0.000000,0.000000
output254,register_file,0,0,0,0,,,0.000000,0.000000
output255,register_file,0,0,0,0,,,0.000000,0.000000
output256,register_file,0,0,0,0,,,0.000000,0.000000
output257,register_file,0,0,0,0,,,0.000000,0.000000
output258,register_file,0,0,0,0,,,0.000000,0.000000
output259,register_file,0,0,0,0,,,0.000000,0.000000
output260,register_file,0,0,0,0,,,0.000000,0.000000
output261,register_file,0,0,0,0,,,0.000000,0.000000
output262,register_file,0,0,0,0,,,0.000000,0.000000
output263,register_file,0,0,0,0,,,0.000000,0.000000
output264,register_file,0,0,0,0,,,0.000000,0.000000
output265,register_file,0,0,0,0,,,0.000000,0.000000
output266,register_file,0,0,0,0,,,0.000000,0.000000
output267,generated_control,0,0,0,0,,,0.000000,0.000000
output268,generated_control,0,0,0,0,,,0.000000,0.000000
output269,generated_control,0,0,0,0,,,0.000000,0.000000
output270,generated_control,0,0,0,0,,,0.000000,0.000000
output271,generated_control,0,0,0,0,,,0.000000,0.000000
output272,pipeline_state,0,0,0,0,,,0.000000,0.000000
output273,register_file,0,0,0,0,,,0.000000,0.000000
output274,register_file,0,0,0,0,,,0.000000,0.000000
output275,register_file,0,0,0,0,,,0.000000,0.000000
output276,register_file,0,0,0,0,,,0.000000,0.000000
output277,register_file,0,0,0,0,,,0.000000,0.000000
output278,register_file,0,0,0,0,,,0.000000,0.000000
output279,register_file,0,0,0,0,,,0.000000,0.000000
output280,register_file,0,0,0,0,,,0.000000,0.000000
output281,register_file,0,0,0,0,,,0.000000,0.000000
output282,register_file,0,0,0,0,,,0.000000,0.000000
output283,register_file,0,0,0,0,,,0.000000,0.000000
output284,register_file,0,0,0,0,,,0.000000,0.000000
output285,register_file,0,0,0,0,,,0.000000,0.000000
output286,register_file,0,0,0,0,,,0.000000,0.000000
output287,register_file,0,0,0,0,,,0.000000,0.000000
output288,register_file,0,0,0,0,,,0.000000,0.000000
output289,register_file,0,0,0,0,,,0.000000,0.000000
output290,register_file,0,0,0,0,,,0.000000,0.000000
output291,register_file,0,0,0,0,,,0.000000,0.000000
output292,register_file,0,0,0,0,,,0.000000,0.000000
output293,register_file,0,0,0,0,,,0.000000,0.000000
output294,register_file,0,0,0,0,,,0.000000,0.000000
output295,register_file,0,0,0,0,,,0.000000,0.000000
output296,register_file,0,0,0,0,,,0.000000,0.000000
output297,register_file,0,0,0,0,,,0.000000,0.000000
output298,register_file,0,0,0,0,,,0.000000,0.000000
output299,register_file,0,0,0,0,,,0.000000,0.000000
output300,register_file,0,0,0,0,,,0.000000,0.000000
output301,register_file,0,0,0,0,,,0.000000,0.000000
output302,register_file,0,0,0,0,,,0.000000,0.000000
output303,register_file,0,0,0,0,,,0.000000,0.000000
output304,register_file,0,0,0,0,,,0.000000,0.000000
output305,generated_control,0,0,0,0,,,0.000000,0.000000
output306,generated_control,0,0,0,0,,,0.000000,0.000000
output307,generated_control,0,0,0,0,,,0.000000,0.000000
output308,generated_control,0,0,0,0,,,0.000000,0.000000
output309,generated_control,0,0,0,0,,,0.000000,0.000000
output310,generated_control,0,0,0,0,,,0.000000,0.000000
output311,generated_control,0,0,0,0,,,0.000000,0.000000
output312,generated_control,0,0,0,0,,,0.000000,0.000000
output313,generated_control,0,0,0,0,,,0.000000,0.000000
output314,generated_control,0,0,0,0,,,0.000000,0.000000
output315,generated_control,0,0,0,0,,,0.000000,0.000000
output316,generated_control,0,0,0,0,,,0.000000,0.000000
output317,generated_control,0,0,0,0,,,0.000000,0.000000
output318,generated_control,0,0,0,0,,,0.000000,0.000000
output319,generated_control,0,0,0,0,,,0.000000,0.000000
output320,generated_control,0,0,0,0,,,0.000000,0.000000
output321,generated_control,0,0,0,0,,,0.000000,0.000000
output322,generated_control,0,0,0,0,,,0.000000,0.000000
output323,generated_control,0,0,0,0,,,0.000000,0.000000
output324,generated_control,0,0,0,0,,,0.000000,0.000000
output325,generated_control,0,0,0,0,,,0.000000,0.000000
output326,generated_control,0,0,0,0,,,0.000000,0.000000
output327,generated_control,0,0,0,0,,,0.000000,0.000000
output328,generated_control,0,0,0,0,,,0.000000,0.000000
output329,generated_control,0,0,0,0,,,0.000000,0.000000
output330,generated_control,0,0,0,0,,,0.000000,0.000000
output331,generated_control,0,0,0,0,,,0.000000,0.000000
output332,generated_control,0,0,0,0,,,0.000000,0.000000
output333,generated_control,0,0,0,0,,,0.000000,0.000000
output334,generated_control,0,0,0,0,,,0.000000,0.000000
output335,generated_control,0,0,0,0,,,0.000000,0.000000
output336,generated_control,0,0,0,0,,,0.000000,0.000000
output337,generated_control,0,0,0,0,,,0.000000,0.000000
output338,generated_control,0,0,0,0,,,0.000000,0.000000
output339,generated_control,0,0,0,0,,,0.000000,0.000000
output340,generated_control,0,0,0,0,,,0.000000,0.000000
output341,generated_control,0,0,0,0,,,0.000000,0.000000
output342,generated_control,0,0,0,0,,,0.000000,0.000000
output343,generated_control,0,0,0,0,,,0.000000,0.000000
output344,generated_control,0,0,0,0,,,0.000000,0.000000
output345,generated_control,0,0,0,0,,,0.000000,0.000000
output346,generated_control,0,0,0,0,,,0.000000,0.000000
output347,generated_control,0,0,0,0,,,0.000000,0.000000
output348,generated_control,0,0,0,0,,,0.000000,0.000000
output349,generated_control,0,0,0,0,,,0.000000,0.000000
output350,generated_control,0,0,0,0,,,0.000000,0.000000
output351,generated_control,0,0,0,0,,,0.000000,0.000000
output352,generated_control,0,0,0,0,,,0.000000,0.000000
output353,generated_control,0,0,0,0,,,0.000000,0.000000
output354,generated_control,0,0,0,0,,,0.000000,0.000000
output355,generated_control,0,0,0,0,,,0.000000,0.000000
output356,generated_control,0,0,0,0,,,0.000000,0.000000
output357,generated_control,0,0,0,0,,,0.000000,0.000000
output358,generated_control,0,0,0,0,,,0.000000,0.000000
output359,generated_control,0,0,0,0,,,0.000000,0.000000
output360,generated_control,0,0,0,0,,,0.000000,0.000000
output361,generated_control,0,0,0,0,,,0.000000,0.000000
output362,generated_control,0,0,0,0,,,0.000000,0.000000
output363,generated_control,0,0,0,0,,,0.000000,0.000000
output364,generated_control,0,0,0,0,,,0.000000,0.000000
output365,generated_control,0,0,0,0,,,0.000000,0.000000
output366,generated_control,0,0,0,0,,,0.000000,0.000000
output367,generated_control,0,0,0,0,,,0.000000,0.000000
output368,generated_control,0,0,0,0,,,0.000000,0.000000
output369,generated_control,0,0,0,0,,,0.000000,0.000000
output370,generated_control,0,0,0,0,,,0.000000,0.000000
output371,generated_control,0,0,0,0,,,0.000000,0.000000
output372,generated_control,0,0,0,0,,,0.000000,0.000000
output373,trap_debug,0,0,0,0,,,0.000000,0.000000
place599,register_file,0,0,0,0,,,0.000000,0.000000
place600,generated_control,0,0,0,0,,,0.000000,0.000000
place601,register_file,0,0,0,0,,,0.000000,0.000000
place602,generated_control,0,0,0,0,,,0.000000,0.000000
place603,generated_control,0,0,0,0,,,0.000000,0.000000
place604,register_file,0,0,0,0,,,0.000000,0.000000
place605,register_file,0,0,0,0,,,0.000000,0.000000
place606,generated_control,0,0,0,0,,,0.000000,0.000000
place607,generated_control,0,0,0,0,,,0.000000,0.000000
place608,generated_control,0,0,0,0,,,0.000000,0.000000
place609,generated_control,0,0,0,0,,,0.000000,0.000000
place610,generated_control,0,0,0,0,,,0.000000,0.000000
place611,generated_control,0,0,0,0,,,0.000000,0.000000
place612,generated_control,0,0,0,0,,,0.000000,0.000000
place613,generated_control,0,0,0,0,,,0.000000,0.000000
place614,generated_control,0,0,0,0,,,0.000000,0.000000
place615,generated_control,0,0,0,0,,,0.000000,0.000000
place616,generated_control,0,0,0,0,,,0.000000,0.000000
place617,generated_control,0,0,0,0,,,0.000000,0.000000
place618,generated_control,0,0,0,0,,,0.000000,0.000000
place619,generated_control,0,0,0,0,,,0.000000,0.000000
place620,generated_control,0,0,0,0,,,0.000000,0.000000
place621,generated_control,0,0,0,0,,,0.000000,0.000000
place622,generated_control,0,0,0,0,,,0.000000,0.000000
place623,generated_control,0,0,0,0,,,0.000000,0.000000
place624,generated_control,0,0,0,0,,,0.000000,0.000000
place625,generated_control,0,0,0,0,,,0.000000,0.000000
place626,generated_control,0,0,0,0,,,0.000000,0.000000
place627,generated_control,0,0,0,0,,,0.000000,0.000000
place628,generated_control,0,0,0,0,,,0.000000,0.000000
place629,generated_control,0,0,0,0,,,0.000000,0.000000
place630,generated_control,0,0,0,0,,,0.000000,0.000000
place631,generated_control,0,0,0,0,,,0.000000,0.000000
place632,generated_control,0,0,0,0,,,0.000000,0.000000
place633,generated_control,0,0,0,0,,,0.000000,0.000000
place634,generated_control,0,0,0,0,,,0.000000,0.000000
place635,generated_control,0,0,0,0,,,0.000000,0.000000
place636,generated_control,0,0,0,0,,,0.000000,0.000000
place637,generated_control,0,0,0,0,,,0.000000,0.000000
place638,register_file,0,0,0,0,,,0.000000,0.000000
place639,register_file,0,0,0,0,,,0.000000,0.000000
place640,register_file,0,0,0,0,,,0.000000,0.000000
place641,register_file,0,0,0,0,,,0.000000,0.000000
place642,generated_control,0,0,0,0,,,0.000000,0.000000
place643,register_file,0,0,0,0,,,0.000000,0.000000
place644,register_file,0,0,0,0,,,0.000000,0.000000
place645,generated_control,0,0,0,0,,,0.000000,0.000000
place646,register_file,0,0,0,0,,,0.000000,0.000000
place647,generated_control,0,0,0,0,,,0.000000,0.000000
place648,generated_control,0,0,0,0,,,0.000000,0.000000
place649,generated_control,0,0,0,0,,,0.000000,0.000000
place650,generated_control,0,0,0,0,,,0.000000,0.000000
place651,generated_control,0,0,0,0,,,0.000000,0.000000
place652,generated_control,0,0,0,0,,,0.000000,0.000000
place653,register_file,0,0,0,0,,,0.000000,0.000000
place654,register_file,0,0,0,0,,,0.000000,0.000000
place655,register_file,0,0,0,0,,,0.000000,0.000000
place656,generated_control,0,0,0,0,,,0.000000,0.000000
place657,generated_control,0,0,0,0,,,0.000000,0.000000
place658,generated_control,0,0,0,0,,,0.000000,0.000000
place659,generated_control,0,0,0,0,,,0.000000,0.000000
place660,generated_control,0,0,0,0,,,0.000000,0.000000
place661,generated_control,0,0,0,0,,,0.000000,0.000000
place662,generated_control,0,0,0,0,,,0.000000,0.000000
place663,generated_control,0,0,0,0,,,0.000000,0.000000
place664,generated_control,0,0,0,0,,,0.000000,0.000000
place665,generated_control,0,0,0,0,,,0.000000,0.000000
place666,generated_control,0,0,0,0,,,0.000000,0.000000
place667,generated_control,0,0,0,0,,,0.000000,0.000000
place668,generated_control,0,0,0,0,,,0.000000,0.000000
place669,generated_control,0,0,0,0,,,0.000000,0.000000
place670,generated_control,0,0,0,0,,,0.000000,0.000000
place671,generated_control,0,0,0,0,,,0.000000,0.000000
place672,generated_control,0,0,0,0,,,0.000000,0.000000
place673,generated_control,0,0,0,0,,,0.000000,0.000000
place674,generated_control,0,0,0,0,,,0.000000,0.000000
place675,generated_control,0,0,0,0,,,0.000000,0.000000
place676,generated_control,0,0,0,0,,,0.000000,0.000000
place677,generated_control,0,0,0,0,,,0.000000,0.000000
place678,generated_control,0,0,0,0,,,0.000000,0.000000
place679,generated_control,0,0,0,0,,,0.000000,0.000000
place680,generated_control,0,0,0,0,,,0.000000,0.000000
place681,generated_control,0,0,0,0,,,0.000000,0.000000
place682,generated_control,0,0,0,0,,,0.000000,0.000000
place683,generated_control,0,0,0,0,,,0.000000,0.000000
place684,generated_control,0,0,0,0,,,0.000000,0.000000
place685,generated_control,0,0,0,0,,,0.000000,0.000000
place686,generated_control,0,0,0,0,,,0.000000,0.000000
place687,generated_control,0,0,0,0,,,0.000000,0.000000
place688,generated_control,0,0,0,0,,,0.000000,0.000000
place689,generated_control,0,0,0,0,,,0.000000,0.000000
place690,generated_control,0,0,0,0,,,0.000000,0.000000
place691,generated_control,0,0,0,0,,,0.000000,0.000000
place692,generated_control,0,0,0,0,,,0.000000,0.000000
place693,generated_control,0,0,0,0,,,0.000000,0.000000
place694,generated_control,0,0,0,0,,,0.000000,0.000000
place695,generated_control,0,0,0,0,,,0.000000,0.000000
place696,generated_control,0,0,0,0,,,0.000000,0.000000
place697,generated_control,0,0,0,0,,,0.000000,0.000000
place698,generated_control,0,0,0,0,,,0.000000,0.000000
place699,generated_control,0,0,0,0,,,0.000000,0.000000
place700,generated_control,0,0,0,0,,,0.000000,0.000000
place701,generated_control,0,0,0,0,,,0.000000,0.000000
place702,generated_control,0,0,0,0,,,0.000000,0.000000
place703,generated_control,0,0,0,0,,,0.000000,0.000000
place704,generated_control,0,0,0,0,,,0.000000,0.000000
place705,generated_control,0,0,0,0,,,0.000000,0.000000
place706,generated_control,0,0,0,0,,,0.000000,0.000000
place707,generated_control,9,0,0,0,5.195900,,1.410794,0.667246
place708,generated_control,0,0,0,0,,,0.000000,0.000000
place709,generated_control,0,0,0,0,,,0.000000,0.000000
place710,generated_control,0,0,0,0,,,0.000000,0.000000
place711,generated_control,0,0,0,0,,,0.000000,0.000000
place712,generated_control,0,0,0,0,,,0.000000,0.000000
place713,generated_control,0,0,0,0,,,0.000000,0.000000
place714,generated_control,0,0,0,0,,,0.000000,0.000000
place715,generated_control,0,0,0,0,,,0.000000,0.000000
place716,generated_control,0,0,0,0,,,0.000000,0.000000
place717,generated_control,0,0,0,0,,,0.000000,0.000000
place718,generated_control,0,0,0,0,,,0.000000,0.000000
place719,generated_control,0,0,0,0,,,0.000000,0.000000
place720,generated_control,0,0,0,0,,,0.000000,0.000000
place721,generated_control,13,0,0,0,4.321500,,2.114354,1.000000
place722,generated_control,0,0,0,0,,,0.000000,0.000000
place723,fetch,0,0,0,0,,,0.000000,0.000000
place724,fetch,0,0,0,0,,,0.000000,0.000000
place725,fetch,0,0,0,0,,,0.000000,0.000000
place726,fetch,0,0,0,0,,,0.000000,0.000000
place727,generated_control,0,0,0,0,,,0.000000,0.000000
place728,fetch,0,0,0,0,,,0.000000,0.000000
place729,decode_control,0,0,0,0,,,0.000000,0.000000
place730,generated_control,0,0,0,0,,,0.000000,0.000000
place731,generated_control,0,0,0,0,,,0.000000,0.000000
place732,generated_control,0,0,0,0,,,0.000000,0.000000
place733,generated_control,0,0,0,0,,,0.000000,0.000000
place734,generated_control,0,0,0,0,,,0.000000,0.000000
place735,generated_control,0,0,0,0,,,0.000000,0.000000
place736,generated_control,0,0,0,0,,,0.000000,0.000000
place737,generated_control,0,0,0,0,,,0.000000,0.000000
place738,generated_control,0,0,0,0,,,0.000000,0.000000
place739,generated_control,0,0,0,0,,,0.000000,0.000000
place740,generated_control,0,0,0,0,,,0.000000,0.000000
place741,generated_control,0,0,0,0,,,0.000000,0.000000
place742,generated_control,0,0,0,0,,,0.000000,0.000000
place743,generated_control,1,0,0,0,5.580000,,0.151976,0.071878
place744,generated_control,6,0,0,0,5.479000,,0.917202,0.433798
place745,generated_control,7,0,0,0,5.479000,,1.069178,0.505676
place746,generated_control,0,0,0,0,,,0.000000,0.000000
place747,generated_control,7,0,0,0,5.479000,,1.069178,0.505676
place748,generated_control,0,0,0,0,,,0.000000,0.000000
place749,generated_control,0,0,0,0,,,0.000000,0.000000
place750,generated_control,0,0,0,0,,,0.000000,0.000000
place751,generated_control,0,0,0,0,,,0.000000,0.000000
place752,generated_control,0,0,0,0,,,0.000000,0.000000
place753,generated_control,0,0,0,0,,,0.000000,0.000000
place754,generated_control,0,0,0,0,,,0.000000,0.000000
place755,generated_control,0,0,0,0,,,0.000000,0.000000
place756,generated_control,0,0,0,0,,,0.000000,0.000000
place757,generated_control,0,0,0,0,,,0.000000,0.000000
place758,generated_control,0,0,0,0,,,0.000000,0.000000
place759,generated_control,0,0,0,0,,,0.000000,0.000000
place760,generated_control,0,0,0,0,,,0.000000,0.000000
place761,generated_control,0,0,0,0,,,0.000000,0.000000
place762,generated_control,0,0,0,0,,,0.000000,0.000000
place763,generated_control,0,0,0,0,,,0.000000,0.000000
place764,generated_control,0,0,0,0,,,0.000000,0.000000
place765,generated_control,0,0,0,0,,,0.000000,0.000000
place766,generated_control,3,0,0,0,5.482900,,0.460552,0.217821
place767,generated_control,3,0,0,0,5.482900,,0.460552,0.217821
place768,generated_control,0,0,0,0,,,0.000000,0.000000
place769,generated_control,3,0,0,0,5.572700,,0.454783,0.215093
place770,generated_control,0,0,0,0,,,0.000000,0.000000
place771,generated_control,3,0,0,0,5.572700,,0.454783,0.215093
place772,generated_control,3,0,0,0,5.617800,,0.452835,0.214172
place773,generated_control,3,0,0,0,5.617800,,0.452835,0.214172
place774,generated_control,3,0,0,0,5.314500,,0.461785,0.218405
place775,generated_control,3,0,0,0,5.314500,,0.461785,0.218405
place776,generated_control,0,0,0,0,,,0.000000,0.000000
place777,generated_control,0,0,0,0,,,0.000000,0.000000
place778,generated_control,0,0,0,0,,,0.000000,0.000000
place779,generated_control,0,0,0,0,,,0.000000,0.000000
place780,generated_control,0,0,0,0,,,0.000000,0.000000
place781,generated_control,0,0,0,0,,,0.000000,0.000000
place782,generated_control,0,1,0,0,,0.384800,0.000000,0.000000
reg_next_pc[10]$_SDFFE_PN0P_,pipeline_state,0,0,0,0,,,0.000000,0.000000
reg_next_pc[11]$_SDFFE_PN0P_,pipeline_state,0,0,0,0,,,0.000000,0.000000
reg_next_pc[12]$_SDFFE_PN0P_,pipeline_state,0,0,0,0,,,0.000000,0.000000
reg_next_pc[13]$_SDFFE_PN0P_,pipeline_state,1,0,0,1,5.528400,,0.153177,0.072446
reg_next_pc[14]$_SDFFE_PN0P_,pipeline_state,0,0,0,0,,,0.000000,0.000000
reg_next_pc[15]$_SDFFE_PN0P_,pipeline_state,0,0,0,0,,,0.000000,0.000000
reg_next_pc[16]$_SDFFE_PN0P_,pipeline_state,0,0,0,0,,,0.000000,0.000000
reg_next_pc[17]$_SDFFE_PN0P_,pipeline_state,0,0,0,0,,,0.000000,0.000000
reg_next_pc[18]$_SDFFE_PN0P_,pipeline_state,0,0,0,0,,,0.000000,0.000000
reg_next_pc[19]$_SDFFE_PN0P_,pipeline_state,1,0,0,1,5.510100,,0.153607,0.072650
reg_next_pc[1]$_SDFFE_PN0P_,pipeline_state,0,0,0,0,,,0.000000,0.000000
reg_next_pc[20]$_SDFFE_PN0P_,pipeline_state,0,0,0,0,,,0.000000,0.000000
reg_next_pc[21]$_SDFFE_PN0P_,pipeline_state,1,0,0,1,5.276700,,0.159319,0.075351
reg_next_pc[22]$_SDFFE_PN0P_,pipeline_state,1,0,0,1,5.497800,,0.153898,0.072787
reg_next_pc[23]$_SDFFE_PN0P_,pipeline_state,1,0,0,1,5.033200,,0.165750,0.078393
reg_next_pc[24]$_SDFFE_PN0P_,pipeline_state,1,0,0,1,5.478300,,0.154361,0.073006
reg_next_pc[25]$_SDFFE_PN0P_,pipeline_state,1,0,0,1,5.027600,,0.165904,0.078465
reg_next_pc[26]$_SDFFE_PN0P_,pipeline_state,1,0,0,1,5.334000,,0.157878,0.074670
reg_next_pc[27]$_SDFFE_PN0P_,pipeline_state,1,0,0,1,4.900100,,0.169489,0.080161
reg_next_pc[28]$_SDFFE_PN0P_,pipeline_state,1,0,0,1,5.296500,,0.158818,0.075114
reg_next_pc[29]$_SDFFE_PN0P_,pipeline_state,1,0,0,1,4.795200,,0.172557,0.081612
reg_next_pc[2]$_SDFFE_PN0P_,pipeline_state,0,0,0,0,,,0.000000,0.000000
reg_next_pc[30]$_SDFFE_PN0P_,pipeline_state,1,0,0,1,5.185100,,0.161679,0.076467
reg_next_pc[31]$_SDFFE_PN0P_,pipeline_state,1,0,0,1,4.321500,,0.187917,0.088877
reg_next_pc[3]$_SDFFE_PN0P_,pipeline_state,0,0,0,0,,,0.000000,0.000000
reg_next_pc[4]$_SDFFE_PN0P_,pipeline_state,0,0,0,0,,,0.000000,0.000000
reg_next_pc[5]$_SDFFE_PN0P_,pipeline_state,0,0,0,0,,,0.000000,0.000000
reg_next_pc[6]$_SDFFE_PN0P_,pipeline_state,0,0,0,0,,,0.000000,0.000000
reg_next_pc[7]$_SDFFE_PN0P_,pipeline_state,0,0,0,0,,,0.000000,0.000000
reg_next_pc[8]$_SDFFE_PN0P_,pipeline_state,0,0,0,0,,,0.000000,0.000000
reg_next_pc[9]$_SDFFE_PN0P_,pipeline_state,0,0,0,0,,,0.000000,0.000000
reg_op1[0]$_DFFE_PP_,pipeline_state,0,0,0,0,,,0.000000,0.000000
reg_op1[10]$_DFFE_PP_,pipeline_state,0,0,0,0,,,0.000000,0.000000
reg_op1[11]$_DFFE_PP_,pipeline_state,1,0,0,1,5.560600,,0.152425,0.072091
reg_op1[12]$_DFFE_PP_,pipeline_state,1,0,0,1,5.588800,,0.151773,0.071782
reg_op1[13]$_DFFE_PP_,pipeline_state,0,0,0,0,,,0.000000,0.000000
reg_op1[14]$_DFFE_PP_,pipeline_state,0,0,0,0,,,0.000000,0.000000
reg_op1[15]$_DFFE_PP_,pipeline_state,1,0,0,1,5.572700,,0.152144,0.071958
reg_op1[16]$_DFFE_PP_,pipeline_state,1,0,0,1,5.628400,,0.150866,0.071353
reg_op1[17]$_DFFE_PP_,pipeline_state,0,0,0,0,,,0.000000,0.000000
reg_op1[18]$_DFFE_PP_,pipeline_state,0,0,0,0,,,0.000000,0.000000
reg_op1[19]$_DFFE_PP_,pipeline_state,0,0,0,0,,,0.000000,0.000000
reg_op1[1]$_DFFE_PP_,pipeline_state,9,0,9,0,5.195900,,1.410794,0.667246
reg_op1[20]$_DFFE_PP_,pipeline_state,0,0,0,0,,,0.000000,0.000000
reg_op1[21]$_DFFE_PP_,pipeline_state,0,0,0,0,,,0.000000,0.000000
reg_op1[22]$_DFFE_PP_,pipeline_state,1,0,0,1,5.631000,,0.150807,0.071325
reg_op1[23]$_DFFE_PP_,pipeline_state,1,0,0,1,5.626000,,0.150921,0.071379
reg_op1[24]$_DFFE_PP_,pipeline_state,1,0,0,1,5.617800,,0.151108,0.071468
reg_op1[25]$_DFFE_PP_,pipeline_state,1,0,0,1,5.594600,,0.151639,0.071719
reg_op1[26]$_DFFE_PP_,pipeline_state,1,0,0,1,5.588500,,0.151780,0.071785
reg_op1[27]$_DFFE_PP_,pipeline_state,0,0,0,0,,,0.000000,0.000000
reg_op1[28]$_DFFE_PP_,pipeline_state,0,0,0,0,,,0.000000,0.000000
reg_op1[29]$_DFFE_PP_,pipeline_state,1,0,0,1,5.314500,,0.158366,0.074900
reg_op1[2]$_DFFE_PP_,pipeline_state,9,0,9,0,5.179500,,1.426120,0.674494
reg_op1[30]$_DFFE_PP_,pipeline_state,0,0,0,0,,,0.000000,0.000000
reg_op1[31]$_DFFE_PP_,pipeline_state,0,0,0,0,,,0.000000,0.000000
reg_op1[3]$_DFFE_PP_,pipeline_state,0,0,0,0,,,0.000000,0.000000
reg_op1[4]$_DFFE_PP_,pipeline_state,0,0,0,0,,,0.000000,0.000000
reg_op1[5]$_DFFE_PP_,pipeline_state,0,0,0,0,,,0.000000,0.000000
reg_op1[6]$_DFFE_PP_,pipeline_state,0,0,0,0,,,0.000000,0.000000
reg_op1[7]$_DFFE_PP_,pipeline_state,1,0,0,1,5.498800,,0.153875,0.072776
reg_op1[8]$_DFFE_PP_,pipeline_state,1,0,0,1,5.482900,,0.154252,0.072955
reg_op1[9]$_DFFE_PP_,pipeline_state,0,0,0,0,,,0.000000,0.000000
reg_op2[0]$_DFFE_PP_,pipeline_state,0,0,0,0,,,0.000000,0.000000
reg_op2[10]$_DFFE_PP_,pipeline_state,0,0,0,0,,,0.000000,0.000000
reg_op2[11]$_DFFE_PP_,pipeline_state,0,0,0,0,,,0.000000,0.000000
reg_op2[12]$_DFFE_PP_,pipeline_state,1,0,0,1,5.573500,,0.152126,0.071949
reg_op2[13]$_DFFE_PP_,pipeline_state,0,0,0,0,,,0.000000,0.000000
reg_op2[14]$_DFFE_PP_,pipeline_state,0,0,0,0,,,0.000000,0.000000
reg_op2[15]$_DFFE_PP_,pipeline_state,0,0,0,0,,,0.000000,0.000000
reg_op2[16]$_DFFE_PP_,pipeline_state,1,0,0,1,5.552500,,0.152614,0.072180
reg_op2[17]$_DFFE_PP_,pipeline_state,1,0,0,1,5.631300,,0.150800,0.071322
reg_op2[18]$_DFFE_PP_,pipeline_state,0,0,0,0,,,0.000000,0.000000
reg_op2[19]$_DFFE_PP_,pipeline_state,1,0,0,1,5.484500,,0.154214,0.072937
reg_op2[1]$_DFFE_PP_,pipeline_state,0,0,0,0,,,0.000000,0.000000
reg_op2[20]$_DFFE_PP_,pipeline_state,0,0,0,0,,,0.000000,0.000000
reg_op2[21]$_DFFE_PP_,pipeline_state,1,0,0,1,5.580000,,0.151976,0.071878
reg_op2[22]$_DFFE_PP_,pipeline_state,0,0,0,0,,,0.000000,0.000000
reg_op2[23]$_DFFE_PP_,pipeline_state,1,0,0,1,5.479000,,0.154345,0.072999
reg_op2[24]$_DFFE_PP_,pipeline_state,1,0,0,1,5.531500,,0.153104,0.072412
reg_op2[25]$_DFFE_PP_,pipeline_state,0,0,0,0,,,0.000000,0.000000
reg_op2[26]$_DFFE_PP_,pipeline_state,0,0,0,0,,,0.000000,0.000000
reg_op2[27]$_DFFE_PP_,pipeline_state,0,0,0,0,,,0.000000,0.000000
reg_op2[28]$_DFFE_PP_,pipeline_state,0,0,0,0,,,0.000000,0.000000
reg_op2[29]$_DFFE_PP_,pipeline_state,0,0,0,0,,,0.000000,0.000000
reg_op2[2]$_DFFE_PP_,pipeline_state,0,0,0,0,,,0.000000,0.000000
reg_op2[30]$_DFFE_PP_,pipeline_state,0,0,0,0,,,0.000000,0.000000
reg_op2[31]$_DFFE_PP_,pipeline_state,0,0,0,0,,,0.000000,0.000000
reg_op2[3]$_DFFE_PP_,pipeline_state,0,0,0,0,,,0.000000,0.000000
reg_op2[4]$_DFFE_PP_,pipeline_state,0,0,0,0,,,0.000000,0.000000
reg_op2[5]$_DFFE_PP_,pipeline_state,0,0,0,0,,,0.000000,0.000000
reg_op2[6]$_DFFE_PP_,pipeline_state,0,0,0,0,,,0.000000,0.000000
reg_op2[7]$_DFFE_PP_,pipeline_state,0,0,0,0,,,0.000000,0.000000
reg_op2[8]$_DFFE_PP_,pipeline_state,0,0,0,0,,,0.000000,0.000000
reg_op2[9]$_DFFE_PP_,pipeline_state,0,0,0,0,,,0.000000,0.000000
reg_out[0]$_DFF_P_,pipeline_state,0,0,0,0,,,0.000000,0.000000
reg_out[10]$_DFF_P_,pipeline_state,0,0,0,0,,,0.000000,0.000000
reg_out[11]$_DFF_P_,pipeline_state,0,0,0,0,,,0.000000,0.000000
reg_out[12]$_DFF_P_,pipeline_state,0,0,0,0,,,0.000000,0.000000
reg_out[13]$_DFF_P_,pipeline_state,0,0,0,0,,,0.000000,0.000000
reg_out[14]$_DFF_P_,pipeline_state,0,0,0,0,,,0.000000,0.000000
reg_out[15]$_DFF_P_,pipeline_state,0,0,0,0,,,0.000000,0.000000
reg_out[16]$_DFF_P_,pipeline_state,0,0,0,0,,,0.000000,0.000000
reg_out[17]$_DFF_P_,pipeline_state,0,1,0,1,,0.430500,0.000000,0.000000
reg_out[18]$_DFF_P_,pipeline_state,0,1,0,1,,0.410800,0.000000,0.000000
reg_out[19]$_DFF_P_,pipeline_state,0,0,0,0,,,0.000000,0.000000
reg_out[1]$_DFF_P_,pipeline_state,0,1,0,1,,0.368700,0.000000,0.000000
reg_out[20]$_DFF_P_,pipeline_state,0,0,0,0,,,0.000000,0.000000
reg_out[21]$_DFF_P_,pipeline_state,0,0,0,0,,,0.000000,0.000000
reg_out[22]$_DFF_P_,pipeline_state,0,0,0,0,,,0.000000,0.000000
reg_out[23]$_DFF_P_,pipeline_state,0,0,0,0,,,0.000000,0.000000
reg_out[24]$_DFF_P_,pipeline_state,0,0,0,0,,,0.000000,0.000000
reg_out[25]$_DFF_P_,pipeline_state,0,1,0,1,,0.440300,0.000000,0.000000
reg_out[26]$_DFF_P_,pipeline_state,0,0,0,0,,,0.000000,0.000000
reg_out[27]$_DFF_P_,pipeline_state,0,0,0,0,,,0.000000,0.000000
reg_out[28]$_DFF_P_,pipeline_state,0,0,0,0,,,0.000000,0.000000
reg_out[29]$_DFF_P_,pipeline_state,0,0,0,0,,,0.000000,0.000000
reg_out[2]$_DFF_P_,pipeline_state,0,0,0,0,,,0.000000,0.000000
reg_out[30]$_DFF_P_,pipeline_state,0,0,0,0,,,0.000000,0.000000
reg_out[31]$_DFF_P_,pipeline_state,0,0,0,0,,,0.000000,0.000000
reg_out[3]$_DFF_P_,pipeline_state,0,0,0,0,,,0.000000,0.000000
reg_out[4]$_DFF_P_,pipeline_state,0,0,0,0,,,0.000000,0.000000
reg_out[5]$_DFF_P_,pipeline_state,0,0,0,0,,,0.000000,0.000000
reg_out[6]$_DFF_P_,pipeline_state,0,1,0,1,,0.443700,0.000000,0.000000
reg_out[7]$_DFF_P_,pipeline_state,0,0,0,0,,,0.000000,0.000000
reg_out[8]$_DFF_P_,pipeline_state,0,0,0,0,,,0.000000,0.000000
reg_out[9]$_DFF_P_,pipeline_state,0,0,0,0,,,0.000000,0.000000
reg_pc[10]$_SDFFE_PN0P_,pipeline_state,0,0,0,0,,,0.000000,0.000000
reg_pc[11]$_SDFFE_PN0P_,pipeline_state,0,0,0,0,,,0.000000,0.000000
reg_pc[12]$_SDFFE_PN0P_,pipeline_state,0,0,0,0,,,0.000000,0.000000
reg_pc[13]$_SDFFE_PN0P_,pipeline_state,0,0,0,0,,,0.000000,0.000000
reg_pc[14]$_SDFFE_PN0P_,pipeline_state,0,0,0,0,,,0.000000,0.000000
reg_pc[15]$_SDFFE_PN0P_,pipeline_state,0,0,0,0,,,0.000000,0.000000
reg_pc[16]$_SDFFE_PN0P_,pipeline_state,0,0,0,0,,,0.000000,0.000000
reg_pc[17]$_SDFFE_PN0P_,pipeline_state,0,0,0,0,,,0.000000,0.000000
reg_pc[18]$_SDFFE_PN0P_,pipeline_state,0,0,0,0,,,0.000000,0.000000
reg_pc[19]$_SDFFE_PN0P_,pipeline_state,0,0,0,0,,,0.000000,0.000000
reg_pc[1]$_SDFFE_PN0P_,pipeline_state,0,0,0,0,,,0.000000,0.000000
reg_pc[20]$_SDFFE_PN0P_,pipeline_state,0,0,0,0,,,0.000000,0.000000
reg_pc[21]$_SDFFE_PN0P_,pipeline_state,0,0,0,0,,,0.000000,0.000000
reg_pc[22]$_SDFFE_PN0P_,pipeline_state,0,0,0,0,,,0.000000,0.000000
reg_pc[23]$_SDFFE_PN0P_,pipeline_state,0,0,0,0,,,0.000000,0.000000
reg_pc[24]$_SDFFE_PN0P_,pipeline_state,0,0,0,0,,,0.000000,0.000000
reg_pc[25]$_SDFFE_PN0P_,pipeline_state,0,0,0,0,,,0.000000,0.000000
reg_pc[26]$_SDFFE_PN0P_,pipeline_state,0,0,0,0,,,0.000000,0.000000
reg_pc[27]$_SDFFE_PN0P_,pipeline_state,0,0,0,0,,,0.000000,0.000000
reg_pc[28]$_SDFFE_PN0P_,pipeline_state,0,0,0,0,,,0.000000,0.000000
reg_pc[29]$_SDFFE_PN0P_,pipeline_state,0,0,0,0,,,0.000000,0.000000
reg_pc[2]$_SDFFE_PN0P_,pipeline_state,0,0,0,0,,,0.000000,0.000000
reg_pc[30]$_SDFFE_PN0P_,pipeline_state,0,0,0,0,,,0.000000,0.000000
reg_pc[31]$_SDFFE_PN0P_,pipeline_state,0,0,0,0,,,0.000000,0.000000
reg_pc[3]$_SDFFE_PN0P_,pipeline_state,0,0,0,0,,,0.000000,0.000000
reg_pc[4]$_SDFFE_PN0P_,pipeline_state,0,0,0,0,,,0.000000,0.000000
reg_pc[5]$_SDFFE_PN0P_,pipeline_state,0,0,0,0,,,0.000000,0.000000
reg_pc[6]$_SDFFE_PN0P_,pipeline_state,0,0,0,0,,,0.000000,0.000000
reg_pc[7]$_SDFFE_PN0P_,pipeline_state,0,0,0,0,,,0.000000,0.000000
reg_pc[8]$_SDFFE_PN0P_,pipeline_state,0,0,0,0,,,0.000000,0.000000
reg_pc[9]$_SDFFE_PN0P_,pipeline_state,0,0,0,0,,,0.000000,0.000000
reg_sh[0]$_DFFE_PP_,pipeline_state,0,0,0,0,,,0.000000,0.000000
reg_sh[1]$_DFFE_PP_,pipeline_state,0,0,0,0,,,0.000000,0.000000
reg_sh[2]$_DFF_P_,pipeline_state,0,0,0,0,,,0.000000,0.000000
reg_sh[3]$_DFF_P_,pipeline_state,0,0,0,0,,,0.000000,0.000000
reg_sh[4]$_DFF_P_,pipeline_state,0,0,0,0,,,0.000000,0.000000
trap$_SDFF_PN0_,trap_debug,0,0,0,0,,,0.000000,0.000000
