net,connection_count
.D(\i_dm.abs_err_acc_busy_next,1
.D(\i_dm.abs_err_exc_next,1
.D(\i_dm.hart_pbuf_ebreak_next,1
.D(\i_pipe_top.i_pipe_exu.csr_access_next,1
.D(\i_pipe_top.i_pipe_exu.i_ialu.div_res_rem_c,1
.D(\i_pipe_top.i_pipe_exu.i_lsu.lsu_fsm_next,1
.D(\i_pipe_top.i_pipe_exu.wfi_run_start_next,1
.D(\i_pipe_top.i_pipe_hdu.dfsm_event_next,1
.D(\i_pipe_top.i_pipe_hdu.dfsm_trans_next,1
.D(\i_pipe_top.i_pipe_hdu.dfsm_update_next,1
.D(\i_pipe_top.i_pipe_hdu.ifu_handshake_done,1
.D(\i_pipe_top.i_pipe_ifu.ifu_fsm_next,1
.D(\i_scu.core_rst_n_in_sync,1
.D(\i_scu.dm_rst_n_in,1
.D(\i_scu.hdu_rst_n_in_sync,1
.D(\i_scu.i_sys_rstn_qlfy_adapter_cell_sync.reset_n_in_sync,1
.D(_01851_,1
.D(_01921_,1
.D(_03555_,1
.D(_03561_,1
.D(_03565_,1
.D(_03566_,1
.D(_03568_,1
.D(_03570_,1
.D(_03604_,1
.D(_03614_,1
.D(_03615_,1
.D(_03620_,1
.D(_03626_,1
.D(_03628_,1
.D(_03631_,1
.D(_03632_,1
.D(_03633_,1
.D(_03634_,1
.D(_03636_,1
.D(_03637_,1
.D(_03639_,1
.D(_03644_,1
.D(_03645_,1
.D(_03646_,1
.D(_03647_,1
.D(_03648_,1
.D(_03649_,1
.D(_03650_,1
.D(_03654_,1
.D(_03658_,1
.D(_03662_,1
.D(_03679_,1
.D(_03681_,1
.D(_03682_,1
.D(_03683_,1
.D(_03684_,1
.D(_03686_,1
.D(_03687_,1
.D(_03689_,1
.D(_03694_,1
.D(_03695_,1
.D(_03696_,1
.D(_03697_,1
.D(_03700_,1
.D(_03706_,1
.D(_03712_,1
.D(_03713_,1
.D(_03715_,1
.D(_03716_,1
.D(_03717_,1
.D(_03718_,1
.D(_03719_,1
.D(_03720_,1
.D(_03721_,1
.D(_03722_,1
.D(_03723_,1
.D(_07996_,1
.D(hdu2dm_rdc_qlfy,1
.D(net330,1
.D(net5726,1
.D(net5744,1
_00000_,2
_00001_,3
_00002_,3
_00003_,3
_00004_,2
_00005_,3
_00006_,2
_00007_,2
_00008_,2
_00009_,10
_00010_,11
_00011_,2
_00012_,2
_00013_,2
_00014_,2
_00015_,2
_00016_,2
_00017_,2
_00018_,2
_00019_,3
_00020_,4
_00021_,8
_00022_,9
_00023_,2
_00025_,2
_00026_,6
_00027_,2
_00028_,2
_00029_,2
_00030_,2
_00031_,4
_00032_,2
_00033_,2
_00034_,3
_00035_,3
_00036_,2
_00037_,2
_00038_,4
_00039_,2
_00040_,2
_00041_,2
_00042_,2
_00043_,2
_00044_,2
_00045_,2
_00046_,3
_00047_,3
_00048_,3
_00049_,5
_00050_,3
_00051_,2
_00052_,2
_00053_,2
_00054_,2
_00055_,2
_00056_,2
_00057_,2
_00058_,2
_00059_,2
_00060_,3
_00061_,2
_00062_,6
_00063_,6
_00064_,2
_00065_,3
_00066_,2
_00067_,2
_00068_,2
_00069_,2
_00070_,2
_00071_,2
_00072_,2
_00073_,2
_00074_,2
_00075_,2
_00076_,2
_00077_,2
_00078_,2
_00079_,3
_00080_,4
_00081_,4
_00082_,2
_00083_,2
_00084_,2
_00085_,2
_00086_,2
_00087_,2
_00088_,2
_00089_,2
_00090_,2
_00091_,2
_00092_,2
_00093_,2
_00094_,2
_00095_,2
_00096_,2
_00097_,2
_00098_,2
_00099_,2
_00100_,2
_00101_,2
_00102_,2
_00103_,2
_00104_,2
_00105_,2
_00106_,2
_00107_,2
_00108_,2
_00109_,2
_00110_,2
_00111_,2
_00112_,2
_00113_,2
_00114_,2
_00115_,2
_00116_,2
_00117_,2
_00118_,2
_00119_,2
_00120_,2
_00121_,2
_00122_,2
_00123_,2
_00124_,2
_00125_,2
_00126_,2
_00127_,2
_00128_,2
_00129_,2
_00130_,2
_00131_,2
_00132_,2
_00133_,2
_00134_,2
_00135_,2
_00136_,2
_00137_,2
_00138_,2
_00139_,2
_00140_,2
_00141_,2
_00142_,2
_00143_,2
_00144_,2
_00145_,2
_00146_,2
_00147_,2
_00148_,2
_00149_,2
_00150_,2
_00151_,2
_00152_,2
_00153_,2
_00154_,2
_00155_,2
_00156_,2
_00157_,2
_00158_,2
_00159_,2
_00160_,2
_00161_,2
_00162_,2
_00163_,2
_00164_,2
_00165_,2
_00166_,2
_00167_,2
_00168_,2
_00169_,2
_00170_,2
_00171_,2
_00172_,2
_00173_,2
_00174_,2
_00175_,2
_00176_,2
_00177_,2
_00178_,2
_00179_,2
_00180_,2
_00181_,2
_00182_,3
_00183_,4
_00184_,2
_00185_,2
_00186_,2
_00187_,2
_00188_,2
_00189_,2
_00190_,2
_00191_,2
_00192_,2
_00193_,2
_00194_,2
_00195_,2
_00196_,2
_00197_,2
_00198_,2
_00199_,2
_00200_,2
_00201_,2
_00202_,2
_00203_,2
_00204_,2
_00205_,2
_00206_,2
_00207_,2
_00208_,2
_00209_,2
_00210_,2
_00211_,2
_00212_,2
_00213_,2
_00214_,2
_00215_,2
_00216_,2
_00217_,2
_00218_,2
_00219_,2
_00220_,2
_00221_,2
_00222_,2
_00223_,2
_00224_,2
_00225_,2
_00226_,2
_00227_,2
_00228_,2
_00229_,2
_00230_,2
_00231_,2
_00232_,2
_00233_,2
_00234_,2
_00235_,2
_00236_,2
_00237_,2
_00238_,2
_00239_,2
_00240_,2
_00241_,2
_00242_,2
_00243_,2
_00244_,2
_00245_,2
_00246_,2
_00247_,2
_00248_,2
_00249_,2
_00250_,2
_00251_,2
_00252_,2
_00253_,2
_00254_,2
_00255_,2
_00256_,2
_00257_,2
_00258_,2
_00259_,2
_00260_,2
_00261_,2
_00262_,2
_00263_,2
_00264_,2
_00265_,2
_00266_,2
_00267_,2
_00268_,2
_00269_,2
_00270_,2
_00271_,2
_00272_,2
_00273_,2
_00274_,2
_00275_,2
_00276_,2
_00277_,2
_00278_,2
_00279_,2
_00280_,2
_00281_,2
_00282_,2
_00283_,2
_00284_,2
_00285_,2
_00286_,2
_00287_,2
_00288_,2
_00289_,2
_00290_,2
_00291_,2
_00292_,2
_00293_,2
_00294_,2
_00295_,2
_00296_,2
_00297_,2
_00298_,2
_00299_,2
_00300_,2
_00301_,2
_00302_,2
_00303_,2
_00304_,2
_00305_,2
_00306_,2
_00307_,2
_00308_,3
_00309_,4
_00310_,2
_00311_,2
_00312_,2
_00313_,2
_00314_,2
_00315_,2
_00316_,2
_00317_,2
_00318_,2
_00319_,2
_00320_,2
_00321_,2
_00322_,2
_00323_,2
_00324_,2
_00325_,2
_00326_,2
_00327_,2
_00328_,2
_00329_,2
_00330_,2
_00331_,2
_00332_,2
_00333_,2
_00334_,2
_00335_,2
_00336_,2
_00337_,2
_00338_,2
_00339_,2
_00340_,2
_00341_,2
_00342_,2
_00343_,2
_00344_,2
_00345_,2
_00346_,2
_00347_,2
_00348_,2
_00349_,2
_00350_,2
_00351_,2
_00352_,2
_00353_,2
_00354_,2
_00355_,2
_00356_,2
_00357_,2
_00358_,2
_00359_,2
_00360_,2
_00361_,2
_00362_,2
_00363_,2
_00364_,2
_00365_,2
_00366_,2
_00367_,2
_00368_,2
_00369_,2
_00370_,2
_00371_,2
_00372_,2
_00373_,2
_00374_,2
_00375_,2
_00376_,2
_00377_,2
_00378_,2
_00379_,2
_00380_,2
_00381_,2
_00382_,2
_00383_,4
_00384_,2
_00385_,2
_00386_,2
_00387_,2
_00388_,2
_00389_,2
_00390_,2
_00391_,2
_00392_,2
_00393_,2
_00394_,2
_00395_,3
_00396_,2
_00397_,2
_00398_,2
_00399_,2
_00400_,2
_00401_,2
_00402_,2
_00403_,2
_00404_,2
_00405_,2
_00406_,2
_00407_,2
_00408_,2
_00409_,2
_00410_,2
_00411_,2
_00412_,2
_00413_,2
_00414_,2
_00415_,2
_00416_,2
_00417_,2
_00418_,2
_00419_,2
_00420_,2
_00421_,2
_00422_,2
_00423_,2
_00424_,2
_00425_,2
_00426_,2
_00427_,2
_00428_,2
_00429_,2
_00430_,4
_00431_,2
_00432_,2
_00433_,2
_00434_,2
_00435_,2
_00436_,3
_00437_,4
_00438_,2
_00439_,2
_00440_,2
_00441_,2
_00442_,2
_00443_,2
_00444_,2
_00445_,2
_00446_,2
_00447_,2
_00448_,2
_00449_,2
_00450_,2
_00451_,3
_00452_,2
_00453_,3
_00454_,4
_00455_,2
_00456_,2
_00457_,2
_00458_,2
_00459_,3
_00460_,2
_00461_,2
_00462_,2
_00463_,2
_00464_,2
_00465_,2
_00466_,2
_00467_,2
_00468_,2
_00469_,2
_00470_,2
_00471_,2
_00472_,2
_00473_,2
_00474_,2
_00475_,2
_00476_,2
_00477_,2
_00478_,2
_00479_,2
_00480_,2
_00481_,2
_00482_,2
_00483_,2
_00484_,2
_00485_,2
_00486_,2
_00487_,2
_00488_,2
_00489_,2
_00490_,2
_00491_,2
_00492_,2
_00493_,2
_00494_,2
_00495_,2
_00496_,2
_00497_,2
_00498_,2
_00499_,2
_00500_,2
_00501_,2
_00502_,2
_00503_,2
_00504_,2
_00505_,2
_00506_,2
_00507_,2
_00508_,2
_00509_,2
_00510_,2
_00511_,2
_00512_,2
_00513_,2
_00514_,2
_00515_,2
_00516_,2
_00517_,2
_00518_,2
_00519_,2
_00520_,2
_00521_,2
_00522_,2
_00523_,2
_00524_,2
_00525_,2
_00526_,2
_00527_,2
_00528_,2
_00529_,2
_00530_,2
_00531_,3
_00532_,3
_00533_,4
_00534_,2
_00535_,2
_00536_,2
_00537_,2
_00538_,2
_00539_,2
_00540_,2
_00541_,2
_00542_,2
_00543_,2
_00544_,2
_00545_,2
_00546_,2
_00547_,2
_00548_,2
_00549_,2
_00550_,2
_00551_,2
_00552_,3
_00553_,3
_00554_,2
_00555_,2
_00556_,2
_00557_,2
_00558_,3
_00559_,3
_00560_,2
_00561_,2
_00562_,2
_00563_,2
_00564_,2
_00565_,2
_00566_,2
_00567_,2
_00568_,2
_00569_,2
_00570_,2
_00571_,2
_00572_,2
_00573_,2
_00574_,2
_00575_,2
_00576_,2
_00577_,2
_00578_,2
_00579_,2
_00580_,2
_00581_,2
_00582_,2
_00583_,2
_00584_,2
_00585_,2
_00586_,2
_00587_,2
_00588_,2
_00589_,2
_00590_,2
_00591_,2
_00592_,2
_00593_,2
_00594_,2
_00595_,2
_00596_,2
_00597_,2
_00598_,2
_00599_,2
_00600_,2
_00601_,2
_00602_,2
_00603_,2
_00604_,2
_00605_,2
_00606_,2
_00607_,2
_00608_,2
_00609_,2
_00610_,2
_00611_,2
_00612_,2
_00613_,2
_00614_,2
_00615_,2
_00616_,2
_00617_,2
_00618_,10
_00619_,10
_00620_,2
_00621_,2
_00622_,2
_00623_,2
_00624_,2
_00625_,2
_00626_,2
_00627_,2
_00628_,2
_00629_,2
_00630_,2
_00631_,2
_00632_,2
_00633_,2
_00634_,2
_00635_,2
_00636_,2
_00637_,2
_00638_,2
_00639_,2
_00640_,2
_00641_,2
_00642_,2
_00643_,2
_00644_,2
_00645_,2
_00646_,2
_00647_,2
_00648_,2
_00649_,2
_00650_,2
_00651_,3
_00652_,4
_00653_,2
_00654_,2
_00655_,2
_00656_,2
_00657_,2
_00658_,2
_00659_,2
_00660_,2
_00661_,2
_00662_,2
_00663_,2
_00664_,2
_00665_,2
_00666_,2
_00667_,2
_00668_,2
_00669_,2
_00670_,2
_00671_,2
_00672_,2
_00673_,2
_00674_,2
_00675_,2
_00676_,2
_00677_,2
_00678_,2
_00679_,2
_00680_,2
_00681_,2
_00682_,2
_00683_,2
_00684_,2
_00685_,2
_00686_,2
_00687_,2
_00688_,2
_00689_,2
_00690_,2
_00691_,2
_00692_,2
_00693_,2
_00694_,2
_00695_,2
_00696_,2
_00697_,2
_00698_,2
_00699_,2
_00700_,2
_00701_,2
_00702_,2
_00703_,2
_00704_,2
_00705_,2
_00706_,2
_00707_,2
_00708_,2
_00709_,2
_00710_,2
_00711_,2
_00712_,2
_00713_,2
_00714_,2
_00715_,2
_00716_,2
_00717_,2
_00718_,2
_00719_,2
_00720_,2
_00721_,2
_00722_,2
_00723_,2
_00724_,2
_00725_,2
_00726_,2
_00727_,2
_00728_,2
_00729_,2
_00730_,2
_00731_,2
_00732_,2
_00733_,2
_00734_,2
_00735_,2
_00736_,2
_00737_,2
_00738_,2
_00739_,2
_00740_,2
_00741_,2
_00742_,2
_00743_,2
_00744_,2
_00745_,2
_00746_,2
_00747_,2
_00748_,2
_00749_,2
_00750_,2
_00751_,2
_00752_,2
_00753_,2
_00754_,2
_00755_,2
_00756_,2
_00757_,2
_00758_,2
_00759_,2
_00760_,2
_00761_,2
_00762_,2
_00763_,2
_00764_,2
_00765_,2
_00766_,2
_00767_,2
_00768_,2
_00769_,2
_00770_,2
_00771_,2
_00772_,2
_00773_,2
_00774_,2
_00775_,2
_00776_,2
_00777_,2
_00778_,2
_00779_,2
_00780_,2
_00781_,2
_00782_,2
_00783_,2
_00784_,2
_00785_,2
_00786_,2
_00787_,2
_00788_,2
_00789_,2
_00790_,2
_00791_,2
_00792_,2
_00793_,2
_00794_,2
_00795_,2
_00796_,2
_00797_,2
_00798_,2
_00799_,2
_00800_,2
_00801_,2
_00802_,2
_00803_,2
_00804_,2
_00805_,2
_00806_,2
_00807_,2
_00808_,2
_00809_,2
_00810_,2
_00811_,2
_00812_,2
_00813_,2
_00814_,2
_00815_,2
_00816_,2
_00817_,2
_00818_,2
_00819_,2
_00820_,2
_00821_,2
_00822_,2
_00823_,2
_00824_,2
_00825_,2
_00826_,2
_00827_,2
_00828_,2
_00829_,2
_00830_,2
_00831_,2
_00832_,2
_00833_,2
_00834_,2
_00835_,2
_00836_,2
_00837_,2
_00838_,2
_00839_,2
_00840_,2
_00841_,2
_00842_,2
_00843_,2
_00844_,2
_00845_,2
_00846_,2
_00847_,2
_00848_,2
_00849_,2
_00850_,2
_00851_,2
_00852_,2
_00853_,2
_00854_,2
_00855_,2
_00856_,2
_00857_,2
_00858_,2
_00859_,2
_00860_,2
_00861_,2
_00862_,2
_00863_,2
_00864_,2
_00865_,2
_00866_,2
_00867_,2
_00868_,2
_00869_,2
_00870_,2
_00871_,2
_00872_,2
_00873_,2
_00874_,2
_00875_,2
_00876_,2
_00877_,2
_00878_,2
_00879_,2
_00880_,2
_00881_,2
_00882_,2
_00883_,2
_00884_,2
_00885_,2
_00886_,2
_00887_,2
_00888_,2
_00889_,2
_00890_,2
_00891_,2
_00892_,2
_00893_,2
_00894_,2
_00895_,2
_00896_,2
_00897_,2
_00898_,2
_00899_,2
_00900_,2
_00901_,2
_00902_,2
_00903_,2
_00904_,2
_00905_,2
_00906_,2
_00907_,2
_00908_,2
_00909_,2
_00910_,2
_00911_,2
_00912_,2
_00913_,2
_00914_,2
_00915_,2
_00916_,2
_00917_,2
_00918_,2
_00919_,2
_00920_,2
_00921_,2
_00922_,2
_00923_,2
_00924_,2
_00925_,2
_00926_,2
_00927_,2
_00928_,2
_00929_,2
_00930_,2
_00931_,2
_00932_,2
_00933_,2
_00934_,2
_00935_,2
_00936_,2
_00937_,2
_00938_,2
_00939_,2
_00940_,2
_00941_,2
_00942_,2
_00943_,2
_00944_,2
_00945_,2
_00946_,2
_00947_,2
_00948_,2
_00949_,2
_00950_,2
_00951_,2
_00952_,2
_00953_,2
_00954_,2
_00955_,2
_00956_,2
_00957_,2
_00958_,2
_00959_,2
_00960_,2
_00961_,2
_00962_,2
_00963_,2
_00964_,2
_00965_,2
_00966_,2
_00967_,2
_00968_,2
_00969_,2
_00970_,2
_00971_,2
_00972_,2
_00973_,2
_00974_,2
_00975_,2
_00976_,2
_00977_,2
_00978_,2
_00979_,2
_00980_,2
_00981_,2
_00982_,2
_00983_,2
_00984_,2
_00985_,2
_00986_,2
_00987_,2
_00988_,2
_00989_,2
_00990_,2
_00991_,2
_00992_,2
_00993_,2
_00994_,2
_00995_,2
_00996_,2
_00997_,2
_00998_,2
_00999_,2
_01000_,2
_01001_,2
_01002_,2
_01003_,2
_01004_,2
_01005_,2
_01006_,2
_01007_,2
_01008_,2
_01009_,2
_01010_,2
_01011_,2
_01012_,2
_01013_,2
_01014_,2
_01015_,2
_01016_,2
_01017_,2
_01018_,2
_01019_,2
_01020_,2
_01021_,2
_01022_,2
_01023_,2
_01024_,2
_01025_,2
_01026_,2
_01027_,2
_01028_,2
_01029_,2
_01030_,2
_01031_,2
_01032_,2
_01033_,2
_01034_,2
_01035_,2
_01036_,2
_01037_,2
_01038_,2
_01039_,2
_01040_,2
_01041_,2
_01042_,2
_01043_,2
_01044_,2
_01045_,2
_01046_,2
_01047_,2
_01048_,2
_01049_,2
_01050_,2
_01051_,2
_01052_,2
_01053_,2
_01054_,2
_01055_,2
_01056_,2
_01057_,2
_01058_,2
_01059_,2
_01060_,2
_01061_,2
_01062_,2
_01063_,2
_01064_,2
_01065_,2
_01066_,2
_01067_,2
_01068_,2
_01069_,2
_01070_,2
_01071_,2
_01072_,2
_01073_,2
_01074_,2
_01075_,2
_01076_,2
_01077_,2
_01078_,2
_01079_,2
_01080_,2
_01081_,2
_01082_,2
_01083_,2
_01084_,2
_01085_,2
_01086_,2
_01087_,2
_01088_,2
_01089_,2
_01090_,2
_01091_,2
_01092_,2
_01093_,2
_01094_,2
_01095_,2
_01096_,2
_01097_,2
_01098_,2
_01099_,2
_01100_,2
_01101_,2
_01102_,2
_01103_,2
_01104_,2
_01105_,2
_01106_,2
_01107_,2
_01108_,2
_01109_,2
_01110_,2
_01111_,2
_01112_,2
_01113_,2
_01114_,2
_01115_,2
_01116_,2
_01117_,2
_01118_,2
_01119_,7
_01120_,2
_01121_,2
_01122_,2
_01123_,6
_01124_,2
_01125_,2
_01126_,3
_01127_,2
_01128_,2
_01129_,2
_01130_,2
_01131_,2
_01132_,2
_01133_,2
_01136_,3
_01137_,2
_01138_,2
_01139_,3
_01140_,3
_01141_,3
_01142_,2
_01143_,2
_01146_,2
_01147_,2
_01148_,2
_01151_,2
_01152_,2
_01153_,2
_01156_,2
_01157_,2
_01158_,2
_01161_,2
_01162_,2
_01163_,2
_01165_,2
_01166_,2
_01167_,2
_01168_,2
_01171_,2
_01172_,2
_01173_,2
_01176_,2
_01177_,2
_01178_,2
_01180_,3
_01181_,2
_01182_,2
_01183_,2
_01185_,2
_01186_,2
_01187_,2
_01188_,2
_01190_,3
_01191_,2
_01192_,2
_01193_,2
_01195_,2
_01196_,2
_01197_,2
_01198_,2
_01201_,2
_01202_,2
_01203_,2
_01206_,2
_01207_,2
_01208_,2
_01210_,2
_01211_,2
_01212_,2
_01213_,2
_01215_,2
_01216_,2
_01217_,2
_01218_,2
_01221_,2
_01222_,2
_01223_,2
_01226_,2
_01227_,2
_01228_,2
_01230_,2
_01231_,2
_01232_,2
_01233_,2
_01236_,2
_01237_,2
_01238_,2
_01241_,2
_01242_,2
_01243_,2
_01245_,2
_01246_,2
_01247_,2
_01248_,2
_01251_,2
_01252_,2
_01253_,2
_01255_,3
_01256_,2
_01257_,2
_01258_,2
_01261_,2
_01262_,2
_01263_,2
_01265_,3
_01266_,2
_01267_,2
_01268_,2
_01271_,2
_01272_,2
_01273_,2
_01275_,3
_01276_,2
_01277_,2
_01278_,2
_01280_,3
_01281_,2
_01282_,2
_01283_,2
_01285_,3
_01286_,2
_01287_,2
_01288_,2
_01289_,2
_01290_,2
_01291_,2
_01292_,4
_01293_,5
_01294_,2
_01295_,4
_01296_,5
_01297_,5
_01298_,3
_01299_,4
_01300_,2
_01301_,3
_01302_,2
_01303_,2
_01304_,2
_01305_,4
_01306_,5
_01307_,6
_01308_,5
_01309_,5
_01310_,5
_01311_,2
_01312_,3
_01313_,2
_01314_,7
_01315_,5
_01316_,6
_01317_,5
_01318_,5
_01319_,4
_01320_,5
_01321_,2
_01322_,3
_01323_,3
_01324_,2
_01325_,3
_01326_,4
_01327_,2
_01328_,2
_01329_,3
_01330_,4
_01331_,2
_01332_,3
_01333_,4
_01334_,2
_01335_,2
_01336_,3
_01337_,2
_01338_,3
_01339_,4
_01340_,2
_01341_,2
_01342_,4
_01343_,2
_01344_,2
_01345_,5
_01346_,2
_01347_,3
_01348_,3
_01349_,2
_01350_,4
_01351_,4
_01352_,2
_01353_,3
_01354_,5
_01355_,2
_01356_,4
_01357_,4
_01358_,2
_01359_,3
_01360_,3
_01361_,2
_01362_,4
_01363_,4
_01364_,2
_01365_,5
_01366_,3
_01367_,2
_01368_,5
_01369_,4
_01370_,2
_01371_,5
_01372_,5
_01373_,2
_01374_,3
_01375_,5
_01376_,2
_01377_,4
_01378_,3
_01379_,2
_01380_,3
_01381_,3
_01382_,2
_01383_,4
_01384_,3
_01385_,2
_01386_,2
_01387_,3
_01388_,2
_01389_,3
_01390_,3
_01391_,2
_01392_,4
_01393_,4
_01394_,2
_01395_,4
_01396_,5
_01397_,2
_01398_,3
_01399_,3
_01400_,2
_01401_,3
_01402_,3
_01403_,2
_01404_,3
_01405_,4
_01406_,2
_01407_,3
_01408_,3
_01409_,2
_01410_,3
_01411_,4
_01412_,2
_01413_,3
_01414_,3
_01415_,2
_01416_,3
_01417_,3
_01418_,2
_01419_,2
_01420_,3
_01421_,4
_01422_,3
_01423_,4
_01424_,6
_01425_,3
_01426_,6
_01427_,2
_01428_,2
_01429_,3
_01430_,3
_01431_,3
_01432_,4
_01433_,6
_01434_,3
_01435_,3
_01436_,7
_01437_,3
_01438_,5
_01439_,2
_01440_,3
_01441_,9
_01442_,2
_01443_,2
_01444_,2
_01445_,2
_01446_,2
_01447_,2
_01448_,2
_01449_,4
_01450_,3
_01451_,2
_01452_,7
_01453_,2
_01454_,3
_01455_,9
_01456_,4
_01457_,4
_01458_,3
_01459_,2
_01460_,3
_01461_,6
_01462_,5
_01463_,3
_01464_,4
_01465_,3
_01466_,3
_01467_,7
_01468_,5
_01469_,9
_01470_,8
_01471_,5
_01472_,7
_01473_,5
_01474_,5
_01475_,4
_01476_,5
_01477_,3
_01478_,3
_01479_,4
_01480_,4
_01481_,5
_01482_,4
_01483_,3
_01484_,5
_01485_,2
_01486_,4
_01487_,4
_01488_,7
_01489_,5
_01490_,6
_01491_,7
_01492_,3
_01493_,4
_01494_,7
_01495_,9
_01496_,5
_01497_,6
_01498_,5
_01499_,2
_01500_,4
_01501_,4
_01502_,3
_01503_,4
_01504_,3
_01505_,4
_01506_,4
_01507_,6
_01508_,3
_01509_,4
_01510_,3
_01511_,3
_01512_,3
_01513_,5
_01514_,4
_01515_,5
_01516_,8
_01517_,4
_01518_,3
_01519_,2
_01520_,4
_01521_,5
_01522_,7
_01523_,4
_01524_,2
_01525_,2
_01526_,3
_01527_,5
_01528_,6
_01529_,6
_01530_,3
_01531_,3
_01532_,3
_01533_,4
_01534_,2
_01535_,2
_01536_,2
_01539_,5
_01540_,5
_01541_,3
_01542_,7
_01543_,2
_01544_,3
_01545_,6
_01546_,2
_01547_,2
_01548_,4
_01549_,2
_01550_,5
_01551_,4
_01552_,2
_01553_,5
_01554_,4
_01555_,2
_01556_,7
_01557_,7
_01558_,6
_01559_,6
_01560_,2
_01561_,2
_01562_,3
_01563_,2
_01564_,2
_01565_,2
_01566_,6
_01567_,3
_01568_,2
_01569_,3
_01570_,4
_01571_,5
_01572_,4
_01573_,2
_01574_,5
_01575_,3
_01576_,2
_01577_,7
_01578_,7
_01579_,2
_01580_,8
_01581_,6
_01582_,2
_01583_,6
_01584_,5
_01585_,2
_01586_,5
_01587_,3
_01588_,2
_01589_,4
_01590_,7
_01591_,2
_01592_,4
_01593_,6
_01594_,2
_01595_,6
_01596_,3
_01597_,2
_01598_,5
_01599_,4
_01600_,2
_01601_,7
_01602_,4
_01603_,2
_01604_,6
_01605_,3
_01606_,2
_01607_,4
_01608_,3
_01609_,2
_01610_,6
_01611_,4
_01612_,2
_01613_,6
_01614_,5
_01615_,2
_01616_,5
_01617_,3
_01618_,2
_01619_,6
_01620_,4
_01621_,10
_01622_,2
_01623_,2
_01624_,2
_01625_,2
_01626_,2
_01627_,6
_01628_,4
_01629_,2
_01630_,3
_01631_,5
_01632_,2
_01633_,3
_01634_,3
_01635_,2
_01636_,3
_01637_,4
_01638_,2
_01639_,3
_01640_,4
_01641_,2
_01642_,3
_01643_,4
_01644_,2
_01645_,2
_01646_,3
_01647_,2
_01648_,2
_01649_,2
_01650_,4
_01651_,4
_01652_,3
_01653_,2
_01654_,3
_01655_,5
_01656_,7
_01657_,2
_01658_,2
_01659_,3
_01660_,6
_01662_,3
_01663_,2
_01664_,2
_01665_,2
_01666_,2
_01667_,2
_01668_,3
_01669_,2
_01670_,4
_01671_,6
_01672_,2
_01673_,2
_01674_,5
_01675_,5
_01676_,6
_01677_,4
_01678_,2
_01679_,5
_01680_,3
_01681_,4
_01682_,5
_01683_,4
_01684_,2
_01685_,4
_01686_,7
_01687_,2
_01688_,7
_01689_,2
_01690_,2
_01691_,4
_01692_,3
_01693_,4
_01694_,2
_01695_,2
_01696_,7
_01697_,3
_01698_,6
_01699_,2
_01700_,4
_01701_,6
_01702_,2
_01703_,2
_01704_,4
_01705_,2
_01706_,2
_01707_,2
_01708_,2
_01709_,6
_01710_,4
_01711_,3
_01712_,5
_01713_,2
_01714_,2
_01715_,2
_01716_,2
_01717_,2
_01718_,2
_01719_,2
_01720_,5
_01721_,2
_01722_,2
_01723_,2
_01724_,2
_01725_,2
_01726_,3
_01727_,2
_01728_,2
_01729_,2
_01730_,2
_01731_,2
_01732_,6
_01733_,5
_01734_,6
_01735_,3
_01736_,3
_01737_,4
_01738_,3
_01739_,4
_01740_,5
_01741_,6
_01742_,3
_01743_,3
_01744_,6
_01745_,2
_01746_,2
_01747_,2
_01748_,4
_01749_,6
_01750_,5
_01751_,5
_01752_,6
_01753_,4
_01754_,2
_01755_,6
_01756_,2
_01757_,4
_01758_,2
_01759_,5
_01760_,5
_01761_,2
_01762_,4
_01763_,4
_01764_,3
_01765_,2
_01766_,4
_01767_,10
_01768_,3
_01769_,13
_01770_,3
_01771_,4
_01772_,5
_01773_,6
_01774_,3
_01775_,3
_01776_,6
_01777_,3
_01778_,2
_01779_,2
_01780_,2
_01781_,2
_01782_,2
_01783_,3
_01784_,2
_01785_,2
_01786_,3
_01787_,2
_01788_,2
_01789_,3
_01790_,3
_01791_,3
_01792_,2
_01793_,2
_01794_,3
_01795_,2
_01796_,2
_01797_,2
_01798_,2
_01799_,2
_01800_,2
_01801_,2
_01802_,2
_01803_,2
_01804_,2
_01805_,2
_01806_,2
_01807_,2
_01808_,2
_01809_,2
_01810_,2
_01811_,2
_01812_,2
_01813_,2
_01814_,2
_01815_,2
_01816_,2
_01817_,2
_01818_,2
_01819_,2
_01820_,2
_01821_,2
_01822_,2
_01823_,2
_01824_,2
_01825_,2
_01826_,2
_01827_,2
_01828_,2
_01829_,2
_01830_,2
_01831_,2
_01832_,2
_01833_,33
_01834_,33
_01835_,2
_01836_,5
_01837_,2
_01838_,3
_01839_,2
_01840_,33
_01841_,8
_01842_,3
_01843_,2
_01844_,2
_01845_,2
_01846_,2
_01847_,2
_01848_,2
_01849_,2
_01850_,2
_01851_,1
_01852_,2
_01853_,2
_01854_,2
_01855_,2
_01856_,2
_01857_,2
_01858_,2
_01859_,2
_01860_,2
_01861_,2
_01862_,2
_01863_,2
_01864_,2
_01865_,2
_01866_,2
_01867_,2
_01868_,2
_01869_,2
_01870_,2
_01871_,2
_01872_,2
_01873_,2
_01874_,2
_01875_,2
_01876_,2
_01877_,2
_01878_,2
_01879_,2
_01880_,2
_01881_,2
_01882_,2
_01883_,2
_01884_,2
_01885_,2
_01886_,2
_01887_,2
_01888_,2
_01889_,2
_01890_,2
_01891_,2
_01892_,2
_01893_,2
_01894_,2
_01895_,2
_01896_,2
_01897_,2
_01898_,2
_01899_,2
_01900_,2
_01901_,2
_01902_,2
_01903_,2
_01904_,2
_01905_,2
_01906_,2
_01907_,2
_01908_,2
_01909_,2
_01910_,2
_01911_,2
_01912_,2
_01913_,2
_01914_,2
_01915_,2
_01916_,2
_01917_,2
_01918_,2
_01919_,2
_01920_,2
_01921_,2
_01922_,2
_01923_,2
_01924_,2
_01925_,2
_01926_,2
_01927_,2
_01928_,2
_01929_,2
_01930_,2
_01931_,2
_01932_,2
_01933_,2
_01934_,2
_01935_,2
_01936_,2
_01937_,2
_01938_,2
_01939_,2
_01940_,2
_01941_,2
_01942_,2
_01943_,2
_01944_,2
_01945_,2
_01946_,2
_01947_,2
_01948_,2
_01949_,2
_01950_,2
_01951_,2
_01952_,2
_01953_,2
_01954_,2
_01955_,2
_01956_,2
_01957_,2
_01958_,2
_01959_,2
_01960_,2
_01961_,2
_01962_,2
_01963_,2
_01964_,2
_01965_,2
_01966_,2
_01967_,2
_01968_,2
_01969_,2
_01970_,2
_01971_,2
_01972_,2
_01973_,2
_01974_,2
_01975_,2
_01976_,2
_01977_,2
_01978_,2
_01979_,2
_01980_,2
_01981_,2
_01982_,2
_01983_,2
_01984_,2
_01985_,2
_01986_,2
_01987_,2
_01988_,2
_01989_,2
_01990_,2
_01991_,2
_01992_,2
_01993_,2
_01994_,2
_01995_,2
_01996_,2
_01997_,2
_01998_,2
_01999_,2
_02000_,2
_02001_,2
_02002_,2
_02003_,2
_02004_,2
_02005_,2
_02006_,2
_02007_,2
_02008_,2
_02009_,2
_02010_,2
_02011_,2
_02012_,2
_02013_,2
_02014_,2
_02015_,2
_02016_,2
_02017_,2
_02018_,2
_02019_,2
_02020_,2
_02021_,2
_02022_,2
_02023_,2
_02024_,2
_02025_,2
_02026_,2
_02027_,2
_02028_,2
_02029_,2
_02030_,2
_02031_,2
_02032_,2
_02033_,2
_02034_,2
_02035_,2
_02036_,2
_02037_,2
_02038_,2
_02039_,2
_02040_,2
_02041_,2
_02042_,2
_02043_,2
_02044_,2
_02045_,2
_02046_,2
_02047_,2
_02048_,2
_02049_,2
_02050_,2
_02051_,2
_02052_,2
_02053_,2
_02054_,2
_02055_,2
_02056_,2
_02057_,2
_02058_,2
_02059_,2
_02060_,2
_02061_,2
_02062_,2
_02063_,2
_02064_,2
_02065_,2
_02066_,2
_02067_,2
_02068_,2
_02069_,2
_02070_,2
_02071_,2
_02072_,2
_02073_,2
_02074_,2
_02075_,2
_02076_,2
_02077_,2
_02078_,2
_02079_,2
_02080_,2
_02081_,2
_02082_,2
_02083_,2
_02084_,2
_02085_,2
_02086_,2
_02087_,2
_02088_,2
_02089_,2
_02090_,2
_02091_,2
_02092_,2
_02093_,2
_02094_,2
_02095_,2
_02096_,2
_02097_,2
_02098_,2
_02099_,2
_02100_,2
_02101_,2
_02102_,2
_02103_,2
_02104_,2
_02105_,2
_02106_,2
_02107_,2
_02108_,2
_02109_,2
_02110_,2
_02111_,2
_02112_,2
_02113_,2
_02114_,2
_02115_,2
_02116_,2
_02117_,2
_02118_,2
_02119_,2
_02120_,2
_02121_,2
_02122_,2
_02123_,2
_02124_,2
_02125_,2
_02126_,2
_02127_,2
_02128_,2
_02129_,2
_02130_,2
_02131_,3
_02132_,3
_02133_,3
_02134_,3
_02135_,3
_02136_,3
_02137_,3
_02138_,3
_02139_,3
_02140_,3
_02141_,3
_02142_,3
_02143_,3
_02144_,3
_02145_,3
_02146_,3
_02147_,5
_02148_,5
_02149_,5
_02150_,5
_02151_,3
_02152_,5
_02153_,2
_02154_,3
_02155_,3
_02156_,5
_02157_,2
_02158_,2
_02159_,3
_02160_,5
_02161_,2
_02162_,2
_02163_,2
_02164_,2
_02165_,2
_02166_,2
_02167_,2
_02168_,2
_02169_,2
_02170_,2
_02171_,2
_02172_,2
_02173_,2
_02174_,2
_02175_,2
_02176_,2
_02177_,2
_02178_,2
_02179_,2
_02180_,2
_02181_,2
_02182_,2
_02183_,2
_02184_,2
_02185_,2
_02186_,2
_02187_,2
_02188_,2
_02189_,2
_02190_,2
_02191_,2
_02192_,2
_02193_,2
_02194_,2
_02195_,2
_02196_,2
_02197_,2
_02198_,2
_02199_,2
_02200_,2
_02201_,2
_02202_,2
_02203_,2
_02204_,2
_02205_,2
_02206_,2
_02207_,2
_02208_,2
_02209_,2
_02210_,2
_02211_,2
_02212_,2
_02213_,2
_02214_,2
_02215_,2
_02216_,2
_02217_,2
_02218_,2
_02219_,2
_02220_,2
_02221_,2
_02222_,2
_02223_,2
_02224_,2
_02225_,2
_02226_,2
_02227_,2
_02228_,2
_02229_,2
_02230_,2
_02231_,2
_02232_,2
_02233_,2
_02234_,2
_02235_,2
_02236_,2
_02237_,2
_02238_,2
_02239_,2
_02240_,2
_02241_,2
_02242_,2
_02243_,2
_02244_,2
_02245_,2
_02246_,2
_02247_,2
_02248_,2
_02249_,2
_02250_,2
_02251_,2
_02252_,2
_02253_,2
_02254_,2
_02255_,2
_02256_,2
_02257_,2
_02258_,2
_02259_,2
_02260_,2
_02261_,2
_02262_,2
_02263_,2
_02264_,2
_02265_,2
_02266_,2
_02267_,2
_02268_,2
_02269_,2
_02270_,2
_02271_,2
_02272_,2
_02273_,2
_02274_,2
_02275_,2
_02276_,2
_02277_,2
_02278_,2
_02279_,2
_02280_,2
_02281_,2
_02282_,2
_02283_,2
_02284_,2
_02285_,2
_02286_,2
_02287_,2
_02288_,2
_02289_,2
_02290_,2
_02291_,2
_02292_,2
_02293_,2
_02294_,2
_02295_,2
_02296_,2
_02297_,2
_02298_,2
_02299_,2
_02300_,2
_02301_,2
_02302_,2
_02303_,2
_02304_,2
_02305_,2
_02306_,2
_02307_,2
_02308_,2
_02309_,2
_02310_,2
_02311_,2
_02312_,2
_02313_,2
_02314_,2
_02315_,2
_02316_,2
_02317_,2
_02318_,2
_02319_,2
_02320_,2
_02321_,2
_02322_,2
_02323_,2
_02324_,2
_02325_,2
_02326_,2
_02327_,2
_02328_,2
_02329_,2
_02330_,2
_02331_,2
_02332_,2
_02333_,2
_02334_,2
_02335_,2
_02336_,2
_02337_,2
_02338_,2
_02339_,2
_02340_,2
_02341_,2
_02342_,2
_02343_,2
_02344_,2
_02345_,2
_02346_,2
_02347_,2
_02348_,2
_02349_,2
_02350_,2
_02351_,2
_02352_,2
_02353_,2
_02354_,2
_02355_,2
_02356_,2
_02357_,2
_02358_,2
_02359_,2
_02360_,2
_02361_,2
_02362_,2
_02363_,2
_02364_,2
_02365_,2
_02366_,2
_02367_,2
_02368_,2
_02369_,2
_02370_,2
_02371_,2
_02372_,2
_02373_,2
_02374_,2
_02375_,2
_02376_,2
_02377_,2
_02378_,2
_02379_,2
_02380_,2
_02381_,2
_02382_,2
_02383_,2
_02384_,2
_02385_,2
_02386_,2
_02387_,2
_02388_,2
_02389_,2
_02390_,2
_02391_,2
_02392_,2
_02393_,2
_02394_,2
_02395_,2
_02396_,2
_02397_,2
_02398_,2
_02399_,2
_02400_,2
_02401_,2
_02402_,2
_02403_,2
_02404_,2
_02405_,2
_02406_,2
_02407_,2
_02408_,2
_02409_,2
_02410_,2
_02411_,2
_02412_,2
_02413_,2
_02414_,2
_02415_,2
_02416_,2
_02417_,2
_02418_,2
_02419_,2
_02420_,2
_02421_,2
_02422_,2
_02423_,2
_02424_,2
_02425_,2
_02426_,2
_02427_,2
_02428_,2
_02429_,2
_02430_,2
_02431_,2
_02432_,2
_02433_,2
_02434_,2
_02435_,2
_02436_,2
_02437_,2
_02438_,2
_02439_,2
_02440_,2
_02441_,2
_02442_,2
_02443_,2
_02444_,2
_02445_,2
_02446_,2
_02447_,2
_02448_,2
_02449_,2
_02450_,2
_02451_,2
_02452_,2
_02453_,2
_02454_,2
_02455_,2
_02456_,2
_02457_,2
_02458_,2
_02459_,2
_02460_,2
_02461_,2
_02462_,2
_02463_,2
_02464_,2
_02465_,2
_02466_,2
_02467_,2
_02468_,2
_02469_,2
_02470_,2
_02471_,2
_02472_,2
_02473_,2
_02474_,2
_02475_,2
_02476_,2
_02477_,2
_02478_,2
_02479_,2
_02480_,2
_02481_,2
_02482_,2
_02483_,2
_02484_,2
_02485_,2
_02486_,2
_02487_,2
_02488_,2
_02489_,2
_02490_,2
_02491_,2
_02492_,2
_02493_,2
_02494_,2
_02495_,2
_02496_,2
_02497_,2
_02498_,2
_02499_,2
_02500_,2
_02501_,2
_02502_,2
_02503_,2
_02504_,2
_02505_,2
_02506_,2
_02507_,2
_02508_,2
_02509_,2
_02510_,2
_02511_,2
_02512_,2
_02513_,2
_02514_,2
_02515_,2
_02516_,2
_02517_,2
_02518_,2
_02519_,2
_02520_,2
_02521_,2
_02522_,2
_02523_,2
_02524_,2
_02525_,2
_02526_,2
_02527_,2
_02528_,2
_02529_,2
_02530_,2
_02531_,2
_02532_,2
_02533_,2
_02534_,2
_02535_,2
_02536_,2
_02537_,2
_02538_,2
_02539_,2
_02540_,2
_02541_,2
_02542_,2
_02543_,2
_02544_,2
_02545_,2
_02546_,2
_02547_,2
_02548_,2
_02549_,2
_02550_,2
_02551_,2
_02552_,2
_02553_,2
_02554_,2
_02555_,2
_02556_,2
_02557_,2
_02558_,2
_02559_,2
_02560_,2
_02561_,2
_02562_,2
_02563_,2
_02564_,2
_02565_,2
_02566_,2
_02567_,2
_02568_,2
_02569_,2
_02570_,2
_02571_,2
_02572_,2
_02573_,2
_02574_,2
_02575_,2
_02576_,2
_02577_,2
_02578_,2
_02579_,2
_02580_,2
_02581_,2
_02582_,2
_02583_,2
_02584_,2
_02585_,2
_02586_,2
_02587_,2
_02588_,2
_02589_,2
_02590_,2
_02591_,2
_02592_,2
_02593_,2
_02594_,2
_02595_,2
_02596_,2
_02597_,2
_02598_,2
_02599_,2
_02600_,2
_02601_,2
_02602_,2
_02603_,2
_02604_,2
_02605_,2
_02606_,2
_02607_,2
_02608_,2
_02609_,2
_02610_,2
_02611_,2
_02612_,2
_02613_,2
_02614_,2
_02615_,2
_02616_,2
_02617_,2
_02618_,2
_02619_,2
_02620_,2
_02621_,2
_02622_,2
_02623_,2
_02624_,2
_02625_,2
_02626_,2
_02627_,2
_02628_,2
_02629_,2
_02630_,2
_02631_,2
_02632_,2
_02633_,2
_02634_,2
_02635_,2
_02636_,2
_02637_,2
_02638_,2
_02639_,2
_02640_,2
_02641_,2
_02642_,2
_02643_,2
_02644_,2
_02645_,2
_02646_,2
_02647_,2
_02648_,2
_02649_,2
_02650_,2
_02651_,2
_02652_,2
_02653_,2
_02654_,2
_02655_,2
_02656_,2
_02657_,2
_02658_,2
_02659_,2
_02660_,2
_02661_,2
_02662_,2
_02663_,2
_02664_,2
_02665_,2
_02666_,2
_02667_,2
_02668_,2
_02669_,2
_02670_,2
_02671_,2
_02672_,2
_02673_,2
_02674_,2
_02675_,2
_02676_,2
_02677_,2
_02678_,2
_02679_,2
_02680_,2
_02681_,2
_02682_,2
_02683_,2
_02684_,2
_02685_,2
_02686_,2
_02687_,2
_02688_,2
_02689_,2
_02690_,2
_02691_,2
_02692_,2
_02693_,2
_02694_,2
_02695_,2
_02696_,2
_02697_,2
_02698_,2
_02699_,2
_02700_,2
_02701_,2
_02702_,2
_02703_,2
_02704_,2
_02705_,2
_02706_,2
_02707_,2
_02708_,2
_02709_,2
_02710_,2
_02711_,2
_02712_,2
_02713_,2
_02714_,2
_02715_,2
_02716_,2
_02717_,2
_02718_,2
_02719_,2
_02720_,2
_02721_,2
_02722_,2
_02723_,2
_02724_,2
_02725_,2
_02726_,2
_02727_,2
_02728_,2
_02729_,2
_02730_,2
_02731_,2
_02732_,2
_02733_,2
_02734_,2
_02735_,2
_02736_,2
_02737_,2
_02738_,2
_02739_,2
_02740_,2
_02741_,2
_02742_,2
_02743_,2
_02744_,2
_02745_,2
_02746_,2
_02747_,2
_02748_,2
_02749_,2
_02750_,2
_02751_,2
_02752_,2
_02753_,2
_02754_,2
_02755_,2
_02756_,2
_02757_,2
_02758_,2
_02759_,2
_02760_,2
_02761_,2
_02762_,2
_02763_,2
_02764_,2
_02765_,2
_02766_,2
_02767_,2
_02768_,2
_02769_,2
_02770_,2
_02771_,2
_02772_,2
_02773_,2
_02774_,2
_02775_,2
_02776_,2
_02777_,2
_02778_,2
_02779_,2
_02780_,2
_02781_,2
_02782_,2
_02783_,2
_02784_,2
_02785_,2
_02786_,2
_02787_,2
_02788_,2
_02789_,2
_02790_,2
_02791_,2
_02792_,2
_02793_,2
_02794_,2
_02795_,2
_02796_,2
_02797_,2
_02798_,2
_02799_,2
_02800_,2
_02801_,2
_02802_,2
_02803_,2
_02804_,2
_02805_,2
_02806_,2
_02807_,2
_02808_,2
_02809_,2
_02810_,2
_02811_,2
_02812_,2
_02813_,2
_02814_,2
_02815_,2
_02816_,2
_02817_,2
_02818_,2
_02819_,2
_02820_,2
_02821_,2
_02822_,2
_02823_,2
_02824_,2
_02825_,2
_02826_,2
_02827_,2
_02828_,2
_02829_,2
_02830_,2
_02831_,2
_02832_,2
_02833_,2
_02834_,2
_02835_,2
_02836_,2
_02837_,2
_02838_,2
_02839_,2
_02840_,2
_02841_,2
_02842_,2
_02843_,2
_02844_,2
_02845_,2
_02846_,2
_02847_,2
_02848_,2
_02849_,2
_02850_,2
_02851_,2
_02852_,2
_02853_,2
_02854_,2
_02855_,2
_02856_,2
_02857_,2
_02858_,2
_02859_,2
_02860_,2
_02861_,2
_02862_,2
_02863_,2
_02864_,2
_02865_,2
_02866_,2
_02867_,2
_02868_,2
_02869_,2
_02870_,2
_02871_,2
_02872_,2
_02873_,2
_02874_,2
_02875_,2
_02876_,2
_02877_,2
_02878_,2
_02879_,2
_02880_,2
_02881_,2
_02882_,2
_02883_,2
_02884_,2
_02885_,2
_02886_,2
_02887_,2
_02888_,2
_02889_,2
_02890_,2
_02891_,2
_02892_,2
_02893_,2
_02894_,2
_02895_,2
_02896_,2
_02897_,2
_02898_,2
_02899_,2
_02900_,2
_02901_,2
_02902_,2
_02903_,2
_02904_,2
_02905_,2
_02906_,2
_02907_,2
_02908_,2
_02909_,2
_02910_,2
_02911_,2
_02912_,2
_02913_,2
_02914_,2
_02915_,2
_02916_,2
_02917_,2
_02918_,2
_02919_,2
_02920_,2
_02921_,2
_02922_,2
_02923_,2
_02924_,2
_02925_,2
_02926_,2
_02927_,2
_02928_,2
_02929_,2
_02930_,2
_02931_,2
_02932_,2
_02933_,2
_02934_,2
_02935_,2
_02936_,2
_02937_,2
_02938_,2
_02939_,2
_02940_,2
_02941_,2
_02942_,2
_02943_,2
_02944_,2
_02945_,2
_02946_,2
_02947_,2
_02948_,2
_02949_,2
_02950_,2
_02951_,2
_02952_,2
_02953_,2
_02954_,2
_02955_,2
_02956_,2
_02957_,2
_02958_,2
_02959_,2
_02960_,2
_02961_,2
_02962_,2
_02963_,2
_02964_,2
_02965_,2
_02966_,2
_02967_,2
_02968_,2
_02969_,2
_02970_,2
_02971_,2
_02972_,2
_02973_,2
_02974_,2
_02975_,2
_02976_,2
_02977_,2
_02978_,2
_02979_,2
_02980_,2
_02981_,2
_02982_,2
_02983_,2
_02984_,2
_02985_,2
_02986_,2
_02987_,2
_02988_,2
_02989_,2
_02990_,2
_02991_,2
_02992_,2
_02993_,2
_02994_,2
_02995_,2
_02996_,2
_02997_,2
_02998_,2
_02999_,2
_03000_,2
_03001_,2
_03002_,2
_03003_,2
_03004_,2
_03005_,2
_03006_,2
_03007_,2
_03008_,2
_03009_,2
_03010_,2
_03011_,2
_03012_,2
_03013_,2
_03014_,2
_03015_,2
_03016_,2
_03017_,2
_03018_,2
_03019_,2
_03020_,2
_03021_,2
_03022_,2
_03023_,2
_03024_,2
_03025_,2
_03026_,2
_03027_,2
_03028_,2
_03029_,2
_03030_,2
_03031_,2
_03032_,2
_03033_,2
_03034_,2
_03035_,2
_03036_,2
_03037_,2
_03038_,2
_03039_,2
_03040_,2
_03041_,2
_03042_,2
_03043_,2
_03044_,2
_03045_,2
_03046_,2
_03047_,2
_03048_,2
_03049_,2
_03050_,2
_03051_,2
_03052_,2
_03053_,2
_03054_,2
_03055_,2
_03056_,2
_03057_,2
_03058_,2
_03059_,2
_03060_,2
_03061_,2
_03062_,2
_03063_,2
_03064_,2
_03065_,2
_03066_,2
_03067_,2
_03068_,2
_03069_,2
_03070_,2
_03071_,2
_03072_,2
_03073_,2
_03074_,2
_03075_,2
_03076_,2
_03077_,2
_03078_,2
_03079_,2
_03080_,2
_03081_,2
_03082_,2
_03083_,2
_03084_,2
_03085_,2
_03086_,2
_03087_,2
_03088_,2
_03089_,2
_03090_,2
_03091_,2
_03092_,2
_03093_,2
_03094_,2
_03095_,2
_03096_,2
_03097_,2
_03098_,2
_03099_,2
_03100_,2
_03101_,2
_03102_,2
_03103_,2
_03104_,2
_03105_,2
_03106_,2
_03107_,2
_03108_,2
_03109_,2
_03110_,2
_03111_,2
_03112_,2
_03113_,2
_03114_,2
_03115_,2
_03116_,2
_03117_,2
_03118_,2
_03119_,2
_03120_,2
_03121_,2
_03122_,2
_03123_,2
_03124_,2
_03125_,2
_03126_,2
_03127_,2
_03128_,2
_03129_,2
_03130_,2
_03131_,2
_03132_,2
_03133_,2
_03134_,2
_03135_,2
_03136_,2
_03137_,2
_03138_,2
_03139_,2
_03140_,2
_03141_,2
_03142_,2
_03143_,2
_03144_,2
_03145_,2
_03146_,2
_03147_,2
_03148_,2
_03149_,2
_03150_,2
_03151_,2
_03152_,2
_03153_,2
_03154_,2
_03155_,2
_03156_,2
_03157_,2
_03158_,2
_03159_,2
_03160_,2
_03161_,2
_03162_,2
_03163_,2
_03164_,2
_03165_,2
_03166_,2
_03167_,2
_03168_,2
_03169_,2
_03170_,2
_03171_,2
_03172_,2
_03173_,2
_03174_,2
_03175_,2
_03176_,2
_03177_,2
_03178_,2
_03179_,2
_03180_,2
_03181_,2
_03182_,2
_03183_,2
_03184_,2
_03185_,2
_03186_,2
_03187_,2
_03188_,2
_03189_,2
_03190_,2
_03191_,2
_03192_,2
_03193_,2
_03194_,2
_03195_,2
_03196_,2
_03197_,2
_03198_,2
_03199_,2
_03200_,2
_03201_,2
_03202_,2
_03203_,2
_03204_,2
_03205_,2
_03206_,2
_03207_,2
_03208_,2
_03209_,2
_03210_,2
_03211_,2
_03212_,2
_03213_,2
_03214_,2
_03215_,2
_03216_,2
_03217_,2
_03218_,2
_03219_,2
_03220_,2
_03221_,2
_03222_,2
_03223_,2
_03224_,2
_03225_,2
_03226_,2
_03227_,2
_03228_,2
_03229_,2
_03230_,2
_03231_,2
_03232_,2
_03233_,2
_03234_,2
_03235_,2
_03236_,2
_03237_,2
_03238_,2
_03239_,2
_03240_,2
_03241_,2
_03242_,2
_03243_,2
_03244_,2
_03245_,2
_03246_,2
_03247_,2
_03248_,2
_03249_,2
_03250_,2
_03251_,2
_03252_,2
_03253_,2
_03254_,2
_03255_,2
_03256_,2
_03257_,2
_03258_,2
_03259_,2
_03260_,2
_03261_,2
_03262_,2
_03263_,2
_03264_,2
_03265_,2
_03266_,2
_03267_,2
_03268_,2
_03269_,2
_03270_,2
_03271_,2
_03272_,2
_03273_,2
_03274_,2
_03275_,2
_03276_,2
_03277_,2
_03278_,2
_03279_,2
_03280_,2
_03281_,2
_03282_,2
_03283_,2
_03284_,2
_03285_,2
_03286_,2
_03287_,2
_03288_,2
_03289_,2
_03290_,2
_03291_,2
_03292_,2
_03293_,2
_03294_,2
_03295_,2
_03296_,2
_03297_,2
_03298_,2
_03299_,2
_03300_,2
_03301_,2
_03302_,2
_03303_,2
_03304_,2
_03305_,2
_03306_,2
_03307_,2
_03308_,2
_03309_,2
_03310_,2
_03311_,2
_03312_,2
_03313_,2
_03314_,2
_03315_,2
_03316_,2
_03317_,2
_03318_,2
_03319_,2
_03320_,2
_03321_,2
_03322_,2
_03323_,2
_03324_,2
_03325_,2
_03326_,2
_03327_,2
_03328_,2
_03329_,2
_03330_,2
_03331_,2
_03332_,2
_03333_,2
_03334_,2
_03335_,2
_03336_,2
_03337_,2
_03338_,2
_03339_,2
_03340_,2
_03341_,2
_03342_,2
_03343_,2
_03344_,2
_03345_,2
_03346_,2
_03347_,2
_03348_,2
_03349_,2
_03350_,2
_03351_,2
_03352_,2
_03353_,2
_03354_,2
_03355_,2
_03356_,2
_03357_,2
_03358_,2
_03359_,2
_03360_,2
_03361_,2
_03362_,2
_03363_,2
_03364_,2
_03365_,2
_03366_,2
_03367_,2
_03368_,2
_03369_,2
_03370_,2
_03371_,2
_03372_,2
_03373_,2
_03374_,2
_03375_,2
_03376_,2
_03377_,2
_03378_,2
_03379_,2
_03380_,2
_03381_,2
_03382_,2
_03383_,2
_03384_,2
_03385_,2
_03386_,2
_03387_,2
_03388_,2
_03389_,2
_03390_,2
_03391_,2
_03392_,2
_03393_,2
_03394_,2
_03395_,2
_03396_,2
_03397_,2
_03398_,2
_03399_,2
_03400_,2
_03401_,2
_03402_,2
_03403_,2
_03404_,2
_03405_,2
_03406_,2
_03407_,2
_03408_,2
_03409_,2
_03410_,2
_03411_,2
_03412_,2
_03413_,2
_03414_,2
_03415_,2
_03416_,2
_03417_,2
_03418_,2
_03419_,2
_03420_,2
_03421_,2
_03422_,2
_03423_,2
_03424_,2
_03425_,2
_03426_,2
_03427_,2
_03428_,2
_03429_,2
_03430_,2
_03431_,2
_03432_,2
_03433_,2
_03434_,2
_03435_,2
_03436_,2
_03437_,2
_03438_,2
_03439_,2
_03440_,2
_03441_,2
_03442_,2
_03443_,2
_03444_,2
_03445_,2
_03446_,2
_03447_,2
_03448_,2
_03449_,2
_03450_,2
_03451_,2
_03452_,2
_03453_,2
_03454_,2
_03455_,2
_03456_,2
_03457_,2
_03458_,2
_03459_,2
_03460_,2
_03461_,2
_03462_,2
_03463_,2
_03464_,2
_03465_,2
_03466_,2
_03467_,2
_03468_,2
_03469_,2
_03470_,2
_03471_,2
_03474_,2
_03475_,2
_03476_,2
_03477_,2
_03478_,2
_03479_,2
_03480_,2
_03481_,2
_03482_,2
_03483_,2
_03484_,2
_03485_,2
_03486_,2
_03487_,2
_03488_,2
_03489_,2
_03490_,2
_03491_,2
_03492_,2
_03493_,2
_03494_,2
_03495_,2
_03496_,2
_03497_,2
_03498_,2
_03499_,2
_03500_,2
_03501_,2
_03502_,2
_03503_,2
_03504_,2
_03505_,2
_03506_,2
_03507_,2
_03508_,2
_03509_,2
_03510_,2
_03511_,2
_03512_,2
_03513_,2
_03514_,2
_03515_,2
_03516_,2
_03517_,2
_03518_,2
_03519_,2
_03520_,2
_03521_,2
_03522_,2
_03523_,2
_03524_,2
_03525_,2
_03526_,2
_03527_,2
_03528_,2
_03529_,2
_03530_,2
_03531_,2
_03532_,2
_03533_,2
_03534_,2
_03535_,2
_03536_,2
_03537_,2
_03538_,2
_03539_,2
_03540_,2
_03541_,2
_03542_,2
_03543_,2
_03544_,2
_03545_,2
_03546_,2
_03547_,2
_03548_,2
_03549_,2
_03550_,2
_03551_,8
_03552_,2
_03553_,2
_03554_,2
_03555_,1
_03556_,2
_03557_,2
_03558_,2
_03559_,2
_03560_,2
_03561_,1
_03562_,2
_03563_,2
_03564_,2
_03565_,1
_03566_,1
_03567_,2
_03568_,1
_03569_,2
_03570_,1
_03571_,2
_03572_,2
_03573_,2
_03574_,2
_03575_,2
_03576_,2
_03577_,2
_03578_,2
_03579_,2
_03580_,2
_03581_,2
_03582_,2
_03583_,2
_03584_,2
_03585_,2
_03586_,2
_03587_,2
_03588_,2
_03589_,2
_03590_,2
_03591_,2
_03592_,2
_03593_,2
_03594_,2
_03595_,2
_03596_,2
_03597_,2
_03598_,2
_03599_,2
_03600_,2
_03601_,2
_03602_,2
_03603_,2
_03604_,1
_03606_,2
_03607_,2
_03608_,2
_03609_,2
_03610_,2
_03611_,2
_03612_,2
_03613_,2
_03614_,1
_03615_,1
_03616_,2
_03617_,2
_03618_,2
_03619_,2
_03620_,1
_03621_,2
_03622_,2
_03623_,2
_03624_,2
_03625_,2
_03626_,1
_03627_,2
_03628_,1
_03629_,2
_03630_,2
_03631_,1
_03632_,1
_03633_,1
_03634_,1
_03635_,2
_03636_,1
_03637_,1
_03638_,2
_03639_,1
_03640_,2
_03641_,2
_03642_,2
_03643_,2
_03644_,1
_03645_,1
_03646_,1
_03647_,1
_03648_,1
_03649_,1
_03650_,1
_03651_,2
_03652_,2
_03653_,2
_03654_,1
_03655_,2
_03656_,2
_03657_,2
_03658_,1
_03659_,2
_03660_,2
_03661_,2
_03662_,1
_03663_,2
_03664_,2
_03665_,2
_03666_,2
_03667_,2
_03668_,2
_03669_,2
_03670_,2
_03671_,2
_03672_,2
_03673_,2
_03674_,2
_03675_,2
_03676_,2
_03677_,2
_03678_,2
_03679_,1
_03680_,2
_03681_,1
_03682_,1
_03683_,1
_03684_,1
_03685_,3
_03686_,1
_03687_,1
_03688_,2
_03689_,1
_03690_,2
_03691_,2
_03692_,2
_03693_,2
_03694_,1
_03695_,1
_03696_,1
_03697_,1
_03698_,2
_03699_,2
_03700_,1
_03701_,2
_03702_,2
_03703_,2
_03704_,2
_03706_,1
_03707_,2
_03708_,2
_03709_,2
_03710_,2
_03711_,2
_03712_,1
_03713_,1
_03714_,2
_03715_,2
_03716_,1
_03717_,1
_03718_,1
_03719_,1
_03720_,1
_03721_,1
_03722_,1
_03723_,1
_03724_,3
_03725_,3
_03727_,2
_03728_,2
_03729_,2
_03730_,3
_03731_,2
_03732_,2
_03733_,3
_03734_,3
_03736_,2
_03737_,2
_03738_,3
_03739_,2
_03740_,2
_03741_,2
_03742_,2
_03743_,2
_03744_,3
_03745_,3
_03746_,2
_03747_,2
_03748_,2
_03749_,3
_03750_,2
_03751_,2
_03752_,2
_03753_,2
_03754_,3
_03755_,3
_03756_,2
_03757_,2
_03758_,2
_03759_,3
_03760_,3
_03761_,3
_03762_,2
_03763_,2
_03764_,2
_03765_,2
_03766_,2
_03767_,3
_03768_,2
_03769_,2
_03770_,3
_03771_,2
_03772_,2
_03773_,3
_03774_,2
_03775_,3
_03776_,3
_03777_,2
_03778_,2
_03779_,2
_03780_,2
_03781_,2
_03782_,2
_03783_,2
_03784_,2
_03785_,2
_03786_,2
_03787_,2
_03788_,2
_03789_,2
_03790_,2
_03791_,2
_03792_,2
_03793_,2
_03794_,2
_03795_,3
_03796_,2
_03797_,2
_03798_,2
_03799_,2
_03800_,2
_03801_,3
_03802_,3
_03803_,2
_03804_,2
_03805_,3
_03806_,2
_03807_,2
_03808_,2
_03809_,2
_03810_,2
_03811_,3
_03812_,2
_03813_,2
_03814_,2
_03815_,2
_03816_,3
_03817_,2
_03818_,3
_03819_,2
_03820_,2
_03821_,2
_03822_,3
_03823_,2
_03824_,3
_03825_,2
_03826_,2
_03827_,3
_03828_,3
_03829_,2
_03830_,2
_03831_,3
_03832_,2
_03833_,2
_03834_,3
_03835_,2
_03836_,4
_03837_,2
_03838_,2
_03839_,2
_03840_,2
_03841_,3
_03842_,3
_03843_,2
_03844_,2
_03845_,3
_03846_,2
_03847_,3
_03848_,2
_03849_,3
_03850_,2
_03851_,2
_03852_,2
_03853_,2
_03854_,2
_03855_,2
_03856_,2
_03857_,3
_03858_,2
_03859_,3
_03860_,3
_03861_,2
_03862_,2
_03863_,2
_03864_,2
_03865_,2
_03866_,2
_03867_,2
_03868_,2
_03869_,2
_03870_,2
_03871_,2
_03872_,2
_03873_,2
_03874_,2
_03875_,2
_03876_,2
_03877_,2
_03878_,2
_03879_,2
_03880_,3
_03881_,2
_03882_,2
_03883_,2
_03884_,2
_03885_,2
_03886_,2
_03887_,2
_03888_,2
_03889_,2
_03890_,2
_03891_,2
_03892_,2
_03893_,2
_03894_,2
_03895_,2
_03896_,2
_03897_,3
_03898_,2
_03899_,2
_03900_,2
_03901_,2
_03902_,2
_03903_,3
_03904_,2
_03905_,2
_03906_,2
_03907_,2
_03908_,2
_03909_,2
_03910_,2
_03911_,2
_03912_,2
_03913_,2
_03914_,2
_03915_,2
_03916_,2
_03917_,2
_03918_,2
_03919_,2
_03920_,2
_03921_,2
_03922_,2
_03923_,3
_03924_,2
_03925_,2
_03926_,2
_03927_,2
_03928_,2
_03929_,2
_03930_,2
_03931_,2
_03932_,2
_03933_,2
_03934_,2
_03935_,2
_03936_,2
_03937_,2
_03938_,2
_03939_,2
_03940_,2
_03941_,2
_03942_,3
_03943_,3
_03944_,2
_03945_,2
_03946_,2
_03947_,2
_03948_,2
_03949_,2
_03950_,2
_03951_,2
_03952_,2
_03953_,2
_03954_,2
_03955_,2
_03956_,2
_03957_,2
_03958_,2
_03959_,2
_03960_,2
_03961_,2
_03962_,2
_03963_,2
_03964_,2
_03965_,2
_03966_,2
_03967_,2
_03968_,2
_03969_,2
_03970_,2
_03971_,2
_03972_,2
_03973_,2
_03974_,2
_03975_,2
_03976_,2
_03977_,2
_03978_,2
_03979_,2
_03980_,2
_03981_,2
_03982_,2
_03983_,3
_03984_,4
_03985_,2
_03986_,2
_03987_,2
_03988_,2
_03989_,2
_03990_,2
_03991_,2
_03992_,2
_03993_,2
_03994_,2
_03995_,2
_03996_,2
_03997_,2
_03998_,2
_03999_,2
_04000_,2
_04001_,2
_04002_,2
_04003_,2
_04004_,2
_04005_,2
_04006_,2
_04007_,2
_04008_,2
_04009_,2
_04010_,2
_04011_,2
_04012_,2
_04013_,2
_04014_,2
_04015_,2
_04016_,2
_04017_,2
_04018_,2
_04019_,2
_04020_,2
_04021_,2
_04022_,2
_04023_,2
_04024_,2
_04025_,2
_04026_,2
_04027_,2
_04028_,2
_04029_,2
_04030_,2
_04031_,2
_04032_,2
_04033_,2
_04034_,2
_04035_,2
_04036_,2
_04037_,2
_04038_,2
_04039_,2
_04040_,2
_04041_,2
_04042_,2
_04043_,2
_04044_,2
_04045_,2
_04046_,2
_04047_,2
_04048_,2
_04049_,2
_04050_,2
_04051_,2
_04052_,2
_04053_,2
_04054_,2
_04055_,2
_04056_,2
_04057_,2
_04058_,2
_04059_,2
_04060_,2
_04061_,2
_04062_,2
_04063_,4
_04064_,2
_04065_,2
_04066_,2
_04067_,2
_04068_,2
_04069_,2
_04070_,2
_04071_,2
_04072_,2
_04073_,2
_04074_,3
_04075_,2
_04076_,2
_04077_,2
_04078_,2
_04079_,2
_04080_,2
_04081_,2
_04082_,2
_04083_,3
_04084_,2
_04085_,2
_04086_,2
_04087_,2
_04088_,3
_04089_,2
_04090_,2
_04091_,2
_04092_,2
_04093_,3
_04094_,2
_04095_,2
_04096_,2
_04097_,2
_04098_,3
_04099_,2
_04100_,2
_04101_,2
_04102_,2
_04103_,2
_04104_,2
_04105_,2
_04106_,2
_04107_,2
_04108_,2
_04109_,2
_04110_,2
_04111_,2
_04112_,2
_04113_,2
_04114_,2
_04115_,2
_04116_,2
_04117_,2
_04118_,2
_04119_,2
_04120_,2
_04121_,2
_04122_,2
_04123_,2
_04124_,2
_04125_,2
_04126_,2
_04127_,2
_04128_,2
_04129_,2
_04130_,2
_04131_,2
_04132_,2
_04133_,2
_04134_,2
_04135_,2
_04136_,2
_04137_,2
_04138_,2
_04139_,2
_04140_,2
_04141_,2
_04142_,2
_04143_,5
_04144_,2
_04145_,2
_04146_,2
_04147_,2
_04148_,2
_04149_,3
_04150_,3
_04151_,2
_04152_,2
_04153_,2
_04154_,2
_04155_,2
_04156_,3
_04157_,2
_04158_,2
_04159_,2
_04160_,2
_04161_,3
_04162_,2
_04163_,2
_04164_,2
_04165_,3
_04166_,2
_04167_,2
_04168_,2
_04169_,2
_04170_,3
_04171_,2
_04172_,2
_04173_,2
_04174_,2
_04175_,3
_04176_,2
_04177_,2
_04178_,3
_04179_,2
_04180_,2
_04181_,3
_04182_,3
_04183_,2
_04184_,2
_04185_,2
_04186_,2
_04187_,2
_04188_,3
_04189_,2
_04190_,2
_04191_,2
_04192_,2
_04193_,2
_04194_,2
_04195_,2
_04196_,2
_04197_,2
_04198_,2
_04199_,2
_04200_,2
_04201_,2
_04202_,4
_04203_,2
_04204_,2
_04205_,3
_04206_,3
_04207_,2
_04208_,2
_04209_,3
_04210_,2
_04211_,2
_04212_,2
_04213_,2
_04214_,3
_04215_,2
_04216_,2
_04217_,2
_04218_,2
_04219_,2
_04220_,4
_04221_,2
_04222_,2
_04223_,2
_04224_,2
_04225_,4
_04226_,2
_04227_,2
_04228_,2
_04229_,2
_04230_,2
_04231_,2
_04232_,2
_04233_,2
_04234_,3
_04235_,3
_04236_,2
_04237_,3
_04238_,3
_04239_,3
_04240_,2
_04241_,3
_04243_,3
_04244_,2
_04245_,2
_04247_,2
_04248_,4
_04249_,3
_04250_,3
_04251_,2
_04252_,2
_04253_,2
_04254_,3
_04256_,3
_04257_,2
_04258_,2
_04259_,3
_04260_,2
_04261_,3
_04262_,9
_04264_,3
_04265_,2
_04266_,4
_04267_,2
_04268_,6
_04269_,2
_04270_,2
_04271_,2
_04272_,3
_04273_,5
_04276_,6
_04277_,4
_04278_,4
_04279_,2
_04280_,2
_04281_,2
_04282_,2
_04283_,2
_04284_,3
_04285_,4
_04286_,2
_04287_,6
_04288_,2
_04289_,2
_04290_,2
_04291_,2
_04292_,7
_04293_,5
_04294_,2
_04295_,3
_04296_,7
_04297_,3
_04298_,6
_04300_,4
_04301_,4
_04302_,3
_04303_,2
_04304_,3
_04306_,2
_04307_,2
_04308_,3
_04309_,3
_04310_,3
_04311_,2
_04312_,2
_04313_,3
_04314_,4
_04315_,3
_04317_,4
_04318_,4
_04319_,7
_04320_,2
_04321_,5
_04322_,2
_04324_,3
_04325_,3
_04326_,3
_04327_,2
_04328_,3
_04329_,3
_04331_,2
_04332_,2
_04333_,3
_04334_,2
_04335_,3
_04336_,2
_04337_,2
_04338_,3
_04339_,2
_04340_,2
_04341_,3
_04342_,2
_04343_,3
_04344_,2
_04345_,2
_04346_,3
_04347_,2
_04348_,3
_04349_,2
_04350_,2
_04351_,3
_04352_,2
_04353_,2
_04354_,3
_04355_,2
_04356_,3
_04357_,3
_04358_,3
_04359_,5
_04360_,2
_04361_,4
_04362_,2
_04363_,2
_04364_,3
_04365_,3
_04366_,2
_04367_,2
_04368_,2
_04369_,3
_04371_,3
_04372_,2
_04373_,3
_04374_,2
_04375_,3
_04376_,4
_04377_,4
_04379_,4
_04380_,2
_04382_,3
_04384_,3
_04385_,2
_04386_,4
_04387_,3
_04388_,2
_04389_,2
_04390_,2
_04391_,2
_04392_,2
_04393_,2
_04394_,2
_04395_,2
_04396_,2
_04397_,2
_04398_,2
_04399_,2
_04400_,2
_04401_,19
_04402_,9
_04403_,3
_04404_,3
_04405_,3
_04406_,5
_04407_,3
_04408_,2
_04409_,2
_04410_,2
_04411_,2
_04412_,2
_04413_,2
_04414_,2
_04415_,2
_04416_,2
_04417_,2
_04418_,2
_04419_,2
_04420_,2
_04421_,2
_04422_,2
_04423_,2
_04424_,2
_04425_,3
_04426_,2
_04427_,2
_04428_,2
_04429_,2
_04430_,2
_04431_,3
_04432_,2
_04433_,2
_04434_,2
_04435_,2
_04436_,2
_04437_,2
_04438_,2
_04439_,2
_04440_,2
_04441_,3
_04442_,2
_04443_,2
_04444_,2
_04445_,2
_04446_,2
_04447_,2
_04448_,2
_04449_,2
_04450_,2
_04451_,2
_04452_,2
_04453_,2
_04454_,2
_04455_,2
_04456_,3
_04457_,4
_04458_,2
_04459_,2
_04460_,2
_04461_,2
_04462_,2
_04463_,2
_04464_,3
_04465_,2
_04466_,2
_04467_,2
_04468_,2
_04469_,3
_04470_,2
_04471_,2
_04472_,2
_04473_,2
_04474_,2
_04475_,2
_04476_,3
_04477_,2
_04478_,2
_04479_,2
_04480_,3
_04481_,2
_04482_,2
_04483_,3
_04484_,2
_04485_,2
_04486_,2
_04487_,2
_04488_,2
_04489_,2
_04490_,2
_04491_,3
_04492_,2
_04493_,2
_04494_,3
_04495_,2
_04496_,2
_04497_,2
_04498_,2
_04499_,2
_04500_,2
_04501_,6
_04502_,2
_04503_,2
_04504_,2
_04505_,2
_04506_,2
_04507_,2
_04508_,2
_04509_,2
_04510_,2
_04511_,3
_04512_,2
_04513_,2
_04514_,2
_04515_,2
_04516_,2
_04517_,2
_04518_,2
_04519_,2
_04520_,2
_04521_,2
_04522_,2
_04523_,2
_04524_,2
_04525_,2
_04526_,2
_04527_,2
_04528_,2
_04529_,2
_04530_,2
_04531_,2
_04532_,2
_04533_,2
_04534_,2
_04535_,2
_04536_,2
_04537_,2
_04538_,2
_04539_,2
_04540_,2
_04541_,2
_04542_,2
_04543_,2
_04544_,2
_04545_,2
_04547_,2
_04548_,2
_04549_,2
_04550_,2
_04551_,2
_04552_,2
_04553_,2
_04554_,2
_04555_,2
_04557_,2
_04558_,2
_04559_,2
_04560_,2
_04561_,2
_04562_,2
_04563_,2
_04564_,2
_04565_,2
_04567_,2
_04568_,2
_04569_,3
_04572_,2
_04573_,2
_04574_,2
_04575_,3
_04576_,2
_04577_,2
_04578_,2
_04579_,2
_04580_,2
_04581_,2
_04582_,2
_04583_,2
_04584_,2
_04585_,2
_04586_,2
_04587_,2
_04588_,2
_04590_,2
_04591_,2
_04592_,2
_04593_,2
_04594_,3
_04595_,2
_04596_,2
_04597_,3
_04598_,3
_04599_,2
_04600_,2
_04601_,2
_04602_,2
_04603_,2
_04604_,2
_04605_,2
_04606_,2
_04607_,2
_04608_,2
_04609_,2
_04610_,2
_04611_,2
_04612_,2
_04613_,2
_04614_,2
_04615_,2
_04616_,2
_04617_,2
_04618_,2
_04619_,2
_04620_,2
_04621_,2
_04622_,2
_04623_,2
_04624_,2
_04625_,2
_04626_,2
_04627_,2
_04628_,2
_04629_,2
_04631_,2
_04632_,2
_04633_,2
_04634_,2
_04635_,2
_04636_,2
_04637_,2
_04638_,2
_04639_,2
_04640_,2
_04641_,2
_04642_,3
_04643_,2
_04644_,2
_04645_,2
_04646_,2
_04647_,2
_04648_,2
_04649_,3
_04650_,2
_04651_,2
_04652_,2
_04653_,2
_04654_,3
_04655_,2
_04656_,2
_04657_,2
_04658_,2
_04659_,2
_04660_,2
_04661_,2
_04662_,2
_04663_,2
_04664_,2
_04665_,2
_04666_,2
_04667_,2
_04668_,2
_04669_,2
_04670_,2
_04671_,2
_04672_,2
_04673_,2
_04674_,2
_04675_,2
_04676_,2
_04677_,2
_04678_,2
_04679_,2
_04680_,2
_04681_,2
_04682_,2
_04683_,2
_04684_,2
_04685_,2
_04686_,2
_04687_,2
_04688_,2
_04689_,2
_04690_,4
_04691_,2
_04692_,2
_04693_,2
_04694_,2
_04695_,2
_04696_,2
_04697_,2
_04698_,2
_04699_,2
_04700_,2
_04701_,2
_04702_,3
_04703_,2
_04704_,2
_04705_,2
_04706_,2
_04707_,2
_04708_,2
_04709_,2
_04710_,2
_04711_,2
_04712_,2
_04713_,2
_04714_,2
_04715_,2
_04716_,3
_04717_,2
_04718_,2
_04719_,3
_04720_,2
_04721_,2
_04722_,2
_04723_,2
_04724_,2
_04725_,2
_04726_,2
_04727_,2
_04728_,2
_04729_,2
_04730_,2
_04731_,2
_04732_,2
_04733_,2
_04734_,2
_04735_,2
_04736_,2
_04737_,2
_04738_,2
_04739_,2
_04740_,2
_04741_,2
_04742_,2
_04743_,2
_04744_,2
_04745_,2
_04746_,2
_04747_,2
_04748_,2
_04749_,2
_04750_,2
_04751_,2
_04752_,2
_04753_,2
_04754_,2
_04755_,2
_04756_,3
_04757_,2
_04758_,2
_04759_,2
_04760_,2
_04761_,2
_04762_,2
_04763_,3
_04764_,2
_04765_,2
_04766_,2
_04767_,2
_04768_,2
_04769_,2
_04770_,2
_04771_,2
_04772_,2
_04773_,2
_04774_,2
_04775_,2
_04776_,2
_04777_,2
_04779_,2
_04780_,2
_04781_,2
_04782_,2
_04783_,2
_04784_,2
_04785_,2
_04786_,2
_04787_,2
_04788_,2
_04789_,2
_04790_,2
_04791_,3
_04792_,2
_04793_,2
_04794_,2
_04795_,2
_04796_,2
_04797_,2
_04798_,2
_04799_,3
_04800_,2
_04801_,2
_04802_,2
_04803_,2
_04804_,2
_04805_,2
_04806_,2
_04807_,2
_04808_,2
_04809_,2
_04810_,2
_04811_,2
_04812_,2
_04813_,2
_04814_,2
_04815_,2
_04816_,2
_04817_,2
_04818_,2
_04819_,2
_04820_,2
_04821_,2
_04822_,2
_04823_,2
_04824_,2
_04825_,2
_04826_,3
_04827_,2
_04828_,2
_04829_,3
_04830_,2
_04831_,2
_04832_,2
_04833_,2
_04834_,2
_04835_,2
_04836_,2
_04837_,2
_04838_,2
_04839_,2
_04840_,2
_04841_,2
_04842_,2
_04843_,2
_04844_,2
_04845_,2
_04846_,2
_04847_,2
_04848_,3
_04849_,2
_04850_,2
_04851_,2
_04852_,2
_04853_,3
_04854_,3
_04855_,2
_04856_,2
_04857_,2
_04858_,2
_04859_,2
_04860_,2
_04861_,2
_04862_,2
_04863_,2
_04864_,2
_04865_,3
_04866_,2
_04867_,2
_04868_,2
_04869_,3
_04870_,2
_04871_,2
_04872_,2
_04873_,2
_04874_,2
_04875_,2
_04876_,2
_04877_,2
_04878_,2
_04879_,2
_04880_,2
_04881_,2
_04882_,2
_04883_,2
_04884_,2
_04885_,2
_04886_,2
_04887_,2
_04888_,2
_04889_,2
_04890_,2
_04891_,2
_04892_,2
_04893_,2
_04894_,2
_04895_,2
_04896_,2
_04897_,2
_04898_,2
_04899_,2
_04900_,2
_04901_,2
_04902_,2
_04903_,2
_04904_,2
_04905_,2
_04906_,2
_04907_,2
_04908_,2
_04909_,2
_04910_,2
_04911_,2
_04912_,3
_04913_,2
_04914_,2
_04915_,2
_04916_,2
_04917_,2
_04918_,2
_04919_,2
_04920_,2
_04921_,2
_04922_,2
_04923_,2
_04924_,2
_04925_,2
_04926_,2
_04927_,2
_04928_,2
_04929_,2
_04930_,2
_04931_,2
_04932_,2
_04933_,2
_04934_,2
_04935_,2
_04936_,2
_04937_,2
_04938_,2
_04939_,2
_04940_,2
_04941_,2
_04942_,2
_04943_,2
_04944_,2
_04945_,2
_04946_,2
_04947_,2
_04948_,2
_04949_,2
_04950_,2
_04951_,2
_04952_,2
_04953_,2
_04954_,2
_04955_,2
_04956_,2
_04957_,2
_04958_,2
_04959_,3
_04960_,3
_04961_,2
_04962_,2
_04963_,2
_04964_,2
_04965_,2
_04966_,2
_04967_,2
_04968_,2
_04969_,2
_04970_,2
_04971_,2
_04972_,2
_04973_,2
_04974_,2
_04975_,2
_04976_,2
_04977_,2
_04978_,2
_04979_,2
_04980_,2
_04981_,2
_04982_,2
_04983_,2
_04984_,2
_04985_,2
_04986_,2
_04987_,2
_04988_,2
_04989_,2
_04990_,2
_04991_,2
_04992_,2
_04993_,2
_04994_,2
_04995_,2
_04996_,2
_04997_,2
_04998_,2
_04999_,2
_05000_,2
_05001_,2
_05002_,2
_05003_,2
_05004_,2
_05005_,2
_05006_,2
_05007_,2
_05008_,2
_05009_,2
_05010_,2
_05011_,2
_05012_,2
_05013_,2
_05014_,2
_05015_,2
_05016_,2
_05017_,2
_05018_,2
_05019_,2
_05020_,2
_05021_,2
_05022_,2
_05023_,2
_05024_,2
_05025_,2
_05026_,2
_05027_,2
_05028_,2
_05029_,2
_05030_,2
_05031_,2
_05032_,2
_05033_,2
_05034_,2
_05035_,2
_05036_,2
_05037_,2
_05038_,2
_05039_,2
_05040_,2
_05041_,2
_05042_,2
_05043_,2
_05044_,2
_05045_,2
_05046_,2
_05047_,2
_05048_,2
_05049_,2
_05050_,2
_05051_,2
_05052_,2
_05053_,2
_05054_,2
_05055_,2
_05056_,2
_05057_,2
_05058_,2
_05059_,2
_05060_,2
_05061_,2
_05062_,2
_05063_,2
_05064_,2
_05065_,2
_05066_,2
_05067_,2
_05068_,2
_05069_,2
_05070_,3
_05071_,2
_05072_,2
_05073_,2
_05074_,2
_05075_,2
_05076_,2
_05077_,2
_05078_,2
_05079_,2
_05080_,2
_05081_,2
_05082_,2
_05083_,2
_05084_,2
_05085_,2
_05086_,2
_05087_,2
_05088_,2
_05089_,2
_05090_,2
_05091_,2
_05092_,2
_05093_,2
_05094_,2
_05095_,2
_05096_,2
_05097_,2
_05098_,2
_05099_,2
_05100_,2
_05101_,2
_05102_,2
_05103_,2
_05104_,2
_05105_,2
_05106_,2
_05107_,2
_05108_,2
_05109_,2
_05110_,2
_05111_,2
_05112_,2
_05113_,2
_05114_,2
_05115_,2
_05116_,2
_05117_,2
_05118_,3
_05119_,3
_05120_,2
_05121_,2
_05122_,2
_05123_,2
_05124_,2
_05125_,2
_05127_,3
_05128_,2
_05129_,2
_05130_,3
_05131_,2
_05132_,2
_05133_,2
_05134_,2
_05135_,2
_05136_,2
_05137_,2
_05138_,2
_05139_,2
_05140_,2
_05141_,2
_05142_,2
_05143_,2
_05144_,2
_05145_,2
_05146_,2
_05147_,2
_05148_,2
_05149_,2
_05150_,2
_05151_,2
_05152_,2
_05153_,2
_05154_,2
_05155_,2
_05156_,2
_05157_,2
_05158_,2
_05159_,2
_05160_,2
_05161_,2
_05162_,2
_05163_,2
_05164_,2
_05165_,2
_05166_,2
_05167_,2
_05168_,2
_05169_,2
_05170_,2
_05171_,2
_05172_,2
_05173_,2
_05174_,2
_05175_,2
_05176_,2
_05177_,2
_05178_,2
_05179_,2
_05180_,2
_05181_,2
_05182_,2
_05183_,3
_05184_,2
_05185_,2
_05186_,2
_05187_,2
_05188_,3
_05189_,2
_05190_,2
_05191_,2
_05192_,2
_05193_,2
_05194_,2
_05195_,2
_05196_,2
_05197_,2
_05198_,2
_05199_,2
_05200_,2
_05201_,2
_05202_,3
_05203_,2
_05204_,2
_05205_,2
_05206_,2
_05207_,2
_05208_,2
_05209_,2
_05210_,2
_05211_,2
_05212_,2
_05213_,2
_05214_,2
_05215_,2
_05216_,2
_05217_,2
_05218_,2
_05219_,2
_05220_,2
_05221_,2
_05222_,2
_05223_,2
_05224_,2
_05225_,2
_05226_,2
_05227_,2
_05228_,2
_05229_,2
_05230_,2
_05231_,2
_05232_,2
_05233_,2
_05234_,2
_05235_,2
_05236_,2
_05237_,2
_05238_,2
_05239_,2
_05240_,2
_05241_,2
_05242_,2
_05243_,2
_05244_,2
_05245_,2
_05246_,2
_05247_,2
_05248_,2
_05249_,2
_05250_,2
_05251_,2
_05252_,2
_05253_,2
_05254_,2
_05255_,2
_05256_,2
_05257_,2
_05258_,2
_05259_,2
_05260_,2
_05261_,2
_05262_,2
_05263_,2
_05264_,2
_05265_,2
_05266_,2
_05267_,2
_05268_,2
_05269_,2
_05270_,2
_05271_,2
_05272_,2
_05273_,2
_05274_,2
_05275_,2
_05276_,2
_05277_,2
_05278_,2
_05279_,2
_05280_,2
_05281_,2
_05282_,2
_05283_,2
_05284_,2
_05285_,2
_05286_,2
_05287_,2
_05288_,2
_05289_,2
_05290_,2
_05291_,2
_05292_,2
_05293_,2
_05294_,2
_05295_,2
_05296_,2
_05297_,2
_05298_,2
_05299_,2
_05300_,2
_05301_,2
_05302_,2
_05303_,2
_05304_,2
_05305_,2
_05306_,2
_05307_,2
_05308_,2
_05309_,2
_05310_,2
_05311_,2
_05312_,2
_05313_,2
_05314_,2
_05315_,2
_05316_,2
_05317_,2
_05318_,2
_05319_,2
_05320_,2
_05321_,2
_05322_,2
_05323_,2
_05324_,2
_05325_,3
_05326_,2
_05327_,2
_05328_,2
_05329_,2
_05330_,2
_05331_,2
_05332_,2
_05333_,2
_05334_,2
_05335_,2
_05336_,2
_05337_,2
_05338_,2
_05339_,2
_05340_,2
_05341_,2
_05342_,2
_05343_,2
_05344_,2
_05345_,2
_05346_,2
_05347_,2
_05348_,2
_05349_,3
_05350_,2
_05351_,2
_05352_,2
_05353_,2
_05354_,2
_05355_,2
_05356_,2
_05357_,2
_05358_,2
_05359_,2
_05360_,2
_05361_,2
_05362_,2
_05363_,2
_05364_,2
_05365_,2
_05366_,2
_05367_,3
_05368_,2
_05369_,2
_05370_,2
_05371_,2
_05372_,2
_05373_,2
_05374_,2
_05375_,2
_05376_,2
_05377_,2
_05378_,2
_05379_,2
_05380_,3
_05381_,2
_05382_,2
_05383_,2
_05384_,2
_05385_,2
_05386_,2
_05387_,2
_05388_,2
_05389_,2
_05390_,2
_05391_,2
_05392_,2
_05393_,2
_05394_,2
_05395_,2
_05396_,2
_05397_,2
_05398_,2
_05399_,2
_05400_,2
_05401_,2
_05402_,2
_05403_,2
_05404_,2
_05405_,2
_05406_,3
_05407_,3
_05408_,3
_05409_,5
_05410_,2
_05411_,2
_05412_,2
_05413_,2
_05414_,2
_05415_,2
_05416_,2
_05417_,2
_05418_,2
_05419_,2
_05420_,2
_05421_,2
_05422_,2
_05423_,2
_05424_,2
_05425_,2
_05426_,2
_05427_,2
_05428_,2
_05429_,2
_05430_,2
_05431_,2
_05432_,2
_05433_,2
_05434_,2
_05435_,2
_05436_,2
_05437_,2
_05438_,2
_05439_,2
_05440_,2
_05441_,2
_05442_,2
_05443_,2
_05444_,2
_05445_,2
_05446_,2
_05447_,2
_05448_,2
_05449_,4
_05450_,2
_05451_,3
_05453_,4
_05455_,3
_05456_,2
_05457_,2
_05458_,4
_05459_,2
_05460_,3
_05461_,3
_05462_,2
_05463_,2
_05464_,2
_05466_,6
_05468_,2
_05469_,2
_05470_,4
_05471_,4
_05472_,2
_05473_,4
_05474_,3
_05475_,3
_05476_,2
_05477_,2
_05478_,2
_05480_,6
_05482_,4
_05483_,6
_05484_,3
_05485_,3
_05486_,2
_05487_,3
_05488_,2
_05489_,3
_05490_,3
_05491_,4
_05492_,2
_05493_,2
_05494_,3
_05495_,3
_05496_,2
_05497_,2
_05498_,4
_05499_,2
_05500_,2
_05501_,4
_05502_,2
_05504_,4
_05505_,2
_05506_,2
_05507_,2
_05508_,3
_05509_,2
_05510_,2
_05511_,2
_05512_,2
_05513_,4
_05514_,3
_05515_,3
_05517_,2
_05518_,3
_05519_,2
_05520_,2
_05521_,2
_05522_,3
_05526_,3
_05528_,2
_05529_,3
_05530_,2
_05531_,2
_05532_,4
_05533_,3
_05534_,3
_05535_,3
_05536_,2
_05537_,3
_05538_,3
_05539_,2
_05540_,2
_05541_,4
_05542_,2
_05543_,2
_05544_,2
_05545_,2
_05546_,3
_05547_,2
_05548_,3
_05549_,2
_05550_,3
_05551_,5
_05552_,3
_05553_,4
_05554_,2
_05555_,3
_05556_,3
_05557_,2
_05558_,2
_05559_,7
_05560_,5
_05561_,2
_05562_,2
_05563_,2
_05564_,3
_05565_,2
_05566_,2
_05567_,3
_05568_,2
_05569_,2
_05570_,4
_05571_,2
_05572_,3
_05573_,5
_05574_,2
_05575_,2
_05576_,3
_05577_,5
_05578_,4
_05579_,2
_05580_,2
_05581_,2
_05582_,2
_05583_,2
_05584_,2
_05585_,3
_05586_,2
_05587_,3
_05588_,2
_05589_,2
_05590_,3
_05591_,2
_05592_,5
_05593_,2
_05594_,2
_05595_,3
_05596_,2
_05597_,3
_05598_,3
_05599_,4
_05600_,3
_05601_,2
_05602_,2
_05603_,2
_05604_,3
_05605_,2
_05606_,2
_05607_,4
_05608_,2
_05609_,2
_05610_,2
_05611_,3
_05612_,2
_05613_,2
_05614_,3
_05615_,2
_05616_,3
_05617_,3
_05618_,2
_05620_,2
_05621_,2
_05622_,3
_05623_,3
_05624_,2
_05625_,3
_05626_,3
_05627_,2
_05628_,3
_05629_,3
_05630_,3
_05631_,3
_05632_,2
_05633_,3
_05634_,2
_05635_,3
_05636_,2
_05637_,4
_05638_,2
_05639_,2
_05640_,2
_05641_,2
_05642_,2
_05643_,2
_05644_,2
_05645_,2
_05646_,2
_05647_,2
_05648_,2
_05649_,3
_05650_,2
_05651_,2
_05652_,2
_05653_,2
_05654_,2
_05655_,2
_05656_,2
_05657_,2
_05658_,3
_05659_,2
_05660_,2
_05661_,3
_05662_,2
_05663_,2
_05664_,2
_05665_,2
_05666_,3
_05667_,2
_05668_,2
_05669_,3
_05670_,2
_05671_,2
_05672_,4
_05673_,2
_05674_,2
_05675_,2
_05676_,2
_05677_,2
_05678_,3
_05679_,2
_05680_,3
_05681_,3
_05682_,3
_05683_,2
_05684_,3
_05685_,2
_05686_,2
_05687_,2
_05688_,3
_05689_,2
_05690_,2
_05691_,3
_05692_,5
_05693_,2
_05694_,2
_05695_,2
_05696_,3
_05697_,3
_05698_,2
_05699_,2
_05700_,3
_05701_,3
_05702_,2
_05703_,2
_05704_,3
_05705_,6
_05706_,3
_05707_,3
_05708_,2
_05709_,3
_05710_,3
_05711_,2
_05712_,2
_05713_,2
_05714_,2
_05715_,2
_05716_,3
_05717_,2
_05718_,2
_05719_,2
_05720_,2
_05721_,2
_05722_,2
_05723_,2
_05724_,2
_05725_,2
_05726_,3
_05727_,2
_05728_,2
_05729_,2
_05730_,2
_05731_,2
_05732_,2
_05733_,4
_05734_,2
_05735_,2
_05736_,2
_05737_,2
_05738_,2
_05739_,2
_05740_,2
_05741_,2
_05742_,2
_05743_,2
_05744_,2
_05745_,3
_05746_,2
_05747_,2
_05748_,2
_05749_,3
_05750_,2
_05751_,3
_05752_,4
_05753_,3
_05754_,2
_05755_,3
_05756_,5
_05759_,3
_05760_,3
_05762_,2
_05763_,3
_05764_,2
_05765_,4
_05766_,2
_05767_,4
_05770_,14
_05772_,2
_05773_,2
_05774_,4
_05776_,6
_05778_,3
_05779_,2
_05785_,2
_05786_,2
_05788_,2
_05789_,2
_05790_,8
_05791_,3
_05792_,3
_05793_,3
_05794_,2
_05795_,2
_05796_,2
_05797_,2
_05798_,3
_05799_,2
_05800_,2
_05801_,2
_05802_,2
_05803_,5
_05804_,3
_05805_,7
_05807_,11
_05809_,3
_05810_,2
_05811_,2
_05812_,4
_05814_,8
_05817_,2
_05818_,2
_05819_,2
_05820_,2
_05821_,4
_05822_,2
_05824_,4
_05826_,4
_05829_,2
_05832_,2
_05833_,2
_05834_,2
_05835_,2
_05836_,2
_05837_,2
_05838_,2
_05839_,2
_05840_,2
_05841_,2
_05842_,2
_05843_,2
_05844_,4
_05845_,2
_05846_,2
_05847_,2
_05848_,2
_05849_,2
_05850_,2
_05851_,2
_05852_,2
_05853_,2
_05854_,2
_05855_,2
_05856_,2
_05857_,2
_05858_,2
_05859_,2
_05860_,4
_05861_,5
_05862_,3
_05863_,3
_05865_,3
_05866_,2
_05867_,2
_05868_,3
_05870_,4
_05871_,2
_05872_,2
_05873_,2
_05874_,5
_05875_,3
_05876_,2
_05877_,2
_05878_,5
_05879_,4
_05880_,3
_05881_,2
_05882_,2
_05883_,3
_05884_,3
_05885_,2
_05886_,4
_05887_,3
_05888_,6
_05889_,3
_05890_,2
_05891_,2
_05892_,15
_05894_,3
_05897_,14
_05899_,15
_05902_,2
_05903_,5
_05904_,2
_05905_,2
_05906_,2
_05907_,2
_05908_,2
_05909_,2
_05910_,3
_05911_,3
_05912_,2
_05913_,2
_05914_,2
_05915_,2
_05916_,2
_05917_,2
_05918_,2
_05919_,2
_05920_,2
_05921_,2
_05922_,2
_05923_,4
_05924_,3
_05925_,2
_05927_,2
_05928_,2
_05930_,4
_05931_,6
_05932_,6
_05933_,4
_05934_,4
_05935_,3
_05936_,3
_05937_,6
_05938_,3
_05939_,4
_05940_,8
_05941_,3
_05942_,3
_05943_,3
_05944_,3
_05945_,3
_05946_,2
_05947_,2
_05948_,2
_05949_,2
_05950_,2
_05951_,2
_05952_,4
_05953_,3
_05954_,2
_05955_,2
_05956_,3
_05957_,5
_05958_,3
_05959_,3
_05960_,3
_05961_,6
_05962_,3
_05963_,8
_05964_,5
_05965_,2
_05966_,2
_05967_,3
_05968_,3
_05969_,2
_05970_,2
_05971_,2
_05972_,3
_05973_,3
_05974_,4
_05975_,2
_05976_,2
_05977_,4
_05978_,2
_05979_,2
_05980_,4
_05981_,4
_05982_,5
_05983_,5
_05984_,2
_05985_,2
_05986_,2
_05987_,4
_05988_,4
_05990_,2
_05991_,2
_05992_,2
_05993_,2
_05994_,4
_05995_,2
_05996_,5
_05997_,2
_05998_,2
_05999_,7
_06000_,2
_06001_,3
_06002_,3
_06003_,2
_06004_,3
_06005_,2
_06006_,4
_06007_,3
_06008_,2
_06009_,3
_06010_,4
_06011_,2
_06012_,4
_06014_,2
_06015_,2
_06016_,2
_06017_,2
_06018_,4
_06019_,3
_06020_,2
_06021_,4
_06022_,2
_06023_,2
_06024_,2
_06025_,2
_06026_,2
_06027_,4
_06028_,2
_06029_,2
_06030_,8
_06031_,2
_06032_,3
_06033_,5
_06034_,3
_06035_,2
_06036_,2
_06037_,2
_06038_,2
_06039_,3
_06040_,3
_06041_,2
_06042_,3
_06043_,2
_06044_,2
_06045_,3
_06046_,6
_06047_,6
_06048_,3
_06049_,5
_06050_,2
_06051_,2
_06052_,3
_06053_,2
_06054_,5
_06055_,3
_06058_,3
_06059_,8
_06060_,5
_06061_,3
_06062_,3
_06063_,3
_06064_,3
_06065_,2
_06066_,3
_06067_,3
_06068_,3
_06069_,2
_06070_,3
_06071_,3
_06072_,3
_06073_,4
_06074_,3
_06075_,3
_06076_,3
_06077_,2
_06078_,4
_06079_,2
_06080_,3
_06081_,2
_06082_,4
_06083_,3
_06084_,3
_06085_,4
_06086_,3
_06087_,2
_06088_,2
_06089_,4
_06090_,2
_06091_,4
_06092_,2
_06093_,2
_06094_,2
_06095_,4
_06096_,3
_06097_,4
_06098_,3
_06099_,4
_06100_,4
_06101_,5
_06102_,2
_06103_,3
_06104_,3
_06105_,3
_06106_,3
_06107_,3
_06108_,3
_06109_,4
_06110_,4
_06111_,2
_06112_,2
_06113_,2
_06114_,2
_06115_,2
_06116_,3
_06117_,2
_06118_,3
_06119_,4
_06120_,4
_06121_,2
_06122_,3
_06123_,2
_06124_,3
_06125_,3
_06126_,2
_06127_,3
_06128_,3
_06129_,3
_06130_,3
_06131_,3
_06132_,5
_06133_,4
_06134_,2
_06135_,2
_06136_,4
_06137_,2
_06138_,4
_06139_,2
_06140_,3
_06141_,2
_06142_,2
_06143_,2
_06144_,3
_06145_,3
_06146_,3
_06147_,3
_06148_,3
_06149_,2
_06150_,4
_06151_,2
_06152_,4
_06153_,3
_06154_,2
_06155_,2
_06156_,2
_06157_,2
_06158_,2
_06159_,2
_06160_,3
_06161_,2
_06162_,3
_06163_,2
_06164_,2
_06165_,2
_06166_,3
_06167_,2
_06168_,4
_06169_,6
_06170_,2
_06171_,3
_06172_,3
_06173_,3
_06174_,2
_06175_,2
_06176_,2
_06177_,2
_06178_,2
_06179_,2
_06180_,3
_06181_,2
_06182_,3
_06183_,2
_06184_,2
_06185_,3
_06186_,3
_06187_,2
_06188_,3
_06189_,3
_06190_,3
_06191_,2
_06192_,2
_06193_,2
_06194_,3
_06195_,2
_06196_,3
_06197_,2
_06198_,3
_06199_,2
_06200_,2
_06201_,3
_06202_,2
_06203_,2
_06204_,3
_06205_,3
_06206_,3
_06207_,2
_06208_,2
_06209_,3
_06210_,2
_06211_,2
_06212_,2
_06213_,3
_06214_,2
_06215_,3
_06216_,2
_06217_,2
_06218_,3
_06219_,3
_06220_,2
_06221_,2
_06222_,3
_06223_,2
_06224_,2
_06225_,3
_06226_,3
_06227_,2
_06228_,2
_06229_,2
_06230_,3
_06231_,2
_06232_,3
_06233_,2
_06234_,3
_06235_,2
_06236_,2
_06237_,2
_06238_,3
_06239_,2
_06240_,2
_06241_,2
_06242_,3
_06243_,2
_06244_,2
_06245_,3
_06246_,2
_06247_,2
_06248_,5
_06249_,3
_06250_,2
_06251_,2
_06252_,3
_06253_,2
_06254_,2
_06255_,3
_06256_,3
_06257_,3
_06258_,2
_06259_,3
_06260_,3
_06261_,2
_06262_,2
_06263_,2
_06264_,2
_06265_,2
_06266_,2
_06267_,2
_06268_,2
_06269_,2
_06270_,3
_06271_,3
_06272_,2
_06273_,2
_06274_,2
_06275_,3
_06276_,2
_06277_,2
_06278_,2
_06279_,3
_06280_,2
_06281_,3
_06282_,4
_06283_,4
_06284_,2
_06285_,2
_06287_,2
_06288_,2
_06289_,3
_06290_,3
_06293_,2
_06294_,2
_06295_,2
_06296_,2
_06297_,2
_06298_,2
_06299_,3
_06300_,2
_06301_,3
_06302_,6
_06303_,2
_06304_,3
_06305_,2
_06306_,3
_06307_,2
_06308_,3
_06309_,3
_06310_,3
_06311_,3
_06312_,3
_06313_,3
_06314_,3
_06317_,2
_06318_,2
_06319_,3
_06320_,2
_06321_,2
_06322_,2
_06323_,4
_06324_,9
_06325_,3
_06326_,2
_06327_,2
_06328_,2
_06329_,3
_06331_,3
_06332_,3
_06333_,3
_06334_,3
_06335_,3
_06336_,2
_06337_,2
_06338_,2
_06339_,3
_06341_,8
_06346_,2
_06347_,3
_06348_,8
_06350_,2
_06352_,3
_06354_,3
_06355_,2
_06356_,2
_06357_,3
_06358_,5
_06360_,3
_06362_,7
_06364_,2
_06365_,2
_06366_,2
_06367_,2
_06368_,2
_06369_,2
_06370_,3
_06374_,2
_06376_,3
_06379_,13
_06382_,2
_06383_,2
_06384_,2
_06385_,3
_06386_,2
_06387_,2
_06388_,4
_06390_,2
_06392_,3
_06395_,9
_06398_,8
_06400_,11
_06402_,5
_06404_,2
_06405_,5
_06406_,3
_06407_,5
_06410_,2
_06411_,3
_06413_,2
_06414_,2
_06415_,4
_06419_,2
_06420_,4
_06421_,7
_06422_,4
_06423_,4
_06424_,4
_06425_,3
_06426_,3
_06428_,2
_06430_,4
_06431_,3
_06432_,4
_06433_,3
_06434_,3
_06435_,2
_06436_,2
_06437_,3
_06438_,3
_06439_,4
_06440_,2
_06441_,14
_06448_,5
_06450_,3
_06453_,12
_06455_,3
_06456_,2
_06458_,3
_06461_,9
_06463_,3
_06464_,3
_06470_,8
_06472_,11
_06474_,2
_06475_,34
_06477_,2
_06478_,2
_06479_,3
_06481_,2
_06483_,5
_06485_,4
_06487_,2
_06491_,2
_06496_,2
_06499_,3
_06501_,3
_06503_,2
_06508_,2
_06509_,3
_06510_,2
_06511_,4
_06512_,2
_06513_,4
_06514_,2
_06515_,2
_06516_,2
_06517_,3
_06518_,2
_06520_,5
_06522_,2
_06523_,3
_06524_,2
_06526_,2
_06527_,2
_06530_,3
_06533_,2
_06534_,2
_06535_,4
_06536_,2
_06537_,2
_06538_,2
_06540_,2
_06541_,4
_06542_,2
_06543_,3
_06544_,5
_06545_,2
_06546_,9
_06548_,2
_06549_,3
_06550_,2
_06551_,2
_06552_,5
_06553_,2
_06554_,2
_06555_,13
_06558_,7
_06559_,7
_06560_,2
_06561_,2
_06562_,6
_06563_,7
_06564_,2
_06565_,2
_06566_,2
_06567_,2
_06568_,3
_06569_,2
_06570_,2
_06571_,2
_06572_,5
_06573_,2
_06576_,2
_06577_,2
_06578_,2
_06579_,2
_06580_,14
_06590_,8
_06592_,3
_06593_,5
_06594_,2
_06595_,2
_06597_,3
_06598_,3
_06599_,2
_06602_,9
_06604_,2
_06608_,2
_06609_,2
_06610_,3
_06611_,2
_06615_,2
_06616_,2
_06618_,3
_06619_,2
_06622_,2
_06624_,5
_06627_,4
_06630_,5
_06631_,4
_06633_,2
_06634_,2
_06643_,6
_06645_,2
_06646_,2
_06647_,2
_06648_,2
_06649_,2
_06650_,2
_06651_,2
_06652_,2
_06653_,2
_06654_,2
_06655_,9
_06656_,2
_06657_,2
_06658_,2
_06659_,2
_06660_,2
_06661_,3
_06662_,2
_06663_,2
_06665_,2
_06666_,2
_06667_,2
_06669_,2
_06671_,2
_06675_,2
_06676_,2
_06677_,2
_06678_,2
_06679_,2
_06680_,2
_06681_,2
_06682_,2
_06683_,2
_06684_,2
_06693_,2
_06694_,2
_06695_,2
_06697_,2
_06698_,3
_06699_,3
_06700_,2
_06701_,3
_06702_,2
_06703_,4
_06704_,2
_06705_,2
_06709_,3
_06714_,4
_06715_,2
_06716_,2
_06718_,2
_06719_,2
_06727_,2
_06732_,6
_06734_,5
_06735_,2
_06736_,2
_06738_,3
_06739_,3
_06740_,2
_06741_,2
_06742_,2
_06745_,3
_06750_,2
_06751_,3
_06753_,3
_06754_,3
_06755_,3
_06756_,3
_06757_,3
_06758_,3
_06759_,3
_06760_,2
_06761_,2
_06762_,3
_06764_,2
_06765_,3
_06766_,3
_06767_,2
_06769_,3
_06770_,3
_06771_,3
_06772_,3
_06773_,3
_06774_,3
_06775_,3
_06776_,3
_06777_,3
_06778_,3
_06779_,3
_06780_,3
_06782_,3
_06784_,15
_06788_,2
_06789_,15
_06791_,2
_06792_,2
_06793_,2
_06795_,2
_06796_,2
_06797_,2
_06798_,2
_06799_,2
_06800_,2
_06801_,2
_06802_,2
_06803_,2
_06804_,2
_06805_,2
_06806_,2
_06807_,2
_06808_,2
_06809_,2
_06810_,2
_06811_,2
_06812_,2
_06813_,3
_06820_,2
_06821_,2
_06823_,3
_06824_,2
_06826_,2
_06828_,2
_06829_,3
_06830_,2
_06831_,2
_06832_,2
_06834_,3
_06835_,2
_06836_,2
_06837_,2
_06838_,3
_06839_,2
_06840_,2
_06841_,2
_06843_,3
_06844_,2
_06845_,2
_06846_,2
_06847_,3
_06849_,2
_06850_,2
_06852_,2
_06853_,3
_06854_,2
_06855_,2
_06856_,2
_06857_,3
_06858_,2
_06859_,2
_06860_,2
_06861_,3
_06862_,2
_06863_,2
_06864_,2
_06865_,3
_06866_,2
_06867_,2
_06868_,2
_06869_,3
_06870_,2
_06871_,2
_06872_,2
_06873_,3
_06874_,2
_06875_,2
_06876_,2
_06877_,3
_06878_,2
_06879_,2
_06880_,2
_06881_,3
_06882_,2
_06883_,2
_06884_,2
_06885_,3
_06886_,2
_06887_,2
_06888_,2
_06889_,2
_06890_,2
_06891_,2
_06892_,2
_06893_,2
_06894_,2
_06895_,2
_06896_,2
_06897_,2
_06898_,3
_06899_,2
_06900_,2
_06901_,2
_06902_,2
_06903_,2
_06904_,2
_06906_,3
_06907_,2
_06908_,19
_06913_,2
_06915_,2
_06917_,2
_06920_,2
_06922_,2
_06924_,2
_06926_,2
_06928_,2
_06930_,2
_06932_,2
_06935_,2
_06937_,2
_06939_,2
_06942_,2
_06944_,2
_06946_,2
_06947_,2
_06949_,2
_06951_,2
_06953_,2
_06955_,2
_06957_,2
_06958_,5
_06959_,2
_06961_,2
_06962_,2
_06964_,2
_06965_,2
_06967_,2
_06969_,2
_06971_,2
_06972_,2
_06973_,2
_06974_,2
_06976_,2
_06977_,2
_06979_,2
_06983_,3
_06984_,2
_06985_,2
_06986_,2
_06987_,2
_06988_,2
_06989_,2
_06990_,2
_06993_,4
_06994_,4
_06995_,4
_06996_,2
_06997_,4
_06998_,2
_06999_,4
_07000_,4
_07001_,3
_07002_,2
_07003_,2
_07004_,2
_07006_,2
_07007_,2
_07009_,2
_07010_,2
_07013_,2
_07014_,2
_07015_,2
_07016_,2
_07017_,2
_07018_,2
_07021_,2
_07022_,2
_07023_,2
_07024_,2
_07025_,2
_07026_,5
_07030_,3
_07031_,2
_07032_,2
_07033_,3
_07034_,2
_07035_,2
_07036_,2
_07037_,2
_07038_,2
_07048_,2
_07049_,2
_07050_,3
_07052_,2
_07053_,2
_07055_,2
_07056_,3
_07057_,2
_07058_,5
_07060_,2
_07061_,2
_07063_,6
_07064_,2
_07067_,3
_07072_,2
_07073_,4
_07074_,2
_07075_,3
_07076_,18
_07078_,2
_07080_,7
_07081_,4
_07083_,2
_07084_,2
_07085_,2
_07086_,3
_07087_,2
_07089_,3
_07090_,8
_07091_,3
_07092_,3
_07093_,4
_07094_,2
_07096_,2
_07099_,3
_07100_,3
_07101_,3
_07103_,2
_07104_,2
_07105_,2
_07106_,2
_07107_,3
_07108_,3
_07109_,5
_07110_,3
_07111_,4
_07112_,2
_07113_,5
_07114_,3
_07115_,3
_07117_,3
_07118_,3
_07120_,3
_07121_,2
_07122_,3
_07123_,2
_07124_,2
_07125_,3
_07129_,2
_07130_,2
_07131_,7
_07132_,2
_07133_,3
_07134_,3
_07135_,2
_07136_,8
_07137_,2
_07138_,2
_07139_,3
_07140_,2
_07141_,2
_07142_,3
_07143_,2
_07144_,3
_07145_,2
_07146_,2
_07147_,2
_07148_,2
_07149_,2
_07150_,2
_07151_,2
_07152_,2
_07153_,3
_07154_,4
_07155_,4
_07156_,3
_07157_,3
_07158_,2
_07159_,3
_07160_,5
_07161_,3
_07162_,2
_07163_,5
_07164_,2
_07165_,3
_07166_,4
_07167_,2
_07168_,2
_07169_,3
_07170_,2
_07171_,2
_07172_,3
_07173_,4
_07174_,2
_07175_,3
_07176_,6
_07177_,3
_07178_,2
_07179_,3
_07180_,2
_07181_,3
_07182_,7
_07183_,3
_07184_,3
_07185_,3
_07186_,2
_07187_,3
_07188_,2
_07189_,2
_07190_,3
_07191_,3
_07192_,2
_07193_,3
_07194_,2
_07195_,2
_07196_,3
_07197_,3
_07198_,7
_07199_,2
_07200_,2
_07201_,2
_07202_,2
_07203_,2
_07204_,3
_07205_,3
_07206_,2
_07207_,3
_07208_,2
_07209_,2
_07210_,2
_07211_,3
_07212_,2
_07213_,3
_07214_,2
_07215_,3
_07217_,3
_07218_,2
_07219_,2
_07220_,3
_07221_,3
_07222_,2
_07223_,2
_07224_,4
_07225_,2
_07226_,3
_07227_,2
_07228_,2
_07229_,3
_07230_,3
_07231_,8
_07232_,2
_07233_,2
_07234_,2
_07235_,3
_07236_,3
_07237_,4
_07238_,2
_07239_,6
_07240_,2
_07241_,2
_07242_,2
_07243_,3
_07244_,2
_07245_,3
_07246_,2
_07247_,2
_07248_,2
_07249_,3
_07250_,2
_07251_,2
_07252_,3
_07253_,3
_07254_,3
_07255_,5
_07256_,3
_07257_,3
_07258_,2
_07259_,2
_07260_,2
_07261_,2
_07262_,2
_07263_,3
_07264_,2
_07265_,4
_07266_,4
_07269_,2
_07270_,2
_07271_,4
_07272_,3
_07273_,2
_07274_,2
_07275_,2
_07276_,4
_07278_,2
_07279_,4
_07281_,2
_07282_,4
_07283_,2
_07284_,4
_07286_,2
_07287_,2
_07288_,2
_07289_,2
_07290_,2
_07291_,2
_07292_,2
_07293_,4
_07294_,2
_07295_,2
_07296_,2
_07297_,2
_07299_,2
_07301_,2
_07302_,6
_07305_,4
_07306_,2
_07308_,3
_07309_,2
_07311_,4
_07312_,3
_07313_,2
_07315_,2
_07317_,3
_07318_,3
_07319_,2
_07321_,2
_07323_,2
_07327_,2
_07328_,2
_07329_,2
_07330_,2
_07333_,2
_07337_,2
_07338_,2
_07339_,2
_07340_,2
_07341_,2
_07343_,2
_07344_,2
_07345_,2
_07346_,2
_07347_,2
_07348_,2
_07349_,2
_07350_,2
_07351_,2
_07352_,2
_07353_,2
_07354_,2
_07358_,2
_07361_,2
_07362_,2
_07363_,2
_07364_,2
_07365_,2
_07366_,7
_07367_,2
_07368_,2
_07369_,2
_07370_,4
_07371_,2
_07372_,2
_07373_,2
_07374_,2
_07376_,2
_07378_,2
_07379_,2
_07380_,2
_07381_,2
_07382_,2
_07383_,2
_07384_,2
_07385_,2
_07386_,2
_07387_,2
_07388_,2
_07389_,2
_07390_,2
_07391_,2
_07392_,2
_07393_,2
_07394_,2
_07395_,2
_07396_,2
_07397_,2
_07398_,2
_07399_,2
_07400_,2
_07401_,2
_07402_,2
_07403_,2
_07404_,2
_07405_,2
_07406_,2
_07407_,2
_07408_,2
_07409_,2
_07410_,2
_07411_,2
_07412_,2
_07413_,2
_07414_,2
_07415_,2
_07416_,3
_07417_,2
_07418_,2
_07419_,2
_07420_,2
_07421_,2
_07422_,2
_07423_,2
_07424_,2
_07425_,2
_07426_,2
_07427_,2
_07428_,2
_07429_,2
_07430_,2
_07431_,2
_07432_,2
_07433_,2
_07434_,2
_07435_,2
_07436_,2
_07439_,3
_07440_,2
_07442_,7
_07443_,2
_07445_,2
_07446_,2
_07449_,2
_07450_,2
_07451_,2
_07452_,2
_07453_,2
_07454_,5
_07455_,2
_07456_,3
_07457_,3
_07458_,4
_07459_,5
_07460_,4
_07462_,3
_07463_,3
_07464_,2
_07466_,2
_07467_,5
_07470_,3
_07471_,7
_07472_,2
_07473_,3
_07474_,2
_07475_,2
_07476_,2
_07477_,4
_07478_,2
_07482_,2
_07483_,2
_07484_,2
_07485_,3
_07487_,3
_07488_,2
_07489_,2
_07492_,4
_07493_,2
_07495_,2
_07497_,2
_07498_,2
_07499_,3
_07500_,2
_07501_,3
_07502_,3
_07504_,2
_07505_,2
_07506_,2
_07507_,2
_07508_,2
_07509_,3
_07510_,3
_07511_,3
_07512_,3
_07513_,2
_07514_,2
_07515_,3
_07516_,3
_07517_,3
_07518_,2
_07519_,8
_07520_,4
_07523_,2
_07524_,2
_07525_,2
_07526_,2
_07527_,2
_07528_,2
_07529_,3
_07531_,3
_07532_,2
_07533_,2
_07534_,2
_07535_,3
_07536_,2
_07537_,2
_07538_,3
_07539_,3
_07540_,3
_07541_,2
_07542_,2
_07543_,3
_07544_,2
_07545_,2
_07546_,4
_07547_,2
_07548_,3
_07549_,2
_07550_,2
_07551_,2
_07552_,2
_07553_,2
_07554_,2
_07555_,4
_07556_,2
_07557_,2
_07558_,2
_07559_,2
_07560_,3
_07561_,3
_07563_,2
_07564_,2
_07565_,2
_07566_,3
_07567_,3
_07568_,2
_07569_,2
_07570_,2
_07571_,2
_07572_,2
_07573_,3
_07574_,3
_07575_,2
_07576_,2
_07577_,2
_07578_,3
_07579_,2
_07580_,2
_07581_,4
_07582_,2
_07583_,3
_07584_,2
_07585_,2
_07586_,2
_07587_,3
_07588_,2
_07589_,2
_07590_,2
_07591_,4
_07592_,2
_07593_,2
_07594_,2
_07595_,2
_07596_,2
_07597_,3
_07598_,2
_07599_,4
_07600_,3
_07601_,3
_07602_,2
_07603_,2
_07604_,2
_07605_,2
_07606_,2
_07607_,2
_07608_,4
_07609_,2
_07612_,2
_07613_,2
_07614_,2
_07615_,2
_07616_,2
_07617_,3
_07618_,3
_07619_,3
_07620_,2
_07621_,2
_07622_,2
_07623_,2
_07624_,2
_07625_,2
_07626_,4
_07627_,2
_07628_,2
_07629_,2
_07630_,2
_07631_,2
_07632_,2
_07633_,3
_07634_,2
_07635_,4
_07636_,3
_07637_,2
_07638_,2
_07639_,2
_07640_,5
_07641_,2
_07642_,3
_07643_,3
_07644_,3
_07645_,2
_07646_,2
_07647_,2
_07648_,3
_07649_,3
_07650_,2
_07651_,2
_07652_,2
_07653_,2
_07654_,2
_07655_,2
_07656_,2
_07657_,2
_07658_,2
_07659_,4
_07660_,3
_07661_,2
_07662_,2
_07663_,2
_07664_,2
_07665_,2
_07666_,2
_07667_,3
_07668_,2
_07669_,2
_07670_,4
_07671_,3
_07672_,2
_07673_,2
_07674_,2
_07675_,2
_07676_,2
_07677_,2
_07678_,3
_07679_,2
_07680_,4
_07681_,3
_07682_,2
_07683_,2
_07684_,3
_07685_,2
_07686_,2
_07687_,3
_07688_,2
_07689_,2
_07690_,2
_07691_,3
_07692_,2
_07693_,2
_07694_,3
_07695_,3
_07696_,2
_07697_,3
_07698_,2
_07699_,3
_07700_,3
_07701_,4
_07702_,2
_07703_,2
_07704_,2
_07705_,2
_07706_,2
_07707_,2
_07708_,5
_07709_,3
_07710_,3
_07711_,3
_07712_,3
_07713_,2
_07714_,2
_07715_,2
_07716_,2
_07717_,3
_07718_,2
_07719_,4
_07720_,3
_07721_,2
_07722_,2
_07723_,2
_07724_,3
_07725_,2
_07726_,2
_07727_,4
_07728_,3
_07729_,2
_07730_,2
_07731_,2
_07732_,4
_07733_,2
_07734_,3
_07736_,2
_07737_,3
_07738_,2
_07739_,5
_07741_,2
_07742_,2
_07743_,5
_07744_,3
_07745_,2
_07746_,2
_07747_,6
_07748_,2
_07750_,5
_07751_,2
_07754_,2
_07755_,2
_07757_,2
_07760_,6
_07761_,2
_07762_,2
_07763_,3
_07766_,2
_07767_,2
_07768_,3
_07770_,2
_07771_,2
_07773_,3
_07774_,2
_07775_,2
_07776_,3
_07777_,2
_07778_,2
_07779_,3
_07781_,2
_07782_,2
_07783_,3
_07784_,2
_07785_,2
_07787_,2
_07788_,2
_07789_,2
_07790_,2
_07791_,3
_07793_,2
_07794_,2
_07795_,3
_07796_,2
_07797_,2
_07798_,3
_07799_,2
_07800_,2
_07802_,2
_07803_,2
_07804_,2
_07805_,2
_07806_,3
_07807_,2
_07808_,2
_07809_,2
_07810_,2
_07811_,3
_07812_,2
_07813_,2
_07814_,2
_07815_,2
_07816_,2
_07817_,2
_07818_,2
_07819_,3
_07820_,2
_07821_,2
_07822_,3
_07823_,2
_07824_,2
_07826_,2
_07827_,2
_07828_,2
_07829_,2
_07830_,2
_07831_,2
_07832_,3
_07833_,2
_07834_,2
_07835_,3
_07836_,2
_07837_,2
_07838_,3
_07839_,2
_07840_,2
_07841_,2
_07842_,2
_07843_,2
_07844_,2
_07845_,2
_07846_,2
_07847_,2
_07848_,2
_07850_,5
_07852_,4
_07853_,6
_07854_,12
_07855_,2
_07856_,2
_07857_,3
_07858_,2
_07859_,4
_07860_,3
_07861_,2
_07863_,4
_07864_,2
_07865_,2
_07866_,2
_07867_,2
_07868_,3
_07869_,2
_07870_,2
_07871_,2
_07873_,10
_07874_,8
_07875_,3
_07876_,3
_07877_,8
_07879_,5
_07880_,17
_07881_,2
_07882_,2
_07883_,2
_07886_,3
_07887_,3
_07888_,7
_07890_,3
_07891_,5
_07894_,7
_07895_,2
_07898_,2
_07899_,2
_07900_,2
_07901_,16
_07903_,5
_07904_,2
_07905_,5
_07906_,5
_07907_,2
_07908_,2
_07909_,2
_07910_,2
_07911_,5
_07912_,2
_07913_,2
_07914_,2
_07915_,2
_07916_,5
_07918_,2
_07924_,9
_07925_,2
_07926_,9
_07927_,2
_07929_,2
_07930_,2
_07931_,2
_07932_,2
_07933_,2
_07934_,2
_07935_,2
_07936_,2
_07937_,3
_07938_,9
_07941_,2
_07946_,2
_07947_,2
_07949_,5
_07950_,3
_07951_,2
_07953_,2
_07955_,2
_07958_,2
_07959_,2
_07961_,2
_07962_,2
_07964_,2
_07965_,2
_07966_,3
_07967_,4
_07968_,2
_07969_,5
_07970_,4
_07971_,3
_07972_,2
_07973_,2
_07977_,3
_07980_,2
_07982_,4
_07983_,2
_07984_,2
_07985_,2
_07986_,2
_07987_,2
_07988_,2
_07989_,2
_07990_,10
_07991_,3
_07992_,2
_07993_,2
_07995_,3
_07996_,11
_07997_,2
_08000_,2
_08002_,2
_08003_,2
_08004_,2
_08005_,3
_08006_,2
_08010_,4
_08011_,3
_08012_,2
_08013_,4
_08014_,4
_08015_,3
_08016_,4
_08017_,4
_08018_,6
_08019_,3
_08020_,4
_08021_,5
_08022_,7
_08023_,3
_08024_,3
_08025_,3
_08026_,5
_08027_,3
_08028_,2
_08029_,2
_08031_,2
_08035_,5
_08036_,2
_08038_,5
_08039_,3
_08040_,6
_08041_,2
_08043_,6
_08044_,7
_08046_,7
_08048_,7
_08050_,7
_08052_,2
_08054_,2
_08056_,6
_08057_,2
_08058_,2
_08060_,2
_08061_,2
_08062_,2
_08063_,2
_08064_,2
_08065_,3
_08066_,3
_08067_,2
_08069_,3
_08070_,2
_08071_,2
_08075_,2
_08076_,6
_08077_,8
_08079_,9
_08081_,7
_08083_,3
_08085_,6
_08087_,7
_08089_,7
_08091_,7
_08093_,10
_08095_,4
_08096_,7
_08097_,3
_08098_,2
_08099_,2
_08100_,2
_08101_,6
_08103_,7
_08104_,2
_08106_,3
_08107_,2
_08108_,2
_08109_,2
_08111_,2
_08112_,2
_08113_,7
_08114_,2
_08115_,3
_08116_,3
_08117_,3
_08118_,3
_08119_,3
_08120_,3
_08122_,4
_08123_,2
_08124_,2
_08125_,2
_08127_,5
_08128_,2
_08129_,2
_08130_,2
_08131_,2
_08132_,2
_08133_,2
_08134_,2
_08135_,3
_08136_,2
_08137_,2
_08138_,2
_08139_,2
_08140_,2
_08141_,2
_08142_,2
_08143_,2
_08144_,2
_08145_,2
_08146_,2
_08147_,2
_08148_,3
_08149_,2
_08150_,2
_08151_,2
_08152_,7
_08153_,2
_08154_,2
_08155_,2
_08156_,2
_08157_,2
_08159_,2
_08160_,10
_08161_,2
_08162_,2
_08163_,3
_08164_,2
_08166_,2
_08167_,2
_08168_,2
_08169_,2
_08170_,2
_08171_,2
_08172_,2
_08173_,2
_08174_,3
_08175_,3
_08176_,2
_08177_,2
_08178_,2
_08179_,2
_08180_,2
_08181_,2
_08182_,5
_08183_,2
_08184_,2
_08185_,2
_08186_,2
_08187_,2
_08188_,2
_08189_,3
_08190_,2
_08191_,4
_08192_,2
_08193_,2
_08195_,2
_08196_,2
_08197_,4
_08198_,2
_08199_,2
_08200_,2
_08201_,2
_08202_,3
_08203_,3
_08204_,2
_08205_,2
_08206_,2
_08207_,2
_08208_,2
_08209_,7
_08210_,4
_08211_,3
_08212_,3
_08213_,3
_08214_,4
_08215_,5
_08216_,2
_08217_,2
_08218_,2
_08219_,2
_08220_,2
_08221_,2
_08222_,2
_08223_,2
_08224_,3
_08225_,3
_08226_,2
_08227_,2
_08229_,2
_08230_,2
_08231_,2
_08232_,5
_08233_,2
_08234_,2
_08235_,2
_08236_,2
_08237_,2
_08238_,2
_08239_,2
_08240_,3
_08241_,2
_08242_,2
_08243_,4
_08244_,2
_08245_,2
_08246_,2
_08247_,5
_08248_,2
_08249_,2
_08250_,3
_08251_,3
_08252_,2
_08253_,2
_08254_,2
_08255_,2
_08256_,2
_08257_,4
_08258_,2
_08259_,2
_08260_,2
_08261_,2
_08262_,2
_08263_,2
_08264_,3
_08265_,2
_08266_,2
_08267_,2
_08268_,2
_08269_,2
_08270_,2
_08271_,2
_08272_,2
_08273_,2
_08274_,2
_08275_,2
_08276_,3
_08277_,2
_08278_,2
_08279_,2
_08280_,2
_08281_,2
_08282_,2
_08283_,5
_08284_,2
_08285_,2
_08286_,2
_08287_,2
_08288_,2
_08289_,3
_08290_,3
_08291_,2
_08292_,2
_08293_,2
_08294_,2
_08295_,3
_08296_,2
_08297_,2
_08298_,2
_08299_,2
_08300_,2
_08301_,2
_08302_,3
_08303_,2
_08304_,2
_08305_,2
_08306_,4
_08307_,2
_08308_,2
_08309_,2
_08310_,2
_08311_,2
_08312_,2
_08313_,3
_08314_,2
_08315_,2
_08316_,2
_08317_,2
_08318_,2
_08319_,2
_08320_,2
_08321_,2
_08322_,2
_08323_,2
_08324_,2
_08325_,3
_08326_,2
_08327_,2
_08328_,3
_08329_,2
_08330_,2
_08331_,4
_08332_,3
_08333_,2
_08334_,2
_08335_,2
_08336_,2
_08337_,2
_08338_,2
_08339_,2
_08340_,3
_08341_,2
_08342_,2
_08343_,4
_08344_,2
_08345_,2
_08346_,2
_08347_,2
_08348_,2
_08349_,2
_08350_,3
_08351_,4
_08352_,2
_08353_,2
_08355_,5
_08356_,2
_08357_,2
_08358_,2
_08359_,2
_08360_,2
_08361_,2
_08362_,2
_08363_,3
_08364_,2
_08365_,2
_08366_,2
_08367_,3
_08368_,2
_08369_,2
_08370_,2
_08371_,2
_08372_,6
_08374_,4
_08375_,2
_08376_,2
_08377_,2
_08378_,2
_08379_,2
_08380_,2
_08381_,3
_08382_,2
_08383_,3
_08384_,2
_08385_,2
_08386_,4
_08387_,3
_08388_,2
_08389_,2
_08390_,2
_08391_,2
_08392_,2
_08393_,2
_08394_,2
_08395_,2
_08396_,3
_08397_,4
_08398_,2
_08399_,2
_08400_,2
_08401_,2
_08402_,2
_08403_,2
_08404_,3
_08405_,2
_08406_,2
_08407_,5
_08408_,2
_08409_,2
_08410_,2
_08411_,2
_08412_,2
_08413_,2
_08414_,2
_08415_,3
_08416_,2
_08417_,4
_08418_,2
_08419_,2
_08420_,2
_08421_,2
_08422_,2
_08423_,2
_08424_,2
_08425_,2
_08426_,3
_08427_,2
_08428_,2
_08430_,2
_08431_,2
_08432_,3
_08433_,7
_08434_,2
_08435_,3
_08436_,2
_08437_,2
_08438_,3
_08439_,5
_08440_,2
_08441_,2
_08442_,2
_08443_,2
_08444_,49
_08447_,2
_08448_,2
_08449_,2
_08453_,3
_08459_,3
_08460_,5
_08461_,3
_08462_,14
_08463_,2
_08464_,4
_08465_,3
_08466_,3
_08467_,3
_08468_,4
_08470_,3
_08471_,3
_08472_,2
_08473_,3
_08474_,2
_08475_,2
_08476_,2
_08477_,2
_08478_,2
_08479_,2
_08480_,2
_08481_,3
_08482_,2
_08483_,2
_08484_,2
_08485_,2
_08486_,2
_08487_,2
_08488_,3
_08489_,2
_08490_,2
_08491_,2
_08492_,2
_08493_,2
_08494_,2
_08495_,2
_08496_,3
_08497_,2
_08498_,3
_08499_,2
_08500_,2
_08501_,3
_08502_,2
_08503_,2
_08504_,2
_08505_,2
_08506_,3
_08507_,4
_08508_,2
_08509_,2
_08510_,3
_08511_,3
_08512_,2
_08513_,3
_08514_,2
_08515_,2
_08516_,9
_08517_,2
_08518_,2
_08519_,2
_08520_,7
_08521_,2
_08522_,4
_08523_,6
_08524_,4
_08525_,3
_08526_,2
_08527_,4
_08528_,2
_08529_,4
_08530_,2
_08531_,2
_08532_,2
_08533_,7
_08534_,4
_08535_,3
_08536_,3
_08537_,3
_08538_,6
_08539_,3
_08540_,2
_08541_,2
_08542_,2
_08543_,2
_08544_,3
_08545_,2
_08547_,4
_08548_,2
_08549_,2
_08550_,3
_08551_,3
_08552_,2
_08554_,2
_08555_,2
_08556_,2
_08557_,3
_08558_,3
_08559_,2
_08560_,2
_08561_,4
_08562_,2
_08563_,2
_08564_,8
_08565_,8
_08566_,2
_08567_,2
_08568_,3
_08569_,2
_08570_,2
_08571_,4
_08572_,2
_08573_,2
_08574_,2
_08575_,2
_08576_,4
_08577_,2
_08578_,2
_08579_,2
_08580_,2
_08581_,3
_08583_,2
_08584_,3
_08585_,5
_08586_,2
_08587_,4
_08588_,3
_08589_,2
_08591_,2
_08592_,2
_08593_,2
_08594_,4
_08595_,16
_08598_,2
_08600_,2
_08603_,2
_08605_,2
_08606_,2
_08607_,2
_08608_,2
_08609_,2
_08610_,2
_08611_,2
_08612_,2
_08613_,2
_08615_,2
_08616_,2
_08617_,2
_08618_,2
_08619_,2
_08620_,2
_08621_,2
_08622_,2
_08624_,2
_08626_,2
_08627_,2
_08628_,2
_08629_,2
_08630_,2
_08631_,2
_08632_,2
_08633_,2
_08634_,2
_08635_,2
_08636_,2
_08637_,2
_08638_,2
_08639_,2
_08640_,2
_08641_,2
_08642_,2
_08643_,2
_08644_,2
_08645_,2
_08646_,2
_08647_,2
_08648_,2
_08649_,2
_08650_,2
_08651_,2
_08652_,2
_08653_,2
_08654_,2
_08655_,2
_08656_,2
_08657_,2
_08658_,2
_08659_,2
_08660_,2
_08661_,2
_08662_,2
_08663_,2
_08664_,2
_08665_,2
_08666_,2
_08667_,7
_08669_,2
_08670_,2
_08671_,2
_08672_,2
_08673_,2
_08674_,2
_08675_,4
_08676_,2
_08677_,2
_08678_,2
_08679_,2
_08680_,2
_08681_,2
_08682_,3
_08683_,2
_08684_,4
_08685_,3
_08686_,6
_08687_,3
_08688_,5
_08689_,2
_08691_,7
_08692_,2
_08693_,4
_08694_,10
_08695_,2
_08696_,2
_08698_,2
_08699_,2
_08700_,8
_08701_,2
_08702_,2
_08703_,2
_08704_,2
_08705_,2
_08706_,2
_08707_,2
_08708_,2
_08709_,2
_08710_,2
_08711_,2
_08712_,2
_08713_,2
_08714_,2
_08715_,2
_08716_,2
_08717_,2
_08718_,2
_08720_,2
_08721_,2
_08722_,2
_08723_,2
_08724_,2
_08725_,2
_08726_,2
_08727_,2
_08728_,2
_08729_,2
_08730_,2
_08731_,2
_08732_,2
_08733_,2
_08734_,2
_08736_,2
_08738_,5
_08739_,9
_08740_,4
_08741_,3
_08742_,3
_08743_,5
_08744_,9
_08745_,3
_08746_,4
_08747_,2
_08748_,2
_08749_,3
_08750_,2
_08752_,6
_08753_,3
_08754_,2
_08756_,3
_08757_,2
_08760_,2
_08763_,2
_08764_,4
_08765_,5
_08766_,2
_08767_,2
_08768_,2
_08769_,3
_08771_,2
_08773_,2
_08775_,2
_08777_,2
_08778_,2
_08781_,2
_08784_,2
_08789_,2
_08790_,2
_08791_,2
_08792_,2
_08793_,2
_08794_,2
_08795_,2
_08796_,2
_08797_,2
_08798_,2
_08799_,2
_08800_,2
_08801_,2
_08802_,2
_08803_,2
_08804_,2
_08805_,2
_08807_,2
_08809_,2
_08810_,2
_08811_,2
_08812_,2
_08813_,2
_08814_,2
_08816_,2
_08818_,2
_08819_,2
_08820_,2
_08821_,2
_08822_,2
_08823_,2
_08824_,2
_08825_,2
_08826_,2
_08827_,2
_08828_,2
_08829_,2
_08830_,2
_08831_,2
_08832_,2
_08833_,2
_08834_,2
_08835_,2
_08837_,2
_08839_,2
_08841_,2
_08842_,2
_08843_,2
_08844_,2
_08845_,2
_08847_,2
_08849_,2
_08850_,2
_08851_,2
_08852_,2
_08853_,2
_08855_,2
_08856_,2
_08857_,2
_08858_,2
_08859_,2
_08860_,2
_08861_,2
_08862_,2
_08863_,2
_08864_,2
_08865_,2
_08866_,2
_08867_,2
_08868_,2
_08869_,2
_08870_,2
_08871_,2
_08872_,2
_08873_,2
_08874_,2
_08875_,2
_08876_,2
_08877_,2
_08878_,2
_08879_,2
_08880_,2
_08881_,2
_08882_,2
_08883_,2
_08884_,2
_08885_,2
_08886_,2
_08887_,2
_08888_,2
_08889_,2
_08890_,2
_08891_,2
_08892_,2
_08893_,2
_08894_,2
_08895_,2
_08896_,2
_08897_,2
_08898_,2
_08899_,2
_08900_,2
_08901_,2
_08902_,2
_08903_,2
_08904_,2
_08905_,2
_08906_,2
_08907_,2
_08908_,2
_08909_,2
_08910_,2
_08911_,2
_08912_,2
_08913_,2
_08914_,2
_08916_,2
_08917_,2
_08918_,2
_08919_,2
_08920_,2
_08921_,3
_08922_,2
_08923_,2
_08925_,2
_08926_,2
_08927_,2
_08928_,2
_08929_,2
_08930_,2
_08931_,2
_08932_,2
_08933_,2
_08934_,2
_08935_,2
_08936_,3
_08937_,2
_08938_,2
_08939_,2
_08940_,2
_08941_,2
_08942_,2
_08943_,2
_08944_,2
_08945_,2
_08946_,2
_08947_,2
_08948_,2
_08949_,2
_08950_,2
_08951_,2
_08952_,2
_08953_,2
_08954_,2
_08955_,2
_08956_,2
_08957_,2
_08958_,2
_08959_,2
_08960_,2
_08961_,2
_08962_,2
_08963_,2
_08964_,2
_08965_,2
_08966_,2
_08967_,2
_08968_,2
_08969_,2
_08970_,2
_08971_,2
_08972_,2
_08973_,2
_08974_,2
_08975_,2
_08976_,2
_08977_,2
_08978_,2
_08979_,2
_08980_,2
_08981_,2
_08982_,2
_08983_,2
_08984_,2
_08985_,2
_08986_,2
_08987_,2
_08988_,2
_08989_,2
_08990_,2
_08991_,3
_08992_,3
_08993_,2
_08994_,2
_08995_,2
_08996_,2
_08997_,2
_08998_,2
_08999_,2
_09000_,2
_09001_,2
_09002_,2
_09007_,3
_09011_,17
_09014_,2
_09015_,2
_09016_,2
_09018_,3
_09019_,2
_09020_,2
_09021_,17
_09023_,3
_09024_,2
_09025_,2
_09026_,2
_09027_,3
_09028_,2
_09029_,2
_09030_,2
_09031_,3
_09032_,2
_09033_,2
_09034_,2
_09036_,3
_09038_,2
_09039_,2
_09040_,2
_09041_,3
_09042_,2
_09043_,2
_09044_,2
_09045_,3
_09046_,2
_09047_,2
_09048_,2
_09049_,3
_09050_,2
_09051_,2
_09052_,2
_09053_,3
_09055_,2
_09056_,2
_09057_,2
_09058_,3
_09059_,2
_09060_,2
_09061_,2
_09062_,3
_09063_,2
_09064_,2
_09065_,2
_09066_,3
_09067_,2
_09068_,2
_09069_,2
_09070_,3
_09071_,2
_09072_,2
_09073_,2
_09074_,3
_09075_,2
_09076_,2
_09077_,2
_09079_,3
_09080_,2
_09081_,2
_09082_,2
_09085_,3
_09086_,17
_09089_,2
_09090_,2
_09091_,2
_09092_,2
_09093_,2
_09094_,18
_09096_,3
_09097_,2
_09098_,2
_09099_,2
_09100_,3
_09101_,2
_09102_,2
_09103_,2
_09104_,3
_09105_,2
_09106_,2
_09107_,2
_09108_,3
_09109_,2
_09110_,2
_09111_,2
_09112_,3
_09113_,2
_09114_,2
_09115_,2
_09116_,3
_09117_,2
_09118_,2
_09119_,2
_09120_,3
_09121_,2
_09123_,2
_09124_,2
_09125_,3
_09126_,2
_09127_,2
_09128_,2
_09130_,3
_09131_,2
_09132_,2
_09133_,2
_09134_,3
_09135_,2
_09136_,2
_09137_,2
_09138_,3
_09139_,2
_09140_,2
_09141_,2
_09142_,3
_09143_,2
_09144_,2
_09145_,2
_09146_,3
_09147_,2
_09148_,2
_09149_,2
_09150_,3
_09151_,2
_09152_,2
_09153_,2
_09156_,3
_09157_,17
_09160_,2
_09161_,2
_09162_,2
_09163_,2
_09164_,2
_09165_,17
_09167_,3
_09168_,2
_09169_,2
_09170_,2
_09171_,3
_09172_,2
_09174_,2
_09175_,2
_09176_,3
_09177_,2
_09178_,2
_09179_,2
_09181_,3
_09182_,2
_09183_,2
_09184_,2
_09185_,3
_09186_,2
_09187_,2
_09188_,2
_09189_,3
_09190_,2
_09191_,2
_09192_,2
_09193_,3
_09194_,2
_09195_,2
_09196_,2
_09197_,3
_09198_,2
_09199_,2
_09200_,2
_09201_,3
_09202_,2
_09203_,2
_09204_,2
_09205_,3
_09206_,2
_09207_,2
_09208_,2
_09209_,3
_09210_,2
_09211_,2
_09212_,2
_09213_,3
_09214_,2
_09215_,2
_09216_,2
_09217_,3
_09218_,2
_09219_,2
_09220_,2
_09221_,3
_09222_,2
_09223_,2
_09224_,2
_09226_,17
_09229_,2
_09232_,2
_09233_,2
_09234_,2
_09235_,2
_09236_,18
_09238_,2
_09239_,2
_09240_,2
_09241_,2
_09242_,2
_09243_,2
_09244_,2
_09245_,2
_09246_,2
_09247_,2
_09248_,2
_09249_,2
_09250_,2
_09251_,2
_09252_,2
_09253_,2
_09254_,2
_09255_,2
_09256_,2
_09257_,2
_09258_,2
_09259_,2
_09260_,2
_09261_,2
_09262_,2
_09263_,2
_09264_,2
_09265_,2
_09266_,2
_09267_,2
_09268_,2
_09269_,2
_09270_,2
_09271_,2
_09272_,2
_09273_,2
_09274_,2
_09275_,2
_09276_,2
_09277_,2
_09278_,2
_09279_,2
_09280_,7
_09284_,7
_09285_,3
_09286_,5
_09287_,6
_09288_,2
_09289_,5
_09290_,4
_09291_,3
_09293_,7
_09294_,6
_09295_,2
_09296_,3
_09297_,4
_09298_,7
_09299_,4
_09300_,4
_09301_,6
_09302_,3
_09303_,3
_09304_,4
_09305_,3
_09306_,5
_09307_,9
_09308_,3
_09309_,4
_09310_,4
_09311_,3
_09312_,5
_09313_,2
_09314_,3
_09315_,4
_09316_,10
_09317_,3
_09318_,3
_09319_,2
_09320_,3
_09321_,4
_09322_,3
_09323_,2
_09324_,6
_09325_,6
_09326_,6
_09327_,9
_09328_,12
_09329_,12
_09330_,2
_09331_,3
_09332_,4
_09333_,4
_09334_,2
_09335_,13
_09338_,2
_09339_,2
_09340_,2
_09341_,2
_09342_,2
_09343_,2
_09344_,2
_09345_,2
_09346_,2
_09347_,2
_09348_,3
_09349_,2
_09350_,4
_09351_,2
_09352_,2
_09353_,2
_09354_,5
_09355_,2
_09356_,2
_09357_,4
_09358_,2
_09359_,2
_09360_,2
_09361_,2
_09362_,2
_09363_,2
_09364_,2
_09365_,2
_09366_,2
_09367_,2
_09368_,2
_09369_,2
_09370_,2
_09371_,2
_09372_,2
_09373_,3
_09374_,2
_09375_,3
_09376_,3
_09377_,9
_09380_,2
_09385_,2
_09390_,2
_09391_,5
_09394_,5
_09395_,7
_09396_,8
_09397_,5
_09398_,8
_09399_,16
_09401_,2
_09402_,4
_09403_,3
_09404_,18
_09406_,2
_09407_,2
_09408_,2
_09409_,2
_09411_,5
_09412_,12
_09413_,5
_09414_,3
_09415_,8
_09416_,4
_09417_,11
_09418_,2
_09419_,4
_09420_,5
_09421_,7
_09423_,2
_09425_,2
_09426_,2
_09427_,2
_09428_,2
_09429_,2
_09430_,2
_09431_,2
_09432_,5
_09433_,6
_09434_,2
_09435_,2
_09436_,2
_09437_,2
_09438_,2
_09439_,5
_09440_,6
_09441_,3
_09442_,3
_09443_,3
_09444_,2
_09445_,2
_09446_,3
_09447_,2
_09448_,2
_09449_,2
_09450_,2
_09451_,2
_09452_,2
_09453_,5
_09454_,8
_09455_,2
_09456_,2
_09457_,2
_09458_,2
_09459_,2
_09460_,2
_09461_,3
_09463_,2
_09464_,2
_09465_,3
_09466_,2
_09467_,2
_09468_,2
_09469_,2
_09470_,2
_09471_,5
_09472_,5
_09473_,7
_09474_,2
_09475_,2
_09476_,2
_09477_,2
_09478_,2
_09479_,8
_09480_,5
_09481_,2
_09482_,2
_09483_,4
_09484_,4
_09485_,5
_09486_,2
_09487_,2
_09488_,3
_09489_,2
_09490_,2
_09491_,2
_09492_,2
_09493_,2
_09494_,2
_09495_,8
_09496_,2
_09497_,2
_09498_,2
_09499_,2
_09500_,2
_09501_,2
_09502_,2
_09503_,8
_09504_,5
_09505_,2
_09506_,2
_09507_,3
_09508_,2
_09509_,2
_09510_,2
_09511_,2
_09512_,5
_09513_,2
_09514_,4
_09515_,3
_09516_,2
_09517_,2
_09518_,3
_09519_,5
_09520_,3
_09521_,4
_09522_,2
_09523_,2
_09524_,2
_09525_,2
_09526_,2
_09527_,2
_09528_,2
_09529_,2
_09530_,7
_09531_,2
_09532_,2
_09533_,2
_09534_,2
_09535_,2
_09536_,2
_09537_,2
_09538_,3
_09539_,2
_09540_,3
_09541_,2
_09542_,2
_09543_,2
_09544_,2
_09545_,3
_09546_,6
_09547_,6
_09548_,5
_09549_,5
_09550_,2
_09551_,3
_09552_,2
_09553_,2
_09554_,2
_09555_,3
_09556_,2
_09557_,7
_09558_,6
_09559_,6
_09560_,4
_09561_,3
_09562_,2
_09563_,2
_09564_,2
_09565_,8
_09566_,2
_09567_,4
_09568_,3
_09569_,2
_09570_,2
_09571_,2
_09572_,2
_09573_,2
_09574_,2
_09575_,2
_09576_,2
_09577_,2
_09578_,8
_09579_,2
_09580_,4
_09581_,3
_09582_,2
_09583_,2
_09584_,2
_09585_,2
_09586_,2
_09587_,2
_09588_,2
_09589_,2
_09590_,2
_09591_,8
_09592_,2
_09593_,3
_09594_,2
_09595_,2
_09596_,2
_09597_,2
_09598_,2
_09599_,2
_09600_,2
_09601_,2
_09602_,2
_09603_,4
_09604_,7
_09605_,2
_09606_,5
_09607_,2
_09608_,3
_09609_,2
_09610_,2
_09611_,2
_09612_,2
_09613_,7
_09615_,2
_09616_,2
_09617_,2
_09618_,8
_09619_,2
_09620_,5
_09621_,3
_09622_,2
_09623_,2
_09624_,3
_09625_,2
_09626_,2
_09627_,2
_09628_,2
_09629_,2
_09630_,2
_09631_,2
_09632_,2
_09633_,8
_09634_,2
_09635_,4
_09636_,3
_09637_,2
_09638_,2
_09639_,3
_09640_,5
_09641_,2
_09642_,2
_09643_,2
_09644_,2
_09645_,2
_09646_,2
_09647_,3
_09648_,5
_09649_,5
_09650_,2
_09651_,2
_09652_,2
_09653_,2
_09654_,2
_09655_,4
_09656_,2
_09657_,2
_09658_,2
_09659_,2
_09660_,3
_09661_,2
_09662_,2
_09663_,2
_09664_,2
_09665_,2
_09666_,6
_09667_,3
_09668_,2
_09670_,2
_09671_,2
_09672_,4
_09673_,2
_09674_,4
_09675_,2
_09676_,2
_09677_,2
_09678_,2
_09679_,4
_09680_,2
_09681_,2
_09682_,2
_09683_,5
_09684_,2
_09685_,2
_09686_,2
_09687_,2
_09688_,2
_09689_,2
_09690_,2
_09691_,2
_09692_,6
_09693_,8
_09694_,2
_09695_,2
_09696_,2
_09697_,2
_09698_,3
_09699_,2
_09700_,9
_09701_,5
_09702_,4
_09703_,2
_09704_,2
_09705_,7
_09706_,2
_09707_,2
_09708_,10
_09709_,2
_09710_,2
_09711_,6
_09712_,3
_09713_,2
_09714_,2
_09715_,3
_09716_,2
_09717_,7
_09718_,2
_09719_,2
_09720_,2
_09721_,2
_09722_,2
_09723_,2
_09724_,2
_09725_,2
_09726_,2
_09727_,3
_09728_,2
_09729_,2
_09730_,2
_09731_,2
_09732_,2
_09733_,2
_09734_,2
_09735_,2
_09736_,2
_09737_,3
_09738_,2
_09739_,2
_09740_,2
_09741_,2
_09742_,2
_09743_,2
_09744_,2
_09745_,2
_09746_,2
_09747_,2
_09748_,2
_09749_,3
_09750_,2
_09751_,2
_09752_,2
_09753_,2
_09754_,2
_09755_,6
_09756_,4
_09757_,8
_09758_,2
_09759_,2
_09760_,7
_09761_,2
_09762_,3
_09764_,12
_09766_,2
_09769_,2
_09770_,2
_09771_,2
_09773_,3
_09777_,27
_09778_,2
_09782_,2
_09785_,3
_09786_,2
_09790_,2
_09791_,20
_09793_,2
_09794_,2
_09795_,2
_09796_,2
_09799_,2
_09800_,2
_09806_,3
_09807_,2
_09808_,2
_09809_,2
_09812_,3
_09813_,2
_09816_,3
_09819_,3
_09820_,2
_09822_,2
_09825_,2
_09826_,2
_09827_,2
_09828_,3
_09829_,3
_09830_,2
_09831_,2
_09832_,2
_09833_,9
_09835_,2
_09837_,3
_09838_,2
_09839_,3
_09840_,2
_09841_,2
_09843_,2
_09844_,2
_09845_,2
_09846_,2
_09847_,2
_09848_,2
_09849_,2
_09850_,2
_09851_,2
_09852_,2
_09853_,2
_09854_,2
_09859_,3
_09860_,2
_09862_,2
_09863_,6
_09864_,3
_09866_,2
_09868_,2
_09869_,13
_09873_,2
_09874_,2
_09875_,2
_09876_,2
_09877_,3
_09878_,2
_09879_,2
_09880_,2
_09882_,3
_09884_,3
_09885_,2
_09886_,2
_09887_,3
_09888_,2
_09889_,2
_09890_,3
_09892_,3
_09893_,2
_09895_,3
_09896_,2
_09900_,2
_09901_,2
_09902_,2
_09903_,3
_09904_,5
_09905_,2
_09906_,2
_09907_,3
_09909_,3
_09910_,2
_09911_,2
_09912_,2
_09913_,2
_09914_,2
_09915_,2
_09916_,2
_09917_,2
_09918_,3
_09919_,2
_09920_,2
_09921_,2
_09923_,3
_09924_,2
_09925_,2
_09927_,3
_09928_,2
_09929_,2
_09930_,2
_09931_,2
_09932_,2
_09933_,2
_09934_,2
_09935_,2
_09936_,2
_09937_,3
_09938_,9
_09939_,2
_09940_,2
_09941_,2
_09942_,2
_09943_,2
_09944_,2
_09945_,2
_09946_,2
_09947_,2
_09948_,2
_09949_,2
_09950_,2
_09952_,2
_09953_,2
_09954_,2
_09955_,2
_09956_,2
_09957_,2
_09958_,2
_09959_,2
_09960_,2
_09961_,2
_09962_,2
_09963_,2
_09964_,2
_09965_,2
_09966_,2
_09967_,2
_09968_,2
_09969_,2
_09970_,2
_09971_,2
_09972_,2
_09974_,2
_09975_,2
_09976_,2
_09978_,2
_09979_,2
_09980_,2
_09981_,2
_09982_,3
_09983_,2
_09984_,2
_09985_,2
_09986_,2
_09987_,3
_09988_,2
_09989_,2
_09990_,2
_09991_,2
_09992_,2
_09993_,2
_09994_,2
_09995_,2
_09996_,3
_09997_,8
_09998_,2
_09999_,2
_10000_,2
_10001_,2
_10002_,2
_10003_,2
_10004_,2
_10005_,2
_10006_,2
_10007_,3
_10008_,2
_10009_,2
_10010_,2
_10011_,2
_10012_,2
_10013_,3
_10014_,2
_10015_,2
_10016_,2
_10017_,2
_10018_,2
_10019_,2
_10020_,2
_10021_,2
_10022_,3
_10023_,2
_10024_,2
_10025_,2
_10026_,2
_10027_,2
_10028_,2
_10029_,2
_10030_,2
_10031_,2
_10032_,3
_10033_,2
_10034_,2
_10035_,2
_10036_,2
_10037_,3
_10038_,2
_10039_,3
_10040_,2
_10041_,2
_10042_,2
_10043_,2
_10044_,2
_10045_,2
_10046_,2
_10047_,2
_10048_,3
_10049_,2
_10050_,2
_10051_,2
_10052_,4
_10053_,5
_10054_,2
_10055_,2
_10056_,9
_10057_,2
_10058_,2
_10059_,2
_10060_,3
_10061_,2
_10062_,2
_10063_,3
_10064_,2
_10065_,2
_10066_,2
_10067_,2
_10068_,2
_10069_,2
_10070_,2
_10071_,3
_10072_,9
_10073_,2
_10074_,2
_10075_,2
_10076_,2
_10077_,2
_10078_,2
_10079_,2
_10080_,2
_10081_,2
_10082_,2
_10083_,2
_10084_,2
_10085_,2
_10086_,2
_10087_,2
_10088_,2
_10089_,2
_10090_,2
_10091_,2
_10092_,2
_10093_,3
_10094_,2
_10095_,2
_10096_,2
_10097_,2
_10098_,2
_10099_,2
_10100_,2
_10101_,2
_10102_,2
_10103_,2
_10104_,2
_10105_,2
_10106_,2
_10107_,2
_10108_,2
_10109_,2
_10110_,2
_10111_,3
_10112_,2
_10113_,2
_10114_,2
_10115_,2
_10116_,2
_10117_,2
_10118_,2
_10119_,2
_10120_,2
_10121_,2
_10122_,2
_10123_,2
_10124_,2
_10125_,2
_10126_,8
_10127_,2
_10128_,3
_10129_,2
_10130_,2
_10131_,2
_10132_,2
_10133_,2
_10134_,2
_10135_,2
_10136_,4
_10137_,2
_10138_,2
_10139_,2
_10140_,2
_10141_,2
_10142_,2
_10143_,2
_10144_,3
_10145_,2
_10146_,2
_10147_,2
_10148_,2
_10149_,2
_10150_,2
_10151_,3
_10152_,2
_10155_,3
_10156_,2
_10157_,2
_10158_,2
_10159_,2
_10160_,2
_10161_,2
_10162_,2
_10163_,2
_10164_,3
_10165_,2
_10166_,2
_10167_,2
_10168_,2
_10169_,2
_10170_,3
_10171_,3
_10172_,2
_10173_,2
_10174_,2
_10175_,2
_10176_,2
_10177_,2
_10178_,2
_10179_,3
_10180_,2
_10181_,2
_10182_,2
_10183_,2
_10184_,2
_10185_,3
_10186_,2
_10187_,2
_10188_,2
_10189_,3
_10190_,2
_10191_,2
_10192_,2
_10193_,2
_10194_,3
_10195_,2
_10196_,2
_10197_,2
_10198_,2
_10199_,2
_10200_,2
_10201_,2
_10202_,2
_10203_,2
_10204_,2
_10205_,3
_10206_,2
_10207_,2
_10208_,2
_10209_,2
_10210_,3
_10211_,2
_10212_,3
_10213_,2
_10214_,2
_10215_,2
_10216_,2
_10217_,2
_10218_,2
_10219_,2
_10220_,2
_10221_,2
_10222_,2
_10223_,2
_10224_,2
_10225_,3
_10226_,2
_10227_,2
_10228_,2
_10229_,3
_10230_,2
_10231_,3
_10232_,2
_10233_,2
_10234_,2
_10235_,2
_10236_,2
_10237_,2
_10238_,2
_10239_,2
_10240_,3
_10241_,2
_10242_,2
_10243_,2
_10244_,14
_10246_,2
_10247_,2
_10249_,2
_10250_,16
_10253_,2
_10254_,2
_10255_,4
_10256_,2
_10257_,2
_10258_,2
_10260_,2
_10262_,2
_10263_,2
_10264_,2
_10265_,2
_10266_,2
_10267_,2
_10268_,2
_10269_,2
_10270_,2
_10271_,2
_10273_,2
_10274_,2
_10275_,2
_10276_,2
_10277_,2
_10278_,2
_10279_,2
_10280_,2
_10281_,2
_10282_,2
_10283_,2
_10284_,2
_10285_,2
_10286_,2
_10287_,2
_10288_,2
_10289_,2
_10290_,2
_10291_,2
_10292_,2
_10293_,2
_10294_,2
_10295_,2
_10296_,2
_10297_,3
_10298_,2
_10299_,2
_10300_,3
_10301_,3
_10302_,2
_10303_,2
_10304_,2
_10305_,2
_10306_,3
_10307_,3
_10308_,3
_10309_,2
_10310_,2
_10311_,3
_10312_,4
_10313_,2
_10314_,4
_10315_,2
_10316_,2
_10317_,2
_10318_,2
_10319_,2
_10320_,2
_10321_,2
_10322_,2
_10323_,2
_10324_,4
_10325_,2
_10326_,3
_10327_,2
_10328_,2
_10329_,2
_10330_,2
_10331_,2
_10332_,2
_10333_,3
_10334_,8
_10335_,2
_10336_,2
_10337_,5
_10338_,5
_10339_,2
_10340_,2
_10341_,2
_10342_,2
_10343_,2
_10344_,2
_10345_,2
_10346_,2
_10347_,2
_10348_,3
_10349_,2
_10350_,2
_10351_,2
_10352_,3
_10353_,2
_10354_,2
_10355_,2
_10356_,2
_10357_,2
_10358_,2
_10359_,2
_10360_,2
_10361_,2
_10362_,2
_10363_,2
_10364_,2
_10365_,3
_10366_,2
_10367_,2
_10368_,2
_10369_,2
_10370_,2
_10371_,2
_10372_,2
_10373_,2
_10374_,2
_10375_,2
_10376_,2
_10377_,2
_10378_,3
_10379_,3
_10380_,3
_10381_,4
_10382_,2
_10383_,2
_10384_,2
_10385_,2
_10386_,2
_10387_,5
_10388_,2
_10389_,2
_10390_,2
_10391_,3
_10392_,2
_10393_,2
_10394_,2
_10395_,2
_10396_,2
_10397_,2
_10398_,2
_10399_,2
_10400_,2
_10401_,2
_10402_,3
_10403_,2
_10404_,2
_10405_,2
_10406_,3
_10407_,2
_10408_,3
_10409_,2
_10410_,2
_10411_,2
_10412_,2
_10413_,2
_10414_,2
_10415_,2
_10416_,2
_10417_,3
_10418_,2
_10419_,2
_10420_,2
_10421_,2
_10422_,2
_10423_,2
_10424_,2
_10425_,2
_10426_,2
_10427_,2
_10428_,2
_10429_,2
_10430_,2
_10431_,2
_10432_,2
_10433_,2
_10434_,2
_10435_,2
_10436_,2
_10437_,3
_10438_,3
_10439_,2
_10441_,3
_10442_,2
_10443_,2
_10444_,2
_10445_,2
_10446_,2
_10447_,2
_10448_,2
_10449_,2
_10450_,3
_10451_,2
_10452_,2
_10453_,2
_10454_,2
_10455_,6
_10456_,2
_10459_,5
_10460_,2
_10461_,10
_10463_,2
_10466_,2
_10467_,2
_10468_,2
_10469_,2
_10471_,2
_10473_,2
_10476_,2
_10477_,2
_10478_,2
_10479_,2
_10481_,2
_10483_,12
_10485_,2
_10486_,2
_10487_,17
_10489_,5
_10492_,2
_10493_,4
_10494_,2
_10495_,2
_10496_,2
_10497_,2
_10499_,2
_10501_,2
_10502_,2
_10505_,2
_10506_,2
_10507_,4
_10508_,2
_10509_,4
_10510_,2
_10512_,2
_10513_,2
_10514_,2
_10516_,2
_10518_,2
_10519_,2
_10520_,3
_10521_,4
_10522_,2
_10523_,2
_10524_,2
_10526_,2
_10527_,2
_10529_,2
_10530_,2
_10532_,2
_10533_,2
_10534_,2
_10535_,2
_10536_,2
_10537_,2
_10538_,2
_10539_,2
_10540_,2
_10541_,2
_10542_,2
_10543_,2
_10544_,2
_10546_,2
_10547_,2
_10548_,2
_10549_,2
_10550_,2
_10551_,2
_10552_,2
_10553_,2
_10554_,2
_10555_,2
_10556_,2
_10557_,2
_10558_,2
_10559_,2
_10560_,2
_10561_,2
_10562_,2
_10563_,2
_10564_,2
_10565_,2
_10566_,2
_10567_,2
_10568_,2
_10569_,2
_10570_,2
_10571_,2
_10572_,2
_10573_,2
_10574_,2
_10575_,2
_10576_,2
_10577_,2
_10578_,2
_10579_,2
_10580_,2
_10581_,2
_10582_,2
_10583_,2
_10584_,2
_10585_,2
_10586_,2
_10587_,2
_10588_,2
_10589_,2
_10590_,2
_10591_,2
_10592_,2
_10593_,2
_10594_,4
_10595_,2
_10596_,2
_10597_,2
_10598_,2
_10599_,2
_10600_,2
_10601_,2
_10602_,4
_10603_,2
_10604_,2
_10605_,2
_10606_,2
_10607_,2
_10608_,2
_10609_,2
_10610_,2
_10611_,2
_10612_,2
_10613_,2
_10614_,2
_10615_,2
_10616_,2
_10617_,2
_10618_,5
_10619_,2
_10620_,2
_10621_,2
_10622_,3
_10623_,2
_10624_,2
_10625_,2
_10626_,2
_10627_,2
_10628_,2
_10629_,2
_10630_,2
_10631_,2
_10632_,2
_10633_,2
_10634_,2
_10635_,2
_10636_,2
_10637_,2
_10638_,2
_10639_,2
_10640_,2
_10641_,2
_10642_,2
_10643_,3
_10644_,2
_10645_,2
_10646_,2
_10647_,2
_10648_,2
_10649_,2
_10650_,2
_10651_,2
_10652_,2
_10653_,2
_10654_,2
_10655_,2
_10656_,2
_10657_,2
_10658_,2
_10659_,2
_10660_,2
_10661_,2
_10662_,3
_10663_,2
_10664_,2
_10665_,2
_10666_,2
_10667_,2
_10668_,2
_10669_,5
_10670_,2
_10671_,2
_10672_,2
_10673_,2
_10674_,2
_10675_,2
_10676_,2
_10677_,2
_10678_,2
_10679_,2
_10680_,2
_10681_,2
_10682_,2
_10683_,2
_10684_,2
_10685_,5
_10686_,2
_10687_,2
_10688_,2
_10689_,2
_10690_,2
_10691_,2
_10692_,2
_10693_,2
_10694_,2
_10695_,2
_10696_,2
_10697_,3
_10698_,10
_10701_,4
_10702_,3
_10703_,3
_10704_,2
_10705_,2
_10706_,2
_10707_,2
_10709_,2
_10711_,3
_10712_,2
_10713_,2
_10714_,2
_10715_,2
_10716_,5
_10717_,2
_10719_,2
_10720_,2
_10721_,2
_10722_,5
_10723_,2
_10724_,2
_10725_,3
_10726_,5
_10727_,17
_10730_,33
_10732_,2
_10734_,2
_10735_,2
_10736_,2
_10737_,2
_10738_,2
_10739_,2
_10740_,2
_10741_,2
_10742_,2
_10743_,2
_10744_,2
_10745_,2
_10746_,2
_10747_,2
_10748_,2
_10750_,2
_10752_,2
_10753_,2
_10754_,2
_10757_,2
_10758_,2
_10759_,2
_10760_,2
_10761_,2
_10762_,2
_10763_,2
_10764_,2
_10765_,2
_10766_,2
_10767_,2
_10768_,2
_10769_,2
_10770_,2
_10771_,2
_10772_,2
_10774_,2
_10776_,2
_10777_,2
_10778_,2
_10781_,2
_10782_,2
_10783_,2
_10784_,2
_10785_,2
_10786_,2
_10787_,2
_10788_,2
_10789_,2
_10790_,2
_10791_,2
_10792_,2
_10793_,2
_10794_,2
_10795_,2
_10796_,2
_10797_,2
_10798_,2
_10799_,2
_10800_,2
_10801_,2
_10802_,2
_10803_,3
_10804_,10
_10806_,2
_10807_,2
_10808_,2
_10809_,2
_10810_,2
_10811_,2
_10812_,2
_10813_,2
_10814_,2
_10815_,2
_10816_,2
_10817_,2
_10818_,2
_10819_,3
_10820_,2
_10821_,2
_10822_,2
_10823_,2
_10824_,2
_10825_,2
_10826_,2
_10827_,3
_10828_,2
_10831_,3
_10832_,2
_10834_,16
_10836_,2
_10837_,2
_10838_,2
_10841_,2
_10842_,3
_10843_,2
_10846_,2
_10847_,2
_10848_,4
_10849_,7
_10850_,2
_10851_,3
_10852_,2
_10853_,2
_10854_,2
_10856_,2
_10857_,13
_10859_,2
_10860_,2
_10862_,2
_10863_,2
_10864_,2
_10865_,2
_10866_,2
_10867_,2
_10869_,2
_10870_,2
_10871_,2
_10875_,2
_10877_,2
_10878_,2
_10879_,2
_10883_,2
_10884_,2
_10885_,2
_10887_,2
_10888_,2
_10889_,2
_10890_,2
_10891_,2
_10892_,2
_10893_,2
_10894_,2
_10895_,2
_10896_,2
_10897_,3
_10898_,2
_10899_,2
_10900_,2
_10901_,2
_10902_,2
_10903_,2
_10904_,2
_10905_,2
_10906_,2
_10907_,2
_10908_,2
_10909_,2
_10912_,2
_10913_,2
_10914_,2
_10915_,2
_10916_,2
_10917_,2
_10918_,2
_10919_,2
_10920_,2
_10921_,2
_10922_,2
_10923_,2
_10924_,2
_10925_,2
_10926_,2
_10927_,2
_10928_,2
_10929_,2
_10930_,2
_10931_,2
_10932_,2
_10933_,2
_10934_,2
_10935_,2
_10938_,2
_10939_,2
_10940_,2
_10941_,2
_10942_,2
_10943_,2
_10945_,2
_10946_,2
_10947_,2
_10948_,2
_10949_,2
_10950_,2
_10951_,2
_10952_,2
_10953_,2
_10954_,2
_10955_,2
_10956_,2
_10957_,2
_10958_,2
_10960_,2
_10962_,2
_10963_,2
_10965_,2
_10966_,2
_10967_,2
_10968_,2
_10969_,2
_10970_,3
_10971_,2
_10972_,2
_10973_,2
_10974_,2
_10975_,2
_10976_,2
_10977_,2
_10978_,2
_10979_,2
_10980_,2
_10981_,2
_10982_,2
_10983_,2
_10985_,2
_10986_,2
_10987_,2
_10988_,2
_10989_,2
_10990_,3
_10991_,2
_10992_,2
_10993_,2
_10994_,2
_10995_,2
_10996_,2
_10997_,2
_10998_,2
_10999_,2
_11000_,2
_11001_,2
_11002_,2
_11003_,2
_11004_,2
_11005_,2
_11006_,2
_11007_,2
_11008_,2
_11009_,2
_11010_,2
_11011_,2
_11012_,2
_11013_,3
_11014_,2
_11015_,2
_11016_,2
_11017_,2
_11018_,2
_11019_,2
_11020_,2
_11021_,2
_11022_,2
_11023_,2
_11024_,2
_11026_,2
_11027_,2
_11028_,3
_11029_,2
_11030_,2
_11031_,2
_11032_,2
_11033_,2
_11034_,2
_11035_,2
_11036_,2
_11037_,2
_11038_,2
_11039_,2
_11040_,2
_11041_,2
_11043_,2
_11044_,2
_11045_,2
_11046_,2
_11047_,2
_11048_,3
_11049_,2
_11050_,2
_11051_,2
_11052_,2
_11053_,2
_11054_,2
_11055_,5
_11056_,2
_11057_,2
_11058_,2
_11059_,2
_11060_,2
_11061_,2
_11062_,2
_11063_,2
_11064_,2
_11065_,2
_11066_,2
_11067_,2
_11068_,2
_11069_,2
_11070_,2
_11071_,2
_11072_,2
_11073_,2
_11074_,2
_11075_,2
_11076_,2
_11077_,2
_11078_,2
_11079_,2
_11080_,2
_11081_,2
_11082_,2
_11083_,2
_11084_,2
_11085_,2
_11086_,2
_11087_,2
_11088_,2
_11089_,2
_11090_,2
_11091_,2
_11092_,2
_11093_,2
_11094_,2
_11095_,2
_11096_,2
_11097_,2
_11098_,2
_11099_,2
_11100_,2
_11101_,2
_11102_,2
_11103_,2
_11104_,2
_11105_,2
_11106_,2
_11107_,2
_11108_,3
_11109_,2
_11110_,2
_11111_,2
_11112_,2
_11113_,2
_11114_,2
_11115_,2
_11116_,2
_11117_,2
_11118_,2
_11119_,2
_11120_,2
_11121_,2
_11122_,2
_11123_,2
_11124_,2
_11125_,2
_11126_,2
_11127_,2
_11128_,2
_11129_,2
_11130_,2
_11131_,2
_11134_,3
_11135_,2
_11136_,3
_11137_,2
_11138_,2
_11139_,3
_11140_,2
_11141_,3
_11142_,2
_11143_,4
_11144_,2
_11145_,2
_11148_,2
_11149_,2
_11150_,2
_11151_,2
_11152_,2
_11153_,2
_11154_,2
_11155_,2
_11156_,2
_11157_,2
_11158_,2
_11159_,2
_11160_,5
_11161_,2
_11167_,4
_11168_,3
_11169_,2
_11170_,3
_11171_,3
_11172_,3
_11173_,5
_11174_,4
_11175_,5
_11176_,6
_11177_,4
_11178_,4
_11179_,5
_11180_,4
_11181_,6
_11182_,5
_11183_,4
_11184_,2
_11185_,6
_11186_,4
_11187_,5
_11188_,4
_11189_,4
_11190_,3
_11191_,4
_11192_,7
_11193_,4
_11194_,4
_11195_,5
_11196_,2
_11197_,3
_11198_,4
_11199_,6
_11200_,5
_11201_,3
_11203_,2
_11204_,2
_11205_,3
_11206_,3
_11207_,17
_11210_,2
_11211_,2
_11212_,4
_11214_,4
_11215_,6
_11216_,4
_11217_,7
_11218_,4
_11219_,4
_11220_,3
_11221_,4
_11222_,4
_11223_,4
_11224_,7
_11225_,4
_11226_,3
_11227_,7
_11228_,3
_11229_,3
_11230_,2
_11231_,7
_11233_,2
_11234_,2
_11235_,2
_11237_,2
_11238_,2
_11239_,2
_11242_,2
_11243_,2
_11244_,2
_11245_,2
_11246_,2
_11247_,2
_11248_,2
_11249_,2
_11250_,2
_11251_,5
_11252_,2
_11254_,2
_11255_,2
_11256_,2
_11257_,3
_11258_,4
_11259_,2
_11260_,2
_11261_,2
_11262_,2
_11263_,11
_11266_,2
_11267_,2
_11268_,3
_11270_,2
_11271_,2
_11272_,2
_11273_,2
_11274_,2
_11275_,2
_11276_,2
_11277_,2
_11278_,2
_11279_,2
_11280_,2
_11281_,2
_11282_,2
_11283_,2
_11284_,2
_11285_,2
_11286_,6
_11287_,2
_11288_,2
_11289_,2
_11290_,2
_11291_,6
_11292_,2
_11293_,3
_11294_,2
_11295_,2
_11296_,2
_11297_,3
_11298_,2
_11299_,2
_11300_,2
_11301_,3
_11302_,2
_11303_,2
_11304_,2
_11305_,3
_11306_,2
_11307_,2
_11308_,2
_11309_,3
_11310_,2
_11311_,2
_11312_,2
_11313_,3
_11314_,2
_11315_,2
_11316_,2
_11318_,3
_11319_,2
_11320_,2
_11321_,2
_11322_,2
_11323_,2
_11324_,2
_11326_,2
_11327_,2
_11328_,2
_11329_,2
_11330_,2
_11331_,2
_11332_,2
_11333_,2
_11334_,2
_11335_,2
_11336_,2
_11337_,2
_11338_,2
_11339_,2
_11340_,2
_11341_,2
_11342_,2
_11343_,2
_11344_,2
_11345_,2
_11346_,2
_11347_,2
_11348_,2
_11349_,2
_11350_,2
_11351_,2
_11352_,2
_11353_,2
_11354_,3
_11355_,2
_11356_,2
_11357_,2
_11358_,2
_11359_,2
_11360_,2
_11361_,2
_11362_,2
_11363_,2
_11364_,2
_11365_,2
_11366_,2
_11367_,2
_11368_,2
_11369_,2
_11370_,2
_11371_,2
_11372_,2
_11373_,2
_11374_,2
_11375_,2
_11376_,2
_11377_,2
_11378_,2
_11379_,4
_11380_,2
_11381_,4
_11382_,2
_11383_,2
_11384_,4
_11385_,2
_11386_,3
_11387_,3
_11388_,2
_11389_,3
_11390_,3
_11391_,3
_11392_,2
_11393_,3
_11394_,2
_11395_,2
_11396_,3
_11397_,2
_11398_,2
_11400_,2
_11401_,2
_11402_,2
_11403_,6
_11404_,4
_11405_,2
_11406_,3
_11407_,2
_11408_,2
_11409_,5
_11410_,2
_11411_,2
_11412_,2
_11413_,2
_11415_,2
_11416_,2
_11417_,3
_11418_,2
_11419_,2
_11420_,2
_11421_,2
_11422_,2
_11423_,2
_11424_,3
_11426_,2
_11427_,2
_11428_,3
_11429_,2
_11430_,3
_11431_,2
_11432_,2
_11433_,2
_11434_,2
_11435_,2
_11436_,2
_11437_,2
_11438_,2
_11439_,2
_11440_,2
_11441_,2
_11442_,2
_11443_,2
_11444_,2
_11445_,2
_11446_,2
_11448_,2
_11449_,2
_11451_,2
_11452_,2
_11453_,2
_11454_,2
_11455_,2
_11456_,2
_11457_,2
_11458_,3
_11459_,2
_11460_,2
_11461_,2
_11462_,2
_11463_,2
_11464_,2
_11465_,2
_11466_,2
_11467_,2
_11468_,2
_11469_,2
_11470_,2
_11471_,2
_11472_,5
_11473_,2
_11474_,2
_11475_,4
_11476_,2
_11477_,2
_11478_,2
_11479_,2
_11480_,2
_11481_,2
_11482_,2
_11483_,2
_11484_,2
_11485_,2
_11486_,2
_11487_,2
_11488_,2
_11489_,4
_11490_,2
_11491_,2
_11492_,2
_11493_,2
_11494_,2
_11495_,2
_11496_,2
_11497_,2
_11498_,2
_11499_,2
_11500_,2
_11501_,2
_11502_,2
_11503_,2
_11504_,2
_11505_,2
_11506_,2
_11507_,2
_11508_,2
_11509_,2
_11510_,2
_11511_,2
_11512_,2
_11513_,2
_11514_,2
_11515_,4
_11516_,2
_11517_,8
_11518_,3
_11519_,2
_11520_,2
_11521_,2
_11522_,2
_11524_,2
_11526_,2
_11527_,4
_11528_,2
_11529_,2
_11530_,2
_11531_,2
_11532_,2
_11533_,4
_11534_,2
_11536_,6
_11537_,2
_11538_,2
_11539_,2
_11540_,4
_11541_,2
_11542_,2
_11543_,7
_11544_,2
_11545_,2
_11546_,2
_11547_,2
_11548_,4
_11549_,5
_11550_,31
_11552_,3
_11555_,2
_11558_,5
_11559_,4
_11560_,3
_11561_,6
_11562_,6
_11563_,3
_11564_,2
_11565_,4
_11566_,3
_11567_,4
_11568_,3
_11569_,4
_11570_,2
_11571_,6
_11572_,6
_11573_,9
_11574_,4
_11575_,4
_11576_,6
_11577_,7
_11578_,4
_11579_,7
_11580_,5
_11581_,6
_11582_,5
_11583_,4
_11584_,7
_11585_,4
_11586_,4
_11587_,5
_11588_,2
_11589_,2
_11590_,2
_11592_,2
_11593_,2
_11594_,2
_11595_,4
_11596_,3
_11597_,4
_11598_,4
_11599_,3
_11600_,8
_11601_,5
_11602_,7
_11603_,5
_11604_,4
_11605_,5
_11606_,6
_11607_,4
_11608_,6
_11609_,3
_11610_,2
_11612_,3
_11614_,2
_11615_,2
_11616_,2
_11617_,2
_11619_,2
_11620_,2
_11621_,2
_11623_,2
_11624_,2
_11625_,2
_11626_,2
_11627_,4
_11628_,4
_11629_,2
_11630_,3
_11631_,2
_11632_,2
_11633_,2
_11634_,2
_11635_,2
_11636_,3
_11637_,2
_11638_,2
_11639_,2
_11641_,3
_11642_,3
_11643_,2
_11644_,2
_11645_,2
_11646_,2
_11647_,2
_11649_,2
_11650_,2
_11651_,2
_11652_,2
_11653_,2
_11655_,3
_11656_,3
_11657_,2
_11658_,2
_11659_,2
_11660_,3
_11661_,2
_11662_,2
_11663_,2
_11664_,2
_11665_,2
_11666_,2
_11667_,2
_11668_,2
_11669_,2
_11670_,2
_11671_,2
_11672_,2
_11673_,2
_11674_,2
_11675_,2
_11677_,2
_11678_,2
_11679_,2
_11680_,3
_11681_,2
_11682_,2
_11683_,3
_11684_,2
_11685_,2
_11686_,2
_11687_,2
_11688_,2
_11689_,2
_11690_,2
_11691_,2
_11692_,2
_11693_,2
_11694_,2
_11695_,2
_11696_,2
_11697_,2
_11698_,2
_11699_,2
_11700_,2
_11701_,2
_11702_,2
_11703_,2
_11705_,2
_11706_,2
_11708_,2
_11709_,2
_11710_,2
_11711_,2
_11712_,2
_11713_,2
_11714_,2
_11715_,2
_11716_,2
_11717_,2
_11718_,3
_11719_,2
_11720_,2
_11721_,5
_11722_,2
_11723_,2
_11724_,2
_11725_,2
_11726_,2
_11727_,2
_11728_,2
_11729_,2
_11730_,2
_11731_,2
_11732_,2
_11733_,2
_11734_,3
_11735_,2
_11736_,2
_11737_,2
_11738_,2
_11739_,3
_11740_,2
_11741_,2
_11742_,2
_11743_,2
_11744_,2
_11745_,2
_11746_,2
_11747_,3
_11748_,2
_11749_,2
_11750_,3
_11751_,2
_11752_,2
_11753_,2
_11754_,2
_11755_,2
_11756_,2
_11757_,2
_11758_,2
_11760_,2
_11761_,2
_11762_,4
_11763_,2
_11764_,2
_11765_,2
_11766_,2
_11767_,2
_11768_,2
_11769_,3
_11770_,2
_11771_,2
_11772_,2
_11773_,2
_11774_,2
_11775_,2
_11776_,2
_11777_,2
_11778_,2
_11780_,2
_11781_,2
_11782_,7
_11784_,2
_11785_,2
_11786_,2
_11787_,4
_11788_,2
_11789_,2
_11790_,2
_11791_,2
_11794_,2
_11795_,2
_11797_,2
_11798_,2
_11799_,2
_11800_,2
_11801_,2
_11802_,3
_11803_,2
_11804_,2
_11805_,2
_11806_,2
_11807_,2
_11808_,2
_11809_,2
_11810_,2
_11811_,3
_11812_,2
_11813_,2
_11814_,2
_11815_,2
_11816_,2
_11817_,2
_11818_,2
_11819_,2
_11820_,2
_11821_,2
_11822_,2
_11824_,2
_11825_,2
_11827_,2
_11828_,2
_11829_,2
_11830_,2
_11831_,2
_11832_,2
_11833_,2
_11834_,2
_11835_,2
_11836_,2
_11837_,2
_11838_,2
_11839_,2
_11840_,2
_11841_,2
_11842_,2
_11843_,2
_11844_,2
_11845_,2
_11846_,2
_11847_,2
_11848_,2
_11849_,2
_11850_,2
_11851_,2
_11852_,2
_11853_,3
_11854_,2
_11855_,2
_11856_,2
_11857_,3
_11858_,2
_11859_,2
_11860_,2
_11861_,2
_11862_,2
_11863_,2
_11864_,2
_11865_,2
_11866_,2
_11867_,2
_11868_,2
_11869_,2
_11870_,2
_11871_,2
_11872_,2
_11873_,2
_11874_,4
_11875_,2
_11876_,2
_11877_,2
_11878_,2
_11879_,2
_11880_,2
_11881_,2
_11882_,2
_11883_,2
_11884_,2
_11885_,2
_11886_,2
_11887_,2
_11888_,2
_11889_,2
_11890_,2
_11891_,2
_11892_,2
_11893_,2
_11894_,2
_11895_,2
_11896_,2
_11897_,2
_11898_,2
_11899_,2
_11900_,2
_11901_,2
_11902_,3
_11904_,2
_11906_,2
_11908_,2
_11909_,2
_11910_,2
_11911_,2
_11912_,2
_11913_,2
_11914_,2
_11915_,2
_11916_,2
_11917_,2
_11920_,2
_11921_,2
_11922_,4
_11923_,2
_11924_,2
_11925_,2
_11926_,2
_11927_,2
_11928_,2
_11929_,2
_11931_,2
_11933_,2
_11934_,2
_11935_,2
_11937_,2
_11938_,2
_11939_,2
_11940_,2
_11941_,2
_11943_,2
_11944_,2
_11945_,2
_11946_,2
_11948_,2
_11949_,2
_11950_,2
_11951_,2
_11952_,2
_11954_,2
_11955_,2
_11956_,2
_11957_,2
_11958_,2
_11959_,2
_11961_,2
_11962_,2
_11963_,2
_11964_,2
_11965_,2
_11967_,2
_11968_,2
_11969_,2
_11970_,2
_11971_,2
_11972_,2
_11973_,2
_11974_,2
_11975_,2
_11976_,2
_11977_,2
_11978_,2
_11979_,2
_11980_,2
_11981_,2
_11982_,2
_11983_,2
_11984_,2
_11985_,2
_11986_,2
_11987_,2
_11988_,2
_11989_,2
_11990_,2
_11991_,2
_11992_,2
_11993_,4
_11994_,2
_11995_,2
_11996_,2
_11997_,2
_11998_,2
_11999_,9
_12002_,3
_12003_,2
_12004_,6
_12005_,2
_12006_,2
_12007_,2
_12008_,2
_12009_,2
_12010_,6
_12011_,4
_12012_,2
_12013_,2
_12014_,2
_12015_,2
_12016_,2
_12017_,2
_12018_,2
_12019_,5
_12020_,5
_12022_,2
_12023_,2
_12024_,2
_12025_,2
_12026_,24
_12028_,3
_12029_,10
_12031_,2
_12038_,2
_12039_,2
_12042_,2
_12043_,3
_12044_,2
_12045_,3
_12047_,2
_12048_,4
_12051_,5
_12053_,2
_12054_,2
_12056_,3
_12060_,2
_12061_,2
_12064_,2
_12065_,2
_12066_,3
_12067_,3
_12068_,3
_12069_,3
_12070_,2
_12072_,4
_12074_,3
_12078_,3
_12079_,2
_12080_,3
_12081_,2
_12082_,3
_12083_,3
_12084_,3
_12085_,3
_12086_,2
_12087_,3
_12088_,3
_12091_,3
_12092_,2
_12093_,2
_12094_,3
_12095_,2
_12096_,3
_12097_,2
_12098_,2
_12099_,3
_12100_,2
_12101_,2
_12102_,2
_12103_,2
_12104_,2
_12105_,3
_12106_,2
_12108_,2
_12109_,2
_12110_,8
_12111_,6
_12112_,2
_12113_,6
_12115_,4
_12116_,4
_12117_,3
_12118_,7
_12119_,3
_12120_,4
_12121_,4
_12122_,3
_12123_,4
_12124_,4
_12125_,7
_12126_,3
_12127_,3
_12128_,2
_12129_,2
_12130_,2
_12131_,2
_12132_,2
_12133_,2
_12134_,2
_12135_,2
_12136_,2
_12137_,5
_12138_,2
_12140_,2
_12141_,3
_12142_,9
_12143_,2
_12144_,6
_12145_,3
_12146_,4
_12147_,2
_12148_,3
_12149_,4
_12150_,4
_12152_,2
_12153_,4
_12154_,4
_12155_,3
_12156_,11
_12157_,6
_12159_,13
_12160_,2
_12161_,5
_12162_,3
_12163_,3
_12165_,2
_12166_,2
_12167_,2
_12168_,4
_12169_,2
_12170_,3
_12171_,3
_12172_,5
_12173_,3
_12174_,2
_12175_,3
_12176_,2
_12177_,3
_12178_,4
_12179_,3
_12180_,2
_12181_,3
_12182_,2
_12183_,2
_12184_,3
_12185_,3
_12186_,2
_12187_,2
_12188_,2
_12189_,3
_12190_,3
_12191_,4
_12192_,2
_12193_,2
_12194_,2
_12195_,2
_12196_,4
_12197_,3
_12198_,3
_12199_,2
_12200_,2
_12201_,2
_12202_,2
_12203_,2
_12205_,3
_12206_,2
_12207_,4
_12208_,3
_12209_,2
_12210_,2
_12211_,2
_12212_,2
_12213_,2
_12214_,2
_12215_,2
_12216_,2
_12217_,2
_12218_,2
_12219_,2
_12220_,2
_12221_,3
_12222_,3
_12223_,3
_12224_,5
_12225_,3
_12226_,3
_12227_,3
_12228_,2
_12229_,2
_12230_,3
_12231_,2
_12232_,2
_12233_,2
_12234_,2
_12235_,3
_12236_,2
_12237_,2
_12238_,3
_12239_,2
_12240_,2
_12241_,2
_12242_,3
_12243_,6
_12244_,2
_12245_,4
_12246_,4
_12247_,2
_12248_,3
_12249_,2
_12250_,4
_12251_,2
_12252_,2
_12253_,4
_12254_,2
_12255_,3
_12256_,2
_12257_,3
_12258_,2
_12259_,4
_12260_,2
_12261_,2
_12262_,2
_12263_,4
_12264_,3
_12265_,3
_12266_,2
_12267_,4
_12268_,2
_12269_,2
_12270_,2
_12271_,3
_12272_,6
_12273_,2
_12274_,2
_12276_,2
_12277_,2
_12278_,2
_12279_,2
_12281_,2
_12284_,2
_12286_,2
_12287_,2
_12288_,2
_12289_,2
_12292_,3
_12293_,2
_12294_,2
_12295_,2
_12297_,2
_12298_,2
_12299_,2
_12300_,2
_12303_,2
_12305_,2
_12306_,2
_12307_,2
_12310_,2
_12312_,2
_12313_,3
_12314_,4
_12315_,2
_12316_,3
_12317_,2
_12318_,3
_12319_,2
_12320_,3
_12321_,3
_12322_,3
_12323_,2
_12324_,3
_12325_,3
_12326_,3
_12327_,3
_12328_,2
_12329_,2
_12330_,2
_12331_,2
_12332_,3
_12333_,2
_12334_,3
_12335_,2
_12336_,2
_12337_,2
_12338_,2
_12339_,3
_12340_,2
_12341_,2
_12342_,2
_12343_,4
_12344_,2
_12345_,2
_12346_,3
_12347_,2
_12348_,2
_12349_,3
_12350_,2
_12351_,2
_12352_,2
_12353_,3
_12354_,2
_12355_,3
_12356_,2
_12357_,3
_12358_,2
_12359_,2
_12360_,4
_12361_,2
_12362_,2
_12363_,2
_12364_,2
_12365_,2
_12366_,2
_12367_,2
_12368_,3
_12369_,2
_12370_,3
_12371_,2
_12372_,3
_12373_,2
_12374_,3
_12375_,3
_12376_,2
_12377_,2
_12379_,2
_12382_,2
_12383_,3
_12384_,6
_12385_,4
_12386_,5
_12387_,5
_12388_,4
_12389_,2
_12390_,2
_12391_,2
_12393_,2
_12397_,2
_12398_,2
_12399_,2
_12400_,2
_12403_,2
_12404_,4
_12405_,5
_12406_,5
_12407_,2
_12408_,4
_12409_,2
_12410_,4
_12412_,3
_12413_,2
_12414_,2
_12415_,3
_12416_,2
_12417_,2
_12418_,2
_12422_,2
_12423_,2
_12424_,2
_12425_,2
_12426_,2
_12427_,2
_12428_,2
_12432_,2
_12434_,2
_12435_,2
_12436_,2
_12437_,2
_12438_,2
_12439_,2
_12440_,2
_12441_,3
_12442_,3
_12443_,4
_12444_,3
_12445_,3
_12446_,3
_12447_,3
_12448_,2
_12449_,3
_12450_,3
_12451_,3
_12453_,3
_12454_,3
_12455_,3
_12456_,3
_12457_,4
_12458_,3
_12459_,5
_12460_,2
_12461_,2
_12462_,2
_12463_,2
_12464_,2
_12466_,2
_12467_,3
_12468_,2
_12469_,3
_12471_,3
_12472_,3
_12473_,2
_12474_,5
_12475_,2
_12476_,2
_12477_,2
_12478_,2
_12479_,3
_12480_,2
_12481_,3
_12482_,3
_12483_,3
_12484_,2
_12485_,2
_12486_,2
_12487_,2
_12489_,2
_12490_,2
_12492_,2
_12493_,2
_12494_,2
_12495_,2
_12497_,2
_12498_,2
_12499_,2
_12500_,10
_12502_,2
_12503_,2
_12504_,4
_12505_,7
_12506_,3
_12507_,3
_12508_,4
_12509_,4
_12510_,2
_12511_,2
_12513_,2
_12514_,2
_12515_,2
_12517_,2
_12519_,2
_12520_,2
_12521_,2
_12522_,2
_12523_,2
_12524_,2
_12525_,2
_12526_,3
_12527_,2
_12528_,3
_12529_,2
_12530_,2
_12531_,2
_12532_,2
_12533_,3
_12534_,5
_12535_,3
_12536_,3
_12537_,3
_12538_,3
_12539_,2
_12540_,4
_12541_,3
_12542_,2
_12543_,3
_12544_,2
_12545_,3
_12546_,2
_12547_,3
_12548_,3
_12549_,2
_12550_,3
_12551_,2
_12552_,3
_12553_,3
_12554_,2
_12555_,2
_12556_,3
_12557_,3
_12558_,2
_12559_,2
_12560_,3
_12561_,3
_12562_,2
_12563_,3
_12564_,4
_12565_,2
_12566_,2
_12567_,2
_12568_,2
_12569_,4
_12570_,2
_12571_,2
_12572_,2
_12573_,2
_12574_,2
_12575_,2
_12577_,2
_12578_,2
_12579_,2
_12580_,2
_12581_,2
_12582_,2
_12583_,2
_12584_,2
_12585_,2
_12587_,2
_12589_,2
_12590_,7
_12592_,2
_12593_,4
_12594_,2
_12595_,2
_12596_,3
_12597_,4
_12598_,3
_12599_,2
_12600_,4
_12601_,2
_12603_,2
_12604_,2
_12605_,3
_12606_,2
_12607_,4
_12608_,4
_12609_,2
_12610_,2
_12611_,3
_12612_,2
_12613_,3
_12614_,2
_12615_,3
_12616_,2
_12617_,2
_12618_,4
_12619_,5
_12620_,2
_12621_,2
_12622_,3
_12623_,2
_12625_,2
_12630_,2
_12631_,2
_12632_,2
_12633_,2
_12635_,2
_12637_,2
_12638_,2
_12639_,2
_12640_,2
_12642_,2
_12643_,2
_12645_,2
_12647_,2
_12648_,2
_12651_,2
_12652_,2
_12653_,2
_12655_,2
_12656_,2
_12657_,2
_12658_,2
_12659_,2
_12660_,2
_12661_,2
_12663_,2
_12664_,2
_12665_,2
_12666_,2
_12667_,2
_12668_,2
_12669_,2
_12670_,2
_12672_,2
_12673_,2
_12674_,2
_12675_,2
_12676_,2
_12677_,2
_12678_,2
_12679_,2
_12682_,3
_12683_,2
_12684_,2
_12685_,2
_12686_,2
_12687_,2
_12688_,2
_12689_,2
_12690_,2
_12691_,2
_12692_,2
_12693_,2
_12694_,2
_12695_,3
_12696_,2
_12697_,3
_12698_,2
_12699_,2
_12700_,2
_12701_,2
_12702_,5
_12703_,2
_12704_,2
_12705_,3
_12706_,2
_12707_,3
_12708_,3
_12709_,2
_12710_,2
_12711_,3
_12712_,3
_12713_,2
_12714_,2
_12716_,2
_12717_,2
_12718_,2
_12719_,2
_12720_,2
_12721_,2
_12723_,2
_12724_,2
_12725_,2
_12726_,2
_12727_,2
_12728_,2
_12729_,2
_12731_,2
_12732_,2
_12733_,2
_12734_,2
_12735_,2
_12736_,2
_12737_,2
_12738_,2
_12740_,3
_12741_,4
_12742_,2
_12743_,3
_12744_,2
_12745_,3
_12746_,2
_12747_,2
_12748_,2
_12750_,2
_12751_,2
_12752_,2
_12753_,3
_12754_,3
_12755_,4
_12756_,4
_12757_,2
_12758_,2
_12759_,2
_12760_,3
_12761_,2
_12762_,2
_12763_,3
_12764_,2
_12765_,2
_12766_,2
_12767_,2
_12768_,2
_12769_,2
_12771_,2
_12772_,2
_12773_,3
_12774_,2
_12775_,2
_12776_,2
_12778_,2
_12779_,2
_12780_,2
_12781_,2
_12782_,2
_12783_,2
_12784_,2
_12785_,2
_12786_,2
_12787_,3
_12788_,5
_12789_,2
_12790_,2
_12791_,2
_12792_,2
_12793_,2
_12794_,3
_12795_,3
_12796_,2
_12797_,3
_12798_,3
_12799_,2
_12800_,2
_12801_,2
_12802_,2
_12803_,2
_12805_,2
_12806_,2
_12807_,2
_12808_,2
_12809_,2
_12810_,2
_12811_,2
_12812_,2
_12813_,2
_12814_,2
_12815_,2
_12816_,2
_12817_,2
_12818_,2
_12819_,2
_12820_,2
_12821_,2
_12822_,2
_12823_,2
_12825_,2
_12826_,2
_12827_,2
_12828_,2
_12829_,2
_12830_,3
_12831_,2
_12832_,3
_12833_,3
_12834_,2
_12835_,2
_12836_,2
_12837_,2
_12838_,2
_12839_,2
_12840_,2
_12841_,2
_12842_,3
_12843_,4
_12844_,2
_12845_,2
_12846_,3
_12847_,2
_12848_,4
_12849_,2
_12850_,2
_12851_,2
_12852_,2
_12853_,2
_12854_,2
_12855_,2
_12856_,2
_12857_,2
_12858_,2
_12859_,2
_12860_,2
_12861_,2
_12862_,2
_12863_,2
_12865_,2
_12866_,2
_12867_,2
_12868_,2
_12869_,2
_12870_,2
_12871_,2
_12872_,2
_12873_,2
_12874_,2
_12875_,2
_12876_,2
_12878_,2
_12879_,2
_12880_,3
_12881_,2
_12882_,3
_12883_,4
_12884_,2
_12885_,3
_12886_,2
_12887_,2
_12888_,2
_12889_,5
_12890_,4
_12891_,2
_12892_,2
_12893_,2
_12894_,2
_12895_,2
_12896_,2
_12897_,2
_12898_,2
_12899_,2
_12900_,2
_12901_,2
_12902_,2
_12903_,2
_12904_,2
_12905_,2
_12906_,2
_12907_,2
_12908_,2
_12909_,2
_12910_,2
_12911_,2
_12912_,2
_12913_,2
_12914_,2
_12915_,2
_12916_,2
_12917_,2
_12918_,2
_12920_,2
_12921_,2
_12922_,3
_12923_,3
_12924_,3
_12925_,2
_12926_,4
_12927_,2
_12928_,2
_12929_,2
_12930_,2
_12931_,2
_12932_,2
_12933_,2
_12934_,2
_12935_,2
_12936_,2
_12937_,2
_12938_,2
_12939_,2
_12940_,2
_12941_,2
_12942_,2
_12943_,2
_12944_,2
_12945_,2
_12946_,2
_12947_,2
_12948_,2
_12949_,2
_12950_,2
_12951_,2
_12952_,2
_12953_,2
_12954_,2
_12955_,2
_12956_,2
_12957_,2
_12958_,2
_12959_,2
_12960_,2
_12961_,2
_12964_,2
_12965_,2
_12966_,2
_12967_,2
_12968_,3
_12969_,2
_12970_,4
_12971_,2
_12972_,2
_12973_,2
_12974_,2
_12975_,2
_12976_,2
_12977_,2
_12978_,2
_12979_,2
_12980_,2
_12981_,3
_12982_,2
_12983_,2
_12984_,2
_12985_,2
_12986_,2
_12987_,2
_12988_,2
_12989_,2
_12990_,2
_12991_,2
_12992_,2
_12993_,5
_12994_,3
_12995_,3
_12996_,3
_12997_,3
_12998_,2
_12999_,3
_13000_,2
_13001_,2
_13002_,2
_13003_,2
_13004_,2
_13005_,2
_13006_,2
_13007_,2
_13008_,2
_13009_,2
_13010_,2
_13011_,2
_13012_,2
_13013_,2
_13014_,2
_13016_,2
_13017_,2
_13018_,3
_13019_,2
_13020_,3
_13021_,2
_13022_,2
_13023_,2
_13024_,2
_13025_,4
_13026_,2
_13027_,2
_13028_,2
_13029_,2
_13030_,2
_13031_,2
_13032_,2
_13033_,2
_13034_,3
_13035_,3
_13036_,2
_13037_,2
_13038_,3
_13039_,2
_13040_,3
_13041_,2
_13042_,3
_13043_,2
_13044_,2
_13045_,2
_13046_,2
_13047_,2
_13048_,2
_13049_,2
_13050_,2
_13051_,2
_13052_,5
_13053_,2
_13054_,2
_13056_,2
_13057_,2
_13058_,2
_13059_,2
_13060_,2
_13061_,2
_13062_,2
_13063_,2
_13064_,2
_13066_,2
_13067_,2
_13068_,2
_13069_,2
_13070_,2
_13071_,2
_13072_,2
_13073_,2
_13074_,2
_13075_,2
_13076_,3
_13077_,2
_13078_,2
_13079_,2
_13080_,2
_13081_,2
_13082_,2
_13083_,2
_13084_,2
_13085_,2
_13086_,2
_13087_,2
_13088_,2
_13089_,2
_13090_,5
_13091_,2
_13092_,2
_13093_,3
_13094_,3
_13095_,2
_13096_,2
_13097_,2
_13098_,3
_13099_,2
_13100_,2
_13101_,5
_13102_,2
_13103_,2
_13104_,2
_13105_,2
_13106_,2
_13107_,2
_13108_,2
_13109_,2
_13110_,2
_13112_,2
_13113_,2
_13114_,2
_13115_,2
_13116_,2
_13117_,2
_13118_,2
_13119_,2
_13120_,2
_13121_,2
_13122_,2
_13123_,3
_13124_,2
_13125_,2
_13126_,3
_13127_,2
_13128_,3
_13129_,2
_13130_,2
_13131_,2
_13132_,3
_13133_,2
_13134_,2
_13135_,2
_13136_,3
_13137_,2
_13138_,2
_13139_,2
_13140_,2
_13141_,2
_13142_,2
_13143_,2
_13144_,2
_13145_,2
_13146_,2
_13147_,2
_13148_,2
_13149_,2
_13150_,2
_13151_,2
_13152_,2
_13153_,2
_13154_,2
_13155_,2
_13156_,2
_13157_,2
_13158_,2
_13160_,2
_13162_,2
_13163_,2
_13164_,2
_13165_,2
_13166_,3
_13167_,4
_13168_,2
_13169_,2
_13170_,2
_13171_,2
_13172_,2
_13173_,2
_13174_,2
_13175_,2
_13176_,2
_13177_,2
_13178_,2
_13179_,2
_13180_,2
_13181_,2
_13182_,2
_13183_,2
_13184_,2
_13185_,2
_13186_,2
_13187_,2
_13188_,2
_13189_,2
_13190_,2
_13191_,2
_13192_,2
_13193_,2
_13194_,2
_13195_,2
_13196_,2
_13197_,2
_13198_,2
_13200_,2
_13202_,2
_13203_,2
_13204_,2
_13205_,2
_13206_,2
_13207_,2
_13208_,2
_13209_,2
_13210_,2
_13211_,2
_13212_,2
_13213_,2
_13214_,2
_13215_,2
_13216_,2
_13217_,2
_13218_,2
_13219_,2
_13220_,2
_13221_,2
_13222_,3
_13223_,3
_13224_,2
_13225_,3
_13226_,2
_13227_,3
_13228_,3
_13229_,2
_13230_,2
_13231_,3
_13232_,2
_13233_,2
_13234_,2
_13235_,2
_13236_,9
_13238_,2
_13239_,2
_13240_,2
_13241_,2
_13242_,2
_13243_,2
_13244_,2
_13245_,2
_13246_,2
_13248_,2
_13249_,2
_13250_,2
_13251_,2
_13252_,2
_13253_,2
_13254_,2
_13255_,2
_13256_,2
_13257_,2
_13258_,2
_13259_,2
_13260_,2
_13261_,2
_13262_,2
_13263_,2
_13264_,2
_13265_,2
_13266_,2
_13267_,2
_13268_,2
_13269_,2
_13270_,2
_13271_,2
_13272_,2
_13273_,2
_13274_,2
_13275_,2
_13276_,4
_13277_,2
_13278_,2
_13279_,2
_13280_,2
_13281_,2
_13282_,2
_13283_,2
_13284_,3
_13285_,3
_13286_,2
_13287_,2
_13288_,2
_13289_,2
_13291_,2
_13292_,2
_13293_,3
_13294_,3
_13295_,2
_13296_,2
_13297_,2
_13298_,2
_13299_,2
_13300_,2
_13301_,2
_13302_,2
_13303_,2
_13304_,2
_13305_,2
_13306_,2
_13307_,2
_13308_,2
_13309_,2
_13310_,2
_13311_,2
_13312_,2
_13313_,2
_13314_,2
_13315_,2
_13316_,2
_13317_,2
_13318_,2
_13319_,2
_13320_,2
_13321_,2
_13322_,2
_13323_,2
_13324_,2
_13325_,3
_13326_,2
_13327_,2
_13328_,2
_13329_,2
_13331_,2
_13332_,2
_13333_,2
_13334_,2
_13335_,2
_13336_,2
_13337_,2
_13338_,2
_13339_,2
_13340_,2
_13341_,2
_13342_,2
_13343_,2
_13344_,2
_13345_,2
_13346_,2
_13347_,2
_13348_,2
_13349_,2
_13350_,2
_13351_,2
_13352_,3
_13353_,2
_13354_,2
_13355_,3
_13356_,3
_13357_,2
_13358_,2
_13359_,2
_13360_,2
_13361_,2
_13362_,2
_13363_,2
_13364_,2
_13366_,2
_13367_,2
_13368_,2
_13369_,2
_13370_,3
_13371_,2
_13372_,3
_13373_,3
_13374_,2
_13375_,2
_13376_,2
_13377_,2
_13378_,2
_13379_,2
_13380_,2
_13381_,2
_13382_,2
_13383_,2
_13384_,2
_13385_,2
_13386_,2
_13387_,2
_13388_,2
_13389_,2
_13390_,2
_13391_,2
_13392_,2
_13393_,2
_13394_,2
_13395_,8
_13396_,2
_13397_,2
_13398_,2
_13399_,8
_13400_,2
_13401_,2
_13402_,2
_13404_,2
_13405_,2
_13406_,2
_13407_,2
_13408_,2
_13409_,2
_13410_,2
_13411_,2
_13412_,2
_13413_,2
_13414_,2
_13415_,2
_13416_,2
_13417_,2
_13418_,2
_13419_,2
_13420_,2
_13421_,2
_13422_,2
_13423_,2
_13424_,2
_13425_,2
_13426_,2
_13427_,2
_13428_,2
_13429_,2
_13430_,3
_13431_,3
_13432_,2
_13433_,2
_13434_,2
_13435_,2
_13436_,2
_13437_,2
_13439_,2
_13440_,2
_13441_,2
_13442_,2
_13443_,2
_13444_,2
_13445_,2
_13446_,2
_13447_,2
_13448_,2
_13449_,2
_13450_,2
_13451_,2
_13452_,2
_13453_,2
_13454_,2
_13455_,2
_13456_,2
_13457_,2
_13458_,2
_13459_,2
_13460_,2
_13461_,2
_13462_,2
_13463_,2
_13464_,2
_13465_,3
_13466_,3
_13467_,3
_13468_,2
_13469_,2
_13470_,2
_13471_,2
_13472_,2
_13475_,2
_13476_,2
_13477_,2
_13478_,2
_13479_,2
_13480_,2
_13481_,2
_13482_,3
_13483_,3
_13484_,2
_13485_,2
_13486_,2
_13487_,2
_13488_,2
_13489_,2
_13490_,2
_13491_,2
_13492_,2
_13493_,2
_13494_,2
_13495_,2
_13496_,2
_13497_,2
_13498_,2
_13499_,2
_13500_,2
_13501_,2
_13502_,2
_13503_,2
_13504_,2
_13505_,2
_13506_,2
_13507_,2
_13508_,2
_13509_,2
_13510_,2
_13511_,2
_13513_,2
_13514_,2
_13515_,2
_13516_,2
_13517_,2
_13518_,2
_13519_,2
_13520_,2
_13521_,2
_13522_,2
_13523_,2
_13524_,2
_13525_,2
_13526_,2
_13527_,2
_13528_,2
_13529_,2
_13530_,2
_13531_,2
_13532_,2
_13533_,2
_13534_,2
_13535_,2
_13536_,2
_13537_,2
_13538_,5
_13539_,2
_13540_,2
_13541_,2
_13542_,2
_13543_,2
_13544_,3
_13545_,3
_13546_,2
_13547_,2
_13548_,2
_13549_,2
_13550_,2
_13552_,2
_13553_,2
_13554_,2
_13555_,2
_13556_,2
_13557_,2
_13558_,2
_13559_,2
_13560_,2
_13561_,2
_13562_,2
_13563_,2
_13564_,2
_13565_,2
_13566_,2
_13567_,2
_13568_,2
_13569_,2
_13570_,2
_13571_,2
_13572_,2
_13573_,2
_13574_,2
_13575_,3
_13576_,2
_13577_,2
_13578_,2
_13579_,2
_13580_,2
_13581_,2
_13582_,2
_13583_,2
_13584_,2
_13586_,2
_13587_,2
_13588_,2
_13589_,2
_13590_,2
_13591_,2
_13592_,3
_13593_,3
_13594_,2
_13595_,2
_13596_,3
_13597_,2
_13598_,2
_13599_,2
_13600_,2
_13601_,2
_13602_,2
_13603_,2
_13604_,2
_13605_,2
_13606_,2
_13607_,2
_13608_,2
_13609_,2
_13610_,2
_13611_,2
_13612_,2
_13613_,2
_13614_,2
_13615_,2
_13616_,2
_13617_,2
_13618_,2
_13619_,2
_13621_,2
_13622_,2
_13623_,2
_13624_,2
_13625_,2
_13626_,2
_13627_,2
_13628_,2
_13629_,2
_13630_,3
_13631_,2
_13632_,3
_13633_,3
_13634_,2
_13635_,2
_13636_,2
_13637_,2
_13638_,2
_13639_,2
_13640_,2
_13641_,2
_13642_,2
_13643_,2
_13644_,2
_13645_,2
_13646_,2
_13647_,2
_13648_,2
_13649_,2
_13650_,2
_13651_,2
_13652_,2
_13653_,2
_13654_,2
_13656_,2
_13657_,2
_13658_,2
_13659_,3
_13660_,2
_13661_,2
_13662_,2
_13663_,2
_13664_,2
_13665_,5
_13666_,2
_13667_,4
_13668_,2
_13669_,2
_13670_,2
_13671_,2
_13672_,2
_13673_,2
_13674_,2
_13675_,2
_13676_,2
_13677_,2
_13678_,2
_13679_,2
_13680_,2
_13681_,2
_13682_,2
_13683_,2
_13684_,2
_13685_,2
_13686_,2
_13687_,2
_13688_,2
_13689_,2
_13690_,2
_13691_,2
_13692_,2
_13693_,2
_13694_,2
_13696_,2
_13697_,2
_13698_,2
_13699_,2
_13700_,2
_13701_,2
_13702_,2
_13703_,2
_13704_,2
_13705_,2
_13706_,2
_13707_,2
_13708_,2
_13709_,2
_13710_,2
_13711_,2
_13712_,2
_13713_,2
_13714_,2
_13715_,2
_13716_,2
_13717_,2
_13718_,2
_13719_,2
_13720_,2
_13721_,2
_13722_,2
_13723_,2
_13724_,2
_13726_,2
_13727_,2
_13728_,2
_13729_,2
_13730_,2
_13731_,2
_13732_,2
_13733_,2
_13734_,2
_13735_,2
_13736_,2
_13737_,2
_13738_,2
_13739_,2
_13740_,2
_13741_,2
_13742_,2
_13743_,2
_13744_,2
_13745_,2
_13746_,2
_13747_,2
_13748_,2
_13749_,2
_13750_,2
_13751_,2
_13752_,2
_13753_,2
_13754_,2
_13756_,2
_13757_,2
_13758_,2
_13759_,2
_13760_,2
_13761_,2
_13762_,2
_13763_,2
_13764_,2
_13765_,2
_13766_,2
_13767_,2
_13768_,2
_13769_,2
_13770_,2
_13771_,3
_13772_,2
_13773_,2
_13774_,2
_13775_,2
_13776_,2
_13777_,2
_13778_,2
_13779_,2
_13780_,2
_13781_,2
_13782_,2
_13783_,2
_13784_,2
_13785_,2
_13786_,2
_13787_,2
_13788_,2
_13789_,2
_13792_,9
_13793_,2
_13794_,3
_13795_,8
_13796_,2
_13800_,2
_13802_,2
_13804_,2
_13806_,2
_13808_,2
_13810_,2
_13813_,2
_13815_,2
_13817_,2
_13819_,2
_13822_,2
_13824_,2
_13826_,2
_13828_,2
_13830_,2
_13832_,2
_13835_,2
_13837_,2
_13839_,2
_13841_,2
_13843_,2
_13845_,2
_13847_,2
_13849_,2
_13850_,2
_13851_,10
_13852_,2
_13856_,2
_13857_,2
_13858_,2
_13859_,2
_13860_,2
_13861_,2
_13863_,2
_13864_,2
_13865_,2
_13866_,2
_13868_,2
_13869_,2
_13870_,2
_13871_,2
_13872_,2
_13873_,2
_13875_,2
_13876_,2
_13877_,2
_13878_,2
_13879_,2
_13880_,2
_13881_,2
_13882_,2
_13884_,10
_13886_,3
_13890_,2
_13891_,2
_13892_,2
_13893_,2
_13894_,2
_13895_,2
_13897_,2
_13898_,2
_13899_,2
_13900_,2
_13902_,2
_13903_,2
_13904_,2
_13905_,2
_13906_,2
_13907_,2
_13909_,2
_13910_,2
_13911_,2
_13912_,2
_13913_,2
_13914_,2
_13915_,2
_13916_,2
_13917_,2
_13921_,2
_13922_,2
_13923_,2
_13924_,2
_13925_,2
_13926_,2
_13928_,2
_13929_,2
_13930_,2
_13931_,2
_13933_,2
_13934_,2
_13935_,2
_13936_,2
_13937_,2
_13938_,2
_13940_,2
_13941_,2
_13942_,2
_13943_,2
_13944_,2
_13945_,2
_13946_,2
_13947_,2
_13948_,6
_13952_,2
_13953_,2
_13954_,2
_13956_,2
_13958_,2
_13959_,2
_13962_,2
_13963_,2
_13964_,2
_13967_,2
_13969_,2
_13970_,2
_13971_,2
_13972_,2
_13973_,2
_13974_,2
_13976_,2
_13977_,2
_13978_,2
_13979_,2
_13980_,2
_13981_,2
_13982_,2
_13983_,2
_13986_,2
_13990_,2
_13991_,2
_13992_,2
_13994_,2
_13996_,2
_13998_,2
_14000_,2
_14001_,2
_14002_,2
_14005_,2
_14007_,2
_14008_,2
_14009_,2
_14010_,2
_14011_,2
_14013_,2
_14014_,2
_14015_,2
_14016_,2
_14017_,2
_14018_,2
_14019_,2
_14020_,2
_14021_,2
_14024_,2
_14025_,2
_14029_,2
_14030_,2
_14031_,2
_14032_,2
_14033_,2
_14035_,2
_14036_,2
_14037_,2
_14038_,2
_14039_,2
_14041_,2
_14042_,2
_14043_,2
_14044_,2
_14045_,2
_14047_,2
_14048_,2
_14049_,2
_14050_,2
_14051_,2
_14052_,2
_14053_,2
_14054_,2
_14055_,2
_14056_,2
_14057_,2
_14061_,2
_14062_,2
_14063_,2
_14064_,2
_14065_,2
_14067_,2
_14068_,2
_14069_,2
_14070_,2
_14071_,2
_14073_,2
_14074_,2
_14075_,2
_14076_,2
_14077_,2
_14079_,2
_14080_,2
_14081_,2
_14082_,2
_14083_,2
_14084_,2
_14085_,2
_14086_,2
_14087_,2
_14088_,2
_14090_,12
_14092_,3
_14096_,2
_14097_,2
_14098_,2
_14099_,2
_14100_,2
_14102_,2
_14103_,2
_14104_,2
_14105_,2
_14106_,2
_14108_,2
_14109_,2
_14110_,2
_14111_,2
_14112_,2
_14114_,2
_14115_,2
_14116_,2
_14117_,2
_14118_,2
_14119_,2
_14120_,2
_14121_,2
_14122_,2
_14123_,2
_14125_,5
_14129_,2
_14130_,2
_14132_,2
_14133_,2
_14134_,2
_14136_,2
_14137_,2
_14138_,2
_14139_,2
_14140_,2
_14142_,2
_14143_,2
_14144_,2
_14145_,2
_14146_,2
_14148_,2
_14149_,2
_14150_,2
_14151_,2
_14152_,2
_14153_,2
_14154_,2
_14155_,2
_14156_,2
_14157_,2
_14158_,9
_14162_,2
_14163_,2
_14164_,2
_14165_,2
_14166_,2
_14168_,2
_14169_,2
_14170_,2
_14171_,2
_14172_,2
_14174_,2
_14175_,2
_14176_,2
_14177_,2
_14178_,2
_14180_,2
_14181_,2
_14182_,2
_14183_,2
_14184_,2
_14185_,2
_14186_,2
_14187_,2
_14188_,2
_14189_,2
_14190_,3
_14194_,2
_14195_,2
_14196_,2
_14197_,2
_14198_,2
_14200_,2
_14201_,2
_14202_,2
_14203_,2
_14204_,2
_14206_,2
_14207_,2
_14208_,2
_14209_,2
_14210_,2
_14212_,2
_14213_,2
_14214_,2
_14215_,2
_14216_,2
_14217_,2
_14218_,2
_14219_,2
_14220_,2
_14221_,2
_14222_,3
_14226_,2
_14227_,2
_14228_,2
_14229_,2
_14230_,2
_14231_,2
_14233_,2
_14234_,2
_14235_,2
_14236_,2
_14238_,2
_14239_,2
_14240_,2
_14241_,2
_14242_,2
_14243_,2
_14245_,2
_14246_,2
_14247_,2
_14248_,2
_14249_,2
_14250_,2
_14251_,2
_14252_,2
_14253_,3
_14257_,2
_14258_,2
_14259_,2
_14260_,2
_14261_,2
_14262_,2
_14264_,2
_14265_,2
_14266_,2
_14267_,2
_14269_,2
_14270_,2
_14271_,2
_14272_,2
_14273_,2
_14274_,2
_14276_,2
_14277_,2
_14278_,2
_14279_,2
_14280_,2
_14281_,2
_14282_,2
_14283_,2
_14284_,2
_14285_,2
_14289_,2
_14290_,2
_14291_,2
_14292_,2
_14293_,2
_14294_,2
_14296_,2
_14297_,2
_14298_,2
_14299_,2
_14301_,2
_14302_,2
_14303_,2
_14304_,2
_14305_,2
_14306_,2
_14308_,2
_14309_,2
_14310_,2
_14311_,2
_14312_,2
_14313_,2
_14314_,2
_14315_,2
_14316_,3
_14320_,2
_14321_,2
_14322_,2
_14323_,2
_14324_,2
_14325_,2
_14327_,2
_14328_,2
_14329_,2
_14330_,2
_14332_,2
_14333_,2
_14334_,2
_14335_,2
_14336_,2
_14337_,2
_14339_,2
_14340_,2
_14341_,2
_14342_,2
_14343_,2
_14344_,2
_14345_,2
_14346_,2
_14347_,3
_14351_,2
_14352_,2
_14353_,2
_14354_,2
_14355_,2
_14356_,2
_14358_,2
_14359_,2
_14360_,2
_14361_,2
_14363_,2
_14364_,2
_14365_,2
_14366_,2
_14367_,2
_14368_,2
_14370_,2
_14371_,2
_14372_,2
_14373_,2
_14374_,2
_14375_,2
_14376_,2
_14377_,2
_14379_,11
_14381_,2
_14383_,2
_14387_,2
_14388_,2
_14390_,2
_14392_,2
_14394_,2
_14396_,2
_14398_,2
_14400_,2
_14403_,2
_14405_,2
_14407_,2
_14410_,2
_14412_,2
_14414_,2
_14416_,2
_14418_,2
_14420_,2
_14422_,2
_14424_,2
_14426_,2
_14428_,2
_14430_,2
_14432_,2
_14434_,2
_14435_,11
_14437_,2
_14438_,2
_14442_,2
_14443_,2
_14444_,2
_14445_,2
_14446_,2
_14447_,2
_14448_,2
_14449_,2
_14451_,2
_14452_,2
_14453_,2
_14455_,2
_14456_,2
_14457_,2
_14458_,2
_14459_,2
_14460_,2
_14461_,2
_14462_,2
_14463_,2
_14464_,2
_14465_,2
_14466_,2
_14467_,2
_14468_,11
_14470_,2
_14471_,2
_14475_,2
_14476_,2
_14477_,2
_14478_,2
_14479_,2
_14480_,2
_14481_,2
_14482_,2
_14484_,2
_14485_,2
_14486_,2
_14488_,2
_14489_,2
_14490_,2
_14491_,2
_14492_,2
_14493_,2
_14494_,2
_14495_,2
_14496_,2
_14497_,2
_14498_,2
_14499_,2
_14500_,2
_14501_,8
_14505_,2
_14506_,2
_14507_,2
_14508_,2
_14509_,2
_14511_,2
_14512_,2
_14513_,2
_14514_,2
_14515_,2
_14517_,2
_14518_,2
_14519_,2
_14520_,2
_14521_,2
_14523_,2
_14524_,2
_14525_,2
_14526_,2
_14527_,2
_14528_,2
_14529_,2
_14530_,2
_14531_,2
_14532_,2
_14533_,2
_14537_,2
_14538_,2
_14539_,2
_14540_,2
_14541_,2
_14543_,2
_14544_,2
_14545_,2
_14546_,2
_14547_,2
_14549_,2
_14550_,2
_14551_,2
_14552_,2
_14553_,2
_14555_,2
_14556_,2
_14557_,2
_14558_,2
_14559_,2
_14560_,2
_14561_,2
_14562_,2
_14563_,2
_14564_,2
_14565_,4
_14569_,2
_14570_,2
_14571_,2
_14572_,2
_14573_,2
_14575_,2
_14576_,2
_14577_,2
_14578_,2
_14579_,2
_14581_,2
_14582_,2
_14583_,2
_14584_,2
_14585_,2
_14587_,2
_14588_,2
_14589_,2
_14590_,2
_14591_,2
_14592_,2
_14593_,2
_14594_,2
_14595_,2
_14596_,2
_14597_,3
_14601_,2
_14602_,2
_14603_,2
_14604_,2
_14605_,2
_14607_,2
_14608_,2
_14609_,2
_14610_,2
_14611_,2
_14613_,2
_14614_,2
_14615_,2
_14616_,2
_14617_,2
_14619_,2
_14620_,2
_14621_,2
_14622_,2
_14623_,2
_14624_,2
_14625_,2
_14626_,2
_14627_,2
_14628_,2
_14629_,10
_14633_,2
_14634_,2
_14635_,2
_14636_,2
_14637_,2
_14639_,2
_14640_,2
_14641_,2
_14642_,2
_14643_,2
_14645_,2
_14646_,2
_14647_,2
_14648_,2
_14649_,2
_14651_,2
_14652_,2
_14653_,2
_14654_,2
_14655_,2
_14656_,2
_14657_,2
_14658_,2
_14659_,2
_14660_,2
_14661_,2
_14665_,2
_14666_,2
_14667_,2
_14668_,2
_14669_,2
_14671_,2
_14672_,2
_14673_,2
_14674_,2
_14675_,2
_14677_,2
_14678_,2
_14679_,2
_14680_,2
_14681_,2
_14683_,2
_14684_,2
_14685_,2
_14686_,2
_14687_,2
_14688_,2
_14689_,2
_14690_,2
_14691_,2
_14692_,2
_14693_,8
_14697_,2
_14698_,2
_14699_,2
_14700_,2
_14701_,2
_14703_,2
_14704_,2
_14705_,2
_14706_,2
_14707_,2
_14709_,2
_14710_,2
_14711_,2
_14712_,2
_14713_,2
_14715_,2
_14716_,2
_14717_,2
_14718_,2
_14719_,2
_14720_,2
_14721_,2
_14722_,2
_14723_,2
_14724_,2
_14725_,2
_14729_,2
_14730_,2
_14731_,2
_14732_,2
_14733_,2
_14735_,2
_14736_,2
_14737_,2
_14738_,2
_14739_,2
_14741_,2
_14742_,2
_14743_,2
_14744_,2
_14745_,2
_14747_,2
_14748_,2
_14749_,2
_14750_,2
_14751_,2
_14752_,2
_14753_,2
_14754_,2
_14755_,2
_14756_,2
_14757_,8
_14761_,2
_14762_,2
_14763_,2
_14764_,2
_14765_,2
_14766_,2
_14768_,2
_14769_,2
_14770_,2
_14771_,2
_14773_,2
_14774_,2
_14775_,2
_14776_,2
_14777_,2
_14778_,2
_14780_,2
_14781_,2
_14782_,2
_14783_,2
_14784_,2
_14785_,2
_14786_,2
_14787_,2
_14788_,6
_14792_,2
_14793_,2
_14794_,2
_14795_,2
_14796_,2
_14797_,2
_14799_,2
_14800_,2
_14801_,2
_14802_,2
_14804_,2
_14805_,2
_14806_,2
_14807_,2
_14808_,2
_14809_,2
_14811_,2
_14812_,2
_14813_,2
_14814_,2
_14815_,2
_14816_,2
_14817_,2
_14818_,2
_14819_,3
_14820_,5
_14821_,5
_14822_,12
_14824_,2
_14826_,2
_14827_,2
_14828_,2
_14829_,2
_14830_,2
_14831_,2
_14832_,2
_14833_,2
_14834_,2
_14835_,2
_14836_,2
_14837_,2
_14838_,2
_14839_,2
_14840_,2
_14841_,2
_14842_,2
_14843_,2
_14844_,4
_14845_,4
_14846_,2
_14847_,2
_14848_,2
_14849_,2
_14851_,2
_14852_,2
_14853_,2
_14855_,2
_14856_,3
_14857_,11
_14858_,2
_14859_,2
_14860_,2
_14861_,2
_14862_,2
_14863_,2
_14864_,2
_14865_,2
_14866_,2
_14867_,2
_14868_,2
_14869_,2
_14870_,2
_14871_,2
_14872_,2
_14873_,2
_14874_,2
_14875_,6
_14876_,2
_14878_,2
_14879_,2
_14880_,2
_14881_,2
_14882_,2
_14883_,2
_14884_,6
_14885_,8
_14886_,2
_14887_,2
_14888_,2
_14889_,2
_14890_,2
_14891_,2
_14892_,2
_14893_,2
_14894_,2
_14895_,2
_14896_,2
_14897_,2
_14898_,2
_14899_,2
_14900_,2
_14901_,2
_14902_,2
_14903_,2
_14904_,2
_14905_,2
_14906_,2
_14907_,2
_14908_,2
_14909_,2
_14910_,2
_14911_,2
_14912_,2
_14913_,2
_14914_,2
_14915_,2
_14916_,2
_14917_,2
_14918_,2
_14919_,2
_14920_,2
_14921_,2
_14922_,2
_14923_,2
_14924_,2
_14925_,2
_14926_,2
_14927_,2
_14928_,2
_14929_,2
_14930_,2
_14931_,2
_14932_,2
_14933_,2
_14934_,2
_14935_,2
_14936_,2
_14937_,2
_14938_,2
_14939_,2
_14940_,2
_14941_,2
_14942_,2
_14943_,2
_14944_,2
_14945_,2
_14946_,2
_14950_,2
_14951_,6
_14952_,3
_14953_,4
_14954_,2
_14955_,2
_14956_,2
_14957_,2
_14958_,2
_14959_,2
_14960_,2
_14961_,4
_14962_,2
_14963_,2
_14964_,5
_14965_,2
_14966_,3
_14967_,5
_14968_,2
_14969_,2
_14970_,2
_14971_,2
_14972_,2
_14973_,2
_14974_,3
_14975_,2
_14976_,2
_14977_,2
_14978_,2
_14979_,2
_14980_,2
_14981_,2
_14982_,2
_14983_,2
_14984_,2
_14985_,2
_14986_,2
_14987_,2
_14988_,2
_14989_,2
_14990_,2
_14991_,2
_14992_,3
_14993_,2
_14994_,2
_14995_,2
_14996_,2
_14997_,3
_14998_,2
_14999_,3
_15000_,4
_15001_,2
_15002_,2
_15003_,2
_15004_,2
_15005_,2
_15006_,2
_15007_,2
_15008_,3
_15009_,2
_15010_,2
_15011_,2
_15012_,2
_15013_,2
_15014_,2
_15015_,4
_15016_,2
_15017_,2
_15018_,2
_15019_,2
_15020_,2
_15021_,2
_15022_,2
_15023_,2
_15024_,5
_15025_,2
_15026_,2
_15027_,4
_15028_,2
_15029_,2
_15030_,3
_15031_,2
_15032_,2
_15033_,2
_15034_,2
_15035_,2
_15036_,2
_15037_,2
_15038_,2
_15039_,2
_15040_,3
_15041_,2
_15042_,2
_15043_,2
_15044_,2
_15045_,2
_15046_,2
_15047_,2
_15048_,2
_15049_,2
_15050_,2
_15051_,2
_15052_,2
_15053_,2
_15054_,2
_15055_,2
_15056_,2
_15057_,3
_15058_,3
_15059_,2
_15060_,2
_15061_,2
_15062_,2
_15063_,2
_15064_,2
_15065_,2
_15066_,2
_15067_,2
_15068_,2
_15069_,2
_15070_,2
_15071_,2
_15072_,2
_15073_,2
_15074_,2
_15075_,2
_15076_,2
_15077_,2
_15078_,2
_15079_,2
_15080_,2
_15081_,2
_15082_,2
_15083_,2
_15084_,2
_15085_,2
_15086_,2
_15087_,2
_15088_,2
_15089_,2
_15090_,2
_15091_,2
_15092_,2
_15093_,2
_15094_,2
_15095_,2
_15096_,2
_15097_,2
_15098_,2
_15099_,2
_15100_,2
_15101_,2
_15102_,2
_15103_,2
_15104_,2
_15106_,2
_15107_,2
_15109_,2
_15110_,2
_15111_,2
_15112_,2
_15113_,2
_15114_,2
_15115_,2
_15116_,2
_15117_,2
_15118_,2
_15120_,2
_15121_,2
_15122_,2
_15123_,2
_15124_,2
_15125_,2
_15126_,2
_15127_,2
_15128_,2
_15129_,2
_15130_,2
_15131_,2
_15132_,2
_15133_,2
_15134_,2
_15135_,2
_15136_,2
_15137_,2
_15138_,2
_15139_,2
_15140_,3
_15141_,2
_15142_,2
_15143_,2
_15144_,2
_15145_,2
_15146_,2
_15147_,2
_15148_,2
_15149_,2
_15150_,2
_15151_,2
_15152_,2
_15153_,2
_15154_,3
_15155_,2
_15156_,2
_15157_,2
_15158_,2
_15159_,2
_15160_,2
_15161_,2
_15162_,3
_15163_,2
_15164_,2
_15165_,2
_15166_,5
_15167_,2
_15168_,2
_15169_,2
_15170_,2
_15171_,3
_15172_,3
_15173_,2
_15174_,2
_15175_,2
_15176_,2
_15177_,2
_15178_,2
_15179_,5
_15180_,2
_15182_,2
_15183_,2
_15184_,2
_15185_,2
_15186_,2
_15187_,5
_15188_,9
_15189_,4
_15190_,2
_15191_,3
_15192_,2
_15193_,4
_15194_,2
_15195_,2
_15196_,2
_15197_,3
_15198_,2
_15199_,2
_15200_,2
_15201_,2
_15202_,2
_15203_,3
_15204_,2
_15205_,2
_15206_,2
_15207_,3
_15208_,3
_15209_,2
_15210_,2
_15211_,2
_15212_,2
_15213_,2
_15214_,2
_15215_,2
_15216_,11
_15217_,5
_15218_,3
_15219_,2
_15220_,2
_15221_,2
_15222_,4
_15223_,3
_15224_,2
_15225_,2
_15226_,2
_15227_,2
_15228_,2
_15229_,3
_15230_,2
_15231_,2
_15232_,2
_15233_,2
_15234_,2
_15235_,2
_15236_,2
_15237_,2
_15238_,8
_15239_,2
_15240_,3
_15241_,3
_15242_,2
_15243_,3
_15244_,2
_15245_,2
_15246_,2
_15247_,3
_15248_,2
_15249_,4
_15250_,3
_15251_,4
_15252_,2
_15253_,3
_15254_,2
_15255_,2
_15256_,2
_15257_,2
_15258_,2
_15259_,2
_15260_,2
_15261_,2
_15262_,3
_15263_,3
_15264_,2
_15265_,2
_15266_,4
_15267_,2
_15268_,2
_15269_,3
_15270_,2
_15271_,2
_15272_,2
_15273_,2
_15274_,5
_15275_,2
_15276_,2
_15277_,3
_15278_,2
_15279_,2
_15280_,2
_15281_,2
_15282_,2
_15283_,2
_15284_,2
_15285_,2
_15286_,2
_15287_,3
_15288_,7
_15289_,2
_15290_,2
_15291_,2
_15292_,2
_15293_,2
_15294_,2
_15295_,5
_15296_,3
_15297_,12
_15299_,2
_15300_,2
_15301_,3
_15302_,2
_15303_,2
_15304_,2
_15305_,2
_15306_,2
_15307_,2
_15308_,2
_15309_,2
_15310_,2
_15311_,2
_15312_,2
_15313_,2
_15314_,2
_15315_,2
_15316_,2
_15317_,2
_15318_,2
_15319_,2
_15320_,3
_15321_,3
_15322_,2
_15323_,2
_15324_,3
_15325_,2
_15326_,2
_15327_,2
_15328_,2
_15329_,6
_15330_,2
_15331_,2
_15332_,2
_15333_,2
_15334_,2
_15335_,5
_15336_,5
_15337_,2
_15338_,2
_15339_,2
_15340_,2
_15341_,2
_15342_,2
_15343_,2
_15344_,2
_15345_,3
_15346_,12
_15348_,2
_15349_,2
_15350_,2
_15351_,2
_15352_,2
_15353_,2
_15354_,2
_15355_,2
_15356_,2
_15357_,2
_15358_,2
_15359_,2
_15360_,2
_15361_,5
_15362_,2
_15363_,2
_15364_,2
_15365_,2
_15366_,2
_15367_,2
_15368_,2
_15369_,2
_15370_,2
_15371_,5
_15372_,2
_15373_,2
_15374_,2
_15375_,2
_15376_,2
_15377_,2
_15378_,2
_15379_,2
_15380_,2
_15381_,3
_15382_,2
_15383_,2
_15384_,2
_15385_,2
_15386_,2
_15387_,2
_15388_,2
_15389_,3
_15390_,9
_15391_,4
_15392_,2
_15393_,2
_15394_,2
_15395_,2
_15396_,2
_15397_,2
_15398_,2
_15399_,2
_15400_,2
_15401_,2
_15402_,2
_15403_,2
_15404_,2
_15405_,2
_15406_,2
_15407_,2
_15408_,2
_15409_,7
_15410_,2
_15411_,5
_15412_,3
_15413_,2
_15414_,2
_15415_,2
_15416_,2
_15417_,2
_15418_,2
_15419_,2
_15420_,2
_15421_,2
_15422_,2
_15423_,5
_15424_,2
_15425_,2
_15426_,2
_15427_,2
_15428_,3
_15429_,3
_15430_,2
_15431_,2
_15432_,3
_15433_,2
_15434_,2
_15435_,2
_15436_,2
_15437_,2
_15438_,2
_15439_,2
_15440_,2
_15441_,2
_15442_,2
_15443_,2
_15444_,3
_15445_,2
_15446_,2
_15447_,2
_15448_,2
_15449_,2
_15450_,2
_15451_,2
_15452_,2
_15453_,2
_15454_,2
_15455_,2
_15456_,2
_15457_,2
_15458_,2
_15459_,2
_15460_,2
_15461_,2
_15462_,2
_15463_,2
_15464_,2
_15465_,2
_15466_,2
_15467_,2
_15468_,2
_15469_,2
_15470_,2
_15471_,7
_15472_,3
_15473_,2
_15474_,2
_15475_,2
_15476_,2
_15477_,2
_15478_,2
_15479_,2
_15480_,2
_15481_,2
_15482_,2
_15483_,2
_15484_,3
_15485_,2
_15486_,2
_15487_,2
_15488_,2
_15489_,2
_15490_,2
_15491_,2
_15492_,2
_15493_,2
_15494_,2
_15495_,2
_15496_,2
_15497_,2
_15498_,2
_15499_,2
_15500_,2
_15501_,2
_15502_,2
_15503_,3
_15504_,2
_15505_,2
_15506_,3
_15507_,2
_15508_,3
_15509_,3
_15510_,2
_15511_,2
_15512_,2
_15513_,3
_15514_,3
_15515_,2
_15516_,3
_15517_,3
_15518_,3
_15519_,3
_15520_,2
_15521_,2
_15522_,2
_15523_,2
_15524_,2
_15525_,2
_15526_,2
_15527_,2
_15528_,2
_15529_,2
_15530_,2
_15531_,2
_15532_,3
_15534_,2
_15535_,13
_15538_,4
_15539_,4
_15541_,6
_15542_,6
_15544_,4
_15545_,3
_15550_,3
_15551_,3
_15553_,3
_15556_,3
_15557_,3
_15558_,11
_15560_,12
_15561_,5
_15562_,5
_15563_,8
_15564_,13
_15566_,4
_15569_,4
_15573_,4
_15574_,3
_15575_,4
_15576_,2
_15577_,4
_15581_,3
_15582_,3
_15587_,2
_15588_,3
_15589_,3
_15593_,10
_15595_,4
_15596_,2
_15597_,2
_15598_,5
_15599_,4
_15600_,4
_15601_,2
_15602_,4
_15603_,2
_15604_,5
_15605_,3
_15606_,7
_15607_,4
_15608_,3
_15609_,2
_15610_,2
_15611_,7
_15612_,3
_15613_,6
_15614_,4
_15615_,4
_15616_,3
_15617_,2
_15618_,2
_15620_,4
_15622_,3
_15623_,3
_15625_,3
_15626_,2
_15628_,4
_15630_,4
_15632_,3
_15634_,3
_15635_,2
_15637_,3
_15639_,3
_15641_,3
_15643_,3
_15644_,2
_15646_,3
_15648_,3
_15649_,3
_15651_,3
_15652_,2
_15653_,2
_15655_,3
_15657_,3
_15658_,2
_15660_,3
_15662_,3
_15663_,2
_15665_,3
_15666_,2
_15667_,2
_15668_,2
_15670_,3
_15672_,3
_15673_,3
_15674_,2
_15676_,3
_15678_,3
_15680_,3
_15682_,3
_15683_,2
_15684_,2
_15686_,3
_15688_,3
_15690_,3
_15692_,3
_15693_,2
_15694_,2
_15695_,4
_15696_,3
_15697_,3
_15699_,3
_15700_,2
_15701_,4
_15702_,4
_15703_,3
_15704_,3
_15705_,2
_15706_,3
_15707_,3
_15708_,3
_15709_,3
_15710_,2
_15711_,3
_15712_,3
_15713_,3
_15714_,3
_15715_,2
_15716_,2
_15717_,3
_15718_,3
_15719_,2
_15720_,3
_15721_,3
_15722_,2
_15723_,3
_15724_,2
_15725_,2
_15726_,2
_15728_,3
_15729_,3
_15730_,3
_15731_,2
_15732_,3
_15733_,3
_15735_,3
_15736_,3
_15737_,2
_15738_,2
_15739_,3
_15740_,3
_15741_,3
_15742_,3
_15743_,2
_15744_,2
_15745_,2
_15747_,3
_15748_,3
_15749_,2
_15750_,4
_15751_,2
_15753_,3
_15754_,2
_15755_,3
_15756_,4
_15757_,2
_15760_,2
_15763_,2
_15764_,3
_15765_,4
_15766_,3
_15767_,2
_15768_,4
_15769_,2
_15770_,3
_15772_,6
_15773_,2
_15774_,4
_15775_,8
_15776_,6
_15777_,2
_15778_,2
_15779_,3
_15780_,4
_15781_,3
_15782_,4
_15783_,3
_15784_,11
_15786_,12
_15787_,2
_15788_,5
_15789_,4
_15790_,4
_15791_,3
_15792_,3
_15793_,6
_15794_,3
_15795_,3
_15796_,3
_15797_,2
_15798_,5
_15799_,2
_15800_,2
_15801_,5
_15802_,5
_15803_,5
_15804_,4
_15805_,4
_15808_,2
_15809_,4
_15810_,2
_15811_,2
_15812_,4
_15813_,4
_15814_,3
_15815_,3
_15816_,3
_15819_,2
_15820_,4
_15821_,2
_15822_,2
_15823_,4
_15824_,4
_15825_,4
_15826_,6
_15828_,5
_15829_,2
_15830_,4
_15832_,3
_15833_,4
_15834_,4
_15835_,14
_15837_,4
_15838_,3
_15840_,4
_15841_,4
_15842_,4
_15843_,2
_15844_,2
_15845_,4
_15846_,6
_15847_,3
_15848_,2
_15849_,2
_15850_,2
_15851_,2
_15853_,2
_15854_,7
_15855_,2
_15856_,4
_15861_,4
_15862_,3
_15864_,8
_15866_,5
_15867_,4
_15868_,2
_15869_,2
_15870_,2
_15871_,6
_15872_,6
_15873_,2
_15874_,2
_15875_,4
_15876_,3
_15878_,3
_15879_,3
_15880_,3
_15881_,6
_15882_,4
_15883_,2
_15884_,2
_15885_,2
_15886_,2
_15887_,2
_15888_,4
_15889_,2
_15892_,2
_15893_,2
_15894_,2
_15895_,2
_15896_,2
_15897_,4
_15898_,8
_15899_,6
_15900_,4
_15901_,8
_15904_,2
_15905_,2
_15906_,2
_15908_,2
_15909_,4
_15913_,2
_15914_,2
_15915_,2
_15916_,2
_15917_,4
_15918_,4
_15919_,4
_15921_,2
_15922_,2
_15923_,2
_15924_,2
_15925_,2
_15926_,2
_15927_,4
_15928_,3
_15929_,2
_15930_,2
_15931_,3
_15933_,3
_15934_,7
_15935_,4
_15936_,2
_15937_,2
_15939_,2
_15940_,2
_15941_,2
_15942_,4
_15943_,4
_15945_,2
_15946_,2
_15947_,2
_15948_,2
_15949_,2
_15950_,4
_15951_,4
_15952_,4
_15953_,8
_15955_,2
_15956_,4
_15957_,6
_15958_,3
_15961_,2
_15962_,2
_15963_,2
_15964_,3
_15965_,3
_15966_,3
_15967_,3
_15968_,3
_15969_,2
_15970_,2
_15971_,2
_15972_,3
_15974_,5
_15976_,3
_15977_,2
_15978_,2
_15979_,2
_15980_,2
_15981_,4
_15982_,3
_15983_,4
_15984_,8
_15986_,2
_15987_,2
_15988_,2
_15989_,4
_15990_,4
_15991_,5
_15992_,3
_15993_,3
_15994_,2
_15995_,2
_15996_,5
_15997_,4
_15999_,2
_16000_,2
_16001_,3
_16006_,3
_16007_,2
_16008_,5
_16009_,6
_16010_,2
_16011_,2
_16012_,2
_16013_,6
_16014_,3
_16015_,4
_16016_,2
_16017_,2
_16018_,2
_16019_,2
_16020_,2
_16021_,3
_16022_,2
_16023_,7
_16025_,3
_16026_,2
_16027_,2
_16028_,3
_16029_,2
_16030_,3
_16032_,2
_16033_,2
_16034_,2
_16035_,2
_16036_,2
_16037_,2
_16038_,2
_16039_,2
_16040_,3
_16041_,5
_16043_,6
_16044_,3
_16045_,2
_16046_,2
_16047_,2
_16048_,13
_16050_,2
_16051_,4
_16052_,4
_16054_,3
_16055_,12
_16057_,3
_16058_,2
_16059_,4
_16060_,3
_16061_,2
_16062_,2
_16063_,2
_16064_,2
_16065_,2
_16066_,2
_16067_,4
_16068_,2
_16069_,3
_16071_,2
_16072_,3
_16073_,2
_16074_,6
_16075_,3
_16076_,2
_16077_,4
_16078_,5
_16079_,6
_16080_,4
_16081_,2
_16082_,2
_16083_,2
_16084_,2
_16085_,2
_16086_,4
_16087_,2
_16088_,3
_16090_,4
_16091_,2
_16092_,2
_16093_,3
_16094_,2
_16095_,4
_16096_,2
_16097_,5
_16098_,4
_16099_,2
_16100_,7
_16101_,2
_16102_,5
_16103_,5
_16104_,2
_16105_,2
_16107_,2
_16108_,4
_16111_,3
_16112_,6
_16113_,2
_16114_,2
_16115_,2
_16116_,2
_16117_,3
_16118_,3
_16119_,3
_16120_,4
_16121_,2
_16122_,2
_16123_,2
_16124_,2
_16125_,4
_16126_,2
_16128_,3
_16129_,2
_16130_,4
_16131_,2
_16132_,2
_16133_,5
_16134_,3
_16135_,3
_16136_,2
_16137_,2
_16138_,5
_16139_,4
_16140_,2
_16141_,5
_16142_,7
_16143_,4
_16144_,6
_16145_,7
_16146_,4
_16147_,5
_16148_,6
_16149_,5
_16151_,3
_16152_,2
_16153_,2
_16154_,2
_16155_,3
_16156_,2
_16157_,2
_16158_,2
_16159_,2
_16160_,2
_16161_,2
_16162_,2
_16163_,2
_16164_,3
_16165_,2
_16166_,2
_16167_,2
_16168_,2
_16169_,3
_16170_,3
_16171_,3
_16172_,2
_16173_,2
_16174_,2
_16175_,2
_16176_,2
_16177_,2
_16178_,3
_16179_,5
_16180_,2
_16181_,3
_16182_,3
_16183_,2
_16184_,2
_16185_,2
_16186_,2
_16187_,2
_16188_,2
_16189_,2
_16190_,2
_16191_,2
_16192_,2
_16193_,5
_16194_,3
_16195_,9
_16196_,2
_16197_,2
_16198_,2
_16199_,7
_16200_,4
_16201_,2
_16202_,2
_16203_,2
_16204_,2
_16205_,4
_16206_,2
_16207_,2
_16208_,2
_16209_,2
_16210_,2
_16211_,2
_16212_,3
_16214_,2
_16215_,4
_16216_,2
_16217_,2
_16218_,2
_16219_,2
_16220_,5
_16221_,3
_16222_,2
_16223_,2
_16224_,2
_16225_,2
_16226_,2
_16227_,2
_16228_,2
_16229_,6
_16230_,2
_16231_,4
_16232_,2
_16233_,2
_16234_,2
_16235_,6
_16236_,3
_16237_,6
_16238_,6
_16239_,2
_16240_,4
_16241_,2
_16242_,2
_16243_,2
_16244_,4
_16245_,3
_16246_,2
_16247_,2
_16248_,2
_16249_,2
_16250_,2
_16251_,3
_16252_,2
_16253_,2
_16254_,4
_16255_,3
_16256_,9
_16258_,3
_16259_,4
_16260_,4
_16261_,4
_16262_,3
_16263_,4
_16264_,2
_16265_,2
_16266_,2
_16267_,5
_16268_,2
_16270_,4
_16271_,4
_16272_,2
_16273_,3
_16274_,3
_16275_,3
_16276_,2
_16278_,4
_16279_,5
_16280_,5
_16285_,2
_16286_,3
_16288_,4
_16289_,4
_16290_,5
_16291_,7
_16299_,5
_16301_,4
_16302_,4
_16303_,2
_16304_,4
_16305_,3
_16306_,7
_16309_,3
_16310_,6
_16311_,2
_16313_,6
_16314_,9
_16317_,6
_16320_,2
_16321_,3
_16322_,9
_16324_,2
_16325_,2
_16326_,2
_16327_,2
_16328_,3
_16329_,9
_16330_,2
_16333_,2
_16338_,2
_16339_,3
_16342_,3
_16343_,4
_16344_,3
_16345_,3
_16346_,3
_16347_,4
_16348_,2
_16350_,2
_16351_,3
_16352_,2
_16353_,3
_16354_,3
_16355_,3
_16356_,5
_16357_,2
_16358_,2
_16359_,7
_16360_,5
_16361_,3
_16362_,3
_16363_,4
_16364_,2
_16365_,2
_16366_,2
_16367_,3
_16368_,3
_16369_,2
_16370_,3
_16371_,5
_16372_,3
_16373_,2
_16374_,3
_16375_,5
_16376_,4
_16377_,4
_16379_,8
_16380_,2
_16382_,8
_16383_,4
_16385_,3
_16386_,3
_16387_,5
_16388_,3
_16389_,2
_16390_,4
_16391_,4
_16392_,4
_16393_,3
_16394_,2
_16395_,3
_16396_,2
_16397_,3
_16398_,2
_16399_,3
_16400_,3
_16402_,3
_16404_,7
_16405_,6
_16409_,6
_16410_,5
_16414_,5
_16420_,2
_16421_,3
_16425_,2
_16426_,2
_16431_,2
_16437_,2
_16442_,2
_16443_,3
_16444_,3
_16446_,2
_16448_,2
_16449_,5
_16450_,2
_16453_,2
_16454_,2
_16455_,6
_16457_,2
_16458_,3
_16459_,3
_16460_,3
_16461_,3
_16463_,2
_16465_,3
_16466_,7
_16467_,3
_16468_,2
_16469_,2
_16470_,3
_16471_,3
_16473_,2
_16477_,2
_16479_,3
_16480_,3
_16481_,2
_16482_,6
_16484_,2
_16485_,3
_16486_,2
_16487_,3
_16488_,3
_16491_,2
_16492_,2
_16496_,2
_16497_,4
_16499_,2
_16500_,4
_16501_,4
_16502_,2
_16503_,2
_16504_,2
_16505_,8
_16507_,2
_16509_,3
_16513_,2
_16517_,2
_16521_,2
_16522_,2
_16523_,11
_16526_,2
_16527_,2
_16528_,11
_16536_,2
_16540_,2
_16541_,2
_16545_,2
_16546_,2
_16547_,2
_16552_,2
_16553_,2
_16554_,2
_16559_,4
_16560_,2
_16562_,2
_16563_,2
_16564_,2
_16565_,2
_16568_,2
_16569_,2
_16570_,2
_16571_,2
_16573_,2
_16574_,3
_16577_,3
_16579_,2
_16580_,3
_16581_,5
_16585_,2
_16586_,5
_16588_,2
_16589_,2
_16590_,3
_16591_,6
_16593_,2
_16594_,6
_16597_,4
_16598_,3
_16599_,3
_16600_,5
_16601_,8
_16603_,3
_16604_,4
_16605_,3
_16606_,7
_16607_,4
_16608_,3
_16609_,2
_16610_,3
_16611_,3
_16613_,3
_16614_,2
_16615_,2
_16616_,3
_16617_,5
_16618_,2
_16619_,2
_16620_,5
_16621_,4
_16622_,4
_16623_,5
_16624_,3
_16625_,3
_16626_,6
_16627_,4
_16628_,2
_16629_,3
_16630_,2
_16631_,5
_16632_,3
_16633_,4
_16634_,4
_16635_,3
_16636_,2
_16637_,3
_16638_,7
_16639_,4
_16640_,7
_16641_,4
_16642_,2
_16643_,5
_16644_,3
_16646_,4
_16647_,2
_16648_,2
_16649_,3
_16650_,2
_16651_,3
_16652_,3
_16653_,4
_16654_,3
_16655_,2
_16656_,2
_16657_,7
_16658_,2
_16659_,2
_16660_,3
_16661_,3
_16662_,6
_16663_,13
_16664_,3
_16666_,3
_16667_,2
_16668_,4
_16669_,2
_16670_,3
_16671_,2
_16672_,3
_16673_,3
_16674_,6
_16675_,7
_16676_,3
_16677_,3
_16678_,3
_16679_,3
_16680_,2
_16681_,3
_16682_,3
_16683_,4
_16684_,3
_16685_,4
_16686_,2
_16687_,5
_16688_,4
_16689_,9
_16690_,4
_16691_,2
_16692_,2
_16693_,2
_16695_,2
_16696_,2
_16697_,2
_16698_,2
_16699_,3
_16700_,3
_16701_,2
_16702_,3
_16703_,12
_16705_,2
_16707_,5
_16708_,5
_16709_,9
_16711_,3
_16712_,5
_16713_,2
_16714_,3
_16718_,2
_16719_,2
_16720_,9
_16722_,12
_16723_,5
_16724_,2
_16726_,5
_16727_,2
_16728_,3
_16729_,2
_16730_,2
_16731_,14
_16732_,3
_16733_,2
_16734_,2
_16736_,2
_16737_,2
_16738_,3
_16739_,2
_16740_,2
_16741_,2
_16743_,11
_16744_,2
_16745_,4
_16746_,4
_16747_,2
_16748_,2
_16749_,2
_16751_,2
_16752_,2
_16753_,2
_16754_,2
_16755_,2
_16756_,3
_16757_,3
_16758_,4
_16759_,2
_16760_,2
_16762_,2
_16763_,4
_16765_,2
_16766_,2
_16767_,2
_16768_,2
_16769_,2
_16770_,2
_16771_,2
_16772_,6
_16774_,2
_16777_,4
_16779_,3
_16785_,11
_16788_,3
_16796_,2
_16797_,3
_16799_,9
_16803_,2
_16810_,2
_16811_,2
_16812_,2
_16815_,2
_16816_,2
_16817_,3
_16818_,5
_16821_,2
_16822_,5
_16823_,7
_16826_,2
_16829_,2
_16830_,2
_16838_,2
_16839_,3
_16843_,2
_16844_,3
_16847_,2
_16849_,2
_16855_,2
_16858_,2
_16861_,2
_16862_,2
_16863_,2
_16864_,2
_16875_,2
_16880_,2
_16881_,2
_16883_,2
_16884_,2
_16885_,2
_16888_,2
_16894_,2
_16896_,2
_16898_,2
_16899_,2
_16900_,2
_16902_,4
_16907_,2
_16908_,2
_16909_,2
_16912_,2
_16915_,2
_16916_,3
_16917_,2
_16918_,2
_16919_,6
_16920_,2
_16921_,2
_16922_,2
_16923_,2
_16927_,2
_16929_,2
_16930_,3
_16931_,2
_16932_,3
_16933_,3
_16934_,4
_16935_,4
_16936_,3
_16937_,2
_16938_,2
_16939_,5
_16940_,2
_16941_,2
_16942_,2
_16943_,2
_16944_,2
_16945_,2
_16947_,2
_16949_,3
_16950_,5
_16951_,3
_16952_,2
_16953_,5
_16954_,2
_16955_,3
_16959_,2
_16961_,2
_16962_,2
_16964_,2
_16965_,2
_16968_,2
_16972_,2
_16973_,2
_16974_,2
_16975_,2
_16976_,7
_16977_,6
_16978_,2
_16979_,2
_16980_,2
_16981_,2
_16983_,2
_16984_,2
_16985_,2
_16986_,2
_16987_,3
_16988_,3
_16989_,2
_16990_,3
_16991_,4
_16992_,3
_16993_,3
_16994_,2
_16995_,2
_16996_,2
_16998_,2
_16999_,2
_17000_,5
_17001_,2
_17002_,2
_17003_,7
_17005_,2
_17006_,2
_17008_,2
_17009_,2
_17010_,2
_17012_,2
_17013_,11
_17015_,2
_17016_,2
_17017_,3
_17018_,2
_17019_,2
_17020_,2
_17021_,2
_17022_,4
_17024_,4
_17025_,3
_17026_,7
_17029_,8
_17030_,2
_17031_,4
_17032_,2
_17033_,2
_17034_,2
_17035_,3
_17036_,5
_17037_,3
_17038_,3
_17039_,3
_17043_,2
_17045_,3
_17046_,2
_17047_,2
_17048_,3
_17049_,3
_17050_,2
_17051_,2
_17052_,3
_17053_,2
_17055_,2
_17056_,2
_17058_,3
_17059_,2
_17061_,2
_17062_,2
_17063_,2
_17064_,2
_17065_,3
_17066_,2
_17067_,4
_17068_,7
_17069_,3
_17071_,3
_17072_,2
_17073_,2
_17074_,2
_17075_,3
_17076_,5
_17078_,2
_17079_,2
_17080_,3
_17081_,2
_17082_,2
_17084_,2
_17085_,2
_17086_,2
_17087_,3
_17088_,2
_17090_,2
_17091_,2
_17092_,3
_17093_,2
_17094_,2
_17095_,3
_17096_,3
_17097_,2
_17098_,2
_17099_,2
_17100_,3
_17101_,3
_17102_,2
_17105_,2
_17106_,2
_17107_,2
_17108_,2
_17110_,2
_17111_,2
_17112_,9
_17117_,2
_17119_,2
_17121_,2
_17122_,3
_17124_,2
_17125_,2
_17126_,2
_17127_,2
_17128_,2
_17129_,3
_17131_,2
_17133_,2
_17135_,2
_17136_,4
_17137_,2
_17138_,2
_17140_,2
_17141_,2
_17142_,2
_17143_,2
_17144_,2
_17146_,2
_17147_,2
_17148_,2
_17149_,3
_17152_,2
_17153_,2
_17154_,2
_17155_,2
_17156_,2
_17157_,2
_17158_,3
_17159_,2
_17160_,3
_17162_,4
_17163_,2
_17164_,2
_17165_,2
_17166_,2
_17167_,2
_17168_,3
_17169_,3
_17170_,4
_17173_,2
_17175_,2
_17176_,2
_17178_,2
_17181_,2
_17182_,2
_17183_,4
_17184_,2
_17185_,2
_17187_,5
_17188_,5
_17191_,2
_17192_,2
_17193_,2
_17196_,2
_17197_,2
_17199_,2
_17200_,2
_17202_,2
_17203_,8
_17204_,2
_17207_,2
_17209_,2
_17210_,2
_17211_,2
_17212_,2
_17213_,2
_17214_,2
_17215_,2
_17217_,2
_17218_,2
_17220_,2
_17221_,2
_17223_,2
_17224_,2
_17225_,2
_17226_,2
_17227_,2
_17228_,2
_17229_,3
_17231_,2
_17232_,2
_17233_,2
_17235_,2
_17236_,2
_17237_,2
_17238_,2
_17239_,2
_17240_,2
_17241_,2
_17242_,3
_17243_,5
_17244_,2
_17245_,2
_17246_,4
_17248_,2
_17249_,2
_17250_,2
_17251_,2
_17252_,2
_17254_,2
_17255_,2
_17256_,2
_17257_,2
_17258_,3
_17259_,2
_17261_,2
_17262_,2
_17263_,2
_17264_,2
_17266_,2
_17268_,2
_17269_,2
_17270_,2
_17271_,2
_17272_,2
_17273_,2
_17274_,2
_17275_,2
_17276_,2
_17277_,3
_17278_,3
_17279_,2
_17280_,5
_17281_,2
_17282_,3
_17283_,4
_17284_,2
_17287_,5
_17288_,2
_17289_,3
_17290_,5
_17291_,2
_17292_,2
_17294_,2
_17295_,3
_17296_,2
_17297_,2
_17298_,4
_17299_,3
_17300_,2
_17301_,5
_17302_,2
_17303_,2
_17304_,2
_17305_,2
_17306_,3
_17307_,4
_17308_,3
_17310_,2
_17311_,5
_17312_,4
_17315_,2
_17317_,2
_17318_,3
_17319_,3
_17320_,2
_17321_,2
_17322_,2
_17323_,2
_17324_,3
_17325_,2
_17326_,2
_17327_,2
_17328_,2
_17329_,3
_17330_,3
_17331_,3
_17334_,3
_17335_,2
_17337_,8
_17339_,3
_17340_,2
_17342_,3
_17343_,5
_17344_,2
_17345_,2
_17346_,2
_17347_,2
_17348_,2
_17349_,2
_17350_,2
_17351_,2
_17352_,2
_17353_,2
_17354_,2
_17355_,2
_17356_,2
_17357_,2
_17358_,2
_17359_,2
_17360_,2
_17361_,2
_17362_,2
_17363_,4
_17364_,2
_17366_,3
_17370_,2
_17371_,2
_17372_,2
_17373_,3
_17374_,2
_17375_,2
_17376_,2
_17377_,2
_17378_,2
_17379_,2
_17380_,3
_17381_,2
_17382_,2
_17383_,2
_17384_,2
_17385_,2
_17386_,2
_17387_,2
_17388_,2
_17389_,2
_17390_,2
_17391_,2
_17392_,3
_17393_,2
_17394_,2
_17395_,2
_17396_,2
_17397_,2
_17398_,2
_17399_,2
_17400_,2
_17401_,2
_17402_,2
_17403_,2
_17404_,2
_17405_,2
_17406_,2
_17407_,2
_17409_,2
_17410_,2
_17411_,2
_17412_,4
_17414_,4
_17415_,2
_17416_,4
_17417_,2
_17418_,2
_17419_,2
_17420_,2
_17421_,2
_17422_,2
_17424_,2
_17425_,2
_17426_,2
_17427_,2
_17428_,2
_17429_,2
_17430_,2
_17431_,2
_17432_,2
_17433_,2
_17434_,2
_17435_,2
_17436_,2
_17437_,2
_17438_,2
_17439_,8
_17440_,2
_17441_,2
_17442_,2
_17443_,2
_17444_,2
_17445_,2
_17446_,2
_17447_,2
_17448_,2
_17451_,2
_17452_,2
_17453_,2
_17455_,2
_17456_,2
_17457_,2
_17458_,2
_17459_,2
_17460_,2
_17461_,2
_17462_,2
_17463_,5
_17464_,9
_17466_,2
_17467_,2
_17468_,2
_17469_,2
_17470_,2
_17471_,2
_17472_,2
_17473_,2
_17474_,2
_17475_,3
_17477_,3
_17479_,2
_17480_,3
_17481_,4
_17484_,2
_17485_,4
_17486_,2
_17487_,2
_17488_,2
_17489_,3
_17490_,3
_17491_,2
_17492_,3
_17493_,4
_17494_,2
_17497_,2
_17498_,2
_17499_,3
_17500_,2
_17501_,2
_17502_,2
_17503_,2
_17504_,2
_17507_,2
_17508_,2
_17509_,2
_17511_,2
_17513_,3
_17514_,2
_17515_,2
_17516_,2
_17517_,2
_17518_,2
_17520_,2
_17521_,2
_17522_,2
_17523_,2
_17524_,2
_17525_,3
_17528_,2
_17529_,2
_17530_,4
_17531_,2
_17532_,2
_17533_,4
_17534_,2
_17535_,2
_17536_,2
_17537_,3
_17538_,2
_17539_,3
_17544_,3
_17545_,4
_17548_,2
_17549_,2
_17551_,2
_17552_,2
_17553_,2
_17555_,2
_17556_,2
_17557_,2
_17558_,2
_17560_,4
_17562_,2
_17563_,2
_17566_,2
_17567_,2
_17568_,2
_17569_,2
_17570_,2
_17571_,2
_17572_,2
_17573_,2
_17574_,2
_17575_,2
_17576_,2
_17577_,2
_17579_,2
_17580_,2
_17581_,2
_17582_,2
_17583_,2
_17584_,2
_17588_,2
_17589_,2
_17592_,2
_17594_,2
_17595_,2
_17596_,2
_17597_,2
_17598_,2
_17599_,6
_17601_,2
_17602_,2
_17603_,2
_17605_,2
_17606_,2
_17607_,2
_17608_,2
_17609_,2
_17610_,2
_17611_,2
_17612_,2
_17613_,2
_17614_,2
_17616_,2
_17617_,2
_17618_,2
_17619_,2
_17622_,2
_17623_,3
_17625_,2
_17626_,2
_17627_,2
_17628_,2
_17629_,2
_17630_,2
_17631_,2
_17632_,2
_17633_,2
_17634_,2
_17635_,2
_17636_,2
_17637_,2
_17638_,2
_17639_,2
_17640_,2
_17641_,2
_17642_,2
_17643_,2
_17644_,2
_17645_,3
_17646_,2
_17647_,2
_17648_,3
_17649_,3
_17650_,3
_17653_,2
_17654_,2
_17655_,2
_17656_,2
_17657_,2
_17658_,2
_17659_,2
_17660_,2
_17661_,2
_17662_,2
_17663_,2
_17664_,2
_17665_,2
_17666_,2
_17667_,2
_17668_,2
_17669_,2
_17673_,2
_17675_,2
_17676_,2
_17678_,2
_17679_,2
_17680_,2
_17681_,2
_17682_,2
_17683_,2
_17684_,2
_17686_,2
_17687_,2
_17688_,2
_17689_,2
_17690_,2
_17691_,2
_17692_,2
_17693_,2
_17694_,2
_17695_,2
_17697_,2
_17700_,2
_17702_,2
_17703_,2
_17704_,2
_17706_,2
_17707_,2
_17708_,2
_17710_,2
_17711_,2
_17713_,2
_17714_,2
_17715_,2
_17716_,2
_17717_,3
_17718_,2
_17719_,5
_17721_,2
_17723_,2
_17725_,3
_17726_,2
_17727_,2
_17728_,2
_17729_,2
_17730_,3
_17731_,4
_17732_,3
_17733_,5
_17734_,2
_17736_,3
_17737_,2
_17738_,2
_17739_,2
_17740_,2
_17741_,2
_17742_,2
_17743_,2
_17744_,2
_17745_,2
_17746_,2
_17747_,2
_17748_,2
_17749_,2
_17750_,2
_17751_,2
_17752_,2
_17753_,2
_17754_,2
_17755_,2
_17756_,2
_17757_,2
_17758_,2
_17760_,2
_17761_,2
_17762_,2
_17763_,2
_17764_,5
_17765_,2
_17766_,2
_17767_,2
_17768_,2
_17769_,2
_17770_,2
_17771_,2
_17772_,2
_17773_,2
_17774_,2
_17775_,2
_17776_,2
_17777_,4
_17778_,5
_17780_,2
_17782_,3
_17783_,4
_17784_,3
_17785_,2
_17786_,2
_17787_,5
_17788_,3
_17789_,2
_17790_,3
_17791_,2
_17792_,4
_17793_,3
_17794_,3
_17795_,3
_17796_,3
_17797_,2
_17798_,3
_17799_,3
_17800_,3
_17801_,3
_17802_,2
_17803_,3
_17804_,3
_17805_,3
_17806_,3
_17807_,3
_17808_,3
_17809_,3
_17810_,3
_17811_,3
_17812_,3
_17813_,5
_17814_,2
_17815_,4
_17816_,4
_17817_,4
_17818_,2
_17819_,3
_17820_,3
_17821_,2
_17822_,3
_17823_,3
_17824_,3
_17825_,3
_17826_,2
_17827_,3
_17828_,2
_17829_,3
_17830_,2
_17831_,3
_17832_,4
_17833_,2
_17834_,3
_17835_,2
_17836_,3
_17837_,2
_17838_,2
_17839_,3
_17840_,2
_17841_,2
_17842_,2
_17843_,3
_17844_,3
_17845_,3
_17846_,2
_17847_,3
_17848_,3
_17849_,3
_17850_,3
_17851_,3
_17852_,2
_17853_,3
_17854_,2
_17855_,3
_17856_,2
_17857_,3
_17858_,2
_17859_,3
_17860_,3
_17861_,5
_17862_,3
_17863_,2
_17864_,2
_17865_,2
_17866_,3
_17867_,2
_17868_,3
_17869_,2
_17870_,3
_17871_,2
_17872_,2
_17873_,4
_17874_,3
_17875_,2
_17876_,3
_17877_,2
_17878_,2
_17879_,3
_17880_,3
_17881_,2
_17882_,2
_17883_,3
_17884_,4
_17885_,2
_17886_,4
_17887_,2
_17888_,2
_17889_,4
_17890_,2
_17891_,4
_17892_,2
_17893_,4
_17894_,2
_17895_,2
_17896_,4
_17897_,2
_17898_,4
_17899_,2
_17900_,2
_17901_,4
_17902_,2
_17903_,4
_17904_,2
_17905_,4
_17906_,3
_17907_,2
_17908_,2
_17909_,2
_17910_,3
_17911_,2
_17912_,2
_17913_,4
_17914_,2
_17915_,2
_17916_,3
_17917_,2
_17918_,2
_17919_,2
_17920_,2
_17921_,2
_17922_,3
_17923_,2
_17924_,2
_17925_,3
_17926_,2
_17927_,3
_17928_,3
_17929_,4
_17930_,2
_17931_,2
_17932_,3
_17933_,2
_17934_,2
_17935_,2
_17936_,2
_17937_,3
_17938_,2
_17939_,3
_17940_,3
_17941_,3
_17942_,2
_17943_,2
_17944_,2
_17945_,3
_17946_,2
_17947_,4
_17948_,2
_17949_,4
_17950_,2
_17951_,2
_17952_,2
_17953_,4
_17954_,2
_17955_,2
_17956_,2
_17957_,2
_17959_,2
_17960_,2
_17961_,2
_17962_,2
_17963_,2
_17964_,2
_17965_,2
_17966_,2
_17967_,2
_17968_,2
_17969_,2
_17970_,2
_17971_,2
_17972_,2
_17973_,4
_17974_,2
_17975_,2
_17976_,2
_17977_,2
_17978_,2
_17979_,2
_17980_,2
_17981_,2
_17982_,2
_17983_,2
_17984_,2
_17985_,2
_17986_,2
_17987_,2
_17988_,2
_17989_,2
_17990_,2
_17991_,2
_17992_,2
_17993_,2
_17994_,2
_17995_,2
_17996_,2
_17997_,2
_17998_,4
_17999_,2
_18000_,2
_18001_,2
_18003_,2
_18004_,2
_18005_,2
_18006_,2
_18007_,2
_18008_,2
_18009_,3
_18010_,3
_18011_,3
_18012_,4
_18013_,2
_18014_,3
_18015_,5
_18016_,3
_18017_,2
_18018_,2
_18019_,2
_18020_,3
_18021_,2
_18022_,2
_18023_,2
_18024_,2
_18025_,2
_18026_,2
_18027_,2
_18028_,2
_18029_,2
_18030_,2
_18031_,2
_18032_,2
_18033_,2
_18034_,2
_18035_,2
_18036_,2
_18037_,2
_18038_,2
_18039_,2
_18040_,2
_18042_,2
_18043_,2
_18044_,2
_18045_,2
_18046_,2
_18047_,2
_18048_,2
_18049_,2
_18050_,2
_18051_,2
_18052_,2
_18053_,2
_18054_,2
_18055_,2
_18056_,2
_18057_,2
_18058_,2
_18059_,2
_18060_,2
_18061_,2
_18062_,2
_18063_,4
_18064_,3
_18065_,2
_18066_,2
_18067_,2
_18068_,2
_18069_,2
_18070_,5
_18071_,4
_18072_,3
_18073_,2
_18074_,2
_18075_,2
_18076_,2
_18077_,2
_18078_,2
_18080_,2
_18081_,2
_18082_,3
_18083_,3
_18084_,3
_18085_,2
_18086_,2
_18087_,3
_18088_,2
_18090_,2
_18091_,2
_18092_,2
_18094_,2
_18095_,2
_18096_,2
_18097_,2
_18098_,2
_18100_,2
_18101_,2
_18102_,2
_18103_,2
_18104_,2
_18105_,2
_18106_,2
_18107_,2
_18108_,2
_18110_,2
_18111_,2
_18112_,2
_18113_,2
_18114_,2
_18115_,2
_18116_,2
_18117_,2
_18118_,2
_18119_,2
_18120_,2
_18121_,2
_18122_,2
_18123_,2
_18124_,2
_18125_,2
_18126_,2
_18127_,2
_18128_,2
_18129_,2
_18130_,2
_18131_,2
_18132_,2
_18133_,2
_18134_,2
_18135_,2
_18136_,2
_18137_,2
_18138_,2
_18139_,2
_18140_,2
_18141_,2
_18142_,2
_18143_,2
_18144_,2
_18145_,2
_18146_,2
_18147_,2
_18148_,2
_18149_,2
_18150_,2
_18151_,2
_18152_,2
_18153_,4
_18154_,2
_18155_,2
_18156_,2
_18157_,2
_18158_,2
_18159_,2
_18160_,2
_18161_,2
_18162_,2
_18163_,2
_18164_,2
_18165_,2
_18166_,2
_18167_,3
_18168_,2
_18169_,2
_18170_,2
_18171_,2
_18172_,2
_18173_,5
_18174_,2
_18175_,2
_18176_,2
_18177_,2
_18178_,2
_18179_,2
_18180_,3
_18181_,3
_18182_,3
_18183_,3
_18184_,2
_18185_,5
_18186_,2
_18187_,2
_18188_,6
_18189_,8
_18190_,2
_18191_,2
_18192_,2
_18193_,2
_18194_,2
_18195_,2
_18196_,2
_18197_,2
_18198_,2
_18199_,2
_18200_,2
_18201_,2
_18202_,2
_18203_,2
_18204_,2
_18205_,2
_18206_,2
_18207_,2
_18208_,2
_18209_,2
_18210_,2
_18211_,2
_18212_,2
_18213_,2
_18214_,2
_18215_,2
_18216_,2
_18217_,2
_18218_,2
_18219_,2
_18220_,2
_18221_,2
_18222_,2
_18223_,2
_18224_,2
_18225_,2
_18226_,2
_18227_,2
_18228_,2
_18229_,2
_18230_,2
_18231_,3
_18232_,2
_18233_,2
_18234_,2
_18235_,2
_18236_,2
_18237_,2
_18238_,2
_18239_,2
_18240_,2
_18241_,2
_18242_,2
_18243_,2
_18244_,2
_18245_,2
_18246_,2
_18247_,2
_18248_,2
_18249_,2
_18250_,2
_18251_,2
_18252_,2
_18253_,2
_18254_,2
_18255_,2
_18256_,2
_18257_,2
_18258_,2
_18259_,2
_18260_,2
_18261_,2
_18262_,2
_18263_,3
_18264_,2
_18265_,2
_18266_,2
_18267_,2
_18268_,2
_18269_,2
_18270_,2
_18271_,2
_18272_,2
_18273_,2
_18274_,2
_18275_,4
_18276_,3
_18277_,3
_18278_,3
_18279_,3
_18280_,3
_18281_,2
_18282_,4
_18283_,2
_18285_,2
_18286_,2
_18287_,2
_18288_,7
_18289_,2
_18290_,4
_18291_,2
_18292_,2
_18293_,7
_18294_,2
_18295_,2
_18296_,3
_18297_,3
_18298_,2
_18299_,3
_18300_,2
_18301_,2
_18302_,2
_18303_,2
_18304_,2
_18305_,2
_18306_,2
_18307_,2
_18309_,2
_18310_,2
_18311_,2
_18312_,2
_18313_,2
_18314_,2
_18315_,2
_18316_,2
_18317_,2
_18318_,2
_18319_,2
_18320_,2
_18321_,2
_18322_,2
_18323_,2
_18324_,2
_18325_,2
_18326_,2
_18327_,2
_18328_,2
_18329_,2
_18330_,2
_18331_,2
_18332_,2
_18333_,2
_18334_,2
_18335_,2
_18336_,2
_18337_,2
_18338_,3
_18339_,2
_18340_,2
_18341_,2
_18342_,2
_18343_,2
_18344_,2
_18345_,2
_18347_,2
_18348_,2
_18349_,2
_18350_,2
_18351_,2
_18352_,2
_18353_,2
_18354_,2
_18355_,2
_18356_,2
_18357_,2
_18358_,2
_18359_,2
_18360_,2
_18361_,2
_18362_,2
_18363_,2
_18364_,2
_18365_,2
_18366_,2
_18367_,2
_18368_,2
_18369_,2
_18370_,2
_18371_,2
_18372_,2
_18373_,2
_18374_,2
_18375_,2
_18376_,2
_18377_,2
_18378_,2
_18379_,2
_18380_,2
_18382_,2
_18383_,3
_18384_,7
_18385_,2
_18386_,10
_18388_,2
_18389_,2
_18390_,2
_18391_,2
_18392_,2
_18393_,2
_18394_,2
_18395_,2
_18396_,2
_18397_,2
_18398_,2
_18399_,2
_18400_,2
_18401_,2
_18402_,2
_18403_,2
_18405_,2
_18406_,2
_18407_,2
_18408_,2
_18409_,2
_18410_,2
_18411_,2
_18412_,2
_18413_,2
_18414_,2
_18415_,2
_18416_,2
_18417_,2
_18418_,2
_18419_,2
_18420_,2
_18421_,2
_18422_,2
_18423_,2
_18424_,2
_18425_,2
_18426_,2
_18427_,2
_18428_,2
_18429_,2
_18430_,2
_18431_,2
_18432_,2
_18433_,2
_18434_,2
_18435_,2
_18436_,2
_18437_,2
_18438_,2
_18439_,2
_18440_,2
_18441_,2
_18442_,2
_18443_,2
_18444_,2
_18445_,2
_18446_,2
_18447_,2
_18448_,2
_18449_,2
_18450_,2
_18451_,2
_18452_,2
_18453_,2
_18454_,2
_18455_,2
_18456_,2
_18457_,2
_18458_,2
_18459_,2
_18460_,2
_18461_,2
_18462_,2
_18463_,2
_18464_,2
_18465_,2
_18466_,2
_18467_,2
_18468_,2
_18469_,2
_18470_,4
_18471_,3
_18472_,2
_18473_,2
_18474_,2
_18475_,2
_18476_,2
_18477_,2
_18478_,2
_18479_,2
_18480_,2
_18481_,2
_18482_,2
_18483_,2
_18484_,2
_18485_,2
_18486_,2
_18487_,2
_18488_,2
_18489_,2
_18490_,2
_18491_,3
_18492_,2
_18493_,2
_18494_,2
_18495_,2
_18496_,2
_18497_,2
_18498_,2
_18499_,2
_18500_,2
_18501_,2
_18502_,2
_18503_,2
_18504_,2
_18505_,2
_18506_,2
_18507_,2
_18508_,2
_18509_,3
_18510_,2
_18511_,2
_18512_,2
_18513_,2
_18514_,2
_18515_,2
_18516_,2
_18517_,2
_18518_,2
_18519_,2
_18520_,2
_18521_,2
_18522_,2
_18523_,2
_18524_,2
_18525_,2
_18526_,2
_18527_,2
_18528_,2
_18529_,2
_18530_,2
_18531_,2
_18532_,2
_18533_,2
_18534_,2
_18535_,2
_18536_,2
_18537_,2
_18538_,2
_18539_,2
_18540_,2
_18541_,2
_18542_,2
_18543_,2
_18544_,2
_18545_,2
_18546_,2
_18547_,2
_18548_,2
_18549_,2
_18550_,2
_18551_,2
_18552_,2
_18553_,2
_18554_,2
_18555_,2
_18556_,2
_18557_,2
_18558_,2
_18559_,2
_18560_,2
_18561_,2
_18562_,2
_18563_,2
_18564_,2
_18565_,2
_18566_,2
_18567_,2
_18568_,2
_18569_,2
_18570_,2
_18571_,2
_18572_,2
_18573_,2
_18574_,2
_18575_,2
_18576_,2
_18577_,2
_18578_,2
_18579_,2
_18580_,2
_18581_,2
_18582_,2
_18583_,2
_18584_,2
_18585_,2
_18586_,2
_18587_,2
_18588_,2
_18589_,2
_18590_,2
_18591_,2
_18592_,2
_18593_,2
_18594_,2
_18595_,2
_18596_,2
_18597_,5
_18598_,6
_18599_,5
_18600_,6
_18601_,2
_18602_,2
_18603_,2
_18604_,2
_18605_,2
_18606_,2
_18607_,2
_18608_,2
_18609_,2
_18610_,2
_18611_,2
_18612_,2
_18613_,2
_18614_,2
_18615_,2
_18616_,2
_18617_,2
_18618_,2
_18619_,2
_18620_,2
_18621_,2
_18622_,3
_18623_,2
_18624_,2
_18625_,2
_18626_,2
_18627_,2
_18628_,2
_18629_,2
_18630_,2
_18631_,2
_18632_,2
_18633_,2
_18634_,2
_18635_,2
_18636_,2
_18637_,2
_18638_,2
_18639_,2
_18640_,2
_18641_,2
_18642_,2
_18643_,2
_18644_,2
_18645_,2
_18646_,2
_18647_,2
_18648_,2
_18649_,2
_18650_,2
_18651_,2
_18652_,2
_18653_,2
_18654_,2
_18655_,2
_18656_,2
_18657_,2
_18658_,2
_18659_,2
_18660_,3
_18661_,2
_18662_,2
_18663_,2
_18664_,2
_18665_,2
_18666_,2
_18667_,2
_18668_,2
_18669_,2
_18670_,2
_18671_,2
_18672_,2
_18673_,6
_18674_,2
_18675_,2
_18676_,2
_18677_,2
_18678_,2
_18679_,2
_18680_,2
_18681_,2
_18682_,2
_18683_,2
_18684_,2
_18685_,2
_18686_,2
_18687_,2
_18688_,2
_18689_,2
_18690_,2
_18691_,2
_18692_,2
_18693_,2
_18694_,2
_18695_,2
_18696_,2
_18697_,2
_18698_,2
_18699_,2
_18700_,2
_18701_,2
_18702_,2
_18703_,2
_18704_,2
_18705_,2
_18706_,2
_18707_,2
_18708_,2
_18709_,2
_18710_,2
_18711_,2
_18712_,2
_18713_,2
_18714_,2
_18715_,2
_18716_,2
_18717_,2
_18718_,2
_18719_,2
_18720_,2
_18721_,2
_18722_,2
_18723_,2
_18724_,2
_18725_,2
_18726_,2
_18727_,2
_18728_,2
_18729_,2
_18730_,2
_18731_,2
_18732_,2
_18733_,2
_18734_,2
_18735_,2
_18736_,2
_18737_,2
_18738_,2
_18739_,2
_18740_,2
_18741_,2
_18742_,2
_18743_,2
_18744_,2
_18745_,2
_18746_,2
_18747_,2
_18748_,2
_18749_,2
_18750_,2
_18751_,2
_18752_,2
_18753_,2
_18754_,5
_18755_,6
_18756_,2
_18757_,2
_18758_,2
_18759_,2
_18760_,2
_18761_,2
_18762_,2
_18763_,2
_18764_,2
_18765_,2
_18766_,2
_18767_,2
_18768_,2
_18769_,2
_18770_,2
_18771_,2
_18772_,2
_18773_,2
_18774_,2
_18775_,2
_18776_,2
_18777_,2
_18778_,2
_18779_,2
_18780_,2
_18781_,2
_18782_,2
_18783_,2
_18784_,2
_18785_,2
_18786_,2
_18787_,2
_18788_,2
_18789_,2
_18790_,2
_18791_,2
_18792_,2
_18793_,2
_18794_,2
_18795_,2
_18796_,2
_18797_,2
_18798_,2
_18799_,2
_18800_,2
_18801_,2
_18802_,2
_18803_,2
_18804_,2
_18805_,2
_18806_,2
_18807_,2
_18808_,2
_18809_,2
_18810_,2
_18811_,2
_18812_,2
_18813_,2
_18814_,2
_18815_,2
_18816_,2
_18817_,2
_18818_,3
_18819_,2
_18820_,2
_18821_,2
_18822_,2
_18823_,2
_18824_,2
_18825_,2
_18826_,2
_18827_,2
_18828_,2
_18829_,2
_18830_,2
_18831_,2
_18832_,2
_18833_,2
_18834_,2
_18835_,2
_18836_,2
_18837_,2
_18838_,2
_18839_,2
_18840_,2
_18841_,2
_18842_,2
_18843_,2
_18844_,2
_18845_,2
_18846_,2
_18847_,2
_18848_,2
_18849_,2
_18850_,2
_18851_,2
_18852_,2
_18853_,2
_18854_,2
_18855_,2
_18856_,2
_18857_,2
_18858_,2
_18859_,2
_18860_,2
_18861_,2
_18862_,2
_18863_,2
_18864_,2
_18865_,2
_18866_,2
_18867_,2
_18868_,2
_18869_,2
_18870_,2
_18871_,2
_18872_,2
_18873_,2
_18874_,2
_18875_,2
_18876_,2
_18877_,2
_18878_,2
_18879_,2
_18880_,2
_18881_,2
_18882_,2
_18883_,2
_18884_,2
_18885_,2
_18886_,2
_18887_,2
_18888_,2
_18889_,2
_18890_,2
_18891_,2
_18892_,2
_18893_,2
_18894_,2
_18895_,2
_18896_,2
_18897_,2
_18898_,2
_18899_,2
_18900_,2
_18901_,2
_18902_,2
_18903_,2
_18904_,2
_18905_,2
_18906_,2
_18907_,2
_18908_,2
_18909_,2
_18910_,2
_18911_,2
_18912_,2
_18913_,2
_18914_,2
_18915_,2
_18916_,2
_18917_,2
_18918_,2
_18919_,2
_18920_,2
_18921_,2
_18922_,2
_18923_,2
_18924_,2
_18925_,2
_18926_,2
_18927_,2
_18928_,2
_18929_,2
_18930_,2
_18931_,2
_18932_,2
_18933_,2
_18934_,2
_18935_,2
_18936_,2
_18937_,2
_18938_,2
_18939_,2
_18940_,2
_18941_,2
_18942_,2
_18943_,2
_18944_,2
_18945_,2
_18946_,2
_18947_,2
_18948_,2
_18949_,2
_18950_,2
_18951_,2
_18952_,2
_18953_,2
_18954_,2
_18955_,2
_18956_,2
_18957_,2
_18958_,2
_18959_,2
_18960_,2
_18961_,2
_18962_,2
_18963_,2
_18964_,6
_18965_,2
_18966_,2
_18967_,2
_18968_,2
_18969_,2
_18970_,2
_18971_,2
_18972_,2
_18973_,2
_18974_,2
_18975_,2
_18976_,2
_18977_,2
_18978_,2
_18979_,2
_18980_,2
_18981_,2
_18982_,2
_18983_,2
_18984_,2
_18985_,2
_18986_,2
_18987_,2
_18988_,2
_18989_,2
_18990_,2
_18991_,2
_18992_,2
_18993_,2
_18994_,2
_18995_,2
_18996_,2
_18997_,2
_18998_,2
_18999_,2
_19000_,2
_19001_,2
_19002_,2
_19003_,2
_19004_,2
_19005_,2
_19006_,2
_19007_,2
_19008_,2
_19009_,2
_19010_,2
_19011_,2
_19012_,2
_19013_,2
_19014_,2
_19015_,2
_19016_,2
_19017_,2
_19018_,2
_19019_,2
_19020_,2
_19021_,2
_19022_,2
_19023_,2
_19024_,2
_19025_,2
_19026_,2
_19027_,2
_19028_,2
_19029_,2
_19030_,2
_19031_,2
_19032_,2
_19033_,2
_19034_,2
_19035_,2
_19036_,2
_19037_,2
_19038_,2
_19039_,2
_19040_,2
_19041_,2
_19042_,2
_19043_,2
_19044_,2
_19045_,2
_19046_,2
_19047_,2
_19048_,2
_19049_,2
_19050_,2
_19051_,2
_19052_,2
_19053_,2
_19054_,2
_19055_,2
_19056_,2
_19057_,2
_19058_,2
_19059_,2
_19060_,2
_19061_,2
_19062_,2
_19063_,2
_19064_,2
_19065_,2
_19066_,2
_19067_,2
_19068_,2
_19069_,2
_19070_,2
_19071_,2
_19072_,2
_19073_,2
_19074_,2
_19075_,2
_19076_,2
_19077_,2
_19078_,2
_19079_,2
_19080_,2
_19081_,2
_19082_,2
_19083_,2
_19084_,2
_19085_,2
_19086_,2
_19087_,2
_19088_,2
_19089_,2
_19090_,2
_19091_,2
_19092_,2
_19093_,2
_19094_,2
_19095_,3
_19096_,6
_19097_,2
_19098_,2
_19099_,3
_19100_,2
_19101_,2
_19102_,2
_19103_,2
_19104_,2
_19105_,2
_19106_,2
_19107_,2
_19108_,2
_19109_,2
_19110_,2
_19111_,2
_19112_,2
_19113_,2
_19114_,2
_19115_,2
_19116_,2
_19117_,2
_19118_,2
_19119_,2
_19120_,2
_19121_,2
_19122_,2
_19123_,2
_19124_,2
_19125_,2
_19126_,2
_19127_,2
_19128_,2
_19129_,2
_19130_,2
_19131_,2
_19132_,2
_19133_,2
_19134_,2
_19135_,2
_19136_,2
_19137_,2
_19138_,2
_19139_,2
_19140_,2
_19141_,2
_19142_,2
_19143_,2
_19144_,2
_19145_,2
_19146_,2
_19147_,2
_19148_,2
_19149_,2
_19150_,2
_19151_,2
_19152_,2
_19153_,2
_19154_,2
_19155_,2
_19156_,2
_19157_,2
_19158_,2
_19159_,2
_19160_,2
_19161_,2
_19162_,2
_19163_,2
_19164_,2
_19165_,2
_19166_,2
_19167_,2
_19168_,2
_19169_,2
_19170_,2
_19171_,2
_19172_,2
_19173_,2
_19174_,2
_19175_,2
_19176_,2
_19177_,2
_19178_,2
_19179_,2
_19180_,2
_19181_,2
_19182_,2
_19183_,2
_19184_,2
_19185_,2
_19186_,2
_19187_,2
_19188_,2
_19189_,2
_19190_,2
_19191_,2
_19192_,2
_19193_,2
_19194_,2
_19195_,2
_19196_,2
_19197_,2
_19198_,2
_19199_,2
_19200_,2
_19201_,2
_19202_,2
_19203_,2
_19204_,2
_19205_,2
_19206_,2
_19207_,2
_19208_,2
_19209_,2
_19210_,2
_19211_,2
_19212_,2
_19213_,2
_19214_,2
_19215_,2
_19216_,2
_19217_,2
_19218_,2
_19219_,2
_19220_,2
_19221_,2
_19222_,2
_19223_,2
_19224_,2
_19225_,2
_19226_,2
_19227_,2
_19228_,2
_19229_,2
_19230_,2
_19231_,2
_19232_,2
_19233_,2
_19234_,2
_19235_,2
_19236_,2
_19237_,2
_19238_,2
_19239_,2
_19240_,2
_19241_,2
_19242_,2
_19243_,2
_19244_,2
_19245_,2
_19246_,2
_19247_,2
_19248_,2
_19249_,2
_19250_,2
_19251_,2
_19252_,2
_19253_,2
_19254_,2
_19255_,2
_19256_,2
_19257_,2
_19258_,2
_19259_,2
_19260_,2
_19261_,2
_19262_,2
_19263_,2
_19264_,2
_19265_,2
_19266_,2
_19267_,2
_19268_,2
_19269_,2
_19270_,2
_19271_,2
_19272_,2
_19273_,2
_19274_,2
_19275_,2
_19276_,2
_19277_,2
_19278_,2
_19279_,2
_19280_,2
_19281_,2
_19282_,2
_19283_,2
_19284_,2
_19285_,2
_19286_,2
_19287_,2
_19288_,2
_19289_,2
_19290_,2
_19291_,2
_19292_,2
_19293_,2
_19294_,2
_19295_,2
_19296_,2
_19297_,2
_19298_,2
_19299_,2
_19300_,2
_19301_,2
_19302_,2
_19303_,2
_19304_,2
_19305_,2
_19306_,2
_19307_,2
_19308_,2
_19309_,2
_19310_,2
_19311_,2
_19312_,2
_19313_,2
_19314_,2
_19315_,2
_19316_,2
_19317_,2
_19318_,2
_19319_,2
_19320_,2
_19321_,2
_19322_,2
_19323_,2
_19324_,2
_19325_,2
_19326_,2
_19327_,2
_19328_,2
_19329_,2
_19330_,2
_19331_,2
_19332_,2
_19333_,2
_19334_,2
_19335_,2
_19336_,2
_19337_,2
_19338_,2
_19339_,2
_19340_,2
_19341_,2
_19342_,2
_19343_,2
_19344_,2
_19345_,2
_19346_,2
_19347_,2
_19348_,2
_19349_,2
_19350_,2
_19351_,2
_19352_,2
_19353_,2
_19354_,2
_19355_,2
_19356_,2
_19357_,2
_19358_,2
_19359_,2
_19360_,2
_19361_,2
_19362_,2
_19363_,2
_19364_,2
_19365_,2
_19366_,2
_19367_,2
_19368_,2
_19369_,2
_19370_,2
_19371_,2
_19372_,2
_19373_,2
_19374_,2
_19375_,2
_19376_,2
_19377_,2
_19378_,2
_19379_,2
_19380_,2
_19381_,2
_19382_,2
_19383_,2
_19384_,2
_19385_,2
_19386_,2
_19387_,2
_19388_,2
_19389_,2
_19390_,2
_19391_,2
_19392_,2
_19393_,2
_19394_,2
_19395_,2
_19396_,2
_19397_,2
_19398_,2
_19399_,2
_19400_,2
_19401_,2
_19402_,2
_19403_,2
_19404_,2
_19405_,2
_19406_,2
_19407_,2
_19408_,2
_19409_,2
_19410_,2
_19411_,2
_19412_,2
_19413_,2
_19414_,2
_19415_,2
_19416_,2
_19417_,2
_19418_,2
_19419_,2
_19420_,2
_19421_,2
_19422_,2
_19423_,2
_19424_,2
_19425_,2
_19426_,2
_19427_,2
_19428_,2
_19429_,2
_19430_,2
_19431_,2
_19432_,2
_19433_,2
_19434_,2
_19435_,2
_19436_,2
_19437_,2
_19438_,2
_19439_,2
_19440_,2
_19441_,2
_19442_,2
_19443_,2
_19444_,2
_19445_,2
_19446_,2
_19447_,2
_19448_,2
_19449_,2
_19450_,2
_19451_,2
_19452_,2
_19453_,2
_19454_,2
_19455_,2
_19456_,2
_19457_,2
_19458_,2
_19459_,2
_19460_,2
_19461_,2
_19462_,2
_19463_,2
_19464_,2
_19465_,2
_19466_,2
_19467_,2
_19468_,2
_19469_,2
_19470_,2
_19471_,2
_19472_,2
_19473_,2
_19474_,2
_19475_,2
_19476_,2
_19477_,2
_19478_,2
_19479_,2
_19480_,2
_19481_,2
_19482_,2
_19483_,2
_19484_,2
_19485_,2
_19486_,2
_19487_,2
_19488_,2
_19489_,2
_19490_,2
_19491_,2
_19492_,2
_19493_,2
_19494_,2
_19495_,2
_19496_,2
_19497_,2
_19498_,2
_19499_,2
_19500_,2
_19501_,2
_19502_,2
_19503_,2
_19504_,2
_19505_,2
_19506_,2
_19507_,2
_19508_,2
_19509_,2
_19510_,2
_19511_,2
_19512_,2
_19513_,2
_19514_,2
_19515_,2
_19516_,2
_19517_,2
_19518_,2
_19519_,2
_19520_,2
_19521_,2
_19522_,2
_19523_,2
_19524_,2
_19525_,2
_19526_,2
_19527_,2
_19528_,2
_19529_,2
_19530_,2
_19531_,2
_19532_,2
_19533_,2
_19534_,2
_19535_,2
_19536_,2
_19537_,2
_19538_,2
_19539_,2
_19540_,2
_19541_,2
_19542_,2
_19543_,2
_19544_,2
_19545_,2
_19546_,2
_19547_,2
_19548_,2
_19549_,2
_19550_,2
_19551_,2
_19552_,2
_19553_,2
_19554_,2
_19555_,2
_19556_,2
_19557_,2
_19558_,2
_19559_,2
_19560_,2
_19561_,2
_19562_,2
_19563_,2
_19564_,2
_19565_,2
_19566_,2
_19567_,2
_19568_,2
_19569_,2
_19570_,2
_19571_,2
_19572_,2
_19573_,2
_19574_,2
_19575_,2
_19576_,2
_19577_,2
_19578_,2
_19579_,2
_19580_,2
_19581_,2
_19582_,2
_19583_,2
_19584_,2
_19585_,2
_19586_,2
_19587_,2
_19588_,2
_19589_,2
_19590_,2
_19591_,2
_19592_,2
_19593_,2
_19594_,2
_19595_,2
_19596_,2
_19597_,2
_19598_,2
_19599_,2
_19600_,2
_19601_,2
_19602_,2
_19603_,2
_19604_,2
_19605_,2
_19606_,2
_19607_,2
_19608_,2
_19609_,2
_19610_,2
_19611_,2
_19612_,2
_19613_,2
_19614_,2
_19615_,2
_19616_,2
_19617_,2
_19618_,2
_19619_,2
_19620_,2
_19621_,2
_19622_,2
_19623_,2
_19624_,2
_19625_,6
_19626_,2
_19627_,2
_19628_,2
_19629_,2
_19630_,2
_19631_,2
_19632_,2
_19633_,2
_19634_,2
_19635_,2
_19636_,2
_19637_,2
_19638_,2
_19639_,2
_19640_,2
_19641_,2
_19642_,2
_19643_,2
_19644_,2
_19645_,2
_19646_,2
_19647_,2
_19648_,2
_19649_,2
_19650_,2
_19651_,2
_19652_,2
_19653_,2
_19654_,2
_19655_,2
_19656_,2
_19657_,2
_19658_,2
_19659_,2
_19660_,2
_19661_,5
_19662_,6
_19663_,2
_19664_,2
_19665_,2
_19666_,2
_19667_,2
_19668_,2
_19669_,2
_19670_,2
_19671_,2
_19672_,2
_19673_,2
_19674_,2
_19675_,2
_19676_,2
_19677_,2
_19678_,2
_19679_,2
_19680_,2
_19681_,2
_19682_,2
_19683_,2
_19684_,2
_19685_,2
_19686_,2
_19687_,2
_19688_,2
_19689_,2
_19690_,2
_19691_,2
_19692_,2
_19693_,2
_19694_,2
_19695_,2
_19696_,2
_19697_,2
_19698_,2
_19699_,2
_19700_,2
_19701_,2
_19702_,2
_19703_,2
_19704_,2
_19705_,2
_19706_,2
_19707_,2
_19708_,2
_19709_,2
_19710_,2
_19711_,2
_19712_,2
_19713_,2
_19714_,2
_19715_,2
_19716_,2
_19717_,2
_19718_,2
_19719_,2
_19720_,2
_19721_,2
_19722_,2
_19723_,2
_19724_,2
_19725_,2
_19726_,2
_19727_,2
_19728_,2
_19729_,2
_19730_,2
_19731_,2
_19732_,2
_19733_,2
_19734_,2
_19735_,2
_19736_,2
_19737_,2
_19738_,2
_19739_,2
_19740_,2
_19741_,2
_19742_,2
_19743_,2
_19744_,2
_19745_,2
_19746_,2
_19747_,2
_19748_,2
_19749_,2
_19750_,2
_19751_,2
_19752_,2
_19753_,2
_19754_,2
_19755_,2
_19756_,2
_19757_,2
_19758_,2
_19759_,2
_19760_,2
_19761_,2
_19762_,2
_19763_,2
_19764_,2
_19765_,2
_19766_,2
_19767_,2
_19768_,2
_19769_,2
_19770_,2
_19771_,2
_19772_,2
_19773_,2
_19774_,2
_19775_,2
_19776_,2
_19777_,2
_19778_,2
_19779_,2
_19780_,2
_19781_,2
_19782_,2
_19783_,2
_19784_,2
_19785_,2
_19786_,2
_19787_,2
_19788_,2
_19789_,2
_19790_,2
_19791_,2
_19792_,2
_19793_,2
_19794_,2
_19795_,2
_19796_,2
_19797_,2
_19798_,2
_19799_,2
_19800_,2
_19801_,2
_19802_,2
_19803_,2
_19804_,2
_19805_,2
_19806_,2
_19807_,2
_19808_,2
_19809_,2
_19810_,2
_19811_,2
_19812_,2
_19813_,2
_19814_,2
_19815_,2
_19816_,2
_19817_,2
_19818_,2
_19819_,2
_19820_,2
_19821_,2
_19822_,2
_19823_,2
_19824_,2
_19825_,2
_19826_,2
_19827_,2
_19828_,2
_19829_,2
_19830_,2
_19831_,2
_19832_,2
_19833_,2
_19834_,2
_19835_,2
_19836_,2
_19837_,2
_19838_,2
_19839_,2
_19840_,2
_19841_,2
_19842_,2
_19843_,2
_19844_,2
_19845_,2
_19846_,2
_19847_,2
_19848_,2
_19849_,2
_19850_,2
_19851_,2
_19852_,2
_19853_,2
_19854_,2
_19855_,2
_19856_,2
_19857_,2
_19858_,2
_19859_,2
_19860_,2
_19861_,2
_19862_,2
_19863_,2
_19864_,2
_19865_,2
_19866_,2
_19867_,2
_19868_,2
_19869_,2
_19870_,2
_19871_,2
_19872_,2
_19873_,2
_19874_,2
_19875_,2
_19876_,2
_19877_,2
_19878_,2
_19879_,2
_19880_,2
_19881_,2
_19882_,2
_19883_,2
_19884_,2
_19885_,2
_19886_,2
_19887_,2
_19888_,2
_19889_,2
_19890_,2
_19891_,2
_19892_,2
_19893_,2
_19894_,2
_19895_,2
_19896_,2
_19897_,2
_19898_,2
_19899_,2
_19900_,2
_19901_,2
_19902_,2
_19903_,2
_19904_,2
_19905_,2
_19906_,2
_19907_,2
_19908_,2
_19909_,2
_19910_,2
_19911_,2
_19912_,2
_19913_,2
_19914_,2
_19915_,2
_19916_,2
_19917_,2
_19918_,2
_19919_,2
_19920_,2
_19921_,2
_19922_,2
_19923_,2
_19924_,2
_19925_,2
_19926_,2
_19927_,2
_19928_,2
_19929_,2
_19930_,2
_19931_,2
_19932_,2
_19933_,2
_19934_,2
_19935_,2
_19936_,2
_19937_,2
_19938_,2
_19939_,2
_19940_,2
_19941_,2
_19942_,2
_19943_,2
_19944_,2
_19945_,2
_19946_,2
_19947_,2
_19948_,2
_19949_,2
_19950_,2
_19951_,2
_19952_,2
_19953_,2
_19954_,2
_19955_,2
_19956_,2
_19957_,2
_19958_,2
_19959_,2
_19960_,2
_19961_,2
_19962_,2
_19963_,2
_19964_,2
_19965_,2
_19966_,2
_19967_,2
_19968_,2
_19969_,2
_19970_,2
_19971_,2
_19972_,2
_19973_,2
_19974_,2
_19975_,2
_19976_,2
_19977_,2
_19978_,2
_19979_,2
_19980_,2
_19981_,2
_19982_,2
_19983_,2
_19984_,2
_19985_,2
_19986_,2
_19987_,2
_19988_,2
_19989_,2
_19990_,2
_19991_,2
_19992_,2
_19993_,2
_19994_,2
_19995_,2
_19996_,2
_19997_,2
_19998_,2
_19999_,2
_20000_,2
_20001_,2
_20002_,2
_20003_,2
_20004_,2
_20005_,2
_20006_,2
_20007_,2
_20008_,2
_20009_,2
_20010_,2
_20011_,2
_20012_,2
_20013_,2
_20014_,2
_20015_,2
_20016_,2
_20017_,2
_20018_,2
_20019_,2
_20020_,2
_20021_,2
_20022_,2
_20023_,2
_20024_,2
_20025_,2
_20026_,2
_20027_,2
_20028_,2
_20029_,2
_20030_,2
_20031_,2
_20032_,2
_20033_,2
_20034_,2
_20035_,2
_20036_,2
_20037_,2
_20038_,2
_20039_,2
_20040_,2
_20041_,2
_20042_,2
_20043_,2
_20044_,2
_20045_,2
_20046_,2
_20047_,2
_20048_,2
_20049_,2
_20050_,2
_20051_,2
_20052_,2
_20053_,2
_20054_,2
_20055_,2
_20056_,2
_20057_,2
_20058_,2
_20059_,2
_20060_,2
_20061_,2
_20062_,2
_20063_,2
_20064_,2
_20065_,2
_20066_,2
_20067_,2
_20068_,2
_20069_,2
_20070_,2
_20071_,2
_20072_,2
_20073_,2
_20074_,2
_20075_,2
_20076_,2
_20077_,2
_20078_,2
_20079_,2
_20080_,2
_20081_,2
_20082_,2
_20083_,2
_20084_,2
_20085_,2
_20086_,2
_20087_,2
_20088_,2
_20089_,2
_20090_,2
_20091_,2
_20092_,2
_20093_,2
_20094_,2
_20095_,2
_20096_,2
_20097_,2
_20098_,2
_20099_,2
_20100_,2
_20101_,2
_20102_,2
_20103_,2
_20104_,2
_20105_,2
_20106_,2
_20107_,2
_20108_,2
_20109_,2
_20110_,2
_20111_,2
_20112_,2
_20113_,2
_20114_,2
_20115_,2
_20116_,2
_20117_,2
_20118_,2
_20119_,2
_20120_,2
_20121_,2
_20122_,2
_20123_,2
_20124_,2
_20125_,2
_20126_,2
_20127_,2
_20128_,2
_20129_,2
_20130_,2
_20131_,2
_20132_,2
_20133_,2
_20134_,2
_20135_,2
_20136_,2
_20137_,2
_20138_,2
_20139_,2
_20140_,2
_20141_,2
_20142_,2
_20143_,2
_20144_,2
_20145_,2
_20146_,2
_20147_,2
_20148_,2
_20149_,2
_20150_,2
_20151_,2
_20152_,2
_20153_,2
_20154_,2
_20155_,2
_20156_,2
_20157_,2
_20158_,2
_20159_,2
_20160_,2
_20161_,2
_20162_,2
_20163_,2
_20164_,2
_20165_,2
_20166_,2
_20167_,2
_20168_,2
_20169_,2
_20170_,2
_20171_,2
_20172_,2
_20173_,2
_20174_,2
_20175_,2
_20176_,2
_20177_,2
_20178_,2
_20179_,2
_20180_,2
_20181_,2
_20182_,2
_20183_,2
_20184_,2
_20185_,2
_20186_,2
_20187_,2
_20188_,2
_20189_,2
_20190_,2
_20191_,2
_20192_,2
_20193_,2
_20194_,2
_20195_,2
_20196_,2
_20197_,2
_20198_,2
_20199_,2
_20200_,2
_20201_,2
_20202_,2
_20203_,2
_20204_,2
_20205_,2
_20206_,2
_20207_,2
_20208_,2
_20209_,2
_20210_,2
_20211_,2
_20212_,2
_20213_,2
_20214_,2
_20215_,2
_20216_,2
_20217_,2
_20218_,2
_20219_,2
_20220_,2
_20221_,2
_20222_,2
_20223_,2
_20224_,2
_20225_,2
_20226_,2
_20227_,2
_20228_,2
_20229_,2
_20230_,2
_20231_,2
_20232_,2
_20233_,2
_20234_,2
_20235_,2
_20236_,2
_20237_,2
_20238_,2
_20239_,2
_20240_,2
_20241_,2
_20242_,2
_20243_,2
_20244_,2
_20245_,2
_20246_,2
_20247_,2
_20248_,2
_20249_,2
_20250_,2
_20251_,3
_20252_,3
_20253_,2
_20254_,2
_20255_,2
_20256_,2
_20257_,2
_20258_,2
_20259_,2
_20260_,2
_20261_,2
_20262_,2
_20263_,2
_20264_,2
_20265_,2
_20266_,2
_20267_,2
_20268_,2
_20269_,2
_20270_,2
_20271_,2
_20272_,2
_20273_,2
_20274_,2
_20275_,2
_20276_,2
_20277_,2
_20278_,2
_20279_,2
_20280_,2
_20281_,2
_20282_,2
_20283_,2
_20284_,2
_20285_,2
_20286_,2
_20287_,2
_20288_,2
_20289_,2
_20290_,2
_20291_,2
_20292_,2
_20293_,2
_20294_,2
_20295_,2
_20296_,2
_20297_,2
_20298_,2
_20299_,2
_20300_,2
_20301_,2
_20302_,2
_20303_,2
_20304_,2
_20305_,2
_20306_,2
_20307_,2
_20308_,2
_20309_,2
_20310_,2
_20311_,2
_20312_,2
_20313_,2
_20314_,2
_20315_,2
_20316_,2
_20317_,2
_20318_,2
_20319_,2
_20320_,2
_20321_,2
_20322_,2
_20323_,2
_20324_,2
_20325_,2
_20326_,2
_20327_,2
_20328_,2
_20329_,2
_20330_,2
_20331_,2
_20332_,2
_20333_,2
_20334_,2
_20335_,2
_20336_,2
_20337_,2
_20338_,2
_20339_,2
_20340_,2
_20341_,2
_20342_,2
_20343_,2
_20344_,2
_20345_,2
_20346_,2
_20347_,2
_20348_,2
_20349_,2
_20350_,2
_20351_,2
_20352_,2
_20353_,2
_20354_,2
_20355_,2
_20356_,2
_20357_,2
_20358_,2
_20359_,2
_20360_,2
_20361_,2
_20362_,2
_20363_,2
_20364_,2
_20365_,2
_20366_,2
_20367_,2
_20368_,2
_20369_,2
_20370_,2
_20371_,2
_20372_,2
_20373_,2
_20374_,2
_20375_,2
_20376_,2
_20377_,2
_20378_,2
_20379_,2
_20380_,2
_20381_,2
_20382_,2
_20383_,2
_20384_,2
_20385_,2
_20386_,2
_20387_,3
_20388_,2
_20389_,2
_20390_,2
_20391_,2
_20392_,2
_20393_,2
_20394_,2
_20395_,2
_20396_,2
_20397_,2
_20398_,2
_20399_,2
_20400_,2
_20401_,2
_20402_,2
_20403_,2
_20404_,2
_20405_,2
_20406_,2
_20407_,2
_20408_,2
_20409_,2
_20410_,2
_20411_,2
_20412_,2
_20413_,2
_20414_,2
_20415_,2
_20416_,2
_20417_,2
_20418_,2
_20419_,2
_20420_,2
_20421_,2
_20422_,2
_20423_,2
_20424_,2
_20425_,2
_20426_,2
_20427_,2
_20428_,2
_20429_,2
_20430_,2
_20431_,2
_20432_,2
_20433_,2
_20434_,2
_20435_,2
_20436_,2
_20437_,2
_20438_,2
_20439_,2
_20440_,2
_20441_,2
_20442_,2
_20443_,2
_20444_,2
_20445_,2
_20446_,2
_20447_,2
_20448_,2
_20449_,2
_20450_,2
_20451_,2
_20452_,2
_20453_,2
_20454_,2
_20455_,2
_20456_,2
_20457_,2
_20458_,2
_20459_,2
_20460_,2
_20461_,2
_20462_,2
_20463_,2
_20464_,2
_20465_,2
_20466_,2
_20467_,2
_20468_,2
_20469_,2
_20470_,2
_20471_,2
_20472_,2
_20473_,2
_20474_,2
_20475_,2
_20476_,2
_20477_,2
_20478_,2
_20479_,2
_20480_,2
_20481_,2
_20482_,2
_20483_,2
_20484_,2
_20485_,2
_20486_,2
_20487_,2
_20488_,2
_20489_,2
_20490_,2
_20491_,2
_20492_,2
_20493_,2
_20494_,2
_20495_,2
_20496_,2
_20497_,2
_20498_,2
_20499_,2
_20500_,2
_20501_,2
_20502_,2
_20503_,2
_20504_,2
_20505_,2
_20506_,2
_20507_,2
_20508_,2
_20509_,2
_20510_,2
_20511_,2
_20512_,2
_20513_,2
_20514_,2
_20515_,2
_20516_,2
_20517_,2
_20518_,2
_20519_,2
_20520_,2
_20521_,2
_20522_,2
_20523_,2
_20524_,2
_20525_,2
_20526_,2
_20527_,2
_20528_,2
_20529_,2
_20530_,2
_20531_,2
_20532_,2
_20533_,2
_20534_,2
_20535_,2
_20536_,2
_20537_,2
_20538_,2
_20539_,2
_20540_,2
_20541_,2
_20542_,2
_20543_,2
_20544_,2
_20545_,2
_20546_,2
_20547_,2
_20548_,2
_20549_,2
_20550_,2
_20551_,2
_20552_,2
_20553_,2
_20554_,2
_20555_,2
_20556_,2
_20557_,2
_20558_,2
_20559_,2
_20560_,2
_20561_,2
_20562_,2
_20563_,2
_20564_,2
_20565_,2
_20566_,2
_20567_,2
_20568_,2
_20569_,2
_20570_,2
_20571_,2
_20572_,2
_20573_,2
_20574_,2
_20575_,2
_20576_,2
_20577_,2
_20578_,2
_20579_,2
_20580_,2
_20581_,2
_20582_,2
_20583_,2
_20584_,2
_20585_,2
_20586_,2
_20587_,2
_20588_,2
_20589_,2
_20590_,2
_20591_,2
_20592_,2
_20593_,2
_20594_,2
_20595_,2
_20596_,2
_20597_,2
_20598_,2
_20599_,2
_20600_,2
_20601_,2
_20602_,2
_20603_,2
_20604_,2
_20605_,2
_20606_,2
_20607_,2
_20608_,2
_20609_,2
_20610_,2
_20611_,2
_20612_,2
_20613_,2
_20614_,2
_20615_,2
_20616_,2
_20617_,2
_20618_,2
_20619_,2
_20620_,2
_20621_,2
_20622_,2
_20623_,2
_20624_,2
_20625_,2
_20626_,2
_20627_,2
_20628_,2
_20629_,2
_20630_,2
_20631_,2
_20632_,2
_20633_,2
_20634_,2
_20635_,2
_20636_,2
_20637_,2
_20638_,2
_20639_,2
_20640_,2
_20641_,2
_20642_,2
_20643_,2
_20644_,2
_20645_,2
_20646_,2
_20647_,2
_20648_,2
_20649_,2
_20650_,2
_20651_,2
_20652_,2
_20653_,2
_20654_,2
_20655_,2
_20656_,2
_20657_,2
_20658_,2
_20659_,2
_20660_,2
_20661_,2
_20662_,2
_20663_,2
_20664_,2
_20665_,2
_20666_,2
_20667_,2
_20668_,2
_20669_,2
_20670_,2
_20671_,2
_20672_,2
_20673_,2
_20674_,2
_20675_,2
_20676_,2
_20677_,2
_20678_,2
_20679_,2
_20680_,2
_20681_,2
_20682_,2
_20683_,2
_20684_,2
_20685_,2
_20686_,2
_20687_,2
_20688_,2
_20689_,2
_20690_,2
_20691_,2
_20692_,2
_20693_,2
_20694_,2
_20695_,2
_20696_,2
_20697_,2
_20698_,2
_20699_,2
_20700_,2
_20701_,2
_20702_,2
_20703_,2
_20704_,2
_20705_,2
_20706_,2
_20707_,2
_20708_,2
_20709_,2
_20710_,2
_20711_,2
_20712_,2
_20713_,2
_20714_,2
_20715_,2
_20716_,2
_20717_,2
_20718_,2
_20719_,2
_20720_,2
_20721_,2
_20722_,2
_20723_,2
_20724_,2
_20725_,2
_20726_,2
_20727_,2
_20728_,2
_20729_,2
_20730_,2
_20731_,2
_20732_,2
_20733_,2
_20734_,2
_20735_,2
_20736_,2
_20737_,2
_20738_,2
_20739_,2
_20740_,2
_20741_,2
_20742_,2
_20743_,2
_20744_,2
_20745_,2
_20746_,2
_20747_,2
_20748_,2
_20749_,2
_20750_,2
_20751_,2
_20752_,2
_20753_,2
_20754_,2
_20755_,2
_20756_,2
_20757_,2
_20758_,2
_20759_,2
_20760_,2
_20761_,2
_20762_,2
_20763_,2
_20764_,2
_20765_,2
_20766_,2
_20767_,2
_20768_,2
_20769_,2
_20770_,2
_20771_,2
_20772_,2
_20773_,2
_20774_,2
_20775_,2
_20776_,2
_20777_,2
_20778_,2
_20779_,2
_20780_,2
_20781_,2
_20782_,2
_20783_,2
_20784_,2
_20785_,2
_20786_,2
_20787_,2
_20788_,2
_20789_,2
_20790_,2
_20791_,2
_20792_,2
_20793_,2
_20794_,2
_20795_,2
_20796_,2
_20797_,2
_20798_,2
_20799_,2
_20800_,2
_20801_,2
_20802_,2
_20803_,2
_20804_,2
_20805_,2
_20806_,2
_20807_,2
_20808_,2
_20809_,2
_20810_,2
_20811_,2
_20812_,2
_20813_,2
_20814_,2
_20815_,2
_20816_,2
_20817_,2
_20818_,2
_20819_,2
_20820_,2
_20821_,2
_20822_,2
_20823_,2
_20824_,2
_20825_,2
_20826_,2
_20827_,2
_20828_,2
_20829_,2
_20830_,2
_20831_,2
_20832_,2
_20833_,2
_20834_,2
_20835_,2
_20836_,2
_20837_,2
_20838_,2
_20839_,2
_20840_,2
_20841_,2
_20842_,2
_20843_,2
_20844_,2
_20845_,2
_20846_,2
_20847_,2
_20848_,2
_20849_,2
_20850_,2
_20851_,2
_20852_,2
_20853_,2
_20854_,2
_20855_,2
_20856_,2
_20857_,2
_20858_,2
_20859_,2
_20860_,2
_20861_,2
_20862_,2
_20863_,2
_20864_,2
_20865_,2
_20866_,2
_20867_,2
_20868_,2
_20869_,2
_20870_,2
_20871_,2
_20872_,2
_20873_,2
_20874_,2
_20875_,2
_20876_,2
_20877_,2
_20878_,2
_20879_,2
_20880_,2
_20881_,2
_20882_,2
_20883_,2
_20884_,2
_20885_,2
_20886_,2
_20887_,2
_20888_,2
_20889_,2
_20890_,2
_20891_,2
_20892_,2
_20893_,2
_20894_,2
_20895_,2
_20896_,2
_20897_,2
_20898_,2
_20899_,2
_20900_,2
_20901_,2
_20902_,2
_20903_,2
_20904_,2
_20905_,2
_20906_,2
_20907_,2
_20908_,2
_20909_,2
_20910_,2
_20911_,2
_20912_,2
_20913_,2
_20914_,2
_20915_,2
_20916_,2
_20917_,2
_20918_,2
_20919_,2
_20920_,2
_20921_,2
_20922_,2
_20923_,2
_20924_,2
_20925_,2
_20926_,2
_20927_,2
_20928_,2
_20929_,2
_20930_,2
_20931_,2
_20932_,2
_20933_,2
_20934_,2
_20935_,2
_20936_,2
_20937_,2
_20938_,2
_20939_,2
_20940_,2
_20941_,2
_20942_,2
_20943_,2
_20944_,2
_20945_,2
_20946_,2
_20947_,2
_20948_,2
_20949_,2
_20950_,2
_20951_,2
_20952_,2
_20953_,2
_20954_,2
_20955_,2
_20956_,2
_20957_,2
_20958_,2
_20959_,1
_20960_,2
_20961_,2
_20962_,1
_20963_,2
_20964_,2
_20965_,2
_20966_,1
_20967_,1
_20968_,1
_20969_,1
_20970_,1
_20971_,1
_20972_,1
_20973_,1
_20974_,1
_20975_,1
_20976_,1
_20977_,1
_20978_,1
_20979_,1
_20980_,1
_20981_,1
_20982_,1
_20983_,1
_20984_,1
_20985_,1
_20986_,1
_20987_,1
_20988_,1
_20989_,1
_20990_,1
_20991_,1
_20992_,1
_20993_,1
_20994_,1
_20995_,1
_20996_,1
_20997_,2
_20998_,2
_20999_,2
_21000_,2
_21001_,2
_21002_,1
_21003_,1
_21004_,1
_21005_,2
_21006_,2
_21007_,2
_21008_,2
_21009_,2
_21010_,2
_21011_,2
_21012_,2
_21013_,2
_21014_,2
_21015_,2
_21016_,2
_21017_,2
_21018_,2
_21019_,2
_21020_,2
_21021_,2
_21022_,2
_21023_,1
_21024_,1
_21025_,2
_21026_,2
_21027_,2
_21028_,2
_21029_,2
_21030_,2
_21031_,2
_21032_,2
_21033_,2
_21034_,2
_21035_,2
_21036_,2
_21037_,2
_21038_,2
_21039_,2
_21040_,2
_21041_,2
_21042_,2
_21043_,1
_21044_,1
_21045_,1
_21046_,2
_21047_,2
_21048_,2
_21049_,2
_21050_,2
_21051_,2
_21052_,2
_21053_,2
_21054_,1
_21055_,1
_21056_,1
_21057_,1
_21058_,1
_21059_,1
_21060_,1
_21061_,1
_21062_,1
_21063_,1
_21064_,2
_21065_,2
_21066_,2
_21067_,2
_21068_,2
_21069_,2
_21070_,2
_21071_,2
_21072_,2
_21073_,1
_21074_,1
_21075_,1
_21076_,1
_21077_,1
_21078_,1
_21079_,2
_21080_,1
_21081_,1
_21082_,1
_21083_,1
_21084_,1
_21085_,2
_21086_,2
_21087_,2
_21088_,2
_21089_,2
_21090_,2
_21091_,2
_21092_,2
_21093_,2
_21094_,2
_21095_,2
_21096_,2
_21097_,2
_21098_,2
_21099_,2
_21100_,2
_21101_,2
_21102_,2
_21103_,2
_21104_,2
_21105_,1
_21106_,2
_21107_,1
_21108_,1
_21109_,1
_21110_,1
clk,2
clk_pipe,2
clk_pipe_en,6
clk_regs,2
clknet_0_clk,2
clknet_0_clk_pipe,5
clknet_0_clk_regs,5
clknet_1_0__leaf_clk,2
clknet_2_0_0_clk_pipe,5
clknet_2_0_0_clk_regs,3
clknet_2_1_0_clk_pipe,5
clknet_2_1_0_clk_regs,3
clknet_2_2_0_clk_pipe,5
clknet_2_2_0_clk_regs,3
clknet_2_3_0_clk_pipe,5
clknet_2_3_0_clk_regs,3
clknet_3_0__leaf_clk_regs,9
clknet_3_1__leaf_clk_regs,10
clknet_3_2__leaf_clk_regs,11
clknet_3_3__leaf_clk_regs,14
clknet_3_4__leaf_clk_regs,13
clknet_3_5__leaf_clk_regs,17
clknet_3_6__leaf_clk_regs,14
clknet_3_7__leaf_clk_regs,15
clknet_4_0__leaf_clk_pipe,25
clknet_4_10__leaf_clk_pipe,14
clknet_4_11__leaf_clk_pipe,11
clknet_4_12__leaf_clk_pipe,8
clknet_4_13__leaf_clk_pipe,9
clknet_4_14__leaf_clk_pipe,10
clknet_4_15__leaf_clk_pipe,11
clknet_4_1__leaf_clk_pipe,17
clknet_4_2__leaf_clk_pipe,19
clknet_4_3__leaf_clk_pipe,12
clknet_4_4__leaf_clk_pipe,12
clknet_4_5__leaf_clk_pipe,10
clknet_4_6__leaf_clk_pipe,13
clknet_4_7__leaf_clk_pipe,17
clknet_4_8__leaf_clk_pipe,11
clknet_4_9__leaf_clk_pipe,14
clknet_leaf_0_clk_pipe,13
clknet_leaf_0_clk_regs,7
clknet_leaf_100_clk_pipe,5
clknet_leaf_101_clk_pipe,9
clknet_leaf_102_clk_pipe,9
clknet_leaf_103_clk_pipe,12
clknet_leaf_104_clk_pipe,10
clknet_leaf_105_clk_pipe,11
clknet_leaf_106_clk_pipe,10
clknet_leaf_107_clk_pipe,9
clknet_leaf_108_clk_pipe,10
clknet_leaf_109_clk_pipe,9
clknet_leaf_10_clk_pipe,10
clknet_leaf_10_clk_regs,12
clknet_leaf_110_clk_pipe,10
clknet_leaf_111_clk_pipe,10
clknet_leaf_112_clk_pipe,10
clknet_leaf_113_clk_pipe,10
clknet_leaf_114_clk_pipe,7
clknet_leaf_115_clk_pipe,10
clknet_leaf_116_clk_pipe,8
clknet_leaf_117_clk_pipe,11
clknet_leaf_118_clk_pipe,10
clknet_leaf_119_clk_pipe,11
clknet_leaf_11_clk_pipe,11
clknet_leaf_11_clk_regs,14
clknet_leaf_120_clk_pipe,8
clknet_leaf_121_clk_pipe,10
clknet_leaf_122_clk_pipe,13
clknet_leaf_123_clk_pipe,5
clknet_leaf_124_clk_pipe,9
clknet_leaf_125_clk_pipe,10
clknet_leaf_126_clk_pipe,11
clknet_leaf_127_clk_pipe,8
clknet_leaf_128_clk_pipe,9
clknet_leaf_129_clk_pipe,8
clknet_leaf_12_clk_pipe,12
clknet_leaf_12_clk_regs,9
clknet_leaf_130_clk_pipe,7
clknet_leaf_131_clk_pipe,8
clknet_leaf_132_clk_pipe,10
clknet_leaf_133_clk_pipe,9
clknet_leaf_134_clk_pipe,10
clknet_leaf_135_clk_pipe,11
clknet_leaf_136_clk_pipe,10
clknet_leaf_137_clk_pipe,8
clknet_leaf_138_clk_pipe,4
clknet_leaf_139_clk_pipe,10
clknet_leaf_13_clk_pipe,12
clknet_leaf_13_clk_regs,9
clknet_leaf_140_clk_pipe,11
clknet_leaf_141_clk_pipe,10
clknet_leaf_142_clk_pipe,12
clknet_leaf_143_clk_pipe,10
clknet_leaf_144_clk_pipe,8
clknet_leaf_145_clk_pipe,8
clknet_leaf_146_clk_pipe,7
clknet_leaf_147_clk_pipe,11
clknet_leaf_148_clk_pipe,11
clknet_leaf_149_clk_pipe,5
clknet_leaf_14_clk_pipe,8
clknet_leaf_14_clk_regs,11
clknet_leaf_150_clk_pipe,11
clknet_leaf_151_clk_pipe,11
clknet_leaf_152_clk_pipe,6
clknet_leaf_153_clk_pipe,12
clknet_leaf_154_clk_pipe,11
clknet_leaf_155_clk_pipe,12
clknet_leaf_156_clk_pipe,12
clknet_leaf_157_clk_pipe,9
clknet_leaf_158_clk_pipe,11
clknet_leaf_159_clk_pipe,10
clknet_leaf_15_clk_pipe,11
clknet_leaf_15_clk_regs,8
clknet_leaf_160_clk_pipe,12
clknet_leaf_161_clk_pipe,12
clknet_leaf_162_clk_pipe,8
clknet_leaf_163_clk_pipe,12
clknet_leaf_164_clk_pipe,9
clknet_leaf_165_clk_pipe,9
clknet_leaf_166_clk_pipe,11
clknet_leaf_167_clk_pipe,11
clknet_leaf_168_clk_pipe,11
clknet_leaf_169_clk_pipe,9
clknet_leaf_16_clk_pipe,11
clknet_leaf_16_clk_regs,8
clknet_leaf_170_clk_pipe,10
clknet_leaf_171_clk_pipe,11
clknet_leaf_172_clk_pipe,10
clknet_leaf_173_clk_pipe,13
clknet_leaf_174_clk_pipe,12
clknet_leaf_175_clk_pipe,12
clknet_leaf_176_clk_pipe,14
clknet_leaf_177_clk_pipe,12
clknet_leaf_178_clk_pipe,10
clknet_leaf_179_clk_pipe,12
clknet_leaf_17_clk_pipe,12
clknet_leaf_17_clk_regs,10
clknet_leaf_180_clk_pipe,12
clknet_leaf_181_clk_pipe,13
clknet_leaf_182_clk_pipe,11
clknet_leaf_183_clk_pipe,13
clknet_leaf_184_clk_pipe,13
clknet_leaf_185_clk_pipe,11
clknet_leaf_18_clk_pipe,12
clknet_leaf_18_clk_regs,11
clknet_leaf_19_clk_pipe,12
clknet_leaf_19_clk_regs,8
clknet_leaf_1_clk_pipe,10
clknet_leaf_1_clk_regs,8
clknet_leaf_20_clk_pipe,12
clknet_leaf_20_clk_regs,11
clknet_leaf_21_clk_pipe,12
clknet_leaf_21_clk_regs,9
clknet_leaf_22_clk_pipe,10
clknet_leaf_22_clk_regs,10
clknet_leaf_23_clk_pipe,11
clknet_leaf_23_clk_regs,10
clknet_leaf_24_clk_pipe,11
clknet_leaf_24_clk_regs,8
clknet_leaf_25_clk_pipe,10
clknet_leaf_25_clk_regs,6
clknet_leaf_26_clk_pipe,12
clknet_leaf_26_clk_regs,11
clknet_leaf_27_clk_pipe,12
clknet_leaf_27_clk_regs,9
clknet_leaf_28_clk_pipe,12
clknet_leaf_28_clk_regs,10
clknet_leaf_29_clk_pipe,10
clknet_leaf_29_clk_regs,10
clknet_leaf_2_clk_pipe,11
clknet_leaf_2_clk_regs,13
clknet_leaf_30_clk_pipe,12
clknet_leaf_30_clk_regs,12
clknet_leaf_31_clk_pipe,9
clknet_leaf_31_clk_regs,13
clknet_leaf_32_clk_pipe,12
clknet_leaf_32_clk_regs,11
clknet_leaf_33_clk_pipe,10
clknet_leaf_33_clk_regs,12
clknet_leaf_34_clk_pipe,10
clknet_leaf_34_clk_regs,11
clknet_leaf_35_clk_pipe,8
clknet_leaf_35_clk_regs,11
clknet_leaf_36_clk_pipe,11
clknet_leaf_36_clk_regs,12
clknet_leaf_37_clk_pipe,12
clknet_leaf_37_clk_regs,12
clknet_leaf_38_clk_pipe,6
clknet_leaf_38_clk_regs,13
clknet_leaf_39_clk_pipe,8
clknet_leaf_39_clk_regs,12
clknet_leaf_3_clk_pipe,10
clknet_leaf_3_clk_regs,13
clknet_leaf_40_clk_pipe,11
clknet_leaf_40_clk_regs,12
clknet_leaf_41_clk_pipe,12
clknet_leaf_41_clk_regs,11
clknet_leaf_42_clk_pipe,11
clknet_leaf_42_clk_regs,13
clknet_leaf_43_clk_pipe,10
clknet_leaf_43_clk_regs,13
clknet_leaf_44_clk_pipe,11
clknet_leaf_44_clk_regs,12
clknet_leaf_45_clk_pipe,11
clknet_leaf_45_clk_regs,13
clknet_leaf_46_clk_pipe,11
clknet_leaf_46_clk_regs,11
clknet_leaf_47_clk_pipe,11
clknet_leaf_47_clk_regs,13
clknet_leaf_48_clk_pipe,11
clknet_leaf_48_clk_regs,13
clknet_leaf_49_clk_pipe,10
clknet_leaf_49_clk_regs,11
clknet_leaf_4_clk_pipe,13
clknet_leaf_4_clk_regs,10
clknet_leaf_50_clk_pipe,11
clknet_leaf_50_clk_regs,12
clknet_leaf_51_clk_pipe,11
clknet_leaf_51_clk_regs,11
clknet_leaf_52_clk_pipe,10
clknet_leaf_52_clk_regs,12
clknet_leaf_53_clk_pipe,11
clknet_leaf_53_clk_regs,12
clknet_leaf_54_clk_pipe,10
clknet_leaf_54_clk_regs,12
clknet_leaf_55_clk_pipe,11
clknet_leaf_55_clk_regs,12
clknet_leaf_56_clk_pipe,9
clknet_leaf_56_clk_regs,12
clknet_leaf_57_clk_pipe,9
clknet_leaf_57_clk_regs,9
clknet_leaf_58_clk_pipe,12
clknet_leaf_58_clk_regs,11
clknet_leaf_59_clk_pipe,12
clknet_leaf_59_clk_regs,12
clknet_leaf_5_clk_pipe,11
clknet_leaf_5_clk_regs,14
clknet_leaf_60_clk_pipe,12
clknet_leaf_60_clk_regs,11
clknet_leaf_61_clk_pipe,13
clknet_leaf_61_clk_regs,14
clknet_leaf_62_clk_pipe,12
clknet_leaf_62_clk_regs,12
clknet_leaf_63_clk_pipe,10
clknet_leaf_63_clk_regs,13
clknet_leaf_64_clk_pipe,10
clknet_leaf_64_clk_regs,11
clknet_leaf_65_clk_pipe,11
clknet_leaf_65_clk_regs,11
clknet_leaf_66_clk_pipe,9
clknet_leaf_66_clk_regs,11
clknet_leaf_67_clk_pipe,11
clknet_leaf_67_clk_regs,13
clknet_leaf_68_clk_pipe,10
clknet_leaf_68_clk_regs,12
clknet_leaf_69_clk_pipe,12
clknet_leaf_69_clk_regs,13
clknet_leaf_6_clk_pipe,12
clknet_leaf_6_clk_regs,12
clknet_leaf_70_clk_pipe,12
clknet_leaf_70_clk_regs,14
clknet_leaf_71_clk_pipe,13
clknet_leaf_71_clk_regs,12
clknet_leaf_72_clk_pipe,11
clknet_leaf_72_clk_regs,12
clknet_leaf_73_clk_pipe,9
clknet_leaf_73_clk_regs,12
clknet_leaf_74_clk_pipe,13
clknet_leaf_74_clk_regs,10
clknet_leaf_75_clk_pipe,12
clknet_leaf_75_clk_regs,12
clknet_leaf_76_clk_pipe,13
clknet_leaf_76_clk_regs,10
clknet_leaf_77_clk_pipe,12
clknet_leaf_77_clk_regs,11
clknet_leaf_78_clk_pipe,12
clknet_leaf_78_clk_regs,10
clknet_leaf_79_clk_pipe,10
clknet_leaf_79_clk_regs,10
clknet_leaf_7_clk_pipe,12
clknet_leaf_7_clk_regs,13
clknet_leaf_80_clk_pipe,9
clknet_leaf_80_clk_regs,8
clknet_leaf_81_clk_pipe,12
clknet_leaf_81_clk_regs,10
clknet_leaf_82_clk_pipe,8
clknet_leaf_82_clk_regs,11
clknet_leaf_83_clk_pipe,12
clknet_leaf_83_clk_regs,12
clknet_leaf_84_clk_pipe,9
clknet_leaf_84_clk_regs,11
clknet_leaf_85_clk_pipe,9
clknet_leaf_85_clk_regs,9
clknet_leaf_86_clk_pipe,5
clknet_leaf_86_clk_regs,11
clknet_leaf_87_clk_pipe,13
clknet_leaf_87_clk_regs,12
clknet_leaf_88_clk_pipe,4
clknet_leaf_88_clk_regs,6
clknet_leaf_89_clk_pipe,8
clknet_leaf_89_clk_regs,6
clknet_leaf_8_clk_pipe,12
clknet_leaf_8_clk_regs,9
clknet_leaf_90_clk_pipe,13
clknet_leaf_90_clk_regs,5
clknet_leaf_91_clk_pipe,12
clknet_leaf_92_clk_pipe,8
clknet_leaf_93_clk_pipe,6
clknet_leaf_94_clk_pipe,9
clknet_leaf_95_clk_pipe,9
clknet_leaf_96_clk_pipe,7
clknet_leaf_97_clk_pipe,8
clknet_leaf_98_clk_pipe,9
clknet_leaf_99_clk_pipe,9
clknet_leaf_9_clk_pipe,10
clknet_leaf_9_clk_regs,5
core2dmem_addr_o[0],1
core2dmem_addr_o[10],1
core2dmem_addr_o[11],1
core2dmem_addr_o[12],1
core2dmem_addr_o[13],1
core2dmem_addr_o[14],1
core2dmem_addr_o[15],1
core2dmem_addr_o[16],1
core2dmem_addr_o[17],1
core2dmem_addr_o[18],1
core2dmem_addr_o[19],1
core2dmem_addr_o[1],1
core2dmem_addr_o[20],1
core2dmem_addr_o[21],1
core2dmem_addr_o[22],1
core2dmem_addr_o[23],1
core2dmem_addr_o[24],1
core2dmem_addr_o[25],1
core2dmem_addr_o[26],1
core2dmem_addr_o[27],1
core2dmem_addr_o[28],1
core2dmem_addr_o[29],1
core2dmem_addr_o[2],1
core2dmem_addr_o[30],1
core2dmem_addr_o[31],1
core2dmem_addr_o[3],1
core2dmem_addr_o[4],1
core2dmem_addr_o[5],1
core2dmem_addr_o[6],1
core2dmem_addr_o[7],1
core2dmem_addr_o[8],1
core2dmem_addr_o[9],1
core2dmem_cmd_o,1
core2dmem_req_o,1
core2dmem_wdata_o[0],1
core2dmem_wdata_o[10],1
core2dmem_wdata_o[11],1
core2dmem_wdata_o[12],1
core2dmem_wdata_o[13],1
core2dmem_wdata_o[14],1
core2dmem_wdata_o[15],1
core2dmem_wdata_o[16],1
core2dmem_wdata_o[17],1
core2dmem_wdata_o[18],1
core2dmem_wdata_o[19],1
core2dmem_wdata_o[1],1
core2dmem_wdata_o[20],1
core2dmem_wdata_o[21],1
core2dmem_wdata_o[22],1
core2dmem_wdata_o[23],1
core2dmem_wdata_o[24],1
core2dmem_wdata_o[25],1
core2dmem_wdata_o[26],1
core2dmem_wdata_o[27],1
core2dmem_wdata_o[28],1
core2dmem_wdata_o[29],1
core2dmem_wdata_o[2],1
core2dmem_wdata_o[30],1
core2dmem_wdata_o[31],1
core2dmem_wdata_o[3],1
core2dmem_wdata_o[4],1
core2dmem_wdata_o[5],1
core2dmem_wdata_o[6],1
core2dmem_wdata_o[7],1
core2dmem_wdata_o[8],1
core2dmem_wdata_o[9],1
core2dmem_width_o[0],1
core2dmem_width_o[1],1
core2imem_addr_o[0],1
core2imem_addr_o[10],1
core2imem_addr_o[11],1
core2imem_addr_o[12],1
core2imem_addr_o[13],1
core2imem_addr_o[14],1
core2imem_addr_o[15],1
core2imem_addr_o[16],1
core2imem_addr_o[17],1
core2imem_addr_o[18],1
core2imem_addr_o[19],1
core2imem_addr_o[1],1
core2imem_addr_o[20],1
core2imem_addr_o[21],1
core2imem_addr_o[22],1
core2imem_addr_o[23],1
core2imem_addr_o[24],1
core2imem_addr_o[25],1
core2imem_addr_o[26],1
core2imem_addr_o[27],1
core2imem_addr_o[28],1
core2imem_addr_o[29],1
core2imem_addr_o[2],1
core2imem_addr_o[30],1
core2imem_addr_o[31],1
core2imem_addr_o[3],1
core2imem_addr_o[4],1
core2imem_addr_o[5],1
core2imem_addr_o[6],1
core2imem_addr_o[7],1
core2imem_addr_o[8],1
core2imem_addr_o[9],1
core2imem_cmd_o,1
core2imem_req_o,1
core_fuse_mhartid_i[0],1
core_fuse_mhartid_i[10],1
core_fuse_mhartid_i[11],1
core_fuse_mhartid_i[12],1
core_fuse_mhartid_i[13],1
core_fuse_mhartid_i[14],1
core_fuse_mhartid_i[15],1
core_fuse_mhartid_i[16],1
core_fuse_mhartid_i[17],1
core_fuse_mhartid_i[18],1
core_fuse_mhartid_i[19],1
core_fuse_mhartid_i[1],1
core_fuse_mhartid_i[20],1
core_fuse_mhartid_i[21],1
core_fuse_mhartid_i[22],1
core_fuse_mhartid_i[23],1
core_fuse_mhartid_i[24],1
core_fuse_mhartid_i[25],1
core_fuse_mhartid_i[26],1
core_fuse_mhartid_i[27],1
core_fuse_mhartid_i[28],1
core_fuse_mhartid_i[29],1
core_fuse_mhartid_i[2],1
core_fuse_mhartid_i[30],1
core_fuse_mhartid_i[31],1
core_fuse_mhartid_i[3],1
core_fuse_mhartid_i[4],1
core_fuse_mhartid_i[5],1
core_fuse_mhartid_i[6],1
core_fuse_mhartid_i[7],1
core_fuse_mhartid_i[8],1
core_fuse_mhartid_i[9],1
core_irq_lines_i[0],1
core_irq_lines_i[10],1
core_irq_lines_i[11],1
core_irq_lines_i[12],1
core_irq_lines_i[13],1
core_irq_lines_i[14],1
core_irq_lines_i[15],1
core_irq_lines_i[1],1
core_irq_lines_i[2],1
core_irq_lines_i[3],1
core_irq_lines_i[4],1
core_irq_lines_i[5],1
core_irq_lines_i[6],1
core_irq_lines_i[7],1
core_irq_lines_i[8],1
core_irq_lines_i[9],1
core_irq_mtimer_i,1
core_irq_soft_i,1
core_mtimer_val_i[0],1
core_mtimer_val_i[10],1
core_mtimer_val_i[11],1
core_mtimer_val_i[12],1
core_mtimer_val_i[13],1
core_mtimer_val_i[14],1
core_mtimer_val_i[15],1
core_mtimer_val_i[16],1
core_mtimer_val_i[17],1
core_mtimer_val_i[18],1
core_mtimer_val_i[19],1
core_mtimer_val_i[1],1
core_mtimer_val_i[20],1
core_mtimer_val_i[21],1
core_mtimer_val_i[22],1
core_mtimer_val_i[23],1
core_mtimer_val_i[24],1
core_mtimer_val_i[25],1
core_mtimer_val_i[26],1
core_mtimer_val_i[27],1
core_mtimer_val_i[28],1
core_mtimer_val_i[29],1
core_mtimer_val_i[2],1
core_mtimer_val_i[30],1
core_mtimer_val_i[31],1
core_mtimer_val_i[32],1
core_mtimer_val_i[33],1
core_mtimer_val_i[34],1
core_mtimer_val_i[35],1
core_mtimer_val_i[36],1
core_mtimer_val_i[37],1
core_mtimer_val_i[38],1
core_mtimer_val_i[39],1
core_mtimer_val_i[3],1
core_mtimer_val_i[40],1
core_mtimer_val_i[41],1
core_mtimer_val_i[42],1
core_mtimer_val_i[43],1
core_mtimer_val_i[44],1
core_mtimer_val_i[45],1
core_mtimer_val_i[46],1
core_mtimer_val_i[47],1
core_mtimer_val_i[48],1
core_mtimer_val_i[49],1
core_mtimer_val_i[4],1
core_mtimer_val_i[50],1
core_mtimer_val_i[51],1
core_mtimer_val_i[52],1
core_mtimer_val_i[53],1
core_mtimer_val_i[54],1
core_mtimer_val_i[55],1
core_mtimer_val_i[56],1
core_mtimer_val_i[57],1
core_mtimer_val_i[58],1
core_mtimer_val_i[59],1
core_mtimer_val_i[5],1
core_mtimer_val_i[60],1
core_mtimer_val_i[61],1
core_mtimer_val_i[62],1
core_mtimer_val_i[63],1
core_mtimer_val_i[6],1
core_mtimer_val_i[7],1
core_mtimer_val_i[8],1
core_mtimer_val_i[9],1
core_rdc_qlfy_o,1
core_rst_n_o,1
core_rst_status,3
cpu_rst_n,1
delaynet_0_core_clk,2
delaynet_1_core_clk,2
dm_active,2
dm_cmd_req,7
dm_hart_event,2
dm_hart_status[0],18
dm_hart_status[1],15
dm_hart_status_qlfy[0],3
dm_hart_status_qlfy[1],3
dm_pbuf_addr[0],8
dm_pbuf_addr[1],8
dm_pbuf_addr[2],11
dm_pbuf_instr[0],3
dm_pbuf_instr[10],3
dm_pbuf_instr[11],3
dm_pbuf_instr[12],3
dm_pbuf_instr[13],3
dm_pbuf_instr[14],3
dm_pbuf_instr[15],3
dm_pbuf_instr[16],3
dm_pbuf_instr[17],3
dm_pbuf_instr[18],3
dm_pbuf_instr[19],3
dm_pbuf_instr[1],3
dm_pbuf_instr[20],3
dm_pbuf_instr[21],3
dm_pbuf_instr[22],3
dm_pbuf_instr[23],3
dm_pbuf_instr[24],3
dm_pbuf_instr[25],3
dm_pbuf_instr[26],3
dm_pbuf_instr[27],3
dm_pbuf_instr[28],3
dm_pbuf_instr[29],3
dm_pbuf_instr[2],3
dm_pbuf_instr[30],3
dm_pbuf_instr[31],3
dm_pbuf_instr[3],3
dm_pbuf_instr[4],3
dm_pbuf_instr[5],3
dm_pbuf_instr[6],3
dm_pbuf_instr[7],3
dm_pbuf_instr[8],3
dm_pbuf_instr[9],3
dm_pc_sample[0],2
dm_pc_sample[10],2
dm_pc_sample[11],3
dm_pc_sample[12],5
dm_pc_sample[13],4
dm_pc_sample[14],6
dm_pc_sample[15],2
dm_pc_sample[16],4
dm_pc_sample[17],4
dm_pc_sample[18],8
dm_pc_sample[19],2
dm_pc_sample[1],4
dm_pc_sample[20],2
dm_pc_sample[21],2
dm_pc_sample[22],2
dm_pc_sample[23],2
dm_pc_sample[24],3
dm_pc_sample[25],2
dm_pc_sample[26],5
dm_pc_sample[27],5
dm_pc_sample[28],2
dm_pc_sample[29],3
dm_pc_sample[2],2
dm_pc_sample[30],2
dm_pc_sample[31],2
dm_pc_sample[3],3
dm_pc_sample[4],4
dm_pc_sample[5],2
dm_pc_sample[6],2
dm_pc_sample[7],2
dm_pc_sample[8],2
dm_pc_sample[9],3
dm_rst_n,5
dmem2core_rdata_i[0],1
dmem2core_rdata_i[10],1
dmem2core_rdata_i[11],1
dmem2core_rdata_i[12],1
dmem2core_rdata_i[13],1
dmem2core_rdata_i[14],1
dmem2core_rdata_i[15],1
dmem2core_rdata_i[16],1
dmem2core_rdata_i[17],1
dmem2core_rdata_i[18],1
dmem2core_rdata_i[19],1
dmem2core_rdata_i[1],1
dmem2core_rdata_i[20],1
dmem2core_rdata_i[21],1
dmem2core_rdata_i[22],1
dmem2core_rdata_i[23],1
dmem2core_rdata_i[24],1
dmem2core_rdata_i[25],1
dmem2core_rdata_i[26],1
dmem2core_rdata_i[27],1
dmem2core_rdata_i[28],1
dmem2core_rdata_i[29],1
dmem2core_rdata_i[2],1
dmem2core_rdata_i[30],1
dmem2core_rdata_i[31],1
dmem2core_rdata_i[3],1
dmem2core_rdata_i[4],1
dmem2core_rdata_i[5],1
dmem2core_rdata_i[6],1
dmem2core_rdata_i[7],1
dmem2core_rdata_i[8],1
dmem2core_rdata_i[9],1
dmem2core_req_ack_i,1
dmem2core_resp_i[0],1
dmem2core_resp_i[1],1
dmi_wdata[0],9
dmi_wdata[10],8
dmi_wdata[11],8
dmi_wdata[12],9
dmi_wdata[13],10
dmi_wdata[14],9
dmi_wdata[15],9
dmi_wdata[16],9
dmi_wdata[17],8
dmi_wdata[18],9
dmi_wdata[19],9
dmi_wdata[1],9
dmi_wdata[20],8
dmi_wdata[21],8
dmi_wdata[22],10
dmi_wdata[23],9
dmi_wdata[24],8
dmi_wdata[25],8
dmi_wdata[26],8
dmi_wdata[27],8
dmi_wdata[28],9
dmi_wdata[29],8
dmi_wdata[2],8
dmi_wdata[30],9
dmi_wdata[31],9
dmi_wdata[3],8
dmi_wdata[4],8
dmi_wdata[5],8
dmi_wdata[6],8
dmi_wdata[7],8
dmi_wdata[8],8
dmi_wdata[9],8
hdu2dm_rdc_qlfy,10
hdu_rst_n,2
i_clk_ctrl.ctrl_rst_n,2
i_clk_ctrl.i_scr1_cg_pipe.latch_en,2
i_dm.abs_autoexec_ff,3
i_dm.abs_cmd[0],4
i_dm.abs_cmd[10],4
i_dm.abs_cmd[11],3
i_dm.abs_cmd[1],4
i_dm.abs_cmd[20],2
i_dm.abs_cmd[21],2
i_dm.abs_cmd[2],4
i_dm.abs_cmd[3],4
i_dm.abs_cmd[4],5
i_dm.abs_cmd[5],5
i_dm.abs_cmd[6],4
i_dm.abs_cmd[7],6
i_dm.abs_cmd[8],4
i_dm.abs_cmd[9],4
i_dm.abs_cmd_postexec_ff,3
i_dm.abs_cmd_regno_ff[0],5
i_dm.abs_cmd_regno_ff[10],4
i_dm.abs_cmd_regno_ff[11],4
i_dm.abs_cmd_regno_ff[1],7
i_dm.abs_cmd_regno_ff[2],9
i_dm.abs_cmd_regno_ff[3],5
i_dm.abs_cmd_regno_ff[4],6
i_dm.abs_cmd_regno_ff[5],3
i_dm.abs_cmd_regno_ff[6],3
i_dm.abs_cmd_regno_ff[7],3
i_dm.abs_cmd_regno_ff[8],3
i_dm.abs_cmd_regno_ff[9],3
i_dm.abs_cmd_size_ff[0],5
i_dm.abs_cmd_size_ff[1],4
i_dm.abs_cmd_wr_ff,13
i_dm.abs_command_ff[0],2
i_dm.abs_command_ff[10],2
i_dm.abs_command_ff[11],2
i_dm.abs_command_ff[12],2
i_dm.abs_command_ff[13],2
i_dm.abs_command_ff[14],2
i_dm.abs_command_ff[15],2
i_dm.abs_command_ff[16],2
i_dm.abs_command_ff[17],3
i_dm.abs_command_ff[18],2
i_dm.abs_command_ff[19],2
i_dm.abs_command_ff[1],2
i_dm.abs_command_ff[20],2
i_dm.abs_command_ff[21],2
i_dm.abs_command_ff[22],2
i_dm.abs_command_ff[23],2
i_dm.abs_command_ff[24],2
i_dm.abs_command_ff[25],3
i_dm.abs_command_ff[26],2
i_dm.abs_command_ff[27],2
i_dm.abs_command_ff[28],2
i_dm.abs_command_ff[29],2
i_dm.abs_command_ff[2],2
i_dm.abs_command_ff[30],2
i_dm.abs_command_ff[31],2
i_dm.abs_command_ff[3],2
i_dm.abs_command_ff[4],2
i_dm.abs_command_ff[5],2
i_dm.abs_command_ff[6],2
i_dm.abs_command_ff[7],2
i_dm.abs_command_ff[8],2
i_dm.abs_command_ff[9],2
i_dm.abs_data0_ff[0],3
i_dm.abs_data0_ff[10],3
i_dm.abs_data0_ff[11],3
i_dm.abs_data0_ff[12],3
i_dm.abs_data0_ff[13],3
i_dm.abs_data0_ff[14],3
i_dm.abs_data0_ff[15],3
i_dm.abs_data0_ff[16],3
i_dm.abs_data0_ff[17],3
i_dm.abs_data0_ff[18],3
i_dm.abs_data0_ff[19],3
i_dm.abs_data0_ff[1],3
i_dm.abs_data0_ff[20],3
i_dm.abs_data0_ff[21],3
i_dm.abs_data0_ff[22],3
i_dm.abs_data0_ff[23],3
i_dm.abs_data0_ff[24],3
i_dm.abs_data0_ff[25],3
i_dm.abs_data0_ff[26],3
i_dm.abs_data0_ff[27],3
i_dm.abs_data0_ff[28],3
i_dm.abs_data0_ff[29],3
i_dm.abs_data0_ff[2],3
i_dm.abs_data0_ff[30],3
i_dm.abs_data0_ff[31],3
i_dm.abs_data0_ff[3],3
i_dm.abs_data0_ff[4],3
i_dm.abs_data0_ff[5],3
i_dm.abs_data0_ff[6],3
i_dm.abs_data0_ff[7],3
i_dm.abs_data0_ff[8],3
i_dm.abs_data0_ff[9],3
i_dm.abs_data0_next[0],2
i_dm.abs_data0_next[10],2
i_dm.abs_data0_next[11],2
i_dm.abs_data0_next[12],2
i_dm.abs_data0_next[13],2
i_dm.abs_data0_next[14],2
i_dm.abs_data0_next[15],2
i_dm.abs_data0_next[16],2
i_dm.abs_data0_next[17],2
i_dm.abs_data0_next[18],2
i_dm.abs_data0_next[19],2
i_dm.abs_data0_next[1],2
i_dm.abs_data0_next[20],2
i_dm.abs_data0_next[21],2
i_dm.abs_data0_next[22],2
i_dm.abs_data0_next[23],2
i_dm.abs_data0_next[24],2
i_dm.abs_data0_next[25],2
i_dm.abs_data0_next[26],2
i_dm.abs_data0_next[27],2
i_dm.abs_data0_next[28],2
i_dm.abs_data0_next[29],2
i_dm.abs_data0_next[2],2
i_dm.abs_data0_next[30],2
i_dm.abs_data0_next[31],2
i_dm.abs_data0_next[3],2
i_dm.abs_data0_next[4],2
i_dm.abs_data0_next[5],2
i_dm.abs_data0_next[6],2
i_dm.abs_data0_next[7],2
i_dm.abs_data0_next[8],2
i_dm.abs_data0_next[9],2
i_dm.abs_data1_ff[0],3
i_dm.abs_data1_ff[10],3
i_dm.abs_data1_ff[11],3
i_dm.abs_data1_ff[12],3
i_dm.abs_data1_ff[13],3
i_dm.abs_data1_ff[14],3
i_dm.abs_data1_ff[15],3
i_dm.abs_data1_ff[16],3
i_dm.abs_data1_ff[17],3
i_dm.abs_data1_ff[18],3
i_dm.abs_data1_ff[19],3
i_dm.abs_data1_ff[1],3
i_dm.abs_data1_ff[20],3
i_dm.abs_data1_ff[21],3
i_dm.abs_data1_ff[22],3
i_dm.abs_data1_ff[23],3
i_dm.abs_data1_ff[24],3
i_dm.abs_data1_ff[25],3
i_dm.abs_data1_ff[26],3
i_dm.abs_data1_ff[27],3
i_dm.abs_data1_ff[28],3
i_dm.abs_data1_ff[29],3
i_dm.abs_data1_ff[2],3
i_dm.abs_data1_ff[30],3
i_dm.abs_data1_ff[31],3
i_dm.abs_data1_ff[3],3
i_dm.abs_data1_ff[4],3
i_dm.abs_data1_ff[5],3
i_dm.abs_data1_ff[6],3
i_dm.abs_data1_ff[7],3
i_dm.abs_data1_ff[8],3
i_dm.abs_data1_ff[9],3
i_dm.abs_data1_next[0],2
i_dm.abs_data1_next[10],2
i_dm.abs_data1_next[11],2
i_dm.abs_data1_next[12],2
i_dm.abs_data1_next[13],2
i_dm.abs_data1_next[14],2
i_dm.abs_data1_next[15],2
i_dm.abs_data1_next[16],2
i_dm.abs_data1_next[17],2
i_dm.abs_data1_next[18],2
i_dm.abs_data1_next[19],2
i_dm.abs_data1_next[1],2
i_dm.abs_data1_next[20],2
i_dm.abs_data1_next[21],2
i_dm.abs_data1_next[22],2
i_dm.abs_data1_next[23],2
i_dm.abs_data1_next[24],2
i_dm.abs_data1_next[25],2
i_dm.abs_data1_next[26],2
i_dm.abs_data1_next[27],2
i_dm.abs_data1_next[28],2
i_dm.abs_data1_next[29],2
i_dm.abs_data1_next[2],2
i_dm.abs_data1_next[30],2
i_dm.abs_data1_next[31],2
i_dm.abs_data1_next[3],2
i_dm.abs_data1_next[4],2
i_dm.abs_data1_next[5],2
i_dm.abs_data1_next[6],2
i_dm.abs_data1_next[7],2
i_dm.abs_data1_next[8],2
i_dm.abs_data1_next[9],2
i_dm.abs_err_acc_busy_ff,8
i_dm.abs_err_acc_busy_next,1
i_dm.abs_err_acc_busy_upd,2
i_dm.abs_err_exc_ff,3
i_dm.abs_err_exc_next,1
i_dm.abs_err_exc_upd,2
i_dm.abs_exec_instr_ff[10],2
i_dm.abs_exec_instr_ff[11],2
i_dm.abs_exec_instr_ff[12],2
i_dm.abs_exec_instr_ff[13],2
i_dm.abs_exec_instr_ff[14],2
i_dm.abs_exec_instr_ff[15],2
i_dm.abs_exec_instr_ff[16],2
i_dm.abs_exec_instr_ff[17],2
i_dm.abs_exec_instr_ff[18],2
i_dm.abs_exec_instr_ff[19],2
i_dm.abs_exec_instr_ff[20],2
i_dm.abs_exec_instr_ff[21],2
i_dm.abs_exec_instr_ff[22],2
i_dm.abs_exec_instr_ff[23],2
i_dm.abs_exec_instr_ff[24],2
i_dm.abs_exec_instr_ff[25],2
i_dm.abs_exec_instr_ff[26],2
i_dm.abs_exec_instr_ff[27],2
i_dm.abs_exec_instr_ff[28],2
i_dm.abs_exec_instr_ff[29],2
i_dm.abs_exec_instr_ff[30],2
i_dm.abs_exec_instr_ff[31],2
i_dm.abs_exec_instr_ff[4],2
i_dm.abs_exec_instr_ff[5],2
i_dm.abs_exec_instr_ff[7],2
i_dm.abs_exec_instr_ff[8],2
i_dm.abs_exec_instr_ff[9],2
i_dm.abs_exec_instr_next[10],2
i_dm.abs_exec_instr_next[11],2
i_dm.abs_exec_instr_next[7],2
i_dm.abs_exec_instr_next[8],2
i_dm.abs_exec_instr_next[9],2
i_dm.abs_exec_req_ff,4
i_dm.abs_fsm_csr_ro,8
i_dm.abs_fsm_err,7
i_dm.abs_fsm_exec,12
i_dm.abs_fsm_ff[0],2
i_dm.abs_fsm_ff[10],14
i_dm.abs_fsm_ff[11],13
i_dm.abs_fsm_ff[12],6
i_dm.abs_fsm_ff[1],6
i_dm.abs_fsm_ff[2],6
i_dm.abs_fsm_ff[3],7
i_dm.abs_fsm_ff[5],6
i_dm.abs_fsm_ff[6],12
i_dm.abs_fsm_ff[9],5
i_dm.abs_instr_mem_funct3[0],2
i_dm.abs_instr_mem_funct3[1],2
i_dm.abs_progbuf0_ff[0],3
i_dm.abs_progbuf0_ff[10],3
i_dm.abs_progbuf0_ff[11],3
i_dm.abs_progbuf0_ff[12],3
i_dm.abs_progbuf0_ff[13],3
i_dm.abs_progbuf0_ff[14],3
i_dm.abs_progbuf0_ff[15],3
i_dm.abs_progbuf0_ff[16],3
i_dm.abs_progbuf0_ff[17],3
i_dm.abs_progbuf0_ff[18],3
i_dm.abs_progbuf0_ff[19],3
i_dm.abs_progbuf0_ff[1],3
i_dm.abs_progbuf0_ff[20],3
i_dm.abs_progbuf0_ff[21],3
i_dm.abs_progbuf0_ff[22],3
i_dm.abs_progbuf0_ff[23],3
i_dm.abs_progbuf0_ff[24],3
i_dm.abs_progbuf0_ff[25],3
i_dm.abs_progbuf0_ff[26],3
i_dm.abs_progbuf0_ff[27],3
i_dm.abs_progbuf0_ff[28],3
i_dm.abs_progbuf0_ff[29],3
i_dm.abs_progbuf0_ff[2],3
i_dm.abs_progbuf0_ff[30],3
i_dm.abs_progbuf0_ff[31],3
i_dm.abs_progbuf0_ff[3],3
i_dm.abs_progbuf0_ff[4],3
i_dm.abs_progbuf0_ff[5],3
i_dm.abs_progbuf0_ff[6],3
i_dm.abs_progbuf0_ff[7],3
i_dm.abs_progbuf0_ff[8],3
i_dm.abs_progbuf0_ff[9],3
i_dm.abs_progbuf1_ff[0],3
i_dm.abs_progbuf1_ff[10],3
i_dm.abs_progbuf1_ff[11],3
i_dm.abs_progbuf1_ff[12],3
i_dm.abs_progbuf1_ff[13],3
i_dm.abs_progbuf1_ff[14],3
i_dm.abs_progbuf1_ff[15],3
i_dm.abs_progbuf1_ff[16],3
i_dm.abs_progbuf1_ff[17],3
i_dm.abs_progbuf1_ff[18],3
i_dm.abs_progbuf1_ff[19],3
i_dm.abs_progbuf1_ff[1],3
i_dm.abs_progbuf1_ff[20],3
i_dm.abs_progbuf1_ff[21],3
i_dm.abs_progbuf1_ff[22],3
i_dm.abs_progbuf1_ff[23],3
i_dm.abs_progbuf1_ff[24],3
i_dm.abs_progbuf1_ff[25],3
i_dm.abs_progbuf1_ff[26],3
i_dm.abs_progbuf1_ff[27],3
i_dm.abs_progbuf1_ff[28],3
i_dm.abs_progbuf1_ff[29],3
i_dm.abs_progbuf1_ff[2],3
i_dm.abs_progbuf1_ff[30],3
i_dm.abs_progbuf1_ff[31],3
i_dm.abs_progbuf1_ff[3],3
i_dm.abs_progbuf1_ff[4],3
i_dm.abs_progbuf1_ff[5],3
i_dm.abs_progbuf1_ff[6],3
i_dm.abs_progbuf1_ff[7],3
i_dm.abs_progbuf1_ff[8],3
i_dm.abs_progbuf1_ff[9],3
i_dm.abs_progbuf2_ff[0],3
i_dm.abs_progbuf2_ff[10],3
i_dm.abs_progbuf2_ff[11],3
i_dm.abs_progbuf2_ff[12],3
i_dm.abs_progbuf2_ff[13],3
i_dm.abs_progbuf2_ff[14],3
i_dm.abs_progbuf2_ff[15],3
i_dm.abs_progbuf2_ff[16],3
i_dm.abs_progbuf2_ff[17],3
i_dm.abs_progbuf2_ff[18],3
i_dm.abs_progbuf2_ff[19],3
i_dm.abs_progbuf2_ff[1],3
i_dm.abs_progbuf2_ff[20],3
i_dm.abs_progbuf2_ff[21],3
i_dm.abs_progbuf2_ff[22],3
i_dm.abs_progbuf2_ff[23],3
i_dm.abs_progbuf2_ff[24],3
i_dm.abs_progbuf2_ff[25],3
i_dm.abs_progbuf2_ff[26],3
i_dm.abs_progbuf2_ff[27],3
i_dm.abs_progbuf2_ff[28],3
i_dm.abs_progbuf2_ff[29],3
i_dm.abs_progbuf2_ff[2],3
i_dm.abs_progbuf2_ff[30],3
i_dm.abs_progbuf2_ff[31],3
i_dm.abs_progbuf2_ff[3],3
i_dm.abs_progbuf2_ff[4],3
i_dm.abs_progbuf2_ff[5],3
i_dm.abs_progbuf2_ff[6],3
i_dm.abs_progbuf2_ff[7],3
i_dm.abs_progbuf2_ff[8],3
i_dm.abs_progbuf2_ff[9],3
i_dm.abs_progbuf3_ff[0],3
i_dm.abs_progbuf3_ff[10],3
i_dm.abs_progbuf3_ff[11],3
i_dm.abs_progbuf3_ff[12],3
i_dm.abs_progbuf3_ff[13],3
i_dm.abs_progbuf3_ff[14],3
i_dm.abs_progbuf3_ff[15],3
i_dm.abs_progbuf3_ff[16],3
i_dm.abs_progbuf3_ff[17],3
i_dm.abs_progbuf3_ff[18],3
i_dm.abs_progbuf3_ff[19],3
i_dm.abs_progbuf3_ff[1],3
i_dm.abs_progbuf3_ff[20],3
i_dm.abs_progbuf3_ff[21],3
i_dm.abs_progbuf3_ff[22],3
i_dm.abs_progbuf3_ff[23],3
i_dm.abs_progbuf3_ff[24],3
i_dm.abs_progbuf3_ff[25],3
i_dm.abs_progbuf3_ff[26],3
i_dm.abs_progbuf3_ff[27],3
i_dm.abs_progbuf3_ff[28],3
i_dm.abs_progbuf3_ff[29],3
i_dm.abs_progbuf3_ff[2],3
i_dm.abs_progbuf3_ff[30],3
i_dm.abs_progbuf3_ff[31],3
i_dm.abs_progbuf3_ff[3],3
i_dm.abs_progbuf3_ff[4],3
i_dm.abs_progbuf3_ff[5],3
i_dm.abs_progbuf3_ff[6],3
i_dm.abs_progbuf3_ff[7],3
i_dm.abs_progbuf3_ff[8],3
i_dm.abs_progbuf3_ff[9],3
i_dm.abs_progbuf4_ff[0],3
i_dm.abs_progbuf4_ff[10],3
i_dm.abs_progbuf4_ff[11],3
i_dm.abs_progbuf4_ff[12],3
i_dm.abs_progbuf4_ff[13],3
i_dm.abs_progbuf4_ff[14],3
i_dm.abs_progbuf4_ff[15],3
i_dm.abs_progbuf4_ff[16],3
i_dm.abs_progbuf4_ff[17],3
i_dm.abs_progbuf4_ff[18],3
i_dm.abs_progbuf4_ff[19],3
i_dm.abs_progbuf4_ff[1],3
i_dm.abs_progbuf4_ff[20],3
i_dm.abs_progbuf4_ff[21],3
i_dm.abs_progbuf4_ff[22],3
i_dm.abs_progbuf4_ff[23],3
i_dm.abs_progbuf4_ff[24],3
i_dm.abs_progbuf4_ff[25],3
i_dm.abs_progbuf4_ff[26],3
i_dm.abs_progbuf4_ff[27],3
i_dm.abs_progbuf4_ff[28],3
i_dm.abs_progbuf4_ff[29],3
i_dm.abs_progbuf4_ff[2],3
i_dm.abs_progbuf4_ff[30],3
i_dm.abs_progbuf4_ff[31],3
i_dm.abs_progbuf4_ff[3],3
i_dm.abs_progbuf4_ff[4],3
i_dm.abs_progbuf4_ff[5],3
i_dm.abs_progbuf4_ff[6],3
i_dm.abs_progbuf4_ff[7],3
i_dm.abs_progbuf4_ff[8],3
i_dm.abs_progbuf4_ff[9],3
i_dm.abs_progbuf5_ff[0],3
i_dm.abs_progbuf5_ff[10],3
i_dm.abs_progbuf5_ff[11],3
i_dm.abs_progbuf5_ff[12],3
i_dm.abs_progbuf5_ff[13],3
i_dm.abs_progbuf5_ff[14],3
i_dm.abs_progbuf5_ff[15],3
i_dm.abs_progbuf5_ff[16],3
i_dm.abs_progbuf5_ff[17],3
i_dm.abs_progbuf5_ff[18],3
i_dm.abs_progbuf5_ff[19],3
i_dm.abs_progbuf5_ff[1],3
i_dm.abs_progbuf5_ff[20],3
i_dm.abs_progbuf5_ff[21],3
i_dm.abs_progbuf5_ff[22],3
i_dm.abs_progbuf5_ff[23],3
i_dm.abs_progbuf5_ff[24],3
i_dm.abs_progbuf5_ff[25],3
i_dm.abs_progbuf5_ff[26],3
i_dm.abs_progbuf5_ff[27],3
i_dm.abs_progbuf5_ff[28],3
i_dm.abs_progbuf5_ff[29],3
i_dm.abs_progbuf5_ff[2],3
i_dm.abs_progbuf5_ff[30],3
i_dm.abs_progbuf5_ff[31],3
i_dm.abs_progbuf5_ff[3],3
i_dm.abs_progbuf5_ff[4],3
i_dm.abs_progbuf5_ff[5],3
i_dm.abs_progbuf5_ff[6],3
i_dm.abs_progbuf5_ff[7],3
i_dm.abs_progbuf5_ff[8],3
i_dm.abs_progbuf5_ff[9],3
i_dm.abstractcs_cmderr_ff[0],3
i_dm.abstractcs_cmderr_ff[1],4
i_dm.abstractcs_cmderr_ff[2],6
i_dm.dhi_fsm_exec,5
i_dm.dhi_fsm_exec_halt,4
i_dm.dhi_fsm_ff[0],6
i_dm.dhi_fsm_ff[1],6
i_dm.dhi_fsm_ff[2],3
i_dm.dhi_fsm_ff[3],3
i_dm.dhi_fsm_ff[5],5
i_dm.dmcontrol_ackhavereset_ff,4
i_dm.dmcontrol_dmactive_ff,2
i_dm.dmcontrol_haltreq_ff,4
i_dm.dmcontrol_ndmreset_ff,5
i_dm.dmcontrol_resumereq_ff,5
i_dm.dmstatus_allany_halted_ff,5
i_dm.dmstatus_allany_havereset_ff,4
i_dm.dmstatus_allany_resumeack_ff,5
i_dm.hart_pbuf_ebreak_ff,2
i_dm.hart_pbuf_ebreak_next,1
i_dm.hart_state_dhalt,14
i_dm.hart_state_drun,3
i_dm.hart_state_reset,4
i_dm.hart_state_run,5
i_dm.havereset_skip_pwrup_ff,4
i_dmi.dm_rdata_ff[0],3
i_dmi.dm_rdata_ff[10],3
i_dmi.dm_rdata_ff[11],3
i_dmi.dm_rdata_ff[12],3
i_dmi.dm_rdata_ff[13],3
i_dmi.dm_rdata_ff[14],3
i_dmi.dm_rdata_ff[15],3
i_dmi.dm_rdata_ff[16],3
i_dmi.dm_rdata_ff[17],3
i_dmi.dm_rdata_ff[18],3
i_dmi.dm_rdata_ff[19],3
i_dmi.dm_rdata_ff[1],3
i_dmi.dm_rdata_ff[20],3
i_dmi.dm_rdata_ff[21],3
i_dmi.dm_rdata_ff[22],3
i_dmi.dm_rdata_ff[23],3
i_dmi.dm_rdata_ff[24],3
i_dmi.dm_rdata_ff[25],3
i_dmi.dm_rdata_ff[26],3
i_dmi.dm_rdata_ff[27],3
i_dmi.dm_rdata_ff[28],3
i_dmi.dm_rdata_ff[29],3
i_dmi.dm_rdata_ff[2],3
i_dmi.dm_rdata_ff[30],3
i_dmi.dm_rdata_ff[31],3
i_dmi.dm_rdata_ff[3],3
i_dmi.dm_rdata_ff[4],3
i_dmi.dm_rdata_ff[5],3
i_dmi.dm_rdata_ff[6],3
i_dmi.dm_rdata_ff[7],3
i_dmi.dm_rdata_ff[8],3
i_dmi.dm_rdata_ff[9],3
i_dmi.dmi2tapcsync_ch_tdo_o,8
i_dmi.tap_dr_ff[10],4
i_dmi.tap_dr_ff[11],4
i_dmi.tap_dr_ff[12],4
i_dmi.tap_dr_ff[13],4
i_dmi.tap_dr_ff[14],5
i_dmi.tap_dr_ff[15],5
i_dmi.tap_dr_ff[16],5
i_dmi.tap_dr_ff[17],5
i_dmi.tap_dr_ff[18],5
i_dmi.tap_dr_ff[19],7
i_dmi.tap_dr_ff[1],6
i_dmi.tap_dr_ff[20],5
i_dmi.tap_dr_ff[21],5
i_dmi.tap_dr_ff[22],4
i_dmi.tap_dr_ff[23],4
i_dmi.tap_dr_ff[24],5
i_dmi.tap_dr_ff[25],5
i_dmi.tap_dr_ff[26],6
i_dmi.tap_dr_ff[27],4
i_dmi.tap_dr_ff[28],6
i_dmi.tap_dr_ff[29],6
i_dmi.tap_dr_ff[2],4
i_dmi.tap_dr_ff[30],6
i_dmi.tap_dr_ff[31],6
i_dmi.tap_dr_ff[32],6
i_dmi.tap_dr_ff[33],6
i_dmi.tap_dr_ff[34],3
i_dmi.tap_dr_ff[35],9
i_dmi.tap_dr_ff[36],9
i_dmi.tap_dr_ff[37],9
i_dmi.tap_dr_ff[38],7
i_dmi.tap_dr_ff[39],11
i_dmi.tap_dr_ff[3],4
i_dmi.tap_dr_ff[40],7
i_dmi.tap_dr_ff[4],4
i_dmi.tap_dr_ff[5],4
i_dmi.tap_dr_ff[6],4
i_dmi.tap_dr_ff[7],4
i_dmi.tap_dr_ff[8],4
i_dmi.tap_dr_ff[9],4
i_dmi.tap_dr_rdata[0],2
i_dmi.tapcsync2dmi_ch_capture_i,3
i_dmi.tapcsync2dmi_ch_sel_i,6
i_dmi.tapcsync2dmi_ch_shift_i,3
i_dmi.tapcsync2dmi_ch_tdi_i,5
i_dmi.tapcsync2dmi_ch_update_i,3
i_pipe_top.dbg_new_pc[0],4
i_pipe_top.dbg_new_pc[10],2
i_pipe_top.dbg_new_pc[11],4
i_pipe_top.dbg_new_pc[12],4
i_pipe_top.dbg_new_pc[13],5
i_pipe_top.dbg_new_pc[14],5
i_pipe_top.dbg_new_pc[15],4
i_pipe_top.dbg_new_pc[16],4
i_pipe_top.dbg_new_pc[17],4
i_pipe_top.dbg_new_pc[18],2
i_pipe_top.dbg_new_pc[19],4
i_pipe_top.dbg_new_pc[1],4
i_pipe_top.dbg_new_pc[20],5
i_pipe_top.dbg_new_pc[21],4
i_pipe_top.dbg_new_pc[22],4
i_pipe_top.dbg_new_pc[23],4
i_pipe_top.dbg_new_pc[24],2
i_pipe_top.dbg_new_pc[25],5
i_pipe_top.dbg_new_pc[26],5
i_pipe_top.dbg_new_pc[27],2
i_pipe_top.dbg_new_pc[28],4
i_pipe_top.dbg_new_pc[29],4
i_pipe_top.dbg_new_pc[2],4
i_pipe_top.dbg_new_pc[30],4
i_pipe_top.dbg_new_pc[31],2
i_pipe_top.dbg_new_pc[3],4
i_pipe_top.dbg_new_pc[4],4
i_pipe_top.dbg_new_pc[5],2
i_pipe_top.dbg_new_pc[6],4
i_pipe_top.dbg_new_pc[7],4
i_pipe_top.dbg_new_pc[8],4
i_pipe_top.dbg_new_pc[9],5
i_pipe_top.exu2csr_rw_addr[10],2
i_pipe_top.exu2csr_rw_addr[11],2
i_pipe_top.exu2csr_rw_addr[4],5
i_pipe_top.exu2csr_rw_addr[5],3
i_pipe_top.exu2csr_rw_addr[6],4
i_pipe_top.exu2csr_rw_addr[7],4
i_pipe_top.exu2csr_rw_addr[8],4
i_pipe_top.exu2csr_rw_addr[9],4
i_pipe_top.exu_dmode_sstep_en,5
i_pipe_top.exu_irq_dsbl,4
i_pipe_top.exu_pc_advmt_dsbl,10
i_pipe_top.hdu2ifu_pbuf_err,5
i_pipe_top.hdu2ifu_pbuf_instr[0],2
i_pipe_top.hdu2ifu_pbuf_instr[10],3
i_pipe_top.hdu2ifu_pbuf_instr[11],2
i_pipe_top.hdu2ifu_pbuf_instr[12],3
i_pipe_top.hdu2ifu_pbuf_instr[13],3
i_pipe_top.hdu2ifu_pbuf_instr[14],4
i_pipe_top.hdu2ifu_pbuf_instr[15],4
i_pipe_top.hdu2ifu_pbuf_instr[16],2
i_pipe_top.hdu2ifu_pbuf_instr[17],2
i_pipe_top.hdu2ifu_pbuf_instr[18],3
i_pipe_top.hdu2ifu_pbuf_instr[19],2
i_pipe_top.hdu2ifu_pbuf_instr[1],2
i_pipe_top.hdu2ifu_pbuf_instr[20],2
i_pipe_top.hdu2ifu_pbuf_instr[21],2
i_pipe_top.hdu2ifu_pbuf_instr[22],2
i_pipe_top.hdu2ifu_pbuf_instr[23],2
i_pipe_top.hdu2ifu_pbuf_instr[24],2
i_pipe_top.hdu2ifu_pbuf_instr[25],2
i_pipe_top.hdu2ifu_pbuf_instr[26],3
i_pipe_top.hdu2ifu_pbuf_instr[27],3
i_pipe_top.hdu2ifu_pbuf_instr[28],2
i_pipe_top.hdu2ifu_pbuf_instr[29],2
i_pipe_top.hdu2ifu_pbuf_instr[2],4
i_pipe_top.hdu2ifu_pbuf_instr[30],2
i_pipe_top.hdu2ifu_pbuf_instr[31],2
i_pipe_top.hdu2ifu_pbuf_instr[3],2
i_pipe_top.hdu2ifu_pbuf_instr[4],2
i_pipe_top.hdu2ifu_pbuf_instr[5],2
i_pipe_top.hdu2ifu_pbuf_instr[6],2
i_pipe_top.hdu2ifu_pbuf_instr[7],3
i_pipe_top.hdu2ifu_pbuf_instr[8],2
i_pipe_top.hdu2ifu_pbuf_instr[9],2
i_pipe_top.i_pipe_csr.csr_mcause_ec_ff[0],3
i_pipe_top.i_pipe_csr.csr_mcause_ec_ff[1],3
i_pipe_top.i_pipe_csr.csr_mcause_ec_ff[2],3
i_pipe_top.i_pipe_csr.csr_mcause_ec_ff[3],3
i_pipe_top.i_pipe_csr.csr_mcause_i_ff,3
i_pipe_top.i_pipe_csr.csr_mcounten_cy_ff,7
i_pipe_top.i_pipe_csr.csr_mcounten_ir_ff,3
i_pipe_top.i_pipe_csr.csr_mcycle_hi_ff[10],9
i_pipe_top.i_pipe_csr.csr_mcycle_hi_ff[11],8
i_pipe_top.i_pipe_csr.csr_mcycle_hi_ff[12],6
i_pipe_top.i_pipe_csr.csr_mcycle_hi_ff[13],4
i_pipe_top.i_pipe_csr.csr_mcycle_hi_ff[14],4
i_pipe_top.i_pipe_csr.csr_mcycle_hi_ff[15],6
i_pipe_top.i_pipe_csr.csr_mcycle_hi_ff[16],4
i_pipe_top.i_pipe_csr.csr_mcycle_hi_ff[17],5
i_pipe_top.i_pipe_csr.csr_mcycle_hi_ff[18],3
i_pipe_top.i_pipe_csr.csr_mcycle_hi_ff[19],8
i_pipe_top.i_pipe_csr.csr_mcycle_hi_ff[20],6
i_pipe_top.i_pipe_csr.csr_mcycle_hi_ff[21],4
i_pipe_top.i_pipe_csr.csr_mcycle_hi_ff[22],8
i_pipe_top.i_pipe_csr.csr_mcycle_hi_ff[23],8
i_pipe_top.i_pipe_csr.csr_mcycle_hi_ff[24],7
i_pipe_top.i_pipe_csr.csr_mcycle_hi_ff[25],5
i_pipe_top.i_pipe_csr.csr_mcycle_hi_ff[26],4
i_pipe_top.i_pipe_csr.csr_mcycle_hi_ff[27],5
i_pipe_top.i_pipe_csr.csr_mcycle_hi_ff[28],4
i_pipe_top.i_pipe_csr.csr_mcycle_hi_ff[29],4
i_pipe_top.i_pipe_csr.csr_mcycle_hi_ff[30],6
i_pipe_top.i_pipe_csr.csr_mcycle_hi_ff[31],4
i_pipe_top.i_pipe_csr.csr_mcycle_hi_ff[32],6
i_pipe_top.i_pipe_csr.csr_mcycle_hi_ff[33],6
i_pipe_top.i_pipe_csr.csr_mcycle_hi_ff[34],6
i_pipe_top.i_pipe_csr.csr_mcycle_hi_ff[35],6
i_pipe_top.i_pipe_csr.csr_mcycle_hi_ff[36],5
i_pipe_top.i_pipe_csr.csr_mcycle_hi_ff[37],4
i_pipe_top.i_pipe_csr.csr_mcycle_hi_ff[38],7
i_pipe_top.i_pipe_csr.csr_mcycle_hi_ff[39],5
i_pipe_top.i_pipe_csr.csr_mcycle_hi_ff[40],7
i_pipe_top.i_pipe_csr.csr_mcycle_hi_ff[41],5
i_pipe_top.i_pipe_csr.csr_mcycle_hi_ff[42],6
i_pipe_top.i_pipe_csr.csr_mcycle_hi_ff[43],6
i_pipe_top.i_pipe_csr.csr_mcycle_hi_ff[44],7
i_pipe_top.i_pipe_csr.csr_mcycle_hi_ff[45],6
i_pipe_top.i_pipe_csr.csr_mcycle_hi_ff[46],5
i_pipe_top.i_pipe_csr.csr_mcycle_hi_ff[47],6
i_pipe_top.i_pipe_csr.csr_mcycle_hi_ff[48],5
i_pipe_top.i_pipe_csr.csr_mcycle_hi_ff[49],6
i_pipe_top.i_pipe_csr.csr_mcycle_hi_ff[50],5
i_pipe_top.i_pipe_csr.csr_mcycle_hi_ff[51],4
i_pipe_top.i_pipe_csr.csr_mcycle_hi_ff[52],5
i_pipe_top.i_pipe_csr.csr_mcycle_hi_ff[53],5
i_pipe_top.i_pipe_csr.csr_mcycle_hi_ff[54],6
i_pipe_top.i_pipe_csr.csr_mcycle_hi_ff[55],5
i_pipe_top.i_pipe_csr.csr_mcycle_hi_ff[56],7
i_pipe_top.i_pipe_csr.csr_mcycle_hi_ff[57],6
i_pipe_top.i_pipe_csr.csr_mcycle_hi_ff[58],6
i_pipe_top.i_pipe_csr.csr_mcycle_hi_ff[59],4
i_pipe_top.i_pipe_csr.csr_mcycle_hi_ff[60],7
i_pipe_top.i_pipe_csr.csr_mcycle_hi_ff[61],5
i_pipe_top.i_pipe_csr.csr_mcycle_hi_ff[62],4
i_pipe_top.i_pipe_csr.csr_mcycle_hi_ff[63],4
i_pipe_top.i_pipe_csr.csr_mcycle_hi_ff[8],7
i_pipe_top.i_pipe_csr.csr_mcycle_hi_ff[9],6
i_pipe_top.i_pipe_csr.csr_mcycle_hi_new[9],2
i_pipe_top.i_pipe_csr.csr_mcycle_lo_ff[0],5
i_pipe_top.i_pipe_csr.csr_mcycle_lo_ff[1],5
i_pipe_top.i_pipe_csr.csr_mcycle_lo_ff[2],5
i_pipe_top.i_pipe_csr.csr_mcycle_lo_ff[3],5
i_pipe_top.i_pipe_csr.csr_mcycle_lo_ff[4],5
i_pipe_top.i_pipe_csr.csr_mcycle_lo_ff[5],5
i_pipe_top.i_pipe_csr.csr_mcycle_lo_ff[6],5
i_pipe_top.i_pipe_csr.csr_mcycle_lo_ff[7],4
i_pipe_top.i_pipe_csr.csr_mepc_ff[10],4
i_pipe_top.i_pipe_csr.csr_mepc_ff[11],4
i_pipe_top.i_pipe_csr.csr_mepc_ff[12],4
i_pipe_top.i_pipe_csr.csr_mepc_ff[13],4
i_pipe_top.i_pipe_csr.csr_mepc_ff[14],4
i_pipe_top.i_pipe_csr.csr_mepc_ff[15],4
i_pipe_top.i_pipe_csr.csr_mepc_ff[16],4
i_pipe_top.i_pipe_csr.csr_mepc_ff[17],4
i_pipe_top.i_pipe_csr.csr_mepc_ff[18],4
i_pipe_top.i_pipe_csr.csr_mepc_ff[19],4
i_pipe_top.i_pipe_csr.csr_mepc_ff[1],4
i_pipe_top.i_pipe_csr.csr_mepc_ff[20],4
i_pipe_top.i_pipe_csr.csr_mepc_ff[21],4
i_pipe_top.i_pipe_csr.csr_mepc_ff[22],4
i_pipe_top.i_pipe_csr.csr_mepc_ff[23],4
i_pipe_top.i_pipe_csr.csr_mepc_ff[24],4
i_pipe_top.i_pipe_csr.csr_mepc_ff[25],4
i_pipe_top.i_pipe_csr.csr_mepc_ff[26],4
i_pipe_top.i_pipe_csr.csr_mepc_ff[27],5
i_pipe_top.i_pipe_csr.csr_mepc_ff[28],4
i_pipe_top.i_pipe_csr.csr_mepc_ff[29],4
i_pipe_top.i_pipe_csr.csr_mepc_ff[2],4
i_pipe_top.i_pipe_csr.csr_mepc_ff[30],4
i_pipe_top.i_pipe_csr.csr_mepc_ff[31],4
i_pipe_top.i_pipe_csr.csr_mepc_ff[3],4
i_pipe_top.i_pipe_csr.csr_mepc_ff[4],4
i_pipe_top.i_pipe_csr.csr_mepc_ff[5],5
i_pipe_top.i_pipe_csr.csr_mepc_ff[6],4
i_pipe_top.i_pipe_csr.csr_mepc_ff[7],4
i_pipe_top.i_pipe_csr.csr_mepc_ff[8],4
i_pipe_top.i_pipe_csr.csr_mepc_ff[9],4
i_pipe_top.i_pipe_csr.csr_mie_meie_ff,5
i_pipe_top.i_pipe_csr.csr_mie_msie_ff,4
i_pipe_top.i_pipe_csr.csr_mie_mtie_ff,5
i_pipe_top.i_pipe_csr.csr_minstret_hi_ff[10],9
i_pipe_top.i_pipe_csr.csr_minstret_hi_ff[11],8
i_pipe_top.i_pipe_csr.csr_minstret_hi_ff[12],6
i_pipe_top.i_pipe_csr.csr_minstret_hi_ff[13],4
i_pipe_top.i_pipe_csr.csr_minstret_hi_ff[14],5
i_pipe_top.i_pipe_csr.csr_minstret_hi_ff[15],8
i_pipe_top.i_pipe_csr.csr_minstret_hi_ff[16],7
i_pipe_top.i_pipe_csr.csr_minstret_hi_ff[17],6
i_pipe_top.i_pipe_csr.csr_minstret_hi_ff[18],4
i_pipe_top.i_pipe_csr.csr_minstret_hi_ff[19],8
i_pipe_top.i_pipe_csr.csr_minstret_hi_ff[20],6
i_pipe_top.i_pipe_csr.csr_minstret_hi_ff[21],4
i_pipe_top.i_pipe_csr.csr_minstret_hi_ff[22],6
i_pipe_top.i_pipe_csr.csr_minstret_hi_ff[23],4
i_pipe_top.i_pipe_csr.csr_minstret_hi_ff[24],8
i_pipe_top.i_pipe_csr.csr_minstret_hi_ff[25],6
i_pipe_top.i_pipe_csr.csr_minstret_hi_ff[26],6
i_pipe_top.i_pipe_csr.csr_minstret_hi_ff[27],5
i_pipe_top.i_pipe_csr.csr_minstret_hi_ff[28],4
i_pipe_top.i_pipe_csr.csr_minstret_hi_ff[29],4
i_pipe_top.i_pipe_csr.csr_minstret_hi_ff[30],6
i_pipe_top.i_pipe_csr.csr_minstret_hi_ff[31],4
i_pipe_top.i_pipe_csr.csr_minstret_hi_ff[32],8
i_pipe_top.i_pipe_csr.csr_minstret_hi_ff[33],6
i_pipe_top.i_pipe_csr.csr_minstret_hi_ff[34],4
i_pipe_top.i_pipe_csr.csr_minstret_hi_ff[35],8
i_pipe_top.i_pipe_csr.csr_minstret_hi_ff[36],6
i_pipe_top.i_pipe_csr.csr_minstret_hi_ff[37],5
i_pipe_top.i_pipe_csr.csr_minstret_hi_ff[38],6
i_pipe_top.i_pipe_csr.csr_minstret_hi_ff[39],5
i_pipe_top.i_pipe_csr.csr_minstret_hi_ff[40],4
i_pipe_top.i_pipe_csr.csr_minstret_hi_ff[41],7
i_pipe_top.i_pipe_csr.csr_minstret_hi_ff[42],5
i_pipe_top.i_pipe_csr.csr_minstret_hi_ff[43],4
i_pipe_top.i_pipe_csr.csr_minstret_hi_ff[44],8
i_pipe_top.i_pipe_csr.csr_minstret_hi_ff[45],6
i_pipe_top.i_pipe_csr.csr_minstret_hi_ff[46],9
i_pipe_top.i_pipe_csr.csr_minstret_hi_ff[47],7
i_pipe_top.i_pipe_csr.csr_minstret_hi_ff[48],7
i_pipe_top.i_pipe_csr.csr_minstret_hi_ff[49],5
i_pipe_top.i_pipe_csr.csr_minstret_hi_ff[50],4
i_pipe_top.i_pipe_csr.csr_minstret_hi_ff[51],6
i_pipe_top.i_pipe_csr.csr_minstret_hi_ff[52],4
i_pipe_top.i_pipe_csr.csr_minstret_hi_ff[53],9
i_pipe_top.i_pipe_csr.csr_minstret_hi_ff[54],7
i_pipe_top.i_pipe_csr.csr_minstret_hi_ff[55],5
i_pipe_top.i_pipe_csr.csr_minstret_hi_ff[56],7
i_pipe_top.i_pipe_csr.csr_minstret_hi_ff[57],5
i_pipe_top.i_pipe_csr.csr_minstret_hi_ff[58],4
i_pipe_top.i_pipe_csr.csr_minstret_hi_ff[59],7
i_pipe_top.i_pipe_csr.csr_minstret_hi_ff[60],5
i_pipe_top.i_pipe_csr.csr_minstret_hi_ff[61],4
i_pipe_top.i_pipe_csr.csr_minstret_hi_ff[62],5
i_pipe_top.i_pipe_csr.csr_minstret_hi_ff[63],4
i_pipe_top.i_pipe_csr.csr_minstret_hi_ff[8],7
i_pipe_top.i_pipe_csr.csr_minstret_hi_ff[9],6
i_pipe_top.i_pipe_csr.csr_minstret_hi_new[9],2
i_pipe_top.i_pipe_csr.csr_minstret_lo_ff[0],5
i_pipe_top.i_pipe_csr.csr_minstret_lo_ff[1],5
i_pipe_top.i_pipe_csr.csr_minstret_lo_ff[2],6
i_pipe_top.i_pipe_csr.csr_minstret_lo_ff[3],4
i_pipe_top.i_pipe_csr.csr_minstret_lo_ff[4],6
i_pipe_top.i_pipe_csr.csr_minstret_lo_ff[5],5
i_pipe_top.i_pipe_csr.csr_minstret_lo_ff[6],4
i_pipe_top.i_pipe_csr.csr_minstret_lo_ff[7],4
i_pipe_top.i_pipe_csr.csr_mscratch_ff[0],3
i_pipe_top.i_pipe_csr.csr_mscratch_ff[10],3
i_pipe_top.i_pipe_csr.csr_mscratch_ff[11],3
i_pipe_top.i_pipe_csr.csr_mscratch_ff[12],3
i_pipe_top.i_pipe_csr.csr_mscratch_ff[13],3
i_pipe_top.i_pipe_csr.csr_mscratch_ff[14],3
i_pipe_top.i_pipe_csr.csr_mscratch_ff[15],3
i_pipe_top.i_pipe_csr.csr_mscratch_ff[16],3
i_pipe_top.i_pipe_csr.csr_mscratch_ff[17],3
i_pipe_top.i_pipe_csr.csr_mscratch_ff[18],3
i_pipe_top.i_pipe_csr.csr_mscratch_ff[19],3
i_pipe_top.i_pipe_csr.csr_mscratch_ff[1],3
i_pipe_top.i_pipe_csr.csr_mscratch_ff[20],3
i_pipe_top.i_pipe_csr.csr_mscratch_ff[21],3
i_pipe_top.i_pipe_csr.csr_mscratch_ff[22],3
i_pipe_top.i_pipe_csr.csr_mscratch_ff[23],3
i_pipe_top.i_pipe_csr.csr_mscratch_ff[24],3
i_pipe_top.i_pipe_csr.csr_mscratch_ff[25],3
i_pipe_top.i_pipe_csr.csr_mscratch_ff[26],3
i_pipe_top.i_pipe_csr.csr_mscratch_ff[27],4
i_pipe_top.i_pipe_csr.csr_mscratch_ff[28],3
i_pipe_top.i_pipe_csr.csr_mscratch_ff[29],3
i_pipe_top.i_pipe_csr.csr_mscratch_ff[2],3
i_pipe_top.i_pipe_csr.csr_mscratch_ff[30],3
i_pipe_top.i_pipe_csr.csr_mscratch_ff[31],3
i_pipe_top.i_pipe_csr.csr_mscratch_ff[3],3
i_pipe_top.i_pipe_csr.csr_mscratch_ff[4],3
i_pipe_top.i_pipe_csr.csr_mscratch_ff[5],3
i_pipe_top.i_pipe_csr.csr_mscratch_ff[6],3
i_pipe_top.i_pipe_csr.csr_mscratch_ff[7],3
i_pipe_top.i_pipe_csr.csr_mscratch_ff[8],3
i_pipe_top.i_pipe_csr.csr_mscratch_ff[9],3
i_pipe_top.i_pipe_csr.csr_mstatus_mie_ff,5
i_pipe_top.i_pipe_csr.csr_mstatus_mpie_ff,4
i_pipe_top.i_pipe_csr.csr_mtval_ff[0],3
i_pipe_top.i_pipe_csr.csr_mtval_ff[10],3
i_pipe_top.i_pipe_csr.csr_mtval_ff[11],3
i_pipe_top.i_pipe_csr.csr_mtval_ff[12],3
i_pipe_top.i_pipe_csr.csr_mtval_ff[13],3
i_pipe_top.i_pipe_csr.csr_mtval_ff[14],3
i_pipe_top.i_pipe_csr.csr_mtval_ff[15],3
i_pipe_top.i_pipe_csr.csr_mtval_ff[16],3
i_pipe_top.i_pipe_csr.csr_mtval_ff[17],3
i_pipe_top.i_pipe_csr.csr_mtval_ff[18],3
i_pipe_top.i_pipe_csr.csr_mtval_ff[19],3
i_pipe_top.i_pipe_csr.csr_mtval_ff[1],3
i_pipe_top.i_pipe_csr.csr_mtval_ff[20],3
i_pipe_top.i_pipe_csr.csr_mtval_ff[21],3
i_pipe_top.i_pipe_csr.csr_mtval_ff[22],3
i_pipe_top.i_pipe_csr.csr_mtval_ff[23],3
i_pipe_top.i_pipe_csr.csr_mtval_ff[24],3
i_pipe_top.i_pipe_csr.csr_mtval_ff[25],3
i_pipe_top.i_pipe_csr.csr_mtval_ff[26],3
i_pipe_top.i_pipe_csr.csr_mtval_ff[27],4
i_pipe_top.i_pipe_csr.csr_mtval_ff[28],3
i_pipe_top.i_pipe_csr.csr_mtval_ff[29],3
i_pipe_top.i_pipe_csr.csr_mtval_ff[2],3
i_pipe_top.i_pipe_csr.csr_mtval_ff[30],3
i_pipe_top.i_pipe_csr.csr_mtval_ff[31],3
i_pipe_top.i_pipe_csr.csr_mtval_ff[3],3
i_pipe_top.i_pipe_csr.csr_mtval_ff[4],3
i_pipe_top.i_pipe_csr.csr_mtval_ff[5],3
i_pipe_top.i_pipe_csr.csr_mtval_ff[6],3
i_pipe_top.i_pipe_csr.csr_mtval_ff[7],3
i_pipe_top.i_pipe_csr.csr_mtval_ff[8],3
i_pipe_top.i_pipe_csr.csr_mtval_ff[9],3
i_pipe_top.i_pipe_csr.csr_mtvec_base[10],4
i_pipe_top.i_pipe_csr.csr_mtvec_base[11],4
i_pipe_top.i_pipe_csr.csr_mtvec_base[12],4
i_pipe_top.i_pipe_csr.csr_mtvec_base[13],4
i_pipe_top.i_pipe_csr.csr_mtvec_base[14],4
i_pipe_top.i_pipe_csr.csr_mtvec_base[15],4
i_pipe_top.i_pipe_csr.csr_mtvec_base[16],4
i_pipe_top.i_pipe_csr.csr_mtvec_base[17],4
i_pipe_top.i_pipe_csr.csr_mtvec_base[18],4
i_pipe_top.i_pipe_csr.csr_mtvec_base[19],4
i_pipe_top.i_pipe_csr.csr_mtvec_base[20],4
i_pipe_top.i_pipe_csr.csr_mtvec_base[21],4
i_pipe_top.i_pipe_csr.csr_mtvec_base[22],4
i_pipe_top.i_pipe_csr.csr_mtvec_base[23],4
i_pipe_top.i_pipe_csr.csr_mtvec_base[24],4
i_pipe_top.i_pipe_csr.csr_mtvec_base[25],4
i_pipe_top.i_pipe_csr.csr_mtvec_base[26],4
i_pipe_top.i_pipe_csr.csr_mtvec_base[27],5
i_pipe_top.i_pipe_csr.csr_mtvec_base[28],4
i_pipe_top.i_pipe_csr.csr_mtvec_base[29],4
i_pipe_top.i_pipe_csr.csr_mtvec_base[30],4
i_pipe_top.i_pipe_csr.csr_mtvec_base[31],4
i_pipe_top.i_pipe_csr.csr_mtvec_base[6],4
i_pipe_top.i_pipe_csr.csr_mtvec_base[7],4
i_pipe_top.i_pipe_csr.csr_mtvec_base[8],4
i_pipe_top.i_pipe_csr.csr_mtvec_base[9],4
i_pipe_top.i_pipe_csr.csr_mtvec_mode,4
i_pipe_top.i_pipe_exu.csr_access_ff,9
i_pipe_top.i_pipe_exu.csr_access_next,2
i_pipe_top.i_pipe_exu.exu2pipe_wfi_halted_o,6
i_pipe_top.i_pipe_exu.exu_exc_req_ff,2
i_pipe_top.i_pipe_exu.i_ialu.div_dvdnd_lo_ff[10],2
i_pipe_top.i_pipe_exu.i_ialu.div_dvdnd_lo_ff[11],2
i_pipe_top.i_pipe_exu.i_ialu.div_dvdnd_lo_ff[12],2
i_pipe_top.i_pipe_exu.i_ialu.div_dvdnd_lo_ff[13],2
i_pipe_top.i_pipe_exu.i_ialu.div_dvdnd_lo_ff[14],2
i_pipe_top.i_pipe_exu.i_ialu.div_dvdnd_lo_ff[15],3
i_pipe_top.i_pipe_exu.i_ialu.div_dvdnd_lo_ff[16],3
i_pipe_top.i_pipe_exu.i_ialu.div_dvdnd_lo_ff[17],2
i_pipe_top.i_pipe_exu.i_ialu.div_dvdnd_lo_ff[18],3
i_pipe_top.i_pipe_exu.i_ialu.div_dvdnd_lo_ff[19],2
i_pipe_top.i_pipe_exu.i_ialu.div_dvdnd_lo_ff[1],2
i_pipe_top.i_pipe_exu.i_ialu.div_dvdnd_lo_ff[20],2
i_pipe_top.i_pipe_exu.i_ialu.div_dvdnd_lo_ff[21],3
i_pipe_top.i_pipe_exu.i_ialu.div_dvdnd_lo_ff[22],2
i_pipe_top.i_pipe_exu.i_ialu.div_dvdnd_lo_ff[23],2
i_pipe_top.i_pipe_exu.i_ialu.div_dvdnd_lo_ff[24],2
i_pipe_top.i_pipe_exu.i_ialu.div_dvdnd_lo_ff[25],2
i_pipe_top.i_pipe_exu.i_ialu.div_dvdnd_lo_ff[26],2
i_pipe_top.i_pipe_exu.i_ialu.div_dvdnd_lo_ff[27],2
i_pipe_top.i_pipe_exu.i_ialu.div_dvdnd_lo_ff[28],3
i_pipe_top.i_pipe_exu.i_ialu.div_dvdnd_lo_ff[29],2
i_pipe_top.i_pipe_exu.i_ialu.div_dvdnd_lo_ff[2],2
i_pipe_top.i_pipe_exu.i_ialu.div_dvdnd_lo_ff[30],2
i_pipe_top.i_pipe_exu.i_ialu.div_dvdnd_lo_ff[31],2
i_pipe_top.i_pipe_exu.i_ialu.div_dvdnd_lo_ff[3],2
i_pipe_top.i_pipe_exu.i_ialu.div_dvdnd_lo_ff[4],2
i_pipe_top.i_pipe_exu.i_ialu.div_dvdnd_lo_ff[5],2
i_pipe_top.i_pipe_exu.i_ialu.div_dvdnd_lo_ff[6],2
i_pipe_top.i_pipe_exu.i_ialu.div_dvdnd_lo_ff[7],2
i_pipe_top.i_pipe_exu.i_ialu.div_dvdnd_lo_ff[8],2
i_pipe_top.i_pipe_exu.i_ialu.div_dvdnd_lo_ff[9],2
i_pipe_top.i_pipe_exu.i_ialu.div_dvdnd_lo_next[10],2
i_pipe_top.i_pipe_exu.i_ialu.div_dvdnd_lo_next[11],2
i_pipe_top.i_pipe_exu.i_ialu.div_dvdnd_lo_next[12],2
i_pipe_top.i_pipe_exu.i_ialu.div_dvdnd_lo_next[13],2
i_pipe_top.i_pipe_exu.i_ialu.div_dvdnd_lo_next[14],2
i_pipe_top.i_pipe_exu.i_ialu.div_dvdnd_lo_next[15],2
i_pipe_top.i_pipe_exu.i_ialu.div_dvdnd_lo_next[16],2
i_pipe_top.i_pipe_exu.i_ialu.div_dvdnd_lo_next[17],2
i_pipe_top.i_pipe_exu.i_ialu.div_dvdnd_lo_next[18],2
i_pipe_top.i_pipe_exu.i_ialu.div_dvdnd_lo_next[19],2
i_pipe_top.i_pipe_exu.i_ialu.div_dvdnd_lo_next[1],2
i_pipe_top.i_pipe_exu.i_ialu.div_dvdnd_lo_next[20],2
i_pipe_top.i_pipe_exu.i_ialu.div_dvdnd_lo_next[21],2
i_pipe_top.i_pipe_exu.i_ialu.div_dvdnd_lo_next[22],2
i_pipe_top.i_pipe_exu.i_ialu.div_dvdnd_lo_next[23],2
i_pipe_top.i_pipe_exu.i_ialu.div_dvdnd_lo_next[24],2
i_pipe_top.i_pipe_exu.i_ialu.div_dvdnd_lo_next[25],2
i_pipe_top.i_pipe_exu.i_ialu.div_dvdnd_lo_next[26],2
i_pipe_top.i_pipe_exu.i_ialu.div_dvdnd_lo_next[27],2
i_pipe_top.i_pipe_exu.i_ialu.div_dvdnd_lo_next[28],2
i_pipe_top.i_pipe_exu.i_ialu.div_dvdnd_lo_next[29],2
i_pipe_top.i_pipe_exu.i_ialu.div_dvdnd_lo_next[2],2
i_pipe_top.i_pipe_exu.i_ialu.div_dvdnd_lo_next[30],2
i_pipe_top.i_pipe_exu.i_ialu.div_dvdnd_lo_next[31],2
i_pipe_top.i_pipe_exu.i_ialu.div_dvdnd_lo_next[3],2
i_pipe_top.i_pipe_exu.i_ialu.div_dvdnd_lo_next[4],2
i_pipe_top.i_pipe_exu.i_ialu.div_dvdnd_lo_next[5],2
i_pipe_top.i_pipe_exu.i_ialu.div_dvdnd_lo_next[6],2
i_pipe_top.i_pipe_exu.i_ialu.div_dvdnd_lo_next[7],2
i_pipe_top.i_pipe_exu.i_ialu.div_dvdnd_lo_next[8],2
i_pipe_top.i_pipe_exu.i_ialu.div_dvdnd_lo_next[9],2
i_pipe_top.i_pipe_exu.i_ialu.div_dvdnd_lo_upd,2
i_pipe_top.i_pipe_exu.i_ialu.div_res_quo[0],2
i_pipe_top.i_pipe_exu.i_ialu.div_res_quo[10],3
i_pipe_top.i_pipe_exu.i_ialu.div_res_quo[11],3
i_pipe_top.i_pipe_exu.i_ialu.div_res_quo[12],3
i_pipe_top.i_pipe_exu.i_ialu.div_res_quo[13],3
i_pipe_top.i_pipe_exu.i_ialu.div_res_quo[14],3
i_pipe_top.i_pipe_exu.i_ialu.div_res_quo[15],3
i_pipe_top.i_pipe_exu.i_ialu.div_res_quo[16],3
i_pipe_top.i_pipe_exu.i_ialu.div_res_quo[17],2
i_pipe_top.i_pipe_exu.i_ialu.div_res_quo[18],3
i_pipe_top.i_pipe_exu.i_ialu.div_res_quo[19],2
i_pipe_top.i_pipe_exu.i_ialu.div_res_quo[1],2
i_pipe_top.i_pipe_exu.i_ialu.div_res_quo[20],2
i_pipe_top.i_pipe_exu.i_ialu.div_res_quo[21],2
i_pipe_top.i_pipe_exu.i_ialu.div_res_quo[22],3
i_pipe_top.i_pipe_exu.i_ialu.div_res_quo[23],3
i_pipe_top.i_pipe_exu.i_ialu.div_res_quo[24],3
i_pipe_top.i_pipe_exu.i_ialu.div_res_quo[25],3
i_pipe_top.i_pipe_exu.i_ialu.div_res_quo[26],3
i_pipe_top.i_pipe_exu.i_ialu.div_res_quo[27],3
i_pipe_top.i_pipe_exu.i_ialu.div_res_quo[28],3
i_pipe_top.i_pipe_exu.i_ialu.div_res_quo[29],3
i_pipe_top.i_pipe_exu.i_ialu.div_res_quo[2],3
i_pipe_top.i_pipe_exu.i_ialu.div_res_quo[30],2
i_pipe_top.i_pipe_exu.i_ialu.div_res_quo[31],2
i_pipe_top.i_pipe_exu.i_ialu.div_res_quo[3],3
i_pipe_top.i_pipe_exu.i_ialu.div_res_quo[4],3
i_pipe_top.i_pipe_exu.i_ialu.div_res_quo[5],3
i_pipe_top.i_pipe_exu.i_ialu.div_res_quo[6],3
i_pipe_top.i_pipe_exu.i_ialu.div_res_quo[7],3
i_pipe_top.i_pipe_exu.i_ialu.div_res_quo[8],3
i_pipe_top.i_pipe_exu.i_ialu.div_res_quo[9],3
i_pipe_top.i_pipe_exu.i_ialu.div_res_rem[0],3
i_pipe_top.i_pipe_exu.i_ialu.div_res_rem[10],3
i_pipe_top.i_pipe_exu.i_ialu.div_res_rem[11],3
i_pipe_top.i_pipe_exu.i_ialu.div_res_rem[12],3
i_pipe_top.i_pipe_exu.i_ialu.div_res_rem[13],3
i_pipe_top.i_pipe_exu.i_ialu.div_res_rem[14],3
i_pipe_top.i_pipe_exu.i_ialu.div_res_rem[15],3
i_pipe_top.i_pipe_exu.i_ialu.div_res_rem[16],3
i_pipe_top.i_pipe_exu.i_ialu.div_res_rem[17],2
i_pipe_top.i_pipe_exu.i_ialu.div_res_rem[18],3
i_pipe_top.i_pipe_exu.i_ialu.div_res_rem[19],2
i_pipe_top.i_pipe_exu.i_ialu.div_res_rem[1],2
i_pipe_top.i_pipe_exu.i_ialu.div_res_rem[20],2
i_pipe_top.i_pipe_exu.i_ialu.div_res_rem[21],2
i_pipe_top.i_pipe_exu.i_ialu.div_res_rem[22],3
i_pipe_top.i_pipe_exu.i_ialu.div_res_rem[23],3
i_pipe_top.i_pipe_exu.i_ialu.div_res_rem[24],3
i_pipe_top.i_pipe_exu.i_ialu.div_res_rem[25],3
i_pipe_top.i_pipe_exu.i_ialu.div_res_rem[26],3
i_pipe_top.i_pipe_exu.i_ialu.div_res_rem[27],3
i_pipe_top.i_pipe_exu.i_ialu.div_res_rem[28],3
i_pipe_top.i_pipe_exu.i_ialu.div_res_rem[29],3
i_pipe_top.i_pipe_exu.i_ialu.div_res_rem[2],3
i_pipe_top.i_pipe_exu.i_ialu.div_res_rem[30],2
i_pipe_top.i_pipe_exu.i_ialu.div_res_rem[31],2
i_pipe_top.i_pipe_exu.i_ialu.div_res_rem[3],3
i_pipe_top.i_pipe_exu.i_ialu.div_res_rem[4],3
i_pipe_top.i_pipe_exu.i_ialu.div_res_rem[5],3
i_pipe_top.i_pipe_exu.i_ialu.div_res_rem[6],3
i_pipe_top.i_pipe_exu.i_ialu.div_res_rem[7],3
i_pipe_top.i_pipe_exu.i_ialu.div_res_rem[8],3
i_pipe_top.i_pipe_exu.i_ialu.div_res_rem[9],3
i_pipe_top.i_pipe_exu.i_ialu.div_res_rem_c,1
i_pipe_top.i_pipe_exu.i_ialu.exu2ialu_addr_op1_i[0],2
i_pipe_top.i_pipe_exu.i_ialu.exu2ialu_addr_op1_i[10],2
i_pipe_top.i_pipe_exu.i_ialu.exu2ialu_addr_op1_i[11],2
i_pipe_top.i_pipe_exu.i_ialu.exu2ialu_addr_op1_i[12],2
i_pipe_top.i_pipe_exu.i_ialu.exu2ialu_addr_op1_i[13],2
i_pipe_top.i_pipe_exu.i_ialu.exu2ialu_addr_op1_i[14],2
i_pipe_top.i_pipe_exu.i_ialu.exu2ialu_addr_op1_i[15],2
i_pipe_top.i_pipe_exu.i_ialu.exu2ialu_addr_op1_i[16],2
i_pipe_top.i_pipe_exu.i_ialu.exu2ialu_addr_op1_i[17],2
i_pipe_top.i_pipe_exu.i_ialu.exu2ialu_addr_op1_i[18],2
i_pipe_top.i_pipe_exu.i_ialu.exu2ialu_addr_op1_i[19],2
i_pipe_top.i_pipe_exu.i_ialu.exu2ialu_addr_op1_i[1],3
i_pipe_top.i_pipe_exu.i_ialu.exu2ialu_addr_op1_i[20],2
i_pipe_top.i_pipe_exu.i_ialu.exu2ialu_addr_op1_i[21],2
i_pipe_top.i_pipe_exu.i_ialu.exu2ialu_addr_op1_i[22],2
i_pipe_top.i_pipe_exu.i_ialu.exu2ialu_addr_op1_i[23],2
i_pipe_top.i_pipe_exu.i_ialu.exu2ialu_addr_op1_i[24],2
i_pipe_top.i_pipe_exu.i_ialu.exu2ialu_addr_op1_i[25],2
i_pipe_top.i_pipe_exu.i_ialu.exu2ialu_addr_op1_i[26],2
i_pipe_top.i_pipe_exu.i_ialu.exu2ialu_addr_op1_i[27],2
i_pipe_top.i_pipe_exu.i_ialu.exu2ialu_addr_op1_i[28],2
i_pipe_top.i_pipe_exu.i_ialu.exu2ialu_addr_op1_i[29],2
i_pipe_top.i_pipe_exu.i_ialu.exu2ialu_addr_op1_i[2],2
i_pipe_top.i_pipe_exu.i_ialu.exu2ialu_addr_op1_i[30],2
i_pipe_top.i_pipe_exu.i_ialu.exu2ialu_addr_op1_i[3],2
i_pipe_top.i_pipe_exu.i_ialu.exu2ialu_addr_op1_i[4],2
i_pipe_top.i_pipe_exu.i_ialu.exu2ialu_addr_op1_i[5],2
i_pipe_top.i_pipe_exu.i_ialu.exu2ialu_addr_op1_i[6],2
i_pipe_top.i_pipe_exu.i_ialu.exu2ialu_addr_op1_i[7],2
i_pipe_top.i_pipe_exu.i_ialu.exu2ialu_addr_op1_i[8],2
i_pipe_top.i_pipe_exu.i_ialu.exu2ialu_addr_op1_i[9],2
i_pipe_top.i_pipe_exu.i_ialu.exu2ialu_addr_op2_i[12],2
i_pipe_top.i_pipe_exu.i_ialu.exu2ialu_addr_op2_i[13],2
i_pipe_top.i_pipe_exu.i_ialu.exu2ialu_addr_op2_i[14],2
i_pipe_top.i_pipe_exu.i_ialu.exu2ialu_addr_op2_i[15],2
i_pipe_top.i_pipe_exu.i_ialu.exu2ialu_addr_op2_i[16],6
i_pipe_top.i_pipe_exu.i_ialu.exu2ialu_addr_op2_i[17],5
i_pipe_top.i_pipe_exu.i_ialu.exu2ialu_addr_op2_i[18],2
i_pipe_top.i_pipe_exu.i_ialu.exu2ialu_addr_op2_i[19],5
i_pipe_top.i_pipe_exu.i_ialu.exu2ialu_addr_op2_i[20],2
i_pipe_top.i_pipe_exu.i_ialu.exu2ialu_addr_op2_i[21],2
i_pipe_top.i_pipe_exu.i_ialu.exu2ialu_addr_op2_i[22],4
i_pipe_top.i_pipe_exu.i_ialu.exu2ialu_addr_op2_i[23],5
i_pipe_top.i_pipe_exu.i_ialu.exu2ialu_addr_op2_i[24],2
i_pipe_top.i_pipe_exu.i_ialu.exu2ialu_addr_op2_i[25],6
i_pipe_top.i_pipe_exu.i_ialu.exu2ialu_addr_op2_i[26],2
i_pipe_top.i_pipe_exu.i_ialu.exu2ialu_addr_op2_i[27],5
i_pipe_top.i_pipe_exu.i_ialu.exu2ialu_addr_op2_i[28],4
i_pipe_top.i_pipe_exu.i_ialu.exu2ialu_addr_op2_i[29],2
i_pipe_top.i_pipe_exu.i_ialu.exu2ialu_addr_op2_i[30],2
i_pipe_top.i_pipe_exu.i_ialu.exu2ialu_main_op1_i[0],3
i_pipe_top.i_pipe_exu.i_ialu.exu2ialu_main_op1_i[11],3
i_pipe_top.i_pipe_exu.i_ialu.exu2ialu_main_op1_i[12],3
i_pipe_top.i_pipe_exu.i_ialu.exu2ialu_main_op1_i[13],3
i_pipe_top.i_pipe_exu.i_ialu.exu2ialu_main_op1_i[14],3
i_pipe_top.i_pipe_exu.i_ialu.exu2ialu_main_op1_i[15],3
i_pipe_top.i_pipe_exu.i_ialu.exu2ialu_main_op1_i[16],3
i_pipe_top.i_pipe_exu.i_ialu.exu2ialu_main_op1_i[17],3
i_pipe_top.i_pipe_exu.i_ialu.exu2ialu_main_op1_i[18],3
i_pipe_top.i_pipe_exu.i_ialu.exu2ialu_main_op1_i[19],3
i_pipe_top.i_pipe_exu.i_ialu.exu2ialu_main_op1_i[1],3
i_pipe_top.i_pipe_exu.i_ialu.exu2ialu_main_op1_i[20],3
i_pipe_top.i_pipe_exu.i_ialu.exu2ialu_main_op1_i[21],3
i_pipe_top.i_pipe_exu.i_ialu.exu2ialu_main_op1_i[22],3
i_pipe_top.i_pipe_exu.i_ialu.exu2ialu_main_op1_i[23],3
i_pipe_top.i_pipe_exu.i_ialu.exu2ialu_main_op1_i[24],3
i_pipe_top.i_pipe_exu.i_ialu.exu2ialu_main_op1_i[25],3
i_pipe_top.i_pipe_exu.i_ialu.exu2ialu_main_op1_i[26],3
i_pipe_top.i_pipe_exu.i_ialu.exu2ialu_main_op1_i[27],3
i_pipe_top.i_pipe_exu.i_ialu.exu2ialu_main_op1_i[28],3
i_pipe_top.i_pipe_exu.i_ialu.exu2ialu_main_op1_i[29],3
i_pipe_top.i_pipe_exu.i_ialu.exu2ialu_main_op1_i[2],3
i_pipe_top.i_pipe_exu.i_ialu.exu2ialu_main_op1_i[30],3
i_pipe_top.i_pipe_exu.i_ialu.exu2ialu_main_op1_i[31],3
i_pipe_top.i_pipe_exu.i_ialu.exu2ialu_main_op1_i[3],3
i_pipe_top.i_pipe_exu.i_ialu.exu2ialu_main_op1_i[4],3
i_pipe_top.i_pipe_exu.i_ialu.exu2ialu_main_op1_i[5],3
i_pipe_top.i_pipe_exu.i_ialu.exu2ialu_main_op1_i[6],6
i_pipe_top.i_pipe_exu.i_ialu.exu2ialu_main_op1_i[7],4
i_pipe_top.i_pipe_exu.i_ialu.exu2ialu_main_op1_i[8],7
i_pipe_top.i_pipe_exu.i_ialu.exu2ialu_main_op1_i[9],4
i_pipe_top.i_pipe_exu.i_ialu.exu2ialu_main_op2_i[10],4
i_pipe_top.i_pipe_exu.i_ialu.exu2ialu_main_op2_i[11],4
i_pipe_top.i_pipe_exu.i_ialu.exu2ialu_main_op2_i[12],3
i_pipe_top.i_pipe_exu.i_ialu.exu2ialu_main_op2_i[13],4
i_pipe_top.i_pipe_exu.i_ialu.exu2ialu_main_op2_i[14],4
i_pipe_top.i_pipe_exu.i_ialu.exu2ialu_main_op2_i[15],5
i_pipe_top.i_pipe_exu.i_ialu.exu2ialu_main_op2_i[16],4
i_pipe_top.i_pipe_exu.i_ialu.exu2ialu_main_op2_i[17],4
i_pipe_top.i_pipe_exu.i_ialu.exu2ialu_main_op2_i[18],2
i_pipe_top.i_pipe_exu.i_ialu.exu2ialu_main_op2_i[19],3
i_pipe_top.i_pipe_exu.i_ialu.exu2ialu_main_op2_i[20],4
i_pipe_top.i_pipe_exu.i_ialu.exu2ialu_main_op2_i[21],4
i_pipe_top.i_pipe_exu.i_ialu.exu2ialu_main_op2_i[22],5
i_pipe_top.i_pipe_exu.i_ialu.exu2ialu_main_op2_i[23],4
i_pipe_top.i_pipe_exu.i_ialu.exu2ialu_main_op2_i[24],7
i_pipe_top.i_pipe_exu.i_ialu.exu2ialu_main_op2_i[25],3
i_pipe_top.i_pipe_exu.i_ialu.exu2ialu_main_op2_i[26],3
i_pipe_top.i_pipe_exu.i_ialu.exu2ialu_main_op2_i[27],6
i_pipe_top.i_pipe_exu.i_ialu.exu2ialu_main_op2_i[28],4
i_pipe_top.i_pipe_exu.i_ialu.exu2ialu_main_op2_i[29],3
i_pipe_top.i_pipe_exu.i_ialu.exu2ialu_main_op2_i[30],5
i_pipe_top.i_pipe_exu.i_ialu.exu2ialu_main_op2_i[31],5
i_pipe_top.i_pipe_exu.i_ialu.exu2ialu_main_op2_i[5],3
i_pipe_top.i_pipe_exu.i_ialu.exu2ialu_main_op2_i[6],4
i_pipe_top.i_pipe_exu.i_ialu.exu2ialu_main_op2_i[7],4
i_pipe_top.i_pipe_exu.i_ialu.exu2ialu_main_op2_i[8],4
i_pipe_top.i_pipe_exu.i_ialu.exu2ialu_main_op2_i[9],2
i_pipe_top.i_pipe_exu.i_ialu.main_ops_diff_sgn,3
i_pipe_top.i_pipe_exu.i_ialu.main_sum_res[0],3
i_pipe_top.i_pipe_exu.i_ialu.mdu_fsm_corr,2
i_pipe_top.i_pipe_exu.i_ialu.mdu_fsm_ff[0],3
i_pipe_top.i_pipe_exu.i_ialu.mdu_fsm_ff[2],3
i_pipe_top.i_pipe_exu.i_ialu.mdu_iter_cnt[0],3
i_pipe_top.i_pipe_exu.i_ialu.mdu_iter_cnt[10],2
i_pipe_top.i_pipe_exu.i_ialu.mdu_iter_cnt[11],2
i_pipe_top.i_pipe_exu.i_ialu.mdu_iter_cnt[12],2
i_pipe_top.i_pipe_exu.i_ialu.mdu_iter_cnt[13],2
i_pipe_top.i_pipe_exu.i_ialu.mdu_iter_cnt[14],2
i_pipe_top.i_pipe_exu.i_ialu.mdu_iter_cnt[15],2
i_pipe_top.i_pipe_exu.i_ialu.mdu_iter_cnt[16],2
i_pipe_top.i_pipe_exu.i_ialu.mdu_iter_cnt[17],2
i_pipe_top.i_pipe_exu.i_ialu.mdu_iter_cnt[18],2
i_pipe_top.i_pipe_exu.i_ialu.mdu_iter_cnt[19],2
i_pipe_top.i_pipe_exu.i_ialu.mdu_iter_cnt[1],2
i_pipe_top.i_pipe_exu.i_ialu.mdu_iter_cnt[20],2
i_pipe_top.i_pipe_exu.i_ialu.mdu_iter_cnt[21],2
i_pipe_top.i_pipe_exu.i_ialu.mdu_iter_cnt[22],2
i_pipe_top.i_pipe_exu.i_ialu.mdu_iter_cnt[23],2
i_pipe_top.i_pipe_exu.i_ialu.mdu_iter_cnt[24],2
i_pipe_top.i_pipe_exu.i_ialu.mdu_iter_cnt[25],2
i_pipe_top.i_pipe_exu.i_ialu.mdu_iter_cnt[26],2
i_pipe_top.i_pipe_exu.i_ialu.mdu_iter_cnt[27],2
i_pipe_top.i_pipe_exu.i_ialu.mdu_iter_cnt[28],2
i_pipe_top.i_pipe_exu.i_ialu.mdu_iter_cnt[29],2
i_pipe_top.i_pipe_exu.i_ialu.mdu_iter_cnt[2],2
i_pipe_top.i_pipe_exu.i_ialu.mdu_iter_cnt[30],2
i_pipe_top.i_pipe_exu.i_ialu.mdu_iter_cnt[3],2
i_pipe_top.i_pipe_exu.i_ialu.mdu_iter_cnt[4],2
i_pipe_top.i_pipe_exu.i_ialu.mdu_iter_cnt[5],2
i_pipe_top.i_pipe_exu.i_ialu.mdu_iter_cnt[6],2
i_pipe_top.i_pipe_exu.i_ialu.mdu_iter_cnt[7],2
i_pipe_top.i_pipe_exu.i_ialu.mdu_iter_cnt[8],2
i_pipe_top.i_pipe_exu.i_ialu.mdu_iter_cnt[9],2
i_pipe_top.i_pipe_exu.i_ialu.mdu_res_c_ff,3
i_pipe_top.i_pipe_exu.i_ialu.mdu_res_hi_ff[0],3
i_pipe_top.i_pipe_exu.i_ialu.mdu_res_hi_ff[10],3
i_pipe_top.i_pipe_exu.i_ialu.mdu_res_hi_ff[11],2
i_pipe_top.i_pipe_exu.i_ialu.mdu_res_hi_ff[12],3
i_pipe_top.i_pipe_exu.i_ialu.mdu_res_hi_ff[13],2
i_pipe_top.i_pipe_exu.i_ialu.mdu_res_hi_ff[14],3
i_pipe_top.i_pipe_exu.i_ialu.mdu_res_hi_ff[15],2
i_pipe_top.i_pipe_exu.i_ialu.mdu_res_hi_ff[16],3
i_pipe_top.i_pipe_exu.i_ialu.mdu_res_hi_ff[17],2
i_pipe_top.i_pipe_exu.i_ialu.mdu_res_hi_ff[18],3
i_pipe_top.i_pipe_exu.i_ialu.mdu_res_hi_ff[19],2
i_pipe_top.i_pipe_exu.i_ialu.mdu_res_hi_ff[1],2
i_pipe_top.i_pipe_exu.i_ialu.mdu_res_hi_ff[20],3
i_pipe_top.i_pipe_exu.i_ialu.mdu_res_hi_ff[21],2
i_pipe_top.i_pipe_exu.i_ialu.mdu_res_hi_ff[22],3
i_pipe_top.i_pipe_exu.i_ialu.mdu_res_hi_ff[23],2
i_pipe_top.i_pipe_exu.i_ialu.mdu_res_hi_ff[24],3
i_pipe_top.i_pipe_exu.i_ialu.mdu_res_hi_ff[25],2
i_pipe_top.i_pipe_exu.i_ialu.mdu_res_hi_ff[26],3
i_pipe_top.i_pipe_exu.i_ialu.mdu_res_hi_ff[27],2
i_pipe_top.i_pipe_exu.i_ialu.mdu_res_hi_ff[28],3
i_pipe_top.i_pipe_exu.i_ialu.mdu_res_hi_ff[29],2
i_pipe_top.i_pipe_exu.i_ialu.mdu_res_hi_ff[2],3
i_pipe_top.i_pipe_exu.i_ialu.mdu_res_hi_ff[30],3
i_pipe_top.i_pipe_exu.i_ialu.mdu_res_hi_ff[31],2
i_pipe_top.i_pipe_exu.i_ialu.mdu_res_hi_ff[3],2
i_pipe_top.i_pipe_exu.i_ialu.mdu_res_hi_ff[4],3
i_pipe_top.i_pipe_exu.i_ialu.mdu_res_hi_ff[5],2
i_pipe_top.i_pipe_exu.i_ialu.mdu_res_hi_ff[6],3
i_pipe_top.i_pipe_exu.i_ialu.mdu_res_hi_ff[7],2
i_pipe_top.i_pipe_exu.i_ialu.mdu_res_hi_ff[8],3
i_pipe_top.i_pipe_exu.i_ialu.mdu_res_hi_ff[9],2
i_pipe_top.i_pipe_exu.i_ialu.mdu_res_lo_ff[0],6
i_pipe_top.i_pipe_exu.i_ialu.mdu_res_lo_ff[10],4
i_pipe_top.i_pipe_exu.i_ialu.mdu_res_lo_ff[11],5
i_pipe_top.i_pipe_exu.i_ialu.mdu_res_lo_ff[12],6
i_pipe_top.i_pipe_exu.i_ialu.mdu_res_lo_ff[13],5
i_pipe_top.i_pipe_exu.i_ialu.mdu_res_lo_ff[14],5
i_pipe_top.i_pipe_exu.i_ialu.mdu_res_lo_ff[15],7
i_pipe_top.i_pipe_exu.i_ialu.mdu_res_lo_ff[16],7
i_pipe_top.i_pipe_exu.i_ialu.mdu_res_lo_ff[17],5
i_pipe_top.i_pipe_exu.i_ialu.mdu_res_lo_ff[18],5
i_pipe_top.i_pipe_exu.i_ialu.mdu_res_lo_ff[19],7
i_pipe_top.i_pipe_exu.i_ialu.mdu_res_lo_ff[1],4
i_pipe_top.i_pipe_exu.i_ialu.mdu_res_lo_ff[20],6
i_pipe_top.i_pipe_exu.i_ialu.mdu_res_lo_ff[21],4
i_pipe_top.i_pipe_exu.i_ialu.mdu_res_lo_ff[22],5
i_pipe_top.i_pipe_exu.i_ialu.mdu_res_lo_ff[23],4
i_pipe_top.i_pipe_exu.i_ialu.mdu_res_lo_ff[24],5
i_pipe_top.i_pipe_exu.i_ialu.mdu_res_lo_ff[25],5
i_pipe_top.i_pipe_exu.i_ialu.mdu_res_lo_ff[26],4
i_pipe_top.i_pipe_exu.i_ialu.mdu_res_lo_ff[27],7
i_pipe_top.i_pipe_exu.i_ialu.mdu_res_lo_ff[28],6
i_pipe_top.i_pipe_exu.i_ialu.mdu_res_lo_ff[29],6
i_pipe_top.i_pipe_exu.i_ialu.mdu_res_lo_ff[2],6
i_pipe_top.i_pipe_exu.i_ialu.mdu_res_lo_ff[30],5
i_pipe_top.i_pipe_exu.i_ialu.mdu_res_lo_ff[31],2
i_pipe_top.i_pipe_exu.i_ialu.mdu_res_lo_ff[3],5
i_pipe_top.i_pipe_exu.i_ialu.mdu_res_lo_ff[4],5
i_pipe_top.i_pipe_exu.i_ialu.mdu_res_lo_ff[5],4
i_pipe_top.i_pipe_exu.i_ialu.mdu_res_lo_ff[6],7
i_pipe_top.i_pipe_exu.i_ialu.mdu_res_lo_ff[7],6
i_pipe_top.i_pipe_exu.i_ialu.mdu_res_lo_ff[8],5
i_pipe_top.i_pipe_exu.i_ialu.mdu_res_lo_ff[9],4
i_pipe_top.i_pipe_exu.i_ialu.mdu_sum_op1[0],2
i_pipe_top.i_pipe_exu.i_ialu.mdu_sum_op1[10],2
i_pipe_top.i_pipe_exu.i_ialu.mdu_sum_op1[11],2
i_pipe_top.i_pipe_exu.i_ialu.mdu_sum_op1[12],2
i_pipe_top.i_pipe_exu.i_ialu.mdu_sum_op1[13],2
i_pipe_top.i_pipe_exu.i_ialu.mdu_sum_op1[14],2
i_pipe_top.i_pipe_exu.i_ialu.mdu_sum_op1[15],2
i_pipe_top.i_pipe_exu.i_ialu.mdu_sum_op1[16],2
i_pipe_top.i_pipe_exu.i_ialu.mdu_sum_op1[17],2
i_pipe_top.i_pipe_exu.i_ialu.mdu_sum_op1[18],2
i_pipe_top.i_pipe_exu.i_ialu.mdu_sum_op1[19],2
i_pipe_top.i_pipe_exu.i_ialu.mdu_sum_op1[1],2
i_pipe_top.i_pipe_exu.i_ialu.mdu_sum_op1[20],2
i_pipe_top.i_pipe_exu.i_ialu.mdu_sum_op1[21],2
i_pipe_top.i_pipe_exu.i_ialu.mdu_sum_op1[22],2
i_pipe_top.i_pipe_exu.i_ialu.mdu_sum_op1[23],2
i_pipe_top.i_pipe_exu.i_ialu.mdu_sum_op1[24],2
i_pipe_top.i_pipe_exu.i_ialu.mdu_sum_op1[25],2
i_pipe_top.i_pipe_exu.i_ialu.mdu_sum_op1[26],2
i_pipe_top.i_pipe_exu.i_ialu.mdu_sum_op1[27],2
i_pipe_top.i_pipe_exu.i_ialu.mdu_sum_op1[28],2
i_pipe_top.i_pipe_exu.i_ialu.mdu_sum_op1[29],2
i_pipe_top.i_pipe_exu.i_ialu.mdu_sum_op1[2],2
i_pipe_top.i_pipe_exu.i_ialu.mdu_sum_op1[30],2
i_pipe_top.i_pipe_exu.i_ialu.mdu_sum_op1[31],2
i_pipe_top.i_pipe_exu.i_ialu.mdu_sum_op1[3],2
i_pipe_top.i_pipe_exu.i_ialu.mdu_sum_op1[4],2
i_pipe_top.i_pipe_exu.i_ialu.mdu_sum_op1[5],2
i_pipe_top.i_pipe_exu.i_ialu.mdu_sum_op1[6],2
i_pipe_top.i_pipe_exu.i_ialu.mdu_sum_op1[7],2
i_pipe_top.i_pipe_exu.i_ialu.mdu_sum_op1[8],2
i_pipe_top.i_pipe_exu.i_ialu.mdu_sum_op1[9],2
i_pipe_top.i_pipe_exu.i_ialu.mdu_sum_op2[0],3
i_pipe_top.i_pipe_exu.i_ialu.mul_op2[32],2
i_pipe_top.i_pipe_exu.i_lsu.dmem_resp_er,6
i_pipe_top.i_pipe_exu.i_lsu.lsu_cmd_ff[0],6
i_pipe_top.i_pipe_exu.i_lsu.lsu_cmd_ff[1],9
i_pipe_top.i_pipe_exu.i_lsu.lsu_cmd_ff[2],8
i_pipe_top.i_pipe_exu.i_lsu.lsu_cmd_ff[3],9
i_pipe_top.i_pipe_exu.i_lsu.lsu_fsm_curr,4
i_pipe_top.i_pipe_exu.i_lsu.lsu_fsm_next,1
i_pipe_top.i_pipe_exu.inc_pc[1],3
i_pipe_top.i_pipe_exu.init_pc_v[0],2
i_pipe_top.i_pipe_exu.init_pc_v[1],2
i_pipe_top.i_pipe_exu.init_pc_v[2],4
i_pipe_top.i_pipe_exu.init_pc_v[3],3
i_pipe_top.i_pipe_exu.wfi_run_start_ff,3
i_pipe_top.i_pipe_exu.wfi_run_start_next,1
i_pipe_top.i_pipe_hdu.csr_dcsr_cause[0],3
i_pipe_top.i_pipe_hdu.csr_dcsr_cause[1],3
i_pipe_top.i_pipe_hdu.csr_dcsr_cause[2],3
i_pipe_top.i_pipe_hdu.csr_dcsr_ebreakm,4
i_pipe_top.i_pipe_hdu.csr_dcsr_step,3
i_pipe_top.i_pipe_hdu.csr_dcsr_stepie,4
i_pipe_top.i_pipe_hdu.dbg_state_next[0],2
i_pipe_top.i_pipe_hdu.dbg_state_next[1],3
i_pipe_top.i_pipe_hdu.dfsm_event_next,1
i_pipe_top.i_pipe_hdu.dfsm_trans,6
i_pipe_top.i_pipe_hdu.dfsm_trans_next,1
i_pipe_top.i_pipe_hdu.dfsm_update,14
i_pipe_top.i_pipe_hdu.dfsm_update_next,1
i_pipe_top.i_pipe_hdu.dm_cmd_dhalted,6
i_pipe_top.i_pipe_hdu.dm_cmd_drun,9
i_pipe_top.i_pipe_hdu.dm_cmd_run,4
i_pipe_top.i_pipe_hdu.halt_req_timeout_cnt[0],4
i_pipe_top.i_pipe_hdu.halt_req_timeout_cnt[1],4
i_pipe_top.i_pipe_hdu.halt_req_timeout_cnt[2],5
i_pipe_top.i_pipe_hdu.halt_req_timeout_cnt[3],5
i_pipe_top.i_pipe_hdu.halt_req_timeout_cnt[4],4
i_pipe_top.i_pipe_hdu.halt_req_timeout_cnt[5],3
i_pipe_top.i_pipe_hdu.hart_haltstatus[0],4
i_pipe_top.i_pipe_hdu.hart_haltstatus[1],4
i_pipe_top.i_pipe_hdu.hart_haltstatus[2],4
i_pipe_top.i_pipe_hdu.hart_haltstatus[3],3
i_pipe_top.i_pipe_hdu.hart_runctrl[0],3
i_pipe_top.i_pipe_hdu.ifu_handshake_done,3
i_pipe_top.i_pipe_hdu.pbuf_fsm_curr[0],5
i_pipe_top.i_pipe_hdu.pbuf_fsm_curr[2],5
i_pipe_top.i_pipe_hdu.pbuf_fsm_curr[3],3
i_pipe_top.i_pipe_hdu.pbuf_instr_wait_latching,2
i_pipe_top.i_pipe_idu.ifu2idu_instr_i[0],3
i_pipe_top.i_pipe_idu.ifu2idu_instr_i[10],5
i_pipe_top.i_pipe_idu.ifu2idu_instr_i[11],7
i_pipe_top.i_pipe_idu.ifu2idu_instr_i[1],3
i_pipe_top.i_pipe_ifu.ifu_fsm_curr,2
i_pipe_top.i_pipe_ifu.ifu_fsm_next,1
i_pipe_top.i_pipe_ifu.imem_pnd_txns_cnt[0],6
i_pipe_top.i_pipe_ifu.imem_pnd_txns_cnt[1],4
i_pipe_top.i_pipe_ifu.imem_pnd_txns_cnt[2],6
i_pipe_top.i_pipe_ifu.imem_pnd_txns_cnt_next[0],2
i_pipe_top.i_pipe_ifu.imem_resp_discard_cnt[0],5
i_pipe_top.i_pipe_ifu.imem_resp_discard_cnt[1],4
i_pipe_top.i_pipe_ifu.imem_resp_discard_cnt[2],8
i_pipe_top.i_pipe_ifu.imem_resp_er,13
i_pipe_top.i_pipe_ifu.imem_resp_ok,11
i_pipe_top.i_pipe_ifu.imem_resp_received,2
i_pipe_top.i_pipe_ifu.instr_hi_rvi_lo_ff,10
i_pipe_top.i_pipe_ifu.new_pc_unaligned_ff,12
i_pipe_top.i_pipe_ifu.q_data[0],5
i_pipe_top.i_pipe_ifu.q_data[10],4
i_pipe_top.i_pipe_ifu.q_data[11],4
i_pipe_top.i_pipe_ifu.q_data[12],4
i_pipe_top.i_pipe_ifu.q_data[13],4
i_pipe_top.i_pipe_ifu.q_data[14],3
i_pipe_top.i_pipe_ifu.q_data[15],3
i_pipe_top.i_pipe_ifu.q_data[16],5
i_pipe_top.i_pipe_ifu.q_data[17],4
i_pipe_top.i_pipe_ifu.q_data[18],4
i_pipe_top.i_pipe_ifu.q_data[19],4
i_pipe_top.i_pipe_ifu.q_data[1],4
i_pipe_top.i_pipe_ifu.q_data[20],4
i_pipe_top.i_pipe_ifu.q_data[21],4
i_pipe_top.i_pipe_ifu.q_data[22],4
i_pipe_top.i_pipe_ifu.q_data[23],4
i_pipe_top.i_pipe_ifu.q_data[24],4
i_pipe_top.i_pipe_ifu.q_data[25],4
i_pipe_top.i_pipe_ifu.q_data[26],4
i_pipe_top.i_pipe_ifu.q_data[27],4
i_pipe_top.i_pipe_ifu.q_data[28],4
i_pipe_top.i_pipe_ifu.q_data[29],4
i_pipe_top.i_pipe_ifu.q_data[2],4
i_pipe_top.i_pipe_ifu.q_data[30],4
i_pipe_top.i_pipe_ifu.q_data[31],4
i_pipe_top.i_pipe_ifu.q_data[32],4
i_pipe_top.i_pipe_ifu.q_data[33],4
i_pipe_top.i_pipe_ifu.q_data[34],4
i_pipe_top.i_pipe_ifu.q_data[35],4
i_pipe_top.i_pipe_ifu.q_data[36],4
i_pipe_top.i_pipe_ifu.q_data[37],4
i_pipe_top.i_pipe_ifu.q_data[38],4
i_pipe_top.i_pipe_ifu.q_data[39],4
i_pipe_top.i_pipe_ifu.q_data[3],4
i_pipe_top.i_pipe_ifu.q_data[40],4
i_pipe_top.i_pipe_ifu.q_data[41],4
i_pipe_top.i_pipe_ifu.q_data[42],4
i_pipe_top.i_pipe_ifu.q_data[43],4
i_pipe_top.i_pipe_ifu.q_data[44],4
i_pipe_top.i_pipe_ifu.q_data[45],4
i_pipe_top.i_pipe_ifu.q_data[46],3
i_pipe_top.i_pipe_ifu.q_data[47],3
i_pipe_top.i_pipe_ifu.q_data[48],5
i_pipe_top.i_pipe_ifu.q_data[49],4
i_pipe_top.i_pipe_ifu.q_data[4],4
i_pipe_top.i_pipe_ifu.q_data[50],4
i_pipe_top.i_pipe_ifu.q_data[51],4
i_pipe_top.i_pipe_ifu.q_data[52],4
i_pipe_top.i_pipe_ifu.q_data[53],4
i_pipe_top.i_pipe_ifu.q_data[54],4
i_pipe_top.i_pipe_ifu.q_data[55],4
i_pipe_top.i_pipe_ifu.q_data[56],4
i_pipe_top.i_pipe_ifu.q_data[57],4
i_pipe_top.i_pipe_ifu.q_data[58],4
i_pipe_top.i_pipe_ifu.q_data[59],4
i_pipe_top.i_pipe_ifu.q_data[5],4
i_pipe_top.i_pipe_ifu.q_data[60],4
i_pipe_top.i_pipe_ifu.q_data[61],4
i_pipe_top.i_pipe_ifu.q_data[62],4
i_pipe_top.i_pipe_ifu.q_data[63],4
i_pipe_top.i_pipe_ifu.q_data[6],4
i_pipe_top.i_pipe_ifu.q_data[7],4
i_pipe_top.i_pipe_ifu.q_data[8],4
i_pipe_top.i_pipe_ifu.q_data[9],4
i_pipe_top.i_pipe_ifu.q_err[0],4
i_pipe_top.i_pipe_ifu.q_err[1],4
i_pipe_top.i_pipe_ifu.q_err[2],4
i_pipe_top.i_pipe_ifu.q_err[3],4
i_pipe_top.i_pipe_ifu.q_free_h_next[1],2
i_pipe_top.i_pipe_ifu.q_free_h_next[2],2
i_pipe_top.i_pipe_ifu.q_rd_hword,3
i_pipe_top.i_pipe_ifu.q_rptr[0],4
i_pipe_top.i_pipe_ifu.q_rptr[1],3
i_pipe_top.i_pipe_ifu.q_rptr[2],5
i_pipe_top.i_pipe_ifu.q_rptr_next[1],2
i_pipe_top.i_pipe_ifu.q_wptr[0],8
i_pipe_top.i_pipe_ifu.q_wptr[1],6
i_pipe_top.i_pipe_ifu.q_wptr[2],6
i_pipe_top.i_pipe_ifu.q_wr_full,15
i_pipe_top.i_pipe_ifu.q_wr_size[0],2
i_pipe_top.i_pipe_ipic.ipic_cisv_ff[0],2
i_pipe_top.i_pipe_ipic.ipic_cisv_ff[1],2
i_pipe_top.i_pipe_ipic.ipic_cisv_ff[2],10
i_pipe_top.i_pipe_ipic.ipic_cisv_ff[3],7
i_pipe_top.i_pipe_ipic.ipic_cisv_ff[4],22
i_pipe_top.i_pipe_ipic.ipic_icsr[0],34
i_pipe_top.i_pipe_ipic.ipic_icsr[1],19
i_pipe_top.i_pipe_ipic.ipic_icsr[2],2
i_pipe_top.i_pipe_ipic.ipic_icsr[3],2
i_pipe_top.i_pipe_ipic.ipic_ier_ff[0],7
i_pipe_top.i_pipe_ipic.ipic_ier_ff[10],6
i_pipe_top.i_pipe_ipic.ipic_ier_ff[11],5
i_pipe_top.i_pipe_ipic.ipic_ier_ff[12],5
i_pipe_top.i_pipe_ipic.ipic_ier_ff[13],5
i_pipe_top.i_pipe_ipic.ipic_ier_ff[14],6
i_pipe_top.i_pipe_ipic.ipic_ier_ff[15],5
i_pipe_top.i_pipe_ipic.ipic_ier_ff[1],5
i_pipe_top.i_pipe_ipic.ipic_ier_ff[2],6
i_pipe_top.i_pipe_ipic.ipic_ier_ff[3],6
i_pipe_top.i_pipe_ipic.ipic_ier_ff[4],6
i_pipe_top.i_pipe_ipic.ipic_ier_ff[5],6
i_pipe_top.i_pipe_ipic.ipic_ier_ff[6],6
i_pipe_top.i_pipe_ipic.ipic_ier_ff[7],5
i_pipe_top.i_pipe_ipic.ipic_ier_ff[8],6
i_pipe_top.i_pipe_ipic.ipic_ier_ff[9],6
i_pipe_top.i_pipe_ipic.ipic_iinvr_ff[0],3
i_pipe_top.i_pipe_ipic.ipic_iinvr_ff[10],3
i_pipe_top.i_pipe_ipic.ipic_iinvr_ff[11],3
i_pipe_top.i_pipe_ipic.ipic_iinvr_ff[12],3
i_pipe_top.i_pipe_ipic.ipic_iinvr_ff[13],3
i_pipe_top.i_pipe_ipic.ipic_iinvr_ff[14],3
i_pipe_top.i_pipe_ipic.ipic_iinvr_ff[15],3
i_pipe_top.i_pipe_ipic.ipic_iinvr_ff[1],3
i_pipe_top.i_pipe_ipic.ipic_iinvr_ff[2],3
i_pipe_top.i_pipe_ipic.ipic_iinvr_ff[3],3
i_pipe_top.i_pipe_ipic.ipic_iinvr_ff[4],3
i_pipe_top.i_pipe_ipic.ipic_iinvr_ff[5],3
i_pipe_top.i_pipe_ipic.ipic_iinvr_ff[6],3
i_pipe_top.i_pipe_ipic.ipic_iinvr_ff[7],3
i_pipe_top.i_pipe_ipic.ipic_iinvr_ff[8],3
i_pipe_top.i_pipe_ipic.ipic_iinvr_ff[9],3
i_pipe_top.i_pipe_ipic.ipic_imr_ff[0],5
i_pipe_top.i_pipe_ipic.ipic_imr_ff[10],5
i_pipe_top.i_pipe_ipic.ipic_imr_ff[11],5
i_pipe_top.i_pipe_ipic.ipic_imr_ff[12],5
i_pipe_top.i_pipe_ipic.ipic_imr_ff[13],5
i_pipe_top.i_pipe_ipic.ipic_imr_ff[14],5
i_pipe_top.i_pipe_ipic.ipic_imr_ff[15],5
i_pipe_top.i_pipe_ipic.ipic_imr_ff[1],5
i_pipe_top.i_pipe_ipic.ipic_imr_ff[2],5
i_pipe_top.i_pipe_ipic.ipic_imr_ff[3],5
i_pipe_top.i_pipe_ipic.ipic_imr_ff[4],5
i_pipe_top.i_pipe_ipic.ipic_imr_ff[5],5
i_pipe_top.i_pipe_ipic.ipic_imr_ff[6],5
i_pipe_top.i_pipe_ipic.ipic_imr_ff[7],5
i_pipe_top.i_pipe_ipic.ipic_imr_ff[8],5
i_pipe_top.i_pipe_ipic.ipic_imr_ff[9],5
i_pipe_top.i_pipe_ipic.ipic_ipr_ff[0],7
i_pipe_top.i_pipe_ipic.ipic_ipr_ff[10],7
i_pipe_top.i_pipe_ipic.ipic_ipr_ff[11],6
i_pipe_top.i_pipe_ipic.ipic_ipr_ff[12],6
i_pipe_top.i_pipe_ipic.ipic_ipr_ff[13],6
i_pipe_top.i_pipe_ipic.ipic_ipr_ff[14],7
i_pipe_top.i_pipe_ipic.ipic_ipr_ff[15],6
i_pipe_top.i_pipe_ipic.ipic_ipr_ff[1],6
i_pipe_top.i_pipe_ipic.ipic_ipr_ff[2],7
i_pipe_top.i_pipe_ipic.ipic_ipr_ff[3],7
i_pipe_top.i_pipe_ipic.ipic_ipr_ff[4],7
i_pipe_top.i_pipe_ipic.ipic_ipr_ff[5],7
i_pipe_top.i_pipe_ipic.ipic_ipr_ff[6],7
i_pipe_top.i_pipe_ipic.ipic_ipr_ff[7],6
i_pipe_top.i_pipe_ipic.ipic_ipr_ff[8],7
i_pipe_top.i_pipe_ipic.ipic_ipr_ff[9],7
i_pipe_top.i_pipe_ipic.ipic_isvr_ff[0],5
i_pipe_top.i_pipe_ipic.ipic_isvr_ff[10],6
i_pipe_top.i_pipe_ipic.ipic_isvr_ff[11],5
i_pipe_top.i_pipe_ipic.ipic_isvr_ff[12],5
i_pipe_top.i_pipe_ipic.ipic_isvr_ff[13],7
i_pipe_top.i_pipe_ipic.ipic_isvr_ff[14],6
i_pipe_top.i_pipe_ipic.ipic_isvr_ff[15],5
i_pipe_top.i_pipe_ipic.ipic_isvr_ff[1],6
i_pipe_top.i_pipe_ipic.ipic_isvr_ff[2],5
i_pipe_top.i_pipe_ipic.ipic_isvr_ff[3],5
i_pipe_top.i_pipe_ipic.ipic_isvr_ff[4],5
i_pipe_top.i_pipe_ipic.ipic_isvr_ff[5],7
i_pipe_top.i_pipe_ipic.ipic_isvr_ff[6],7
i_pipe_top.i_pipe_ipic.ipic_isvr_ff[7],6
i_pipe_top.i_pipe_ipic.ipic_isvr_ff[8],5
i_pipe_top.i_pipe_ipic.ipic_isvr_ff[9],7
i_pipe_top.i_pipe_ipic.irq_lines[0],5
i_pipe_top.i_pipe_ipic.irq_lines[10],5
i_pipe_top.i_pipe_ipic.irq_lines[11],5
i_pipe_top.i_pipe_ipic.irq_lines[12],5
i_pipe_top.i_pipe_ipic.irq_lines[13],5
i_pipe_top.i_pipe_ipic.irq_lines[14],5
i_pipe_top.i_pipe_ipic.irq_lines[15],5
i_pipe_top.i_pipe_ipic.irq_lines[1],5
i_pipe_top.i_pipe_ipic.irq_lines[2],5
i_pipe_top.i_pipe_ipic.irq_lines[3],5
i_pipe_top.i_pipe_ipic.irq_lines[4],5
i_pipe_top.i_pipe_ipic.irq_lines[5],5
i_pipe_top.i_pipe_ipic.irq_lines[6],5
i_pipe_top.i_pipe_ipic.irq_lines[7],5
i_pipe_top.i_pipe_ipic.irq_lines[8],5
i_pipe_top.i_pipe_ipic.irq_lines[9],5
i_pipe_top.i_pipe_ipic.irq_lines_dly[0],3
i_pipe_top.i_pipe_ipic.irq_lines_dly[10],3
i_pipe_top.i_pipe_ipic.irq_lines_dly[11],3
i_pipe_top.i_pipe_ipic.irq_lines_dly[12],3
i_pipe_top.i_pipe_ipic.irq_lines_dly[13],3
i_pipe_top.i_pipe_ipic.irq_lines_dly[14],3
i_pipe_top.i_pipe_ipic.irq_lines_dly[15],3
i_pipe_top.i_pipe_ipic.irq_lines_dly[1],3
i_pipe_top.i_pipe_ipic.irq_lines_dly[2],3
i_pipe_top.i_pipe_ipic.irq_lines_dly[3],3
i_pipe_top.i_pipe_ipic.irq_lines_dly[4],3
i_pipe_top.i_pipe_ipic.irq_lines_dly[5],3
i_pipe_top.i_pipe_ipic.irq_lines_dly[6],3
i_pipe_top.i_pipe_ipic.irq_lines_dly[7],3
i_pipe_top.i_pipe_ipic.irq_lines_dly[8],3
i_pipe_top.i_pipe_ipic.irq_lines_dly[9],3
i_pipe_top.i_pipe_ipic.irq_lines_sync[0],2
i_pipe_top.i_pipe_ipic.irq_lines_sync[10],2
i_pipe_top.i_pipe_ipic.irq_lines_sync[11],2
i_pipe_top.i_pipe_ipic.irq_lines_sync[12],2
i_pipe_top.i_pipe_ipic.irq_lines_sync[13],2
i_pipe_top.i_pipe_ipic.irq_lines_sync[14],2
i_pipe_top.i_pipe_ipic.irq_lines_sync[15],2
i_pipe_top.i_pipe_ipic.irq_lines_sync[1],2
i_pipe_top.i_pipe_ipic.irq_lines_sync[2],2
i_pipe_top.i_pipe_ipic.irq_lines_sync[3],2
i_pipe_top.i_pipe_ipic.irq_lines_sync[4],2
i_pipe_top.i_pipe_ipic.irq_lines_sync[5],2
i_pipe_top.i_pipe_ipic.irq_lines_sync[6],2
i_pipe_top.i_pipe_ipic.irq_lines_sync[7],2
i_pipe_top.i_pipe_ipic.irq_lines_sync[8],2
i_pipe_top.i_pipe_ipic.irq_lines_sync[9],2
i_pipe_top.i_pipe_ipic.irq_req_idx[1],2
i_pipe_top.i_pipe_ipic.irq_req_idx[2],3
i_pipe_top.i_pipe_ipic.irq_req_idx[3],4
i_pipe_top.i_pipe_mprf.mprf_int[0],3
i_pipe_top.i_pipe_mprf.mprf_int[100],4
i_pipe_top.i_pipe_mprf.mprf_int[101],4
i_pipe_top.i_pipe_mprf.mprf_int[102],4
i_pipe_top.i_pipe_mprf.mprf_int[103],4
i_pipe_top.i_pipe_mprf.mprf_int[104],4
i_pipe_top.i_pipe_mprf.mprf_int[105],4
i_pipe_top.i_pipe_mprf.mprf_int[106],4
i_pipe_top.i_pipe_mprf.mprf_int[107],4
i_pipe_top.i_pipe_mprf.mprf_int[108],4
i_pipe_top.i_pipe_mprf.mprf_int[109],4
i_pipe_top.i_pipe_mprf.mprf_int[10],4
i_pipe_top.i_pipe_mprf.mprf_int[110],4
i_pipe_top.i_pipe_mprf.mprf_int[111],4
i_pipe_top.i_pipe_mprf.mprf_int[112],4
i_pipe_top.i_pipe_mprf.mprf_int[113],4
i_pipe_top.i_pipe_mprf.mprf_int[114],4
i_pipe_top.i_pipe_mprf.mprf_int[115],4
i_pipe_top.i_pipe_mprf.mprf_int[116],4
i_pipe_top.i_pipe_mprf.mprf_int[117],5
i_pipe_top.i_pipe_mprf.mprf_int[118],4
i_pipe_top.i_pipe_mprf.mprf_int[119],4
i_pipe_top.i_pipe_mprf.mprf_int[11],4
i_pipe_top.i_pipe_mprf.mprf_int[120],4
i_pipe_top.i_pipe_mprf.mprf_int[121],4
i_pipe_top.i_pipe_mprf.mprf_int[122],4
i_pipe_top.i_pipe_mprf.mprf_int[123],5
i_pipe_top.i_pipe_mprf.mprf_int[124],5
i_pipe_top.i_pipe_mprf.mprf_int[125],4
i_pipe_top.i_pipe_mprf.mprf_int[126],4
i_pipe_top.i_pipe_mprf.mprf_int[127],4
i_pipe_top.i_pipe_mprf.mprf_int[128],3
i_pipe_top.i_pipe_mprf.mprf_int[129],4
i_pipe_top.i_pipe_mprf.mprf_int[12],4
i_pipe_top.i_pipe_mprf.mprf_int[130],4
i_pipe_top.i_pipe_mprf.mprf_int[131],4
i_pipe_top.i_pipe_mprf.mprf_int[132],4
i_pipe_top.i_pipe_mprf.mprf_int[133],4
i_pipe_top.i_pipe_mprf.mprf_int[134],4
i_pipe_top.i_pipe_mprf.mprf_int[135],4
i_pipe_top.i_pipe_mprf.mprf_int[136],4
i_pipe_top.i_pipe_mprf.mprf_int[137],4
i_pipe_top.i_pipe_mprf.mprf_int[138],4
i_pipe_top.i_pipe_mprf.mprf_int[139],4
i_pipe_top.i_pipe_mprf.mprf_int[13],4
i_pipe_top.i_pipe_mprf.mprf_int[140],4
i_pipe_top.i_pipe_mprf.mprf_int[141],4
i_pipe_top.i_pipe_mprf.mprf_int[142],4
i_pipe_top.i_pipe_mprf.mprf_int[143],4
i_pipe_top.i_pipe_mprf.mprf_int[144],4
i_pipe_top.i_pipe_mprf.mprf_int[145],4
i_pipe_top.i_pipe_mprf.mprf_int[146],4
i_pipe_top.i_pipe_mprf.mprf_int[147],4
i_pipe_top.i_pipe_mprf.mprf_int[148],4
i_pipe_top.i_pipe_mprf.mprf_int[149],4
i_pipe_top.i_pipe_mprf.mprf_int[14],4
i_pipe_top.i_pipe_mprf.mprf_int[150],4
i_pipe_top.i_pipe_mprf.mprf_int[151],4
i_pipe_top.i_pipe_mprf.mprf_int[152],4
i_pipe_top.i_pipe_mprf.mprf_int[153],4
i_pipe_top.i_pipe_mprf.mprf_int[154],4
i_pipe_top.i_pipe_mprf.mprf_int[155],4
i_pipe_top.i_pipe_mprf.mprf_int[156],4
i_pipe_top.i_pipe_mprf.mprf_int[157],4
i_pipe_top.i_pipe_mprf.mprf_int[158],4
i_pipe_top.i_pipe_mprf.mprf_int[159],4
i_pipe_top.i_pipe_mprf.mprf_int[15],4
i_pipe_top.i_pipe_mprf.mprf_int[160],3
i_pipe_top.i_pipe_mprf.mprf_int[161],4
i_pipe_top.i_pipe_mprf.mprf_int[162],4
i_pipe_top.i_pipe_mprf.mprf_int[163],4
i_pipe_top.i_pipe_mprf.mprf_int[164],4
i_pipe_top.i_pipe_mprf.mprf_int[165],4
i_pipe_top.i_pipe_mprf.mprf_int[166],4
i_pipe_top.i_pipe_mprf.mprf_int[167],4
i_pipe_top.i_pipe_mprf.mprf_int[168],4
i_pipe_top.i_pipe_mprf.mprf_int[169],4
i_pipe_top.i_pipe_mprf.mprf_int[16],4
i_pipe_top.i_pipe_mprf.mprf_int[170],4
i_pipe_top.i_pipe_mprf.mprf_int[171],4
i_pipe_top.i_pipe_mprf.mprf_int[172],4
i_pipe_top.i_pipe_mprf.mprf_int[173],4
i_pipe_top.i_pipe_mprf.mprf_int[174],4
i_pipe_top.i_pipe_mprf.mprf_int[175],4
i_pipe_top.i_pipe_mprf.mprf_int[176],4
i_pipe_top.i_pipe_mprf.mprf_int[177],4
i_pipe_top.i_pipe_mprf.mprf_int[178],4
i_pipe_top.i_pipe_mprf.mprf_int[179],4
i_pipe_top.i_pipe_mprf.mprf_int[17],4
i_pipe_top.i_pipe_mprf.mprf_int[180],4
i_pipe_top.i_pipe_mprf.mprf_int[181],4
i_pipe_top.i_pipe_mprf.mprf_int[182],4
i_pipe_top.i_pipe_mprf.mprf_int[183],4
i_pipe_top.i_pipe_mprf.mprf_int[184],4
i_pipe_top.i_pipe_mprf.mprf_int[185],4
i_pipe_top.i_pipe_mprf.mprf_int[186],4
i_pipe_top.i_pipe_mprf.mprf_int[187],4
i_pipe_top.i_pipe_mprf.mprf_int[188],4
i_pipe_top.i_pipe_mprf.mprf_int[189],4
i_pipe_top.i_pipe_mprf.mprf_int[18],4
i_pipe_top.i_pipe_mprf.mprf_int[190],4
i_pipe_top.i_pipe_mprf.mprf_int[191],3
i_pipe_top.i_pipe_mprf.mprf_int[192],3
i_pipe_top.i_pipe_mprf.mprf_int[193],4
i_pipe_top.i_pipe_mprf.mprf_int[194],4
i_pipe_top.i_pipe_mprf.mprf_int[195],4
i_pipe_top.i_pipe_mprf.mprf_int[196],4
i_pipe_top.i_pipe_mprf.mprf_int[197],4
i_pipe_top.i_pipe_mprf.mprf_int[198],4
i_pipe_top.i_pipe_mprf.mprf_int[199],4
i_pipe_top.i_pipe_mprf.mprf_int[19],4
i_pipe_top.i_pipe_mprf.mprf_int[1],4
i_pipe_top.i_pipe_mprf.mprf_int[200],4
i_pipe_top.i_pipe_mprf.mprf_int[201],4
i_pipe_top.i_pipe_mprf.mprf_int[202],4
i_pipe_top.i_pipe_mprf.mprf_int[203],4
i_pipe_top.i_pipe_mprf.mprf_int[204],4
i_pipe_top.i_pipe_mprf.mprf_int[205],4
i_pipe_top.i_pipe_mprf.mprf_int[206],4
i_pipe_top.i_pipe_mprf.mprf_int[207],4
i_pipe_top.i_pipe_mprf.mprf_int[208],4
i_pipe_top.i_pipe_mprf.mprf_int[209],4
i_pipe_top.i_pipe_mprf.mprf_int[20],4
i_pipe_top.i_pipe_mprf.mprf_int[210],4
i_pipe_top.i_pipe_mprf.mprf_int[211],4
i_pipe_top.i_pipe_mprf.mprf_int[212],4
i_pipe_top.i_pipe_mprf.mprf_int[213],4
i_pipe_top.i_pipe_mprf.mprf_int[214],4
i_pipe_top.i_pipe_mprf.mprf_int[215],4
i_pipe_top.i_pipe_mprf.mprf_int[216],4
i_pipe_top.i_pipe_mprf.mprf_int[217],4
i_pipe_top.i_pipe_mprf.mprf_int[218],4
i_pipe_top.i_pipe_mprf.mprf_int[219],4
i_pipe_top.i_pipe_mprf.mprf_int[21],4
i_pipe_top.i_pipe_mprf.mprf_int[220],4
i_pipe_top.i_pipe_mprf.mprf_int[221],5
i_pipe_top.i_pipe_mprf.mprf_int[222],4
i_pipe_top.i_pipe_mprf.mprf_int[223],3
i_pipe_top.i_pipe_mprf.mprf_int[224],2
i_pipe_top.i_pipe_mprf.mprf_int[225],4
i_pipe_top.i_pipe_mprf.mprf_int[226],4
i_pipe_top.i_pipe_mprf.mprf_int[227],4
i_pipe_top.i_pipe_mprf.mprf_int[228],4
i_pipe_top.i_pipe_mprf.mprf_int[229],4
i_pipe_top.i_pipe_mprf.mprf_int[22],4
i_pipe_top.i_pipe_mprf.mprf_int[230],4
i_pipe_top.i_pipe_mprf.mprf_int[231],4
i_pipe_top.i_pipe_mprf.mprf_int[232],4
i_pipe_top.i_pipe_mprf.mprf_int[233],4
i_pipe_top.i_pipe_mprf.mprf_int[234],4
i_pipe_top.i_pipe_mprf.mprf_int[235],4
i_pipe_top.i_pipe_mprf.mprf_int[236],4
i_pipe_top.i_pipe_mprf.mprf_int[237],4
i_pipe_top.i_pipe_mprf.mprf_int[238],4
i_pipe_top.i_pipe_mprf.mprf_int[239],4
i_pipe_top.i_pipe_mprf.mprf_int[23],4
i_pipe_top.i_pipe_mprf.mprf_int[240],4
i_pipe_top.i_pipe_mprf.mprf_int[241],4
i_pipe_top.i_pipe_mprf.mprf_int[242],4
i_pipe_top.i_pipe_mprf.mprf_int[243],4
i_pipe_top.i_pipe_mprf.mprf_int[244],4
i_pipe_top.i_pipe_mprf.mprf_int[245],4
i_pipe_top.i_pipe_mprf.mprf_int[246],4
i_pipe_top.i_pipe_mprf.mprf_int[247],4
i_pipe_top.i_pipe_mprf.mprf_int[248],4
i_pipe_top.i_pipe_mprf.mprf_int[249],4
i_pipe_top.i_pipe_mprf.mprf_int[24],4
i_pipe_top.i_pipe_mprf.mprf_int[250],4
i_pipe_top.i_pipe_mprf.mprf_int[251],4
i_pipe_top.i_pipe_mprf.mprf_int[252],4
i_pipe_top.i_pipe_mprf.mprf_int[253],4
i_pipe_top.i_pipe_mprf.mprf_int[254],4
i_pipe_top.i_pipe_mprf.mprf_int[255],3
i_pipe_top.i_pipe_mprf.mprf_int[256],4
i_pipe_top.i_pipe_mprf.mprf_int[257],5
i_pipe_top.i_pipe_mprf.mprf_int[258],4
i_pipe_top.i_pipe_mprf.mprf_int[259],4
i_pipe_top.i_pipe_mprf.mprf_int[25],4
i_pipe_top.i_pipe_mprf.mprf_int[260],4
i_pipe_top.i_pipe_mprf.mprf_int[261],4
i_pipe_top.i_pipe_mprf.mprf_int[262],4
i_pipe_top.i_pipe_mprf.mprf_int[263],4
i_pipe_top.i_pipe_mprf.mprf_int[264],5
i_pipe_top.i_pipe_mprf.mprf_int[265],4
i_pipe_top.i_pipe_mprf.mprf_int[266],5
i_pipe_top.i_pipe_mprf.mprf_int[267],4
i_pipe_top.i_pipe_mprf.mprf_int[268],5
i_pipe_top.i_pipe_mprf.mprf_int[269],4
i_pipe_top.i_pipe_mprf.mprf_int[26],4
i_pipe_top.i_pipe_mprf.mprf_int[270],4
i_pipe_top.i_pipe_mprf.mprf_int[271],4
i_pipe_top.i_pipe_mprf.mprf_int[272],5
i_pipe_top.i_pipe_mprf.mprf_int[273],5
i_pipe_top.i_pipe_mprf.mprf_int[274],4
i_pipe_top.i_pipe_mprf.mprf_int[275],5
i_pipe_top.i_pipe_mprf.mprf_int[276],5
i_pipe_top.i_pipe_mprf.mprf_int[277],5
i_pipe_top.i_pipe_mprf.mprf_int[278],5
i_pipe_top.i_pipe_mprf.mprf_int[279],5
i_pipe_top.i_pipe_mprf.mprf_int[27],4
i_pipe_top.i_pipe_mprf.mprf_int[280],4
i_pipe_top.i_pipe_mprf.mprf_int[281],4
i_pipe_top.i_pipe_mprf.mprf_int[282],5
i_pipe_top.i_pipe_mprf.mprf_int[283],4
i_pipe_top.i_pipe_mprf.mprf_int[284],4
i_pipe_top.i_pipe_mprf.mprf_int[285],4
i_pipe_top.i_pipe_mprf.mprf_int[286],4
i_pipe_top.i_pipe_mprf.mprf_int[287],5
i_pipe_top.i_pipe_mprf.mprf_int[288],4
i_pipe_top.i_pipe_mprf.mprf_int[289],4
i_pipe_top.i_pipe_mprf.mprf_int[28],4
i_pipe_top.i_pipe_mprf.mprf_int[290],4
i_pipe_top.i_pipe_mprf.mprf_int[291],4
i_pipe_top.i_pipe_mprf.mprf_int[292],4
i_pipe_top.i_pipe_mprf.mprf_int[293],4
i_pipe_top.i_pipe_mprf.mprf_int[294],4
i_pipe_top.i_pipe_mprf.mprf_int[295],4
i_pipe_top.i_pipe_mprf.mprf_int[296],4
i_pipe_top.i_pipe_mprf.mprf_int[297],4
i_pipe_top.i_pipe_mprf.mprf_int[298],4
i_pipe_top.i_pipe_mprf.mprf_int[299],4
i_pipe_top.i_pipe_mprf.mprf_int[29],4
i_pipe_top.i_pipe_mprf.mprf_int[2],4
i_pipe_top.i_pipe_mprf.mprf_int[300],4
i_pipe_top.i_pipe_mprf.mprf_int[301],4
i_pipe_top.i_pipe_mprf.mprf_int[302],4
i_pipe_top.i_pipe_mprf.mprf_int[303],4
i_pipe_top.i_pipe_mprf.mprf_int[304],4
i_pipe_top.i_pipe_mprf.mprf_int[305],4
i_pipe_top.i_pipe_mprf.mprf_int[306],4
i_pipe_top.i_pipe_mprf.mprf_int[307],4
i_pipe_top.i_pipe_mprf.mprf_int[308],4
i_pipe_top.i_pipe_mprf.mprf_int[309],4
i_pipe_top.i_pipe_mprf.mprf_int[30],4
i_pipe_top.i_pipe_mprf.mprf_int[310],4
i_pipe_top.i_pipe_mprf.mprf_int[311],4
i_pipe_top.i_pipe_mprf.mprf_int[312],4
i_pipe_top.i_pipe_mprf.mprf_int[313],4
i_pipe_top.i_pipe_mprf.mprf_int[314],4
i_pipe_top.i_pipe_mprf.mprf_int[315],4
i_pipe_top.i_pipe_mprf.mprf_int[316],4
i_pipe_top.i_pipe_mprf.mprf_int[317],4
i_pipe_top.i_pipe_mprf.mprf_int[318],4
i_pipe_top.i_pipe_mprf.mprf_int[319],5
i_pipe_top.i_pipe_mprf.mprf_int[31],4
i_pipe_top.i_pipe_mprf.mprf_int[320],4
i_pipe_top.i_pipe_mprf.mprf_int[321],4
i_pipe_top.i_pipe_mprf.mprf_int[322],4
i_pipe_top.i_pipe_mprf.mprf_int[323],4
i_pipe_top.i_pipe_mprf.mprf_int[324],4
i_pipe_top.i_pipe_mprf.mprf_int[325],4
i_pipe_top.i_pipe_mprf.mprf_int[326],4
i_pipe_top.i_pipe_mprf.mprf_int[327],4
i_pipe_top.i_pipe_mprf.mprf_int[328],4
i_pipe_top.i_pipe_mprf.mprf_int[329],4
i_pipe_top.i_pipe_mprf.mprf_int[32],2
i_pipe_top.i_pipe_mprf.mprf_int[330],4
i_pipe_top.i_pipe_mprf.mprf_int[331],4
i_pipe_top.i_pipe_mprf.mprf_int[332],4
i_pipe_top.i_pipe_mprf.mprf_int[333],4
i_pipe_top.i_pipe_mprf.mprf_int[334],4
i_pipe_top.i_pipe_mprf.mprf_int[335],4
i_pipe_top.i_pipe_mprf.mprf_int[336],4
i_pipe_top.i_pipe_mprf.mprf_int[337],4
i_pipe_top.i_pipe_mprf.mprf_int[338],4
i_pipe_top.i_pipe_mprf.mprf_int[339],4
i_pipe_top.i_pipe_mprf.mprf_int[33],4
i_pipe_top.i_pipe_mprf.mprf_int[340],4
i_pipe_top.i_pipe_mprf.mprf_int[341],4
i_pipe_top.i_pipe_mprf.mprf_int[342],4
i_pipe_top.i_pipe_mprf.mprf_int[343],4
i_pipe_top.i_pipe_mprf.mprf_int[344],4
i_pipe_top.i_pipe_mprf.mprf_int[345],4
i_pipe_top.i_pipe_mprf.mprf_int[346],4
i_pipe_top.i_pipe_mprf.mprf_int[347],4
i_pipe_top.i_pipe_mprf.mprf_int[348],4
i_pipe_top.i_pipe_mprf.mprf_int[349],4
i_pipe_top.i_pipe_mprf.mprf_int[34],4
i_pipe_top.i_pipe_mprf.mprf_int[350],4
i_pipe_top.i_pipe_mprf.mprf_int[351],4
i_pipe_top.i_pipe_mprf.mprf_int[352],4
i_pipe_top.i_pipe_mprf.mprf_int[353],4
i_pipe_top.i_pipe_mprf.mprf_int[354],4
i_pipe_top.i_pipe_mprf.mprf_int[355],4
i_pipe_top.i_pipe_mprf.mprf_int[356],4
i_pipe_top.i_pipe_mprf.mprf_int[357],4
i_pipe_top.i_pipe_mprf.mprf_int[358],4
i_pipe_top.i_pipe_mprf.mprf_int[359],4
i_pipe_top.i_pipe_mprf.mprf_int[35],4
i_pipe_top.i_pipe_mprf.mprf_int[360],4
i_pipe_top.i_pipe_mprf.mprf_int[361],4
i_pipe_top.i_pipe_mprf.mprf_int[362],4
i_pipe_top.i_pipe_mprf.mprf_int[363],4
i_pipe_top.i_pipe_mprf.mprf_int[364],4
i_pipe_top.i_pipe_mprf.mprf_int[365],4
i_pipe_top.i_pipe_mprf.mprf_int[366],4
i_pipe_top.i_pipe_mprf.mprf_int[367],4
i_pipe_top.i_pipe_mprf.mprf_int[368],4
i_pipe_top.i_pipe_mprf.mprf_int[369],4
i_pipe_top.i_pipe_mprf.mprf_int[36],4
i_pipe_top.i_pipe_mprf.mprf_int[370],5
i_pipe_top.i_pipe_mprf.mprf_int[371],4
i_pipe_top.i_pipe_mprf.mprf_int[372],4
i_pipe_top.i_pipe_mprf.mprf_int[373],4
i_pipe_top.i_pipe_mprf.mprf_int[374],4
i_pipe_top.i_pipe_mprf.mprf_int[375],4
i_pipe_top.i_pipe_mprf.mprf_int[376],4
i_pipe_top.i_pipe_mprf.mprf_int[377],4
i_pipe_top.i_pipe_mprf.mprf_int[378],4
i_pipe_top.i_pipe_mprf.mprf_int[379],4
i_pipe_top.i_pipe_mprf.mprf_int[37],4
i_pipe_top.i_pipe_mprf.mprf_int[380],4
i_pipe_top.i_pipe_mprf.mprf_int[381],4
i_pipe_top.i_pipe_mprf.mprf_int[382],4
i_pipe_top.i_pipe_mprf.mprf_int[383],5
i_pipe_top.i_pipe_mprf.mprf_int[384],4
i_pipe_top.i_pipe_mprf.mprf_int[385],5
i_pipe_top.i_pipe_mprf.mprf_int[386],4
i_pipe_top.i_pipe_mprf.mprf_int[387],4
i_pipe_top.i_pipe_mprf.mprf_int[388],4
i_pipe_top.i_pipe_mprf.mprf_int[389],4
i_pipe_top.i_pipe_mprf.mprf_int[38],4
i_pipe_top.i_pipe_mprf.mprf_int[390],4
i_pipe_top.i_pipe_mprf.mprf_int[391],4
i_pipe_top.i_pipe_mprf.mprf_int[392],4
i_pipe_top.i_pipe_mprf.mprf_int[393],4
i_pipe_top.i_pipe_mprf.mprf_int[394],5
i_pipe_top.i_pipe_mprf.mprf_int[395],4
i_pipe_top.i_pipe_mprf.mprf_int[396],5
i_pipe_top.i_pipe_mprf.mprf_int[397],4
i_pipe_top.i_pipe_mprf.mprf_int[398],4
i_pipe_top.i_pipe_mprf.mprf_int[399],4
i_pipe_top.i_pipe_mprf.mprf_int[39],4
i_pipe_top.i_pipe_mprf.mprf_int[3],4
i_pipe_top.i_pipe_mprf.mprf_int[400],5
i_pipe_top.i_pipe_mprf.mprf_int[401],4
i_pipe_top.i_pipe_mprf.mprf_int[402],4
i_pipe_top.i_pipe_mprf.mprf_int[403],5
i_pipe_top.i_pipe_mprf.mprf_int[404],5
i_pipe_top.i_pipe_mprf.mprf_int[405],5
i_pipe_top.i_pipe_mprf.mprf_int[406],4
i_pipe_top.i_pipe_mprf.mprf_int[407],5
i_pipe_top.i_pipe_mprf.mprf_int[408],5
i_pipe_top.i_pipe_mprf.mprf_int[409],4
i_pipe_top.i_pipe_mprf.mprf_int[40],4
i_pipe_top.i_pipe_mprf.mprf_int[410],4
i_pipe_top.i_pipe_mprf.mprf_int[411],4
i_pipe_top.i_pipe_mprf.mprf_int[412],4
i_pipe_top.i_pipe_mprf.mprf_int[413],4
i_pipe_top.i_pipe_mprf.mprf_int[414],4
i_pipe_top.i_pipe_mprf.mprf_int[415],5
i_pipe_top.i_pipe_mprf.mprf_int[416],4
i_pipe_top.i_pipe_mprf.mprf_int[417],4
i_pipe_top.i_pipe_mprf.mprf_int[418],4
i_pipe_top.i_pipe_mprf.mprf_int[419],4
i_pipe_top.i_pipe_mprf.mprf_int[41],4
i_pipe_top.i_pipe_mprf.mprf_int[420],4
i_pipe_top.i_pipe_mprf.mprf_int[421],4
i_pipe_top.i_pipe_mprf.mprf_int[422],4
i_pipe_top.i_pipe_mprf.mprf_int[423],4
i_pipe_top.i_pipe_mprf.mprf_int[424],4
i_pipe_top.i_pipe_mprf.mprf_int[425],4
i_pipe_top.i_pipe_mprf.mprf_int[426],4
i_pipe_top.i_pipe_mprf.mprf_int[427],4
i_pipe_top.i_pipe_mprf.mprf_int[428],4
i_pipe_top.i_pipe_mprf.mprf_int[429],4
i_pipe_top.i_pipe_mprf.mprf_int[42],4
i_pipe_top.i_pipe_mprf.mprf_int[430],4
i_pipe_top.i_pipe_mprf.mprf_int[431],4
i_pipe_top.i_pipe_mprf.mprf_int[432],4
i_pipe_top.i_pipe_mprf.mprf_int[433],4
i_pipe_top.i_pipe_mprf.mprf_int[434],4
i_pipe_top.i_pipe_mprf.mprf_int[435],4
i_pipe_top.i_pipe_mprf.mprf_int[436],4
i_pipe_top.i_pipe_mprf.mprf_int[437],4
i_pipe_top.i_pipe_mprf.mprf_int[438],4
i_pipe_top.i_pipe_mprf.mprf_int[439],4
i_pipe_top.i_pipe_mprf.mprf_int[43],4
i_pipe_top.i_pipe_mprf.mprf_int[440],5
i_pipe_top.i_pipe_mprf.mprf_int[441],4
i_pipe_top.i_pipe_mprf.mprf_int[442],4
i_pipe_top.i_pipe_mprf.mprf_int[443],4
i_pipe_top.i_pipe_mprf.mprf_int[444],4
i_pipe_top.i_pipe_mprf.mprf_int[445],4
i_pipe_top.i_pipe_mprf.mprf_int[446],4
i_pipe_top.i_pipe_mprf.mprf_int[447],5
i_pipe_top.i_pipe_mprf.mprf_int[448],4
i_pipe_top.i_pipe_mprf.mprf_int[449],4
i_pipe_top.i_pipe_mprf.mprf_int[44],4
i_pipe_top.i_pipe_mprf.mprf_int[450],4
i_pipe_top.i_pipe_mprf.mprf_int[451],4
i_pipe_top.i_pipe_mprf.mprf_int[452],4
i_pipe_top.i_pipe_mprf.mprf_int[453],4
i_pipe_top.i_pipe_mprf.mprf_int[454],4
i_pipe_top.i_pipe_mprf.mprf_int[455],4
i_pipe_top.i_pipe_mprf.mprf_int[456],4
i_pipe_top.i_pipe_mprf.mprf_int[457],4
i_pipe_top.i_pipe_mprf.mprf_int[458],4
i_pipe_top.i_pipe_mprf.mprf_int[459],4
i_pipe_top.i_pipe_mprf.mprf_int[45],4
i_pipe_top.i_pipe_mprf.mprf_int[460],4
i_pipe_top.i_pipe_mprf.mprf_int[461],4
i_pipe_top.i_pipe_mprf.mprf_int[462],4
i_pipe_top.i_pipe_mprf.mprf_int[463],4
i_pipe_top.i_pipe_mprf.mprf_int[464],4
i_pipe_top.i_pipe_mprf.mprf_int[465],4
i_pipe_top.i_pipe_mprf.mprf_int[466],4
i_pipe_top.i_pipe_mprf.mprf_int[467],4
i_pipe_top.i_pipe_mprf.mprf_int[468],4
i_pipe_top.i_pipe_mprf.mprf_int[469],5
i_pipe_top.i_pipe_mprf.mprf_int[46],4
i_pipe_top.i_pipe_mprf.mprf_int[470],4
i_pipe_top.i_pipe_mprf.mprf_int[471],4
i_pipe_top.i_pipe_mprf.mprf_int[472],4
i_pipe_top.i_pipe_mprf.mprf_int[473],4
i_pipe_top.i_pipe_mprf.mprf_int[474],4
i_pipe_top.i_pipe_mprf.mprf_int[475],5
i_pipe_top.i_pipe_mprf.mprf_int[476],4
i_pipe_top.i_pipe_mprf.mprf_int[477],4
i_pipe_top.i_pipe_mprf.mprf_int[478],4
i_pipe_top.i_pipe_mprf.mprf_int[479],4
i_pipe_top.i_pipe_mprf.mprf_int[47],4
i_pipe_top.i_pipe_mprf.mprf_int[480],4
i_pipe_top.i_pipe_mprf.mprf_int[481],4
i_pipe_top.i_pipe_mprf.mprf_int[482],4
i_pipe_top.i_pipe_mprf.mprf_int[483],4
i_pipe_top.i_pipe_mprf.mprf_int[484],4
i_pipe_top.i_pipe_mprf.mprf_int[485],4
i_pipe_top.i_pipe_mprf.mprf_int[486],4
i_pipe_top.i_pipe_mprf.mprf_int[487],4
i_pipe_top.i_pipe_mprf.mprf_int[488],4
i_pipe_top.i_pipe_mprf.mprf_int[489],4
i_pipe_top.i_pipe_mprf.mprf_int[48],4
i_pipe_top.i_pipe_mprf.mprf_int[490],4
i_pipe_top.i_pipe_mprf.mprf_int[491],4
i_pipe_top.i_pipe_mprf.mprf_int[492],4
i_pipe_top.i_pipe_mprf.mprf_int[493],4
i_pipe_top.i_pipe_mprf.mprf_int[494],4
i_pipe_top.i_pipe_mprf.mprf_int[495],4
i_pipe_top.i_pipe_mprf.mprf_int[496],4
i_pipe_top.i_pipe_mprf.mprf_int[497],4
i_pipe_top.i_pipe_mprf.mprf_int[498],5
i_pipe_top.i_pipe_mprf.mprf_int[499],4
i_pipe_top.i_pipe_mprf.mprf_int[49],4
i_pipe_top.i_pipe_mprf.mprf_int[4],4
i_pipe_top.i_pipe_mprf.mprf_int[500],4
i_pipe_top.i_pipe_mprf.mprf_int[501],5
i_pipe_top.i_pipe_mprf.mprf_int[502],4
i_pipe_top.i_pipe_mprf.mprf_int[503],4
i_pipe_top.i_pipe_mprf.mprf_int[504],4
i_pipe_top.i_pipe_mprf.mprf_int[505],4
i_pipe_top.i_pipe_mprf.mprf_int[506],4
i_pipe_top.i_pipe_mprf.mprf_int[507],4
i_pipe_top.i_pipe_mprf.mprf_int[508],4
i_pipe_top.i_pipe_mprf.mprf_int[509],5
i_pipe_top.i_pipe_mprf.mprf_int[50],4
i_pipe_top.i_pipe_mprf.mprf_int[510],4
i_pipe_top.i_pipe_mprf.mprf_int[511],5
i_pipe_top.i_pipe_mprf.mprf_int[512],4
i_pipe_top.i_pipe_mprf.mprf_int[513],4
i_pipe_top.i_pipe_mprf.mprf_int[514],4
i_pipe_top.i_pipe_mprf.mprf_int[515],4
i_pipe_top.i_pipe_mprf.mprf_int[516],4
i_pipe_top.i_pipe_mprf.mprf_int[517],4
i_pipe_top.i_pipe_mprf.mprf_int[518],4
i_pipe_top.i_pipe_mprf.mprf_int[519],4
i_pipe_top.i_pipe_mprf.mprf_int[51],4
i_pipe_top.i_pipe_mprf.mprf_int[520],4
i_pipe_top.i_pipe_mprf.mprf_int[521],4
i_pipe_top.i_pipe_mprf.mprf_int[522],4
i_pipe_top.i_pipe_mprf.mprf_int[523],4
i_pipe_top.i_pipe_mprf.mprf_int[524],4
i_pipe_top.i_pipe_mprf.mprf_int[525],4
i_pipe_top.i_pipe_mprf.mprf_int[526],4
i_pipe_top.i_pipe_mprf.mprf_int[527],4
i_pipe_top.i_pipe_mprf.mprf_int[528],4
i_pipe_top.i_pipe_mprf.mprf_int[529],4
i_pipe_top.i_pipe_mprf.mprf_int[52],4
i_pipe_top.i_pipe_mprf.mprf_int[530],4
i_pipe_top.i_pipe_mprf.mprf_int[531],4
i_pipe_top.i_pipe_mprf.mprf_int[532],4
i_pipe_top.i_pipe_mprf.mprf_int[533],4
i_pipe_top.i_pipe_mprf.mprf_int[534],4
i_pipe_top.i_pipe_mprf.mprf_int[535],4
i_pipe_top.i_pipe_mprf.mprf_int[536],4
i_pipe_top.i_pipe_mprf.mprf_int[537],4
i_pipe_top.i_pipe_mprf.mprf_int[538],4
i_pipe_top.i_pipe_mprf.mprf_int[539],4
i_pipe_top.i_pipe_mprf.mprf_int[53],4
i_pipe_top.i_pipe_mprf.mprf_int[540],4
i_pipe_top.i_pipe_mprf.mprf_int[541],4
i_pipe_top.i_pipe_mprf.mprf_int[542],4
i_pipe_top.i_pipe_mprf.mprf_int[543],4
i_pipe_top.i_pipe_mprf.mprf_int[544],4
i_pipe_top.i_pipe_mprf.mprf_int[545],4
i_pipe_top.i_pipe_mprf.mprf_int[546],4
i_pipe_top.i_pipe_mprf.mprf_int[547],4
i_pipe_top.i_pipe_mprf.mprf_int[548],4
i_pipe_top.i_pipe_mprf.mprf_int[549],4
i_pipe_top.i_pipe_mprf.mprf_int[54],4
i_pipe_top.i_pipe_mprf.mprf_int[550],4
i_pipe_top.i_pipe_mprf.mprf_int[551],4
i_pipe_top.i_pipe_mprf.mprf_int[552],4
i_pipe_top.i_pipe_mprf.mprf_int[553],4
i_pipe_top.i_pipe_mprf.mprf_int[554],4
i_pipe_top.i_pipe_mprf.mprf_int[555],4
i_pipe_top.i_pipe_mprf.mprf_int[556],4
i_pipe_top.i_pipe_mprf.mprf_int[557],4
i_pipe_top.i_pipe_mprf.mprf_int[558],4
i_pipe_top.i_pipe_mprf.mprf_int[559],4
i_pipe_top.i_pipe_mprf.mprf_int[55],4
i_pipe_top.i_pipe_mprf.mprf_int[560],4
i_pipe_top.i_pipe_mprf.mprf_int[561],4
i_pipe_top.i_pipe_mprf.mprf_int[562],4
i_pipe_top.i_pipe_mprf.mprf_int[563],4
i_pipe_top.i_pipe_mprf.mprf_int[564],4
i_pipe_top.i_pipe_mprf.mprf_int[565],4
i_pipe_top.i_pipe_mprf.mprf_int[566],4
i_pipe_top.i_pipe_mprf.mprf_int[567],4
i_pipe_top.i_pipe_mprf.mprf_int[568],4
i_pipe_top.i_pipe_mprf.mprf_int[569],4
i_pipe_top.i_pipe_mprf.mprf_int[56],4
i_pipe_top.i_pipe_mprf.mprf_int[570],4
i_pipe_top.i_pipe_mprf.mprf_int[571],4
i_pipe_top.i_pipe_mprf.mprf_int[572],4
i_pipe_top.i_pipe_mprf.mprf_int[573],4
i_pipe_top.i_pipe_mprf.mprf_int[574],4
i_pipe_top.i_pipe_mprf.mprf_int[575],4
i_pipe_top.i_pipe_mprf.mprf_int[576],4
i_pipe_top.i_pipe_mprf.mprf_int[577],4
i_pipe_top.i_pipe_mprf.mprf_int[578],4
i_pipe_top.i_pipe_mprf.mprf_int[579],4
i_pipe_top.i_pipe_mprf.mprf_int[57],4
i_pipe_top.i_pipe_mprf.mprf_int[580],4
i_pipe_top.i_pipe_mprf.mprf_int[581],4
i_pipe_top.i_pipe_mprf.mprf_int[582],4
i_pipe_top.i_pipe_mprf.mprf_int[583],4
i_pipe_top.i_pipe_mprf.mprf_int[584],4
i_pipe_top.i_pipe_mprf.mprf_int[585],4
i_pipe_top.i_pipe_mprf.mprf_int[586],4
i_pipe_top.i_pipe_mprf.mprf_int[587],4
i_pipe_top.i_pipe_mprf.mprf_int[588],4
i_pipe_top.i_pipe_mprf.mprf_int[589],4
i_pipe_top.i_pipe_mprf.mprf_int[58],4
i_pipe_top.i_pipe_mprf.mprf_int[590],4
i_pipe_top.i_pipe_mprf.mprf_int[591],4
i_pipe_top.i_pipe_mprf.mprf_int[592],4
i_pipe_top.i_pipe_mprf.mprf_int[593],4
i_pipe_top.i_pipe_mprf.mprf_int[594],4
i_pipe_top.i_pipe_mprf.mprf_int[595],4
i_pipe_top.i_pipe_mprf.mprf_int[596],4
i_pipe_top.i_pipe_mprf.mprf_int[597],4
i_pipe_top.i_pipe_mprf.mprf_int[598],4
i_pipe_top.i_pipe_mprf.mprf_int[599],4
i_pipe_top.i_pipe_mprf.mprf_int[59],4
i_pipe_top.i_pipe_mprf.mprf_int[5],4
i_pipe_top.i_pipe_mprf.mprf_int[600],4
i_pipe_top.i_pipe_mprf.mprf_int[601],4
i_pipe_top.i_pipe_mprf.mprf_int[602],4
i_pipe_top.i_pipe_mprf.mprf_int[603],4
i_pipe_top.i_pipe_mprf.mprf_int[604],4
i_pipe_top.i_pipe_mprf.mprf_int[605],4
i_pipe_top.i_pipe_mprf.mprf_int[606],4
i_pipe_top.i_pipe_mprf.mprf_int[607],4
i_pipe_top.i_pipe_mprf.mprf_int[608],3
i_pipe_top.i_pipe_mprf.mprf_int[609],4
i_pipe_top.i_pipe_mprf.mprf_int[60],4
i_pipe_top.i_pipe_mprf.mprf_int[610],4
i_pipe_top.i_pipe_mprf.mprf_int[611],4
i_pipe_top.i_pipe_mprf.mprf_int[612],4
i_pipe_top.i_pipe_mprf.mprf_int[613],4
i_pipe_top.i_pipe_mprf.mprf_int[614],4
i_pipe_top.i_pipe_mprf.mprf_int[615],4
i_pipe_top.i_pipe_mprf.mprf_int[616],4
i_pipe_top.i_pipe_mprf.mprf_int[617],4
i_pipe_top.i_pipe_mprf.mprf_int[618],4
i_pipe_top.i_pipe_mprf.mprf_int[619],4
i_pipe_top.i_pipe_mprf.mprf_int[61],4
i_pipe_top.i_pipe_mprf.mprf_int[620],4
i_pipe_top.i_pipe_mprf.mprf_int[621],4
i_pipe_top.i_pipe_mprf.mprf_int[622],4
i_pipe_top.i_pipe_mprf.mprf_int[623],4
i_pipe_top.i_pipe_mprf.mprf_int[624],4
i_pipe_top.i_pipe_mprf.mprf_int[625],4
i_pipe_top.i_pipe_mprf.mprf_int[626],5
i_pipe_top.i_pipe_mprf.mprf_int[627],4
i_pipe_top.i_pipe_mprf.mprf_int[628],4
i_pipe_top.i_pipe_mprf.mprf_int[629],5
i_pipe_top.i_pipe_mprf.mprf_int[62],4
i_pipe_top.i_pipe_mprf.mprf_int[630],4
i_pipe_top.i_pipe_mprf.mprf_int[631],4
i_pipe_top.i_pipe_mprf.mprf_int[632],4
i_pipe_top.i_pipe_mprf.mprf_int[633],4
i_pipe_top.i_pipe_mprf.mprf_int[634],4
i_pipe_top.i_pipe_mprf.mprf_int[635],4
i_pipe_top.i_pipe_mprf.mprf_int[636],4
i_pipe_top.i_pipe_mprf.mprf_int[637],4
i_pipe_top.i_pipe_mprf.mprf_int[638],4
i_pipe_top.i_pipe_mprf.mprf_int[639],4
i_pipe_top.i_pipe_mprf.mprf_int[63],3
i_pipe_top.i_pipe_mprf.mprf_int[640],2
i_pipe_top.i_pipe_mprf.mprf_int[641],4
i_pipe_top.i_pipe_mprf.mprf_int[642],4
i_pipe_top.i_pipe_mprf.mprf_int[643],4
i_pipe_top.i_pipe_mprf.mprf_int[644],4
i_pipe_top.i_pipe_mprf.mprf_int[645],4
i_pipe_top.i_pipe_mprf.mprf_int[646],4
i_pipe_top.i_pipe_mprf.mprf_int[647],4
i_pipe_top.i_pipe_mprf.mprf_int[648],4
i_pipe_top.i_pipe_mprf.mprf_int[649],4
i_pipe_top.i_pipe_mprf.mprf_int[64],2
i_pipe_top.i_pipe_mprf.mprf_int[650],4
i_pipe_top.i_pipe_mprf.mprf_int[651],4
i_pipe_top.i_pipe_mprf.mprf_int[652],4
i_pipe_top.i_pipe_mprf.mprf_int[653],4
i_pipe_top.i_pipe_mprf.mprf_int[654],4
i_pipe_top.i_pipe_mprf.mprf_int[655],4
i_pipe_top.i_pipe_mprf.mprf_int[656],4
i_pipe_top.i_pipe_mprf.mprf_int[657],4
i_pipe_top.i_pipe_mprf.mprf_int[658],4
i_pipe_top.i_pipe_mprf.mprf_int[659],4
i_pipe_top.i_pipe_mprf.mprf_int[65],4
i_pipe_top.i_pipe_mprf.mprf_int[660],4
i_pipe_top.i_pipe_mprf.mprf_int[661],4
i_pipe_top.i_pipe_mprf.mprf_int[662],4
i_pipe_top.i_pipe_mprf.mprf_int[663],4
i_pipe_top.i_pipe_mprf.mprf_int[664],4
i_pipe_top.i_pipe_mprf.mprf_int[665],4
i_pipe_top.i_pipe_mprf.mprf_int[666],4
i_pipe_top.i_pipe_mprf.mprf_int[667],4
i_pipe_top.i_pipe_mprf.mprf_int[668],4
i_pipe_top.i_pipe_mprf.mprf_int[669],4
i_pipe_top.i_pipe_mprf.mprf_int[66],4
i_pipe_top.i_pipe_mprf.mprf_int[670],4
i_pipe_top.i_pipe_mprf.mprf_int[671],4
i_pipe_top.i_pipe_mprf.mprf_int[672],2
i_pipe_top.i_pipe_mprf.mprf_int[673],4
i_pipe_top.i_pipe_mprf.mprf_int[674],4
i_pipe_top.i_pipe_mprf.mprf_int[675],4
i_pipe_top.i_pipe_mprf.mprf_int[676],4
i_pipe_top.i_pipe_mprf.mprf_int[677],4
i_pipe_top.i_pipe_mprf.mprf_int[678],4
i_pipe_top.i_pipe_mprf.mprf_int[679],4
i_pipe_top.i_pipe_mprf.mprf_int[67],4
i_pipe_top.i_pipe_mprf.mprf_int[680],4
i_pipe_top.i_pipe_mprf.mprf_int[681],4
i_pipe_top.i_pipe_mprf.mprf_int[682],4
i_pipe_top.i_pipe_mprf.mprf_int[683],4
i_pipe_top.i_pipe_mprf.mprf_int[684],4
i_pipe_top.i_pipe_mprf.mprf_int[685],4
i_pipe_top.i_pipe_mprf.mprf_int[686],4
i_pipe_top.i_pipe_mprf.mprf_int[687],4
i_pipe_top.i_pipe_mprf.mprf_int[688],4
i_pipe_top.i_pipe_mprf.mprf_int[689],4
i_pipe_top.i_pipe_mprf.mprf_int[68],4
i_pipe_top.i_pipe_mprf.mprf_int[690],4
i_pipe_top.i_pipe_mprf.mprf_int[691],4
i_pipe_top.i_pipe_mprf.mprf_int[692],4
i_pipe_top.i_pipe_mprf.mprf_int[693],4
i_pipe_top.i_pipe_mprf.mprf_int[694],4
i_pipe_top.i_pipe_mprf.mprf_int[695],4
i_pipe_top.i_pipe_mprf.mprf_int[696],4
i_pipe_top.i_pipe_mprf.mprf_int[697],4
i_pipe_top.i_pipe_mprf.mprf_int[698],4
i_pipe_top.i_pipe_mprf.mprf_int[699],4
i_pipe_top.i_pipe_mprf.mprf_int[69],4
i_pipe_top.i_pipe_mprf.mprf_int[6],4
i_pipe_top.i_pipe_mprf.mprf_int[700],4
i_pipe_top.i_pipe_mprf.mprf_int[701],4
i_pipe_top.i_pipe_mprf.mprf_int[702],4
i_pipe_top.i_pipe_mprf.mprf_int[703],4
i_pipe_top.i_pipe_mprf.mprf_int[704],4
i_pipe_top.i_pipe_mprf.mprf_int[705],4
i_pipe_top.i_pipe_mprf.mprf_int[706],4
i_pipe_top.i_pipe_mprf.mprf_int[707],4
i_pipe_top.i_pipe_mprf.mprf_int[708],4
i_pipe_top.i_pipe_mprf.mprf_int[709],4
i_pipe_top.i_pipe_mprf.mprf_int[70],4
i_pipe_top.i_pipe_mprf.mprf_int[710],4
i_pipe_top.i_pipe_mprf.mprf_int[711],4
i_pipe_top.i_pipe_mprf.mprf_int[712],4
i_pipe_top.i_pipe_mprf.mprf_int[713],4
i_pipe_top.i_pipe_mprf.mprf_int[714],4
i_pipe_top.i_pipe_mprf.mprf_int[715],4
i_pipe_top.i_pipe_mprf.mprf_int[716],4
i_pipe_top.i_pipe_mprf.mprf_int[717],4
i_pipe_top.i_pipe_mprf.mprf_int[718],4
i_pipe_top.i_pipe_mprf.mprf_int[719],4
i_pipe_top.i_pipe_mprf.mprf_int[71],4
i_pipe_top.i_pipe_mprf.mprf_int[720],4
i_pipe_top.i_pipe_mprf.mprf_int[721],4
i_pipe_top.i_pipe_mprf.mprf_int[722],4
i_pipe_top.i_pipe_mprf.mprf_int[723],4
i_pipe_top.i_pipe_mprf.mprf_int[724],4
i_pipe_top.i_pipe_mprf.mprf_int[725],4
i_pipe_top.i_pipe_mprf.mprf_int[726],4
i_pipe_top.i_pipe_mprf.mprf_int[727],4
i_pipe_top.i_pipe_mprf.mprf_int[728],4
i_pipe_top.i_pipe_mprf.mprf_int[729],4
i_pipe_top.i_pipe_mprf.mprf_int[72],4
i_pipe_top.i_pipe_mprf.mprf_int[730],4
i_pipe_top.i_pipe_mprf.mprf_int[731],4
i_pipe_top.i_pipe_mprf.mprf_int[732],4
i_pipe_top.i_pipe_mprf.mprf_int[733],4
i_pipe_top.i_pipe_mprf.mprf_int[734],4
i_pipe_top.i_pipe_mprf.mprf_int[735],2
i_pipe_top.i_pipe_mprf.mprf_int[736],3
i_pipe_top.i_pipe_mprf.mprf_int[737],4
i_pipe_top.i_pipe_mprf.mprf_int[738],4
i_pipe_top.i_pipe_mprf.mprf_int[739],4
i_pipe_top.i_pipe_mprf.mprf_int[73],4
i_pipe_top.i_pipe_mprf.mprf_int[740],4
i_pipe_top.i_pipe_mprf.mprf_int[741],4
i_pipe_top.i_pipe_mprf.mprf_int[742],4
i_pipe_top.i_pipe_mprf.mprf_int[743],4
i_pipe_top.i_pipe_mprf.mprf_int[744],4
i_pipe_top.i_pipe_mprf.mprf_int[745],4
i_pipe_top.i_pipe_mprf.mprf_int[746],4
i_pipe_top.i_pipe_mprf.mprf_int[747],4
i_pipe_top.i_pipe_mprf.mprf_int[748],4
i_pipe_top.i_pipe_mprf.mprf_int[749],4
i_pipe_top.i_pipe_mprf.mprf_int[74],4
i_pipe_top.i_pipe_mprf.mprf_int[750],4
i_pipe_top.i_pipe_mprf.mprf_int[751],4
i_pipe_top.i_pipe_mprf.mprf_int[752],4
i_pipe_top.i_pipe_mprf.mprf_int[753],4
i_pipe_top.i_pipe_mprf.mprf_int[754],4
i_pipe_top.i_pipe_mprf.mprf_int[755],4
i_pipe_top.i_pipe_mprf.mprf_int[756],4
i_pipe_top.i_pipe_mprf.mprf_int[757],4
i_pipe_top.i_pipe_mprf.mprf_int[758],4
i_pipe_top.i_pipe_mprf.mprf_int[759],4
i_pipe_top.i_pipe_mprf.mprf_int[75],4
i_pipe_top.i_pipe_mprf.mprf_int[760],4
i_pipe_top.i_pipe_mprf.mprf_int[761],4
i_pipe_top.i_pipe_mprf.mprf_int[762],4
i_pipe_top.i_pipe_mprf.mprf_int[763],4
i_pipe_top.i_pipe_mprf.mprf_int[764],4
i_pipe_top.i_pipe_mprf.mprf_int[765],4
i_pipe_top.i_pipe_mprf.mprf_int[766],4
i_pipe_top.i_pipe_mprf.mprf_int[767],4
i_pipe_top.i_pipe_mprf.mprf_int[768],4
i_pipe_top.i_pipe_mprf.mprf_int[769],4
i_pipe_top.i_pipe_mprf.mprf_int[76],4
i_pipe_top.i_pipe_mprf.mprf_int[770],4
i_pipe_top.i_pipe_mprf.mprf_int[771],4
i_pipe_top.i_pipe_mprf.mprf_int[772],4
i_pipe_top.i_pipe_mprf.mprf_int[773],4
i_pipe_top.i_pipe_mprf.mprf_int[774],4
i_pipe_top.i_pipe_mprf.mprf_int[775],4
i_pipe_top.i_pipe_mprf.mprf_int[776],4
i_pipe_top.i_pipe_mprf.mprf_int[777],4
i_pipe_top.i_pipe_mprf.mprf_int[778],4
i_pipe_top.i_pipe_mprf.mprf_int[779],4
i_pipe_top.i_pipe_mprf.mprf_int[77],4
i_pipe_top.i_pipe_mprf.mprf_int[780],4
i_pipe_top.i_pipe_mprf.mprf_int[781],4
i_pipe_top.i_pipe_mprf.mprf_int[782],4
i_pipe_top.i_pipe_mprf.mprf_int[783],4
i_pipe_top.i_pipe_mprf.mprf_int[784],4
i_pipe_top.i_pipe_mprf.mprf_int[785],4
i_pipe_top.i_pipe_mprf.mprf_int[786],4
i_pipe_top.i_pipe_mprf.mprf_int[787],4
i_pipe_top.i_pipe_mprf.mprf_int[788],4
i_pipe_top.i_pipe_mprf.mprf_int[789],4
i_pipe_top.i_pipe_mprf.mprf_int[78],4
i_pipe_top.i_pipe_mprf.mprf_int[790],4
i_pipe_top.i_pipe_mprf.mprf_int[791],4
i_pipe_top.i_pipe_mprf.mprf_int[792],4
i_pipe_top.i_pipe_mprf.mprf_int[793],4
i_pipe_top.i_pipe_mprf.mprf_int[794],4
i_pipe_top.i_pipe_mprf.mprf_int[795],4
i_pipe_top.i_pipe_mprf.mprf_int[796],4
i_pipe_top.i_pipe_mprf.mprf_int[797],4
i_pipe_top.i_pipe_mprf.mprf_int[798],4
i_pipe_top.i_pipe_mprf.mprf_int[799],4
i_pipe_top.i_pipe_mprf.mprf_int[79],4
i_pipe_top.i_pipe_mprf.mprf_int[7],4
i_pipe_top.i_pipe_mprf.mprf_int[800],4
i_pipe_top.i_pipe_mprf.mprf_int[801],4
i_pipe_top.i_pipe_mprf.mprf_int[802],4
i_pipe_top.i_pipe_mprf.mprf_int[803],4
i_pipe_top.i_pipe_mprf.mprf_int[804],4
i_pipe_top.i_pipe_mprf.mprf_int[805],4
i_pipe_top.i_pipe_mprf.mprf_int[806],4
i_pipe_top.i_pipe_mprf.mprf_int[807],4
i_pipe_top.i_pipe_mprf.mprf_int[808],4
i_pipe_top.i_pipe_mprf.mprf_int[809],4
i_pipe_top.i_pipe_mprf.mprf_int[80],4
i_pipe_top.i_pipe_mprf.mprf_int[810],4
i_pipe_top.i_pipe_mprf.mprf_int[811],4
i_pipe_top.i_pipe_mprf.mprf_int[812],4
i_pipe_top.i_pipe_mprf.mprf_int[813],4
i_pipe_top.i_pipe_mprf.mprf_int[814],4
i_pipe_top.i_pipe_mprf.mprf_int[815],4
i_pipe_top.i_pipe_mprf.mprf_int[816],4
i_pipe_top.i_pipe_mprf.mprf_int[817],4
i_pipe_top.i_pipe_mprf.mprf_int[818],4
i_pipe_top.i_pipe_mprf.mprf_int[819],4
i_pipe_top.i_pipe_mprf.mprf_int[81],4
i_pipe_top.i_pipe_mprf.mprf_int[820],4
i_pipe_top.i_pipe_mprf.mprf_int[821],4
i_pipe_top.i_pipe_mprf.mprf_int[822],4
i_pipe_top.i_pipe_mprf.mprf_int[823],4
i_pipe_top.i_pipe_mprf.mprf_int[824],4
i_pipe_top.i_pipe_mprf.mprf_int[825],4
i_pipe_top.i_pipe_mprf.mprf_int[826],4
i_pipe_top.i_pipe_mprf.mprf_int[827],4
i_pipe_top.i_pipe_mprf.mprf_int[828],4
i_pipe_top.i_pipe_mprf.mprf_int[829],4
i_pipe_top.i_pipe_mprf.mprf_int[82],4
i_pipe_top.i_pipe_mprf.mprf_int[830],4
i_pipe_top.i_pipe_mprf.mprf_int[831],4
i_pipe_top.i_pipe_mprf.mprf_int[832],4
i_pipe_top.i_pipe_mprf.mprf_int[833],4
i_pipe_top.i_pipe_mprf.mprf_int[834],4
i_pipe_top.i_pipe_mprf.mprf_int[835],4
i_pipe_top.i_pipe_mprf.mprf_int[836],4
i_pipe_top.i_pipe_mprf.mprf_int[837],4
i_pipe_top.i_pipe_mprf.mprf_int[838],4
i_pipe_top.i_pipe_mprf.mprf_int[839],4
i_pipe_top.i_pipe_mprf.mprf_int[83],4
i_pipe_top.i_pipe_mprf.mprf_int[840],4
i_pipe_top.i_pipe_mprf.mprf_int[841],4
i_pipe_top.i_pipe_mprf.mprf_int[842],4
i_pipe_top.i_pipe_mprf.mprf_int[843],4
i_pipe_top.i_pipe_mprf.mprf_int[844],4
i_pipe_top.i_pipe_mprf.mprf_int[845],4
i_pipe_top.i_pipe_mprf.mprf_int[846],4
i_pipe_top.i_pipe_mprf.mprf_int[847],4
i_pipe_top.i_pipe_mprf.mprf_int[848],4
i_pipe_top.i_pipe_mprf.mprf_int[849],4
i_pipe_top.i_pipe_mprf.mprf_int[84],4
i_pipe_top.i_pipe_mprf.mprf_int[850],4
i_pipe_top.i_pipe_mprf.mprf_int[851],4
i_pipe_top.i_pipe_mprf.mprf_int[852],4
i_pipe_top.i_pipe_mprf.mprf_int[853],4
i_pipe_top.i_pipe_mprf.mprf_int[854],4
i_pipe_top.i_pipe_mprf.mprf_int[855],4
i_pipe_top.i_pipe_mprf.mprf_int[856],4
i_pipe_top.i_pipe_mprf.mprf_int[857],4
i_pipe_top.i_pipe_mprf.mprf_int[858],4
i_pipe_top.i_pipe_mprf.mprf_int[859],5
i_pipe_top.i_pipe_mprf.mprf_int[85],4
i_pipe_top.i_pipe_mprf.mprf_int[860],4
i_pipe_top.i_pipe_mprf.mprf_int[861],5
i_pipe_top.i_pipe_mprf.mprf_int[862],4
i_pipe_top.i_pipe_mprf.mprf_int[863],5
i_pipe_top.i_pipe_mprf.mprf_int[864],4
i_pipe_top.i_pipe_mprf.mprf_int[865],4
i_pipe_top.i_pipe_mprf.mprf_int[866],4
i_pipe_top.i_pipe_mprf.mprf_int[867],4
i_pipe_top.i_pipe_mprf.mprf_int[868],4
i_pipe_top.i_pipe_mprf.mprf_int[869],4
i_pipe_top.i_pipe_mprf.mprf_int[86],4
i_pipe_top.i_pipe_mprf.mprf_int[870],4
i_pipe_top.i_pipe_mprf.mprf_int[871],4
i_pipe_top.i_pipe_mprf.mprf_int[872],4
i_pipe_top.i_pipe_mprf.mprf_int[873],4
i_pipe_top.i_pipe_mprf.mprf_int[874],4
i_pipe_top.i_pipe_mprf.mprf_int[875],3
i_pipe_top.i_pipe_mprf.mprf_int[876],4
i_pipe_top.i_pipe_mprf.mprf_int[877],4
i_pipe_top.i_pipe_mprf.mprf_int[878],4
i_pipe_top.i_pipe_mprf.mprf_int[879],4
i_pipe_top.i_pipe_mprf.mprf_int[87],4
i_pipe_top.i_pipe_mprf.mprf_int[880],4
i_pipe_top.i_pipe_mprf.mprf_int[881],4
i_pipe_top.i_pipe_mprf.mprf_int[882],4
i_pipe_top.i_pipe_mprf.mprf_int[883],4
i_pipe_top.i_pipe_mprf.mprf_int[884],4
i_pipe_top.i_pipe_mprf.mprf_int[885],4
i_pipe_top.i_pipe_mprf.mprf_int[886],4
i_pipe_top.i_pipe_mprf.mprf_int[887],4
i_pipe_top.i_pipe_mprf.mprf_int[888],4
i_pipe_top.i_pipe_mprf.mprf_int[889],4
i_pipe_top.i_pipe_mprf.mprf_int[88],4
i_pipe_top.i_pipe_mprf.mprf_int[890],4
i_pipe_top.i_pipe_mprf.mprf_int[891],4
i_pipe_top.i_pipe_mprf.mprf_int[892],4
i_pipe_top.i_pipe_mprf.mprf_int[893],4
i_pipe_top.i_pipe_mprf.mprf_int[894],4
i_pipe_top.i_pipe_mprf.mprf_int[895],4
i_pipe_top.i_pipe_mprf.mprf_int[896],4
i_pipe_top.i_pipe_mprf.mprf_int[897],4
i_pipe_top.i_pipe_mprf.mprf_int[898],4
i_pipe_top.i_pipe_mprf.mprf_int[899],4
i_pipe_top.i_pipe_mprf.mprf_int[89],4
i_pipe_top.i_pipe_mprf.mprf_int[8],4
i_pipe_top.i_pipe_mprf.mprf_int[900],4
i_pipe_top.i_pipe_mprf.mprf_int[901],4
i_pipe_top.i_pipe_mprf.mprf_int[902],4
i_pipe_top.i_pipe_mprf.mprf_int[903],4
i_pipe_top.i_pipe_mprf.mprf_int[904],4
i_pipe_top.i_pipe_mprf.mprf_int[905],4
i_pipe_top.i_pipe_mprf.mprf_int[906],4
i_pipe_top.i_pipe_mprf.mprf_int[907],4
i_pipe_top.i_pipe_mprf.mprf_int[908],4
i_pipe_top.i_pipe_mprf.mprf_int[909],4
i_pipe_top.i_pipe_mprf.mprf_int[90],4
i_pipe_top.i_pipe_mprf.mprf_int[910],4
i_pipe_top.i_pipe_mprf.mprf_int[911],4
i_pipe_top.i_pipe_mprf.mprf_int[912],4
i_pipe_top.i_pipe_mprf.mprf_int[913],4
i_pipe_top.i_pipe_mprf.mprf_int[914],4
i_pipe_top.i_pipe_mprf.mprf_int[915],4
i_pipe_top.i_pipe_mprf.mprf_int[916],4
i_pipe_top.i_pipe_mprf.mprf_int[917],4
i_pipe_top.i_pipe_mprf.mprf_int[918],4
i_pipe_top.i_pipe_mprf.mprf_int[919],4
i_pipe_top.i_pipe_mprf.mprf_int[91],4
i_pipe_top.i_pipe_mprf.mprf_int[920],4
i_pipe_top.i_pipe_mprf.mprf_int[921],4
i_pipe_top.i_pipe_mprf.mprf_int[922],4
i_pipe_top.i_pipe_mprf.mprf_int[923],4
i_pipe_top.i_pipe_mprf.mprf_int[924],4
i_pipe_top.i_pipe_mprf.mprf_int[925],4
i_pipe_top.i_pipe_mprf.mprf_int[926],4
i_pipe_top.i_pipe_mprf.mprf_int[927],4
i_pipe_top.i_pipe_mprf.mprf_int[928],4
i_pipe_top.i_pipe_mprf.mprf_int[929],4
i_pipe_top.i_pipe_mprf.mprf_int[92],4
i_pipe_top.i_pipe_mprf.mprf_int[930],4
i_pipe_top.i_pipe_mprf.mprf_int[931],4
i_pipe_top.i_pipe_mprf.mprf_int[932],4
i_pipe_top.i_pipe_mprf.mprf_int[933],4
i_pipe_top.i_pipe_mprf.mprf_int[934],4
i_pipe_top.i_pipe_mprf.mprf_int[935],4
i_pipe_top.i_pipe_mprf.mprf_int[936],4
i_pipe_top.i_pipe_mprf.mprf_int[937],4
i_pipe_top.i_pipe_mprf.mprf_int[938],4
i_pipe_top.i_pipe_mprf.mprf_int[939],4
i_pipe_top.i_pipe_mprf.mprf_int[93],5
i_pipe_top.i_pipe_mprf.mprf_int[940],4
i_pipe_top.i_pipe_mprf.mprf_int[941],4
i_pipe_top.i_pipe_mprf.mprf_int[942],4
i_pipe_top.i_pipe_mprf.mprf_int[943],4
i_pipe_top.i_pipe_mprf.mprf_int[944],4
i_pipe_top.i_pipe_mprf.mprf_int[945],4
i_pipe_top.i_pipe_mprf.mprf_int[946],4
i_pipe_top.i_pipe_mprf.mprf_int[947],4
i_pipe_top.i_pipe_mprf.mprf_int[948],4
i_pipe_top.i_pipe_mprf.mprf_int[949],4
i_pipe_top.i_pipe_mprf.mprf_int[94],4
i_pipe_top.i_pipe_mprf.mprf_int[950],4
i_pipe_top.i_pipe_mprf.mprf_int[951],4
i_pipe_top.i_pipe_mprf.mprf_int[952],4
i_pipe_top.i_pipe_mprf.mprf_int[953],4
i_pipe_top.i_pipe_mprf.mprf_int[954],4
i_pipe_top.i_pipe_mprf.mprf_int[955],4
i_pipe_top.i_pipe_mprf.mprf_int[956],4
i_pipe_top.i_pipe_mprf.mprf_int[957],4
i_pipe_top.i_pipe_mprf.mprf_int[958],4
i_pipe_top.i_pipe_mprf.mprf_int[959],4
i_pipe_top.i_pipe_mprf.mprf_int[95],3
i_pipe_top.i_pipe_mprf.mprf_int[960],4
i_pipe_top.i_pipe_mprf.mprf_int[961],4
i_pipe_top.i_pipe_mprf.mprf_int[962],4
i_pipe_top.i_pipe_mprf.mprf_int[963],4
i_pipe_top.i_pipe_mprf.mprf_int[964],4
i_pipe_top.i_pipe_mprf.mprf_int[965],4
i_pipe_top.i_pipe_mprf.mprf_int[966],4
i_pipe_top.i_pipe_mprf.mprf_int[967],4
i_pipe_top.i_pipe_mprf.mprf_int[968],4
i_pipe_top.i_pipe_mprf.mprf_int[969],4
i_pipe_top.i_pipe_mprf.mprf_int[96],4
i_pipe_top.i_pipe_mprf.mprf_int[970],4
i_pipe_top.i_pipe_mprf.mprf_int[971],4
i_pipe_top.i_pipe_mprf.mprf_int[972],4
i_pipe_top.i_pipe_mprf.mprf_int[973],4
i_pipe_top.i_pipe_mprf.mprf_int[974],4
i_pipe_top.i_pipe_mprf.mprf_int[975],4
i_pipe_top.i_pipe_mprf.mprf_int[976],4
i_pipe_top.i_pipe_mprf.mprf_int[977],4
i_pipe_top.i_pipe_mprf.mprf_int[978],4
i_pipe_top.i_pipe_mprf.mprf_int[979],4
i_pipe_top.i_pipe_mprf.mprf_int[97],4
i_pipe_top.i_pipe_mprf.mprf_int[980],4
i_pipe_top.i_pipe_mprf.mprf_int[981],4
i_pipe_top.i_pipe_mprf.mprf_int[982],4
i_pipe_top.i_pipe_mprf.mprf_int[983],4
i_pipe_top.i_pipe_mprf.mprf_int[984],4
i_pipe_top.i_pipe_mprf.mprf_int[985],4
i_pipe_top.i_pipe_mprf.mprf_int[986],4
i_pipe_top.i_pipe_mprf.mprf_int[987],4
i_pipe_top.i_pipe_mprf.mprf_int[988],4
i_pipe_top.i_pipe_mprf.mprf_int[989],5
i_pipe_top.i_pipe_mprf.mprf_int[98],4
i_pipe_top.i_pipe_mprf.mprf_int[990],4
i_pipe_top.i_pipe_mprf.mprf_int[991],4
i_pipe_top.i_pipe_mprf.mprf_int[99],4
i_pipe_top.i_pipe_mprf.mprf_int[9],4
i_pipe_top.i_pipe_tdu.csr_icount_action_ff,4
i_pipe_top.i_pipe_tdu.csr_icount_count_ff[0],5
i_pipe_top.i_pipe_tdu.csr_icount_count_ff[10],5
i_pipe_top.i_pipe_tdu.csr_icount_count_ff[11],4
i_pipe_top.i_pipe_tdu.csr_icount_count_ff[12],5
i_pipe_top.i_pipe_tdu.csr_icount_count_ff[13],4
i_pipe_top.i_pipe_tdu.csr_icount_count_ff[1],5
i_pipe_top.i_pipe_tdu.csr_icount_count_ff[2],6
i_pipe_top.i_pipe_tdu.csr_icount_count_ff[3],6
i_pipe_top.i_pipe_tdu.csr_icount_count_ff[4],5
i_pipe_top.i_pipe_tdu.csr_icount_count_ff[5],4
i_pipe_top.i_pipe_tdu.csr_icount_count_ff[6],4
i_pipe_top.i_pipe_tdu.csr_icount_count_ff[7],7
i_pipe_top.i_pipe_tdu.csr_icount_count_ff[8],5
i_pipe_top.i_pipe_tdu.csr_icount_count_ff[9],4
i_pipe_top.i_pipe_tdu.csr_icount_dmode_ff,4
i_pipe_top.i_pipe_tdu.csr_icount_hit_ff,3
i_pipe_top.i_pipe_tdu.csr_icount_m_ff,5
i_pipe_top.i_pipe_tdu.csr_icount_skip_ff,5
i_pipe_top.i_pipe_tdu.csr_mcontrol_action_ff[0],4
i_pipe_top.i_pipe_tdu.csr_mcontrol_action_ff[1],4
i_pipe_top.i_pipe_tdu.csr_mcontrol_dmode_ff[0],4
i_pipe_top.i_pipe_tdu.csr_mcontrol_dmode_ff[1],4
i_pipe_top.i_pipe_tdu.csr_mcontrol_exec_ff[0],5
i_pipe_top.i_pipe_tdu.csr_mcontrol_exec_ff[1],5
i_pipe_top.i_pipe_tdu.csr_mcontrol_hit_ff[0],3
i_pipe_top.i_pipe_tdu.csr_mcontrol_hit_ff[1],3
i_pipe_top.i_pipe_tdu.csr_mcontrol_load_ff[0],4
i_pipe_top.i_pipe_tdu.csr_mcontrol_load_ff[1],4
i_pipe_top.i_pipe_tdu.csr_mcontrol_m_ff[0],6
i_pipe_top.i_pipe_tdu.csr_mcontrol_m_ff[1],2
i_pipe_top.i_pipe_tdu.csr_mcontrol_store_ff[0],4
i_pipe_top.i_pipe_tdu.csr_mcontrol_store_ff[1],4
i_pipe_top.i_pipe_tdu.csr_tdata2_ff[0],4
i_pipe_top.i_pipe_tdu.csr_tdata2_ff[10],4
i_pipe_top.i_pipe_tdu.csr_tdata2_ff[11],4
i_pipe_top.i_pipe_tdu.csr_tdata2_ff[12],4
i_pipe_top.i_pipe_tdu.csr_tdata2_ff[13],4
i_pipe_top.i_pipe_tdu.csr_tdata2_ff[14],4
i_pipe_top.i_pipe_tdu.csr_tdata2_ff[15],4
i_pipe_top.i_pipe_tdu.csr_tdata2_ff[16],4
i_pipe_top.i_pipe_tdu.csr_tdata2_ff[17],4
i_pipe_top.i_pipe_tdu.csr_tdata2_ff[18],4
i_pipe_top.i_pipe_tdu.csr_tdata2_ff[19],4
i_pipe_top.i_pipe_tdu.csr_tdata2_ff[1],4
i_pipe_top.i_pipe_tdu.csr_tdata2_ff[20],4
i_pipe_top.i_pipe_tdu.csr_tdata2_ff[21],4
i_pipe_top.i_pipe_tdu.csr_tdata2_ff[22],4
i_pipe_top.i_pipe_tdu.csr_tdata2_ff[23],4
i_pipe_top.i_pipe_tdu.csr_tdata2_ff[24],4
i_pipe_top.i_pipe_tdu.csr_tdata2_ff[25],4
i_pipe_top.i_pipe_tdu.csr_tdata2_ff[26],4
i_pipe_top.i_pipe_tdu.csr_tdata2_ff[27],4
i_pipe_top.i_pipe_tdu.csr_tdata2_ff[28],2
i_pipe_top.i_pipe_tdu.csr_tdata2_ff[29],4
i_pipe_top.i_pipe_tdu.csr_tdata2_ff[2],4
i_pipe_top.i_pipe_tdu.csr_tdata2_ff[30],4
i_pipe_top.i_pipe_tdu.csr_tdata2_ff[31],4
i_pipe_top.i_pipe_tdu.csr_tdata2_ff[32],4
i_pipe_top.i_pipe_tdu.csr_tdata2_ff[33],4
i_pipe_top.i_pipe_tdu.csr_tdata2_ff[34],4
i_pipe_top.i_pipe_tdu.csr_tdata2_ff[35],4
i_pipe_top.i_pipe_tdu.csr_tdata2_ff[36],4
i_pipe_top.i_pipe_tdu.csr_tdata2_ff[37],4
i_pipe_top.i_pipe_tdu.csr_tdata2_ff[38],4
i_pipe_top.i_pipe_tdu.csr_tdata2_ff[39],4
i_pipe_top.i_pipe_tdu.csr_tdata2_ff[3],4
i_pipe_top.i_pipe_tdu.csr_tdata2_ff[40],4
i_pipe_top.i_pipe_tdu.csr_tdata2_ff[41],4
i_pipe_top.i_pipe_tdu.csr_tdata2_ff[42],4
i_pipe_top.i_pipe_tdu.csr_tdata2_ff[43],4
i_pipe_top.i_pipe_tdu.csr_tdata2_ff[44],6
i_pipe_top.i_pipe_tdu.csr_tdata2_ff[45],4
i_pipe_top.i_pipe_tdu.csr_tdata2_ff[46],4
i_pipe_top.i_pipe_tdu.csr_tdata2_ff[47],4
i_pipe_top.i_pipe_tdu.csr_tdata2_ff[48],4
i_pipe_top.i_pipe_tdu.csr_tdata2_ff[49],4
i_pipe_top.i_pipe_tdu.csr_tdata2_ff[4],4
i_pipe_top.i_pipe_tdu.csr_tdata2_ff[50],4
i_pipe_top.i_pipe_tdu.csr_tdata2_ff[51],4
i_pipe_top.i_pipe_tdu.csr_tdata2_ff[52],4
i_pipe_top.i_pipe_tdu.csr_tdata2_ff[53],2
i_pipe_top.i_pipe_tdu.csr_tdata2_ff[54],4
i_pipe_top.i_pipe_tdu.csr_tdata2_ff[55],8
i_pipe_top.i_pipe_tdu.csr_tdata2_ff[56],4
i_pipe_top.i_pipe_tdu.csr_tdata2_ff[57],4
i_pipe_top.i_pipe_tdu.csr_tdata2_ff[58],4
i_pipe_top.i_pipe_tdu.csr_tdata2_ff[59],4
i_pipe_top.i_pipe_tdu.csr_tdata2_ff[5],4
i_pipe_top.i_pipe_tdu.csr_tdata2_ff[60],2
i_pipe_top.i_pipe_tdu.csr_tdata2_ff[61],4
i_pipe_top.i_pipe_tdu.csr_tdata2_ff[62],4
i_pipe_top.i_pipe_tdu.csr_tdata2_ff[63],4
i_pipe_top.i_pipe_tdu.csr_tdata2_ff[6],4
i_pipe_top.i_pipe_tdu.csr_tdata2_ff[7],4
i_pipe_top.i_pipe_tdu.csr_tdata2_ff[8],4
i_pipe_top.i_pipe_tdu.csr_tdata2_ff[9],4
i_pipe_top.i_pipe_tdu.csr_tdata2_upd[0],5
i_pipe_top.i_pipe_tdu.csr_tdata2_upd[1],5
i_pipe_top.i_pipe_tdu.csr_tselect_ff[0],19
i_pipe_top.i_pipe_tdu.csr_tselect_ff[1],12
i_pipe_top.i_pipe_tdu.csr_wr_data[0],4
i_pipe_top.i_pipe_tdu.csr_wr_data[10],4
i_pipe_top.i_pipe_tdu.csr_wr_data[11],4
i_pipe_top.i_pipe_tdu.csr_wr_data[12],5
i_pipe_top.i_pipe_tdu.csr_wr_data[13],4
i_pipe_top.i_pipe_tdu.csr_wr_data[14],4
i_pipe_top.i_pipe_tdu.csr_wr_data[15],4
i_pipe_top.i_pipe_tdu.csr_wr_data[16],4
i_pipe_top.i_pipe_tdu.csr_wr_data[17],3
i_pipe_top.i_pipe_tdu.csr_wr_data[18],4
i_pipe_top.i_pipe_tdu.csr_wr_data[19],4
i_pipe_top.i_pipe_tdu.csr_wr_data[1],4
i_pipe_top.i_pipe_tdu.csr_wr_data[20],6
i_pipe_top.i_pipe_tdu.csr_wr_data[21],4
i_pipe_top.i_pipe_tdu.csr_wr_data[22],4
i_pipe_top.i_pipe_tdu.csr_wr_data[23],4
i_pipe_top.i_pipe_tdu.csr_wr_data[24],4
i_pipe_top.i_pipe_tdu.csr_wr_data[25],3
i_pipe_top.i_pipe_tdu.csr_wr_data[26],3
i_pipe_top.i_pipe_tdu.csr_wr_data[27],5
i_pipe_top.i_pipe_tdu.csr_wr_data[28],3
i_pipe_top.i_pipe_tdu.csr_wr_data[29],3
i_pipe_top.i_pipe_tdu.csr_wr_data[2],4
i_pipe_top.i_pipe_tdu.csr_wr_data[30],3
i_pipe_top.i_pipe_tdu.csr_wr_data[31],3
i_pipe_top.i_pipe_tdu.csr_wr_data[3],4
i_pipe_top.i_pipe_tdu.csr_wr_data[4],4
i_pipe_top.i_pipe_tdu.csr_wr_data[5],4
i_pipe_top.i_pipe_tdu.csr_wr_data[6],5
i_pipe_top.i_pipe_tdu.csr_wr_data[7],3
i_pipe_top.i_pipe_tdu.csr_wr_data[8],3
i_pipe_top.i_pipe_tdu.csr_wr_data[9],3
i_scu.core_rst_n_in_sync,2
i_scu.core_rst_n_status,3
i_scu.core_rst_n_status_sync,3
i_scu.dm_rst_n_in,1
i_scu.dm_rst_n_status,3
i_scu.hdu_rst_n_in_sync,1
i_scu.hdu_rst_n_status,3
i_scu.hdu_rst_n_status_sync,3
i_scu.i_core_rstn_qlfy_adapter_cell_sync.i_reset_output_buf.rst_n_mux,4
i_scu.i_core_rstn_status_sync.data_dff[0],2
i_scu.i_hdu_rstn_status_sync.data_dff[0],2
i_scu.i_sys_rstn_qlfy_adapter_cell_sync.i_reset_output_buf.reset_n_ff,3
i_scu.i_sys_rstn_qlfy_adapter_cell_sync.reset_n_in_sync,2
i_scu.i_sys_rstn_status_sync.data_dff[0],2
i_scu.i_sys_rstn_status_sync.data_dff[1],3
i_scu.scu2tapcsync_ch_tdo_o,11
i_scu.scu_control_ff[0],5
i_scu.scu_control_ff[1],4
i_scu.scu_control_ff[2],3
i_scu.scu_control_ff[3],3
i_scu.scu_csr_req,14
i_scu.scu_mode_ff[0],4
i_scu.scu_mode_ff[1],4
i_scu.scu_mode_ff[2],3
i_scu.scu_mode_ff[3],3
i_scu.scu_status_ff[0],3
i_scu.scu_status_ff[2],4
i_scu.scu_status_ff[3],3
i_scu.scu_status_ff_dly[0],2
i_scu.scu_status_ff_dly[1],2
i_scu.scu_status_ff_dly[2],2
i_scu.scu_status_ff_dly[3],2
i_scu.scu_sticky_sts_ff[0],3
i_scu.scu_sticky_sts_ff[1],3
i_scu.scu_sticky_sts_ff[2],3
i_scu.scu_sticky_sts_ff[3],3
i_scu.tapc_shadow_ff[0],3
i_scu.tapc_shadow_ff[1],3
i_scu.tapc_shadow_ff[2],3
i_scu.tapc_shadow_ff[3],3
i_scu.tapc_shadow_ff[4],3
i_scu.tapc_shadow_ff[5],3
i_scu.tapc_shadow_ff[6],3
i_scu.tapc_shadow_ff[7],3
i_scu.tapc_shift_ff[1],11
i_scu.tapc_shift_ff[2],12
i_scu.tapc_shift_ff[3],12
i_scu.tapc_shift_ff[4],6
i_scu.tapc_shift_ff[5],6
i_scu.tapc_shift_ff[6],6
i_scu.tapc_shift_ff[7],6
i_tapc.dr_bld_id_tdo,3
i_tapc.dr_bypass_tdo,3
i_tapc.dr_idcode_tdo,3
i_tapc.i_bypass_reg.fsm_dr_capture,7
i_tapc.i_bypass_reg.fsm_dr_shift,9
i_tapc.i_bypass_reg.rst_n_sync,6
i_tapc.i_tap_dr_bld_id_reg.dout_parallel[10],3
i_tapc.i_tap_dr_bld_id_reg.dout_parallel[11],3
i_tapc.i_tap_dr_bld_id_reg.dout_parallel[12],3
i_tapc.i_tap_dr_bld_id_reg.dout_parallel[13],3
i_tapc.i_tap_dr_bld_id_reg.dout_parallel[14],3
i_tapc.i_tap_dr_bld_id_reg.dout_parallel[15],3
i_tapc.i_tap_dr_bld_id_reg.dout_parallel[16],3
i_tapc.i_tap_dr_bld_id_reg.dout_parallel[17],3
i_tapc.i_tap_dr_bld_id_reg.dout_parallel[18],3
i_tapc.i_tap_dr_bld_id_reg.dout_parallel[19],3
i_tapc.i_tap_dr_bld_id_reg.dout_parallel[1],3
i_tapc.i_tap_dr_bld_id_reg.dout_parallel[20],3
i_tapc.i_tap_dr_bld_id_reg.dout_parallel[21],3
i_tapc.i_tap_dr_bld_id_reg.dout_parallel[22],3
i_tapc.i_tap_dr_bld_id_reg.dout_parallel[23],3
i_tapc.i_tap_dr_bld_id_reg.dout_parallel[24],3
i_tapc.i_tap_dr_bld_id_reg.dout_parallel[25],3
i_tapc.i_tap_dr_bld_id_reg.dout_parallel[26],3
i_tapc.i_tap_dr_bld_id_reg.dout_parallel[27],3
i_tapc.i_tap_dr_bld_id_reg.dout_parallel[28],3
i_tapc.i_tap_dr_bld_id_reg.dout_parallel[29],3
i_tapc.i_tap_dr_bld_id_reg.dout_parallel[2],3
i_tapc.i_tap_dr_bld_id_reg.dout_parallel[30],3
i_tapc.i_tap_dr_bld_id_reg.dout_parallel[31],3
i_tapc.i_tap_dr_bld_id_reg.dout_parallel[3],3
i_tapc.i_tap_dr_bld_id_reg.dout_parallel[4],3
i_tapc.i_tap_dr_bld_id_reg.dout_parallel[5],3
i_tapc.i_tap_dr_bld_id_reg.dout_parallel[6],3
i_tapc.i_tap_dr_bld_id_reg.dout_parallel[7],3
i_tapc.i_tap_dr_bld_id_reg.dout_parallel[8],3
i_tapc.i_tap_dr_bld_id_reg.dout_parallel[9],3
i_tapc.i_tap_idcode_reg.dout_parallel[10],3
i_tapc.i_tap_idcode_reg.dout_parallel[11],3
i_tapc.i_tap_idcode_reg.dout_parallel[12],3
i_tapc.i_tap_idcode_reg.dout_parallel[13],3
i_tapc.i_tap_idcode_reg.dout_parallel[14],3
i_tapc.i_tap_idcode_reg.dout_parallel[15],3
i_tapc.i_tap_idcode_reg.dout_parallel[16],3
i_tapc.i_tap_idcode_reg.dout_parallel[17],3
i_tapc.i_tap_idcode_reg.dout_parallel[18],3
i_tapc.i_tap_idcode_reg.dout_parallel[19],3
i_tapc.i_tap_idcode_reg.dout_parallel[1],3
i_tapc.i_tap_idcode_reg.dout_parallel[20],3
i_tapc.i_tap_idcode_reg.dout_parallel[21],3
i_tapc.i_tap_idcode_reg.dout_parallel[22],3
i_tapc.i_tap_idcode_reg.dout_parallel[23],3
i_tapc.i_tap_idcode_reg.dout_parallel[24],3
i_tapc.i_tap_idcode_reg.dout_parallel[25],3
i_tapc.i_tap_idcode_reg.dout_parallel[26],3
i_tapc.i_tap_idcode_reg.dout_parallel[27],3
i_tapc.i_tap_idcode_reg.dout_parallel[28],3
i_tapc.i_tap_idcode_reg.dout_parallel[29],3
i_tapc.i_tap_idcode_reg.dout_parallel[2],3
i_tapc.i_tap_idcode_reg.dout_parallel[30],3
i_tapc.i_tap_idcode_reg.dout_parallel[31],3
i_tapc.i_tap_idcode_reg.dout_parallel[3],3
i_tapc.i_tap_idcode_reg.dout_parallel[4],3
i_tapc.i_tap_idcode_reg.dout_parallel[5],3
i_tapc.i_tap_idcode_reg.dout_parallel[6],3
i_tapc.i_tap_idcode_reg.dout_parallel[7],3
i_tapc.i_tap_idcode_reg.dout_parallel[8],3
i_tapc.i_tap_idcode_reg.dout_parallel[9],3
i_tapc.tap_fsm_ff[0],3
i_tapc.tap_fsm_ff[10],4
i_tapc.tap_fsm_ff[11],6
i_tapc.tap_fsm_ff[12],2
i_tapc.tap_fsm_ff[13],8
i_tapc.tap_fsm_ff[14],4
i_tapc.tap_fsm_ff[15],8
i_tapc.tap_fsm_ff[1],2
i_tapc.tap_fsm_ff[2],2
i_tapc.tap_fsm_ff[3],6
i_tapc.tap_fsm_ff[4],5
i_tapc.tap_fsm_ff[5],4
i_tapc.tap_fsm_ff[6],4
i_tapc.tap_fsm_ff[7],6
i_tapc.tap_fsm_ff[8],2
i_tapc.tap_fsm_ff[9],4
i_tapc.tap_fsm_ir_shift_ff,3
i_tapc.tap_ir_ff[0],4
i_tapc.tap_ir_ff[1],6
i_tapc.tap_ir_ff[2],6
i_tapc.tap_ir_ff[3],7
i_tapc.tap_ir_ff[4],6
i_tapc.tap_ir_next[0],4
i_tapc.tap_ir_next[1],4
i_tapc.tap_ir_next[2],4
i_tapc.tap_ir_next[3],4
i_tapc.tap_ir_next[4],4
i_tapc.tapc2tapcsync_ch_update_o,2
i_tapc_synchronizer.dmi_ch_capture_sync[0],2
i_tapc_synchronizer.dmi_ch_capture_sync[1],2
i_tapc_synchronizer.dmi_ch_capture_sync[2],2
i_tapc_synchronizer.dmi_ch_shift_sync[0],2
i_tapc_synchronizer.dmi_ch_shift_sync[1],2
i_tapc_synchronizer.dmi_ch_shift_sync[2],2
i_tapc_synchronizer.dmi_ch_tdi_sync[0],2
i_tapc_synchronizer.dmi_ch_tdi_sync[1],2
i_tapc_synchronizer.dmi_ch_tdi_sync[2],2
i_tapc_synchronizer.tapcsync2core_ch_id_o[1],5
i_tapc_synchronizer.tck_divneg,3
i_tapc_synchronizer.tck_divneg_sync[0],2
i_tapc_synchronizer.tck_divneg_sync[1],5
i_tapc_synchronizer.tck_divneg_sync[2],5
i_tapc_synchronizer.tck_divneg_sync[3],3
i_tapc_synchronizer.tck_divpos,3
i_tapc_synchronizer.tck_divpos_sync[0],2
i_tapc_synchronizer.tck_divpos_sync[1],6
i_tapc_synchronizer.tck_divpos_sync[2],6
i_tapc_synchronizer.tck_divpos_sync[3],3
imem2core_rdata_i[0],1
imem2core_rdata_i[10],1
imem2core_rdata_i[11],1
imem2core_rdata_i[12],1
imem2core_rdata_i[13],1
imem2core_rdata_i[14],1
imem2core_rdata_i[15],1
imem2core_rdata_i[16],1
imem2core_rdata_i[17],1
imem2core_rdata_i[18],1
imem2core_rdata_i[19],1
imem2core_rdata_i[1],1
imem2core_rdata_i[20],1
imem2core_rdata_i[21],1
imem2core_rdata_i[22],1
imem2core_rdata_i[23],1
imem2core_rdata_i[24],1
imem2core_rdata_i[25],1
imem2core_rdata_i[26],1
imem2core_rdata_i[27],1
imem2core_rdata_i[28],1
imem2core_rdata_i[29],1
imem2core_rdata_i[2],1
imem2core_rdata_i[30],1
imem2core_rdata_i[31],1
imem2core_rdata_i[3],1
imem2core_rdata_i[4],1
imem2core_rdata_i[5],1
imem2core_rdata_i[6],1
imem2core_rdata_i[7],1
imem2core_rdata_i[8],1
imem2core_rdata_i[9],1
imem2core_req_ack_i,1
imem2core_resp_i[0],1
imem2core_resp_i[1],1
net10,3
net100,2
net101,2
net102,2
net103,2
net104,2
net105,2
net106,2
net107,2
net108,2
net109,2
net11,3
net110,2
net111,2
net112,2
net113,2
net114,2
net115,2
net116,2
net117,2
net118,2
net119,2
net12,3
net120,2
net121,2
net122,2
net123,2
net124,2
net125,3
net126,2
net127,2
net128,2
net129,2
net13,3
net130,2
net131,2
net132,2
net133,2
net134,2
net135,2
net136,2
net137,2
net138,2
net139,2
net14,3
net140,2
net141,2
net142,2
net143,2
net144,2
net145,2
net146,2
net147,2
net148,3
net149,2
net15,3
net150,2
net151,2
net152,2
net153,2
net154,11
net155,7
net156,8
net157,8
net158,8
net159,9
net16,3
net160,7
net161,10
net162,10
net163,8
net164,8
net165,10
net166,8
net167,8
net168,8
net169,8
net17,3
net170,8
net171,8
net172,8
net173,8
net174,8
net175,8
net176,8
net177,8
net178,10
net179,8
net18,3
net180,8
net181,8
net182,8
net183,9
net184,8
net185,8
net186,2
net187,3
net188,3
net189,2
net19,3
net190,2
net191,2
net192,2
net193,2
net194,2
net195,2
net196,2
net197,2
net198,2
net199,2
net20,3
net200,2
net201,2
net202,2
net203,2
net204,2
net205,2
net206,2
net207,2
net208,2
net209,2
net21,3
net210,2
net211,2
net212,2
net213,2
net214,2
net215,2
net216,2
net217,2
net218,2
net219,2
net22,3
net220,2
net221,2
net222,2
net223,28
net224,6
net225,22
net226,2
net227,9
net228,2
net229,3
net23,4
net230,3
net231,3
net232,3
net233,3
net234,3
net235,3
net236,3
net237,2
net238,4
net239,3
net24,3
net240,3
net241,4
net242,2
net243,3
net244,2
net245,3
net246,2
net247,3
net248,4
net249,2
net25,3
net250,2
net251,4
net252,5
net253,4
net254,3
net255,3
net256,3
net257,3
net258,3
net259,3
net26,3
net260,3
net261,2
net262,2
net263,2
net264,3
net265,2
net266,3
net267,2
net268,2
net269,2
net27,3
net270,2
net271,2
net272,4
net273,3
net274,2
net275,4
net276,3
net277,2
net278,2
net279,3
net28,3
net280,3
net281,3
net282,2
net283,2
net284,2
net285,4
net286,3
net287,2
net288,3
net289,2
net29,3
net290,2
net291,3
net292,2
net293,3
net294,2
net295,2
net296,2
net297,4
net298,6
net299,5
net3,2
net30,3
net300,4
net301,6
net302,5
net303,5
net304,5
net305,4
net306,4
net307,4
net308,6
net309,5
net31,3
net310,4
net311,6
net312,4
net313,6
net314,5
net315,4
net316,5
net317,6
net318,4
net319,3
net32,3
net320,8
net321,5
net322,4
net323,5
net324,6
net325,6
net326,5
net327,3
net328,7
net329,5
net33,3
net330,2
net331,2
net332,2
net333,2
net34,3
net35,3
net36,2
net37,2
net38,2
net39,2
net4,3
net40,2
net41,2
net4157,2
net4158,4
net4159,3
net4160,6
net4161,2
net4162,2
net4163,2
net4164,5
net4165,2
net4166,8
net4167,2
net4168,8
net4169,4
net4170,2
net4171,32
net4172,2
net4173,32
net4174,32
net4175,32
net4176,32
net4177,32
net4178,32
net4179,2
net4180,2
net4181,33
net4182,29
net4183,41
net4184,25
net4185,32
net4186,2
net4187,2
net4188,2
net4189,2
net4190,32
net4191,32
net4192,2
net4193,32
net4194,32
net4195,3
net4196,2
net4197,32
net4198,2
net4199,2
net42,2
net4200,2
net4201,2
net4202,25
net4203,12
net4204,7
net4205,16
net4206,11
net4207,3
net4208,23
net4209,17
net4210,38
net4211,51
net4212,40
net4213,21
net4214,17
net4215,18
net4216,19
net4217,39
net4218,22
net4219,33
net4220,20
net4221,19
net4222,41
net4223,32
net4224,27
net4225,36
net4226,25
net4227,22
net4228,15
net4229,20
net4230,49
net4231,49
net4232,29
net4233,22
net4234,22
net4235,36
net4236,36
net4237,22
net4238,36
net4239,23
net4240,36
net4241,22
net4242,36
net4243,22
net4244,38
net4245,22
net4246,14
net4247,5
net4248,37
net4249,38
net4250,20
net4251,38
net4252,22
net4253,21
net4254,40
net4255,18
net4256,43
net4257,13
net4258,21
net4259,29
net4260,37
net4261,18
net4262,23
net4263,28
net4264,10
net4265,38
net4266,20
net4267,35
net4268,24
net4269,34
net4270,25
net4271,32
net4272,32
net4273,32
net4274,32
net4275,32
net4276,2
net4277,2
net4278,2
net4279,38
net4280,21
net4281,33
net4282,39
net4283,39
net4284,2
net4285,43
net4286,21
net4287,17
net4288,7
net4289,24
net4290,2
net4291,3
net4292,32
net4293,35
net4294,33
net4295,32
net4296,32
net4297,32
net4298,32
net4299,32
net43,2
net4300,2
net4301,2
net4302,13
net4303,20
net4304,12
net4305,15
net4306,35
net4307,34
net4308,2
net4309,8
net4310,26
net4311,5
net4312,32
net4313,32
net4314,32
net4315,32
net4316,32
net4317,32
net4318,32
net4319,3
net4320,6
net4321,3
net4322,14
net4323,3
net4324,3
net4325,32
net4326,32
net4327,2
net4328,32
net4329,2
net4330,2
net4331,2
net4332,2
net4333,2
net4334,33
net4335,2
net4336,2
net4337,2
net4338,4
net4339,2
net4340,3
net4341,25
net4342,18
net4343,18
net4344,35
net4345,27
net4346,2
net4347,2
net4348,2
net4349,2
net4350,4
net4351,3
net4352,2
net4353,32
net4354,32
net4355,33
net4356,7
net4357,2
net4358,3
net4359,3
net4360,6
net4361,8
net4362,6
net4363,19
net4364,2
net4365,3
net4366,2
net4367,3
net4368,5
net4369,11
net4370,3
net4371,3
net4372,4
net4373,3
net4374,3
net4375,2
net4376,3
net4377,2
net4378,3
net4379,4
net4380,3
net4381,3
net4382,3
net4383,3
net4384,2
net4385,3
net4386,3
net4387,3
net4388,3
net4389,2
net4390,4
net4391,3
net4392,3
net4393,3
net4394,3
net4395,2
net4396,2
net4397,2
net4398,3
net4399,3
net44,2
net4400,2
net4401,2
net4402,2
net4403,2
net4404,3
net4405,3
net4406,2
net4407,2
net4408,2
net4409,2
net4410,4
net4411,2
net4412,6
net4413,4
net4414,2
net4415,2
net4416,2
net4417,3
net4418,6
net4419,2
net4420,2
net4421,4
net4422,5
net4423,3
net4424,3
net4425,3
net4426,2
net4427,2
net4428,3
net4429,2
net4430,3
net4431,6
net4432,6
net4433,4
net4434,2
net4435,4
net4436,2
net4437,2
net4438,3
net4439,8
net4440,6
net4441,4
net4442,6
net4443,2
net4444,2
net4445,4
net4446,2
net4447,6
net4448,2
net4449,2
net4450,2
net4451,2
net4452,3
net4453,6
net4454,7
net4455,2
net4456,4
net4457,5
net4458,2
net4459,6
net4460,2
net4461,3
net4462,5
net4463,3
net4464,4
net4465,3
net4466,6
net4467,3
net4468,5
net4469,2
net4470,4
net4471,5
net4472,7
net4473,6
net4474,4
net4475,7
net4476,6
net4477,3
net4478,3
net4479,2
net4480,2
net4481,3
net4482,2
net4483,6
net4484,2
net4485,3
net4486,2
net4487,6
net4488,7
net4489,7
net4490,7
net4491,6
net4492,3
net4493,3
net4494,4
net4495,5
net4496,4
net4497,2
net4498,5
net4499,2
net45,2
net4500,3
net4501,7
net4502,7
net4503,7
net4504,3
net4505,5
net4506,7
net4507,5
net4508,5
net4509,2
net4510,10
net4511,9
net4512,2
net4513,4
net4514,7
net4515,7
net4516,2
net4517,4
net4518,3
net4519,2
net4520,2
net4521,10
net4522,10
net4523,9
net4524,11
net4525,9
net4526,9
net4527,9
net4528,9
net4529,9
net4530,9
net4531,9
net4532,9
net4533,9
net4534,3
net4535,9
net4536,9
net4537,7
net4538,3
net4539,2
net4540,7
net4541,4
net4542,5
net4543,5
net4544,3
net4545,3
net4546,2
net4547,5
net4548,8
net4549,7
net4550,2
net4551,30
net4552,30
net4553,5
net4554,11
net4555,9
net4556,3
net4557,3
net4558,3
net4559,3
net4560,9
net4561,9
net4562,3
net4563,32
net4564,3
net4565,3
net4566,2
net4567,2
net4568,2
net4569,2
net4570,7
net4571,6
net4572,12
net4573,25
net4574,3
net4575,33
net4576,2
net4577,10
net4578,9
net4579,9
net4580,3
net4581,3
net4582,3
net4583,3
net4584,3
net4585,2
net4586,2
net4587,2
net4588,4
net4589,2
net4590,7
net4591,3
net4592,5
net4593,5
net4594,33
net4595,2
net4596,5
net4597,51
net4598,3
net4599,3
net46,2
net4600,3
net4601,19
net4602,3
net4603,6
net4604,16
net4605,7
net4606,2
net4607,2
net4608,2
net4609,3
net4610,7
net4611,9
net4612,2
net4613,2
net4614,18
net4615,10
net4616,12
net4617,46
net4618,19
net4619,2
net4620,2
net4621,4
net4622,6
net4623,3
net4624,5
net4625,6
net4626,10
net4627,2
net4628,5
net4629,32
net4630,5
net4631,2
net4632,2
net4633,9
net4634,5
net4635,13
net4636,16
net4637,3
net4638,13
net4639,24
net4640,3
net4641,6
net4642,11
net4643,7
net4644,12
net4645,7
net4646,9
net4647,8
net4648,2
net4649,2
net4650,8
net4651,2
net4652,19
net4653,10
net4654,13
net4655,2
net4656,13
net4657,13
net4658,8
net4659,13
net4660,12
net4661,17
net4662,13
net4663,9
net4664,4
net4665,22
net4666,13
net4667,7
net4668,10
net4669,11
net4670,4
net4671,24
net4672,3
net4673,15
net4674,8
net4675,10
net4676,11
net4677,27
net4678,6
net4679,11
net4680,24
net4681,7
net4682,7
net4683,4
net4684,4
net4685,5
net4686,9
net4687,33
net4688,34
net4689,7
net4690,5
net4691,16
net4692,8
net4693,12
net4694,9
net4695,8
net4696,5
net4697,6
net4698,19
net4699,2
net47,2
net4700,8
net4701,4
net4702,7
net4703,9
net4704,8
net4705,9
net4706,6
net4707,33
net4708,22
net4709,10
net4710,7
net4711,22
net4712,6
net4713,9
net4714,10
net4715,9
net4716,12
net4717,12
net4718,9
net4719,13
net4720,8
net4721,8
net4722,8
net4723,8
net4724,24
net4725,9
net4726,22
net4727,7
net4728,10
net4729,7
net4730,6
net4731,24
net4732,27
net4733,5
net4734,3
net4735,27
net4736,7
net4737,8
net4738,5
net4739,6
net4740,33
net4741,11
net4742,27
net4743,27
net4744,14
net4745,45
net4746,5
net4747,33
net4748,22
net4749,7
net4750,23
net4751,10
net4752,16
net4753,11
net4754,9
net4755,7
net4756,11
net4757,5
net4758,11
net4759,3
net4760,32
net4761,3
net4762,11
net4763,13
net4764,11
net4765,4
net4766,5
net4767,6
net4768,3
net4769,8
net4770,17
net4771,33
net4772,32
net4773,4
net4774,14
net4775,23
net4776,38
net4777,14
net4778,20
net4779,17
net4780,42
net4781,33
net4782,31
net4783,13
net4784,12
net4785,13
net4786,6
net4787,37
net4788,14
net4789,8
net4790,4
net4791,6
net4792,8
net4793,8
net4794,7
net4795,6
net4796,7
net4797,6
net4798,18
net4799,16
net48,2
net4800,29
net4801,3
net4802,26
net4803,16
net4804,22
net4805,23
net4806,9
net4807,49
net4808,31
net4809,29
net4810,3
net4811,12
net4812,13
net4813,30
net4814,31
net4815,8
net4816,25
net4817,8
net4818,11
net4819,23
net4820,24
net4821,22
net4822,5
net4823,18
net4824,22
net4825,22
net4826,26
net4827,22
net4828,22
net4829,7
net4830,8
net4831,10
net4832,33
net4833,26
net4834,4
net4835,38
net4836,24
net4837,24
net4838,8
net4839,11
net4840,22
net4841,8
net4842,14
net4843,11
net4844,9
net4845,32
net4846,10
net4847,11
net4848,5
net4849,4
net4850,3
net4851,2
net4852,9
net4853,3
net4854,3
net4855,5
net4856,20
net4857,11
net4858,9
net4859,13
net4860,10
net4861,10
net4862,19
net4863,15
net4864,17
net4865,5
net4866,8
net4867,13
net4868,26
net4869,35
net4870,32
net4871,29
net4872,48
net4873,19
net4874,27
net4875,34
net4876,23
net4877,26
net4878,9
net4879,19
net4880,4
net4881,3
net4882,8
net4883,7
net4884,15
net4885,25
net4886,5
net4887,24
net4888,27
net4889,3
net4890,10
net4891,30
net4892,25
net4893,39
net4894,18
net4895,18
net4896,2
net4897,19
net4898,23
net4899,6
net49,2
net4900,24
net4901,24
net4902,36
net4903,6
net4904,3
net4905,7
net4906,6
net4907,3
net4908,7
net4909,4
net4910,4
net4911,4
net4912,5
net4913,7
net4914,3
net4915,7
net4916,5
net4917,4
net4918,8
net4919,5
net4920,6
net4921,6
net4922,5
net4923,3
net4924,8
net4925,5
net4926,5
net4927,6
net4928,5
net4929,3
net4930,9
net4931,26
net4932,8
net4933,23
net4934,3
net4935,24
net4936,16
net4937,10
net4938,2
net4939,6
net4940,26
net4941,2
net4942,2
net4943,4
net4944,35
net4945,31
net4946,21
net4947,6
net4948,7
net4949,3
net4950,24
net4951,49
net4952,3
net4953,4
net4954,7
net4955,8
net4956,3
net4957,16
net4958,9
net4959,36
net4960,7
net4961,4
net4962,6
net4963,8
net4964,10
net4965,40
net4966,10
net4967,13
net4968,22
net4969,33
net4970,17
net4971,8
net4972,37
net4973,18
net4974,33
net4975,24
net4976,34
net4977,41
net4978,45
net4979,28
net4980,42
net4981,29
net4982,10
net4983,4
net4984,3
net4985,15
net4986,17
net4987,7
net4988,2
net4989,6
net4990,3
net4991,3
net4992,3
net4993,5
net4994,3
net4995,3
net4996,4
net4997,3
net4998,4
net4999,4
net5,3
net50,2
net5000,2
net5001,2
net5002,2
net5003,3
net5004,3
net5005,2
net5006,4
net5007,2
net5008,5
net5009,12
net5010,4
net5011,17
net5012,22
net5013,28
net5014,19
net5015,8
net5016,24
net5017,11
net5018,4
net5019,44
net5020,22
net5021,6
net5022,8
net5023,4
net5024,14
net5025,4
net5026,2
net5027,11
net5028,14
net5029,11
net5030,32
net5031,41
net5032,34
net5033,9
net5034,3
net5035,3
net5036,3
net5037,6
net5038,30
net5039,4
net5040,4
net5041,2
net5042,2
net5043,5
net5044,32
net5045,24
net5046,4
net5047,6
net5048,4
net5049,3
net5050,15
net5051,28
net5052,21
net5053,27
net5054,33
net5055,13
net5056,5
net5057,17
net5058,17
net5059,21
net5060,4
net5061,10
net5062,5
net5063,8
net5064,5
net5065,15
net5066,27
net5067,19
net5068,4
net5069,4
net5070,3
net5071,15
net5072,15
net5073,4
net5074,2
net5075,14
net5076,2
net5077,8
net5078,5
net5079,3
net5080,24
net5081,8
net5082,3
net5083,5
net5084,42
net5085,28
net5086,4
net5087,15
net5088,40
net5089,9
net5090,15
net5091,23
net5092,36
net5093,24
net5094,28
net5095,7
net5096,8
net5097,34
net5098,7
net5099,19
net51,2
net5100,33
net5101,26
net5102,18
net5103,6
net5104,20
net5105,6
net5106,6
net5107,7
net5108,21
net5109,24
net5110,13
net5111,6
net5112,6
net5113,5
net5114,7
net5115,14
net5116,11
net5117,2
net5118,7
net5119,17
net5120,4
net5121,5
net5122,4
net5123,6
net5124,6
net5125,11
net5126,7
net5127,8
net5128,12
net5129,9
net5130,8
net5131,8
net5132,13
net5133,5
net5134,4
net5135,5
net5136,8
net5137,14
net5138,23
net5139,7
net5140,10
net5141,18
net5142,5
net5143,4
net5144,8
net5145,6
net5146,5
net5147,5
net5148,7
net5149,4
net5150,8
net5151,7
net5152,3
net5153,14
net5154,6
net5155,14
net5156,11
net5157,22
net5158,4
net5159,9
net5160,26
net5161,21
net5162,5
net5163,29
net5164,15
net5165,17
net5166,32
net5167,14
net5168,8
net5169,9
net5170,19
net5171,9
net5172,48
net5173,8
net5174,30
net5175,12
net5176,13
net5177,7
net5178,10
net5179,15
net5180,7
net5181,17
net5182,13
net5183,8
net5184,3
net5185,10
net5186,22
net5187,9
net5188,8
net5189,11
net5190,13
net5191,4
net5192,16
net5193,15
net5194,27
net5195,17
net5196,16
net5197,31
net5198,12
net5199,13
net52,4
net5200,3
net5201,6
net5202,8
net5203,8
net5204,10
net5205,6
net5206,13
net5207,12
net5208,8
net5209,11
net5210,5
net5211,4
net5212,8
net5213,7
net5214,9
net5215,22
net5216,15
net5217,24
net5218,21
net5219,7
net5220,6
net5221,6
net5222,2
net5223,5
net5224,8
net5225,12
net5226,6
net5227,7
net5228,10
net5229,14
net5230,7
net5231,3
net5232,5
net5233,5
net5234,5
net5235,12
net5236,13
net5237,18
net5238,9
net5239,6
net5240,11
net5241,12
net5242,6
net5243,11
net5244,12
net5245,14
net5246,10
net5247,9
net5248,8
net5249,7
net5250,8
net5251,13
net5252,16
net5253,19
net5254,4
net5255,23
net5256,6
net5257,12
net5258,11
net5259,10
net5260,20
net5261,9
net5262,11
net5263,16
net5264,6
net5265,3
net5266,17
net5267,44
net5268,21
net5269,33
net5270,10
net5271,9
net5272,11
net5273,15
net5274,8
net5275,15
net5276,7
net5277,9
net5278,19
net5279,11
net5280,14
net5281,5
net5282,5
net5283,8
net5284,9
net5285,12
net5286,8
net5287,6
net5288,6
net5289,2
net5290,25
net5291,51
net5292,28
net5293,26
net5294,46
net5295,6
net5296,6
net5297,21
net5298,30
net5299,30
net53,3
net5300,14
net5301,13
net5302,6
net5303,8
net5304,13
net5305,9
net5306,6
net5307,7
net5308,14
net5309,5
net5310,11
net5311,7
net5312,6
net5313,9
net5314,11
net5315,13
net5316,6
net5317,9
net5318,9
net5319,12
net5320,23
net5321,15
net5322,8
net5323,28
net5324,8
net5325,16
net5326,12
net5327,17
net5328,40
net5329,6
net5330,2
net5331,13
net5332,10
net5333,14
net5334,37
net5335,5
net5336,3
net5337,11
net5338,19
net5339,45
net5340,5
net5341,5
net5342,7
net5343,8
net5344,30
net5345,22
net5346,17
net5347,11
net5348,14
net5349,16
net5350,7
net5351,8
net5352,8
net5353,7
net5354,10
net5355,21
net5356,30
net5357,22
net5358,26
net5359,50
net5360,22
net5361,20
net5362,23
net5363,19
net5364,14
net5365,13
net5366,12
net5367,17
net5368,7
net5369,22
net5370,21
net5371,4
net5372,6
net5373,7
net5374,37
net5375,6
net5376,11
net5377,7
net5378,40
net5379,30
net5380,31
net5381,14
net5382,15
net5383,38
net5384,47
net5385,3
net5386,6
net5387,3
net5388,36
net5389,40
net5390,27
net5391,41
net5392,27
net5393,15
net5394,31
net5395,7
net5396,12
net5397,13
net5398,32
net5399,33
net54,2
net5400,15
net5401,31
net5402,30
net5403,22
net5404,24
net5405,28
net5406,21
net5407,11
net5408,9
net5409,20
net5410,35
net5411,22
net5412,20
net5413,25
net5414,16
net5415,11
net5416,14
net5417,11
net5418,20
net5419,6
net5420,3
net5421,7
net5422,9
net5423,3
net5424,12
net5425,26
net5426,44
net5427,9
net5428,25
net5429,31
net5430,17
net5431,9
net5432,5
net5433,4
net5434,3
net5435,4
net5436,3
net5437,5
net5438,21
net5439,17
net5440,6
net5441,7
net5442,5
net5443,7
net5444,11
net5445,14
net5446,7
net5447,17
net5448,5
net5449,9
net5450,9
net5451,11
net5452,6
net5453,7
net5454,7
net5455,6
net5456,4
net5457,13
net5458,20
net5459,6
net5460,13
net5461,6
net5462,5
net5463,4
net5464,35
net5465,12
net5466,6
net5467,11
net5468,16
net5469,20
net5470,30
net5471,9
net5472,23
net5473,15
net5474,10
net5475,13
net5476,32
net5477,35
net5478,28
net5479,8
net5480,5
net5481,16
net5482,16
net5483,8
net5484,8
net5485,28
net5486,24
net5487,3
net5488,27
net5489,3
net5490,4
net5491,5
net5492,5
net5493,10
net5494,7
net5495,24
net5496,17
net5497,9
net5498,5
net5499,7
net55,2
net5500,22
net5501,5
net5502,10
net5503,8
net5504,7
net5505,7
net5506,6
net5507,7
net5508,10
net5509,11
net5510,7
net5511,13
net5512,9
net5513,5
net5514,10
net5515,8
net5516,10
net5517,10
net5518,5
net5519,6
net5520,6
net5521,23
net5522,17
net5523,11
net5524,5
net5525,11
net5526,17
net5527,6
net5528,21
net5529,7
net5530,9
net5531,9
net5532,10
net5533,15
net5534,3
net5535,10
net5536,18
net5537,8
net5538,16
net5539,15
net5540,13
net5541,6
net5542,8
net5543,35
net5544,4
net5545,4
net5546,6
net5547,7
net5548,6
net5549,11
net5550,17
net5551,32
net5552,5
net5553,10
net5554,23
net5555,29
net5556,13
net5557,30
net5558,33
net5559,5
net5560,50
net5561,17
net5562,26
net5563,33
net5564,40
net5565,7
net5566,22
net5567,23
net5568,23
net5569,2
net5570,13
net5571,21
net5572,33
net5573,9
net5574,17
net5575,33
net5576,34
net5577,32
net5578,35
net5579,34
net5580,34
net5581,8
net5582,10
net5583,32
net5584,23
net5585,19
net5586,12
net5587,36
net5588,22
net5589,34
net5590,33
net5591,33
net5592,33
net5593,33
net5594,4
net5595,5
net5596,22
net5597,29
net5598,9
net5599,4
net56,2
net5600,7
net5601,6
net5602,16
net5603,26
net5604,37
net5605,18
net5606,37
net5607,42
net5608,39
net5609,45
net5610,43
net5611,25
net5612,36
net5613,14
net5614,15
net5615,15
net5616,4
net5617,18
net5618,16
net5619,12
net5620,4
net5621,15
net5622,12
net5623,18
net5624,11
net5625,18
net5626,17
net5627,16
net5628,15
net5629,20
net5630,19
net5631,21
net5632,19
net5633,18
net5634,16
net5635,9
net5636,16
net5637,5
net5638,12
net5639,17
net5640,16
net5641,19
net5642,16
net5643,12
net5644,13
net5645,15
net5646,18
net5647,9
net5648,45
net5649,43
net5650,17
net5651,46
net5652,51
net5653,49
net5654,50
net5655,43
net5656,44
net5657,48
net5658,45
net5659,45
net5660,44
net5661,47
net5662,31
net5663,48
net5664,49
net5665,32
net5666,45
net5667,45
net5668,47
net5669,37
net5670,49
net5671,41
net5672,48
net5673,49
net5674,36
net5675,34
net5676,38
net5677,24
net5678,33
net5679,50
net5680,34
net5681,32
net5682,38
net5683,37
net5684,51
net5685,49
net5686,45
net5687,33
net5688,46
net5689,47
net5690,25
net5691,39
net5692,4
net5693,3
net5694,19
net5695,47
net5696,26
net5697,10
net5698,3
net5699,3
net57,2
net5700,3
net5701,3
net5702,3
net5703,33
net5704,33
net5705,21
net5706,4
net5707,2
net5708,3
net5709,35
net5710,32
net5711,20
net5712,16
net5713,34
net5714,23
net5715,35
net5716,30
net5717,14
net5718,21
net5719,39
net5720,5
net5721,46
net5722,14
net5723,41
net5724,44
net5725,23
net5726,20
net5727,16
net5728,16
net5729,17
net5730,19
net5731,21
net5732,14
net5733,17
net5734,46
net5735,5
net5736,5
net5737,5
net5738,5
net5739,5
net5740,5
net5741,37
net5742,31
net5743,40
net5744,40
net5745,22
net5746,48
net5747,23
net5748,36
net5749,37
net5750,34
net5751,29
net5752,50
net5753,20
net5754,42
net5755,5
net5756,2
net5757,2
net5758,2
net5759,3
net5760,6
net5761,3
net5762,3
net58,2
net59,2
net6,3
net60,2
net61,2
net62,2
net63,2
net64,2
net65,2
net66,2
net67,2
net68,2
net69,2
net7,3
net70,2
net71,2
net72,2
net73,2
net74,2
net75,2
net76,2
net77,2
net78,2
net79,2
net8,3
net80,2
net81,2
net82,2
net83,2
net84,2
net85,2
net86,2
net87,2
net88,2
net89,2
net9,3
net90,2
net91,2
net92,2
net93,2
net94,2
net95,2
net96,2
net97,2
net98,2
net99,2
pwrup_rst_n,1
rst_n,1
sys_rdc_qlfy_o,1
sys_rst_n_o,1
tapc_fuse_idcode_i[0],1
tapc_fuse_idcode_i[10],1
tapc_fuse_idcode_i[11],1
tapc_fuse_idcode_i[12],1
tapc_fuse_idcode_i[13],1
tapc_fuse_idcode_i[14],1
tapc_fuse_idcode_i[15],1
tapc_fuse_idcode_i[16],1
tapc_fuse_idcode_i[17],1
tapc_fuse_idcode_i[18],1
tapc_fuse_idcode_i[19],1
tapc_fuse_idcode_i[1],1
tapc_fuse_idcode_i[20],1
tapc_fuse_idcode_i[21],1
tapc_fuse_idcode_i[22],1
tapc_fuse_idcode_i[23],1
tapc_fuse_idcode_i[24],1
tapc_fuse_idcode_i[25],1
tapc_fuse_idcode_i[26],1
tapc_fuse_idcode_i[27],1
tapc_fuse_idcode_i[28],1
tapc_fuse_idcode_i[29],1
tapc_fuse_idcode_i[2],1
tapc_fuse_idcode_i[30],1
tapc_fuse_idcode_i[31],1
tapc_fuse_idcode_i[3],1
tapc_fuse_idcode_i[4],1
tapc_fuse_idcode_i[5],1
tapc_fuse_idcode_i[6],1
tapc_fuse_idcode_i[7],1
tapc_fuse_idcode_i[8],1
tapc_fuse_idcode_i[9],1
tapc_tck,1
tapc_tdi,1
tapc_tdo,1
tapc_tdo_en,1
tapc_tms,1
tapc_trst_n,1
test_mode,1
test_rst_n,1
