instance,architecture_unit,max_path_count,min_path_count,startpoint_count,endpoint_count,worst_max_slack,worst_min_slack,timing_raw_score,timing_context_score
_3779_,generated_control,0,0,0,0,,,0.000000,0.000000
_3783_,generated_control,0,0,0,0,,,0.000000,0.000000
_3784_,generated_control,0,0,0,0,,,0.000000,0.000000
_3786_,generated_control,0,0,0,0,,,0.000000,0.000000
_3789_,generated_control,0,0,0,0,,,0.000000,0.000000
_3793_,generated_datapath,0,0,0,0,,,0.000000,0.000000
_3794_,generated_control,0,0,0,0,,,0.000000,0.000000
_3796_,generated_control,0,0,0,0,,,0.000000,0.000000
_3797_,generated_control,0,0,0,0,,,0.000000,0.000000
_3798_,generated_control,0,0,0,0,,,0.000000,0.000000
_3803_,generated_control,0,0,0,0,,,0.000000,0.000000
_3806_,generated_control,0,0,0,0,,,0.000000,0.000000
_3810_,generated_control,0,0,0,0,,,0.000000,0.000000
_3811_,generated_datapath,0,0,0,0,,,0.000000,0.000000
_3812_,generated_datapath,0,0,0,0,,,0.000000,0.000000
_3813_,generated_control,0,0,0,0,,,0.000000,0.000000
_3816_,generated_control,0,0,0,0,,,0.000000,0.000000
_3818_,clock_reset,0,0,0,0,,,0.000000,0.000000
_3820_,generated_datapath,0,0,0,0,,,0.000000,0.000000
_3822_,generated_control,0,0,0,0,,,0.000000,0.000000
_3823_,generated_datapath,0,0,0,0,,,0.000000,0.000000
_3824_,generated_datapath,0,0,0,0,,,0.000000,0.000000
_3826_,generated_control,0,0,0,0,,,0.000000,0.000000
_3827_,generated_datapath,0,0,0,0,,,0.000000,0.000000
_3828_,generated_datapath,0,0,0,0,,,0.000000,0.000000
_3829_,generated_control,0,0,0,0,,,0.000000,0.000000
_3830_,generated_datapath,0,0,0,0,,,0.000000,0.000000
_3831_,generated_control,0,0,0,0,,,0.000000,0.000000
_3832_,generated_datapath,0,0,0,0,,,0.000000,0.000000
_3833_,generated_control,0,0,0,0,,,0.000000,0.000000
_3834_,generated_control,0,0,0,0,,,0.000000,0.000000
_3836_,generated_datapath,0,0,0,0,,,0.000000,0.000000
_3838_,generated_control,0,0,0,0,,,0.000000,0.000000
_3839_,generated_datapath,0,0,0,0,,,0.000000,0.000000
_3840_,generated_control,0,0,0,0,,,0.000000,0.000000
_3841_,generated_control,0,0,0,0,,,0.000000,0.000000
_3842_,generated_control,0,0,0,0,,,0.000000,0.000000
_3843_,generated_control,0,0,0,0,,,0.000000,0.000000
_3844_,generated_control,0,0,0,0,,,0.000000,0.000000
_3845_,generated_datapath,0,0,0,0,,,0.000000,0.000000
_3846_,generated_datapath,0,0,0,0,,,0.000000,0.000000
_3848_,generated_control,0,0,0,0,,,0.000000,0.000000
_3849_,generated_datapath,0,0,0,0,,,0.000000,0.000000
_3850_,generated_control,0,0,0,0,,,0.000000,0.000000
_3851_,generated_datapath,0,0,0,0,,,0.000000,0.000000
_3852_,generated_control,0,0,0,0,,,0.000000,0.000000
_3854_,generated_control,0,0,0,0,,,0.000000,0.000000
_3855_,generated_control,0,0,0,0,,,0.000000,0.000000
_3856_,unclassified,0,0,0,0,,,0.000000,0.000000
_3857_,generated_control,0,0,0,0,,,0.000000,0.000000
_3858_,generated_datapath,0,0,0,0,,,0.000000,0.000000
_3859_,generated_control,0,0,0,0,,,0.000000,0.000000
_3860_,generated_datapath,0,0,0,0,,,0.000000,0.000000
_3861_,generated_datapath,0,0,0,0,,,0.000000,0.000000
_3862_,generated_control,0,0,0,0,,,0.000000,0.000000
_3863_,generated_datapath,0,0,0,0,,,0.000000,0.000000
_3864_,generated_control,0,0,0,0,,,0.000000,0.000000
_3868_,generated_control,0,0,0,0,,,0.000000,0.000000
_3872_,generated_control,0,0,0,0,,,0.000000,0.000000
_3873_,generated_datapath,0,0,0,0,,,0.000000,0.000000
_3875_,generated_control,0,0,0,0,,,0.000000,0.000000
_3882_,generated_control,0,0,0,0,,,0.000000,0.000000
_3883_,generated_control,0,0,0,0,,,0.000000,0.000000
_3884_,generated_control,0,0,0,0,,,0.000000,0.000000
_3887_,generated_control,0,0,0,0,,,0.000000,0.000000
_3890_,generated_datapath,0,0,0,0,,,0.000000,0.000000
_3899_,generated_control,0,0,0,0,,,0.000000,0.000000
_3901_,generated_control,0,0,0,0,,,0.000000,0.000000
_3902_,generated_control,0,0,0,0,,,0.000000,0.000000
_3907_,generated_datapath,0,0,0,0,,,0.000000,0.000000
_3912_,generated_control,0,0,0,0,,,0.000000,0.000000
_3913_,generated_datapath,0,0,0,0,,,0.000000,0.000000
_3918_,generated_datapath,0,0,0,0,,,0.000000,0.000000
_3920_,generated_control,0,0,0,0,,,0.000000,0.000000
_3921_,generated_control,0,0,0,0,,,0.000000,0.000000
_3927_,generated_datapath,0,0,0,0,,,0.000000,0.000000
_3935_,generated_control,0,0,0,0,,,0.000000,0.000000
_3939_,generated_control,0,0,0,0,,,0.000000,0.000000
_3940_,generated_control,0,0,0,0,,,0.000000,0.000000
_3943_,generated_datapath,0,0,0,0,,,0.000000,0.000000
_3945_,generated_control,0,0,0,0,,,0.000000,0.000000
_3948_,generated_datapath,0,0,0,0,,,0.000000,0.000000
_3951_,generated_datapath,0,0,0,0,,,0.000000,0.000000
_3952_,unclassified,0,0,0,0,,,0.000000,0.000000
_3953_,generated_datapath,0,0,0,0,,,0.000000,0.000000
_3957_,generated_control,0,0,0,0,,,0.000000,0.000000
_3959_,generated_control,0,0,0,0,,,0.000000,0.000000
_3960_,generated_control,0,0,0,0,,,0.000000,0.000000
_3965_,generated_control,1,0,0,0,2.401000,,0.294031,0.002998
_3966_,generated_control,1,0,0,0,2.401000,,0.294031,0.002998
_3969_,generated_control,0,0,0,0,,,0.000000,0.000000
_3972_,generated_control,0,0,0,0,,,0.000000,0.000000
_3973_,generated_control,0,0,0,0,,,0.000000,0.000000
_3974_,generated_control,0,0,0,0,,,0.000000,0.000000
_3976_,generated_control,0,0,0,0,,,0.000000,0.000000
_3977_,generated_datapath,1,0,0,0,2.401000,,0.294031,0.002998
_3978_,generated_control,1,0,0,0,2.401000,,0.294031,0.002998
_3987_,generated_control,0,0,0,0,,,0.000000,0.000000
_3999_,generated_datapath,0,0,0,0,,,0.000000,0.000000
_4003_,generated_datapath,0,0,0,0,,,0.000000,0.000000
_4007_,generated_control,0,0,0,0,,,0.000000,0.000000
_4013_,generated_control,0,0,0,0,,,0.000000,0.000000
_4019_,generated_datapath,0,0,0,0,,,0.000000,0.000000
_4021_,generated_datapath,0,0,0,0,,,0.000000,0.000000
_4027_,generated_control,0,0,0,0,,,0.000000,0.000000
_4030_,generated_datapath,0,0,0,0,,,0.000000,0.000000
_4033_,generated_datapath,0,0,0,0,,,0.000000,0.000000
_4040_,generated_control,0,0,0,0,,,0.000000,0.000000
_4044_,generated_datapath,0,0,0,0,,,0.000000,0.000000
_4045_,generated_control,0,0,0,0,,,0.000000,0.000000
_4046_,generated_datapath,0,0,0,0,,,0.000000,0.000000
_4047_,generated_control,0,0,0,0,,,0.000000,0.000000
_4048_,generated_datapath,0,0,0,0,,,0.000000,0.000000
_4054_,generated_control,0,0,0,0,,,0.000000,0.000000
_4058_,unclassified,0,0,0,0,,,0.000000,0.000000
_4059_,generated_control,0,0,0,0,,,0.000000,0.000000
_4060_,generated_control,0,0,0,0,,,0.000000,0.000000
_4061_,unclassified,0,0,0,0,,,0.000000,0.000000
_4064_,generated_control,0,0,0,0,,,0.000000,0.000000
_4071_,generated_control,0,0,0,0,,,0.000000,0.000000
_4072_,generated_datapath,0,0,0,0,,,0.000000,0.000000
_4077_,generated_control,0,0,0,0,,,0.000000,0.000000
_4080_,generated_datapath,0,0,0,0,,,0.000000,0.000000
_4086_,generated_control,0,0,0,0,,,0.000000,0.000000
_4090_,unclassified,0,0,0,0,,,0.000000,0.000000
_4092_,generated_control,0,0,0,0,,,0.000000,0.000000
_4094_,generated_datapath,0,0,0,0,,,0.000000,0.000000
_4096_,generated_control,0,0,0,0,,,0.000000,0.000000
_4097_,generated_datapath,0,0,0,0,,,0.000000,0.000000
_4098_,generated_datapath,0,0,0,0,,,0.000000,0.000000
_4099_,generated_datapath,0,0,0,0,,,0.000000,0.000000
_4100_,generated_datapath,0,0,0,0,,,0.000000,0.000000
_4102_,generated_control,0,0,0,0,,,0.000000,0.000000
_4105_,generated_control,0,0,0,0,,,0.000000,0.000000
_4108_,generated_control,0,0,0,0,,,0.000000,0.000000
_4109_,generated_datapath,0,0,0,0,,,0.000000,0.000000
_4111_,generated_control,0,0,0,0,,,0.000000,0.000000
_4112_,generated_datapath,0,0,0,0,,,0.000000,0.000000
_4114_,generated_control,0,0,0,0,,,0.000000,0.000000
_4115_,generated_datapath,0,0,0,0,,,0.000000,0.000000
_4116_,generated_datapath,0,0,0,0,,,0.000000,0.000000
_4119_,generated_control,0,0,0,0,,,0.000000,0.000000
_4121_,generated_control,0,0,0,0,,,0.000000,0.000000
_4124_,generated_control,0,0,0,0,,,0.000000,0.000000
_4126_,generated_datapath,0,0,0,0,,,0.000000,0.000000
_4132_,generated_control,0,0,0,0,,,0.000000,0.000000
_4133_,generated_datapath,0,0,0,0,,,0.000000,0.000000
_4134_,generated_control,0,0,0,0,,,0.000000,0.000000
_4135_,generated_datapath,0,0,0,0,,,0.000000,0.000000
_4136_,generated_datapath,0,0,0,0,,,0.000000,0.000000
_4137_,generated_control,0,0,0,0,,,0.000000,0.000000
_4138_,generated_datapath,0,0,0,0,,,0.000000,0.000000
_4139_,generated_datapath,0,0,0,0,,,0.000000,0.000000
_4142_,generated_control,0,0,0,0,,,0.000000,0.000000
_4143_,generated_datapath,0,0,0,0,,,0.000000,0.000000
_4147_,generated_datapath,0,0,0,0,,,0.000000,0.000000
_4150_,generated_datapath,0,0,0,0,,,0.000000,0.000000
_4151_,generated_control,0,0,0,0,,,0.000000,0.000000
_4152_,generated_datapath,0,0,0,0,,,0.000000,0.000000
_4153_,generated_datapath,0,0,0,0,,,0.000000,0.000000
_4157_,generated_control,0,0,0,0,,,0.000000,0.000000
_4158_,generated_datapath,0,0,0,0,,,0.000000,0.000000
_4160_,unclassified,0,0,0,0,,,0.000000,0.000000
_4161_,generated_datapath,0,0,0,0,,,0.000000,0.000000
_4162_,generated_datapath,0,0,0,0,,,0.000000,0.000000
_4164_,generated_datapath,0,0,0,0,,,0.000000,0.000000
_4165_,generated_control,0,0,0,0,,,0.000000,0.000000
_4166_,generated_control,0,0,0,0,,,0.000000,0.000000
_4167_,generated_control,0,0,0,0,,,0.000000,0.000000
_4168_,generated_datapath,0,0,0,0,,,0.000000,0.000000
_4169_,generated_control,0,0,0,0,,,0.000000,0.000000
_4170_,generated_control,0,0,0,0,,,0.000000,0.000000
_4171_,generated_control,0,0,0,0,,,0.000000,0.000000
_4172_,generated_datapath,0,0,0,0,,,0.000000,0.000000
_4175_,generated_control,0,0,0,0,,,0.000000,0.000000
_4176_,generated_datapath,0,0,0,0,,,0.000000,0.000000
_4177_,generated_datapath,0,0,0,0,,,0.000000,0.000000
_4179_,generated_control,0,0,0,0,,,0.000000,0.000000
_4180_,generated_control,0,0,0,0,,,0.000000,0.000000
_4181_,generated_control,0,0,0,0,,,0.000000,0.000000
_4183_,generated_control,0,0,0,0,,,0.000000,0.000000
_4184_,generated_control,0,0,0,0,,,0.000000,0.000000
_4186_,generated_control,0,0,0,0,,,0.000000,0.000000
_4187_,generated_control,0,0,0,0,,,0.000000,0.000000
_4188_,generated_datapath,0,0,0,0,,,0.000000,0.000000
_4189_,generated_datapath,0,0,0,0,,,0.000000,0.000000
_4190_,generated_control,0,0,0,0,,,0.000000,0.000000
_4191_,generated_datapath,0,0,0,0,,,0.000000,0.000000
_4192_,unclassified,0,0,0,0,,,0.000000,0.000000
_4195_,generated_control,0,0,0,0,,,0.000000,0.000000
_4196_,generated_control,0,0,0,0,,,0.000000,0.000000
_4197_,generated_control,0,0,0,0,,,0.000000,0.000000
_4198_,generated_control,0,0,0,0,,,0.000000,0.000000
_4199_,generated_control,0,0,0,0,,,0.000000,0.000000
_4204_,unclassified,0,0,0,0,,,0.000000,0.000000
_4205_,generated_control,0,0,0,0,,,0.000000,0.000000
_4206_,generated_datapath,0,0,0,0,,,0.000000,0.000000
_4207_,generated_datapath,0,0,0,0,,,0.000000,0.000000
_4208_,generated_control,0,0,0,0,,,0.000000,0.000000
_4211_,generated_datapath,0,0,0,0,,,0.000000,0.000000
_4212_,generated_datapath,0,0,0,0,,,0.000000,0.000000
_4214_,generated_control,0,0,0,0,,,0.000000,0.000000
_4215_,generated_datapath,0,0,0,0,,,0.000000,0.000000
_4216_,generated_control,0,0,0,0,,,0.000000,0.000000
_4217_,generated_datapath,0,0,0,0,,,0.000000,0.000000
_4218_,generated_control,0,0,0,0,,,0.000000,0.000000
_4220_,generated_datapath,0,0,0,0,,,0.000000,0.000000
_4221_,generated_datapath,0,0,0,0,,,0.000000,0.000000
_4223_,generated_control,0,0,0,0,,,0.000000,0.000000
_4225_,generated_datapath,0,0,0,0,,,0.000000,0.000000
_4226_,generated_datapath,0,0,0,0,,,0.000000,0.000000
_4227_,generated_datapath,0,0,0,0,,,0.000000,0.000000
_4228_,generated_control,0,0,0,0,,,0.000000,0.000000
_4229_,generated_control,0,0,0,0,,,0.000000,0.000000
_4234_,generated_datapath,0,0,0,0,,,0.000000,0.000000
_4235_,generated_datapath,0,0,0,0,,,0.000000,0.000000
_4236_,generated_control,0,0,0,0,,,0.000000,0.000000
_4239_,generated_datapath,0,0,0,0,,,0.000000,0.000000
_4240_,generated_control,0,0,0,0,,,0.000000,0.000000
_4241_,generated_datapath,0,0,0,0,,,0.000000,0.000000
_4242_,generated_datapath,0,0,0,0,,,0.000000,0.000000
_4243_,unclassified,0,0,0,0,,,0.000000,0.000000
_4245_,generated_control,0,0,0,0,,,0.000000,0.000000
_4246_,generated_control,0,0,0,0,,,0.000000,0.000000
_4247_,generated_control,0,0,0,0,,,0.000000,0.000000
_4248_,generated_control,0,0,0,0,,,0.000000,0.000000
_4249_,generated_control,0,0,0,0,,,0.000000,0.000000
_4250_,generated_control,0,0,0,0,,,0.000000,0.000000
_4251_,generated_control,0,0,0,0,,,0.000000,0.000000
_4252_,generated_control,0,0,0,0,,,0.000000,0.000000
_4253_,generated_control,0,0,0,0,,,0.000000,0.000000
_4254_,generated_control,0,0,0,0,,,0.000000,0.000000
_4256_,generated_control,0,0,0,0,,,0.000000,0.000000
_4259_,generated_control,6,0,0,0,-0.386200,,5.415738,0.055224
_4260_,generated_control,0,0,0,0,,,0.000000,0.000000
_4261_,generated_control,0,0,0,0,,,0.000000,0.000000
_4263_,generated_control,6,0,0,0,-0.386200,,5.415738,0.055224
_4264_,unclassified,6,0,0,0,-0.386200,,5.415738,0.055224
_4265_,generated_datapath,0,0,0,0,,,0.000000,0.000000
_4266_,generated_datapath,0,0,0,0,,,0.000000,0.000000
_4267_,generated_datapath,0,0,0,0,,,0.000000,0.000000
_4268_,execute_alu,0,0,0,0,,,0.000000,0.000000
_4269_,generated_control,0,0,0,0,,,0.000000,0.000000
_4270_,generated_control,0,0,0,0,,,0.000000,0.000000
_4271_,generated_control,0,0,0,0,,,0.000000,0.000000
_4272_,generated_control,0,0,0,0,,,0.000000,0.000000
_4273_,generated_control,0,0,0,0,,,0.000000,0.000000
_4274_,generated_control,0,0,0,0,,,0.000000,0.000000
_4276_,generated_control,0,0,0,0,,,0.000000,0.000000
_4277_,generated_control,0,0,0,0,,,0.000000,0.000000
_4278_,generated_control,0,1,0,0,,2.863700,0.000000,0.000000
_4279_,generated_control,0,0,0,0,,,0.000000,0.000000
_4280_,generated_control,0,1,0,0,,2.863700,0.000000,0.000000
_4281_,generated_datapath,0,1,0,0,,2.863700,0.000000,0.000000
_4282_,generated_control,0,1,0,0,,2.863700,0.000000,0.000000
_4283_,generated_control,0,0,0,0,,,0.000000,0.000000
_4285_,generated_datapath,0,0,0,0,,,0.000000,0.000000
_4286_,generated_datapath,0,0,0,0,,,0.000000,0.000000
_4287_,generated_control,0,0,0,0,,,0.000000,0.000000
_4289_,generated_control,0,0,0,0,,,0.000000,0.000000
_4290_,generated_datapath,0,0,0,0,,,0.000000,0.000000
_4291_,generated_datapath,0,0,0,0,,,0.000000,0.000000
_4292_,generated_control,0,0,0,0,,,0.000000,0.000000
_4294_,generated_datapath,0,0,0,0,,,0.000000,0.000000
_4295_,generated_datapath,0,0,0,0,,,0.000000,0.000000
_4296_,generated_control,0,0,0,0,,,0.000000,0.000000
_4298_,generated_datapath,0,0,0,0,,,0.000000,0.000000
_4299_,generated_control,0,0,0,0,,,0.000000,0.000000
_4300_,generated_datapath,0,0,0,0,,,0.000000,0.000000
_4301_,generated_control,0,0,0,0,,,0.000000,0.000000
_4302_,generated_control,0,0,0,0,,,0.000000,0.000000
_4303_,unclassified,0,0,0,0,,,0.000000,0.000000
_4304_,generated_control,0,0,0,0,,,0.000000,0.000000
_4305_,generated_control,0,0,0,0,,,0.000000,0.000000
_4306_,unclassified,0,0,0,0,,,0.000000,0.000000
_4307_,generated_control,0,0,0,0,,,0.000000,0.000000
_4308_,generated_control,0,0,0,0,,,0.000000,0.000000
_4310_,generated_control,0,0,0,0,,,0.000000,0.000000
_4311_,generated_datapath,0,0,0,0,,,0.000000,0.000000
_4313_,generated_control,0,0,0,0,,,0.000000,0.000000
_4314_,unclassified,0,0,0,0,,,0.000000,0.000000
_4315_,generated_control,0,0,0,0,,,0.000000,0.000000
_4316_,generated_datapath,0,0,0,0,,,0.000000,0.000000
_4317_,generated_control,0,0,0,0,,,0.000000,0.000000
_4318_,generated_datapath,0,0,0,0,,,0.000000,0.000000
_4319_,generated_datapath,0,0,0,0,,,0.000000,0.000000
_4320_,generated_datapath,0,0,0,0,,,0.000000,0.000000
_4322_,generated_control,0,0,0,0,,,0.000000,0.000000
_4323_,generated_datapath,0,0,0,0,,,0.000000,0.000000
_4324_,generated_datapath,0,0,0,0,,,0.000000,0.000000
_4325_,generated_control,0,0,0,0,,,0.000000,0.000000
_4326_,generated_datapath,0,0,0,0,,,0.000000,0.000000
_4327_,generated_datapath,0,0,0,0,,,0.000000,0.000000
_4328_,generated_control,0,0,0,0,,,0.000000,0.000000
_4329_,unclassified,0,0,0,0,,,0.000000,0.000000
_4330_,generated_control,0,0,0,0,,,0.000000,0.000000
_4331_,generated_datapath,0,0,0,0,,,0.000000,0.000000
_4332_,generated_control,0,0,0,0,,,0.000000,0.000000
_4333_,generated_datapath,0,0,0,0,,,0.000000,0.000000
_4334_,generated_control,0,0,0,0,,,0.000000,0.000000
_4335_,generated_control,0,0,0,0,,,0.000000,0.000000
_4336_,generated_datapath,0,0,0,0,,,0.000000,0.000000
_4337_,generated_control,0,0,0,0,,,0.000000,0.000000
_4338_,unclassified,0,0,0,0,,,0.000000,0.000000
_4339_,generated_control,0,0,0,0,,,0.000000,0.000000
_4340_,generated_control,0,0,0,0,,,0.000000,0.000000
_4341_,generated_datapath,0,0,0,0,,,0.000000,0.000000
_4342_,generated_control,0,0,0,0,,,0.000000,0.000000
_4343_,generated_datapath,0,0,0,0,,,0.000000,0.000000
_4344_,generated_datapath,0,0,0,0,,,0.000000,0.000000
_4345_,unclassified,0,0,0,0,,,0.000000,0.000000
_4346_,generated_datapath,0,0,0,0,,,0.000000,0.000000
_4347_,generated_control,0,0,0,0,,,0.000000,0.000000
_4348_,generated_control,0,0,0,0,,,0.000000,0.000000
_4349_,generated_control,0,0,0,0,,,0.000000,0.000000
_4350_,generated_control,0,0,0,0,,,0.000000,0.000000
_4351_,unclassified,0,0,0,0,,,0.000000,0.000000
_4352_,generated_datapath,0,0,0,0,,,0.000000,0.000000
_4353_,generated_datapath,0,0,0,0,,,0.000000,0.000000
_4354_,unclassified,0,0,0,0,,,0.000000,0.000000
_4355_,generated_control,0,0,0,0,,,0.000000,0.000000
_4356_,generated_control,0,0,0,0,,,0.000000,0.000000
_4357_,generated_control,0,0,0,0,,,0.000000,0.000000
_4358_,generated_control,0,0,0,0,,,0.000000,0.000000
_4359_,generated_datapath,0,0,0,0,,,0.000000,0.000000
_4360_,generated_control,0,0,0,0,,,0.000000,0.000000
_4361_,generated_control,0,0,0,0,,,0.000000,0.000000
_4362_,generated_control,0,0,0,0,,,0.000000,0.000000
_4363_,generated_control,0,1,0,0,,2.815800,0.000000,0.000000
_4364_,generated_datapath,0,1,0,0,,2.815800,0.000000,0.000000
_4365_,generated_control,0,1,0,0,,2.815800,0.000000,0.000000
_4366_,generated_control,0,0,0,0,,,0.000000,0.000000
_4367_,generated_control,0,0,0,0,,,0.000000,0.000000
_4368_,generated_control,0,0,0,0,,,0.000000,0.000000
_4369_,generated_control,0,0,0,0,,,0.000000,0.000000
_4370_,generated_control,76,0,0,0,-0.736300,,98.068787,1.000000
_4371_,generated_control,76,0,0,0,-0.736300,,98.068787,1.000000
_4372_,generated_datapath,76,0,0,0,-0.736300,,98.068787,1.000000
_4373_,generated_control,0,1,0,0,,2.815800,0.000000,0.000000
_4374_,generated_control,0,0,0,0,,,0.000000,0.000000
_4375_,generated_control,0,0,0,0,,,0.000000,0.000000
_4376_,unclassified,0,0,0,0,,,0.000000,0.000000
_4377_,generated_control,0,0,0,0,,,0.000000,0.000000
_4378_,generated_control,0,0,0,0,,,0.000000,0.000000
_4379_,unclassified,0,0,0,0,,,0.000000,0.000000
_4380_,generated_control,0,0,0,0,,,0.000000,0.000000
_4381_,generated_control,0,0,0,0,,,0.000000,0.000000
_4382_,generated_control,0,0,0,0,,,0.000000,0.000000
_4383_,generated_control,0,0,0,0,,,0.000000,0.000000
_4384_,generated_datapath,0,0,0,0,,,0.000000,0.000000
_4385_,generated_datapath,0,0,0,0,,,0.000000,0.000000
_4386_,generated_control,0,0,0,0,,,0.000000,0.000000
_4387_,generated_datapath,0,0,0,0,,,0.000000,0.000000
_4388_,generated_datapath,0,1,0,0,,2.839600,0.000000,0.000000
_4389_,generated_control,0,0,0,0,,,0.000000,0.000000
_4390_,generated_datapath,0,0,0,0,,,0.000000,0.000000
_4391_,generated_datapath,0,0,0,0,,,0.000000,0.000000
_4392_,generated_control,0,0,0,0,,,0.000000,0.000000
_4393_,generated_datapath,0,0,0,0,,,0.000000,0.000000
_4394_,generated_datapath,0,0,0,0,,,0.000000,0.000000
_4395_,generated_datapath,0,0,0,0,,,0.000000,0.000000
_4396_,generated_control,0,0,0,0,,,0.000000,0.000000
_4397_,generated_datapath,0,0,0,0,,,0.000000,0.000000
_4398_,generated_datapath,0,0,0,0,,,0.000000,0.000000
_4400_,generated_control,0,0,0,0,,,0.000000,0.000000
_4401_,generated_datapath,0,0,0,0,,,0.000000,0.000000
_4402_,generated_control,0,0,0,0,,,0.000000,0.000000
_4403_,generated_datapath,0,0,0,0,,,0.000000,0.000000
_4404_,generated_control,0,0,0,0,,,0.000000,0.000000
_4405_,generated_control,0,0,0,0,,,0.000000,0.000000
_4406_,generated_control,0,0,0,0,,,0.000000,0.000000
_4407_,generated_datapath,0,0,0,0,,,0.000000,0.000000
_4408_,generated_datapath,0,0,0,0,,,0.000000,0.000000
_4409_,unclassified,0,1,0,0,,2.839600,0.000000,0.000000
_4410_,generated_control,0,0,0,0,,,0.000000,0.000000
_4411_,generated_control,0,0,0,0,,,0.000000,0.000000
_4412_,generated_control,1,0,0,0,0.198800,,0.834168,0.008506
_4413_,generated_control,1,0,0,0,0.198800,,0.834168,0.008506
_4416_,generated_control,0,0,0,0,,,0.000000,0.000000
_4417_,generated_control,0,0,0,0,,,0.000000,0.000000
_4418_,generated_control,0,0,0,0,,,0.000000,0.000000
_4419_,generated_datapath,1,0,0,0,0.198800,,0.834168,0.008506
_4420_,generated_control,0,0,0,0,,,0.000000,0.000000
_4421_,generated_control,0,0,0,0,,,0.000000,0.000000
_4422_,generated_datapath,0,0,0,0,,,0.000000,0.000000
_4423_,generated_control,0,0,0,0,,,0.000000,0.000000
_4424_,generated_control,0,1,0,0,,2.824000,0.000000,0.000000
_4425_,generated_datapath,0,1,0,0,,2.824000,0.000000,0.000000
_4426_,generated_control,0,1,0,0,,2.824000,0.000000,0.000000
_4427_,generated_datapath,1,1,0,0,0.198800,2.824000,0.834168,0.008506
_4428_,generated_datapath,0,0,0,0,,,0.000000,0.000000
_4429_,generated_datapath,0,0,0,0,,,0.000000,0.000000
_4430_,generated_control,0,0,0,0,,,0.000000,0.000000
_4431_,generated_control,0,0,0,0,,,0.000000,0.000000
_4432_,generated_control,0,0,0,0,,,0.000000,0.000000
_4433_,generated_control,0,0,0,0,,,0.000000,0.000000
_4434_,generated_control,0,0,0,0,,,0.000000,0.000000
_4436_,generated_control,0,0,0,0,,,0.000000,0.000000
_4437_,generated_control,0,0,0,0,,,0.000000,0.000000
_4438_,generated_control,0,0,0,0,,,0.000000,0.000000
_4439_,generated_control,0,0,0,0,,,0.000000,0.000000
_4440_,generated_control,0,0,0,0,,,0.000000,0.000000
_4441_,generated_datapath,0,0,0,0,,,0.000000,0.000000
_4442_,generated_control,0,0,0,0,,,0.000000,0.000000
_4443_,generated_datapath,0,0,0,0,,,0.000000,0.000000
_4444_,generated_datapath,0,0,0,0,,,0.000000,0.000000
_4445_,generated_control,0,0,0,0,,,0.000000,0.000000
_4446_,generated_control,0,0,0,0,,,0.000000,0.000000
_4447_,generated_datapath,0,0,0,0,,,0.000000,0.000000
_4448_,generated_datapath,0,0,0,0,,,0.000000,0.000000
_4449_,generated_control,0,0,0,0,,,0.000000,0.000000
_4450_,generated_datapath,0,0,0,0,,,0.000000,0.000000
_4451_,generated_datapath,0,0,0,0,,,0.000000,0.000000
_4452_,generated_control,0,0,0,0,,,0.000000,0.000000
_4453_,generated_datapath,0,0,0,0,,,0.000000,0.000000
_4454_,generated_control,0,0,0,0,,,0.000000,0.000000
_4455_,generated_datapath,0,0,0,0,,,0.000000,0.000000
_4456_,generated_control,0,0,0,0,,,0.000000,0.000000
_4457_,generated_control,0,0,0,0,,,0.000000,0.000000
_4458_,unclassified,0,0,0,0,,,0.000000,0.000000
_4459_,generated_control,0,0,0,0,,,0.000000,0.000000
_4460_,generated_control,0,0,0,0,,,0.000000,0.000000
_4461_,unclassified,0,0,0,0,,,0.000000,0.000000
_4462_,generated_control,0,0,0,0,,,0.000000,0.000000
_4463_,generated_control,0,0,0,0,,,0.000000,0.000000
_4464_,generated_control,0,0,0,0,,,0.000000,0.000000
_4465_,generated_datapath,0,0,0,0,,,0.000000,0.000000
_4468_,generated_control,0,0,0,0,,,0.000000,0.000000
_4469_,unclassified,0,0,0,0,,,0.000000,0.000000
_4470_,generated_control,0,0,0,0,,,0.000000,0.000000
_4471_,generated_datapath,0,0,0,0,,,0.000000,0.000000
_4472_,generated_control,0,0,0,0,,,0.000000,0.000000
_4473_,generated_datapath,0,0,0,0,,,0.000000,0.000000
_4474_,generated_datapath,0,0,0,0,,,0.000000,0.000000
_4475_,generated_datapath,0,0,0,0,,,0.000000,0.000000
_4477_,generated_control,0,0,0,0,,,0.000000,0.000000
_4478_,generated_control,0,0,0,0,,,0.000000,0.000000
_4479_,generated_datapath,0,0,0,0,,,0.000000,0.000000
_4480_,unclassified,0,0,0,0,,,0.000000,0.000000
_4481_,generated_control,0,0,0,0,,,0.000000,0.000000
_4483_,generated_control,1,0,0,0,2.393000,,0.294724,0.003005
_4485_,unclassified,0,0,0,0,,,0.000000,0.000000
_4486_,generated_datapath,0,0,0,0,,,0.000000,0.000000
_4487_,unclassified,0,0,0,0,,,0.000000,0.000000
_4488_,generated_datapath,0,0,0,0,,,0.000000,0.000000
_4489_,unclassified,0,0,0,0,,,0.000000,0.000000
_4490_,generated_control,0,0,0,0,,,0.000000,0.000000
_4491_,unclassified,0,0,0,0,,,0.000000,0.000000
_4492_,generated_control,0,0,0,0,,,0.000000,0.000000
_4493_,generated_control,0,0,0,0,,,0.000000,0.000000
_4494_,unclassified,0,0,0,0,,,0.000000,0.000000
_4496_,generated_control,0,0,0,0,,,0.000000,0.000000
_4498_,generated_control,0,0,0,0,,,0.000000,0.000000
_4499_,generated_control,0,0,0,0,,,0.000000,0.000000
_4500_,generated_control,0,0,0,0,,,0.000000,0.000000
_4501_,unclassified,0,0,0,0,,,0.000000,0.000000
_4502_,generated_control,0,0,0,0,,,0.000000,0.000000
_4503_,generated_datapath,0,0,0,0,,,0.000000,0.000000
_4504_,generated_control,0,0,0,0,,,0.000000,0.000000
_4505_,generated_datapath,0,0,0,0,,,0.000000,0.000000
_4506_,generated_control,0,0,0,0,,,0.000000,0.000000
_4507_,generated_control,0,0,0,0,,,0.000000,0.000000
_4508_,generated_datapath,0,0,0,0,,,0.000000,0.000000
_4509_,generated_control,0,0,0,0,,,0.000000,0.000000
_4510_,generated_control,0,0,0,0,,,0.000000,0.000000
_4511_,generated_datapath,0,0,0,0,,,0.000000,0.000000
_4512_,generated_datapath,0,0,0,0,,,0.000000,0.000000
_4513_,generated_control,0,0,0,0,,,0.000000,0.000000
_4514_,generated_control,0,0,0,0,,,0.000000,0.000000
_4515_,generated_datapath,0,0,0,0,,,0.000000,0.000000
_4516_,generated_datapath,0,0,0,0,,,0.000000,0.000000
_4517_,unclassified,0,0,0,0,,,0.000000,0.000000
_4518_,generated_control,0,0,0,0,,,0.000000,0.000000
_4519_,generated_datapath,0,0,0,0,,,0.000000,0.000000
_4520_,generated_datapath,0,0,0,0,,,0.000000,0.000000
_4521_,generated_control,0,0,0,0,,,0.000000,0.000000
_4522_,generated_datapath,0,0,0,0,,,0.000000,0.000000
_4523_,generated_datapath,0,0,0,0,,,0.000000,0.000000
_4524_,generated_datapath,0,0,0,0,,,0.000000,0.000000
_4525_,generated_control,0,0,0,0,,,0.000000,0.000000
_4526_,generated_control,0,0,0,0,,,0.000000,0.000000
_4528_,generated_control,0,0,0,0,,,0.000000,0.000000
_4529_,generated_control,0,0,0,0,,,0.000000,0.000000
_4530_,generated_datapath,0,0,0,0,,,0.000000,0.000000
_4532_,generated_control,0,0,0,0,,,0.000000,0.000000
_4533_,generated_control,1,0,0,0,2.485400,,0.286911,0.002926
_4534_,generated_control,0,0,0,0,,,0.000000,0.000000
_4535_,generated_datapath,1,0,0,0,2.485400,,0.286911,0.002926
_4536_,generated_control,0,0,0,0,,,0.000000,0.000000
_4537_,generated_datapath,1,0,0,0,2.485400,,0.286911,0.002926
_4538_,generated_datapath,0,0,0,0,,,0.000000,0.000000
_4539_,generated_control,0,0,0,0,,,0.000000,0.000000
_4540_,generated_control,0,0,0,0,,,0.000000,0.000000
_4541_,generated_datapath,0,0,0,0,,,0.000000,0.000000
_4542_,generated_control,0,0,0,0,,,0.000000,0.000000
_4543_,generated_control,0,0,0,0,,,0.000000,0.000000
_4544_,generated_control,0,0,0,0,,,0.000000,0.000000
_4545_,generated_datapath,0,0,0,0,,,0.000000,0.000000
_4546_,generated_control,0,0,0,0,,,0.000000,0.000000
_4547_,generated_datapath,0,0,0,0,,,0.000000,0.000000
_4548_,generated_datapath,0,0,0,0,,,0.000000,0.000000
_4549_,unclassified,1,0,0,0,2.485400,,0.286911,0.002926
_4550_,generated_control,0,0,0,0,,,0.000000,0.000000
_4551_,generated_control,0,0,0,0,,,0.000000,0.000000
_4552_,generated_datapath,0,0,0,0,,,0.000000,0.000000
_4553_,generated_datapath,0,0,0,0,,,0.000000,0.000000
_4554_,generated_control,0,0,0,0,,,0.000000,0.000000
_4555_,generated_datapath,0,0,0,0,,,0.000000,0.000000
_4556_,generated_datapath,0,0,0,0,,,0.000000,0.000000
_4557_,generated_control,0,1,0,0,,2.603000,0.000000,0.000000
_4558_,generated_datapath,0,1,0,0,,2.603000,0.000000,0.000000
_4559_,generated_control,0,1,0,0,,2.603000,0.000000,0.000000
_4560_,generated_control,0,0,0,0,,,0.000000,0.000000
_4561_,generated_datapath,0,0,0,0,,,0.000000,0.000000
_4562_,generated_datapath,0,0,0,0,,,0.000000,0.000000
_4563_,generated_control,0,0,0,0,,,0.000000,0.000000
_4564_,generated_datapath,0,0,0,0,,,0.000000,0.000000
_4565_,generated_datapath,0,0,0,0,,,0.000000,0.000000
_4566_,generated_control,0,0,0,0,,,0.000000,0.000000
_4567_,unclassified,0,0,0,0,,,0.000000,0.000000
_4568_,generated_control,0,0,0,0,,,0.000000,0.000000
_4569_,generated_datapath,0,0,0,0,,,0.000000,0.000000
_4570_,generated_control,0,0,0,0,,,0.000000,0.000000
_4571_,generated_datapath,0,0,0,0,,,0.000000,0.000000
_4572_,generated_control,0,0,0,0,,,0.000000,0.000000
_4573_,generated_datapath,0,0,0,0,,,0.000000,0.000000
_4574_,generated_datapath,0,0,0,0,,,0.000000,0.000000
_4576_,generated_datapath,0,0,0,0,,,0.000000,0.000000
_4577_,unclassified,0,0,0,0,,,0.000000,0.000000
_4578_,generated_control,0,0,0,0,,,0.000000,0.000000
_4579_,generated_datapath,0,0,0,0,,,0.000000,0.000000
_4580_,generated_control,0,0,0,0,,,0.000000,0.000000
_4581_,generated_datapath,0,0,0,0,,,0.000000,0.000000
_4582_,generated_control,0,0,0,0,,,0.000000,0.000000
_4583_,generated_control,0,0,0,0,,,0.000000,0.000000
_4584_,unclassified,0,0,0,0,,,0.000000,0.000000
_4585_,generated_datapath,0,0,0,0,,,0.000000,0.000000
_4586_,generated_datapath,0,0,0,0,,,0.000000,0.000000
_4587_,generated_control,0,1,0,0,,2.603000,0.000000,0.000000
_4588_,generated_control,0,0,0,0,,,0.000000,0.000000
_4589_,generated_control,1,0,0,0,2.526400,,0.283575,0.002892
_4590_,generated_datapath,1,0,0,0,2.526400,,0.283575,0.002892
_4591_,generated_control,0,0,0,0,,,0.000000,0.000000
_4592_,generated_control,0,0,0,0,,,0.000000,0.000000
_4593_,generated_control,0,0,0,0,,,0.000000,0.000000
_4594_,generated_datapath,0,0,0,0,,,0.000000,0.000000
_4595_,generated_control,0,0,0,0,,,0.000000,0.000000
_4596_,generated_datapath,1,0,0,0,2.526400,,0.283575,0.002892
_4597_,generated_datapath,0,0,0,0,,,0.000000,0.000000
_4598_,generated_control,0,0,0,0,,,0.000000,0.000000
_4599_,generated_control,0,0,0,0,,,0.000000,0.000000
_4600_,generated_datapath,0,0,0,0,,,0.000000,0.000000
_4601_,generated_control,0,0,0,0,,,0.000000,0.000000
_4603_,generated_control,0,0,0,0,,,0.000000,0.000000
_4604_,generated_control,0,0,0,0,,,0.000000,0.000000
_4605_,generated_datapath,0,0,0,0,,,0.000000,0.000000
_4606_,generated_control,0,0,0,0,,,0.000000,0.000000
_4607_,generated_datapath,0,0,0,0,,,0.000000,0.000000
_4608_,generated_datapath,0,0,0,0,,,0.000000,0.000000
_4609_,unclassified,1,0,0,0,2.526400,,0.283575,0.002892
_4610_,generated_control,0,0,0,0,,,0.000000,0.000000
_4611_,generated_control,0,0,0,0,,,0.000000,0.000000
_4612_,generated_control,0,0,0,0,,,0.000000,0.000000
_4613_,generated_control,0,0,0,0,,,0.000000,0.000000
_4614_,generated_datapath,0,0,0,0,,,0.000000,0.000000
_4615_,generated_control,0,0,0,0,,,0.000000,0.000000
_4616_,unclassified,0,0,0,0,,,0.000000,0.000000
_4617_,generated_control,0,0,0,0,,,0.000000,0.000000
_4618_,generated_datapath,0,0,0,0,,,0.000000,0.000000
_4620_,generated_control,0,0,0,0,,,0.000000,0.000000
_4621_,generated_datapath,0,0,0,0,,,0.000000,0.000000
_4622_,generated_control,0,0,0,0,,,0.000000,0.000000
_4623_,generated_datapath,0,0,0,0,,,0.000000,0.000000
_4624_,generated_datapath,0,0,0,0,,,0.000000,0.000000
_4625_,generated_datapath,0,0,0,0,,,0.000000,0.000000
_4626_,generated_control,0,0,0,0,,,0.000000,0.000000
_4627_,generated_datapath,0,0,0,0,,,0.000000,0.000000
_4628_,generated_datapath,0,0,0,0,,,0.000000,0.000000
_4629_,generated_control,0,0,0,0,,,0.000000,0.000000
_4631_,generated_datapath,0,0,0,0,,,0.000000,0.000000
_4632_,generated_datapath,0,0,0,0,,,0.000000,0.000000
_4633_,generated_datapath,0,0,0,0,,,0.000000,0.000000
_4634_,generated_datapath,0,0,0,0,,,0.000000,0.000000
_4635_,generated_control,0,0,0,0,,,0.000000,0.000000
_4636_,generated_datapath,0,0,0,0,,,0.000000,0.000000
_4637_,generated_datapath,0,0,0,0,,,0.000000,0.000000
_4638_,generated_control,0,0,0,0,,,0.000000,0.000000
_4639_,generated_datapath,0,0,0,0,,,0.000000,0.000000
_4640_,generated_control,0,0,0,0,,,0.000000,0.000000
_4641_,generated_datapath,0,0,0,0,,,0.000000,0.000000
_4642_,generated_datapath,0,0,0,0,,,0.000000,0.000000
_4643_,generated_control,0,0,0,0,,,0.000000,0.000000
_4644_,generated_datapath,0,0,0,0,,,0.000000,0.000000
_4646_,execute_alu,0,0,0,0,,,0.000000,0.000000
_4648_,generated_control,0,0,0,0,,,0.000000,0.000000
_4649_,generated_control,0,0,0,0,,,0.000000,0.000000
_4651_,generated_datapath,0,0,0,0,,,0.000000,0.000000
_4653_,generated_control,0,0,0,0,,,0.000000,0.000000
_4654_,generated_datapath,0,0,0,0,,,0.000000,0.000000
_4655_,generated_control,0,0,0,0,,,0.000000,0.000000
_4657_,generated_control,0,0,0,0,,,0.000000,0.000000
_4658_,generated_control,0,0,0,0,,,0.000000,0.000000
_4659_,generated_datapath,0,0,0,0,,,0.000000,0.000000
_4660_,generated_datapath,0,0,0,0,,,0.000000,0.000000
_4661_,generated_control,0,0,0,0,,,0.000000,0.000000
_4662_,generated_control,0,0,0,0,,,0.000000,0.000000
_4663_,generated_control,0,0,0,0,,,0.000000,0.000000
_4664_,generated_datapath,0,0,0,0,,,0.000000,0.000000
_4665_,generated_control,0,0,0,0,,,0.000000,0.000000
_4666_,generated_control,0,0,0,0,,,0.000000,0.000000
_4667_,generated_datapath,0,0,0,0,,,0.000000,0.000000
_4668_,generated_control,0,0,0,0,,,0.000000,0.000000
_4669_,generated_control,0,0,0,0,,,0.000000,0.000000
_4670_,generated_datapath,0,0,0,0,,,0.000000,0.000000
_4672_,generated_control,1,0,0,0,2.343400,,0.299097,0.003050
_4673_,generated_control,0,0,0,0,,,0.000000,0.000000
_4674_,generated_control,0,0,0,0,,,0.000000,0.000000
_4675_,generated_control,0,0,0,0,,,0.000000,0.000000
_4676_,generated_datapath,0,0,0,0,,,0.000000,0.000000
_4677_,generated_datapath,0,0,0,0,,,0.000000,0.000000
_4678_,generated_control,0,0,0,0,,,0.000000,0.000000
_4679_,generated_control,0,0,0,0,,,0.000000,0.000000
_4680_,generated_control,0,0,0,0,,,0.000000,0.000000
_4681_,generated_datapath,1,0,0,0,2.343400,,0.299097,0.003050
_4682_,generated_control,1,0,0,0,2.343400,,0.299097,0.003050
_4683_,generated_datapath,1,0,0,0,2.343400,,0.299097,0.003050
_4684_,generated_datapath,1,0,0,0,2.343400,,0.299097,0.003050
_4685_,generated_datapath,1,0,0,0,2.343400,,0.299097,0.003050
_4686_,unclassified,1,0,0,0,2.343400,,0.299097,0.003050
_4687_,generated_control,0,0,0,0,,,0.000000,0.000000
_4688_,generated_control,0,0,0,0,,,0.000000,0.000000
_4689_,generated_control,0,0,0,0,,,0.000000,0.000000
_4690_,generated_datapath,0,0,0,0,,,0.000000,0.000000
_4691_,generated_control,0,0,0,0,,,0.000000,0.000000
_4692_,generated_control,1,0,0,0,2.493500,,0.286246,0.002919
_4693_,generated_control,0,0,0,0,,,0.000000,0.000000
_4694_,generated_datapath,1,0,0,0,2.493500,,0.286246,0.002919
_4695_,generated_control,0,0,0,0,,,0.000000,0.000000
_4696_,unclassified,0,0,0,0,,,0.000000,0.000000
_4697_,generated_datapath,1,0,0,0,2.493500,,0.286246,0.002919
_4698_,generated_control,1,0,0,0,2.493500,,0.286246,0.002919
_4699_,generated_control,0,0,0,0,,,0.000000,0.000000
_4700_,generated_control,0,0,0,0,,,0.000000,0.000000
_4701_,generated_datapath,0,0,0,0,,,0.000000,0.000000
_4702_,generated_control,0,0,0,0,,,0.000000,0.000000
_4703_,generated_control,0,0,0,0,,,0.000000,0.000000
_4704_,generated_control,0,0,0,0,,,0.000000,0.000000
_4705_,generated_datapath,0,0,0,0,,,0.000000,0.000000
_4706_,generated_control,0,0,0,0,,,0.000000,0.000000
_4707_,generated_datapath,0,0,0,0,,,0.000000,0.000000
_4708_,generated_datapath,0,0,0,0,,,0.000000,0.000000
_4709_,unclassified,1,0,0,0,2.493500,,0.286246,0.002919
_4710_,generated_control,0,0,0,0,,,0.000000,0.000000
_4711_,unclassified,0,0,0,0,,,0.000000,0.000000
_4712_,generated_control,0,0,0,0,,,0.000000,0.000000
_4713_,generated_datapath,0,0,0,0,,,0.000000,0.000000
_4714_,generated_control,0,1,0,0,,2.791100,0.000000,0.000000
_4715_,generated_datapath,0,1,0,0,,2.791100,0.000000,0.000000
_4716_,generated_control,0,0,0,0,,,0.000000,0.000000
_4717_,generated_datapath,0,0,0,0,,,0.000000,0.000000
_4718_,generated_datapath,0,0,0,0,,,0.000000,0.000000
_4719_,generated_datapath,0,0,0,0,,,0.000000,0.000000
_4720_,generated_control,0,0,0,0,,,0.000000,0.000000
_4721_,generated_datapath,0,0,0,0,,,0.000000,0.000000
_4722_,generated_datapath,0,0,0,0,,,0.000000,0.000000
_4723_,generated_control,0,0,0,0,,,0.000000,0.000000
_4724_,generated_datapath,0,0,0,0,,,0.000000,0.000000
_4725_,generated_datapath,0,0,0,0,,,0.000000,0.000000
_4726_,generated_datapath,0,0,0,0,,,0.000000,0.000000
_4727_,generated_datapath,0,1,0,0,,2.791100,0.000000,0.000000
_4728_,generated_control,0,0,0,0,,,0.000000,0.000000
_4730_,generated_datapath,0,0,0,0,,,0.000000,0.000000
_4731_,generated_control,0,0,0,0,,,0.000000,0.000000
_4732_,generated_datapath,0,0,0,0,,,0.000000,0.000000
_4733_,generated_control,0,0,0,0,,,0.000000,0.000000
_4734_,generated_datapath,0,0,0,0,,,0.000000,0.000000
_4735_,generated_datapath,0,0,0,0,,,0.000000,0.000000
_4736_,generated_control,0,0,0,0,,,0.000000,0.000000
_4737_,generated_datapath,0,0,0,0,,,0.000000,0.000000
_4738_,unclassified,0,0,0,0,,,0.000000,0.000000
_4739_,generated_datapath,0,0,0,0,,,0.000000,0.000000
_4740_,generated_datapath,0,0,0,0,,,0.000000,0.000000
_4741_,generated_control,0,1,0,0,,2.791100,0.000000,0.000000
_4742_,generated_control,0,0,0,0,,,0.000000,0.000000
_4743_,generated_control,0,0,0,0,,,0.000000,0.000000
_4744_,generated_control,0,0,0,0,,,0.000000,0.000000
_4745_,generated_control,0,0,0,0,,,0.000000,0.000000
_4746_,generated_control,0,0,0,0,,,0.000000,0.000000
_4747_,generated_control,0,0,0,0,,,0.000000,0.000000
_4748_,generated_control,0,0,0,0,,,0.000000,0.000000
_4749_,generated_control,0,0,0,0,,,0.000000,0.000000
_4750_,generated_control,0,0,0,0,,,0.000000,0.000000
_4751_,generated_control,0,0,0,0,,,0.000000,0.000000
_4752_,generated_control,0,0,0,0,,,0.000000,0.000000
_4753_,generated_control,0,0,0,0,,,0.000000,0.000000
_4754_,generated_control,0,0,0,0,,,0.000000,0.000000
_4755_,generated_control,0,0,0,0,,,0.000000,0.000000
_4756_,generated_datapath,0,0,0,0,,,0.000000,0.000000
_4757_,generated_datapath,0,0,0,0,,,0.000000,0.000000
_4758_,generated_control,0,0,0,0,,,0.000000,0.000000
_4759_,generated_control,0,0,0,0,,,0.000000,0.000000
_4760_,generated_control,0,0,0,0,,,0.000000,0.000000
_4761_,generated_control,0,0,0,0,,,0.000000,0.000000
_4762_,generated_control,0,0,0,0,,,0.000000,0.000000
_4763_,generated_datapath,0,0,0,0,,,0.000000,0.000000
_4764_,generated_datapath,0,0,0,0,,,0.000000,0.000000
_4765_,generated_datapath,0,0,0,0,,,0.000000,0.000000
_4766_,generated_control,0,0,0,0,,,0.000000,0.000000
_4767_,generated_datapath,0,0,0,0,,,0.000000,0.000000
_4768_,generated_datapath,0,0,0,0,,,0.000000,0.000000
_4769_,generated_control,0,0,0,0,,,0.000000,0.000000
_4770_,generated_datapath,0,0,0,0,,,0.000000,0.000000
_4771_,generated_datapath,0,0,0,0,,,0.000000,0.000000
_4772_,generated_datapath,0,0,0,0,,,0.000000,0.000000
_4773_,generated_control,0,0,0,0,,,0.000000,0.000000
_4774_,generated_datapath,0,0,0,0,,,0.000000,0.000000
_4775_,generated_control,0,0,0,0,,,0.000000,0.000000
_4776_,generated_datapath,0,0,0,0,,,0.000000,0.000000
_4777_,generated_control,0,0,0,0,,,0.000000,0.000000
_4778_,generated_control,0,0,0,0,,,0.000000,0.000000
_4779_,generated_datapath,0,0,0,0,,,0.000000,0.000000
_4780_,generated_datapath,0,0,0,0,,,0.000000,0.000000
_4781_,generated_control,0,0,0,0,,,0.000000,0.000000
_4782_,generated_control,0,0,0,0,,,0.000000,0.000000
_4783_,generated_datapath,0,0,0,0,,,0.000000,0.000000
_4784_,generated_datapath,0,0,0,0,,,0.000000,0.000000
_4785_,generated_control,0,0,0,0,,,0.000000,0.000000
_4786_,generated_datapath,0,0,0,0,,,0.000000,0.000000
_4787_,generated_control,0,0,0,0,,,0.000000,0.000000
_4788_,generated_datapath,0,0,0,0,,,0.000000,0.000000
_4789_,generated_datapath,0,0,0,0,,,0.000000,0.000000
_4790_,generated_datapath,0,0,0,0,,,0.000000,0.000000
_4791_,generated_control,0,0,0,0,,,0.000000,0.000000
_4792_,generated_control,0,0,0,0,,,0.000000,0.000000
_4793_,generated_control,0,0,0,0,,,0.000000,0.000000
_4794_,generated_control,0,0,0,0,,,0.000000,0.000000
_4795_,generated_control,0,0,0,0,,,0.000000,0.000000
_4796_,generated_control,0,0,0,0,,,0.000000,0.000000
_4797_,generated_control,1,0,0,0,2.455500,,0.289394,0.002951
_4798_,generated_control,0,0,0,0,,,0.000000,0.000000
_4799_,generated_control,1,0,0,0,2.455500,,0.289394,0.002951
_4800_,generated_control,0,0,0,0,,,0.000000,0.000000
_4801_,generated_control,0,0,0,0,,,0.000000,0.000000
_4802_,generated_control,0,0,0,0,,,0.000000,0.000000
_4803_,unclassified,1,0,0,0,2.455500,,0.289394,0.002951
_4804_,generated_datapath,1,0,0,0,2.455500,,0.289394,0.002951
_4805_,generated_control,0,0,0,0,,,0.000000,0.000000
_4806_,generated_datapath,0,0,0,0,,,0.000000,0.000000
_4807_,generated_control,0,0,0,0,,,0.000000,0.000000
_4808_,generated_control,0,0,0,0,,,0.000000,0.000000
_4809_,generated_control,0,0,0,0,,,0.000000,0.000000
_4810_,generated_control,0,0,0,0,,,0.000000,0.000000
_4811_,generated_datapath,0,0,0,0,,,0.000000,0.000000
_4812_,generated_datapath,0,0,0,0,,,0.000000,0.000000
_4813_,generated_datapath,0,0,0,0,,,0.000000,0.000000
_4814_,generated_control,0,0,0,0,,,0.000000,0.000000
_4815_,generated_datapath,0,0,0,0,,,0.000000,0.000000
_4816_,generated_datapath,0,0,0,0,,,0.000000,0.000000
_4817_,generated_control,0,0,0,0,,,0.000000,0.000000
_4818_,generated_datapath,0,0,0,0,,,0.000000,0.000000
_4819_,generated_datapath,0,0,0,0,,,0.000000,0.000000
_4820_,generated_control,0,0,0,0,,,0.000000,0.000000
_4821_,generated_control,0,0,0,0,,,0.000000,0.000000
_4822_,generated_datapath,0,0,0,0,,,0.000000,0.000000
_4823_,generated_control,0,0,0,0,,,0.000000,0.000000
_4824_,generated_datapath,0,0,0,0,,,0.000000,0.000000
_4825_,unclassified,0,0,0,0,,,0.000000,0.000000
_4826_,generated_datapath,0,0,0,0,,,0.000000,0.000000
_4827_,generated_control,0,0,0,0,,,0.000000,0.000000
_4828_,generated_control,0,0,0,0,,,0.000000,0.000000
_4829_,generated_datapath,0,0,0,0,,,0.000000,0.000000
_4830_,generated_datapath,0,0,0,0,,,0.000000,0.000000
_4831_,generated_control,0,0,0,0,,,0.000000,0.000000
_4832_,generated_datapath,0,0,0,0,,,0.000000,0.000000
_4833_,generated_control,0,0,0,0,,,0.000000,0.000000
_4834_,generated_datapath,0,0,0,0,,,0.000000,0.000000
_4835_,generated_datapath,0,0,0,0,,,0.000000,0.000000
_4836_,unclassified,0,0,0,0,,,0.000000,0.000000
_4837_,generated_control,0,0,0,0,,,0.000000,0.000000
_4838_,unclassified,0,0,0,0,,,0.000000,0.000000
_4839_,generated_control,0,0,0,0,,,0.000000,0.000000
_4840_,unclassified,0,0,0,0,,,0.000000,0.000000
_4841_,generated_control,0,0,0,0,,,0.000000,0.000000
_4842_,generated_datapath,0,0,0,0,,,0.000000,0.000000
_4843_,generated_control,0,0,0,0,,,0.000000,0.000000
_4844_,generated_datapath,0,0,0,0,,,0.000000,0.000000
_4845_,generated_control,0,0,0,0,,,0.000000,0.000000
_4846_,generated_datapath,0,0,0,0,,,0.000000,0.000000
_4847_,generated_control,0,0,0,0,,,0.000000,0.000000
_4848_,generated_datapath,0,0,0,0,,,0.000000,0.000000
_4849_,generated_datapath,0,0,0,0,,,0.000000,0.000000
_4850_,generated_control,0,0,0,0,,,0.000000,0.000000
_4851_,generated_datapath,0,0,0,0,,,0.000000,0.000000
_4852_,generated_datapath,0,0,0,0,,,0.000000,0.000000
_4853_,generated_control,0,0,0,0,,,0.000000,0.000000
_4854_,generated_datapath,0,0,0,0,,,0.000000,0.000000
_4855_,generated_datapath,0,0,0,0,,,0.000000,0.000000
_4856_,generated_control,0,0,0,0,,,0.000000,0.000000
_4857_,unclassified,0,0,0,0,,,0.000000,0.000000
_4858_,generated_control,0,0,0,0,,,0.000000,0.000000
_4859_,generated_datapath,0,0,0,0,,,0.000000,0.000000
_4860_,generated_control,0,0,0,0,,,0.000000,0.000000
_4861_,generated_datapath,0,0,0,0,,,0.000000,0.000000
_4862_,generated_control,0,0,0,0,,,0.000000,0.000000
_4863_,generated_datapath,0,0,0,0,,,0.000000,0.000000
_4864_,generated_datapath,0,0,0,0,,,0.000000,0.000000
_4865_,generated_datapath,0,0,0,0,,,0.000000,0.000000
_4866_,unclassified,0,0,0,0,,,0.000000,0.000000
_4867_,generated_control,0,0,0,0,,,0.000000,0.000000
_4868_,generated_datapath,0,0,0,0,,,0.000000,0.000000
_4869_,generated_datapath,0,0,0,0,,,0.000000,0.000000
_4870_,generated_control,0,0,0,0,,,0.000000,0.000000
_4871_,generated_datapath,0,0,0,0,,,0.000000,0.000000
_4872_,generated_datapath,0,0,0,0,,,0.000000,0.000000
_4873_,generated_datapath,0,0,0,0,,,0.000000,0.000000
_4874_,generated_control,0,0,0,0,,,0.000000,0.000000
_4875_,generated_control,0,0,0,0,,,0.000000,0.000000
_4876_,generated_control,0,0,0,0,,,0.000000,0.000000
_4877_,generated_control,1,0,0,0,2.530400,,0.283254,0.002888
_4878_,generated_control,1,0,0,0,2.530400,,0.283254,0.002888
_4879_,generated_control,0,0,0,0,,,0.000000,0.000000
_4880_,generated_control,0,0,0,0,,,0.000000,0.000000
_4881_,generated_control,0,0,0,0,,,0.000000,0.000000
_4882_,generated_control,0,0,0,0,,,0.000000,0.000000
_4883_,generated_control,0,0,0,0,,,0.000000,0.000000
_4884_,generated_control,0,0,0,0,,,0.000000,0.000000
_4885_,generated_control,0,0,0,0,,,0.000000,0.000000
_4886_,generated_control,0,0,0,0,,,0.000000,0.000000
_4887_,generated_control,0,0,0,0,,,0.000000,0.000000
_4888_,generated_control,0,0,0,0,,,0.000000,0.000000
_4889_,generated_datapath,0,0,0,0,,,0.000000,0.000000
_4890_,generated_datapath,1,0,0,0,2.530400,,0.283254,0.002888
_4891_,generated_control,0,0,0,0,,,0.000000,0.000000
_4892_,generated_control,0,0,0,0,,,0.000000,0.000000
_4893_,unclassified,0,0,0,0,,,0.000000,0.000000
_4894_,generated_control,0,0,0,0,,,0.000000,0.000000
_4895_,generated_control,0,0,0,0,,,0.000000,0.000000
_4896_,unclassified,0,0,0,0,,,0.000000,0.000000
_4897_,generated_control,0,0,0,0,,,0.000000,0.000000
_4898_,generated_control,0,0,0,0,,,0.000000,0.000000
_4899_,generated_control,0,0,0,0,,,0.000000,0.000000
_4900_,generated_control,0,0,0,0,,,0.000000,0.000000
_4901_,generated_datapath,0,0,0,0,,,0.000000,0.000000
_4902_,generated_datapath,0,0,0,0,,,0.000000,0.000000
_4903_,generated_control,0,0,0,0,,,0.000000,0.000000
_4904_,generated_datapath,0,0,0,0,,,0.000000,0.000000
_4905_,generated_datapath,0,0,0,0,,,0.000000,0.000000
_4906_,generated_control,0,0,0,0,,,0.000000,0.000000
_4907_,unclassified,0,0,0,0,,,0.000000,0.000000
_4908_,generated_control,0,0,0,0,,,0.000000,0.000000
_4909_,generated_datapath,0,0,0,0,,,0.000000,0.000000
_4910_,generated_control,0,0,0,0,,,0.000000,0.000000
_4911_,generated_datapath,0,0,0,0,,,0.000000,0.000000
_4912_,generated_control,0,0,0,0,,,0.000000,0.000000
_4913_,generated_control,0,0,0,0,,,0.000000,0.000000
_4914_,generated_datapath,0,0,0,0,,,0.000000,0.000000
_4915_,unclassified,0,0,0,0,,,0.000000,0.000000
_4916_,unclassified,0,0,0,0,,,0.000000,0.000000
_4917_,generated_control,0,0,0,0,,,0.000000,0.000000
_4918_,generated_datapath,0,0,0,0,,,0.000000,0.000000
_4919_,generated_datapath,0,0,0,0,,,0.000000,0.000000
_4920_,generated_control,0,0,0,0,,,0.000000,0.000000
_4921_,generated_datapath,0,0,0,0,,,0.000000,0.000000
_4922_,generated_datapath,0,0,0,0,,,0.000000,0.000000
_4923_,generated_datapath,0,1,0,0,,2.716100,0.000000,0.000000
_4924_,generated_control,0,1,0,0,,2.716100,0.000000,0.000000
_4925_,generated_control,0,1,0,0,,2.716100,0.000000,0.000000
_4926_,execute_alu,0,0,0,0,,,0.000000,0.000000
_4927_,generated_control,0,0,0,0,,,0.000000,0.000000
_4928_,generated_control,0,0,0,0,,,0.000000,0.000000
_4929_,generated_control,0,0,0,0,,,0.000000,0.000000
_4930_,generated_control,0,0,0,0,,,0.000000,0.000000
_4931_,generated_control,0,0,0,0,,,0.000000,0.000000
_4932_,generated_control,1,0,0,0,2.275900,,0.305260,0.003113
_4933_,generated_control,1,0,0,0,2.275900,,0.305260,0.003113
_4934_,generated_datapath,1,0,0,0,2.275900,,0.305260,0.003113
_4935_,unclassified,1,0,0,0,2.275900,,0.305260,0.003113
_4936_,generated_control,0,0,0,0,,,0.000000,0.000000
_4937_,generated_control,0,0,0,0,,,0.000000,0.000000
_4938_,generated_control,0,0,0,0,,,0.000000,0.000000
_4939_,generated_control,0,0,0,0,,,0.000000,0.000000
_4940_,generated_control,0,0,0,0,,,0.000000,0.000000
_4941_,generated_datapath,1,0,0,0,2.275900,,0.305260,0.003113
_4942_,generated_control,0,0,0,0,,,0.000000,0.000000
_4943_,generated_datapath,0,0,0,0,,,0.000000,0.000000
_4944_,execute_alu,0,1,0,0,,2.603000,0.000000,0.000000
_4945_,generated_control,0,0,0,0,,,0.000000,0.000000
_4946_,generated_datapath,0,0,0,0,,,0.000000,0.000000
_4947_,generated_control,0,0,0,0,,,0.000000,0.000000
_4948_,unclassified,0,0,0,0,,,0.000000,0.000000
_4949_,generated_control,1,0,0,0,2.175000,,0.314961,0.003212
_4950_,generated_control,0,0,0,0,,,0.000000,0.000000
_4951_,generated_control,0,0,0,0,,,0.000000,0.000000
_4952_,generated_control,0,0,0,0,,,0.000000,0.000000
_4953_,generated_control,1,0,0,0,2.175000,,0.314961,0.003212
_4954_,generated_control,0,0,0,0,,,0.000000,0.000000
_4955_,generated_control,0,0,0,0,,,0.000000,0.000000
_4956_,generated_control,0,0,0,0,,,0.000000,0.000000
_4957_,generated_control,0,0,0,0,,,0.000000,0.000000
_4958_,generated_control,0,0,0,0,,,0.000000,0.000000
_4959_,generated_datapath,1,0,0,0,2.175000,,0.314961,0.003212
_4960_,generated_control,0,0,0,0,,,0.000000,0.000000
_4961_,generated_control,0,0,0,0,,,0.000000,0.000000
_4962_,generated_control,0,0,0,0,,,0.000000,0.000000
_4963_,generated_control,0,0,0,0,,,0.000000,0.000000
_4964_,generated_control,0,0,0,0,,,0.000000,0.000000
_4965_,generated_control,0,0,0,0,,,0.000000,0.000000
_4966_,generated_datapath,0,0,0,0,,,0.000000,0.000000
_4967_,generated_control,0,0,0,0,,,0.000000,0.000000
_4968_,generated_datapath,0,0,0,0,,,0.000000,0.000000
_4969_,generated_datapath,0,0,0,0,,,0.000000,0.000000
_4970_,generated_control,0,0,0,0,,,0.000000,0.000000
_4971_,generated_datapath,0,0,0,0,,,0.000000,0.000000
_4972_,generated_datapath,0,0,0,0,,,0.000000,0.000000
_4973_,generated_control,0,0,0,0,,,0.000000,0.000000
_4974_,generated_control,0,0,0,0,,,0.000000,0.000000
_4975_,unclassified,0,0,0,0,,,0.000000,0.000000
_4976_,generated_control,0,0,0,0,,,0.000000,0.000000
_4977_,generated_datapath,0,0,0,0,,,0.000000,0.000000
_4978_,generated_control,0,0,0,0,,,0.000000,0.000000
_4979_,generated_datapath,0,0,0,0,,,0.000000,0.000000
_4980_,generated_control,0,0,0,0,,,0.000000,0.000000
_4981_,generated_datapath,0,0,0,0,,,0.000000,0.000000
_4982_,generated_datapath,0,0,0,0,,,0.000000,0.000000
_4983_,generated_control,0,0,0,0,,,0.000000,0.000000
_4984_,generated_control,0,0,0,0,,,0.000000,0.000000
_4985_,generated_datapath,0,0,0,0,,,0.000000,0.000000
_4986_,generated_datapath,0,0,0,0,,,0.000000,0.000000
_4987_,generated_control,0,0,0,0,,,0.000000,0.000000
_4988_,generated_datapath,0,0,0,0,,,0.000000,0.000000
_4989_,generated_control,0,0,0,0,,,0.000000,0.000000
_4990_,generated_datapath,0,0,0,0,,,0.000000,0.000000
_4991_,generated_datapath,0,0,0,0,,,0.000000,0.000000
_4992_,generated_control,0,0,0,0,,,0.000000,0.000000
_4993_,generated_control,0,0,0,0,,,0.000000,0.000000
_4994_,generated_datapath,0,0,0,0,,,0.000000,0.000000
_4995_,generated_control,0,0,0,0,,,0.000000,0.000000
_4996_,generated_control,0,0,0,0,,,0.000000,0.000000
_4997_,generated_control,0,0,0,0,,,0.000000,0.000000
_4998_,generated_control,0,0,0,0,,,0.000000,0.000000
_4999_,generated_control,0,1,0,0,,2.857400,0.000000,0.000000
_5000_,generated_control,0,1,0,0,,2.857400,0.000000,0.000000
_5001_,generated_datapath,0,1,0,0,,2.857400,0.000000,0.000000
_5002_,generated_control,0,0,0,0,,,0.000000,0.000000
_5003_,generated_control,0,0,0,0,,,0.000000,0.000000
_5004_,generated_control,0,0,0,0,,,0.000000,0.000000
_5005_,generated_control,0,0,0,0,,,0.000000,0.000000
_5006_,generated_control,0,0,0,0,,,0.000000,0.000000
_5007_,generated_control,0,0,0,0,,,0.000000,0.000000
_5008_,generated_control,0,0,0,0,,,0.000000,0.000000
_5009_,unclassified,0,0,0,0,,,0.000000,0.000000
_5010_,generated_control,0,0,0,0,,,0.000000,0.000000
_5011_,generated_control,1,0,0,0,2.189000,,0.313578,0.003198
_5012_,generated_datapath,1,0,0,0,2.189000,,0.313578,0.003198
_5013_,unclassified,1,0,0,0,2.189000,,0.313578,0.003198
_5014_,generated_control,1,0,0,0,2.189000,,0.313578,0.003198
_5015_,generated_control,1,1,0,0,2.189000,2.857400,0.313578,0.003198
_5016_,generated_control,0,0,0,0,,,0.000000,0.000000
_5017_,generated_control,0,0,0,0,,,0.000000,0.000000
_5018_,generated_control,0,0,0,0,,,0.000000,0.000000
_5019_,generated_datapath,0,0,0,0,,,0.000000,0.000000
_5020_,generated_control,0,0,0,0,,,0.000000,0.000000
_5021_,generated_control,0,0,0,0,,,0.000000,0.000000
_5022_,generated_control,0,0,0,0,,,0.000000,0.000000
_5023_,generated_datapath,0,0,0,0,,,0.000000,0.000000
_5024_,unclassified,0,0,0,0,,,0.000000,0.000000
_5025_,generated_control,0,0,0,0,,,0.000000,0.000000
_5026_,generated_datapath,0,0,0,0,,,0.000000,0.000000
_5027_,unclassified,0,0,0,0,,,0.000000,0.000000
_5028_,generated_control,0,0,0,0,,,0.000000,0.000000
_5029_,generated_control,0,0,0,0,,,0.000000,0.000000
_5030_,generated_datapath,0,0,0,0,,,0.000000,0.000000
_5031_,generated_datapath,0,0,0,0,,,0.000000,0.000000
_5032_,generated_datapath,0,0,0,0,,,0.000000,0.000000
_5033_,generated_control,0,0,0,0,,,0.000000,0.000000
_5034_,generated_datapath,0,0,0,0,,,0.000000,0.000000
_5035_,generated_control,0,0,0,0,,,0.000000,0.000000
_5036_,generated_datapath,0,0,0,0,,,0.000000,0.000000
_5037_,unclassified,0,0,0,0,,,0.000000,0.000000
_5038_,generated_control,0,0,0,0,,,0.000000,0.000000
_5039_,generated_control,0,0,0,0,,,0.000000,0.000000
_5040_,generated_control,0,0,0,0,,,0.000000,0.000000
_5041_,generated_control,0,0,0,0,,,0.000000,0.000000
_5042_,generated_datapath,0,0,0,0,,,0.000000,0.000000
_5043_,generated_control,0,0,0,0,,,0.000000,0.000000
_5044_,generated_control,0,0,0,0,,,0.000000,0.000000
_5045_,generated_control,0,0,0,0,,,0.000000,0.000000
_5046_,generated_control,0,0,0,0,,,0.000000,0.000000
_5047_,generated_control,0,0,0,0,,,0.000000,0.000000
_5048_,generated_datapath,0,0,0,0,,,0.000000,0.000000
_5049_,generated_datapath,0,0,0,0,,,0.000000,0.000000
_5050_,generated_control,0,0,0,0,,,0.000000,0.000000
_5051_,generated_datapath,0,0,0,0,,,0.000000,0.000000
_5052_,generated_control,0,0,0,0,,,0.000000,0.000000
_5053_,generated_datapath,0,0,0,0,,,0.000000,0.000000
_5054_,generated_datapath,0,0,0,0,,,0.000000,0.000000
_5055_,unclassified,0,0,0,0,,,0.000000,0.000000
_5056_,generated_control,0,0,0,0,,,0.000000,0.000000
_5057_,execute_alu,0,0,0,0,,,0.000000,0.000000
_5058_,generated_control,0,1,0,0,,2.769800,0.000000,0.000000
_5059_,generated_control,0,0,0,0,,,0.000000,0.000000
_5060_,generated_datapath,0,0,0,0,,,0.000000,0.000000
_5061_,generated_datapath,0,0,0,0,,,0.000000,0.000000
_5062_,generated_control,0,0,0,0,,,0.000000,0.000000
_5063_,generated_datapath,0,0,0,0,,,0.000000,0.000000
_5064_,generated_control,0,0,0,0,,,0.000000,0.000000
_5065_,generated_datapath,0,0,0,0,,,0.000000,0.000000
_5066_,generated_datapath,0,1,0,0,,2.769800,0.000000,0.000000
_5067_,generated_control,0,0,0,0,,,0.000000,0.000000
_5068_,generated_control,0,0,0,0,,,0.000000,0.000000
_5069_,unclassified,0,0,0,0,,,0.000000,0.000000
_5070_,generated_control,0,0,0,0,,,0.000000,0.000000
_5071_,generated_control,0,0,0,0,,,0.000000,0.000000
_5072_,generated_datapath,0,0,0,0,,,0.000000,0.000000
_5073_,generated_control,0,0,0,0,,,0.000000,0.000000
_5074_,generated_datapath,0,0,0,0,,,0.000000,0.000000
_5075_,generated_control,0,0,0,0,,,0.000000,0.000000
_5076_,generated_control,0,0,0,0,,,0.000000,0.000000
_5077_,unclassified,0,0,0,0,,,0.000000,0.000000
_5078_,generated_control,0,0,0,0,,,0.000000,0.000000
_5079_,generated_control,0,0,0,0,,,0.000000,0.000000
_5080_,generated_datapath,0,0,0,0,,,0.000000,0.000000
_5081_,generated_control,0,0,0,0,,,0.000000,0.000000
_5082_,generated_control,0,0,0,0,,,0.000000,0.000000
_5083_,generated_datapath,0,0,0,0,,,0.000000,0.000000
_5084_,generated_datapath,0,0,0,0,,,0.000000,0.000000
_5085_,unclassified,0,0,0,0,,,0.000000,0.000000
_5086_,generated_datapath,0,0,0,0,,,0.000000,0.000000
_5087_,unclassified,0,0,0,0,,,0.000000,0.000000
_5088_,generated_control,0,0,0,0,,,0.000000,0.000000
_5089_,generated_datapath,0,0,0,0,,,0.000000,0.000000
_5090_,generated_control,0,0,0,0,,,0.000000,0.000000
_5091_,generated_datapath,0,0,0,0,,,0.000000,0.000000
_5092_,generated_datapath,0,0,0,0,,,0.000000,0.000000
_5093_,generated_control,0,0,0,0,,,0.000000,0.000000
_5094_,generated_datapath,0,0,0,0,,,0.000000,0.000000
_5095_,generated_datapath,0,0,0,0,,,0.000000,0.000000
_5096_,unclassified,0,0,0,0,,,0.000000,0.000000
_5097_,generated_control,0,1,0,0,,2.769800,0.000000,0.000000
_5099_,execute_alu,0,1,0,0,,2.769800,0.000000,0.000000
_5100_,generated_control,0,0,0,0,,,0.000000,0.000000
_5101_,generated_control,0,0,0,0,,,0.000000,0.000000
_5102_,generated_control,0,0,0,0,,,0.000000,0.000000
_5103_,generated_datapath,0,0,0,0,,,0.000000,0.000000
_5104_,generated_datapath,0,0,0,0,,,0.000000,0.000000
_5105_,generated_control,0,1,0,0,,2.785000,0.000000,0.000000
_5106_,generated_control,0,0,0,0,,,0.000000,0.000000
_5107_,generated_control,0,0,0,0,,,0.000000,0.000000
_5108_,generated_datapath,0,0,0,0,,,0.000000,0.000000
_5109_,generated_control,0,1,0,0,,2.785000,0.000000,0.000000
_5110_,unclassified,0,0,0,0,,,0.000000,0.000000
_5111_,generated_control,0,0,0,0,,,0.000000,0.000000
_5112_,generated_control,0,0,0,0,,,0.000000,0.000000
_5113_,generated_control,0,0,0,0,,,0.000000,0.000000
_5114_,generated_datapath,0,0,0,0,,,0.000000,0.000000
_5115_,generated_datapath,0,0,0,0,,,0.000000,0.000000
_5116_,generated_control,0,0,0,0,,,0.000000,0.000000
_5117_,generated_control,0,0,0,0,,,0.000000,0.000000
_5118_,generated_control,0,0,0,0,,,0.000000,0.000000
_5119_,generated_datapath,0,0,0,0,,,0.000000,0.000000
_5120_,generated_datapath,0,0,0,0,,,0.000000,0.000000
_5121_,generated_control,0,0,0,0,,,0.000000,0.000000
_5122_,unclassified,0,1,0,0,,2.785000,0.000000,0.000000
_5123_,generated_control,0,0,0,0,,,0.000000,0.000000
_5124_,generated_datapath,0,0,0,0,,,0.000000,0.000000
_5125_,generated_control,0,0,0,0,,,0.000000,0.000000
_5126_,generated_datapath,0,0,0,0,,,0.000000,0.000000
_5127_,generated_datapath,0,0,0,0,,,0.000000,0.000000
_5128_,generated_control,0,0,0,0,,,0.000000,0.000000
_5129_,generated_datapath,0,0,0,0,,,0.000000,0.000000
_5130_,generated_datapath,0,0,0,0,,,0.000000,0.000000
_5131_,generated_datapath,0,0,0,0,,,0.000000,0.000000
_5132_,generated_datapath,0,0,0,0,,,0.000000,0.000000
_5133_,generated_control,0,0,0,0,,,0.000000,0.000000
_5134_,generated_control,0,0,0,0,,,0.000000,0.000000
_5135_,generated_datapath,0,0,0,0,,,0.000000,0.000000
_5136_,generated_datapath,0,0,0,0,,,0.000000,0.000000
_5137_,generated_control,0,0,0,0,,,0.000000,0.000000
_5138_,generated_datapath,0,0,0,0,,,0.000000,0.000000
_5139_,generated_control,0,0,0,0,,,0.000000,0.000000
_5140_,generated_datapath,0,0,0,0,,,0.000000,0.000000
_5141_,generated_datapath,0,0,0,0,,,0.000000,0.000000
_5142_,generated_control,0,0,0,0,,,0.000000,0.000000
_5143_,generated_control,0,0,0,0,,,0.000000,0.000000
_5144_,unclassified,0,0,0,0,,,0.000000,0.000000
_5145_,generated_control,0,0,0,0,,,0.000000,0.000000
_5146_,generated_control,0,0,0,0,,,0.000000,0.000000
_5147_,generated_datapath,0,0,0,0,,,0.000000,0.000000
_5148_,generated_control,0,0,0,0,,,0.000000,0.000000
_5149_,generated_datapath,0,0,0,0,,,0.000000,0.000000
_5150_,generated_datapath,0,0,0,0,,,0.000000,0.000000
_5151_,generated_datapath,0,0,0,0,,,0.000000,0.000000
_5152_,unclassified,0,0,0,0,,,0.000000,0.000000
_5153_,generated_control,0,0,0,0,,,0.000000,0.000000
_5154_,generated_control,0,0,0,0,,,0.000000,0.000000
_5155_,generated_control,0,0,0,0,,,0.000000,0.000000
_5156_,generated_control,0,0,0,0,,,0.000000,0.000000
_5157_,generated_datapath,0,0,0,0,,,0.000000,0.000000
_5158_,unclassified,0,0,0,0,,,0.000000,0.000000
_5159_,generated_control,0,0,0,0,,,0.000000,0.000000
_5160_,generated_control,0,0,0,0,,,0.000000,0.000000
_5161_,generated_control,0,0,0,0,,,0.000000,0.000000
_5162_,generated_control,0,0,0,0,,,0.000000,0.000000
_5163_,generated_datapath,0,0,0,0,,,0.000000,0.000000
_5164_,generated_control,0,0,0,0,,,0.000000,0.000000
_5165_,generated_control,0,0,0,0,,,0.000000,0.000000
_5166_,generated_control,0,0,0,0,,,0.000000,0.000000
_5167_,generated_control,0,0,0,0,,,0.000000,0.000000
_5168_,generated_datapath,0,0,0,0,,,0.000000,0.000000
_5169_,generated_datapath,0,0,0,0,,,0.000000,0.000000
_5170_,generated_control,1,0,0,0,2.527200,,0.283511,0.002891
_5171_,generated_control,0,0,0,0,,,0.000000,0.000000
_5172_,generated_control,0,0,0,0,,,0.000000,0.000000
_5173_,generated_datapath,0,0,0,0,,,0.000000,0.000000
_5174_,generated_datapath,1,0,0,0,2.527200,,0.283511,0.002891
_5175_,generated_control,0,0,0,0,,,0.000000,0.000000
_5176_,generated_control,0,0,0,0,,,0.000000,0.000000
_5177_,generated_control,0,0,0,0,,,0.000000,0.000000
_5178_,generated_control,0,0,0,0,,,0.000000,0.000000
_5179_,generated_datapath,0,0,0,0,,,0.000000,0.000000
_5180_,generated_datapath,0,0,0,0,,,0.000000,0.000000
_5181_,generated_datapath,1,0,0,0,2.527200,,0.283511,0.002891
_5182_,unclassified,0,0,0,0,,,0.000000,0.000000
_5183_,execute_alu,0,0,0,0,,,0.000000,0.000000
_5184_,execute_alu,0,0,0,0,,,0.000000,0.000000
_5185_,execute_alu,0,0,0,0,,,0.000000,0.000000
_5187_,generated_control,0,0,0,0,,,0.000000,0.000000
_5188_,generated_control,0,0,0,0,,,0.000000,0.000000
_5189_,generated_control,0,0,0,0,,,0.000000,0.000000
_5191_,generated_control,0,0,0,0,,,0.000000,0.000000
_5192_,execute_alu,0,0,0,0,,,0.000000,0.000000
_5193_,generated_control,0,0,0,0,,,0.000000,0.000000
_5194_,generated_datapath,0,0,0,0,,,0.000000,0.000000
_5195_,generated_control,0,0,0,0,,,0.000000,0.000000
_5196_,generated_control,0,0,0,0,,,0.000000,0.000000
_5197_,generated_datapath,0,0,0,0,,,0.000000,0.000000
_5198_,generated_control,0,0,0,0,,,0.000000,0.000000
_5199_,generated_control,0,0,0,0,,,0.000000,0.000000
_5200_,generated_control,0,0,0,0,,,0.000000,0.000000
_5201_,generated_datapath,0,0,0,0,,,0.000000,0.000000
_5202_,generated_control,0,0,0,0,,,0.000000,0.000000
_5203_,generated_datapath,0,0,0,0,,,0.000000,0.000000
_5204_,generated_datapath,0,0,0,0,,,0.000000,0.000000
_5205_,generated_control,0,0,0,0,,,0.000000,0.000000
_5206_,generated_control,0,0,0,0,,,0.000000,0.000000
_5207_,generated_datapath,0,0,0,0,,,0.000000,0.000000
_5208_,generated_control,0,0,0,0,,,0.000000,0.000000
_5209_,generated_control,0,0,0,0,,,0.000000,0.000000
_5210_,generated_control,0,0,0,0,,,0.000000,0.000000
_5211_,generated_datapath,0,0,0,0,,,0.000000,0.000000
_5212_,generated_control,0,0,0,0,,,0.000000,0.000000
_5213_,generated_datapath,0,0,0,0,,,0.000000,0.000000
_5214_,generated_datapath,0,0,0,0,,,0.000000,0.000000
_5215_,unclassified,0,0,0,0,,,0.000000,0.000000
_5216_,generated_control,0,0,0,0,,,0.000000,0.000000
_5217_,generated_datapath,0,0,0,0,,,0.000000,0.000000
_5218_,generated_control,0,0,0,0,,,0.000000,0.000000
_5219_,generated_datapath,0,0,0,0,,,0.000000,0.000000
_5220_,generated_control,0,0,0,0,,,0.000000,0.000000
_5221_,generated_datapath,0,0,0,0,,,0.000000,0.000000
_5222_,generated_control,0,0,0,0,,,0.000000,0.000000
_5223_,generated_datapath,0,0,0,0,,,0.000000,0.000000
_5224_,generated_datapath,0,0,0,0,,,0.000000,0.000000
_5225_,generated_control,0,0,0,0,,,0.000000,0.000000
_5226_,generated_datapath,0,0,0,0,,,0.000000,0.000000
_5227_,generated_datapath,0,0,0,0,,,0.000000,0.000000
_5228_,generated_control,0,1,0,0,,2.779800,0.000000,0.000000
_5229_,generated_datapath,0,1,0,0,,2.779800,0.000000,0.000000
_5230_,generated_control,0,0,0,0,,,0.000000,0.000000
_5231_,generated_datapath,0,0,0,0,,,0.000000,0.000000
_5232_,generated_datapath,0,0,0,0,,,0.000000,0.000000
_5233_,generated_control,0,1,0,0,,2.779800,0.000000,0.000000
_5234_,generated_control,0,0,0,0,,,0.000000,0.000000
_5235_,generated_datapath,0,0,0,0,,,0.000000,0.000000
_5236_,generated_datapath,0,0,0,0,,,0.000000,0.000000
_5237_,generated_control,0,0,0,0,,,0.000000,0.000000
_5238_,generated_datapath,0,0,0,0,,,0.000000,0.000000
_5239_,generated_datapath,0,0,0,0,,,0.000000,0.000000
_5240_,generated_control,0,0,0,0,,,0.000000,0.000000
_5241_,generated_control,0,0,0,0,,,0.000000,0.000000
_5242_,unclassified,0,0,0,0,,,0.000000,0.000000
_5243_,generated_control,0,0,0,0,,,0.000000,0.000000
_5244_,generated_datapath,0,0,0,0,,,0.000000,0.000000
_5245_,generated_control,0,0,0,0,,,0.000000,0.000000
_5246_,generated_datapath,0,0,0,0,,,0.000000,0.000000
_5247_,generated_control,0,0,0,0,,,0.000000,0.000000
_5248_,generated_datapath,0,0,0,0,,,0.000000,0.000000
_5249_,generated_datapath,0,0,0,0,,,0.000000,0.000000
_5250_,generated_control,0,0,0,0,,,0.000000,0.000000
_5251_,generated_control,0,0,0,0,,,0.000000,0.000000
_5252_,generated_control,0,1,0,0,,2.779800,0.000000,0.000000
_5253_,generated_control,0,0,0,0,,,0.000000,0.000000
_5254_,generated_datapath,0,0,0,0,,,0.000000,0.000000
_5255_,generated_datapath,0,0,0,0,,,0.000000,0.000000
_5256_,generated_control,0,0,0,0,,,0.000000,0.000000
_5257_,generated_datapath,0,0,0,0,,,0.000000,0.000000
_5258_,generated_datapath,0,0,0,0,,,0.000000,0.000000
_5259_,generated_datapath,0,0,0,0,,,0.000000,0.000000
_5260_,generated_control,0,0,0,0,,,0.000000,0.000000
_5261_,generated_datapath,0,0,0,0,,,0.000000,0.000000
_5262_,generated_datapath,0,0,0,0,,,0.000000,0.000000
_5263_,generated_control,0,0,0,0,,,0.000000,0.000000
_5264_,generated_datapath,0,0,0,0,,,0.000000,0.000000
_5265_,generated_datapath,0,0,0,0,,,0.000000,0.000000
_5266_,generated_datapath,0,0,0,0,,,0.000000,0.000000
_5267_,generated_datapath,0,0,0,0,,,0.000000,0.000000
_5268_,generated_control,0,0,0,0,,,0.000000,0.000000
_5269_,generated_datapath,0,0,0,0,,,0.000000,0.000000
_5270_,generated_control,0,0,0,0,,,0.000000,0.000000
_5271_,unclassified,0,0,0,0,,,0.000000,0.000000
_5272_,generated_control,0,0,0,0,,,0.000000,0.000000
_5273_,generated_datapath,0,0,0,0,,,0.000000,0.000000
_5274_,generated_control,0,0,0,0,,,0.000000,0.000000
_5275_,generated_datapath,0,0,0,0,,,0.000000,0.000000
_5276_,generated_control,0,0,0,0,,,0.000000,0.000000
_5277_,generated_datapath,0,0,0,0,,,0.000000,0.000000
_5278_,generated_datapath,0,0,0,0,,,0.000000,0.000000
_5279_,generated_control,0,0,0,0,,,0.000000,0.000000
_5280_,generated_control,0,0,0,0,,,0.000000,0.000000
_5281_,generated_datapath,0,0,0,0,,,0.000000,0.000000
_5282_,generated_control,0,0,0,0,,,0.000000,0.000000
_5283_,generated_datapath,0,0,0,0,,,0.000000,0.000000
_5284_,generated_datapath,0,0,0,0,,,0.000000,0.000000
_5285_,generated_control,0,0,0,0,,,0.000000,0.000000
_5286_,generated_control,0,0,0,0,,,0.000000,0.000000
_5287_,generated_control,0,0,0,0,,,0.000000,0.000000
_5288_,generated_datapath,0,0,0,0,,,0.000000,0.000000
_5289_,generated_datapath,0,0,0,0,,,0.000000,0.000000
_5290_,generated_control,0,0,0,0,,,0.000000,0.000000
_5291_,generated_control,0,1,0,0,,2.770700,0.000000,0.000000
_5293_,generated_control,0,0,0,0,,,0.000000,0.000000
_5294_,generated_datapath,0,0,0,0,,,0.000000,0.000000
_5295_,generated_datapath,0,1,0,0,,2.770700,0.000000,0.000000
_5296_,generated_control,0,0,0,0,,,0.000000,0.000000
_5297_,generated_control,0,0,0,0,,,0.000000,0.000000
_5298_,generated_control,0,0,0,0,,,0.000000,0.000000
_5299_,generated_control,0,0,0,0,,,0.000000,0.000000
_5300_,generated_control,0,0,0,0,,,0.000000,0.000000
_5301_,generated_control,0,0,0,0,,,0.000000,0.000000
_5302_,generated_datapath,0,0,0,0,,,0.000000,0.000000
_5303_,generated_datapath,0,0,0,0,,,0.000000,0.000000
_5304_,generated_datapath,0,0,0,0,,,0.000000,0.000000
_5305_,unclassified,0,1,0,0,,2.770700,0.000000,0.000000
_5306_,generated_datapath,0,0,0,0,,,0.000000,0.000000
_5307_,generated_control,0,0,0,0,,,0.000000,0.000000
_5308_,generated_datapath,0,0,0,0,,,0.000000,0.000000
_5309_,generated_datapath,0,0,0,0,,,0.000000,0.000000
_5310_,generated_control,0,0,0,0,,,0.000000,0.000000
_5311_,generated_datapath,0,0,0,0,,,0.000000,0.000000
_5312_,generated_datapath,0,0,0,0,,,0.000000,0.000000
_5313_,generated_datapath,0,0,0,0,,,0.000000,0.000000
_5314_,generated_control,0,0,0,0,,,0.000000,0.000000
_5315_,generated_datapath,0,0,0,0,,,0.000000,0.000000
_5316_,generated_datapath,0,0,0,0,,,0.000000,0.000000
_5317_,generated_control,0,0,0,0,,,0.000000,0.000000
_5318_,generated_datapath,0,0,0,0,,,0.000000,0.000000
_5319_,generated_datapath,0,0,0,0,,,0.000000,0.000000
_5320_,generated_datapath,0,0,0,0,,,0.000000,0.000000
_5321_,generated_datapath,0,0,0,0,,,0.000000,0.000000
_5322_,generated_control,0,0,0,0,,,0.000000,0.000000
_5323_,generated_datapath,0,0,0,0,,,0.000000,0.000000
_5324_,generated_control,0,0,0,0,,,0.000000,0.000000
_5325_,generated_datapath,0,0,0,0,,,0.000000,0.000000
_5326_,generated_datapath,0,0,0,0,,,0.000000,0.000000
_5327_,generated_control,0,0,0,0,,,0.000000,0.000000
_5328_,generated_datapath,0,0,0,0,,,0.000000,0.000000
_5329_,generated_control,0,0,0,0,,,0.000000,0.000000
_5330_,generated_datapath,0,0,0,0,,,0.000000,0.000000
_5331_,generated_datapath,0,0,0,0,,,0.000000,0.000000
_5332_,generated_datapath,0,0,0,0,,,0.000000,0.000000
_5333_,generated_control,0,0,0,0,,,0.000000,0.000000
_5334_,generated_datapath,0,0,0,0,,,0.000000,0.000000
_5335_,generated_control,0,0,0,0,,,0.000000,0.000000
_5336_,generated_datapath,0,0,0,0,,,0.000000,0.000000
_5337_,generated_datapath,0,0,0,0,,,0.000000,0.000000
_5338_,generated_datapath,0,0,0,0,,,0.000000,0.000000
_5339_,generated_control,0,0,0,0,,,0.000000,0.000000
_5340_,generated_control,0,0,0,0,,,0.000000,0.000000
_5341_,generated_control,0,0,0,0,,,0.000000,0.000000
_5342_,generated_control,0,0,0,0,,,0.000000,0.000000
_5343_,generated_control,0,0,0,0,,,0.000000,0.000000
_5344_,generated_control,0,0,0,0,,,0.000000,0.000000
_5345_,generated_control,0,0,0,0,,,0.000000,0.000000
_5346_,generated_control,0,0,0,0,,,0.000000,0.000000
_5347_,generated_control,0,0,0,0,,,0.000000,0.000000
_5348_,generated_control,0,0,0,0,,,0.000000,0.000000
_5349_,generated_control,0,0,0,0,,,0.000000,0.000000
_5350_,generated_control,0,0,0,0,,,0.000000,0.000000
_5351_,generated_control,0,0,0,0,,,0.000000,0.000000
_5352_,generated_control,1,0,0,0,2.377800,,0.296051,0.003019
_5353_,generated_control,1,0,0,0,2.377800,,0.296051,0.003019
_5354_,unclassified,1,0,0,0,2.377800,,0.296051,0.003019
_5355_,generated_datapath,0,0,0,0,,,0.000000,0.000000
_5356_,generated_control,0,0,0,0,,,0.000000,0.000000
_5357_,generated_datapath,0,0,0,0,,,0.000000,0.000000
_5358_,generated_control,1,0,0,0,2.386500,,0.295290,0.003011
_5359_,generated_control,0,0,0,0,,,0.000000,0.000000
_5360_,generated_datapath,1,0,0,0,2.386500,,0.295290,0.003011
_5361_,generated_control,0,0,0,0,,,0.000000,0.000000
_5362_,generated_control,0,0,0,0,,,0.000000,0.000000
_5363_,generated_control,0,0,0,0,,,0.000000,0.000000
_5364_,generated_datapath,0,0,0,0,,,0.000000,0.000000
_5365_,generated_control,0,0,0,0,,,0.000000,0.000000
_5366_,generated_datapath,1,0,0,0,2.386500,,0.295290,0.003011
_5367_,generated_datapath,0,0,0,0,,,0.000000,0.000000
_5368_,generated_control,0,0,0,0,,,0.000000,0.000000
_5369_,generated_control,0,0,0,0,,,0.000000,0.000000
_5370_,generated_datapath,0,0,0,0,,,0.000000,0.000000
_5371_,generated_control,0,0,0,0,,,0.000000,0.000000
_5372_,generated_control,0,0,0,0,,,0.000000,0.000000
_5373_,generated_control,0,0,0,0,,,0.000000,0.000000
_5374_,generated_datapath,0,0,0,0,,,0.000000,0.000000
_5375_,generated_control,0,0,0,0,,,0.000000,0.000000
_5376_,generated_datapath,0,0,0,0,,,0.000000,0.000000
_5377_,generated_datapath,0,0,0,0,,,0.000000,0.000000
_5378_,unclassified,1,0,0,0,2.386500,,0.295290,0.003011
_5379_,generated_control,0,0,0,0,,,0.000000,0.000000
_5380_,unclassified,0,0,0,0,,,0.000000,0.000000
_5381_,generated_control,0,0,0,0,,,0.000000,0.000000
_5382_,generated_datapath,0,0,0,0,,,0.000000,0.000000
_5383_,generated_control,0,0,0,0,,,0.000000,0.000000
_5384_,generated_datapath,0,0,0,0,,,0.000000,0.000000
_5385_,generated_control,0,0,0,0,,,0.000000,0.000000
_5386_,generated_datapath,0,0,0,0,,,0.000000,0.000000
_5387_,generated_datapath,0,0,0,0,,,0.000000,0.000000
_5388_,generated_datapath,0,0,0,0,,,0.000000,0.000000
_5389_,generated_control,0,0,0,0,,,0.000000,0.000000
_5390_,generated_datapath,0,0,0,0,,,0.000000,0.000000
_5391_,generated_datapath,0,0,0,0,,,0.000000,0.000000
_5392_,generated_control,0,0,0,0,,,0.000000,0.000000
_5393_,generated_datapath,0,0,0,0,,,0.000000,0.000000
_5394_,generated_datapath,0,0,0,0,,,0.000000,0.000000
_5395_,generated_datapath,0,0,0,0,,,0.000000,0.000000
_5396_,generated_datapath,0,0,0,0,,,0.000000,0.000000
_5397_,generated_control,0,0,0,0,,,0.000000,0.000000
_5398_,generated_datapath,0,0,0,0,,,0.000000,0.000000
_5399_,generated_control,0,0,0,0,,,0.000000,0.000000
_5400_,generated_datapath,0,0,0,0,,,0.000000,0.000000
_5401_,generated_control,0,0,0,0,,,0.000000,0.000000
_5402_,generated_datapath,0,0,0,0,,,0.000000,0.000000
_5403_,generated_datapath,0,0,0,0,,,0.000000,0.000000
_5404_,generated_control,0,0,0,0,,,0.000000,0.000000
_5405_,generated_datapath,0,0,0,0,,,0.000000,0.000000
_5406_,unclassified,0,0,0,0,,,0.000000,0.000000
_5407_,generated_datapath,0,0,0,0,,,0.000000,0.000000
_5408_,generated_datapath,0,0,0,0,,,0.000000,0.000000
_5409_,generated_control,0,0,0,0,,,0.000000,0.000000
_5410_,generated_datapath,0,0,0,0,,,0.000000,0.000000
_5412_,generated_control,0,0,0,0,,,0.000000,0.000000
_5413_,generated_datapath,0,0,0,0,,,0.000000,0.000000
_5414_,generated_control,0,0,0,0,,,0.000000,0.000000
_5415_,generated_control,0,0,0,0,,,0.000000,0.000000
_5416_,generated_datapath,0,0,0,0,,,0.000000,0.000000
_5417_,generated_control,0,0,0,0,,,0.000000,0.000000
_5418_,generated_control,0,0,0,0,,,0.000000,0.000000
_5419_,generated_datapath,0,0,0,0,,,0.000000,0.000000
_5420_,generated_control,0,0,0,0,,,0.000000,0.000000
_5421_,generated_control,0,0,0,0,,,0.000000,0.000000
_5422_,generated_control,0,0,0,0,,,0.000000,0.000000
_5423_,unclassified,0,0,0,0,,,0.000000,0.000000
_5424_,generated_control,0,0,0,0,,,0.000000,0.000000
_5425_,generated_datapath,0,0,0,0,,,0.000000,0.000000
_5426_,generated_control,0,0,0,0,,,0.000000,0.000000
_5427_,generated_datapath,0,0,0,0,,,0.000000,0.000000
_5428_,generated_control,0,0,0,0,,,0.000000,0.000000
_5429_,generated_datapath,0,0,0,0,,,0.000000,0.000000
_5430_,generated_datapath,0,0,0,0,,,0.000000,0.000000
_5431_,generated_datapath,0,0,0,0,,,0.000000,0.000000
_5432_,generated_control,0,0,0,0,,,0.000000,0.000000
_5433_,generated_datapath,0,0,0,0,,,0.000000,0.000000
_5434_,generated_datapath,0,0,0,0,,,0.000000,0.000000
_5435_,generated_control,0,0,0,0,,,0.000000,0.000000
_5436_,generated_datapath,0,0,0,0,,,0.000000,0.000000
_5437_,generated_datapath,0,0,0,0,,,0.000000,0.000000
_5438_,generated_datapath,0,0,0,0,,,0.000000,0.000000
_5439_,generated_datapath,0,0,0,0,,,0.000000,0.000000
_5440_,generated_control,0,0,0,0,,,0.000000,0.000000
_5441_,generated_datapath,0,0,0,0,,,0.000000,0.000000
_5442_,generated_datapath,0,0,0,0,,,0.000000,0.000000
_5443_,generated_control,0,0,0,0,,,0.000000,0.000000
_5444_,generated_datapath,0,0,0,0,,,0.000000,0.000000
_5445_,generated_control,0,0,0,0,,,0.000000,0.000000
_5446_,generated_datapath,0,0,0,0,,,0.000000,0.000000
_5447_,generated_datapath,0,0,0,0,,,0.000000,0.000000
_5448_,generated_control,0,0,0,0,,,0.000000,0.000000
_5449_,generated_datapath,0,0,0,0,,,0.000000,0.000000
_5450_,generated_control,0,0,0,0,,,0.000000,0.000000
_5451_,generated_control,0,0,0,0,,,0.000000,0.000000
_5452_,generated_control,1,0,0,0,2.320300,,0.301178,0.003071
_5453_,generated_control,0,0,0,0,,,0.000000,0.000000
_5454_,generated_control,1,0,0,0,2.320300,,0.301178,0.003071
_5455_,generated_control,0,0,0,0,,,0.000000,0.000000
_5456_,generated_control,0,0,0,0,,,0.000000,0.000000
_5457_,generated_control,0,0,0,0,,,0.000000,0.000000
_5458_,generated_control,0,0,0,0,,,0.000000,0.000000
_5459_,generated_control,0,0,0,0,,,0.000000,0.000000
_5460_,generated_datapath,1,0,0,0,2.320300,,0.301178,0.003071
_5461_,generated_control,0,0,0,0,,,0.000000,0.000000
_5462_,generated_control,0,0,0,0,,,0.000000,0.000000
_5463_,generated_control,0,0,0,0,,,0.000000,0.000000
_5464_,generated_control,1,0,0,0,2.459200,,0.289084,0.002948
_5465_,generated_control,1,0,0,0,2.459200,,0.289084,0.002948
_5466_,generated_control,0,0,0,0,,,0.000000,0.000000
_5467_,generated_control,0,0,0,0,,,0.000000,0.000000
_5468_,generated_control,0,0,0,0,,,0.000000,0.000000
_5469_,generated_control,0,1,0,0,,2.821700,0.000000,0.000000
_5470_,generated_control,0,0,0,0,,,0.000000,0.000000
_5471_,generated_control,0,1,0,0,,2.821700,0.000000,0.000000
_5472_,generated_datapath,0,1,0,0,,2.821700,0.000000,0.000000
_5473_,generated_datapath,1,1,0,0,2.459200,2.821700,0.289084,0.002948
_5474_,generated_control,0,0,0,0,,,0.000000,0.000000
_5475_,generated_control,0,0,0,0,,,0.000000,0.000000
_5476_,unclassified,0,0,0,0,,,0.000000,0.000000
_5477_,generated_control,0,0,0,0,,,0.000000,0.000000
_5478_,generated_control,0,0,0,0,,,0.000000,0.000000
_5479_,unclassified,0,0,0,0,,,0.000000,0.000000
_5480_,generated_control,0,0,0,0,,,0.000000,0.000000
_5481_,generated_control,0,0,0,0,,,0.000000,0.000000
_5482_,generated_control,0,0,0,0,,,0.000000,0.000000
_5483_,generated_control,0,0,0,0,,,0.000000,0.000000
_5484_,generated_datapath,0,0,0,0,,,0.000000,0.000000
_5485_,generated_datapath,0,0,0,0,,,0.000000,0.000000
_5486_,generated_control,0,0,0,0,,,0.000000,0.000000
_5487_,generated_datapath,0,0,0,0,,,0.000000,0.000000
_5488_,unclassified,0,0,0,0,,,0.000000,0.000000
_5489_,generated_datapath,0,0,0,0,,,0.000000,0.000000
_5490_,generated_control,0,0,0,0,,,0.000000,0.000000
_5491_,generated_datapath,0,0,0,0,,,0.000000,0.000000
_5492_,generated_datapath,0,0,0,0,,,0.000000,0.000000
_5493_,generated_control,0,0,0,0,,,0.000000,0.000000
_5494_,generated_datapath,0,0,0,0,,,0.000000,0.000000
_5495_,generated_datapath,0,0,0,0,,,0.000000,0.000000
_5496_,generated_datapath,0,0,0,0,,,0.000000,0.000000
_5497_,generated_control,0,0,0,0,,,0.000000,0.000000
_5498_,generated_control,0,0,0,0,,,0.000000,0.000000
_5499_,generated_datapath,0,0,0,0,,,0.000000,0.000000
_5500_,generated_datapath,0,0,0,0,,,0.000000,0.000000
_5501_,generated_control,0,0,0,0,,,0.000000,0.000000
_5502_,generated_datapath,0,0,0,0,,,0.000000,0.000000
_5503_,generated_control,0,0,0,0,,,0.000000,0.000000
_5504_,generated_datapath,0,0,0,0,,,0.000000,0.000000
_5505_,generated_datapath,0,0,0,0,,,0.000000,0.000000
_5506_,generated_datapath,0,0,0,0,,,0.000000,0.000000
_5507_,generated_control,0,0,0,0,,,0.000000,0.000000
_5508_,generated_control,0,0,0,0,,,0.000000,0.000000
_5509_,generated_control,0,0,0,0,,,0.000000,0.000000
_5510_,generated_control,0,0,0,0,,,0.000000,0.000000
_5511_,generated_control,0,0,0,0,,,0.000000,0.000000
_5512_,generated_control,0,0,0,0,,,0.000000,0.000000
_5513_,generated_control,0,0,0,0,,,0.000000,0.000000
_5514_,generated_control,0,0,0,0,,,0.000000,0.000000
_5515_,generated_control,0,0,0,0,,,0.000000,0.000000
_5516_,generated_control,0,0,0,0,,,0.000000,0.000000
_5517_,generated_control,0,0,0,0,,,0.000000,0.000000
_5518_,generated_datapath,0,0,0,0,,,0.000000,0.000000
_5519_,generated_datapath,0,0,0,0,,,0.000000,0.000000
_5520_,generated_datapath,0,0,0,0,,,0.000000,0.000000
_5521_,generated_control,0,0,0,0,,,0.000000,0.000000
_5522_,generated_datapath,0,0,0,0,,,0.000000,0.000000
_5523_,generated_control,0,0,0,0,,,0.000000,0.000000
_5524_,generated_datapath,0,0,0,0,,,0.000000,0.000000
_5525_,generated_control,0,2,0,0,,2.765900,0.000000,0.000000
_5526_,generated_datapath,0,2,0,0,,2.765900,0.000000,0.000000
_5527_,generated_control,0,0,0,0,,,0.000000,0.000000
_5528_,generated_datapath,0,0,0,0,,,0.000000,0.000000
_5529_,generated_datapath,0,0,0,0,,,0.000000,0.000000
_5530_,generated_datapath,0,0,0,0,,,0.000000,0.000000
_5531_,generated_control,0,0,0,0,,,0.000000,0.000000
_5532_,generated_datapath,0,0,0,0,,,0.000000,0.000000
_5533_,generated_datapath,0,0,0,0,,,0.000000,0.000000
_5534_,generated_control,0,0,0,0,,,0.000000,0.000000
_5535_,generated_datapath,0,0,0,0,,,0.000000,0.000000
_5536_,unclassified,0,0,0,0,,,0.000000,0.000000
_5537_,generated_datapath,0,0,0,0,,,0.000000,0.000000
_5538_,generated_control,0,0,0,0,,,0.000000,0.000000
_5539_,generated_datapath,0,0,0,0,,,0.000000,0.000000
_5540_,generated_datapath,0,0,0,0,,,0.000000,0.000000
_5541_,generated_control,0,0,0,0,,,0.000000,0.000000
_5542_,generated_datapath,0,0,0,0,,,0.000000,0.000000
_5543_,generated_datapath,0,0,0,0,,,0.000000,0.000000
_5544_,generated_datapath,0,0,0,0,,,0.000000,0.000000
_5545_,generated_datapath,0,0,0,0,,,0.000000,0.000000
_5546_,generated_control,0,0,0,0,,,0.000000,0.000000
_5547_,generated_control,0,0,0,0,,,0.000000,0.000000
_5548_,unclassified,0,0,0,0,,,0.000000,0.000000
_5549_,generated_control,0,0,0,0,,,0.000000,0.000000
_5550_,generated_datapath,0,0,0,0,,,0.000000,0.000000
_5551_,generated_datapath,0,0,0,0,,,0.000000,0.000000
_5552_,generated_datapath,0,0,0,0,,,0.000000,0.000000
_5553_,generated_datapath,0,2,0,0,,2.765900,0.000000,0.000000
_5554_,generated_datapath,0,0,0,0,,,0.000000,0.000000
_5555_,generated_control,0,0,0,0,,,0.000000,0.000000
_5556_,generated_control,0,0,0,0,,,0.000000,0.000000
_5557_,generated_control,0,0,0,0,,,0.000000,0.000000
_5558_,generated_control,0,0,0,0,,,0.000000,0.000000
_5559_,generated_datapath,0,0,0,0,,,0.000000,0.000000
_5560_,generated_control,0,0,0,0,,,0.000000,0.000000
_5561_,generated_datapath,0,0,0,0,,,0.000000,0.000000
_5562_,generated_datapath,0,0,0,0,,,0.000000,0.000000
_5563_,generated_control,0,1,0,0,,2.770900,0.000000,0.000000
_5564_,generated_datapath,0,1,0,0,,2.770900,0.000000,0.000000
_5565_,generated_control,0,0,0,0,,,0.000000,0.000000
_5566_,generated_datapath,0,0,0,0,,,0.000000,0.000000
_5567_,generated_datapath,0,0,0,0,,,0.000000,0.000000
_5568_,generated_control,0,1,0,0,,2.770900,0.000000,0.000000
_5569_,generated_control,0,0,0,0,,,0.000000,0.000000
_5570_,generated_datapath,0,0,0,0,,,0.000000,0.000000
_5571_,generated_datapath,0,0,0,0,,,0.000000,0.000000
_5572_,generated_control,0,0,0,0,,,0.000000,0.000000
_5573_,generated_datapath,0,0,0,0,,,0.000000,0.000000
_5574_,generated_datapath,0,0,0,0,,,0.000000,0.000000
_5575_,generated_control,0,0,0,0,,,0.000000,0.000000
_5576_,generated_control,0,0,0,0,,,0.000000,0.000000
_5577_,unclassified,0,0,0,0,,,0.000000,0.000000
_5578_,generated_control,0,0,0,0,,,0.000000,0.000000
_5579_,generated_datapath,0,0,0,0,,,0.000000,0.000000
_5580_,generated_control,0,0,0,0,,,0.000000,0.000000
_5581_,generated_datapath,0,0,0,0,,,0.000000,0.000000
_5582_,generated_control,0,0,0,0,,,0.000000,0.000000
_5583_,generated_datapath,0,0,0,0,,,0.000000,0.000000
_5584_,generated_datapath,0,0,0,0,,,0.000000,0.000000
_5585_,generated_control,0,0,0,0,,,0.000000,0.000000
_5586_,generated_control,0,0,0,0,,,0.000000,0.000000
_5587_,generated_control,0,1,0,0,,2.770900,0.000000,0.000000
_5588_,execute_alu,0,1,0,0,,2.770900,0.000000,0.000000
_5589_,generated_control,0,0,0,0,,,0.000000,0.000000
_5590_,generated_control,1,0,0,0,2.374900,,0.296305,0.003021
_5591_,generated_control,0,0,0,0,,,0.000000,0.000000
_5592_,generated_control,0,0,0,0,,,0.000000,0.000000
_5593_,generated_control,1,0,0,0,2.374900,,0.296305,0.003021
_5594_,generated_control,0,0,0,0,,,0.000000,0.000000
_5595_,generated_control,0,0,0,0,,,0.000000,0.000000
_5596_,generated_control,0,0,0,0,,,0.000000,0.000000
_5597_,generated_control,0,0,0,0,,,0.000000,0.000000
_5598_,generated_control,0,0,0,0,,,0.000000,0.000000
_5599_,generated_datapath,1,0,0,0,2.374900,,0.296305,0.003021
_5600_,generated_control,0,0,0,0,,,0.000000,0.000000
_5601_,generated_datapath,0,0,0,0,,,0.000000,0.000000
_5602_,generated_control,0,0,0,0,,,0.000000,0.000000
_5603_,unclassified,0,0,0,0,,,0.000000,0.000000
_5604_,generated_control,0,0,0,0,,,0.000000,0.000000
_5605_,generated_control,0,0,0,0,,,0.000000,0.000000
_5606_,generated_datapath,0,0,0,0,,,0.000000,0.000000
_5607_,generated_control,0,0,0,0,,,0.000000,0.000000
_5608_,generated_control,0,0,0,0,,,0.000000,0.000000
_5609_,generated_datapath,0,0,0,0,,,0.000000,0.000000
_5610_,generated_control,0,0,0,0,,,0.000000,0.000000
_5611_,generated_control,0,0,0,0,,,0.000000,0.000000
_5612_,generated_control,0,0,0,0,,,0.000000,0.000000
_5613_,unclassified,0,0,0,0,,,0.000000,0.000000
_5614_,generated_control,0,0,0,0,,,0.000000,0.000000
_5615_,generated_datapath,0,0,0,0,,,0.000000,0.000000
_5616_,generated_control,0,0,0,0,,,0.000000,0.000000
_5617_,generated_datapath,0,0,0,0,,,0.000000,0.000000
_5618_,generated_control,0,0,0,0,,,0.000000,0.000000
_5619_,generated_datapath,0,0,0,0,,,0.000000,0.000000
_5620_,generated_datapath,0,0,0,0,,,0.000000,0.000000
_5621_,generated_control,0,0,0,0,,,0.000000,0.000000
_5622_,generated_control,0,0,0,0,,,0.000000,0.000000
_5623_,generated_control,0,0,0,0,,,0.000000,0.000000
_5624_,generated_datapath,0,0,0,0,,,0.000000,0.000000
_5625_,generated_datapath,0,0,0,0,,,0.000000,0.000000
_5626_,generated_control,0,0,0,0,,,0.000000,0.000000
_5627_,generated_datapath,0,0,0,0,,,0.000000,0.000000
_5628_,generated_datapath,0,0,0,0,,,0.000000,0.000000
_5629_,generated_control,0,0,0,0,,,0.000000,0.000000
_5630_,generated_control,0,0,0,0,,,0.000000,0.000000
_5631_,generated_datapath,0,0,0,0,,,0.000000,0.000000
_5632_,generated_datapath,0,0,0,0,,,0.000000,0.000000
_5633_,generated_control,0,1,0,0,,2.706200,0.000000,0.000000
_5634_,generated_datapath,0,1,0,0,,2.706200,0.000000,0.000000
_5635_,generated_control,0,0,0,0,,,0.000000,0.000000
_5636_,generated_datapath,0,0,0,0,,,0.000000,0.000000
_5637_,generated_datapath,0,0,0,0,,,0.000000,0.000000
_5638_,generated_control,0,1,0,0,,2.706200,0.000000,0.000000
_5639_,generated_datapath,0,1,0,0,,2.706200,0.000000,0.000000
_5641_,generated_control,0,0,0,0,,,0.000000,0.000000
_5642_,generated_control,0,0,0,0,,,0.000000,0.000000
_5643_,generated_datapath,0,0,0,0,,,0.000000,0.000000
_5644_,generated_control,0,0,0,0,,,0.000000,0.000000
_5645_,generated_control,0,0,0,0,,,0.000000,0.000000
_5646_,generated_datapath,0,0,0,0,,,0.000000,0.000000
_5647_,generated_datapath,0,0,0,0,,,0.000000,0.000000
_5648_,generated_control,0,0,0,0,,,0.000000,0.000000
_5649_,generated_control,0,0,0,0,,,0.000000,0.000000
_5650_,generated_datapath,0,0,0,0,,,0.000000,0.000000
_5651_,generated_control,1,0,0,0,2.467300,,0.288409,0.002941
_5652_,generated_control,0,0,0,0,,,0.000000,0.000000
_5653_,generated_control,0,0,0,0,,,0.000000,0.000000
_5654_,generated_control,0,0,0,0,,,0.000000,0.000000
_5655_,generated_control,1,0,0,0,2.467300,,0.288409,0.002941
_5656_,generated_control,1,0,0,0,2.467300,,0.288409,0.002941
_5657_,generated_datapath,1,0,0,0,2.467300,,0.288409,0.002941
_5658_,generated_control,0,0,0,0,,,0.000000,0.000000
_5659_,generated_control,0,0,0,0,,,0.000000,0.000000
_5660_,generated_control,0,0,0,0,,,0.000000,0.000000
_5661_,generated_control,0,0,0,0,,,0.000000,0.000000
_5662_,generated_datapath,0,0,0,0,,,0.000000,0.000000
_5663_,generated_control,0,0,0,0,,,0.000000,0.000000
_5664_,generated_control,0,0,0,0,,,0.000000,0.000000
_5665_,generated_control,0,0,0,0,,,0.000000,0.000000
_5666_,generated_datapath,0,0,0,0,,,0.000000,0.000000
_5667_,generated_control,0,0,0,0,,,0.000000,0.000000
_5668_,generated_datapath,0,0,0,0,,,0.000000,0.000000
_5669_,generated_datapath,0,0,0,0,,,0.000000,0.000000
_5670_,generated_control,0,0,0,0,,,0.000000,0.000000
_5671_,generated_control,0,0,0,0,,,0.000000,0.000000
_5672_,generated_control,0,0,0,0,,,0.000000,0.000000
_5673_,generated_control,0,0,0,0,,,0.000000,0.000000
_5674_,generated_control,0,0,0,0,,,0.000000,0.000000
_5675_,generated_control,0,0,0,0,,,0.000000,0.000000
_5676_,generated_control,0,0,0,0,,,0.000000,0.000000
_5677_,generated_datapath,0,0,0,0,,,0.000000,0.000000
_5678_,generated_datapath,0,0,0,0,,,0.000000,0.000000
_5679_,unclassified,0,0,0,0,,,0.000000,0.000000
_5680_,unclassified,0,0,0,0,,,0.000000,0.000000
_5681_,generated_control,0,0,0,0,,,0.000000,0.000000
_5682_,generated_datapath,0,0,0,0,,,0.000000,0.000000
_5683_,generated_datapath,0,0,0,0,,,0.000000,0.000000
_5684_,generated_control,0,0,0,0,,,0.000000,0.000000
_5685_,generated_datapath,0,0,0,0,,,0.000000,0.000000
_5686_,unclassified,0,0,0,0,,,0.000000,0.000000
_5687_,generated_datapath,0,0,0,0,,,0.000000,0.000000
_5688_,generated_control,0,0,0,0,,,0.000000,0.000000
_5689_,generated_datapath,0,0,0,0,,,0.000000,0.000000
_5690_,generated_datapath,0,0,0,0,,,0.000000,0.000000
_5691_,generated_control,0,0,0,0,,,0.000000,0.000000
_5692_,generated_datapath,0,0,0,0,,,0.000000,0.000000
_5693_,generated_datapath,0,0,0,0,,,0.000000,0.000000
_5694_,generated_control,0,0,0,0,,,0.000000,0.000000
_5695_,generated_datapath,0,0,0,0,,,0.000000,0.000000
_5696_,generated_control,0,0,0,0,,,0.000000,0.000000
_5697_,generated_datapath,0,0,0,0,,,0.000000,0.000000
_5698_,unclassified,0,0,0,0,,,0.000000,0.000000
_5699_,generated_datapath,0,0,0,0,,,0.000000,0.000000
_5700_,generated_control,0,0,0,0,,,0.000000,0.000000
_5701_,generated_datapath,0,0,0,0,,,0.000000,0.000000
_5702_,generated_datapath,0,0,0,0,,,0.000000,0.000000
_5703_,generated_control,0,0,0,0,,,0.000000,0.000000
_5704_,generated_datapath,0,0,0,0,,,0.000000,0.000000
_5705_,generated_datapath,0,0,0,0,,,0.000000,0.000000
_5706_,generated_datapath,0,0,0,0,,,0.000000,0.000000
_5707_,generated_control,0,0,0,0,,,0.000000,0.000000
_5708_,generated_control,0,0,0,0,,,0.000000,0.000000
_5709_,unclassified,0,0,0,0,,,0.000000,0.000000
_5710_,generated_control,0,0,0,0,,,0.000000,0.000000
_5711_,generated_datapath,0,0,0,0,,,0.000000,0.000000
_5712_,generated_datapath,0,0,0,0,,,0.000000,0.000000
_5713_,unclassified,0,0,0,0,,,0.000000,0.000000
_5714_,generated_control,0,0,0,0,,,0.000000,0.000000
_5715_,generated_control,0,0,0,0,,,0.000000,0.000000
_5716_,generated_datapath,0,0,0,0,,,0.000000,0.000000
_5717_,generated_datapath,0,0,0,0,,,0.000000,0.000000
_5718_,generated_control,0,0,0,0,,,0.000000,0.000000
_5719_,generated_datapath,0,0,0,0,,,0.000000,0.000000
_5720_,generated_datapath,0,0,0,0,,,0.000000,0.000000
_5721_,generated_datapath,0,0,0,0,,,0.000000,0.000000
_5722_,generated_control,0,0,0,0,,,0.000000,0.000000
_5723_,unclassified,0,0,0,0,,,0.000000,0.000000
_5724_,generated_control,0,0,0,0,,,0.000000,0.000000
_5725_,generated_datapath,0,0,0,0,,,0.000000,0.000000
_5726_,generated_control,0,0,0,0,,,0.000000,0.000000
_5727_,generated_datapath,0,0,0,0,,,0.000000,0.000000
_5728_,generated_control,0,0,0,0,,,0.000000,0.000000
_5729_,generated_datapath,0,0,0,0,,,0.000000,0.000000
_5730_,generated_datapath,0,0,0,0,,,0.000000,0.000000
_5731_,generated_datapath,0,0,0,0,,,0.000000,0.000000
_5732_,generated_control,0,0,0,0,,,0.000000,0.000000
_5733_,unclassified,0,0,0,0,,,0.000000,0.000000
_5734_,generated_control,0,0,0,0,,,0.000000,0.000000
_5735_,generated_control,0,0,0,0,,,0.000000,0.000000
_5736_,unclassified,0,0,0,0,,,0.000000,0.000000
_5737_,generated_control,0,0,0,0,,,0.000000,0.000000
_5738_,generated_control,0,0,0,0,,,0.000000,0.000000
_5739_,unclassified,0,0,0,0,,,0.000000,0.000000
_5740_,generated_control,0,0,0,0,,,0.000000,0.000000
_5741_,generated_datapath,0,0,0,0,,,0.000000,0.000000
_5742_,generated_datapath,0,0,0,0,,,0.000000,0.000000
_5743_,generated_control,0,0,0,0,,,0.000000,0.000000
_5744_,generated_datapath,0,0,0,0,,,0.000000,0.000000
_5745_,generated_control,0,0,0,0,,,0.000000,0.000000
_5746_,generated_datapath,0,0,0,0,,,0.000000,0.000000
_5747_,generated_datapath,0,0,0,0,,,0.000000,0.000000
_5748_,generated_control,0,0,0,0,,,0.000000,0.000000
_5749_,generated_datapath,0,0,0,0,,,0.000000,0.000000
_5750_,generated_control,0,0,0,0,,,0.000000,0.000000
_5751_,generated_control,0,0,0,0,,,0.000000,0.000000
_5752_,generated_control,0,1,0,0,,2.863800,0.000000,0.000000
_5753_,generated_control,0,0,0,0,,,0.000000,0.000000
_5754_,generated_control,0,1,0,0,,2.863800,0.000000,0.000000
_5755_,generated_control,0,0,0,0,,,0.000000,0.000000
_5756_,generated_control,0,0,0,0,,,0.000000,0.000000
_5757_,generated_control,0,0,0,0,,,0.000000,0.000000
_5758_,generated_control,0,0,0,0,,,0.000000,0.000000
_5759_,generated_control,0,0,0,0,,,0.000000,0.000000
_5760_,generated_control,0,0,0,0,,,0.000000,0.000000
_5761_,generated_datapath,0,0,0,0,,,0.000000,0.000000
_5762_,generated_datapath,0,1,0,0,,2.863800,0.000000,0.000000
_5763_,generated_control,0,0,0,0,,,0.000000,0.000000
_5764_,generated_control,0,0,0,0,,,0.000000,0.000000
_5765_,generated_control,0,0,0,0,,,0.000000,0.000000
_5766_,generated_control,0,0,0,0,,,0.000000,0.000000
_5767_,generated_control,0,0,0,0,,,0.000000,0.000000
_5768_,generated_control,0,0,0,0,,,0.000000,0.000000
_5769_,generated_control,0,0,0,0,,,0.000000,0.000000
_5770_,generated_control,0,0,0,0,,,0.000000,0.000000
_5771_,generated_control,0,0,0,0,,,0.000000,0.000000
_5772_,generated_control,0,0,0,0,,,0.000000,0.000000
_5773_,unclassified,0,0,0,0,,,0.000000,0.000000
_5774_,generated_control,0,0,0,0,,,0.000000,0.000000
_5775_,generated_control,0,0,0,0,,,0.000000,0.000000
_5776_,generated_control,0,0,0,0,,,0.000000,0.000000
_5777_,generated_control,0,0,0,0,,,0.000000,0.000000
_5778_,generated_control,0,0,0,0,,,0.000000,0.000000
_5779_,generated_datapath,0,0,0,0,,,0.000000,0.000000
_5780_,generated_control,0,0,0,0,,,0.000000,0.000000
_5781_,generated_datapath,0,0,0,0,,,0.000000,0.000000
_5782_,generated_datapath,0,0,0,0,,,0.000000,0.000000
_5783_,generated_control,0,0,0,0,,,0.000000,0.000000
_5784_,generated_datapath,0,0,0,0,,,0.000000,0.000000
_5785_,generated_datapath,0,0,0,0,,,0.000000,0.000000
_5786_,generated_datapath,0,0,0,0,,,0.000000,0.000000
_5787_,generated_control,0,0,0,0,,,0.000000,0.000000
_5788_,generated_datapath,0,0,0,0,,,0.000000,0.000000
_5789_,generated_datapath,0,0,0,0,,,0.000000,0.000000
_5790_,generated_control,0,0,0,0,,,0.000000,0.000000
_5791_,generated_datapath,0,0,0,0,,,0.000000,0.000000
_5792_,unclassified,0,0,0,0,,,0.000000,0.000000
_5793_,generated_datapath,0,0,0,0,,,0.000000,0.000000
_5794_,generated_datapath,0,0,0,0,,,0.000000,0.000000
_5795_,generated_control,0,0,0,0,,,0.000000,0.000000
_5796_,unclassified,0,0,0,0,,,0.000000,0.000000
_5797_,generated_control,0,0,0,0,,,0.000000,0.000000
_5798_,generated_control,0,0,0,0,,,0.000000,0.000000
_5799_,unclassified,0,0,0,0,,,0.000000,0.000000
_5800_,generated_control,0,0,0,0,,,0.000000,0.000000
_5801_,generated_control,0,0,0,0,,,0.000000,0.000000
_5802_,generated_control,0,0,0,0,,,0.000000,0.000000
_5803_,generated_datapath,0,0,0,0,,,0.000000,0.000000
_5804_,generated_control,0,0,0,0,,,0.000000,0.000000
_5805_,unclassified,0,0,0,0,,,0.000000,0.000000
_5806_,generated_control,0,0,0,0,,,0.000000,0.000000
_5807_,generated_datapath,0,0,0,0,,,0.000000,0.000000
_5808_,generated_control,0,0,0,0,,,0.000000,0.000000
_5809_,generated_datapath,0,0,0,0,,,0.000000,0.000000
_5810_,generated_datapath,0,0,0,0,,,0.000000,0.000000
_5811_,generated_control,0,0,0,0,,,0.000000,0.000000
_5812_,generated_datapath,0,0,0,0,,,0.000000,0.000000
_5813_,generated_datapath,0,0,0,0,,,0.000000,0.000000
_5814_,generated_control,0,0,0,0,,,0.000000,0.000000
_5816_,generated_control,0,0,0,0,,,0.000000,0.000000
_5817_,generated_datapath,0,0,0,0,,,0.000000,0.000000
_5818_,generated_datapath,0,0,0,0,,,0.000000,0.000000
_5819_,generated_control,0,0,0,0,,,0.000000,0.000000
_5820_,unclassified,0,0,0,0,,,0.000000,0.000000
_5821_,generated_control,0,0,0,0,,,0.000000,0.000000
_5822_,execute_alu,0,0,0,0,,,0.000000,0.000000
_5823_,generated_control,0,0,0,0,,,0.000000,0.000000
_5824_,generated_datapath,0,0,0,0,,,0.000000,0.000000
_5825_,generated_datapath,0,0,0,0,,,0.000000,0.000000
_5826_,generated_control,0,0,0,0,,,0.000000,0.000000
_5827_,unclassified,0,0,0,0,,,0.000000,0.000000
_5828_,generated_control,0,0,0,0,,,0.000000,0.000000
_5829_,generated_datapath,0,0,0,0,,,0.000000,0.000000
_5830_,generated_control,0,0,0,0,,,0.000000,0.000000
_5831_,generated_datapath,0,0,0,0,,,0.000000,0.000000
_5832_,execute_alu,0,0,0,0,,,0.000000,0.000000
_5833_,generated_datapath,0,0,0,0,,,0.000000,0.000000
_5834_,generated_control,0,0,0,0,,,0.000000,0.000000
_5835_,generated_control,0,0,0,0,,,0.000000,0.000000
_5836_,execute_alu,0,0,0,0,,,0.000000,0.000000
_5837_,generated_datapath,0,0,0,0,,,0.000000,0.000000
_5838_,generated_control,0,0,0,0,,,0.000000,0.000000
_5840_,generated_control,0,0,0,0,,,0.000000,0.000000
_5841_,execute_alu,0,0,0,0,,,0.000000,0.000000
_5842_,generated_control,0,0,0,0,,,0.000000,0.000000
_5843_,execute_alu,0,0,0,0,,,0.000000,0.000000
_5844_,generated_datapath,0,0,0,0,,,0.000000,0.000000
_5845_,execute_alu,0,0,0,0,,,0.000000,0.000000
_5846_,generated_control,0,0,0,0,,,0.000000,0.000000
_5847_,generated_datapath,0,0,0,0,,,0.000000,0.000000
_5848_,generated_control,0,0,0,0,,,0.000000,0.000000
_5849_,generated_control,0,0,0,0,,,0.000000,0.000000
_5850_,generated_datapath,0,0,0,0,,,0.000000,0.000000
_5851_,generated_datapath,0,0,0,0,,,0.000000,0.000000
_5852_,generated_control,0,0,0,0,,,0.000000,0.000000
_5853_,generated_datapath,0,0,0,0,,,0.000000,0.000000
_5854_,generated_datapath,0,0,0,0,,,0.000000,0.000000
_5855_,generated_datapath,0,0,0,0,,,0.000000,0.000000
_5856_,generated_control,0,0,0,0,,,0.000000,0.000000
_5857_,generated_datapath,0,0,0,0,,,0.000000,0.000000
_5858_,generated_datapath,0,0,0,0,,,0.000000,0.000000
_5859_,generated_datapath,0,0,0,0,,,0.000000,0.000000
_5860_,generated_datapath,0,0,0,0,,,0.000000,0.000000
_5861_,generated_datapath,0,0,0,0,,,0.000000,0.000000
_5862_,generated_datapath,0,0,0,0,,,0.000000,0.000000
_5863_,generated_control,0,0,0,0,,,0.000000,0.000000
_5864_,unclassified,0,0,0,0,,,0.000000,0.000000
_5865_,unclassified,0,0,0,0,,,0.000000,0.000000
_5867_,generated_control,0,0,0,0,,,0.000000,0.000000
_5868_,generated_control,0,0,0,0,,,0.000000,0.000000
_5869_,generated_control,0,0,0,0,,,0.000000,0.000000
_5870_,generated_control,0,0,0,0,,,0.000000,0.000000
_5871_,generated_control,0,0,0,0,,,0.000000,0.000000
_5872_,generated_control,0,0,0,0,,,0.000000,0.000000
_5873_,generated_control,0,0,0,0,,,0.000000,0.000000
_5874_,generated_control,0,0,0,0,,,0.000000,0.000000
_5875_,generated_control,0,0,0,0,,,0.000000,0.000000
_5877_,generated_datapath,0,0,0,0,,,0.000000,0.000000
_5878_,generated_datapath,0,0,0,0,,,0.000000,0.000000
_5879_,generated_datapath,0,0,0,0,,,0.000000,0.000000
_5880_,generated_datapath,0,0,0,0,,,0.000000,0.000000
_5881_,generated_datapath,0,0,0,0,,,0.000000,0.000000
_5882_,generated_datapath,0,0,0,0,,,0.000000,0.000000
_5883_,generated_datapath,0,0,0,0,,,0.000000,0.000000
_5884_,generated_control,0,0,0,0,,,0.000000,0.000000
_5885_,generated_datapath,0,0,0,0,,,0.000000,0.000000
_5886_,generated_control,0,0,0,0,,,0.000000,0.000000
_5887_,generated_datapath,0,0,0,0,,,0.000000,0.000000
_5888_,generated_control,0,0,0,0,,,0.000000,0.000000
_5889_,generated_datapath,0,0,0,0,,,0.000000,0.000000
_5890_,generated_control,0,0,0,0,,,0.000000,0.000000
_5891_,generated_control,0,0,0,0,,,0.000000,0.000000
_5892_,unclassified,0,0,0,0,,,0.000000,0.000000
_5893_,generated_datapath,0,0,0,0,,,0.000000,0.000000
_5894_,generated_control,0,0,0,0,,,0.000000,0.000000
_5896_,generated_control,0,1,0,0,,0.576900,0.000000,0.000000
_5898_,generated_control,0,0,0,0,,,0.000000,0.000000
_5899_,generated_control,0,0,0,0,,,0.000000,0.000000
_5900_,generated_control,0,0,0,0,,,0.000000,0.000000
_5901_,generated_control,0,0,0,0,,,0.000000,0.000000
_5903_,generated_control,0,0,0,0,,,0.000000,0.000000
_5904_,generated_control,0,0,0,0,,,0.000000,0.000000
_5905_,generated_datapath,0,0,0,0,,,0.000000,0.000000
_5906_,generated_control,0,0,0,0,,,0.000000,0.000000
_5907_,generated_control,0,0,0,0,,,0.000000,0.000000
_5909_,generated_control,0,0,0,0,,,0.000000,0.000000
_5910_,generated_datapath,0,0,0,0,,,0.000000,0.000000
_5911_,generated_control,0,0,0,0,,,0.000000,0.000000
_5912_,generated_datapath,0,0,0,0,,,0.000000,0.000000
_5913_,generated_datapath,0,0,0,0,,,0.000000,0.000000
_5914_,generated_datapath,0,0,0,0,,,0.000000,0.000000
_5915_,generated_datapath,0,0,0,0,,,0.000000,0.000000
_5916_,generated_datapath,0,0,0,0,,,0.000000,0.000000
_5917_,generated_datapath,0,0,0,0,,,0.000000,0.000000
_5918_,generated_control,0,0,0,0,,,0.000000,0.000000
_5919_,generated_control,0,0,0,0,,,0.000000,0.000000
_5920_,generated_control,0,0,0,0,,,0.000000,0.000000
_5922_,generated_control,0,0,0,0,,,0.000000,0.000000
_5923_,generated_control,0,0,0,0,,,0.000000,0.000000
_5926_,execute_alu,0,0,0,0,,,0.000000,0.000000
_5927_,execute_alu,0,0,0,0,,,0.000000,0.000000
_5928_,execute_alu,64,0,0,0,-0.736300,,86.847225,0.885575
_5929_,execute_alu,64,0,0,0,-0.736300,,86.847225,0.885575
_5930_,generated_control,0,0,0,0,,,0.000000,0.000000
_5931_,generated_datapath,63,0,0,0,-0.736300,,85.919237,0.876112
_5932_,execute_alu,5,0,0,0,-0.386200,,5.121014,0.052219
_5933_,generated_control,5,0,0,0,-0.386200,,5.121014,0.052219
_5934_,generated_control,0,0,0,0,,,0.000000,0.000000
_5935_,execute_alu,58,0,0,0,-0.736300,,80.114826,0.816925
_5936_,generated_control,0,0,0,0,,,0.000000,0.000000
_5938_,execute_alu,0,0,0,0,,,0.000000,0.000000
_5939_,execute_alu,0,0,0,0,,,0.000000,0.000000
_5940_,generated_datapath,0,0,0,0,,,0.000000,0.000000
_5941_,execute_alu,0,0,0,0,,,0.000000,0.000000
_5944_,execute_alu,0,0,0,0,,,0.000000,0.000000
_5945_,generated_control,0,0,0,0,,,0.000000,0.000000
_5946_,generated_control,0,0,0,0,,,0.000000,0.000000
_5947_,execute_alu,0,0,0,0,,,0.000000,0.000000
_5948_,execute_alu,0,0,0,0,,,0.000000,0.000000
_5949_,generated_datapath,0,0,0,0,,,0.000000,0.000000
_5950_,generated_control,0,0,0,0,,,0.000000,0.000000
_5951_,generated_datapath,0,0,0,0,,,0.000000,0.000000
_5952_,generated_control,0,0,0,0,,,0.000000,0.000000
_5953_,execute_alu,0,0,0,0,,,0.000000,0.000000
_5954_,generated_datapath,57,0,0,0,-0.736300,,79.160810,0.807197
_5955_,execute_alu,0,0,0,0,,,0.000000,0.000000
_5956_,execute_alu,0,0,0,0,,,0.000000,0.000000
_5957_,generated_datapath,0,0,0,0,,,0.000000,0.000000
_5958_,generated_control,56,0,0,0,-0.736300,,77.972510,0.795080
_5960_,execute_alu,0,0,0,0,,,0.000000,0.000000
_5961_,execute_alu,0,0,0,0,,,0.000000,0.000000
_5962_,execute_alu,0,0,0,0,,,0.000000,0.000000
_5963_,generated_datapath,55,0,0,0,-0.736300,,77.149600,0.786689
_5964_,execute_alu,0,0,0,0,,,0.000000,0.000000
_5965_,execute_alu,0,0,0,0,,,0.000000,0.000000
_5966_,generated_control,0,0,0,0,,,0.000000,0.000000
_5967_,unclassified,54,0,0,0,-0.736300,,76.037500,0.775349
_5968_,execute_alu,0,0,0,0,,,0.000000,0.000000
_5969_,execute_alu,0,0,0,0,,,0.000000,0.000000
_5970_,generated_datapath,0,0,0,0,,,0.000000,0.000000
_5971_,execute_alu,0,0,0,0,,,0.000000,0.000000
_5972_,execute_alu,0,0,0,0,,,0.000000,0.000000
_5973_,unclassified,34,0,0,0,-0.736300,,48.206800,0.491561
_5974_,execute_alu,1,0,0,0,-0.463700,,1.463700,0.014925
_5975_,generated_datapath,0,0,0,0,,,0.000000,0.000000
_5978_,execute_alu,0,0,0,0,,,0.000000,0.000000
_5980_,generated_datapath,0,0,0,0,,,0.000000,0.000000
_5981_,generated_datapath,1,0,0,0,-0.463700,,1.463700,0.014925
_5983_,generated_control,0,0,0,0,,,0.000000,0.000000
_5986_,generated_control,0,0,0,0,,,0.000000,0.000000
_5989_,execute_alu,0,0,0,0,,,0.000000,0.000000
_5992_,generated_control,0,0,0,0,,,0.000000,0.000000
_5993_,generated_control,0,0,0,0,,,0.000000,0.000000
_5994_,generated_control,0,0,0,0,,,0.000000,0.000000
_5995_,generated_datapath,0,0,0,0,,,0.000000,0.000000
_5996_,generated_control,0,0,0,0,,,0.000000,0.000000
_5997_,generated_control,0,0,0,0,,,0.000000,0.000000
_5998_,generated_control,0,0,0,0,,,0.000000,0.000000
_5999_,generated_datapath,0,0,0,0,,,0.000000,0.000000
_6000_,generated_control,0,0,0,0,,,0.000000,0.000000
_6001_,generated_control,0,0,0,0,,,0.000000,0.000000
_6002_,generated_control,0,0,0,0,,,0.000000,0.000000
_6003_,generated_datapath,0,0,0,0,,,0.000000,0.000000
_6004_,generated_control,0,0,0,0,,,0.000000,0.000000
_6005_,generated_control,0,0,0,0,,,0.000000,0.000000
_6008_,generated_control,0,0,0,0,,,0.000000,0.000000
_6009_,generated_control,0,0,0,0,,,0.000000,0.000000
_6010_,generated_control,0,0,0,0,,,0.000000,0.000000
_6011_,generated_datapath,0,0,0,0,,,0.000000,0.000000
_6012_,generated_datapath,0,0,0,0,,,0.000000,0.000000
_6013_,generated_datapath,0,0,0,0,,,0.000000,0.000000
_6014_,generated_datapath,0,0,0,0,,,0.000000,0.000000
_6015_,generated_datapath,0,0,0,0,,,0.000000,0.000000
_6016_,generated_control,0,0,0,0,,,0.000000,0.000000
_6017_,generated_datapath,0,0,0,0,,,0.000000,0.000000
_6021_,generated_control,0,0,0,0,,,0.000000,0.000000
_6022_,generated_control,1,0,0,0,0.198800,,0.834168,0.008506
_6023_,generated_control,0,0,0,0,,,0.000000,0.000000
_6024_,generated_control,0,0,0,0,,,0.000000,0.000000
_6026_,generated_datapath,0,0,0,0,,,0.000000,0.000000
_6027_,generated_datapath,0,0,0,0,,,0.000000,0.000000
_6028_,generated_control,0,0,0,0,,,0.000000,0.000000
_6029_,generated_control,0,0,0,0,,,0.000000,0.000000
_6030_,generated_datapath,0,0,0,0,,,0.000000,0.000000
_6031_,generated_control,1,0,0,0,0.198800,,0.834168,0.008506
_6034_,generated_control,0,0,0,0,,,0.000000,0.000000
_6035_,generated_control,0,0,0,0,,,0.000000,0.000000
_6036_,generated_datapath,0,0,0,0,,,0.000000,0.000000
_6037_,generated_datapath,0,0,0,0,,,0.000000,0.000000
_6038_,generated_control,76,0,0,0,-0.736300,,98.068787,1.000000
_6039_,unclassified,76,0,0,0,-0.736300,,98.068787,1.000000
_6042_,generated_control,0,0,0,0,,,0.000000,0.000000
_6043_,execute_alu,0,0,0,0,,,0.000000,0.000000
_6045_,generated_control,0,0,0,0,,,0.000000,0.000000
_6047_,generated_control,0,0,0,0,,,0.000000,0.000000
_6049_,generated_control,0,0,0,0,,,0.000000,0.000000
_6050_,generated_control,0,0,0,0,,,0.000000,0.000000
_6052_,generated_control,0,0,0,0,,,0.000000,0.000000
_6053_,generated_datapath,0,0,0,0,,,0.000000,0.000000
_6054_,generated_datapath,0,0,0,0,,,0.000000,0.000000
_6055_,generated_control,0,0,0,0,,,0.000000,0.000000
_6056_,generated_datapath,0,0,0,0,,,0.000000,0.000000
_6058_,generated_control,0,0,0,0,,,0.000000,0.000000
_6059_,generated_control,0,0,0,0,,,0.000000,0.000000
_6060_,generated_datapath,0,0,0,0,,,0.000000,0.000000
_6064_,generated_control,0,0,0,0,,,0.000000,0.000000
_6066_,generated_control,0,0,0,0,,,0.000000,0.000000
_6067_,generated_control,0,0,0,0,,,0.000000,0.000000
_6068_,generated_control,0,0,0,0,,,0.000000,0.000000
_6069_,generated_control,0,0,0,0,,,0.000000,0.000000
_6071_,generated_control,0,0,0,0,,,0.000000,0.000000
_6073_,generated_control,0,0,0,0,,,0.000000,0.000000
_6076_,generated_control,1,0,0,0,0.096200,,0.912242,0.009302
_6077_,generated_datapath,0,0,0,0,,,0.000000,0.000000
_6078_,generated_control,0,0,0,0,,,0.000000,0.000000
_6082_,generated_control,0,0,0,0,,,0.000000,0.000000
_6083_,generated_control,0,0,0,0,,,0.000000,0.000000
_6084_,generated_datapath,0,0,0,0,,,0.000000,0.000000
_6088_,generated_datapath,0,0,0,0,,,0.000000,0.000000
_6089_,generated_datapath,0,0,0,0,,,0.000000,0.000000
_6091_,generated_control,0,0,0,0,,,0.000000,0.000000
_6092_,generated_datapath,0,0,0,0,,,0.000000,0.000000
_6095_,generated_datapath,0,0,0,0,,,0.000000,0.000000
_6096_,generated_datapath,0,0,0,0,,,0.000000,0.000000
_6099_,generated_control,0,1,0,0,,2.839600,0.000000,0.000000
_6100_,generated_control,1,0,0,0,0.198800,,0.834168,0.008506
_6101_,generated_datapath,0,0,0,0,,,0.000000,0.000000
_6102_,generated_datapath,0,0,0,0,,,0.000000,0.000000
_6103_,generated_control,0,0,0,0,,,0.000000,0.000000
_6104_,generated_control,0,0,0,0,,,0.000000,0.000000
_6105_,generated_control,0,0,0,0,,,0.000000,0.000000
_6106_,generated_control,0,0,0,0,,,0.000000,0.000000
_6107_,generated_control,0,0,0,0,,,0.000000,0.000000
_6108_,generated_control,0,0,0,0,,,0.000000,0.000000
_6109_,generated_control,0,0,0,0,,,0.000000,0.000000
_6110_,generated_control,0,0,0,0,,,0.000000,0.000000
_6111_,generated_control,0,0,0,0,,,0.000000,0.000000
_6112_,generated_control,0,0,0,0,,,0.000000,0.000000
_6114_,generated_control,0,0,0,0,,,0.000000,0.000000
_6115_,generated_control,0,0,0,0,,,0.000000,0.000000
_6116_,generated_control,0,0,0,0,,,0.000000,0.000000
_6120_,generated_control,0,0,0,0,,,0.000000,0.000000
_6122_,generated_datapath,1,0,0,0,0.096200,,0.912242,0.009302
_6124_,generated_control,0,0,0,0,,,0.000000,0.000000
_6126_,clock_reset,0,0,0,0,,,0.000000,0.000000
_6127_,generated_control,0,0,0,0,,,0.000000,0.000000
_6129_,generated_control,0,0,0,0,,,0.000000,0.000000
_6130_,generated_datapath,0,0,0,0,,,0.000000,0.000000
_6131_,unclassified,0,0,0,0,,,0.000000,0.000000
_6132_,generated_datapath,0,0,0,0,,,0.000000,0.000000
_6133_,generated_datapath,0,0,0,0,,,0.000000,0.000000
_6134_,unclassified,0,0,0,0,,,0.000000,0.000000
_6135_,generated_datapath,1,0,0,0,-0.463700,,1.463700,0.014925
_6136_,generated_control,0,0,0,0,,,0.000000,0.000000
_6137_,generated_control,0,0,0,0,,,0.000000,0.000000
_6139_,generated_control,0,0,0,0,,,0.000000,0.000000
_6142_,generated_datapath,0,0,0,0,,,0.000000,0.000000
_6143_,generated_control,0,0,0,0,,,0.000000,0.000000
_6144_,generated_control,0,0,0,0,,,0.000000,0.000000
_6145_,generated_control,0,0,0,0,,,0.000000,0.000000
_6146_,generated_datapath,0,0,0,0,,,0.000000,0.000000
_6147_,generated_control,5,0,0,0,-0.386200,,5.121014,0.052219
_6148_,generated_control,5,0,0,0,-0.386200,,5.121014,0.052219
_6149_,generated_control,0,0,0,0,,,0.000000,0.000000
_6150_,execute_alu,7,0,0,0,-0.244800,,6.852835,0.069878
_6151_,generated_datapath,7,0,0,0,-0.244800,,6.852835,0.069878
_6152_,generated_datapath,7,0,0,0,-0.244800,,6.852835,0.069878
_6153_,generated_control,0,0,0,0,,,0.000000,0.000000
_6154_,generated_datapath,5,0,0,0,-0.244800,,4.916863,0.050137
_6155_,generated_datapath,0,0,0,0,,,0.000000,0.000000
_6156_,generated_control,0,0,0,0,,,0.000000,0.000000
_6157_,generated_control,10,0,0,0,-0.386200,,10.037877,0.102355
_6158_,generated_datapath,0,0,0,0,,,0.000000,0.000000
_6159_,generated_datapath,0,0,0,0,,,0.000000,0.000000
_6160_,generated_datapath,0,0,0,0,,,0.000000,0.000000
_6161_,unclassified,9,0,0,0,-0.386200,,9.108596,0.092880
_6162_,generated_control,0,0,0,0,,,0.000000,0.000000
_6163_,generated_datapath,0,0,0,0,,,0.000000,0.000000
_6164_,generated_control,0,0,0,0,,,0.000000,0.000000
_6165_,unclassified,8,0,0,0,-0.386200,,8.315889,0.084796
_6166_,generated_control,0,0,0,0,,,0.000000,0.000000
_6167_,generated_control,0,0,0,0,,,0.000000,0.000000
_6168_,generated_control,0,0,0,0,,,0.000000,0.000000
_6169_,generated_control,0,0,0,0,,,0.000000,0.000000
_6170_,generated_datapath,5,0,0,0,-0.386200,,5.573107,0.056829
_6171_,generated_control,0,0,0,0,,,0.000000,0.000000
_6172_,generated_control,0,0,0,0,,,0.000000,0.000000
_6173_,generated_control,0,0,0,0,,,0.000000,0.000000
_6174_,generated_control,0,0,0,0,,,0.000000,0.000000
_6175_,generated_control,3,0,0,0,-0.386200,,3.686200,0.037588
_6176_,execute_alu,0,0,0,0,,,0.000000,0.000000
_6177_,generated_datapath,0,0,0,0,,,0.000000,0.000000
_6178_,generated_control,0,0,0,0,,,0.000000,0.000000
_6179_,generated_control,0,0,0,0,,,0.000000,0.000000
_6180_,unclassified,2,0,0,0,-0.386200,,2.631000,0.026828
_6181_,unclassified,1,0,0,0,-0.244800,,1.244800,0.012693
_6182_,execute_alu,1,0,0,0,-0.244800,,1.244800,0.012693
_6183_,execute_alu,0,0,0,0,,,0.000000,0.000000
_6184_,generated_datapath,0,0,0,0,,,0.000000,0.000000
_6185_,generated_datapath,1,0,0,0,-0.244800,,1.244800,0.012693
_6186_,generated_control,0,0,0,0,,,0.000000,0.000000
_6187_,generated_control,0,0,0,0,,,0.000000,0.000000
_6188_,generated_control,0,0,0,0,,,0.000000,0.000000
_6189_,generated_control,0,0,0,0,,,0.000000,0.000000
_6191_,generated_control,0,0,0,0,,,0.000000,0.000000
_6193_,generated_control,0,0,0,0,,,0.000000,0.000000
_6194_,generated_control,0,0,0,0,,,0.000000,0.000000
_6195_,generated_control,0,0,0,0,,,0.000000,0.000000
_6196_,generated_control,0,0,0,0,,,0.000000,0.000000
_6197_,generated_datapath,0,0,0,0,,,0.000000,0.000000
_6201_,generated_datapath,0,0,0,0,,,0.000000,0.000000
_6203_,execute_alu,0,0,0,0,,,0.000000,0.000000
_6204_,generated_control,1,0,0,0,0.228900,,0.813736,0.008298
_6205_,generated_control,0,0,0,0,,,0.000000,0.000000
_6206_,generated_datapath,0,0,0,0,,,0.000000,0.000000
_6208_,generated_datapath,0,0,0,0,,,0.000000,0.000000
_6209_,generated_datapath,0,0,0,0,,,0.000000,0.000000
_6210_,generated_control,0,0,0,0,,,0.000000,0.000000
_6211_,generated_control,0,0,0,0,,,0.000000,0.000000
_6212_,generated_datapath,0,0,0,0,,,0.000000,0.000000
_6213_,generated_datapath,0,0,0,0,,,0.000000,0.000000
_6214_,generated_datapath,0,0,0,0,,,0.000000,0.000000
_6215_,generated_datapath,0,0,0,0,,,0.000000,0.000000
_6216_,generated_control,0,0,0,0,,,0.000000,0.000000
_6217_,generated_control,0,0,0,0,,,0.000000,0.000000
_6218_,generated_control,0,0,0,0,,,0.000000,0.000000
_6219_,generated_control,0,0,0,0,,,0.000000,0.000000
_6220_,generated_control,0,0,0,0,,,0.000000,0.000000
_6221_,generated_control,0,0,0,0,,,0.000000,0.000000
_6222_,generated_control,0,0,0,0,,,0.000000,0.000000
_6223_,generated_datapath,0,0,0,0,,,0.000000,0.000000
_6228_,execute_alu,0,0,0,0,,,0.000000,0.000000
_6229_,generated_datapath,0,0,0,0,,,0.000000,0.000000
_6230_,generated_control,0,0,0,0,,,0.000000,0.000000
_6231_,generated_datapath,0,0,0,0,,,0.000000,0.000000
_6232_,generated_control,0,0,0,0,,,0.000000,0.000000
_6233_,generated_datapath,0,0,0,0,,,0.000000,0.000000
_6234_,generated_datapath,0,0,0,0,,,0.000000,0.000000
_6235_,generated_datapath,0,0,0,0,,,0.000000,0.000000
_6236_,generated_control,0,0,0,0,,,0.000000,0.000000
_6237_,generated_datapath,0,0,0,0,,,0.000000,0.000000
_6238_,unclassified,0,0,0,0,,,0.000000,0.000000
_6239_,generated_control,0,0,0,0,,,0.000000,0.000000
_6240_,generated_control,0,0,0,0,,,0.000000,0.000000
_6241_,generated_datapath,0,0,0,0,,,0.000000,0.000000
_6242_,execute_alu,0,1,0,0,,2.769800,0.000000,0.000000
_6243_,unclassified,1,1,0,0,-0.244800,2.769800,1.244800,0.012693
_6245_,execute_alu,0,0,0,0,,,0.000000,0.000000
_6247_,generated_datapath,0,0,0,0,,,0.000000,0.000000
_6248_,generated_control,0,0,0,0,,,0.000000,0.000000
_6249_,generated_control,0,0,0,0,,,0.000000,0.000000
_6250_,generated_datapath,20,0,0,0,-0.682000,,27.830700,0.283788
_6251_,generated_datapath,19,0,0,0,-0.682000,,26.275500,0.267929
_6252_,generated_datapath,19,0,0,0,-0.682000,,26.275500,0.267929
_6253_,generated_datapath,19,0,0,0,-0.682000,,26.275500,0.267929
_6254_,generated_control,0,0,0,0,,,0.000000,0.000000
_6255_,generated_datapath,19,0,0,0,-0.682000,,26.275500,0.267929
_6260_,generated_control,0,0,0,0,,,0.000000,0.000000
_6261_,generated_control,0,0,0,0,,,0.000000,0.000000
_6262_,generated_control,0,0,0,0,,,0.000000,0.000000
_6263_,generated_control,0,0,0,0,,,0.000000,0.000000
_6264_,generated_control,0,0,0,0,,,0.000000,0.000000
_6265_,unclassified,0,0,0,0,,,0.000000,0.000000
_6266_,generated_datapath,0,0,0,0,,,0.000000,0.000000
_6267_,generated_control,0,0,0,0,,,0.000000,0.000000
_6268_,generated_control,0,0,0,0,,,0.000000,0.000000
_6269_,generated_control,0,0,0,0,,,0.000000,0.000000
_6270_,generated_control,0,0,0,0,,,0.000000,0.000000
_6271_,generated_control,0,0,0,0,,,0.000000,0.000000
_6272_,generated_control,0,0,0,0,,,0.000000,0.000000
_6273_,generated_datapath,0,0,0,0,,,0.000000,0.000000
_6274_,generated_control,0,0,0,0,,,0.000000,0.000000
_6275_,generated_control,0,0,0,0,,,0.000000,0.000000
_6276_,generated_control,0,0,0,0,,,0.000000,0.000000
_6277_,generated_control,0,0,0,0,,,0.000000,0.000000
_6278_,generated_control,0,0,0,0,,,0.000000,0.000000
_6279_,generated_datapath,0,0,0,0,,,0.000000,0.000000
_6280_,generated_control,0,0,0,0,,,0.000000,0.000000
_6281_,generated_datapath,0,0,0,0,,,0.000000,0.000000
_6282_,generated_control,0,0,0,0,,,0.000000,0.000000
_6283_,generated_control,0,0,0,0,,,0.000000,0.000000
_6284_,generated_control,0,0,0,0,,,0.000000,0.000000
_6285_,generated_control,0,0,0,0,,,0.000000,0.000000
_6286_,generated_control,0,0,0,0,,,0.000000,0.000000
_6287_,clock_reset,0,0,0,0,,,0.000000,0.000000
_6288_,generated_control,0,0,0,0,,,0.000000,0.000000
_6289_,generated_control,0,0,0,0,,,0.000000,0.000000
_6290_,generated_control,0,0,0,0,,,0.000000,0.000000
_6291_,generated_control,0,0,0,0,,,0.000000,0.000000
_6292_,generated_control,0,0,0,0,,,0.000000,0.000000
_6293_,generated_control,0,0,0,0,,,0.000000,0.000000
_6294_,generated_control,0,0,0,0,,,0.000000,0.000000
_6295_,generated_control,0,0,0,0,,,0.000000,0.000000
_6296_,generated_control,0,0,0,0,,,0.000000,0.000000
_6297_,generated_datapath,0,0,0,0,,,0.000000,0.000000
_6298_,generated_control,1,0,0,0,-0.682000,,1.682000,0.017151
_6300_,generated_control,1,0,0,0,0.198800,,0.834168,0.008506
_6301_,generated_control,0,0,0,0,,,0.000000,0.000000
_6302_,generated_control,1,0,0,0,0.198800,,0.834168,0.008506
_6303_,generated_control,0,0,0,0,,,0.000000,0.000000
_6304_,generated_control,0,0,0,0,,,0.000000,0.000000
_6305_,generated_datapath,1,0,0,0,0.198800,,0.834168,0.008506
_6306_,generated_control,0,0,0,0,,,0.000000,0.000000
_6307_,generated_control,0,0,0,0,,,0.000000,0.000000
_6308_,generated_control,0,0,0,0,,,0.000000,0.000000
_6309_,generated_control,0,0,0,0,,,0.000000,0.000000
_6310_,generated_control,0,0,0,0,,,0.000000,0.000000
_6311_,generated_control,0,0,0,0,,,0.000000,0.000000
_6312_,generated_control,0,0,0,0,,,0.000000,0.000000
_6313_,generated_control,0,0,0,0,,,0.000000,0.000000
_6314_,generated_datapath,0,0,0,0,,,0.000000,0.000000
_6315_,generated_control,0,0,0,0,,,0.000000,0.000000
_6316_,generated_datapath,0,0,0,0,,,0.000000,0.000000
_6317_,generated_control,0,0,0,0,,,0.000000,0.000000
_6318_,generated_datapath,1,0,0,0,0.228900,,0.813736,0.008298
_6319_,generated_datapath,1,0,0,0,0.228900,,0.813736,0.008298
_6320_,generated_control,0,0,0,0,,,0.000000,0.000000
_6321_,generated_datapath,0,0,0,0,,,0.000000,0.000000
_6322_,generated_datapath,0,0,0,0,,,0.000000,0.000000
_6323_,generated_datapath,0,0,0,0,,,0.000000,0.000000
_6324_,generated_control,0,0,0,0,,,0.000000,0.000000
_6326_,generated_datapath,1,0,0,0,-0.386200,,1.386200,0.014135
_6328_,generated_control,0,0,0,0,,,0.000000,0.000000
_6330_,generated_datapath,0,0,0,0,,,0.000000,0.000000
_6331_,generated_datapath,1,0,0,0,-0.386200,,1.386200,0.014135
_6332_,unclassified,1,0,0,0,-0.386200,,1.386200,0.014135
_6333_,generated_control,0,0,0,0,,,0.000000,0.000000
_6334_,generated_datapath,0,0,0,0,,,0.000000,0.000000
_6335_,generated_control,0,0,0,0,,,0.000000,0.000000
_6336_,generated_control,0,0,0,0,,,0.000000,0.000000
_6337_,generated_control,0,0,0,0,,,0.000000,0.000000
_6338_,generated_control,0,0,0,0,,,0.000000,0.000000
_6339_,generated_datapath,0,0,0,0,,,0.000000,0.000000
_6340_,generated_datapath,1,0,0,0,0.096200,,0.912242,0.009302
_6341_,generated_control,1,0,0,0,0.096200,,0.912242,0.009302
_6342_,generated_control,0,0,0,0,,,0.000000,0.000000
_6343_,generated_control,0,0,0,0,,,0.000000,0.000000
_6344_,generated_datapath,0,0,0,0,,,0.000000,0.000000
_6345_,generated_datapath,0,0,0,0,,,0.000000,0.000000
_6346_,generated_datapath,0,0,0,0,,,0.000000,0.000000
_6347_,generated_datapath,0,1,0,0,,2.779800,0.000000,0.000000
_6348_,generated_datapath,1,0,0,0,-0.555200,,1.555200,0.015858
_6349_,generated_control,0,0,0,0,,,0.000000,0.000000
_6350_,generated_datapath,0,0,0,0,,,0.000000,0.000000
_6351_,generated_datapath,1,0,0,0,-0.555200,,1.555200,0.015858
_6353_,unclassified,1,1,0,0,-0.555200,2.779800,1.555200,0.015858
_6354_,generated_control,2,0,0,0,0.005100,,1.886907,0.019241
_6355_,generated_control,0,0,0,0,,,0.000000,0.000000
_6356_,generated_datapath,0,0,0,0,,,0.000000,0.000000
_6357_,generated_datapath,1,0,0,0,0.005100,,0.994926,0.010145
_6358_,generated_datapath,1,0,0,0,0.005100,,0.994926,0.010145
_6359_,generated_control,0,0,0,0,,,0.000000,0.000000
_6360_,generated_datapath,0,0,0,0,,,0.000000,0.000000
_6361_,generated_datapath,1,0,0,0,0.005100,,0.994926,0.010145
_6363_,generated_control,0,0,0,0,,,0.000000,0.000000
_6364_,generated_control,0,0,0,0,,,0.000000,0.000000
_6365_,generated_control,0,0,0,0,,,0.000000,0.000000
_6366_,generated_datapath,0,0,0,0,,,0.000000,0.000000
_6367_,generated_datapath,0,0,0,0,,,0.000000,0.000000
_6369_,generated_control,0,0,0,0,,,0.000000,0.000000
_6370_,generated_control,0,0,0,0,,,0.000000,0.000000
_6371_,generated_control,0,0,0,0,,,0.000000,0.000000
_6372_,generated_control,0,0,0,0,,,0.000000,0.000000
_6373_,generated_control,0,0,0,0,,,0.000000,0.000000
_6374_,generated_datapath,0,0,0,0,,,0.000000,0.000000
_6375_,generated_control,0,0,0,0,,,0.000000,0.000000
_6376_,generated_control,0,0,0,0,,,0.000000,0.000000
_6377_,generated_control,0,0,0,0,,,0.000000,0.000000
_6378_,generated_datapath,0,0,0,0,,,0.000000,0.000000
_6379_,generated_control,0,0,0,0,,,0.000000,0.000000
_6380_,generated_datapath,0,0,0,0,,,0.000000,0.000000
_6381_,generated_control,0,0,0,0,,,0.000000,0.000000
_6382_,generated_datapath,0,0,0,0,,,0.000000,0.000000
_6383_,generated_datapath,0,0,0,0,,,0.000000,0.000000
_6384_,generated_datapath,0,0,0,0,,,0.000000,0.000000
_6385_,generated_datapath,1,0,0,0,0.005100,,0.994926,0.010145
_6386_,generated_control,0,0,0,0,,,0.000000,0.000000
_6387_,generated_control,0,0,0,0,,,0.000000,0.000000
_6388_,generated_control,0,0,0,0,,,0.000000,0.000000
_6389_,generated_control,0,0,0,0,,,0.000000,0.000000
_6390_,generated_control,0,0,0,0,,,0.000000,0.000000
_6391_,generated_datapath,0,0,0,0,,,0.000000,0.000000
_6392_,generated_control,0,0,0,0,,,0.000000,0.000000
_6393_,generated_control,0,0,0,0,,,0.000000,0.000000
_6394_,generated_control,0,0,0,0,,,0.000000,0.000000
_6395_,generated_control,0,0,0,0,,,0.000000,0.000000
_6396_,generated_datapath,0,0,0,0,,,0.000000,0.000000
_6397_,generated_datapath,0,0,0,0,,,0.000000,0.000000
_6398_,generated_control,0,0,0,0,,,0.000000,0.000000
_6399_,generated_control,0,0,0,0,,,0.000000,0.000000
_6400_,generated_control,0,0,0,0,,,0.000000,0.000000
_6401_,generated_control,0,0,0,0,,,0.000000,0.000000
_6402_,generated_datapath,0,0,0,0,,,0.000000,0.000000
_6403_,generated_control,0,0,0,0,,,0.000000,0.000000
_6404_,generated_datapath,0,0,0,0,,,0.000000,0.000000
_6405_,generated_datapath,0,0,0,0,,,0.000000,0.000000
_6406_,generated_datapath,1,0,0,0,-0.112100,,1.112100,0.011340
_6407_,generated_control,1,0,0,0,-0.112100,,1.112100,0.011340
_6408_,generated_datapath,1,0,0,0,-0.112100,,1.112100,0.011340
_6409_,generated_control,0,0,0,0,,,0.000000,0.000000
_6410_,generated_datapath,0,0,0,0,,,0.000000,0.000000
_6411_,generated_datapath,1,0,0,0,-0.112100,,1.112100,0.011340
_6412_,unclassified,1,0,0,0,-0.112100,,1.112100,0.011340
_6413_,generated_control,0,0,0,0,,,0.000000,0.000000
_6414_,generated_control,0,0,0,0,,,0.000000,0.000000
_6415_,generated_control,0,0,0,0,,,0.000000,0.000000
_6416_,generated_datapath,0,1,0,0,,2.770900,0.000000,0.000000
_6417_,generated_control,0,0,0,0,,,0.000000,0.000000
_6418_,generated_control,0,0,0,0,,,0.000000,0.000000
_6419_,generated_control,0,0,0,0,,,0.000000,0.000000
_6420_,generated_control,0,0,0,0,,,0.000000,0.000000
_6421_,generated_control,0,0,0,0,,,0.000000,0.000000
_6422_,unclassified,0,0,0,0,,,0.000000,0.000000
_6423_,generated_control,0,0,0,0,,,0.000000,0.000000
_6424_,generated_datapath,0,0,0,0,,,0.000000,0.000000
_6425_,generated_control,0,0,0,0,,,0.000000,0.000000
_6426_,generated_control,0,0,0,0,,,0.000000,0.000000
_6427_,generated_control,0,0,0,0,,,0.000000,0.000000
_6428_,generated_control,0,0,0,0,,,0.000000,0.000000
_6429_,generated_control,0,0,0,0,,,0.000000,0.000000
_6430_,generated_datapath,0,0,0,0,,,0.000000,0.000000
_6431_,generated_datapath,0,0,0,0,,,0.000000,0.000000
_6432_,generated_datapath,1,0,0,0,0.121100,,0.891981,0.009095
_6433_,generated_control,0,0,0,0,,,0.000000,0.000000
_6434_,generated_datapath,0,0,0,0,,,0.000000,0.000000
_6435_,generated_datapath,1,0,0,0,0.121100,,0.891981,0.009095
_6436_,generated_control,1,0,0,0,0.121100,,0.891981,0.009095
_6437_,generated_datapath,1,1,0,0,0.121100,2.770900,0.891981,0.009095
_6438_,generated_control,0,0,0,0,,,0.000000,0.000000
_6439_,generated_control,0,0,0,0,,,0.000000,0.000000
_6440_,generated_datapath,0,0,0,0,,,0.000000,0.000000
_6441_,generated_control,0,0,0,0,,,0.000000,0.000000
_6442_,generated_control,0,0,0,0,,,0.000000,0.000000
_6443_,generated_control,0,0,0,0,,,0.000000,0.000000
_6444_,generated_datapath,0,0,0,0,,,0.000000,0.000000
_6445_,generated_datapath,0,0,0,0,,,0.000000,0.000000
_6446_,generated_datapath,0,0,0,0,,,0.000000,0.000000
_6447_,generated_datapath,0,0,0,0,,,0.000000,0.000000
_6448_,generated_control,0,0,0,0,,,0.000000,0.000000
_6449_,generated_datapath,0,0,0,0,,,0.000000,0.000000
_6450_,generated_control,0,0,0,0,,,0.000000,0.000000
_6451_,generated_datapath,0,0,0,0,,,0.000000,0.000000
_6452_,generated_datapath,0,0,0,0,,,0.000000,0.000000
_6453_,unclassified,1,0,0,0,-0.188300,,1.188300,0.012117
_6454_,generated_datapath,1,1,0,0,-0.188300,2.777100,1.188300,0.012117
_6455_,generated_control,0,0,0,0,,,0.000000,0.000000
_6456_,generated_control,0,0,0,0,,,0.000000,0.000000
_6457_,generated_datapath,0,0,0,0,,,0.000000,0.000000
_6458_,generated_datapath,1,1,0,0,-0.188300,2.777100,1.188300,0.012117
_6459_,generated_datapath,1,1,0,0,-0.188300,2.777100,1.188300,0.012117
_6460_,generated_control,0,0,0,0,,,0.000000,0.000000
_6461_,generated_datapath,0,0,0,0,,,0.000000,0.000000
_6462_,generated_control,0,0,0,0,,,0.000000,0.000000
_6463_,generated_control,0,0,0,0,,,0.000000,0.000000
_6464_,generated_control,0,0,0,0,,,0.000000,0.000000
_6465_,generated_datapath,0,0,0,0,,,0.000000,0.000000
_6466_,generated_control,0,0,0,0,,,0.000000,0.000000
_6467_,unclassified,0,0,0,0,,,0.000000,0.000000
_6468_,generated_control,0,0,0,0,,,0.000000,0.000000
_6469_,generated_control,0,0,0,0,,,0.000000,0.000000
_6470_,generated_datapath,0,0,0,0,,,0.000000,0.000000
_6471_,generated_datapath,1,0,0,0,0.171800,,0.853388,0.008702
_6472_,generated_control,1,0,0,0,0.171800,,0.853388,0.008702
_6473_,generated_datapath,1,0,0,0,0.171800,,0.853388,0.008702
_6474_,generated_control,0,0,0,0,,,0.000000,0.000000
_6475_,generated_datapath,0,1,0,0,,2.765900,0.000000,0.000000
_6476_,generated_datapath,1,1,0,0,0.171800,2.765900,0.853388,0.008702
_6477_,unclassified,1,1,0,0,0.171800,2.765900,0.853388,0.008702
_6478_,generated_control,0,0,0,0,,,0.000000,0.000000
_6479_,generated_control,0,0,0,0,,,0.000000,0.000000
_6480_,generated_control,0,0,0,0,,,0.000000,0.000000
_6481_,generated_control,0,0,0,0,,,0.000000,0.000000
_6482_,generated_control,0,0,0,0,,,0.000000,0.000000
_6483_,generated_datapath,0,0,0,0,,,0.000000,0.000000
_6484_,generated_datapath,0,0,0,0,,,0.000000,0.000000
_6485_,generated_control,0,0,0,0,,,0.000000,0.000000
_6486_,generated_datapath,0,0,0,0,,,0.000000,0.000000
_6487_,generated_control,0,0,0,0,,,0.000000,0.000000
_6488_,generated_control,0,0,0,0,,,0.000000,0.000000
_6489_,generated_datapath,0,0,0,0,,,0.000000,0.000000
_6490_,generated_datapath,1,0,0,0,0.215200,,0.822910,0.008391
_6491_,generated_control,0,0,0,0,,,0.000000,0.000000
_6492_,generated_datapath,0,0,0,0,,,0.000000,0.000000
_6493_,generated_datapath,1,0,0,0,0.215200,,0.822910,0.008391
_6494_,generated_datapath,1,0,0,0,0.215200,,0.822910,0.008391
_6495_,generated_control,0,0,0,0,,,0.000000,0.000000
_6496_,generated_datapath,1,0,0,0,0.123100,,0.890393,0.009079
_6497_,generated_datapath,1,0,0,0,0.123100,,0.890393,0.009079
_6498_,generated_datapath,1,0,0,0,0.123100,,0.890393,0.009079
_6499_,generated_control,0,0,0,0,,,0.000000,0.000000
_6500_,generated_datapath,0,0,0,0,,,0.000000,0.000000
_6501_,generated_datapath,1,0,0,0,0.123100,,0.890393,0.009079
_6502_,execute_alu,0,1,0,0,,2.706200,0.000000,0.000000
_6503_,generated_control,0,0,0,0,,,0.000000,0.000000
_6504_,generated_datapath,0,1,0,0,,2.706200,0.000000,0.000000
_6505_,generated_control,0,0,0,0,,,0.000000,0.000000
_6506_,generated_datapath,0,0,0,0,,,0.000000,0.000000
_6507_,generated_control,0,0,0,0,,,0.000000,0.000000
_6508_,generated_control,0,0,0,0,,,0.000000,0.000000
_6509_,generated_control,0,0,0,0,,,0.000000,0.000000
_6510_,generated_datapath,0,0,0,0,,,0.000000,0.000000
_6511_,generated_control,0,0,0,0,,,0.000000,0.000000
_6512_,generated_datapath,1,0,0,0,0.228900,,0.813736,0.008298
_6513_,generated_datapath,0,0,0,0,,,0.000000,0.000000
_6514_,generated_control,0,0,0,0,,,0.000000,0.000000
_6515_,generated_control,0,0,0,0,,,0.000000,0.000000
_6516_,generated_control,0,0,0,0,,,0.000000,0.000000
_6517_,generated_control,0,0,0,0,,,0.000000,0.000000
_6518_,generated_control,0,0,0,0,,,0.000000,0.000000
_6519_,unclassified,1,0,0,0,0.228900,,0.813736,0.008298
_6520_,generated_control,0,0,0,0,,,0.000000,0.000000
_6521_,generated_datapath,1,1,0,0,0.123100,2.706200,0.890393,0.009079
_6522_,generated_control,0,0,0,0,,,0.000000,0.000000
_6523_,unclassified,0,0,0,0,,,0.000000,0.000000
_6524_,generated_control,0,0,0,0,,,0.000000,0.000000
_6525_,generated_datapath,0,0,0,0,,,0.000000,0.000000
_6526_,generated_control,0,0,0,0,,,0.000000,0.000000
_6527_,generated_datapath,0,0,0,0,,,0.000000,0.000000
_6528_,generated_control,0,0,0,0,,,0.000000,0.000000
_6529_,generated_control,0,0,0,0,,,0.000000,0.000000
_6530_,generated_control,1,0,0,0,0.096200,,0.912242,0.009302
_6531_,generated_control,1,0,0,0,0.096200,,0.912242,0.009302
_6532_,generated_control,0,0,0,0,,,0.000000,0.000000
_6533_,generated_control,0,0,0,0,,,0.000000,0.000000
_6534_,generated_datapath,0,0,0,0,,,0.000000,0.000000
_6535_,generated_datapath,1,0,0,0,0.048200,,0.954016,0.009728
_6536_,generated_datapath,1,0,0,0,0.048200,,0.954016,0.009728
_6537_,generated_datapath,1,0,0,0,0.048200,,0.954016,0.009728
_6539_,generated_control,0,0,0,0,,,0.000000,0.000000
_6540_,generated_datapath,0,0,0,0,,,0.000000,0.000000
_6541_,generated_datapath,1,0,0,0,0.048200,,0.954016,0.009728
_6542_,unclassified,1,0,0,0,0.048200,,0.954016,0.009728
_6543_,generated_datapath,1,0,0,0,0.001000,,0.999001,0.010187
_6544_,generated_control,0,0,0,0,,,0.000000,0.000000
_6545_,generated_datapath,0,0,0,0,,,0.000000,0.000000
_6546_,generated_datapath,1,0,0,0,0.001000,,0.999001,0.010187
_6547_,generated_control,0,0,0,0,,,0.000000,0.000000
_6548_,generated_datapath,0,0,0,0,,,0.000000,0.000000
_6549_,generated_control,0,0,0,0,,,0.000000,0.000000
_6550_,generated_datapath,1,0,0,0,0.044300,,0.957579,0.009764
_6551_,generated_datapath,2,0,0,0,0.044300,,1.804104,0.018396
_6552_,generated_control,2,0,0,0,0.044300,,1.804104,0.018396
_6553_,generated_control,1,0,0,0,0.044300,,0.957579,0.009764
_6554_,generated_control,0,0,0,0,,,0.000000,0.000000
_6555_,generated_control,0,0,0,0,,,0.000000,0.000000
_6556_,generated_datapath,1,0,0,0,0.044300,,0.957579,0.009764
_6557_,generated_datapath,1,0,0,0,0.044300,,0.957579,0.009764
_6558_,generated_control,0,0,0,0,,,0.000000,0.000000
_6559_,generated_datapath,0,0,0,0,,,0.000000,0.000000
_6560_,generated_control,0,0,0,0,,,0.000000,0.000000
_6561_,generated_datapath,1,0,0,0,0.001000,,0.999001,0.010187
_6562_,generated_control,0,0,0,0,,,0.000000,0.000000
_6563_,generated_datapath,0,0,0,0,,,0.000000,0.000000
_6564_,generated_control,0,0,0,0,,,0.000000,0.000000
_6565_,generated_datapath,0,0,0,0,,,0.000000,0.000000
_6566_,generated_control,0,0,0,0,,,0.000000,0.000000
_6567_,generated_control,0,0,0,0,,,0.000000,0.000000
_6568_,generated_control,1,0,0,0,0.192400,,0.838645,0.008552
_6569_,generated_datapath,1,0,0,0,0.192400,,0.838645,0.008552
_6570_,generated_control,0,0,0,0,,,0.000000,0.000000
_6571_,generated_control,0,0,0,0,,,0.000000,0.000000
_6572_,generated_control,0,0,0,0,,,0.000000,0.000000
_6573_,generated_control,0,0,0,0,,,0.000000,0.000000
_6574_,generated_datapath,0,0,0,0,,,0.000000,0.000000
_6575_,generated_datapath,0,0,0,0,,,0.000000,0.000000
_6576_,execute_alu,0,0,0,0,,,0.000000,0.000000
_6577_,generated_control,0,0,0,0,,,0.000000,0.000000
_6578_,unclassified,5,0,0,0,-0.443200,,5.804411,0.059187
_6579_,generated_control,4,0,0,0,-0.443200,,4.941300,0.050386
_6580_,generated_control,3,0,0,0,-0.443200,,3.883700,0.039602
_6581_,generated_datapath,3,0,0,0,-0.443200,,3.883700,0.039602
_6582_,generated_datapath,1,0,0,0,-0.212100,,1.212100,0.012360
_6583_,generated_datapath,1,0,0,0,-0.212100,,1.212100,0.012360
_6584_,generated_control,0,0,0,0,,,0.000000,0.000000
_6585_,generated_datapath,0,0,0,0,,,0.000000,0.000000
_6586_,generated_datapath,1,0,0,0,-0.212100,,1.212100,0.012360
_6587_,unclassified,1,0,0,0,-0.212100,,1.212100,0.012360
_6588_,generated_datapath,0,0,0,0,,,0.000000,0.000000
_6589_,generated_control,0,0,0,0,,,0.000000,0.000000
_6590_,generated_control,0,0,0,0,,,0.000000,0.000000
_6591_,generated_datapath,0,0,0,0,,,0.000000,0.000000
_6592_,generated_datapath,0,0,0,0,,,0.000000,0.000000
_6593_,generated_control,0,0,0,0,,,0.000000,0.000000
_6594_,generated_control,0,0,0,0,,,0.000000,0.000000
_6595_,generated_control,0,0,0,0,,,0.000000,0.000000
_6596_,generated_control,0,0,0,0,,,0.000000,0.000000
_6597_,generated_datapath,0,0,0,0,,,0.000000,0.000000
_6598_,generated_control,0,0,0,0,,,0.000000,0.000000
_6599_,execute_alu,0,0,0,0,,,0.000000,0.000000
_6600_,generated_control,0,0,0,0,,,0.000000,0.000000
_6601_,generated_datapath,0,0,0,0,,,0.000000,0.000000
_6602_,generated_datapath,1,0,0,0,0.261500,,0.792707,0.008083
_6603_,generated_control,0,0,0,0,,,0.000000,0.000000
_6604_,generated_datapath,0,0,0,0,,,0.000000,0.000000
_6605_,generated_datapath,1,0,0,0,0.261500,,0.792707,0.008083
_6606_,generated_control,1,0,0,0,0.261500,,0.792707,0.008083
_6607_,generated_datapath,1,0,0,0,0.261500,,0.792707,0.008083
_6608_,generated_control,0,0,0,0,,,0.000000,0.000000
_6609_,generated_datapath,0,0,0,0,,,0.000000,0.000000
_6610_,generated_control,0,0,0,0,,,0.000000,0.000000
_6611_,generated_datapath,1,0,0,0,-0.228400,,1.228400,0.012526
_6612_,generated_datapath,1,0,0,0,-0.228400,,1.228400,0.012526
_6613_,generated_datapath,1,0,0,0,-0.228400,,1.228400,0.012526
_6614_,generated_control,1,0,0,0,-0.228400,,1.228400,0.012526
_6615_,generated_datapath,1,0,0,0,-0.228400,,1.228400,0.012526
_6616_,execute_alu,0,1,0,0,,2.791100,0.000000,0.000000
_6617_,generated_control,0,0,0,0,,,0.000000,0.000000
_6618_,generated_datapath,0,0,0,0,,,0.000000,0.000000
_6619_,generated_control,0,0,0,0,,,0.000000,0.000000
_6620_,generated_control,0,0,0,0,,,0.000000,0.000000
_6621_,generated_control,0,0,0,0,,,0.000000,0.000000
_6622_,generated_datapath,0,0,0,0,,,0.000000,0.000000
_6623_,generated_control,0,0,0,0,,,0.000000,0.000000
_6624_,generated_datapath,0,0,0,0,,,0.000000,0.000000
_6625_,generated_datapath,0,1,0,0,,2.791100,0.000000,0.000000
_6626_,generated_control,1,1,0,0,-0.228400,2.791100,1.228400,0.012526
_6627_,generated_control,0,0,0,0,,,0.000000,0.000000
_6628_,generated_datapath,0,0,0,0,,,0.000000,0.000000
_6629_,generated_control,0,0,0,0,,,0.000000,0.000000
_6630_,generated_control,1,0,0,0,0.181300,,0.846525,0.008632
_6631_,generated_control,0,0,0,0,,,0.000000,0.000000
_6632_,generated_datapath,0,0,0,0,,,0.000000,0.000000
_6633_,generated_control,0,0,0,0,,,0.000000,0.000000
_6634_,generated_control,0,0,0,0,,,0.000000,0.000000
_6635_,generated_control,0,0,0,0,,,0.000000,0.000000
_6636_,generated_control,0,0,0,0,,,0.000000,0.000000
_6637_,unclassified,0,0,0,0,,,0.000000,0.000000
_6638_,generated_datapath,1,0,0,0,0.076100,,0.929282,0.009476
_6639_,generated_datapath,1,0,0,0,0.076100,,0.929282,0.009476
_6640_,generated_datapath,1,0,0,0,0.076100,,0.929282,0.009476
_6641_,generated_control,1,0,0,0,0.076100,,0.929282,0.009476
_6642_,generated_control,0,0,0,0,,,0.000000,0.000000
_6643_,generated_datapath,0,0,0,0,,,0.000000,0.000000
_6644_,generated_datapath,1,0,0,0,0.076100,,0.929282,0.009476
_6645_,generated_datapath,1,0,0,0,0.076100,,0.929282,0.009476
_6646_,execute_alu,0,0,0,0,,,0.000000,0.000000
_6647_,generated_control,0,0,0,0,,,0.000000,0.000000
_6648_,generated_control,0,0,0,0,,,0.000000,0.000000
_6649_,generated_datapath,0,0,0,0,,,0.000000,0.000000
_6650_,generated_control,1,0,0,0,0.192400,,0.838645,0.008552
_6651_,generated_control,1,0,0,0,0.192400,,0.838645,0.008552
_6652_,unclassified,0,0,0,0,,,0.000000,0.000000
_6653_,generated_control,0,0,0,0,,,0.000000,0.000000
_6654_,generated_control,0,0,0,0,,,0.000000,0.000000
_6655_,generated_datapath,0,0,0,0,,,0.000000,0.000000
_6656_,generated_datapath,1,0,0,0,-0.443200,,1.443200,0.014716
_6657_,generated_control,0,0,0,0,,,0.000000,0.000000
_6658_,generated_datapath,0,0,0,0,,,0.000000,0.000000
_6659_,generated_datapath,1,0,0,0,-0.443200,,1.443200,0.014716
_6660_,generated_datapath,1,0,0,0,-0.443200,,1.443200,0.014716
_6661_,generated_datapath,0,0,0,0,,,0.000000,0.000000
_6662_,generated_control,0,0,0,0,,,0.000000,0.000000
_6663_,generated_datapath,0,0,0,0,,,0.000000,0.000000
_6664_,generated_datapath,0,0,0,0,,,0.000000,0.000000
_6665_,generated_control,0,0,0,0,,,0.000000,0.000000
_6666_,generated_control,0,0,0,0,,,0.000000,0.000000
_6667_,generated_control,0,0,0,0,,,0.000000,0.000000
_6668_,generated_control,0,0,0,0,,,0.000000,0.000000
_6669_,generated_control,0,0,0,0,,,0.000000,0.000000
_6670_,generated_datapath,0,0,0,0,,,0.000000,0.000000
_6671_,generated_datapath,1,0,0,0,0.198800,,0.834168,0.008506
_6672_,generated_datapath,1,0,0,0,0.198800,,0.834168,0.008506
_6673_,generated_control,1,0,0,0,0.198800,,0.834168,0.008506
_6674_,generated_control,0,0,0,0,,,0.000000,0.000000
_6675_,generated_control,0,0,0,0,,,0.000000,0.000000
_6676_,generated_control,0,0,0,0,,,0.000000,0.000000
_6677_,generated_datapath,0,0,0,0,,,0.000000,0.000000
_6678_,generated_datapath,0,0,0,0,,,0.000000,0.000000
_6679_,generated_control,0,0,0,0,,,0.000000,0.000000
_6680_,generated_datapath,0,0,0,0,,,0.000000,0.000000
_6681_,generated_datapath,0,0,0,0,,,0.000000,0.000000
_6682_,generated_datapath,0,0,0,0,,,0.000000,0.000000
_6683_,generated_control,0,0,0,0,,,0.000000,0.000000
_6684_,generated_control,0,0,0,0,,,0.000000,0.000000
_6685_,generated_datapath,0,0,0,0,,,0.000000,0.000000
_6686_,generated_datapath,1,0,0,0,-0.057600,,1.057600,0.010784
_6687_,generated_datapath,1,0,0,0,-0.057600,,1.057600,0.010784
_6688_,generated_datapath,1,0,0,0,-0.057600,,1.057600,0.010784
_6689_,generated_control,1,0,0,0,-0.057600,,1.057600,0.010784
_6690_,generated_datapath,1,0,0,0,-0.057600,,1.057600,0.010784
_6691_,generated_datapath,1,1,0,0,-0.057600,2.716100,1.057600,0.010784
_6692_,generated_control,0,0,0,0,,,0.000000,0.000000
_6693_,unclassified,0,0,0,0,,,0.000000,0.000000
_6694_,generated_control,0,0,0,0,,,0.000000,0.000000
_6695_,generated_control,0,0,0,0,,,0.000000,0.000000
_6696_,generated_control,0,0,0,0,,,0.000000,0.000000
_6697_,generated_datapath,0,0,0,0,,,0.000000,0.000000
_6698_,generated_datapath,0,0,0,0,,,0.000000,0.000000
_6699_,generated_control,2,0,0,0,-0.056000,,1.935972,0.019741
_6700_,unclassified,2,0,0,0,-0.056000,,1.935972,0.019741
_6701_,generated_control,0,0,0,0,,,0.000000,0.000000
_6702_,generated_datapath,1,0,0,0,-0.056000,,1.056000,0.010768
_6703_,generated_datapath,1,0,0,0,-0.056000,,1.056000,0.010768
_6704_,generated_control,0,0,0,0,,,0.000000,0.000000
_6705_,generated_datapath,0,0,0,0,,,0.000000,0.000000
_6706_,generated_datapath,1,0,0,0,-0.056000,,1.056000,0.010768
_6707_,unclassified,1,0,0,0,-0.056000,,1.056000,0.010768
_6708_,generated_control,0,0,0,0,,,0.000000,0.000000
_6709_,generated_control,0,0,0,0,,,0.000000,0.000000
_6710_,generated_control,0,0,0,0,,,0.000000,0.000000
_6711_,generated_control,0,0,0,0,,,0.000000,0.000000
_6712_,generated_control,0,0,0,0,,,0.000000,0.000000
_6713_,generated_control,0,0,0,0,,,0.000000,0.000000
_6714_,generated_control,0,0,0,0,,,0.000000,0.000000
_6715_,generated_datapath,0,0,0,0,,,0.000000,0.000000
_6716_,generated_datapath,0,0,0,0,,,0.000000,0.000000
_6717_,generated_datapath,0,1,0,0,,2.603000,0.000000,0.000000
_6718_,generated_datapath,1,0,0,0,0.158600,,0.863111,0.008801
_6719_,generated_datapath,1,0,0,0,0.158600,,0.863111,0.008801
_6720_,generated_datapath,0,0,0,0,,,0.000000,0.000000
_6721_,generated_control,0,0,0,0,,,0.000000,0.000000
_6722_,generated_datapath,1,0,0,0,0.158600,,0.863111,0.008801
_6723_,generated_datapath,1,0,0,0,0.158600,,0.863111,0.008801
_6724_,generated_control,1,0,0,0,0.158600,,0.863111,0.008801
_6725_,generated_datapath,1,1,0,0,0.158600,2.603000,0.863111,0.008801
_6726_,generated_datapath,1,0,0,0,0.136400,,0.879972,0.008973
_6727_,generated_control,0,0,0,0,,,0.000000,0.000000
_6728_,generated_datapath,0,0,0,0,,,0.000000,0.000000
_6729_,generated_datapath,1,0,0,0,0.136400,,0.879972,0.008973
_6730_,generated_control,0,0,0,0,,,0.000000,0.000000
_6731_,generated_control,0,0,0,0,,,0.000000,0.000000
_6732_,generated_control,0,0,0,0,,,0.000000,0.000000
_6733_,generated_control,0,0,0,0,,,0.000000,0.000000
_6734_,generated_control,0,0,0,0,,,0.000000,0.000000
_6735_,generated_datapath,0,0,0,0,,,0.000000,0.000000
_6736_,generated_datapath,0,0,0,0,,,0.000000,0.000000
_6737_,generated_control,0,0,0,0,,,0.000000,0.000000
_6738_,generated_datapath,0,0,0,0,,,0.000000,0.000000
_6739_,generated_datapath,1,0,0,0,0.136400,,0.879972,0.008973
_6740_,generated_control,0,0,0,0,,,0.000000,0.000000
_6741_,generated_datapath,1,0,0,0,0.077600,,0.927988,0.009463
_6742_,generated_datapath,1,0,0,0,0.077600,,0.927988,0.009463
_6743_,generated_datapath,1,0,0,0,0.077600,,0.927988,0.009463
_6744_,generated_control,1,0,0,0,0.077600,,0.927988,0.009463
_6745_,generated_datapath,1,0,0,0,0.077600,,0.927988,0.009463
_6746_,generated_control,0,0,0,0,,,0.000000,0.000000
_6747_,generated_control,0,0,0,0,,,0.000000,0.000000
_6748_,generated_control,0,0,0,0,,,0.000000,0.000000
_6749_,generated_control,0,0,0,0,,,0.000000,0.000000
_6750_,generated_control,0,0,0,0,,,0.000000,0.000000
_6751_,generated_datapath,0,0,0,0,,,0.000000,0.000000
_6752_,generated_datapath,0,0,0,0,,,0.000000,0.000000
_6753_,generated_datapath,0,0,0,0,,,0.000000,0.000000
_6754_,generated_datapath,0,0,0,0,,,0.000000,0.000000
_6755_,generated_control,0,0,0,0,,,0.000000,0.000000
_6756_,generated_datapath,1,0,0,0,0.077600,,0.927988,0.009463
_6757_,generated_control,1,0,0,0,0.181300,,0.846525,0.008632
_6758_,generated_control,0,0,0,0,,,0.000000,0.000000
_6759_,generated_control,0,0,0,0,,,0.000000,0.000000
_6760_,generated_control,0,0,0,0,,,0.000000,0.000000
_6761_,generated_control,0,0,0,0,,,0.000000,0.000000
_6762_,unclassified,1,0,0,0,0.181300,,0.846525,0.008632
_6763_,unclassified,0,0,0,0,,,0.000000,0.000000
_6764_,generated_datapath,1,0,0,0,0.181300,,0.846525,0.008632
_6765_,generated_datapath,0,0,0,0,,,0.000000,0.000000
_6766_,generated_control,0,0,0,0,,,0.000000,0.000000
_6767_,generated_control,0,0,0,0,,,0.000000,0.000000
_6768_,generated_datapath,0,0,0,0,,,0.000000,0.000000
_6769_,generated_control,0,0,0,0,,,0.000000,0.000000
_6770_,generated_datapath,0,0,0,0,,,0.000000,0.000000
_6771_,generated_datapath,1,0,0,0,0.181300,,0.846525,0.008632
_6772_,generated_control,0,0,0,0,,,0.000000,0.000000
_6773_,generated_control,0,0,0,0,,,0.000000,0.000000
_6774_,generated_datapath,0,0,0,0,,,0.000000,0.000000
_6775_,generated_datapath,0,0,0,0,,,0.000000,0.000000
_6776_,generated_datapath,0,0,0,0,,,0.000000,0.000000
_6777_,generated_control,0,0,0,0,,,0.000000,0.000000
_6778_,generated_control,0,0,0,0,,,0.000000,0.000000
_6779_,generated_control,0,0,0,0,,,0.000000,0.000000
_6780_,generated_datapath,0,0,0,0,,,0.000000,0.000000
_6781_,unclassified,1,0,0,0,0.192400,,0.838645,0.008552
_6782_,generated_datapath,1,0,0,0,0.192400,,0.838645,0.008552
_6783_,generated_datapath,1,0,0,0,0.192400,,0.838645,0.008552
_6784_,generated_datapath,0,0,0,0,,,0.000000,0.000000
_6785_,generated_datapath,1,0,0,0,0.192400,,0.838645,0.008552
_6786_,generated_control,0,0,0,0,,,0.000000,0.000000
_6787_,generated_datapath,0,0,0,0,,,0.000000,0.000000
_6788_,generated_control,0,0,0,0,,,0.000000,0.000000
_6789_,generated_datapath,0,0,0,0,,,0.000000,0.000000
_6790_,generated_datapath,0,0,0,0,,,0.000000,0.000000
_6791_,generated_control,0,0,0,0,,,0.000000,0.000000
_6792_,generated_control,0,0,0,0,,,0.000000,0.000000
_6793_,generated_control,0,0,0,0,,,0.000000,0.000000
_6794_,generated_control,0,0,0,0,,,0.000000,0.000000
_6795_,generated_control,0,0,0,0,,,0.000000,0.000000
_6796_,generated_datapath,0,0,0,0,,,0.000000,0.000000
_6797_,unclassified,0,0,0,0,,,0.000000,0.000000
_6798_,generated_datapath,1,0,0,0,0.228900,,0.813736,0.008298
_6799_,generated_control,1,0,0,0,0.228900,,0.813736,0.008298
_6800_,generated_datapath,1,0,0,0,0.228900,,0.813736,0.008298
_6801_,execute_alu,0,0,0,0,,,0.000000,0.000000
_6802_,generated_control,0,0,0,0,,,0.000000,0.000000
_6803_,generated_control,0,0,0,0,,,0.000000,0.000000
_6804_,generated_control,0,0,0,0,,,0.000000,0.000000
_6805_,generated_control,0,0,0,0,,,0.000000,0.000000
_6806_,generated_control,0,0,0,0,,,0.000000,0.000000
_6807_,generated_datapath,0,0,0,0,,,0.000000,0.000000
_6808_,generated_datapath,0,0,0,0,,,0.000000,0.000000
_6809_,generated_datapath,1,0,0,0,0.096200,,0.912242,0.009302
_6810_,generated_control,0,0,0,0,,,0.000000,0.000000
_6811_,generated_datapath,0,0,0,0,,,0.000000,0.000000
_6812_,generated_datapath,0,0,0,0,,,0.000000,0.000000
_6813_,generated_datapath,0,0,0,0,,,0.000000,0.000000
_6814_,generated_datapath,0,0,0,0,,,0.000000,0.000000
_6815_,generated_datapath,1,0,0,0,0.096200,,0.912242,0.009302
_6816_,execute_alu,0,0,0,0,,,0.000000,0.000000
_6817_,generated_control,0,0,0,0,,,0.000000,0.000000
_6818_,execute_alu,0,0,0,0,,,0.000000,0.000000
_6819_,generated_control,0,0,0,0,,,0.000000,0.000000
_6820_,generated_control,0,0,0,0,,,0.000000,0.000000
_6821_,generated_control,0,0,0,0,,,0.000000,0.000000
_6822_,generated_datapath,0,0,0,0,,,0.000000,0.000000
_6823_,generated_control,0,0,0,0,,,0.000000,0.000000
_6824_,generated_control,0,0,0,0,,,0.000000,0.000000
_6825_,generated_datapath,0,0,0,0,,,0.000000,0.000000
_6826_,generated_datapath,0,0,0,0,,,0.000000,0.000000
_6827_,generated_datapath,1,0,0,0,0.044300,,0.957579,0.009764
_6828_,execute_alu,0,0,0,0,,,0.000000,0.000000
_6829_,generated_datapath,0,0,0,0,,,0.000000,0.000000
_6830_,generated_datapath,1,0,0,0,0.044300,,0.957579,0.009764
_6831_,generated_control,0,0,0,0,,,0.000000,0.000000
_6832_,execute_alu,0,0,0,0,,,0.000000,0.000000
_6833_,generated_control,0,0,0,0,,,0.000000,0.000000
_6834_,generated_datapath,0,0,0,0,,,0.000000,0.000000
_6835_,generated_datapath,0,0,0,0,,,0.000000,0.000000
_6836_,generated_datapath,0,0,0,0,,,0.000000,0.000000
_6837_,generated_datapath,0,0,0,0,,,0.000000,0.000000
_6838_,generated_datapath,0,0,0,0,,,0.000000,0.000000
_6839_,generated_control,0,1,0,0,,2.839600,0.000000,0.000000
_6840_,unclassified,0,1,0,0,,2.839600,0.000000,0.000000
_6841_,execute_alu,33,0,0,0,-0.736300,,46.743100,0.476636
_6842_,execute_alu,33,0,0,0,-0.736300,,46.743100,0.476636
_6843_,generated_control,0,0,0,0,,,0.000000,0.000000
_6844_,generated_datapath,0,0,0,0,,,0.000000,0.000000
_6845_,generated_control,0,0,0,0,,,0.000000,0.000000
_6847_,generated_control,0,0,0,0,,,0.000000,0.000000
_6848_,generated_datapath,0,0,0,0,,,0.000000,0.000000
_6849_,execute_alu,0,0,0,0,,,0.000000,0.000000
_6850_,unclassified,0,0,0,0,,,0.000000,0.000000
_6851_,generated_datapath,0,0,0,0,,,0.000000,0.000000
_6852_,generated_datapath,33,0,0,0,-0.736300,,46.743100,0.476636
_6853_,execute_alu,0,0,0,0,,,0.000000,0.000000
_6854_,generated_control,0,0,0,0,,,0.000000,0.000000
_6855_,execute_alu,0,0,0,0,,,0.000000,0.000000
_6856_,unclassified,0,0,0,0,,,0.000000,0.000000
_6857_,unclassified,33,0,0,0,-0.736300,,46.743100,0.476636
_6858_,generated_datapath,33,1,0,0,-0.736300,2.839600,46.743100,0.476636
_6859_,generated_control,0,0,0,0,,,0.000000,0.000000
_6860_,generated_control,0,0,0,0,,,0.000000,0.000000
_6861_,generated_control,0,0,0,0,,,0.000000,0.000000
_6862_,generated_control,0,0,0,0,,,0.000000,0.000000
_6863_,generated_control,0,0,0,0,,,0.000000,0.000000
_6864_,generated_control,0,0,0,0,,,0.000000,0.000000
_6865_,generated_control,0,0,0,0,,,0.000000,0.000000
_6866_,generated_control,0,0,0,0,,,0.000000,0.000000
_6867_,generated_control,0,0,0,0,,,0.000000,0.000000
_6868_,generated_control,0,0,0,0,,,0.000000,0.000000
_6869_,generated_control,0,0,0,0,,,0.000000,0.000000
_6870_,generated_control,0,0,0,0,,,0.000000,0.000000
_6871_,generated_control,0,0,0,0,,,0.000000,0.000000
_6872_,generated_control,0,0,0,0,,,0.000000,0.000000
_6873_,generated_control,0,0,0,0,,,0.000000,0.000000
_6874_,generated_datapath,0,1,0,0,,0.993200,0.000000,0.000000
_6875_,generated_control,0,0,0,0,,,0.000000,0.000000
_6877_,generated_control,0,0,0,0,,,0.000000,0.000000
_6878_,generated_control,0,0,0,0,,,0.000000,0.000000
_6879_,generated_control,0,0,0,0,,,0.000000,0.000000
_6880_,generated_datapath,0,0,0,0,,,0.000000,0.000000
_6881_,generated_control,0,0,0,0,,,0.000000,0.000000
_6882_,generated_control,0,0,0,0,,,0.000000,0.000000
_6883_,generated_datapath,0,0,0,0,,,0.000000,0.000000
_6884_,generated_datapath,0,0,0,0,,,0.000000,0.000000
_6885_,generated_datapath,0,0,0,0,,,0.000000,0.000000
_6886_,generated_datapath,0,0,0,0,,,0.000000,0.000000
_6887_,generated_datapath,0,0,0,0,,,0.000000,0.000000
_6888_,generated_control,0,0,0,0,,,0.000000,0.000000
_6889_,generated_datapath,0,0,0,0,,,0.000000,0.000000
_6890_,generated_datapath,0,0,0,0,,,0.000000,0.000000
_6891_,generated_control,0,0,0,0,,,0.000000,0.000000
_6892_,generated_control,0,0,0,0,,,0.000000,0.000000
_6893_,generated_control,0,0,0,0,,,0.000000,0.000000
_6894_,generated_datapath,0,0,0,0,,,0.000000,0.000000
_6895_,unclassified,0,0,0,0,,,0.000000,0.000000
_6896_,generated_control,0,0,0,0,,,0.000000,0.000000
_6897_,generated_control,0,0,0,0,,,0.000000,0.000000
_6898_,generated_datapath,0,0,0,0,,,0.000000,0.000000
_6899_,generated_datapath,0,0,0,0,,,0.000000,0.000000
_6900_,generated_control,0,0,0,0,,,0.000000,0.000000
_6901_,generated_control,0,0,0,0,,,0.000000,0.000000
_6902_,generated_control,0,0,0,0,,,0.000000,0.000000
_6903_,unclassified,0,0,0,0,,,0.000000,0.000000
_6904_,generated_control,0,0,0,0,,,0.000000,0.000000
_6905_,generated_control,0,0,0,0,,,0.000000,0.000000
_6906_,unclassified,0,0,0,0,,,0.000000,0.000000
_6907_,generated_datapath,0,0,0,0,,,0.000000,0.000000
_6908_,generated_control,0,0,0,0,,,0.000000,0.000000
_6909_,generated_control,0,0,0,0,,,0.000000,0.000000
_6910_,generated_control,0,0,0,0,,,0.000000,0.000000
_6911_,unclassified,0,0,0,0,,,0.000000,0.000000
_6912_,generated_control,0,0,0,0,,,0.000000,0.000000
_6913_,generated_control,0,0,0,0,,,0.000000,0.000000
_6914_,generated_datapath,0,0,0,0,,,0.000000,0.000000
_6915_,generated_datapath,0,0,0,0,,,0.000000,0.000000
_6916_,generated_datapath,0,0,0,0,,,0.000000,0.000000
_6917_,generated_datapath,0,0,0,0,,,0.000000,0.000000
_6918_,generated_control,0,0,0,0,,,0.000000,0.000000
_6919_,unclassified,0,0,0,0,,,0.000000,0.000000
_6920_,generated_datapath,0,0,0,0,,,0.000000,0.000000
_6922_,generated_control,0,1,0,0,,0.993200,0.000000,0.000000
_6923_,generated_control,0,0,0,0,,,0.000000,0.000000
_6924_,generated_control,0,0,0,0,,,0.000000,0.000000
_6925_,generated_control,0,0,0,0,,,0.000000,0.000000
_6926_,generated_control,0,0,0,0,,,0.000000,0.000000
_6927_,generated_control,0,0,0,0,,,0.000000,0.000000
_6928_,generated_control,0,0,0,0,,,0.000000,0.000000
_6929_,generated_control,0,1,0,0,,0.846600,0.000000,0.000000
_6930_,generated_datapath,0,1,0,0,,0.846600,0.000000,0.000000
_6931_,generated_control,0,0,0,0,,,0.000000,0.000000
_6932_,generated_datapath,0,0,0,0,,,0.000000,0.000000
_6933_,generated_datapath,0,0,0,0,,,0.000000,0.000000
_6934_,generated_datapath,0,0,0,0,,,0.000000,0.000000
_6935_,generated_datapath,0,0,0,0,,,0.000000,0.000000
_6936_,generated_datapath,0,0,0,0,,,0.000000,0.000000
_6937_,generated_control,0,0,0,0,,,0.000000,0.000000
_6938_,generated_control,0,0,0,0,,,0.000000,0.000000
_6939_,generated_control,0,0,0,0,,,0.000000,0.000000
_6940_,generated_datapath,0,0,0,0,,,0.000000,0.000000
_6941_,generated_datapath,0,0,0,0,,,0.000000,0.000000
_6942_,generated_control,0,0,0,0,,,0.000000,0.000000
_6943_,generated_datapath,0,0,0,0,,,0.000000,0.000000
_6944_,generated_control,0,0,0,0,,,0.000000,0.000000
_6945_,generated_datapath,0,0,0,0,,,0.000000,0.000000
_6946_,generated_control,0,0,0,0,,,0.000000,0.000000
_6947_,generated_control,0,0,0,0,,,0.000000,0.000000
_6948_,generated_control,0,0,0,0,,,0.000000,0.000000
_6949_,generated_control,0,0,0,0,,,0.000000,0.000000
_6950_,generated_control,0,0,0,0,,,0.000000,0.000000
_6951_,generated_control,0,0,0,0,,,0.000000,0.000000
_6952_,generated_datapath,0,0,0,0,,,0.000000,0.000000
_6953_,generated_control,0,0,0,0,,,0.000000,0.000000
_6954_,generated_datapath,0,0,0,0,,,0.000000,0.000000
_6955_,generated_control,0,0,0,0,,,0.000000,0.000000
_6956_,generated_datapath,0,0,0,0,,,0.000000,0.000000
_6957_,unclassified,0,0,0,0,,,0.000000,0.000000
_6958_,generated_control,0,0,0,0,,,0.000000,0.000000
_6959_,generated_control,0,0,0,0,,,0.000000,0.000000
_6960_,generated_control,0,0,0,0,,,0.000000,0.000000
_6961_,unclassified,0,0,0,0,,,0.000000,0.000000
_6962_,generated_control,0,0,0,0,,,0.000000,0.000000
_6963_,generated_control,0,0,0,0,,,0.000000,0.000000
_6964_,generated_control,0,0,0,0,,,0.000000,0.000000
_6965_,generated_datapath,0,0,0,0,,,0.000000,0.000000
_6966_,generated_datapath,0,0,0,0,,,0.000000,0.000000
_6967_,generated_datapath,0,0,0,0,,,0.000000,0.000000
_6968_,generated_datapath,0,0,0,0,,,0.000000,0.000000
_6969_,generated_control,0,1,0,0,,0.846600,0.000000,0.000000
_6970_,generated_control,0,0,0,0,,,0.000000,0.000000
_6971_,generated_datapath,0,1,0,0,,0.820600,0.000000,0.000000
_6972_,generated_datapath,0,0,0,0,,,0.000000,0.000000
_6973_,generated_datapath,0,0,0,0,,,0.000000,0.000000
_6974_,generated_datapath,0,0,0,0,,,0.000000,0.000000
_6975_,generated_control,0,1,0,0,,0.820600,0.000000,0.000000
_6976_,generated_control,0,1,0,0,,0.879800,0.000000,0.000000
_6977_,generated_datapath,0,1,0,0,,0.879800,0.000000,0.000000
_6978_,generated_datapath,0,0,0,0,,,0.000000,0.000000
_6979_,generated_control,0,1,0,0,,0.879800,0.000000,0.000000
_6980_,generated_control,0,1,0,0,,0.956800,0.000000,0.000000
_6981_,generated_control,0,1,0,0,,0.956800,0.000000,0.000000
_6982_,generated_datapath,0,1,0,0,,0.956800,0.000000,0.000000
_6983_,generated_datapath,0,0,0,0,,,0.000000,0.000000
_6984_,generated_control,0,1,0,0,,0.956800,0.000000,0.000000
_6985_,generated_datapath,0,1,0,0,,0.862700,0.000000,0.000000
_6986_,generated_control,0,0,0,0,,,0.000000,0.000000
_6987_,generated_datapath,0,0,0,0,,,0.000000,0.000000
_6988_,generated_control,0,1,0,0,,0.862700,0.000000,0.000000
_6989_,generated_control,0,0,0,0,,,0.000000,0.000000
_6990_,generated_datapath,0,1,0,0,,0.873700,0.000000,0.000000
_6991_,generated_control,0,0,0,0,,,0.000000,0.000000
_6992_,generated_datapath,0,0,0,0,,,0.000000,0.000000
_6993_,generated_control,0,1,0,0,,0.873700,0.000000,0.000000
_6994_,generated_control,0,0,0,0,,,0.000000,0.000000
_6995_,generated_datapath,0,1,0,0,,1.022800,0.000000,0.000000
_6996_,generated_datapath,0,0,0,0,,,0.000000,0.000000
_6997_,generated_datapath,0,0,0,0,,,0.000000,0.000000
_6998_,generated_control,0,1,0,0,,1.022800,0.000000,0.000000
_6999_,generated_control,0,0,0,0,,,0.000000,0.000000
_7000_,generated_datapath,0,1,0,0,,0.906700,0.000000,0.000000
_7001_,generated_datapath,0,0,0,0,,,0.000000,0.000000
_7002_,generated_datapath,0,0,0,0,,,0.000000,0.000000
_7003_,generated_control,0,1,0,0,,0.906700,0.000000,0.000000
_7004_,generated_datapath,0,1,0,0,,0.920500,0.000000,0.000000
_7005_,generated_control,0,0,0,0,,,0.000000,0.000000
_7006_,generated_datapath,0,0,0,0,,,0.000000,0.000000
_7007_,generated_datapath,0,0,0,0,,,0.000000,0.000000
_7008_,generated_control,0,1,0,0,,0.920500,0.000000,0.000000
_7009_,generated_control,0,0,0,0,,,0.000000,0.000000
_7010_,generated_control,0,0,0,0,,,0.000000,0.000000
_7011_,generated_datapath,0,1,0,0,,0.890700,0.000000,0.000000
_7012_,generated_control,0,0,0,0,,,0.000000,0.000000
_7013_,generated_datapath,0,0,0,0,,,0.000000,0.000000
_7014_,generated_control,0,0,0,0,,,0.000000,0.000000
_7015_,generated_control,0,0,0,0,,,0.000000,0.000000
_7016_,generated_datapath,0,0,0,0,,,0.000000,0.000000
_7017_,generated_control,0,0,0,0,,,0.000000,0.000000
_7018_,generated_datapath,0,0,0,0,,,0.000000,0.000000
_7020_,generated_control,0,1,0,0,,0.890700,0.000000,0.000000
_7021_,generated_control,0,0,0,0,,,0.000000,0.000000
_7022_,generated_datapath,0,1,0,0,,0.796100,0.000000,0.000000
_7023_,generated_control,0,0,0,0,,,0.000000,0.000000
_7024_,generated_datapath,0,0,0,0,,,0.000000,0.000000
_7025_,generated_datapath,0,0,0,0,,,0.000000,0.000000
_7026_,generated_datapath,0,0,0,0,,,0.000000,0.000000
_7027_,generated_control,0,0,0,0,,,0.000000,0.000000
_7028_,generated_control,0,1,0,0,,0.796100,0.000000,0.000000
_7029_,generated_control,0,0,0,0,,,0.000000,0.000000
_7030_,generated_datapath,0,1,0,0,,0.841700,0.000000,0.000000
_7031_,generated_datapath,0,0,0,0,,,0.000000,0.000000
_7032_,generated_control,0,1,0,0,,0.841700,0.000000,0.000000
_7033_,generated_control,0,0,0,0,,,0.000000,0.000000
_7034_,generated_datapath,0,1,0,0,,0.816500,0.000000,0.000000
_7035_,generated_datapath,0,0,0,0,,,0.000000,0.000000
_7036_,generated_control,0,1,0,0,,0.816500,0.000000,0.000000
_7037_,generated_control,0,0,0,0,,,0.000000,0.000000
_7038_,generated_datapath,0,1,0,0,,0.821800,0.000000,0.000000
_7039_,generated_datapath,0,0,0,0,,,0.000000,0.000000
_7040_,generated_control,0,1,0,0,,0.821800,0.000000,0.000000
_7041_,generated_datapath,0,1,0,0,,0.892900,0.000000,0.000000
_7042_,generated_control,0,0,0,0,,,0.000000,0.000000
_7043_,generated_datapath,0,0,0,0,,,0.000000,0.000000
_7044_,generated_control,0,1,0,0,,0.892900,0.000000,0.000000
_7045_,generated_control,0,0,0,0,,,0.000000,0.000000
_7046_,generated_datapath,0,1,0,0,,0.801600,0.000000,0.000000
_7047_,generated_control,0,0,0,0,,,0.000000,0.000000
_7048_,generated_datapath,0,0,0,0,,,0.000000,0.000000
_7049_,generated_control,0,1,0,0,,0.801600,0.000000,0.000000
_7050_,generated_control,0,0,0,0,,,0.000000,0.000000
_7051_,generated_datapath,0,1,0,0,,0.799600,0.000000,0.000000
_7052_,generated_control,0,0,0,0,,,0.000000,0.000000
_7053_,generated_datapath,0,0,0,0,,,0.000000,0.000000
_7054_,generated_datapath,0,0,0,0,,,0.000000,0.000000
_7055_,generated_control,0,0,0,0,,,0.000000,0.000000
_7056_,generated_datapath,0,0,0,0,,,0.000000,0.000000
_7057_,generated_control,0,1,0,0,,0.799600,0.000000,0.000000
_7058_,generated_control,0,0,0,0,,,0.000000,0.000000
_7059_,generated_datapath,0,1,0,0,,0.820200,0.000000,0.000000
_7060_,generated_control,0,0,0,0,,,0.000000,0.000000
_7061_,generated_datapath,0,0,0,0,,,0.000000,0.000000
_7062_,generated_control,0,0,0,0,,,0.000000,0.000000
_7063_,generated_datapath,0,0,0,0,,,0.000000,0.000000
_7064_,generated_control,0,0,0,0,,,0.000000,0.000000
_7065_,generated_datapath,0,0,0,0,,,0.000000,0.000000
_7066_,generated_control,0,0,0,0,,,0.000000,0.000000
_7067_,generated_control,0,1,0,0,,0.820200,0.000000,0.000000
_7068_,generated_datapath,0,1,0,0,,0.932200,0.000000,0.000000
_7069_,generated_control,0,0,0,0,,,0.000000,0.000000
_7070_,generated_datapath,0,0,0,0,,,0.000000,0.000000
_7071_,generated_datapath,0,0,0,0,,,0.000000,0.000000
_7072_,generated_control,0,1,0,0,,0.932200,0.000000,0.000000
_7073_,generated_control,0,0,0,0,,,0.000000,0.000000
_7074_,generated_datapath,0,1,0,0,,0.677300,0.000000,0.000000
_7075_,generated_datapath,0,0,0,0,,,0.000000,0.000000
_7076_,generated_control,0,1,0,0,,0.677300,0.000000,0.000000
_7077_,generated_control,0,0,0,0,,,0.000000,0.000000
_7078_,generated_control,0,0,0,0,,,0.000000,0.000000
_7079_,generated_datapath,0,1,0,0,,0.789100,0.000000,0.000000
_7080_,generated_control,0,0,0,0,,,0.000000,0.000000
_7081_,generated_control,0,0,0,0,,,0.000000,0.000000
_7082_,generated_datapath,0,0,0,0,,,0.000000,0.000000
_7083_,generated_datapath,0,0,0,0,,,0.000000,0.000000
_7084_,generated_datapath,0,0,0,0,,,0.000000,0.000000
_7085_,generated_control,0,1,0,0,,0.789100,0.000000,0.000000
_7086_,generated_datapath,0,1,0,0,,0.760300,0.000000,0.000000
_7087_,generated_datapath,0,0,0,0,,,0.000000,0.000000
_7088_,generated_datapath,0,0,0,0,,,0.000000,0.000000
_7089_,generated_control,0,1,0,0,,0.760300,0.000000,0.000000
_7090_,generated_control,0,0,0,0,,,0.000000,0.000000
_7091_,generated_datapath,0,1,0,0,,0.704900,0.000000,0.000000
_7092_,generated_datapath,0,0,0,0,,,0.000000,0.000000
_7093_,generated_control,0,1,0,0,,0.704900,0.000000,0.000000
_7094_,generated_control,0,0,0,0,,,0.000000,0.000000
_7095_,generated_datapath,0,1,0,0,,0.687800,0.000000,0.000000
_7096_,generated_datapath,0,0,0,0,,,0.000000,0.000000
_7097_,generated_control,0,1,0,0,,0.687800,0.000000,0.000000
_7098_,generated_control,0,0,0,0,,,0.000000,0.000000
_7099_,generated_datapath,0,1,0,0,,0.808800,0.000000,0.000000
_7100_,generated_datapath,0,0,0,0,,,0.000000,0.000000
_7101_,generated_control,0,1,0,0,,0.808800,0.000000,0.000000
_7102_,generated_datapath,0,1,0,0,,0.788600,0.000000,0.000000
_7103_,generated_datapath,0,0,0,0,,,0.000000,0.000000
_7104_,generated_control,0,1,0,0,,0.788600,0.000000,0.000000
_7105_,generated_datapath,0,0,0,0,,,0.000000,0.000000
_7106_,execute_alu,0,1,0,0,,0.820400,0.000000,0.000000
_7107_,generated_datapath,0,0,0,0,,,0.000000,0.000000
_7108_,generated_control,0,1,0,0,,0.665200,0.000000,0.000000
_7109_,generated_control,0,0,0,0,,,0.000000,0.000000
_7110_,generated_control,0,0,0,0,,,0.000000,0.000000
_7111_,generated_datapath,0,0,0,0,,,0.000000,0.000000
_7112_,generated_control,0,0,0,0,,,0.000000,0.000000
_7113_,unclassified,0,0,0,0,,,0.000000,0.000000
_7115_,generated_control,0,0,0,0,,,0.000000,0.000000
_7116_,generated_control,0,0,0,0,,,0.000000,0.000000
_7121_,generated_datapath,0,0,0,0,,,0.000000,0.000000
_7123_,generated_datapath,0,0,0,0,,,0.000000,0.000000
_7124_,generated_datapath,0,0,0,0,,,0.000000,0.000000
_7127_,generated_datapath,0,0,0,0,,,0.000000,0.000000
_7128_,execute_alu,0,0,0,0,,,0.000000,0.000000
_7129_,generated_datapath,0,0,0,0,,,0.000000,0.000000
_7130_,generated_datapath,0,0,0,0,,,0.000000,0.000000
_7131_,generated_control,0,0,0,0,,,0.000000,0.000000
_7132_,generated_control,0,0,0,0,,,0.000000,0.000000
_7134_,unclassified,0,0,0,0,,,0.000000,0.000000
_7135_,generated_control,0,0,0,0,,,0.000000,0.000000
_7136_,execute_alu,0,0,0,0,,,0.000000,0.000000
_7140_,generated_datapath,0,0,0,0,,,0.000000,0.000000
_7141_,generated_datapath,0,0,0,0,,,0.000000,0.000000
_7142_,generated_control,0,0,0,0,,,0.000000,0.000000
_7143_,generated_control,0,0,0,0,,,0.000000,0.000000
_7144_,unclassified,18,0,0,0,-0.403100,,24.593500,0.250778
_7145_,execute_alu,18,0,0,0,-0.403100,,24.593500,0.250778
_7146_,generated_control,0,0,0,0,,,0.000000,0.000000
_7148_,generated_control,0,0,0,0,,,0.000000,0.000000
_7149_,generated_control,0,0,0,0,,,0.000000,0.000000
_7150_,generated_control,0,0,0,0,,,0.000000,0.000000
_7152_,generated_datapath,0,0,0,0,,,0.000000,0.000000
_7153_,generated_datapath,0,0,0,0,,,0.000000,0.000000
_7155_,generated_control,0,0,0,0,,,0.000000,0.000000
_7156_,generated_datapath,0,0,0,0,,,0.000000,0.000000
_7157_,execute_alu,0,0,0,0,,,0.000000,0.000000
_7158_,generated_datapath,0,0,0,0,,,0.000000,0.000000
_7159_,generated_datapath,0,0,0,0,,,0.000000,0.000000
_7161_,generated_datapath,0,0,0,0,,,0.000000,0.000000
_7162_,execute_alu,0,0,0,0,,,0.000000,0.000000
_7163_,generated_datapath,0,0,0,0,,,0.000000,0.000000
_7164_,generated_datapath,0,0,0,0,,,0.000000,0.000000
_7165_,generated_datapath,0,0,0,0,,,0.000000,0.000000
_7166_,execute_alu,0,0,0,0,,,0.000000,0.000000
_7167_,generated_datapath,0,0,0,0,,,0.000000,0.000000
_7168_,generated_datapath,0,0,0,0,,,0.000000,0.000000
_7169_,generated_control,0,0,0,0,,,0.000000,0.000000
_7170_,generated_datapath,0,0,0,0,,,0.000000,0.000000
_7171_,generated_datapath,0,0,0,0,,,0.000000,0.000000
_7172_,execute_alu,0,0,0,0,,,0.000000,0.000000
_7173_,generated_datapath,0,0,0,0,,,0.000000,0.000000
_7174_,generated_datapath,0,0,0,0,,,0.000000,0.000000
_7175_,generated_control,0,0,0,0,,,0.000000,0.000000
_7176_,generated_datapath,0,0,0,0,,,0.000000,0.000000
_7177_,generated_datapath,0,0,0,0,,,0.000000,0.000000
_7178_,execute_alu,0,0,0,0,,,0.000000,0.000000
_7179_,generated_datapath,0,0,0,0,,,0.000000,0.000000
_7180_,generated_datapath,0,0,0,0,,,0.000000,0.000000
_7181_,generated_datapath,0,0,0,0,,,0.000000,0.000000
_7182_,execute_alu,0,0,0,0,,,0.000000,0.000000
_7183_,generated_datapath,0,0,0,0,,,0.000000,0.000000
_7184_,generated_datapath,0,0,0,0,,,0.000000,0.000000
_7185_,generated_datapath,0,0,0,0,,,0.000000,0.000000
_7186_,execute_alu,0,0,0,0,,,0.000000,0.000000
_7187_,generated_datapath,0,0,0,0,,,0.000000,0.000000
_7188_,generated_datapath,0,0,0,0,,,0.000000,0.000000
_7189_,generated_datapath,0,0,0,0,,,0.000000,0.000000
_7190_,execute_alu,0,0,0,0,,,0.000000,0.000000
_7191_,generated_datapath,0,0,0,0,,,0.000000,0.000000
_7192_,generated_datapath,0,0,0,0,,,0.000000,0.000000
_7193_,generated_datapath,0,0,0,0,,,0.000000,0.000000
_7194_,execute_alu,0,0,0,0,,,0.000000,0.000000
_7195_,generated_datapath,0,0,0,0,,,0.000000,0.000000
_7196_,generated_datapath,0,0,0,0,,,0.000000,0.000000
_7197_,generated_control,0,0,0,0,,,0.000000,0.000000
_7198_,generated_control,0,0,0,0,,,0.000000,0.000000
_7199_,generated_datapath,0,0,0,0,,,0.000000,0.000000
_7200_,execute_alu,0,0,0,0,,,0.000000,0.000000
_7201_,generated_datapath,0,0,0,0,,,0.000000,0.000000
_7202_,generated_datapath,0,0,0,0,,,0.000000,0.000000
_7203_,generated_control,0,0,0,0,,,0.000000,0.000000
_7204_,generated_datapath,0,0,0,0,,,0.000000,0.000000
_7205_,execute_alu,0,0,0,0,,,0.000000,0.000000
_7206_,generated_datapath,0,0,0,0,,,0.000000,0.000000
_7207_,generated_datapath,0,0,0,0,,,0.000000,0.000000
_7208_,generated_datapath,0,0,0,0,,,0.000000,0.000000
_7209_,generated_datapath,0,0,0,0,,,0.000000,0.000000
_7210_,generated_control,0,0,0,0,,,0.000000,0.000000
_7211_,execute_alu,0,0,0,0,,,0.000000,0.000000
_7212_,generated_datapath,0,0,0,0,,,0.000000,0.000000
_7213_,generated_control,0,0,0,0,,,0.000000,0.000000
_7215_,generated_datapath,0,0,0,0,,,0.000000,0.000000
_7216_,generated_datapath,0,0,0,0,,,0.000000,0.000000
_7217_,execute_alu,0,0,0,0,,,0.000000,0.000000
_7218_,generated_datapath,0,0,0,0,,,0.000000,0.000000
_7219_,generated_datapath,0,0,0,0,,,0.000000,0.000000
_7220_,execute_alu,0,0,0,0,,,0.000000,0.000000
_7221_,generated_datapath,0,0,0,0,,,0.000000,0.000000
_7222_,generated_control,0,0,0,0,,,0.000000,0.000000
_7223_,generated_datapath,0,0,0,0,,,0.000000,0.000000
_7224_,execute_alu,0,0,0,0,,,0.000000,0.000000
_7225_,generated_datapath,0,0,0,0,,,0.000000,0.000000
_7226_,generated_datapath,0,0,0,0,,,0.000000,0.000000
_7227_,generated_control,0,0,0,0,,,0.000000,0.000000
_7228_,generated_datapath,0,0,0,0,,,0.000000,0.000000
_7229_,execute_alu,0,0,0,0,,,0.000000,0.000000
_7230_,generated_control,0,0,0,0,,,0.000000,0.000000
_7231_,generated_datapath,0,0,0,0,,,0.000000,0.000000
_7232_,unclassified,0,0,0,0,,,0.000000,0.000000
_7233_,execute_alu,0,0,0,0,,,0.000000,0.000000
_7234_,generated_control,0,0,0,0,,,0.000000,0.000000
_7235_,generated_datapath,0,0,0,0,,,0.000000,0.000000
_7236_,generated_datapath,0,0,0,0,,,0.000000,0.000000
_7237_,execute_alu,0,0,0,0,,,0.000000,0.000000
_7238_,generated_datapath,0,0,0,0,,,0.000000,0.000000
_7239_,generated_datapath,0,0,0,0,,,0.000000,0.000000
_7240_,execute_alu,0,0,0,0,,,0.000000,0.000000
_7241_,generated_datapath,0,0,0,0,,,0.000000,0.000000
_7242_,generated_control,0,0,0,0,,,0.000000,0.000000
_7243_,generated_datapath,0,0,0,0,,,0.000000,0.000000
_7244_,generated_control,0,0,0,0,,,0.000000,0.000000
_7245_,generated_control,0,0,0,0,,,0.000000,0.000000
_7246_,generated_control,0,0,0,0,,,0.000000,0.000000
_7247_,generated_datapath,0,0,0,0,,,0.000000,0.000000
_7248_,execute_alu,0,0,0,0,,,0.000000,0.000000
_7249_,generated_datapath,0,0,0,0,,,0.000000,0.000000
_7250_,execute_alu,0,0,0,0,,,0.000000,0.000000
_7251_,generated_control,0,0,0,0,,,0.000000,0.000000
_7252_,generated_datapath,0,0,0,0,,,0.000000,0.000000
_7253_,execute_alu,0,0,0,0,,,0.000000,0.000000
_7254_,generated_control,0,0,0,0,,,0.000000,0.000000
_7255_,generated_control,0,0,0,0,,,0.000000,0.000000
_7256_,generated_datapath,0,0,0,0,,,0.000000,0.000000
_7257_,execute_alu,0,0,0,0,,,0.000000,0.000000
_7258_,generated_datapath,0,0,0,0,,,0.000000,0.000000
_7259_,execute_alu,0,0,0,0,,,0.000000,0.000000
_7260_,execute_alu,0,0,0,0,,,0.000000,0.000000
_7261_,execute_alu,0,0,0,0,,,0.000000,0.000000
_7262_,generated_datapath,0,0,0,0,,,0.000000,0.000000
_7263_,execute_alu,0,0,0,0,,,0.000000,0.000000
_7264_,generated_datapath,0,0,0,0,,,0.000000,0.000000
_7265_,execute_alu,0,0,0,0,,,0.000000,0.000000
_7266_,generated_control,0,0,0,0,,,0.000000,0.000000
_7267_,generated_datapath,0,18,0,0,,1.090500,0.000000,0.000000
_7268_,execute_alu,32,18,0,0,-0.411800,1.090500,45.006800,0.458931
_7272_,generated_control,0,0,0,0,,,0.000000,0.000000
_7273_,generated_control,0,0,0,0,,,0.000000,0.000000
_7274_,generated_datapath,5,0,0,0,-0.386200,,5.121014,0.052219
_7275_,generated_datapath,5,0,0,0,-0.386200,,5.121014,0.052219
_7276_,execute_alu,0,0,0,0,,,0.000000,0.000000
_7277_,execute_alu,0,0,0,0,,,0.000000,0.000000
_7279_,generated_control,0,0,0,0,,,0.000000,0.000000
_7281_,generated_control,0,0,0,0,,,0.000000,0.000000
_7282_,generated_datapath,0,0,0,0,,,0.000000,0.000000
_7283_,execute_alu,0,0,0,0,,,0.000000,0.000000
_7284_,execute_alu,0,0,0,0,,,0.000000,0.000000
_7285_,generated_control,0,0,0,0,,,0.000000,0.000000
_7286_,generated_datapath,0,0,0,0,,,0.000000,0.000000
_7288_,generated_datapath,0,0,0,0,,,0.000000,0.000000
_7289_,generated_datapath,0,0,0,0,,,0.000000,0.000000
_7290_,generated_control,0,0,0,0,,,0.000000,0.000000
_7291_,generated_datapath,0,0,0,0,,,0.000000,0.000000
_7292_,generated_datapath,0,0,0,0,,,0.000000,0.000000
_7293_,execute_alu,0,0,0,0,,,0.000000,0.000000
_7295_,generated_datapath,0,0,0,0,,,0.000000,0.000000
_7296_,generated_control,0,0,0,0,,,0.000000,0.000000
_7297_,generated_control,0,0,0,0,,,0.000000,0.000000
_7298_,generated_datapath,0,0,0,0,,,0.000000,0.000000
_7299_,generated_datapath,0,0,0,0,,,0.000000,0.000000
_7300_,execute_alu,0,0,0,0,,,0.000000,0.000000
_7301_,execute_alu,0,0,0,0,,,0.000000,0.000000
_7303_,generated_datapath,0,0,0,0,,,0.000000,0.000000
_7304_,generated_datapath,0,0,0,0,,,0.000000,0.000000
_7305_,generated_datapath,0,0,0,0,,,0.000000,0.000000
_7306_,generated_datapath,0,0,0,0,,,0.000000,0.000000
_7307_,generated_datapath,0,0,0,0,,,0.000000,0.000000
_7308_,generated_datapath,0,0,0,0,,,0.000000,0.000000
_7309_,generated_datapath,0,0,0,0,,,0.000000,0.000000
_7310_,generated_datapath,0,0,0,0,,,0.000000,0.000000
_7311_,generated_datapath,0,0,0,0,,,0.000000,0.000000
_7312_,generated_datapath,0,0,0,0,,,0.000000,0.000000
_7313_,generated_datapath,0,0,0,0,,,0.000000,0.000000
_7315_,generated_datapath,0,0,0,0,,,0.000000,0.000000
_7316_,generated_control,0,0,0,0,,,0.000000,0.000000
_7317_,generated_datapath,0,0,0,0,,,0.000000,0.000000
_7318_,generated_control,0,0,0,0,,,0.000000,0.000000
_7319_,generated_datapath,0,0,0,0,,,0.000000,0.000000
_7320_,generated_datapath,0,0,0,0,,,0.000000,0.000000
_7321_,generated_control,0,0,0,0,,,0.000000,0.000000
_7322_,generated_datapath,0,0,0,0,,,0.000000,0.000000
_7323_,generated_datapath,0,0,0,0,,,0.000000,0.000000
_7324_,generated_control,0,0,0,0,,,0.000000,0.000000
_7325_,generated_datapath,0,0,0,0,,,0.000000,0.000000
_7326_,generated_datapath,0,0,0,0,,,0.000000,0.000000
_7327_,generated_control,0,0,0,0,,,0.000000,0.000000
_7328_,generated_datapath,0,0,0,0,,,0.000000,0.000000
_7329_,generated_datapath,0,0,0,0,,,0.000000,0.000000
_7330_,generated_control,0,0,0,0,,,0.000000,0.000000
_7331_,generated_datapath,0,0,0,0,,,0.000000,0.000000
_7332_,generated_control,0,0,0,0,,,0.000000,0.000000
_7333_,generated_datapath,0,0,0,0,,,0.000000,0.000000
_7334_,generated_control,0,0,0,0,,,0.000000,0.000000
_7335_,generated_datapath,0,0,0,0,,,0.000000,0.000000
_7336_,generated_control,0,0,0,0,,,0.000000,0.000000
_7337_,generated_control,0,0,0,0,,,0.000000,0.000000
_7338_,generated_control,0,0,0,0,,,0.000000,0.000000
_7339_,generated_control,0,0,0,0,,,0.000000,0.000000
_7340_,generated_control,0,0,0,0,,,0.000000,0.000000
_7341_,generated_datapath,0,0,0,0,,,0.000000,0.000000
_7342_,generated_control,0,0,0,0,,,0.000000,0.000000
_7346_,generated_control,0,0,0,0,,,0.000000,0.000000
_7347_,generated_datapath,0,0,0,0,,,0.000000,0.000000
_7348_,generated_control,0,0,0,0,,,0.000000,0.000000
_7349_,generated_datapath,0,0,0,0,,,0.000000,0.000000
_7350_,execute_alu,0,0,0,0,,,0.000000,0.000000
_7351_,generated_control,0,0,0,0,,,0.000000,0.000000
_7352_,generated_datapath,0,0,0,0,,,0.000000,0.000000
_7353_,generated_control,0,0,0,0,,,0.000000,0.000000
_7354_,generated_datapath,0,0,0,0,,,0.000000,0.000000
_7355_,generated_control,0,0,0,0,,,0.000000,0.000000
_7356_,generated_datapath,0,0,0,0,,,0.000000,0.000000
_7357_,generated_control,0,0,0,0,,,0.000000,0.000000
_7358_,generated_datapath,0,0,0,0,,,0.000000,0.000000
_7359_,generated_control,0,0,0,0,,,0.000000,0.000000
_7360_,generated_datapath,0,0,0,0,,,0.000000,0.000000
_7361_,generated_control,0,0,0,0,,,0.000000,0.000000
_7362_,generated_datapath,0,0,0,0,,,0.000000,0.000000
_7363_,execute_alu,0,0,0,0,,,0.000000,0.000000
_7364_,generated_control,0,0,0,0,,,0.000000,0.000000
_7365_,generated_datapath,0,0,0,0,,,0.000000,0.000000
_7366_,execute_alu,0,1,0,0,,2.777100,0.000000,0.000000
_7368_,generated_control,0,0,0,0,,,0.000000,0.000000
_7369_,generated_datapath,0,0,0,0,,,0.000000,0.000000
_7370_,execute_alu,0,0,0,0,,,0.000000,0.000000
_7372_,generated_control,0,0,0,0,,,0.000000,0.000000
_7373_,generated_datapath,0,0,0,0,,,0.000000,0.000000
_7374_,generated_control,0,0,0,0,,,0.000000,0.000000
_7375_,generated_datapath,0,0,0,0,,,0.000000,0.000000
_7376_,execute_alu,0,0,0,0,,,0.000000,0.000000
_7377_,generated_control,0,0,0,0,,,0.000000,0.000000
_7378_,generated_datapath,0,0,0,0,,,0.000000,0.000000
_7379_,execute_alu,0,0,0,0,,,0.000000,0.000000
_7380_,generated_control,0,0,0,0,,,0.000000,0.000000
_7381_,generated_datapath,0,0,0,0,,,0.000000,0.000000
_7382_,generated_control,0,0,0,0,,,0.000000,0.000000
_7383_,generated_datapath,0,0,0,0,,,0.000000,0.000000
_7384_,generated_control,0,0,0,0,,,0.000000,0.000000
_7385_,generated_datapath,0,0,0,0,,,0.000000,0.000000
_7386_,generated_control,0,0,0,0,,,0.000000,0.000000
_7387_,generated_datapath,0,0,0,0,,,0.000000,0.000000
_7388_,generated_control,0,0,0,0,,,0.000000,0.000000
_7389_,generated_datapath,0,0,0,0,,,0.000000,0.000000
_7390_,generated_control,0,0,0,0,,,0.000000,0.000000
_7391_,generated_datapath,0,0,0,0,,,0.000000,0.000000
_7393_,generated_control,0,0,0,0,,,0.000000,0.000000
_7394_,generated_datapath,0,0,0,0,,,0.000000,0.000000
_7396_,generated_control,0,0,0,0,,,0.000000,0.000000
_7397_,generated_datapath,0,0,0,0,,,0.000000,0.000000
_7398_,execute_alu,0,0,0,0,,,0.000000,0.000000
_7399_,generated_control,0,0,0,0,,,0.000000,0.000000
_7400_,generated_datapath,0,0,0,0,,,0.000000,0.000000
_7401_,generated_control,0,0,0,0,,,0.000000,0.000000
_7402_,generated_datapath,0,0,0,0,,,0.000000,0.000000
_7403_,generated_control,0,0,0,0,,,0.000000,0.000000
_7404_,generated_datapath,0,0,0,0,,,0.000000,0.000000
_7405_,generated_control,0,0,0,0,,,0.000000,0.000000
_7406_,generated_datapath,0,0,0,0,,,0.000000,0.000000
_7407_,execute_alu,0,0,0,0,,,0.000000,0.000000
_7408_,generated_control,0,0,0,0,,,0.000000,0.000000
_7409_,generated_datapath,0,0,0,0,,,0.000000,0.000000
_7410_,generated_control,0,0,0,0,,,0.000000,0.000000
_7411_,generated_datapath,0,0,0,0,,,0.000000,0.000000
_7412_,execute_alu,0,0,0,0,,,0.000000,0.000000
_7413_,generated_control,0,0,0,0,,,0.000000,0.000000
_7414_,generated_datapath,0,0,0,0,,,0.000000,0.000000
_7415_,generated_control,0,0,0,0,,,0.000000,0.000000
_7416_,generated_datapath,0,0,0,0,,,0.000000,0.000000
_7417_,generated_control,0,0,0,0,,,0.000000,0.000000
_7418_,generated_datapath,0,0,0,0,,,0.000000,0.000000
_7419_,generated_control,0,0,0,0,,,0.000000,0.000000
_7420_,generated_datapath,0,0,0,0,,,0.000000,0.000000
_7421_,generated_control,0,0,0,0,,,0.000000,0.000000
_7422_,generated_datapath,0,0,0,0,,,0.000000,0.000000
_7423_,generated_datapath,0,0,0,0,,,0.000000,0.000000
_7424_,execute_alu,0,0,0,0,,,0.000000,0.000000
_7425_,generated_control,0,0,0,0,,,0.000000,0.000000
_7426_,generated_control,0,0,0,0,,,0.000000,0.000000
_7427_,generated_control,0,0,0,0,,,0.000000,0.000000
_7428_,generated_control,0,0,0,0,,,0.000000,0.000000
_7429_,generated_datapath,0,0,0,0,,,0.000000,0.000000
_7430_,execute_alu,0,0,0,0,,,0.000000,0.000000
_7431_,generated_control,0,0,0,0,,,0.000000,0.000000
_7432_,generated_datapath,0,0,0,0,,,0.000000,0.000000
_7433_,generated_datapath,0,0,0,0,,,0.000000,0.000000
_7434_,execute_alu,0,0,0,0,,,0.000000,0.000000
_7435_,generated_control,0,0,0,0,,,0.000000,0.000000
_7436_,generated_datapath,0,0,0,0,,,0.000000,0.000000
_7437_,generated_datapath,0,0,0,0,,,0.000000,0.000000
_7438_,execute_alu,0,0,0,0,,,0.000000,0.000000
_7439_,generated_control,0,0,0,0,,,0.000000,0.000000
_7440_,generated_datapath,0,0,0,0,,,0.000000,0.000000
_7441_,generated_datapath,0,0,0,0,,,0.000000,0.000000
_7442_,execute_alu,0,0,0,0,,,0.000000,0.000000
_7444_,generated_control,0,0,0,0,,,0.000000,0.000000
_7445_,generated_datapath,0,0,0,0,,,0.000000,0.000000
_7446_,execute_alu,0,0,0,0,,,0.000000,0.000000
_7447_,generated_control,0,0,0,0,,,0.000000,0.000000
_7448_,generated_datapath,0,0,0,0,,,0.000000,0.000000
_7449_,execute_alu,0,0,0,0,,,0.000000,0.000000
_7450_,generated_control,0,0,0,0,,,0.000000,0.000000
_7451_,generated_datapath,0,0,0,0,,,0.000000,0.000000
_7452_,generated_datapath,0,0,0,0,,,0.000000,0.000000
_7453_,execute_alu,0,0,0,0,,,0.000000,0.000000
_7454_,generated_control,0,0,0,0,,,0.000000,0.000000
_7455_,generated_datapath,0,0,0,0,,,0.000000,0.000000
_7456_,generated_datapath,0,0,0,0,,,0.000000,0.000000
_7457_,execute_alu,0,0,0,0,,,0.000000,0.000000
_7458_,generated_control,0,0,0,0,,,0.000000,0.000000
_7459_,generated_datapath,0,0,0,0,,,0.000000,0.000000
_7460_,execute_alu,0,0,0,0,,,0.000000,0.000000
_7461_,generated_control,0,0,0,0,,,0.000000,0.000000
_7462_,generated_datapath,0,0,0,0,,,0.000000,0.000000
_7463_,generated_datapath,0,0,0,0,,,0.000000,0.000000
_7464_,execute_alu,0,0,0,0,,,0.000000,0.000000
_7465_,generated_control,0,0,0,0,,,0.000000,0.000000
_7466_,generated_datapath,0,0,0,0,,,0.000000,0.000000
_7467_,generated_datapath,0,0,0,0,,,0.000000,0.000000
_7468_,execute_alu,0,0,0,0,,,0.000000,0.000000
_7469_,generated_control,0,0,0,0,,,0.000000,0.000000
_7470_,generated_control,0,0,0,0,,,0.000000,0.000000
_7471_,generated_datapath,0,0,0,0,,,0.000000,0.000000
_7472_,execute_alu,0,0,0,0,,,0.000000,0.000000
_7473_,generated_control,0,0,0,0,,,0.000000,0.000000
_7474_,generated_datapath,0,0,0,0,,,0.000000,0.000000
_7475_,execute_alu,0,0,0,0,,,0.000000,0.000000
_7476_,generated_control,0,0,0,0,,,0.000000,0.000000
_7477_,generated_datapath,0,0,0,0,,,0.000000,0.000000
_7478_,execute_alu,0,0,0,0,,,0.000000,0.000000
_7479_,generated_control,0,0,0,0,,,0.000000,0.000000
_7480_,generated_datapath,0,0,0,0,,,0.000000,0.000000
_7481_,generated_datapath,0,0,0,0,,,0.000000,0.000000
_7482_,execute_alu,0,0,0,0,,,0.000000,0.000000
_7483_,generated_datapath,0,0,0,0,,,0.000000,0.000000
_7484_,execute_alu,0,0,0,0,,,0.000000,0.000000
_7485_,generated_control,0,0,0,0,,,0.000000,0.000000
_7486_,generated_datapath,0,0,0,0,,,0.000000,0.000000
_7487_,execute_alu,0,0,0,0,,,0.000000,0.000000
_7488_,generated_control,0,0,0,0,,,0.000000,0.000000
_7489_,generated_datapath,0,0,0,0,,,0.000000,0.000000
_7490_,execute_alu,0,0,0,0,,,0.000000,0.000000
_7491_,generated_control,0,0,0,0,,,0.000000,0.000000
_7492_,generated_datapath,0,0,0,0,,,0.000000,0.000000
_7493_,execute_alu,0,0,0,0,,,0.000000,0.000000
_7494_,generated_control,0,0,0,0,,,0.000000,0.000000
_7495_,generated_datapath,0,0,0,0,,,0.000000,0.000000
_7496_,generated_datapath,0,0,0,0,,,0.000000,0.000000
_7497_,execute_alu,0,0,0,0,,,0.000000,0.000000
_7498_,generated_control,0,0,0,0,,,0.000000,0.000000
_7499_,generated_datapath,0,0,0,0,,,0.000000,0.000000
_7500_,execute_alu,0,0,0,0,,,0.000000,0.000000
_7501_,generated_control,0,0,0,0,,,0.000000,0.000000
_7502_,generated_datapath,0,0,0,0,,,0.000000,0.000000
_7503_,execute_alu,0,0,0,0,,,0.000000,0.000000
_7504_,generated_control,0,0,0,0,,,0.000000,0.000000
_7505_,generated_datapath,0,0,0,0,,,0.000000,0.000000
_7506_,execute_alu,0,0,0,0,,,0.000000,0.000000
_7507_,generated_datapath,0,0,0,0,,,0.000000,0.000000
_7508_,execute_alu,0,0,0,0,,,0.000000,0.000000
_7509_,generated_datapath,0,0,0,0,,,0.000000,0.000000
_7510_,execute_alu,0,0,0,0,,,0.000000,0.000000
_7511_,generated_datapath,0,0,0,0,,,0.000000,0.000000
_7512_,execute_alu,0,0,0,0,,,0.000000,0.000000
_7513_,generated_datapath,71,0,0,0,-0.736300,,93.700060,0.955452
_7514_,execute_alu,71,0,0,0,-0.736300,,93.700060,0.955452
_7515_,generated_control,0,0,0,0,,,0.000000,0.000000
_7516_,generated_control,0,0,0,0,,,0.000000,0.000000
_7517_,generated_control,1,1,0,0,2.189000,2.857400,0.313578,0.003198
_7518_,generated_control,0,1,0,0,,2.785000,0.000000,0.000000
_7519_,generated_control,0,0,0,0,,,0.000000,0.000000
_7520_,generated_control,1,0,0,0,2.527200,,0.283511,0.002891
_7521_,generated_control,1,0,0,0,2.386500,,0.295290,0.003011
_7522_,generated_control,0,0,0,0,,,0.000000,0.000000
_7523_,generated_control,0,1,0,0,,2.770700,0.000000,0.000000
_7524_,generated_control,1,0,0,0,2.377800,,0.296051,0.003019
_7525_,generated_control,1,0,0,0,2.374900,,0.296305,0.003021
_7526_,generated_control,1,0,0,0,2.320300,,0.301178,0.003071
_7527_,generated_control,1,1,0,0,2.459200,2.821700,0.289084,0.002948
_7528_,generated_control,0,0,0,0,,,0.000000,0.000000
_7529_,generated_control,1,0,0,0,2.467300,,0.288409,0.002941
_7530_,generated_control,0,0,0,0,,,0.000000,0.000000
_7531_,generated_control,0,1,0,0,,2.863800,0.000000,0.000000
_7532_,generated_control,0,0,0,0,,,0.000000,0.000000
_7533_,generated_control,0,0,0,0,,,0.000000,0.000000
_7534_,generated_control,1,0,0,0,2.343400,,0.299097,0.003050
_7535_,generated_control,0,0,0,0,,,0.000000,0.000000
_7536_,generated_control,1,0,0,0,2.493500,,0.286246,0.002919
_7537_,generated_control,1,0,0,0,2.455500,,0.289394,0.002951
_7538_,generated_control,0,0,0,0,,,0.000000,0.000000
_7539_,generated_control,1,0,0,0,2.530400,,0.283254,0.002888
_7540_,generated_control,1,0,0,0,2.275900,,0.305260,0.003113
_7541_,generated_control,1,0,0,0,2.485400,,0.286911,0.002926
_7542_,generated_control,1,0,0,0,2.526400,,0.283575,0.002892
_7543_,generated_control,0,0,0,0,,,0.000000,0.000000
_7544_,generated_control,0,0,0,0,,,0.000000,0.000000
_7545_,generated_control,0,0,0,0,,,0.000000,0.000000
_7546_,generated_control,0,0,0,0,,,0.000000,0.000000
_7547_,generated_control,0,0,0,0,,,0.000000,0.000000
_7548_,generated_control,0,0,0,0,,,0.000000,0.000000
_7549_,generated_control,0,1,0,0,,0.580400,0.000000,0.000000
_7550_,generated_control,0,0,0,0,,,0.000000,0.000000
_7551_,generated_control,0,0,0,0,,,0.000000,0.000000
_7552_,generated_datapath,0,0,0,0,,,0.000000,0.000000
_7553_,generated_datapath,0,0,0,0,,,0.000000,0.000000
_7554_,generated_control,0,0,0,0,,,0.000000,0.000000
_7555_,generated_control,0,0,0,0,,,0.000000,0.000000
_7556_,generated_control,0,0,0,0,,,0.000000,0.000000
_7557_,generated_control,0,0,0,0,,,0.000000,0.000000
_7558_,generated_control,0,0,0,0,,,0.000000,0.000000
_7559_,generated_control,0,0,0,0,,,0.000000,0.000000
_7560_,generated_control,0,0,0,0,,,0.000000,0.000000
_7561_,generated_control,0,0,0,0,,,0.000000,0.000000
_7562_,generated_control,0,0,0,0,,,0.000000,0.000000
_7563_,generated_control,0,0,0,0,,,0.000000,0.000000
_7564_,generated_control,0,0,0,0,,,0.000000,0.000000
_7565_,generated_control,0,0,0,0,,,0.000000,0.000000
_7566_,generated_control,0,0,0,0,,,0.000000,0.000000
_7567_,generated_control,0,0,0,0,,,0.000000,0.000000
_7568_,generated_control,0,0,0,0,,,0.000000,0.000000
_7569_,generated_control,0,0,0,0,,,0.000000,0.000000
_7570_,generated_control,0,0,0,0,,,0.000000,0.000000
_7571_,generated_control,0,0,0,0,,,0.000000,0.000000
_7572_,generated_control,0,0,0,0,,,0.000000,0.000000
_7573_,generated_control,0,0,0,0,,,0.000000,0.000000
_7574_,generated_control,0,0,0,0,,,0.000000,0.000000
_7575_,generated_control,0,0,0,0,,,0.000000,0.000000
_7576_,generated_control,0,0,0,0,,,0.000000,0.000000
_7577_,generated_control,0,0,0,0,,,0.000000,0.000000
_7578_,generated_control,0,0,0,0,,,0.000000,0.000000
_7579_,generated_control,0,0,0,0,,,0.000000,0.000000
_7580_,generated_control,0,0,0,0,,,0.000000,0.000000
_7581_,generated_control,0,0,0,0,,,0.000000,0.000000
_7582_,generated_control,0,0,0,0,,,0.000000,0.000000
_7583_,generated_control,0,0,0,0,,,0.000000,0.000000
_7584_,generated_control,0,0,0,0,,,0.000000,0.000000
_7585_,generated_control,0,0,0,0,,,0.000000,0.000000
_7586_,generated_control,0,0,0,0,,,0.000000,0.000000
_7587_,generated_control,0,0,0,0,,,0.000000,0.000000
_7588_,generated_control,0,0,0,0,,,0.000000,0.000000
_7589_,generated_control,0,0,0,0,,,0.000000,0.000000
_7590_,generated_control,0,0,0,0,,,0.000000,0.000000
_7591_,generated_control,0,0,0,0,,,0.000000,0.000000
_7592_,generated_control,0,0,0,0,,,0.000000,0.000000
_7593_,generated_control,0,0,0,0,,,0.000000,0.000000
_7594_,generated_control,0,0,0,0,,,0.000000,0.000000
_7595_,generated_control,0,0,0,0,,,0.000000,0.000000
_7596_,generated_control,0,0,0,0,,,0.000000,0.000000
_7597_,generated_control,0,0,0,0,,,0.000000,0.000000
_7598_,generated_control,0,0,0,0,,,0.000000,0.000000
_7599_,generated_control,0,0,0,0,,,0.000000,0.000000
_7600_,generated_control,1,0,0,0,2.175000,,0.314961,0.003212
_7601_,generated_control,0,0,0,0,,,0.000000,0.000000
_7602_,generated_datapath,0,1,0,0,,1.086900,0.000000,0.000000
_7603_,generated_control,0,0,0,0,,,0.000000,0.000000
_7604_,generated_datapath,0,0,0,0,,,0.000000,0.000000
_7605_,generated_datapath,0,0,0,0,,,0.000000,0.000000
_7606_,generated_datapath,0,0,0,0,,,0.000000,0.000000
_7607_,generated_datapath,0,0,0,0,,,0.000000,0.000000
_7608_,generated_datapath,0,0,0,0,,,0.000000,0.000000
_7609_,generated_datapath,0,0,0,0,,,0.000000,0.000000
_7610_,generated_control,0,1,0,0,,1.086900,0.000000,0.000000
_7611_,generated_control,0,0,0,0,,,0.000000,0.000000
_7612_,execute_alu,0,0,0,0,,,0.000000,0.000000
_7613_,generated_control,1,0,0,0,-0.055200,,1.055200,0.010760
_7614_,generated_datapath,0,0,0,0,,,0.000000,0.000000
_7615_,execute_alu,1,0,0,0,-0.055200,,1.055200,0.010760
_7616_,execute_alu,1,0,0,0,-0.055200,,1.055200,0.010760
_7617_,generated_control,0,0,0,0,,,0.000000,0.000000
_7618_,generated_control,0,0,0,0,,,0.000000,0.000000
_7619_,execute_alu,0,0,0,0,,,0.000000,0.000000
_7620_,generated_datapath,0,0,0,0,,,0.000000,0.000000
_7621_,generated_datapath,0,0,0,0,,,0.000000,0.000000
_7622_,generated_datapath,0,0,0,0,,,0.000000,0.000000
_7623_,generated_datapath,0,0,0,0,,,0.000000,0.000000
_7624_,generated_datapath,0,0,0,0,,,0.000000,0.000000
_7625_,generated_control,0,0,0,0,,,0.000000,0.000000
_7626_,generated_datapath,0,0,0,0,,,0.000000,0.000000
_7627_,execute_alu,0,0,0,0,,,0.000000,0.000000
_7628_,execute_alu,0,0,0,0,,,0.000000,0.000000
_7629_,execute_alu,0,0,0,0,,,0.000000,0.000000
_7630_,generated_datapath,0,0,0,0,,,0.000000,0.000000
_7631_,generated_datapath,0,0,0,0,,,0.000000,0.000000
_7632_,generated_datapath,0,0,0,0,,,0.000000,0.000000
_7633_,generated_datapath,1,0,0,0,-0.055200,,1.055200,0.010760
_7634_,generated_datapath,0,0,0,0,,,0.000000,0.000000
_7635_,generated_datapath,0,0,0,0,,,0.000000,0.000000
_7636_,generated_datapath,0,0,0,0,,,0.000000,0.000000
_7637_,generated_datapath,0,0,0,0,,,0.000000,0.000000
_7638_,execute_alu,0,0,0,0,,,0.000000,0.000000
_7639_,generated_control,0,0,0,0,,,0.000000,0.000000
_7640_,execute_alu,64,0,0,0,-0.736300,,86.847225,0.885575
_7641_,execute_alu,71,0,0,0,-0.736300,,93.700060,0.955452
_7642_,generated_datapath,0,0,0,0,,,0.000000,0.000000
_7643_,generated_datapath,0,0,0,0,,,0.000000,0.000000
_7644_,generated_datapath,0,0,0,0,,,0.000000,0.000000
_7645_,generated_datapath,0,0,0,0,,,0.000000,0.000000
_7646_,generated_datapath,0,0,0,0,,,0.000000,0.000000
_7647_,generated_datapath,0,0,0,0,,,0.000000,0.000000
_7648_,generated_datapath,0,0,0,0,,,0.000000,0.000000
_7649_,generated_datapath,0,0,0,0,,,0.000000,0.000000
_7650_,generated_datapath,0,0,0,0,,,0.000000,0.000000
_7651_,generated_datapath,0,0,0,0,,,0.000000,0.000000
_7652_,generated_datapath,0,0,0,0,,,0.000000,0.000000
_7653_,generated_datapath,0,0,0,0,,,0.000000,0.000000
_7654_,generated_datapath,0,0,0,0,,,0.000000,0.000000
_7655_,generated_datapath,0,0,0,0,,,0.000000,0.000000
_7656_,generated_datapath,0,0,0,0,,,0.000000,0.000000
_7657_,execute_alu,0,1,0,0,,0.820400,0.000000,0.000000
_7658_,execute_alu,0,0,0,0,,,0.000000,0.000000
_7659_,execute_alu,0,0,0,0,,,0.000000,0.000000
_7660_,execute_alu,0,0,0,0,,,0.000000,0.000000
_7661_,execute_alu,0,0,0,0,,,0.000000,0.000000
_7662_,execute_alu,0,0,0,0,,,0.000000,0.000000
_7663_,execute_alu,0,0,0,0,,,0.000000,0.000000
_7664_,execute_alu,0,0,0,0,,,0.000000,0.000000
_7665_,execute_alu,0,0,0,0,,,0.000000,0.000000
_7666_,execute_alu,0,0,0,0,,,0.000000,0.000000
_7667_,execute_alu,0,0,0,0,,,0.000000,0.000000
_7668_,execute_alu,0,0,0,0,,,0.000000,0.000000
_7669_,execute_alu,0,0,0,0,,,0.000000,0.000000
_7670_,execute_alu,0,0,0,0,,,0.000000,0.000000
_7671_,execute_alu,0,0,0,0,,,0.000000,0.000000
_7672_,execute_alu,0,0,0,0,,,0.000000,0.000000
_7673_,execute_alu,0,0,0,0,,,0.000000,0.000000
_7674_,execute_alu,0,0,0,0,,,0.000000,0.000000
_7675_,execute_alu,0,0,0,0,,,0.000000,0.000000
_7676_,execute_alu,0,1,0,0,,2.765900,0.000000,0.000000
_7677_,execute_alu,0,1,0,0,,2.777100,0.000000,0.000000
_7678_,execute_alu,0,0,0,0,,,0.000000,0.000000
_7679_,execute_alu,0,0,0,0,,,0.000000,0.000000
_7680_,execute_alu,0,0,0,0,,,0.000000,0.000000
_7681_,execute_alu,0,0,0,0,,,0.000000,0.000000
_7682_,execute_alu,0,0,0,0,,,0.000000,0.000000
_7683_,execute_alu,0,0,0,0,,,0.000000,0.000000
_7684_,execute_alu,0,0,0,0,,,0.000000,0.000000
_7685_,execute_alu,0,0,0,0,,,0.000000,0.000000
_7686_,execute_alu,0,0,0,0,,,0.000000,0.000000
_7687_,execute_alu,0,0,0,0,,,0.000000,0.000000
_7688_,execute_alu,0,0,0,0,,,0.000000,0.000000
_7689_,execute_alu,0,0,0,0,,,0.000000,0.000000
_7690_,execute_alu,0,0,0,0,,,0.000000,0.000000
_7691_,execute_alu,0,0,0,0,,,0.000000,0.000000
_7692_,execute_alu,0,0,0,0,,,0.000000,0.000000
_7693_,execute_alu,0,0,0,0,,,0.000000,0.000000
_7694_,execute_alu,0,0,0,0,,,0.000000,0.000000
_7695_,execute_alu,0,0,0,0,,,0.000000,0.000000
_7696_,execute_alu,0,0,0,0,,,0.000000,0.000000
_7697_,execute_alu,0,0,0,0,,,0.000000,0.000000
_7698_,execute_alu,0,0,0,0,,,0.000000,0.000000
_7699_,execute_alu,0,0,0,0,,,0.000000,0.000000
_7700_,execute_alu,0,0,0,0,,,0.000000,0.000000
_7701_,execute_alu,0,0,0,0,,,0.000000,0.000000
_7702_,execute_alu,0,0,0,0,,,0.000000,0.000000
_7703_,execute_alu,0,0,0,0,,,0.000000,0.000000
_7704_,execute_alu,0,0,0,0,,,0.000000,0.000000
_7705_,execute_alu,0,0,0,0,,,0.000000,0.000000
_7706_,execute_alu,0,0,0,0,,,0.000000,0.000000
_7707_,execute_alu,0,0,0,0,,,0.000000,0.000000
_7708_,execute_alu,5,0,0,0,-0.386200,,5.121014,0.052219
_7709_,execute_alu,0,0,0,0,,,0.000000,0.000000
_7710_,execute_alu,0,0,0,0,,,0.000000,0.000000
_7711_,execute_alu,0,0,0,0,,,0.000000,0.000000
_7712_,execute_alu,0,0,0,0,,,0.000000,0.000000
_7713_,execute_alu,0,0,0,0,,,0.000000,0.000000
_7714_,execute_alu,0,0,0,0,,,0.000000,0.000000
_7715_,execute_alu,0,0,0,0,,,0.000000,0.000000
_7716_,execute_alu,0,0,0,0,,,0.000000,0.000000
_7717_,generated_datapath,0,0,0,0,,,0.000000,0.000000
_7718_,execute_alu,0,0,0,0,,,0.000000,0.000000
_7719_,generated_datapath,0,0,0,0,,,0.000000,0.000000
_7720_,generated_datapath,0,0,0,0,,,0.000000,0.000000
_7721_,generated_datapath,0,0,0,0,,,0.000000,0.000000
_7722_,generated_datapath,0,0,0,0,,,0.000000,0.000000
_7723_,generated_datapath,0,0,0,0,,,0.000000,0.000000
_7724_,execute_alu,0,0,0,0,,,0.000000,0.000000
_7725_,execute_alu,0,0,0,0,,,0.000000,0.000000
_7726_,generated_datapath,0,0,0,0,,,0.000000,0.000000
_7727_,generated_datapath,0,0,0,0,,,0.000000,0.000000
_7728_,generated_datapath,0,0,0,0,,,0.000000,0.000000
_7729_,generated_datapath,0,0,0,0,,,0.000000,0.000000
_7730_,generated_datapath,0,0,0,0,,,0.000000,0.000000
_7731_,generated_datapath,0,0,0,0,,,0.000000,0.000000
_7732_,generated_datapath,0,0,0,0,,,0.000000,0.000000
_7733_,generated_datapath,0,0,0,0,,,0.000000,0.000000
_7734_,generated_datapath,0,0,0,0,,,0.000000,0.000000
_7735_,generated_datapath,0,0,0,0,,,0.000000,0.000000
_7736_,generated_datapath,0,0,0,0,,,0.000000,0.000000
_7737_,generated_datapath,0,0,0,0,,,0.000000,0.000000
_7738_,generated_datapath,0,0,0,0,,,0.000000,0.000000
_7739_,generated_datapath,0,0,0,0,,,0.000000,0.000000
_7740_,generated_datapath,0,0,0,0,,,0.000000,0.000000
_7741_,generated_datapath,0,0,0,0,,,0.000000,0.000000
_7742_,generated_datapath,0,0,0,0,,,0.000000,0.000000
_7743_,generated_datapath,0,0,0,0,,,0.000000,0.000000
_7744_,generated_datapath,0,0,0,0,,,0.000000,0.000000
_7745_,generated_datapath,0,0,0,0,,,0.000000,0.000000
_7746_,generated_datapath,0,0,0,0,,,0.000000,0.000000
clkbuf_0_clk,clock_reset,0,0,0,0,,,0.000000,0.000000
clkbuf_3_0__f_clk,clock_reset,0,0,0,0,,,0.000000,0.000000
clkbuf_3_1__f_clk,clock_reset,0,0,0,0,,,0.000000,0.000000
clkbuf_3_2__f_clk,clock_reset,0,0,0,0,,,0.000000,0.000000
clkbuf_3_3__f_clk,clock_reset,0,0,0,0,,,0.000000,0.000000
clkbuf_3_4__f_clk,clock_reset,0,0,0,0,,,0.000000,0.000000
clkbuf_3_5__f_clk,clock_reset,0,0,0,0,,,0.000000,0.000000
clkbuf_3_6__f_clk,clock_reset,0,0,0,0,,,0.000000,0.000000
clkbuf_3_7__f_clk,clock_reset,0,0,0,0,,,0.000000,0.000000
clkbuf_leaf_0_clk,clock_reset,0,0,0,0,,,0.000000,0.000000
clkbuf_leaf_100_clk,clock_reset,0,0,0,0,,,0.000000,0.000000
clkbuf_leaf_101_clk,clock_reset,0,0,0,0,,,0.000000,0.000000
clkbuf_leaf_10_clk,clock_reset,0,0,0,0,,,0.000000,0.000000
clkbuf_leaf_11_clk,clock_reset,0,0,0,0,,,0.000000,0.000000
clkbuf_leaf_12_clk,clock_reset,0,0,0,0,,,0.000000,0.000000
clkbuf_leaf_13_clk,clock_reset,0,0,0,0,,,0.000000,0.000000
clkbuf_leaf_14_clk,clock_reset,0,0,0,0,,,0.000000,0.000000
clkbuf_leaf_15_clk,clock_reset,0,0,0,0,,,0.000000,0.000000
clkbuf_leaf_16_clk,clock_reset,0,0,0,0,,,0.000000,0.000000
clkbuf_leaf_17_clk,clock_reset,0,0,0,0,,,0.000000,0.000000
clkbuf_leaf_18_clk,clock_reset,0,0,0,0,,,0.000000,0.000000
clkbuf_leaf_19_clk,clock_reset,0,0,0,0,,,0.000000,0.000000
clkbuf_leaf_1_clk,clock_reset,0,0,0,0,,,0.000000,0.000000
clkbuf_leaf_20_clk,clock_reset,0,0,0,0,,,0.000000,0.000000
clkbuf_leaf_21_clk,clock_reset,0,0,0,0,,,0.000000,0.000000
clkbuf_leaf_22_clk,clock_reset,0,0,0,0,,,0.000000,0.000000
clkbuf_leaf_23_clk,clock_reset,0,0,0,0,,,0.000000,0.000000
clkbuf_leaf_24_clk,clock_reset,0,0,0,0,,,0.000000,0.000000
clkbuf_leaf_25_clk,clock_reset,0,0,0,0,,,0.000000,0.000000
clkbuf_leaf_26_clk,clock_reset,0,0,0,0,,,0.000000,0.000000
clkbuf_leaf_27_clk,clock_reset,0,0,0,0,,,0.000000,0.000000
clkbuf_leaf_28_clk,clock_reset,0,0,0,0,,,0.000000,0.000000
clkbuf_leaf_29_clk,clock_reset,0,0,0,0,,,0.000000,0.000000
clkbuf_leaf_2_clk,clock_reset,0,0,0,0,,,0.000000,0.000000
clkbuf_leaf_30_clk,clock_reset,0,0,0,0,,,0.000000,0.000000
clkbuf_leaf_31_clk,clock_reset,0,0,0,0,,,0.000000,0.000000
clkbuf_leaf_32_clk,clock_reset,0,0,0,0,,,0.000000,0.000000
clkbuf_leaf_33_clk,clock_reset,0,0,0,0,,,0.000000,0.000000
clkbuf_leaf_34_clk,clock_reset,0,0,0,0,,,0.000000,0.000000
clkbuf_leaf_35_clk,clock_reset,0,0,0,0,,,0.000000,0.000000
clkbuf_leaf_36_clk,clock_reset,0,0,0,0,,,0.000000,0.000000
clkbuf_leaf_37_clk,clock_reset,0,0,0,0,,,0.000000,0.000000
clkbuf_leaf_38_clk,clock_reset,0,0,0,0,,,0.000000,0.000000
clkbuf_leaf_39_clk,clock_reset,0,0,0,0,,,0.000000,0.000000
clkbuf_leaf_3_clk,clock_reset,0,0,0,0,,,0.000000,0.000000
clkbuf_leaf_40_clk,clock_reset,0,0,0,0,,,0.000000,0.000000
clkbuf_leaf_41_clk,clock_reset,0,0,0,0,,,0.000000,0.000000
clkbuf_leaf_42_clk,clock_reset,0,0,0,0,,,0.000000,0.000000
clkbuf_leaf_43_clk,clock_reset,0,0,0,0,,,0.000000,0.000000
clkbuf_leaf_44_clk,clock_reset,0,0,0,0,,,0.000000,0.000000
clkbuf_leaf_45_clk,clock_reset,0,0,0,0,,,0.000000,0.000000
clkbuf_leaf_46_clk,clock_reset,0,0,0,0,,,0.000000,0.000000
clkbuf_leaf_47_clk,clock_reset,0,0,0,0,,,0.000000,0.000000
clkbuf_leaf_48_clk,clock_reset,0,0,0,0,,,0.000000,0.000000
clkbuf_leaf_49_clk,clock_reset,0,0,0,0,,,0.000000,0.000000
clkbuf_leaf_4_clk,clock_reset,0,0,0,0,,,0.000000,0.000000
clkbuf_leaf_50_clk,clock_reset,0,0,0,0,,,0.000000,0.000000
clkbuf_leaf_51_clk,clock_reset,0,0,0,0,,,0.000000,0.000000
clkbuf_leaf_52_clk,clock_reset,0,0,0,0,,,0.000000,0.000000
clkbuf_leaf_53_clk,clock_reset,0,0,0,0,,,0.000000,0.000000
clkbuf_leaf_54_clk,clock_reset,0,0,0,0,,,0.000000,0.000000
clkbuf_leaf_55_clk,clock_reset,0,0,0,0,,,0.000000,0.000000
clkbuf_leaf_56_clk,clock_reset,0,0,0,0,,,0.000000,0.000000
clkbuf_leaf_57_clk,clock_reset,0,0,0,0,,,0.000000,0.000000
clkbuf_leaf_58_clk,clock_reset,0,0,0,0,,,0.000000,0.000000
clkbuf_leaf_59_clk,clock_reset,0,0,0,0,,,0.000000,0.000000
clkbuf_leaf_5_clk,clock_reset,0,0,0,0,,,0.000000,0.000000
clkbuf_leaf_60_clk,clock_reset,0,0,0,0,,,0.000000,0.000000
clkbuf_leaf_61_clk,clock_reset,0,0,0,0,,,0.000000,0.000000
clkbuf_leaf_62_clk,clock_reset,0,0,0,0,,,0.000000,0.000000
clkbuf_leaf_63_clk,clock_reset,0,0,0,0,,,0.000000,0.000000
clkbuf_leaf_64_clk,clock_reset,0,0,0,0,,,0.000000,0.000000
clkbuf_leaf_65_clk,clock_reset,0,0,0,0,,,0.000000,0.000000
clkbuf_leaf_66_clk,clock_reset,0,0,0,0,,,0.000000,0.000000
clkbuf_leaf_67_clk,clock_reset,0,0,0,0,,,0.000000,0.000000
clkbuf_leaf_68_clk,clock_reset,0,0,0,0,,,0.000000,0.000000
clkbuf_leaf_69_clk,clock_reset,0,0,0,0,,,0.000000,0.000000
clkbuf_leaf_6_clk,clock_reset,0,0,0,0,,,0.000000,0.000000
clkbuf_leaf_70_clk,clock_reset,0,0,0,0,,,0.000000,0.000000
clkbuf_leaf_71_clk,clock_reset,0,0,0,0,,,0.000000,0.000000
clkbuf_leaf_72_clk,clock_reset,0,0,0,0,,,0.000000,0.000000
clkbuf_leaf_73_clk,clock_reset,0,0,0,0,,,0.000000,0.000000
clkbuf_leaf_74_clk,clock_reset,0,0,0,0,,,0.000000,0.000000
clkbuf_leaf_75_clk,clock_reset,0,0,0,0,,,0.000000,0.000000
clkbuf_leaf_76_clk,clock_reset,0,0,0,0,,,0.000000,0.000000
clkbuf_leaf_77_clk,clock_reset,0,0,0,0,,,0.000000,0.000000
clkbuf_leaf_78_clk,clock_reset,0,0,0,0,,,0.000000,0.000000
clkbuf_leaf_79_clk,clock_reset,0,0,0,0,,,0.000000,0.000000
clkbuf_leaf_7_clk,clock_reset,0,0,0,0,,,0.000000,0.000000
clkbuf_leaf_80_clk,clock_reset,0,0,0,0,,,0.000000,0.000000
clkbuf_leaf_81_clk,clock_reset,0,0,0,0,,,0.000000,0.000000
clkbuf_leaf_82_clk,clock_reset,0,0,0,0,,,0.000000,0.000000
clkbuf_leaf_83_clk,clock_reset,0,0,0,0,,,0.000000,0.000000
clkbuf_leaf_84_clk,clock_reset,0,0,0,0,,,0.000000,0.000000
clkbuf_leaf_85_clk,clock_reset,0,0,0,0,,,0.000000,0.000000
clkbuf_leaf_86_clk,clock_reset,0,0,0,0,,,0.000000,0.000000
clkbuf_leaf_87_clk,clock_reset,0,0,0,0,,,0.000000,0.000000
clkbuf_leaf_88_clk,clock_reset,0,0,0,0,,,0.000000,0.000000
clkbuf_leaf_89_clk,clock_reset,0,0,0,0,,,0.000000,0.000000
clkbuf_leaf_8_clk,clock_reset,0,0,0,0,,,0.000000,0.000000
clkbuf_leaf_90_clk,clock_reset,0,0,0,0,,,0.000000,0.000000
clkbuf_leaf_91_clk,clock_reset,0,0,0,0,,,0.000000,0.000000
clkbuf_leaf_92_clk,clock_reset,0,0,0,0,,,0.000000,0.000000
clkbuf_leaf_93_clk,clock_reset,0,0,0,0,,,0.000000,0.000000
clkbuf_leaf_94_clk,clock_reset,0,0,0,0,,,0.000000,0.000000
clkbuf_leaf_95_clk,clock_reset,0,0,0,0,,,0.000000,0.000000
clkbuf_leaf_96_clk,clock_reset,0,0,0,0,,,0.000000,0.000000
clkbuf_leaf_97_clk,clock_reset,0,0,0,0,,,0.000000,0.000000
clkbuf_leaf_98_clk,clock_reset,0,0,0,0,,,0.000000,0.000000
clkbuf_leaf_99_clk,clock_reset,0,0,0,0,,,0.000000,0.000000
clkbuf_leaf_9_clk,clock_reset,0,0,0,0,,,0.000000,0.000000
clkload0,clock_reset,0,0,0,0,,,0.000000,0.000000
clkload1,generated_control,0,0,0,0,,,0.000000,0.000000
clkload10,clock_reset,0,0,0,0,,,0.000000,0.000000
clkload11,clock_reset,0,0,0,0,,,0.000000,0.000000
clkload12,clock_reset,0,0,0,0,,,0.000000,0.000000
clkload13,clock_reset,0,0,0,0,,,0.000000,0.000000
clkload14,clock_reset,0,0,0,0,,,0.000000,0.000000
clkload15,clock_reset,0,0,0,0,,,0.000000,0.000000
clkload16,clock_reset,0,0,0,0,,,0.000000,0.000000
clkload17,clock_reset,0,0,0,0,,,0.000000,0.000000
clkload18,clock_reset,0,0,0,0,,,0.000000,0.000000
clkload19,clock_reset,0,0,0,0,,,0.000000,0.000000
clkload2,clock_reset,0,0,0,0,,,0.000000,0.000000
clkload20,clock_reset,0,0,0,0,,,0.000000,0.000000
clkload21,clock_reset,0,0,0,0,,,0.000000,0.000000
clkload22,clock_reset,0,0,0,0,,,0.000000,0.000000
clkload23,clock_reset,0,0,0,0,,,0.000000,0.000000
clkload24,generated_control,0,0,0,0,,,0.000000,0.000000
clkload25,clock_reset,0,0,0,0,,,0.000000,0.000000
clkload26,clock_reset,0,0,0,0,,,0.000000,0.000000
clkload27,clock_reset,0,0,0,0,,,0.000000,0.000000
clkload28,clock_reset,0,0,0,0,,,0.000000,0.000000
clkload29,clock_reset,0,0,0,0,,,0.000000,0.000000
clkload3,clock_reset,0,0,0,0,,,0.000000,0.000000
clkload30,generated_control,0,0,0,0,,,0.000000,0.000000
clkload31,clock_reset,0,0,0,0,,,0.000000,0.000000
clkload32,generated_control,0,0,0,0,,,0.000000,0.000000
clkload33,clock_reset,0,0,0,0,,,0.000000,0.000000
clkload34,clock_reset,0,0,0,0,,,0.000000,0.000000
clkload35,clock_reset,0,0,0,0,,,0.000000,0.000000
clkload36,clock_reset,0,0,0,0,,,0.000000,0.000000
clkload37,clock_reset,0,0,0,0,,,0.000000,0.000000
clkload38,clock_reset,0,0,0,0,,,0.000000,0.000000
clkload39,clock_reset,0,0,0,0,,,0.000000,0.000000
clkload4,clock_reset,0,0,0,0,,,0.000000,0.000000
clkload40,clock_reset,0,0,0,0,,,0.000000,0.000000
clkload41,clock_reset,0,0,0,0,,,0.000000,0.000000
clkload42,clock_reset,0,0,0,0,,,0.000000,0.000000
clkload43,clock_reset,0,0,0,0,,,0.000000,0.000000
clkload44,generated_control,0,0,0,0,,,0.000000,0.000000
clkload45,generated_control,0,0,0,0,,,0.000000,0.000000
clkload46,clock_reset,0,0,0,0,,,0.000000,0.000000
clkload47,clock_reset,0,0,0,0,,,0.000000,0.000000
clkload48,clock_reset,0,0,0,0,,,0.000000,0.000000
clkload49,clock_reset,0,0,0,0,,,0.000000,0.000000
clkload5,clock_reset,0,0,0,0,,,0.000000,0.000000
clkload50,clock_reset,0,0,0,0,,,0.000000,0.000000
clkload51,clock_reset,0,0,0,0,,,0.000000,0.000000
clkload52,clock_reset,0,0,0,0,,,0.000000,0.000000
clkload53,clock_reset,0,0,0,0,,,0.000000,0.000000
clkload54,clock_reset,0,0,0,0,,,0.000000,0.000000
clkload55,clock_reset,0,0,0,0,,,0.000000,0.000000
clkload56,clock_reset,0,0,0,0,,,0.000000,0.000000
clkload57,clock_reset,0,0,0,0,,,0.000000,0.000000
clkload58,generated_control,0,0,0,0,,,0.000000,0.000000
clkload59,clock_reset,0,0,0,0,,,0.000000,0.000000
clkload6,clock_reset,0,0,0,0,,,0.000000,0.000000
clkload60,clock_reset,0,0,0,0,,,0.000000,0.000000
clkload61,clock_reset,0,0,0,0,,,0.000000,0.000000
clkload62,generated_control,0,0,0,0,,,0.000000,0.000000
clkload63,clock_reset,0,0,0,0,,,0.000000,0.000000
clkload64,clock_reset,0,0,0,0,,,0.000000,0.000000
clkload65,clock_reset,0,0,0,0,,,0.000000,0.000000
clkload66,clock_reset,0,0,0,0,,,0.000000,0.000000
clkload67,generated_control,0,0,0,0,,,0.000000,0.000000
clkload68,clock_reset,0,0,0,0,,,0.000000,0.000000
clkload69,clock_reset,0,0,0,0,,,0.000000,0.000000
clkload7,clock_reset,0,0,0,0,,,0.000000,0.000000
clkload70,generated_control,0,0,0,0,,,0.000000,0.000000
clkload71,generated_control,0,0,0,0,,,0.000000,0.000000
clkload72,clock_reset,0,0,0,0,,,0.000000,0.000000
clkload73,clock_reset,0,0,0,0,,,0.000000,0.000000
clkload74,clock_reset,0,0,0,0,,,0.000000,0.000000
clkload75,clock_reset,0,0,0,0,,,0.000000,0.000000
clkload76,clock_reset,0,0,0,0,,,0.000000,0.000000
clkload77,generated_control,0,0,0,0,,,0.000000,0.000000
clkload78,clock_reset,0,0,0,0,,,0.000000,0.000000
clkload79,generated_control,0,0,0,0,,,0.000000,0.000000
clkload8,clock_reset,0,0,0,0,,,0.000000,0.000000
clkload80,clock_reset,0,0,0,0,,,0.000000,0.000000
clkload81,clock_reset,0,0,0,0,,,0.000000,0.000000
clkload82,clock_reset,0,0,0,0,,,0.000000,0.000000
clkload83,clock_reset,0,0,0,0,,,0.000000,0.000000
clkload84,clock_reset,0,0,0,0,,,0.000000,0.000000
clkload85,clock_reset,0,0,0,0,,,0.000000,0.000000
clkload86,generated_control,0,0,0,0,,,0.000000,0.000000
clkload87,clock_reset,0,0,0,0,,,0.000000,0.000000
clkload88,clock_reset,0,0,0,0,,,0.000000,0.000000
clkload89,clock_reset,0,0,0,0,,,0.000000,0.000000
clkload9,clock_reset,0,0,0,0,,,0.000000,0.000000
clkload90,clock_reset,0,0,0,0,,,0.000000,0.000000
clone1759,generated_control,0,0,0,0,,,0.000000,0.000000
clone1895,execute_alu,10,0,0,0,-0.341800,,13.397500,0.136613
clone1896,generated_control,8,0,0,0,-0.403100,,11.196000,0.114165
clone2085,execute_alu,0,0,0,0,,,0.000000,0.000000
clone2086,execute_alu,0,0,0,0,,,0.000000,0.000000
clone2171,execute_alu,0,0,0,0,,,0.000000,0.000000
clone2172,execute_alu,0,0,0,0,,,0.000000,0.000000
clone2331,clock_reset,0,0,0,0,,,0.000000,0.000000
clone2575,execute_alu,0,0,0,0,,,0.000000,0.000000
clone2664,execute_alu,0,0,0,0,,,0.000000,0.000000
dp.pcreg.q[0]$_DFFE_PP0P_,pipeline_state,0,20,20,1,,0.576900,0.000000,0.000000
dp.pcreg.q[10]$_DFF_PP0_,pipeline_state,0,2,2,1,,0.677300,0.000000,0.000000
dp.pcreg.q[11]$_DFF_PP0_,pipeline_state,0,2,2,1,,0.932200,0.000000,0.000000
dp.pcreg.q[12]$_DFF_PP0_,pipeline_state,0,2,2,1,,0.820200,0.000000,0.000000
dp.pcreg.q[13]$_DFF_PP0_,pipeline_state,0,2,2,1,,0.799600,0.000000,0.000000
dp.pcreg.q[14]$_DFF_PP0_,pipeline_state,0,2,2,1,,0.801600,0.000000,0.000000
dp.pcreg.q[15]$_DFF_PP0_,pipeline_state,0,2,2,1,,0.892900,0.000000,0.000000
dp.pcreg.q[16]$_DFF_PP0_,pipeline_state,0,2,2,1,,0.821800,0.000000,0.000000
dp.pcreg.q[17]$_DFF_PP0_,pipeline_state,0,2,2,1,,0.816500,0.000000,0.000000
dp.pcreg.q[18]$_DFF_PP0_,pipeline_state,0,2,2,1,,0.841700,0.000000,0.000000
dp.pcreg.q[19]$_DFF_PP0_,pipeline_state,0,2,2,1,,0.796100,0.000000,0.000000
dp.pcreg.q[1]$_DFFE_PP0P_,pipeline_state,0,2,2,1,,0.580400,0.000000,0.000000
dp.pcreg.q[20]$_DFF_PP0_,pipeline_state,0,2,2,1,,0.890700,0.000000,0.000000
dp.pcreg.q[21]$_DFF_PP0_,pipeline_state,0,2,2,1,,0.920500,0.000000,0.000000
dp.pcreg.q[22]$_DFF_PP0_,pipeline_state,0,2,2,1,,0.906700,0.000000,0.000000
dp.pcreg.q[23]$_DFF_PP0_,pipeline_state,0,2,2,1,,1.022800,0.000000,0.000000
dp.pcreg.q[24]$_DFF_PP0_,pipeline_state,0,2,2,1,,0.873700,0.000000,0.000000
dp.pcreg.q[25]$_DFF_PP0_,pipeline_state,0,4,4,1,,0.862700,0.000000,0.000000
dp.pcreg.q[26]$_DFF_PP0_,pipeline_state,0,2,1,1,,0.956800,0.000000,0.000000
dp.pcreg.q[27]$_DFF_PP0_,pipeline_state,0,2,1,1,,0.879800,0.000000,0.000000
dp.pcreg.q[28]$_DFF_PP0_,pipeline_state,0,3,3,1,,0.820600,0.000000,0.000000
dp.pcreg.q[29]$_DFF_PP0_,pipeline_state,0,2,1,1,,0.846600,0.000000,0.000000
dp.pcreg.q[2]$_DFF_PP0_,pipeline_state,0,2,2,1,,0.665200,0.000000,0.000000
dp.pcreg.q[30]$_DFF_PP0_,pipeline_state,0,2,2,1,,0.993200,0.000000,0.000000
dp.pcreg.q[31]$_DFF_PP0_,pipeline_state,0,2,2,1,,1.086900,0.000000,0.000000
dp.pcreg.q[3]$_DFF_PP0_,pipeline_state,0,2,2,1,,0.820400,0.000000,0.000000
dp.pcreg.q[4]$_DFF_PP0_,pipeline_state,0,2,2,1,,0.788600,0.000000,0.000000
dp.pcreg.q[5]$_DFF_PP0_,pipeline_state,0,2,2,1,,0.808800,0.000000,0.000000
dp.pcreg.q[6]$_DFF_PP0_,pipeline_state,0,2,2,1,,0.687800,0.000000,0.000000
dp.pcreg.q[7]$_DFF_PP0_,pipeline_state,0,2,2,1,,0.704900,0.000000,0.000000
dp.pcreg.q[8]$_DFF_PP0_,pipeline_state,0,2,2,1,,0.760300,0.000000,0.000000
dp.pcreg.q[9]$_DFF_PP0_,pipeline_state,0,2,2,1,,0.789100,0.000000,0.000000
dp.rf.rf[0][0]$_DFFE_PP_,pipeline_state,1,1,0,2,-0.404000,1.094900,1.404000,0.014316
dp.rf.rf[0][0]$_DFFE_PP__1,unclassified,0,0,0,0,,,0.000000,0.000000
dp.rf.rf[0][10]$_DFFE_PP_,pipeline_state,0,1,1,0,,2.716100,0.000000,0.000000
dp.rf.rf[0][10]$_DFFE_PP__2,unclassified,0,0,0,0,,,0.000000,0.000000
dp.rf.rf[0][11]$_DFFE_PP_,pipeline_state,0,0,0,0,,,0.000000,0.000000
dp.rf.rf[0][11]$_DFFE_PP__3,unclassified,0,0,0,0,,,0.000000,0.000000
dp.rf.rf[0][12]$_DFFE_PP_,pipeline_state,0,0,0,0,,,0.000000,0.000000
dp.rf.rf[0][12]$_DFFE_PP__4,unclassified,0,0,0,0,,,0.000000,0.000000
dp.rf.rf[0][13]$_DFFE_PP_,pipeline_state,0,0,0,0,,,0.000000,0.000000
dp.rf.rf[0][13]$_DFFE_PP__5,unclassified,0,0,0,0,,,0.000000,0.000000
dp.rf.rf[0][14]$_DFFE_PP_,pipeline_state,0,0,0,0,,,0.000000,0.000000
dp.rf.rf[0][14]$_DFFE_PP__6,unclassified,0,0,0,0,,,0.000000,0.000000
dp.rf.rf[0][15]$_DFFE_PP_,pipeline_state,0,0,0,0,,,0.000000,0.000000
dp.rf.rf[0][15]$_DFFE_PP__7,unclassified,0,0,0,0,,,0.000000,0.000000
dp.rf.rf[0][16]$_DFFE_PP_,pipeline_state,0,0,0,0,,,0.000000,0.000000
dp.rf.rf[0][16]$_DFFE_PP__8,unclassified,0,0,0,0,,,0.000000,0.000000
dp.rf.rf[0][17]$_DFFE_PP_,pipeline_state,0,0,0,0,,,0.000000,0.000000
dp.rf.rf[0][17]$_DFFE_PP__9,unclassified,0,0,0,0,,,0.000000,0.000000
dp.rf.rf[0][18]$_DFFE_PP_,pipeline_state,0,0,0,0,,,0.000000,0.000000
dp.rf.rf[0][18]$_DFFE_PP__10,unclassified,0,0,0,0,,,0.000000,0.000000
dp.rf.rf[0][19]$_DFFE_PP_,pipeline_state,0,1,1,0,,2.706200,0.000000,0.000000
dp.rf.rf[0][19]$_DFFE_PP__11,unclassified,0,0,0,0,,,0.000000,0.000000
dp.rf.rf[0][1]$_DFFE_PP_,execute_alu,0,0,0,0,,,0.000000,0.000000
dp.rf.rf[0][1]$_DFFE_PP__12,unclassified,0,0,0,0,,,0.000000,0.000000
dp.rf.rf[0][20]$_DFFE_PP_,pipeline_state,0,0,0,0,,,0.000000,0.000000
dp.rf.rf[0][20]$_DFFE_PP__13,unclassified,0,0,0,0,,,0.000000,0.000000
dp.rf.rf[0][21]$_DFFE_PP_,pipeline_state,0,0,0,0,,,0.000000,0.000000
dp.rf.rf[0][21]$_DFFE_PP__14,unclassified,0,0,0,0,,,0.000000,0.000000
dp.rf.rf[0][22]$_DFFE_PP_,pipeline_state,0,0,0,0,,,0.000000,0.000000
dp.rf.rf[0][22]$_DFFE_PP__15,unclassified,0,0,0,0,,,0.000000,0.000000
dp.rf.rf[0][23]$_DFFE_PP_,pipeline_state,0,1,1,0,,2.770900,0.000000,0.000000
dp.rf.rf[0][23]$_DFFE_PP__16,unclassified,0,0,0,0,,,0.000000,0.000000
dp.rf.rf[0][24]$_DFFE_PP_,pipeline_state,0,0,0,0,,,0.000000,0.000000
dp.rf.rf[0][24]$_DFFE_PP__17,unclassified,0,0,0,0,,,0.000000,0.000000
dp.rf.rf[0][25]$_DFFE_PP_,pipeline_state,0,0,0,0,,,0.000000,0.000000
dp.rf.rf[0][25]$_DFFE_PP__18,unclassified,0,0,0,0,,,0.000000,0.000000
dp.rf.rf[0][26]$_DFFE_PP_,pipeline_state,0,1,1,0,,2.779800,0.000000,0.000000
dp.rf.rf[0][26]$_DFFE_PP__19,unclassified,0,0,0,0,,,0.000000,0.000000
dp.rf.rf[0][27]$_DFFE_PP_,pipeline_state,0,0,0,0,,,0.000000,0.000000
dp.rf.rf[0][27]$_DFFE_PP__20,unclassified,0,0,0,0,,,0.000000,0.000000
dp.rf.rf[0][28]$_DFFE_PP_,pipeline_state,0,0,0,0,,,0.000000,0.000000
dp.rf.rf[0][28]$_DFFE_PP__21,unclassified,0,0,0,0,,,0.000000,0.000000
dp.rf.rf[0][29]$_DFFE_PP_,pipeline_state,0,0,0,0,,,0.000000,0.000000
dp.rf.rf[0][29]$_DFFE_PP__22,unclassified,0,0,0,0,,,0.000000,0.000000
dp.rf.rf[0][2]$_DFFE_PP_,execute_alu,0,0,0,0,,,0.000000,0.000000
dp.rf.rf[0][2]$_DFFE_PP__23,unclassified,0,0,0,0,,,0.000000,0.000000
dp.rf.rf[0][30]$_DFFE_PP_,pipeline_state,0,0,0,0,,,0.000000,0.000000
dp.rf.rf[0][30]$_DFFE_PP__24,unclassified,0,0,0,0,,,0.000000,0.000000
dp.rf.rf[0][31]$_DFFE_PP_,pipeline_state,0,0,0,0,,,0.000000,0.000000
dp.rf.rf[0][31]$_DFFE_PP__25,unclassified,0,0,0,0,,,0.000000,0.000000
dp.rf.rf[0][3]$_DFFE_PP_,pipeline_state,0,0,0,0,,,0.000000,0.000000
dp.rf.rf[0][3]$_DFFE_PP__26,unclassified,0,0,0,0,,,0.000000,0.000000
dp.rf.rf[0][4]$_DFFE_PP_,execute_alu,0,0,0,0,,,0.000000,0.000000
dp.rf.rf[0][4]$_DFFE_PP__27,unclassified,0,0,0,0,,,0.000000,0.000000
dp.rf.rf[0][5]$_DFFE_PP_,pipeline_state,6,0,6,0,-0.386200,,5.415738,0.055224
dp.rf.rf[0][5]$_DFFE_PP__28,unclassified,0,0,0,0,,,0.000000,0.000000
dp.rf.rf[0][6]$_DFFE_PP_,pipeline_state,0,0,0,0,,,0.000000,0.000000
dp.rf.rf[0][6]$_DFFE_PP__29,unclassified,0,0,0,0,,,0.000000,0.000000
dp.rf.rf[0][7]$_DFFE_PP_,execute_alu,0,0,0,0,,,0.000000,0.000000
dp.rf.rf[0][7]$_DFFE_PP__30,unclassified,0,0,0,0,,,0.000000,0.000000
dp.rf.rf[0][8]$_DFFE_PP_,pipeline_state,0,1,1,0,,2.603000,0.000000,0.000000
dp.rf.rf[0][8]$_DFFE_PP__31,unclassified,0,0,0,0,,,0.000000,0.000000
dp.rf.rf[0][9]$_DFFE_PP_,pipeline_state,0,0,0,0,,,0.000000,0.000000
dp.rf.rf[0][9]$_DFFE_PP__32,unclassified,0,0,0,0,,,0.000000,0.000000
dp.rf.rf[10][0]$_DFFE_PP_,pipeline_state,1,1,0,2,-0.403200,1.094200,1.403200,0.014308
dp.rf.rf[10][10]$_DFFE_PP_,pipeline_state,0,0,0,0,,,0.000000,0.000000
dp.rf.rf[10][11]$_DFFE_PP_,pipeline_state,0,0,0,0,,,0.000000,0.000000
dp.rf.rf[10][12]$_DFFE_PP_,pipeline_state,0,0,0,0,,,0.000000,0.000000
dp.rf.rf[10][13]$_DFFE_PP_,pipeline_state,0,0,0,0,,,0.000000,0.000000
dp.rf.rf[10][14]$_DFFE_PP_,pipeline_state,0,0,0,0,,,0.000000,0.000000
dp.rf.rf[10][15]$_DFFE_PP_,pipeline_state,0,0,0,0,,,0.000000,0.000000
dp.rf.rf[10][16]$_DFFE_PP_,pipeline_state,0,0,0,0,,,0.000000,0.000000
dp.rf.rf[10][17]$_DFFE_PP_,pipeline_state,0,0,0,0,,,0.000000,0.000000
dp.rf.rf[10][18]$_DFFE_PP_,pipeline_state,0,0,0,0,,,0.000000,0.000000
dp.rf.rf[10][19]$_DFFE_PP_,pipeline_state,0,0,0,0,,,0.000000,0.000000
dp.rf.rf[10][1]$_DFFE_PP_,execute_alu,0,0,0,0,,,0.000000,0.000000
dp.rf.rf[10][20]$_DFFE_PP_,pipeline_state,0,0,0,0,,,0.000000,0.000000
dp.rf.rf[10][21]$_DFFE_PP_,pipeline_state,0,0,0,0,,,0.000000,0.000000
dp.rf.rf[10][22]$_DFFE_PP_,pipeline_state,0,0,0,0,,,0.000000,0.000000
dp.rf.rf[10][23]$_DFFE_PP_,pipeline_state,0,0,0,0,,,0.000000,0.000000
dp.rf.rf[10][24]$_DFFE_PP_,pipeline_state,0,0,0,0,,,0.000000,0.000000
dp.rf.rf[10][25]$_DFFE_PP_,pipeline_state,0,1,1,0,,2.770700,0.000000,0.000000
dp.rf.rf[10][26]$_DFFE_PP_,pipeline_state,0,0,0,0,,,0.000000,0.000000
dp.rf.rf[10][27]$_DFFE_PP_,pipeline_state,0,0,0,0,,,0.000000,0.000000
dp.rf.rf[10][28]$_DFFE_PP_,pipeline_state,1,0,0,1,-0.403100,,1.403100,0.014307
dp.rf.rf[10][29]$_DFFE_PP_,pipeline_state,0,0,0,0,,,0.000000,0.000000
dp.rf.rf[10][2]$_DFFE_PP_,execute_alu,0,0,0,0,,,0.000000,0.000000
dp.rf.rf[10][30]$_DFFE_PP_,pipeline_state,0,0,0,0,,,0.000000,0.000000
dp.rf.rf[10][31]$_DFFE_PP_,pipeline_state,0,0,0,0,,,0.000000,0.000000
dp.rf.rf[10][3]$_DFFE_PP_,pipeline_state,0,0,0,0,,,0.000000,0.000000
dp.rf.rf[10][4]$_DFFE_PP_,execute_alu,0,0,0,0,,,0.000000,0.000000
dp.rf.rf[10][5]$_DFFE_PP_,pipeline_state,0,0,0,0,,,0.000000,0.000000
dp.rf.rf[10][6]$_DFFE_PP_,pipeline_state,0,0,0,0,,,0.000000,0.000000
dp.rf.rf[10][7]$_DFFE_PP_,execute_alu,0,0,0,0,,,0.000000,0.000000
dp.rf.rf[10][8]$_DFFE_PP_,pipeline_state,0,0,0,0,,,0.000000,0.000000
dp.rf.rf[10][9]$_DFFE_PP_,pipeline_state,0,0,0,0,,,0.000000,0.000000
dp.rf.rf[11][0]$_DFFE_PP_,pipeline_state,1,1,0,2,-0.399000,1.090500,1.399000,0.014265
dp.rf.rf[11][10]$_DFFE_PP_,pipeline_state,0,0,0,0,,,0.000000,0.000000
dp.rf.rf[11][11]$_DFFE_PP_,pipeline_state,1,0,1,0,2.530400,,0.283254,0.002888
dp.rf.rf[11][12]$_DFFE_PP_,pipeline_state,0,0,0,0,,,0.000000,0.000000
dp.rf.rf[11][13]$_DFFE_PP_,pipeline_state,0,0,0,0,,,0.000000,0.000000
dp.rf.rf[11][14]$_DFFE_PP_,pipeline_state,0,0,0,0,,,0.000000,0.000000
dp.rf.rf[11][15]$_DFFE_PP_,pipeline_state,0,0,0,0,,,0.000000,0.000000
dp.rf.rf[11][16]$_DFFE_PP_,pipeline_state,0,0,0,0,,,0.000000,0.000000
dp.rf.rf[11][17]$_DFFE_PP_,pipeline_state,0,0,0,0,,,0.000000,0.000000
dp.rf.rf[11][18]$_DFFE_PP_,pipeline_state,0,0,0,0,,,0.000000,0.000000
dp.rf.rf[11][19]$_DFFE_PP_,pipeline_state,1,0,1,0,2.467300,,0.288409,0.002941
dp.rf.rf[11][1]$_DFFE_PP_,execute_alu,0,0,0,0,,,0.000000,0.000000
dp.rf.rf[11][20]$_DFFE_PP_,pipeline_state,0,0,0,0,,,0.000000,0.000000
dp.rf.rf[11][21]$_DFFE_PP_,pipeline_state,0,0,0,0,,,0.000000,0.000000
dp.rf.rf[11][22]$_DFFE_PP_,pipeline_state,0,0,0,0,,,0.000000,0.000000
dp.rf.rf[11][23]$_DFFE_PP_,pipeline_state,0,0,0,0,,,0.000000,0.000000
dp.rf.rf[11][24]$_DFFE_PP_,pipeline_state,0,0,0,0,,,0.000000,0.000000
dp.rf.rf[11][25]$_DFFE_PP_,pipeline_state,0,0,0,0,,,0.000000,0.000000
dp.rf.rf[11][26]$_DFFE_PP_,pipeline_state,0,0,0,0,,,0.000000,0.000000
dp.rf.rf[11][27]$_DFFE_PP_,pipeline_state,0,0,0,0,,,0.000000,0.000000
dp.rf.rf[11][28]$_DFFE_PP_,pipeline_state,0,0,0,0,,,0.000000,0.000000
dp.rf.rf[11][29]$_DFFE_PP_,pipeline_state,0,0,0,0,,,0.000000,0.000000
dp.rf.rf[11][2]$_DFFE_PP_,execute_alu,0,0,0,0,,,0.000000,0.000000
dp.rf.rf[11][30]$_DFFE_PP_,pipeline_state,0,0,0,0,,,0.000000,0.000000
dp.rf.rf[11][31]$_DFFE_PP_,pipeline_state,0,0,0,0,,,0.000000,0.000000
dp.rf.rf[11][3]$_DFFE_PP_,pipeline_state,0,0,0,0,,,0.000000,0.000000
dp.rf.rf[11][4]$_DFFE_PP_,execute_alu,0,0,0,0,,,0.000000,0.000000
dp.rf.rf[11][5]$_DFFE_PP_,pipeline_state,0,0,0,0,,,0.000000,0.000000
dp.rf.rf[11][6]$_DFFE_PP_,pipeline_state,0,0,0,0,,,0.000000,0.000000
dp.rf.rf[11][7]$_DFFE_PP_,execute_alu,0,0,0,0,,,0.000000,0.000000
dp.rf.rf[11][8]$_DFFE_PP_,pipeline_state,0,0,0,0,,,0.000000,0.000000
dp.rf.rf[11][9]$_DFFE_PP_,pipeline_state,0,0,0,0,,,0.000000,0.000000
dp.rf.rf[12][0]$_DFFE_PP_,pipeline_state,1,1,0,2,-0.406900,1.097400,1.406900,0.014346
dp.rf.rf[12][10]$_DFFE_PP_,pipeline_state,0,0,0,0,,,0.000000,0.000000
dp.rf.rf[12][11]$_DFFE_PP_,pipeline_state,0,0,0,0,,,0.000000,0.000000
dp.rf.rf[12][12]$_DFFE_PP_,pipeline_state,0,0,0,0,,,0.000000,0.000000
dp.rf.rf[12][13]$_DFFE_PP_,pipeline_state,0,0,0,0,,,0.000000,0.000000
dp.rf.rf[12][14]$_DFFE_PP_,pipeline_state,0,0,0,0,,,0.000000,0.000000
dp.rf.rf[12][15]$_DFFE_PP_,pipeline_state,0,0,0,0,,,0.000000,0.000000
dp.rf.rf[12][16]$_DFFE_PP_,pipeline_state,0,0,0,0,,,0.000000,0.000000
dp.rf.rf[12][17]$_DFFE_PP_,pipeline_state,0,0,0,0,,,0.000000,0.000000
dp.rf.rf[12][18]$_DFFE_PP_,pipeline_state,0,0,0,0,,,0.000000,0.000000
dp.rf.rf[12][19]$_DFFE_PP_,pipeline_state,0,0,0,0,,,0.000000,0.000000
dp.rf.rf[12][1]$_DFFE_PP_,execute_alu,0,0,0,0,,,0.000000,0.000000
dp.rf.rf[12][20]$_DFFE_PP_,pipeline_state,0,0,0,0,,,0.000000,0.000000
dp.rf.rf[12][21]$_DFFE_PP_,pipeline_state,0,0,0,0,,,0.000000,0.000000
dp.rf.rf[12][22]$_DFFE_PP_,pipeline_state,0,0,0,0,,,0.000000,0.000000
dp.rf.rf[12][23]$_DFFE_PP_,pipeline_state,0,0,0,0,,,0.000000,0.000000
dp.rf.rf[12][24]$_DFFE_PP_,pipeline_state,0,0,0,0,,,0.000000,0.000000
dp.rf.rf[12][25]$_DFFE_PP_,pipeline_state,0,0,0,0,,,0.000000,0.000000
dp.rf.rf[12][26]$_DFFE_PP_,pipeline_state,0,0,0,0,,,0.000000,0.000000
dp.rf.rf[12][27]$_DFFE_PP_,pipeline_state,0,0,0,0,,,0.000000,0.000000
dp.rf.rf[12][28]$_DFFE_PP_,pipeline_state,2,0,1,1,-0.341800,,1.625311,0.016573
dp.rf.rf[12][29]$_DFFE_PP_,pipeline_state,0,0,0,0,,,0.000000,0.000000
dp.rf.rf[12][2]$_DFFE_PP_,execute_alu,0,0,0,0,,,0.000000,0.000000
dp.rf.rf[12][30]$_DFFE_PP_,pipeline_state,0,0,0,0,,,0.000000,0.000000
dp.rf.rf[12][31]$_DFFE_PP_,pipeline_state,0,0,0,0,,,0.000000,0.000000
dp.rf.rf[12][3]$_DFFE_PP_,pipeline_state,0,0,0,0,,,0.000000,0.000000
dp.rf.rf[12][4]$_DFFE_PP_,execute_alu,0,0,0,0,,,0.000000,0.000000
dp.rf.rf[12][5]$_DFFE_PP_,pipeline_state,0,0,0,0,,,0.000000,0.000000
dp.rf.rf[12][6]$_DFFE_PP_,pipeline_state,0,0,0,0,,,0.000000,0.000000
dp.rf.rf[12][7]$_DFFE_PP_,execute_alu,0,0,0,0,,,0.000000,0.000000
dp.rf.rf[12][8]$_DFFE_PP_,pipeline_state,0,0,0,0,,,0.000000,0.000000
dp.rf.rf[12][9]$_DFFE_PP_,pipeline_state,0,0,0,0,,,0.000000,0.000000
dp.rf.rf[13][0]$_DFFE_PP_,pipeline_state,1,1,0,2,-0.406600,1.097200,1.406600,0.014343
dp.rf.rf[13][10]$_DFFE_PP_,pipeline_state,0,0,0,0,,,0.000000,0.000000
dp.rf.rf[13][11]$_DFFE_PP_,pipeline_state,0,0,0,0,,,0.000000,0.000000
dp.rf.rf[13][12]$_DFFE_PP_,pipeline_state,0,0,0,0,,,0.000000,0.000000
dp.rf.rf[13][13]$_DFFE_PP_,pipeline_state,0,0,0,0,,,0.000000,0.000000
dp.rf.rf[13][14]$_DFFE_PP_,pipeline_state,0,0,0,0,,,0.000000,0.000000
dp.rf.rf[13][15]$_DFFE_PP_,pipeline_state,0,0,0,0,,,0.000000,0.000000
dp.rf.rf[13][16]$_DFFE_PP_,pipeline_state,0,0,0,0,,,0.000000,0.000000
dp.rf.rf[13][17]$_DFFE_PP_,pipeline_state,0,0,0,0,,,0.000000,0.000000
dp.rf.rf[13][18]$_DFFE_PP_,pipeline_state,0,0,0,0,,,0.000000,0.000000
dp.rf.rf[13][19]$_DFFE_PP_,pipeline_state,0,0,0,0,,,0.000000,0.000000
dp.rf.rf[13][1]$_DFFE_PP_,execute_alu,0,0,0,0,,,0.000000,0.000000
dp.rf.rf[13][20]$_DFFE_PP_,pipeline_state,0,0,0,0,,,0.000000,0.000000
dp.rf.rf[13][21]$_DFFE_PP_,pipeline_state,0,0,0,0,,,0.000000,0.000000
dp.rf.rf[13][22]$_DFFE_PP_,pipeline_state,0,0,0,0,,,0.000000,0.000000
dp.rf.rf[13][23]$_DFFE_PP_,pipeline_state,0,0,0,0,,,0.000000,0.000000
dp.rf.rf[13][24]$_DFFE_PP_,pipeline_state,0,0,0,0,,,0.000000,0.000000
dp.rf.rf[13][25]$_DFFE_PP_,pipeline_state,0,0,0,0,,,0.000000,0.000000
dp.rf.rf[13][26]$_DFFE_PP_,pipeline_state,0,0,0,0,,,0.000000,0.000000
dp.rf.rf[13][27]$_DFFE_PP_,pipeline_state,0,0,0,0,,,0.000000,0.000000
dp.rf.rf[13][28]$_DFFE_PP_,pipeline_state,1,0,0,1,-0.341500,,1.341500,0.013679
dp.rf.rf[13][29]$_DFFE_PP_,pipeline_state,0,0,0,0,,,0.000000,0.000000
dp.rf.rf[13][2]$_DFFE_PP_,execute_alu,0,0,0,0,,,0.000000,0.000000
dp.rf.rf[13][30]$_DFFE_PP_,pipeline_state,0,0,0,0,,,0.000000,0.000000
dp.rf.rf[13][31]$_DFFE_PP_,pipeline_state,0,0,0,0,,,0.000000,0.000000
dp.rf.rf[13][3]$_DFFE_PP_,pipeline_state,0,0,0,0,,,0.000000,0.000000
dp.rf.rf[13][4]$_DFFE_PP_,execute_alu,0,0,0,0,,,0.000000,0.000000
dp.rf.rf[13][5]$_DFFE_PP_,pipeline_state,0,0,0,0,,,0.000000,0.000000
dp.rf.rf[13][6]$_DFFE_PP_,pipeline_state,0,0,0,0,,,0.000000,0.000000
dp.rf.rf[13][7]$_DFFE_PP_,execute_alu,0,0,0,0,,,0.000000,0.000000
dp.rf.rf[13][8]$_DFFE_PP_,pipeline_state,0,0,0,0,,,0.000000,0.000000
dp.rf.rf[13][9]$_DFFE_PP_,pipeline_state,0,0,0,0,,,0.000000,0.000000
dp.rf.rf[14][0]$_DFFE_PP_,pipeline_state,1,1,0,2,-0.406700,1.097300,1.406700,0.014344
dp.rf.rf[14][10]$_DFFE_PP_,pipeline_state,0,0,0,0,,,0.000000,0.000000
dp.rf.rf[14][11]$_DFFE_PP_,pipeline_state,0,0,0,0,,,0.000000,0.000000
dp.rf.rf[14][12]$_DFFE_PP_,pipeline_state,0,0,0,0,,,0.000000,0.000000
dp.rf.rf[14][13]$_DFFE_PP_,pipeline_state,0,0,0,0,,,0.000000,0.000000
dp.rf.rf[14][14]$_DFFE_PP_,pipeline_state,0,0,0,0,,,0.000000,0.000000
dp.rf.rf[14][15]$_DFFE_PP_,pipeline_state,0,0,0,0,,,0.000000,0.000000
dp.rf.rf[14][16]$_DFFE_PP_,pipeline_state,0,0,0,0,,,0.000000,0.000000
dp.rf.rf[14][17]$_DFFE_PP_,pipeline_state,0,1,1,0,,2.863800,0.000000,0.000000
dp.rf.rf[14][18]$_DFFE_PP_,pipeline_state,0,0,0,0,,,0.000000,0.000000
dp.rf.rf[14][19]$_DFFE_PP_,pipeline_state,0,0,0,0,,,0.000000,0.000000
dp.rf.rf[14][1]$_DFFE_PP_,execute_alu,0,0,0,0,,,0.000000,0.000000
dp.rf.rf[14][20]$_DFFE_PP_,pipeline_state,0,0,0,0,,,0.000000,0.000000
dp.rf.rf[14][21]$_DFFE_PP_,pipeline_state,0,0,0,0,,,0.000000,0.000000
dp.rf.rf[14][22]$_DFFE_PP_,pipeline_state,0,0,0,0,,,0.000000,0.000000
dp.rf.rf[14][23]$_DFFE_PP_,pipeline_state,0,0,0,0,,,0.000000,0.000000
dp.rf.rf[14][24]$_DFFE_PP_,pipeline_state,0,0,0,0,,,0.000000,0.000000
dp.rf.rf[14][25]$_DFFE_PP_,pipeline_state,0,0,0,0,,,0.000000,0.000000
dp.rf.rf[14][26]$_DFFE_PP_,pipeline_state,0,0,0,0,,,0.000000,0.000000
dp.rf.rf[14][27]$_DFFE_PP_,pipeline_state,0,0,0,0,,,0.000000,0.000000
dp.rf.rf[14][28]$_DFFE_PP_,pipeline_state,1,0,0,1,-0.341400,,1.341400,0.013678
dp.rf.rf[14][29]$_DFFE_PP_,pipeline_state,0,0,0,0,,,0.000000,0.000000
dp.rf.rf[14][2]$_DFFE_PP_,execute_alu,0,0,0,0,,,0.000000,0.000000
dp.rf.rf[14][30]$_DFFE_PP_,pipeline_state,0,0,0,0,,,0.000000,0.000000
dp.rf.rf[14][31]$_DFFE_PP_,pipeline_state,0,0,0,0,,,0.000000,0.000000
dp.rf.rf[14][3]$_DFFE_PP_,pipeline_state,0,0,0,0,,,0.000000,0.000000
dp.rf.rf[14][4]$_DFFE_PP_,execute_alu,0,0,0,0,,,0.000000,0.000000
dp.rf.rf[14][5]$_DFFE_PP_,pipeline_state,0,0,0,0,,,0.000000,0.000000
dp.rf.rf[14][6]$_DFFE_PP_,pipeline_state,0,0,0,0,,,0.000000,0.000000
dp.rf.rf[14][7]$_DFFE_PP_,execute_alu,0,0,0,0,,,0.000000,0.000000
dp.rf.rf[14][8]$_DFFE_PP_,pipeline_state,0,0,0,0,,,0.000000,0.000000
dp.rf.rf[14][9]$_DFFE_PP_,pipeline_state,0,0,0,0,,,0.000000,0.000000
dp.rf.rf[15][0]$_DFFE_PP_,pipeline_state,1,1,0,2,-0.406800,1.097300,1.406800,0.014345
dp.rf.rf[15][10]$_DFFE_PP_,pipeline_state,0,0,0,0,,,0.000000,0.000000
dp.rf.rf[15][11]$_DFFE_PP_,pipeline_state,0,0,0,0,,,0.000000,0.000000
dp.rf.rf[15][12]$_DFFE_PP_,pipeline_state,0,0,0,0,,,0.000000,0.000000
dp.rf.rf[15][13]$_DFFE_PP_,pipeline_state,0,0,0,0,,,0.000000,0.000000
dp.rf.rf[15][14]$_DFFE_PP_,pipeline_state,0,0,0,0,,,0.000000,0.000000
dp.rf.rf[15][15]$_DFFE_PP_,pipeline_state,0,0,0,0,,,0.000000,0.000000
dp.rf.rf[15][16]$_DFFE_PP_,pipeline_state,0,0,0,0,,,0.000000,0.000000
dp.rf.rf[15][17]$_DFFE_PP_,pipeline_state,0,0,0,0,,,0.000000,0.000000
dp.rf.rf[15][18]$_DFFE_PP_,pipeline_state,0,0,0,0,,,0.000000,0.000000
dp.rf.rf[15][19]$_DFFE_PP_,pipeline_state,0,0,0,0,,,0.000000,0.000000
dp.rf.rf[15][1]$_DFFE_PP_,execute_alu,0,0,0,0,,,0.000000,0.000000
dp.rf.rf[15][20]$_DFFE_PP_,pipeline_state,0,0,0,0,,,0.000000,0.000000
dp.rf.rf[15][21]$_DFFE_PP_,pipeline_state,0,0,0,0,,,0.000000,0.000000
dp.rf.rf[15][22]$_DFFE_PP_,pipeline_state,1,0,1,0,2.320300,,0.301178,0.003071
dp.rf.rf[15][23]$_DFFE_PP_,pipeline_state,0,0,0,0,,,0.000000,0.000000
dp.rf.rf[15][24]$_DFFE_PP_,pipeline_state,0,0,0,0,,,0.000000,0.000000
dp.rf.rf[15][25]$_DFFE_PP_,pipeline_state,0,0,0,0,,,0.000000,0.000000
dp.rf.rf[15][26]$_DFFE_PP_,pipeline_state,0,0,0,0,,,0.000000,0.000000
dp.rf.rf[15][27]$_DFFE_PP_,pipeline_state,0,0,0,0,,,0.000000,0.000000
dp.rf.rf[15][28]$_DFFE_PP_,pipeline_state,1,0,0,1,-0.341300,,1.341300,0.013677
dp.rf.rf[15][29]$_DFFE_PP_,pipeline_state,0,0,0,0,,,0.000000,0.000000
dp.rf.rf[15][2]$_DFFE_PP_,execute_alu,0,0,0,0,,,0.000000,0.000000
dp.rf.rf[15][30]$_DFFE_PP_,pipeline_state,0,0,0,0,,,0.000000,0.000000
dp.rf.rf[15][31]$_DFFE_PP_,pipeline_state,0,0,0,0,,,0.000000,0.000000
dp.rf.rf[15][3]$_DFFE_PP_,pipeline_state,0,0,0,0,,,0.000000,0.000000
dp.rf.rf[15][4]$_DFFE_PP_,execute_alu,0,0,0,0,,,0.000000,0.000000
dp.rf.rf[15][5]$_DFFE_PP_,pipeline_state,0,0,0,0,,,0.000000,0.000000
dp.rf.rf[15][6]$_DFFE_PP_,pipeline_state,0,0,0,0,,,0.000000,0.000000
dp.rf.rf[15][7]$_DFFE_PP_,execute_alu,0,0,0,0,,,0.000000,0.000000
dp.rf.rf[15][8]$_DFFE_PP_,pipeline_state,0,0,0,0,,,0.000000,0.000000
dp.rf.rf[15][9]$_DFFE_PP_,pipeline_state,0,0,0,0,,,0.000000,0.000000
dp.rf.rf[16][0]$_DFFE_PP_,pipeline_state,1,1,0,2,-0.400700,1.091800,1.400700,0.014283
dp.rf.rf[16][10]$_DFFE_PP_,pipeline_state,0,0,0,0,,,0.000000,0.000000
dp.rf.rf[16][11]$_DFFE_PP_,pipeline_state,0,0,0,0,,,0.000000,0.000000
dp.rf.rf[16][12]$_DFFE_PP_,pipeline_state,0,0,0,0,,,0.000000,0.000000
dp.rf.rf[16][13]$_DFFE_PP_,pipeline_state,0,0,0,0,,,0.000000,0.000000
dp.rf.rf[16][14]$_DFFE_PP_,pipeline_state,0,0,0,0,,,0.000000,0.000000
dp.rf.rf[16][15]$_DFFE_PP_,pipeline_state,0,0,0,0,,,0.000000,0.000000
dp.rf.rf[16][16]$_DFFE_PP_,pipeline_state,0,0,0,0,,,0.000000,0.000000
dp.rf.rf[16][17]$_DFFE_PP_,pipeline_state,0,0,0,0,,,0.000000,0.000000
dp.rf.rf[16][18]$_DFFE_PP_,pipeline_state,0,0,0,0,,,0.000000,0.000000
dp.rf.rf[16][19]$_DFFE_PP_,pipeline_state,0,0,0,0,,,0.000000,0.000000
dp.rf.rf[16][1]$_DFFE_PP_,execute_alu,0,0,0,0,,,0.000000,0.000000
dp.rf.rf[16][20]$_DFFE_PP_,pipeline_state,0,0,0,0,,,0.000000,0.000000
dp.rf.rf[16][21]$_DFFE_PP_,pipeline_state,0,0,0,0,,,0.000000,0.000000
dp.rf.rf[16][22]$_DFFE_PP_,pipeline_state,0,0,0,0,,,0.000000,0.000000
dp.rf.rf[16][23]$_DFFE_PP_,pipeline_state,0,0,0,0,,,0.000000,0.000000
dp.rf.rf[16][24]$_DFFE_PP_,pipeline_state,0,0,0,0,,,0.000000,0.000000
dp.rf.rf[16][25]$_DFFE_PP_,pipeline_state,0,0,0,0,,,0.000000,0.000000
dp.rf.rf[16][26]$_DFFE_PP_,pipeline_state,0,0,0,0,,,0.000000,0.000000
dp.rf.rf[16][27]$_DFFE_PP_,pipeline_state,0,0,0,0,,,0.000000,0.000000
dp.rf.rf[16][28]$_DFFE_PP_,pipeline_state,0,0,0,0,,,0.000000,0.000000
dp.rf.rf[16][29]$_DFFE_PP_,pipeline_state,0,0,0,0,,,0.000000,0.000000
dp.rf.rf[16][2]$_DFFE_PP_,execute_alu,0,0,0,0,,,0.000000,0.000000
dp.rf.rf[16][30]$_DFFE_PP_,pipeline_state,0,0,0,0,,,0.000000,0.000000
dp.rf.rf[16][31]$_DFFE_PP_,pipeline_state,0,0,0,0,,,0.000000,0.000000
dp.rf.rf[16][3]$_DFFE_PP_,pipeline_state,0,0,0,0,,,0.000000,0.000000
dp.rf.rf[16][4]$_DFFE_PP_,execute_alu,0,0,0,0,,,0.000000,0.000000
dp.rf.rf[16][5]$_DFFE_PP_,pipeline_state,0,0,0,0,,,0.000000,0.000000
dp.rf.rf[16][6]$_DFFE_PP_,pipeline_state,0,0,0,0,,,0.000000,0.000000
dp.rf.rf[16][7]$_DFFE_PP_,execute_alu,0,0,0,0,,,0.000000,0.000000
dp.rf.rf[16][8]$_DFFE_PP_,pipeline_state,0,0,0,0,,,0.000000,0.000000
dp.rf.rf[16][9]$_DFFE_PP_,pipeline_state,0,0,0,0,,,0.000000,0.000000
dp.rf.rf[17][0]$_DFFE_PP_,pipeline_state,1,2,1,2,-0.406800,1.097300,1.406800,0.014345
dp.rf.rf[17][10]$_DFFE_PP_,pipeline_state,0,0,0,0,,,0.000000,0.000000
dp.rf.rf[17][11]$_DFFE_PP_,pipeline_state,0,0,0,0,,,0.000000,0.000000
dp.rf.rf[17][12]$_DFFE_PP_,pipeline_state,0,0,0,0,,,0.000000,0.000000
dp.rf.rf[17][13]$_DFFE_PP_,pipeline_state,0,0,0,0,,,0.000000,0.000000
dp.rf.rf[17][14]$_DFFE_PP_,pipeline_state,0,0,0,0,,,0.000000,0.000000
dp.rf.rf[17][15]$_DFFE_PP_,pipeline_state,0,0,0,0,,,0.000000,0.000000
dp.rf.rf[17][16]$_DFFE_PP_,pipeline_state,0,0,0,0,,,0.000000,0.000000
dp.rf.rf[17][17]$_DFFE_PP_,pipeline_state,0,0,0,0,,,0.000000,0.000000
dp.rf.rf[17][18]$_DFFE_PP_,pipeline_state,0,0,0,0,,,0.000000,0.000000
dp.rf.rf[17][19]$_DFFE_PP_,pipeline_state,0,0,0,0,,,0.000000,0.000000
dp.rf.rf[17][1]$_DFFE_PP_,execute_alu,0,0,0,0,,,0.000000,0.000000
dp.rf.rf[17][20]$_DFFE_PP_,pipeline_state,0,0,0,0,,,0.000000,0.000000
dp.rf.rf[17][21]$_DFFE_PP_,pipeline_state,0,0,0,0,,,0.000000,0.000000
dp.rf.rf[17][22]$_DFFE_PP_,pipeline_state,0,0,0,0,,,0.000000,0.000000
dp.rf.rf[17][23]$_DFFE_PP_,pipeline_state,0,0,0,0,,,0.000000,0.000000
dp.rf.rf[17][24]$_DFFE_PP_,pipeline_state,0,0,0,0,,,0.000000,0.000000
dp.rf.rf[17][25]$_DFFE_PP_,pipeline_state,0,0,0,0,,,0.000000,0.000000
dp.rf.rf[17][26]$_DFFE_PP_,pipeline_state,0,0,0,0,,,0.000000,0.000000
dp.rf.rf[17][27]$_DFFE_PP_,pipeline_state,0,0,0,0,,,0.000000,0.000000
dp.rf.rf[17][28]$_DFFE_PP_,pipeline_state,0,0,0,0,,,0.000000,0.000000
dp.rf.rf[17][29]$_DFFE_PP_,pipeline_state,0,0,0,0,,,0.000000,0.000000
dp.rf.rf[17][2]$_DFFE_PP_,execute_alu,0,0,0,0,,,0.000000,0.000000
dp.rf.rf[17][30]$_DFFE_PP_,pipeline_state,0,0,0,0,,,0.000000,0.000000
dp.rf.rf[17][31]$_DFFE_PP_,pipeline_state,0,0,0,0,,,0.000000,0.000000
dp.rf.rf[17][3]$_DFFE_PP_,pipeline_state,0,0,0,0,,,0.000000,0.000000
dp.rf.rf[17][4]$_DFFE_PP_,execute_alu,0,0,0,0,,,0.000000,0.000000
dp.rf.rf[17][5]$_DFFE_PP_,pipeline_state,0,0,0,0,,,0.000000,0.000000
dp.rf.rf[17][6]$_DFFE_PP_,pipeline_state,0,0,0,0,,,0.000000,0.000000
dp.rf.rf[17][7]$_DFFE_PP_,execute_alu,0,0,0,0,,,0.000000,0.000000
dp.rf.rf[17][8]$_DFFE_PP_,pipeline_state,0,0,0,0,,,0.000000,0.000000
dp.rf.rf[17][9]$_DFFE_PP_,pipeline_state,0,0,0,0,,,0.000000,0.000000
dp.rf.rf[18][0]$_DFFE_PP_,pipeline_state,1,1,0,2,-0.407500,1.097900,1.407500,0.014352
dp.rf.rf[18][10]$_DFFE_PP_,pipeline_state,0,0,0,0,,,0.000000,0.000000
dp.rf.rf[18][11]$_DFFE_PP_,pipeline_state,0,0,0,0,,,0.000000,0.000000
dp.rf.rf[18][12]$_DFFE_PP_,pipeline_state,0,0,0,0,,,0.000000,0.000000
dp.rf.rf[18][13]$_DFFE_PP_,pipeline_state,0,0,0,0,,,0.000000,0.000000
dp.rf.rf[18][14]$_DFFE_PP_,pipeline_state,0,0,0,0,,,0.000000,0.000000
dp.rf.rf[18][15]$_DFFE_PP_,pipeline_state,0,0,0,0,,,0.000000,0.000000
dp.rf.rf[18][16]$_DFFE_PP_,pipeline_state,0,0,0,0,,,0.000000,0.000000
dp.rf.rf[18][17]$_DFFE_PP_,pipeline_state,0,0,0,0,,,0.000000,0.000000
dp.rf.rf[18][18]$_DFFE_PP_,pipeline_state,0,0,0,0,,,0.000000,0.000000
dp.rf.rf[18][19]$_DFFE_PP_,pipeline_state,0,0,0,0,,,0.000000,0.000000
dp.rf.rf[18][1]$_DFFE_PP_,execute_alu,0,0,0,0,,,0.000000,0.000000
dp.rf.rf[18][20]$_DFFE_PP_,pipeline_state,0,0,0,0,,,0.000000,0.000000
dp.rf.rf[18][21]$_DFFE_PP_,pipeline_state,0,0,0,0,,,0.000000,0.000000
dp.rf.rf[18][22]$_DFFE_PP_,pipeline_state,0,0,0,0,,,0.000000,0.000000
dp.rf.rf[18][23]$_DFFE_PP_,pipeline_state,0,0,0,0,,,0.000000,0.000000
dp.rf.rf[18][24]$_DFFE_PP_,pipeline_state,0,0,0,0,,,0.000000,0.000000
dp.rf.rf[18][25]$_DFFE_PP_,pipeline_state,0,0,0,0,,,0.000000,0.000000
dp.rf.rf[18][26]$_DFFE_PP_,pipeline_state,0,0,0,0,,,0.000000,0.000000
dp.rf.rf[18][27]$_DFFE_PP_,pipeline_state,0,0,0,0,,,0.000000,0.000000
dp.rf.rf[18][28]$_DFFE_PP_,pipeline_state,1,0,0,1,-0.337600,,1.337600,0.013639
dp.rf.rf[18][29]$_DFFE_PP_,pipeline_state,0,0,0,0,,,0.000000,0.000000
dp.rf.rf[18][2]$_DFFE_PP_,execute_alu,0,0,0,0,,,0.000000,0.000000
dp.rf.rf[18][30]$_DFFE_PP_,pipeline_state,0,0,0,0,,,0.000000,0.000000
dp.rf.rf[18][31]$_DFFE_PP_,pipeline_state,0,0,0,0,,,0.000000,0.000000
dp.rf.rf[18][3]$_DFFE_PP_,pipeline_state,0,0,0,0,,,0.000000,0.000000
dp.rf.rf[18][4]$_DFFE_PP_,execute_alu,0,0,0,0,,,0.000000,0.000000
dp.rf.rf[18][5]$_DFFE_PP_,pipeline_state,0,0,0,0,,,0.000000,0.000000
dp.rf.rf[18][6]$_DFFE_PP_,pipeline_state,0,0,0,0,,,0.000000,0.000000
dp.rf.rf[18][7]$_DFFE_PP_,execute_alu,0,0,0,0,,,0.000000,0.000000
dp.rf.rf[18][8]$_DFFE_PP_,pipeline_state,0,0,0,0,,,0.000000,0.000000
dp.rf.rf[18][9]$_DFFE_PP_,pipeline_state,0,0,0,0,,,0.000000,0.000000
dp.rf.rf[19][0]$_DFFE_PP_,pipeline_state,1,0,0,1,-0.407800,,1.407800,0.014355
dp.rf.rf[19][10]$_DFFE_PP_,pipeline_state,1,0,1,0,2.275900,,0.305260,0.003113
dp.rf.rf[19][11]$_DFFE_PP_,pipeline_state,0,0,0,0,,,0.000000,0.000000
dp.rf.rf[19][12]$_DFFE_PP_,pipeline_state,0,0,0,0,,,0.000000,0.000000
dp.rf.rf[19][13]$_DFFE_PP_,pipeline_state,0,0,0,0,,,0.000000,0.000000
dp.rf.rf[19][14]$_DFFE_PP_,pipeline_state,0,0,0,0,,,0.000000,0.000000
dp.rf.rf[19][15]$_DFFE_PP_,pipeline_state,0,0,0,0,,,0.000000,0.000000
dp.rf.rf[19][16]$_DFFE_PP_,pipeline_state,0,0,0,0,,,0.000000,0.000000
dp.rf.rf[19][17]$_DFFE_PP_,pipeline_state,0,0,0,0,,,0.000000,0.000000
dp.rf.rf[19][18]$_DFFE_PP_,pipeline_state,0,0,0,0,,,0.000000,0.000000
dp.rf.rf[19][19]$_DFFE_PP_,pipeline_state,0,0,0,0,,,0.000000,0.000000
dp.rf.rf[19][1]$_DFFE_PP_,execute_alu,1,0,1,0,0.198800,,0.834168,0.008506
dp.rf.rf[19][20]$_DFFE_PP_,pipeline_state,0,0,0,0,,,0.000000,0.000000
dp.rf.rf[19][21]$_DFFE_PP_,pipeline_state,0,0,0,0,,,0.000000,0.000000
dp.rf.rf[19][22]$_DFFE_PP_,pipeline_state,0,0,0,0,,,0.000000,0.000000
dp.rf.rf[19][23]$_DFFE_PP_,pipeline_state,0,0,0,0,,,0.000000,0.000000
dp.rf.rf[19][24]$_DFFE_PP_,pipeline_state,0,0,0,0,,,0.000000,0.000000
dp.rf.rf[19][25]$_DFFE_PP_,pipeline_state,0,0,0,0,,,0.000000,0.000000
dp.rf.rf[19][26]$_DFFE_PP_,pipeline_state,0,0,0,0,,,0.000000,0.000000
dp.rf.rf[19][27]$_DFFE_PP_,pipeline_state,0,0,0,0,,,0.000000,0.000000
dp.rf.rf[19][28]$_DFFE_PP_,pipeline_state,1,0,0,1,-0.337400,,1.337400,0.013637
dp.rf.rf[19][29]$_DFFE_PP_,pipeline_state,0,0,0,0,,,0.000000,0.000000
dp.rf.rf[19][2]$_DFFE_PP_,execute_alu,0,0,0,0,,,0.000000,0.000000
dp.rf.rf[19][30]$_DFFE_PP_,pipeline_state,0,0,0,0,,,0.000000,0.000000
dp.rf.rf[19][31]$_DFFE_PP_,pipeline_state,0,0,0,0,,,0.000000,0.000000
dp.rf.rf[19][3]$_DFFE_PP_,pipeline_state,0,0,0,0,,,0.000000,0.000000
dp.rf.rf[19][4]$_DFFE_PP_,execute_alu,0,0,0,0,,,0.000000,0.000000
dp.rf.rf[19][5]$_DFFE_PP_,pipeline_state,0,0,0,0,,,0.000000,0.000000
dp.rf.rf[19][6]$_DFFE_PP_,pipeline_state,0,0,0,0,,,0.000000,0.000000
dp.rf.rf[19][7]$_DFFE_PP_,execute_alu,0,0,0,0,,,0.000000,0.000000
dp.rf.rf[19][8]$_DFFE_PP_,pipeline_state,0,0,0,0,,,0.000000,0.000000
dp.rf.rf[19][9]$_DFFE_PP_,pipeline_state,0,0,0,0,,,0.000000,0.000000
dp.rf.rf[1][0]$_DFFE_PP_,pipeline_state,76,1,76,2,-0.736300,1.093500,98.068787,1.000000
dp.rf.rf[1][10]$_DFFE_PP_,pipeline_state,0,0,0,0,,,0.000000,0.000000
dp.rf.rf[1][11]$_DFFE_PP_,pipeline_state,0,0,0,0,,,0.000000,0.000000
dp.rf.rf[1][12]$_DFFE_PP_,pipeline_state,0,0,0,0,,,0.000000,0.000000
dp.rf.rf[1][13]$_DFFE_PP_,pipeline_state,0,0,0,0,,,0.000000,0.000000
dp.rf.rf[1][14]$_DFFE_PP_,pipeline_state,0,0,0,0,,,0.000000,0.000000
dp.rf.rf[1][15]$_DFFE_PP_,pipeline_state,1,0,1,0,2.343400,,0.299097,0.003050
dp.rf.rf[1][16]$_DFFE_PP_,pipeline_state,0,0,0,0,,,0.000000,0.000000
dp.rf.rf[1][17]$_DFFE_PP_,pipeline_state,0,0,0,0,,,0.000000,0.000000
dp.rf.rf[1][18]$_DFFE_PP_,pipeline_state,0,0,0,0,,,0.000000,0.000000
dp.rf.rf[1][19]$_DFFE_PP_,pipeline_state,0,0,0,0,,,0.000000,0.000000
dp.rf.rf[1][1]$_DFFE_PP_,execute_alu,0,0,0,0,,,0.000000,0.000000
dp.rf.rf[1][20]$_DFFE_PP_,pipeline_state,0,0,0,0,,,0.000000,0.000000
dp.rf.rf[1][21]$_DFFE_PP_,pipeline_state,0,0,0,0,,,0.000000,0.000000
dp.rf.rf[1][22]$_DFFE_PP_,pipeline_state,0,0,0,0,,,0.000000,0.000000
dp.rf.rf[1][23]$_DFFE_PP_,pipeline_state,0,0,0,0,,,0.000000,0.000000
dp.rf.rf[1][24]$_DFFE_PP_,pipeline_state,0,0,0,0,,,0.000000,0.000000
dp.rf.rf[1][25]$_DFFE_PP_,pipeline_state,0,0,0,0,,,0.000000,0.000000
dp.rf.rf[1][26]$_DFFE_PP_,pipeline_state,0,0,0,0,,,0.000000,0.000000
dp.rf.rf[1][27]$_DFFE_PP_,pipeline_state,0,0,0,0,,,0.000000,0.000000
dp.rf.rf[1][28]$_DFFE_PP_,pipeline_state,0,0,0,0,,,0.000000,0.000000
dp.rf.rf[1][29]$_DFFE_PP_,pipeline_state,0,0,0,0,,,0.000000,0.000000
dp.rf.rf[1][2]$_DFFE_PP_,execute_alu,0,0,0,0,,,0.000000,0.000000
dp.rf.rf[1][30]$_DFFE_PP_,pipeline_state,0,0,0,0,,,0.000000,0.000000
dp.rf.rf[1][31]$_DFFE_PP_,pipeline_state,0,0,0,0,,,0.000000,0.000000
dp.rf.rf[1][3]$_DFFE_PP_,pipeline_state,0,0,0,0,,,0.000000,0.000000
dp.rf.rf[1][4]$_DFFE_PP_,execute_alu,0,0,0,0,,,0.000000,0.000000
dp.rf.rf[1][5]$_DFFE_PP_,pipeline_state,0,0,0,0,,,0.000000,0.000000
dp.rf.rf[1][6]$_DFFE_PP_,pipeline_state,0,0,0,0,,,0.000000,0.000000
dp.rf.rf[1][7]$_DFFE_PP_,execute_alu,0,0,0,0,,,0.000000,0.000000
dp.rf.rf[1][8]$_DFFE_PP_,pipeline_state,0,0,0,0,,,0.000000,0.000000
dp.rf.rf[1][9]$_DFFE_PP_,pipeline_state,0,0,0,0,,,0.000000,0.000000
dp.rf.rf[20][0]$_DFFE_PP_,pipeline_state,1,1,0,2,-0.406600,1.097100,1.406600,0.014343
dp.rf.rf[20][10]$_DFFE_PP_,pipeline_state,0,0,0,0,,,0.000000,0.000000
dp.rf.rf[20][11]$_DFFE_PP_,pipeline_state,0,0,0,0,,,0.000000,0.000000
dp.rf.rf[20][12]$_DFFE_PP_,pipeline_state,0,0,0,0,,,0.000000,0.000000
dp.rf.rf[20][13]$_DFFE_PP_,pipeline_state,0,0,0,0,,,0.000000,0.000000
dp.rf.rf[20][14]$_DFFE_PP_,pipeline_state,0,0,0,0,,,0.000000,0.000000
dp.rf.rf[20][15]$_DFFE_PP_,pipeline_state,0,0,0,0,,,0.000000,0.000000
dp.rf.rf[20][16]$_DFFE_PP_,pipeline_state,0,0,0,0,,,0.000000,0.000000
dp.rf.rf[20][17]$_DFFE_PP_,pipeline_state,0,0,0,0,,,0.000000,0.000000
dp.rf.rf[20][18]$_DFFE_PP_,pipeline_state,0,0,0,0,,,0.000000,0.000000
dp.rf.rf[20][19]$_DFFE_PP_,pipeline_state,0,0,0,0,,,0.000000,0.000000
dp.rf.rf[20][1]$_DFFE_PP_,execute_alu,0,0,0,0,,,0.000000,0.000000
dp.rf.rf[20][20]$_DFFE_PP_,pipeline_state,0,0,0,0,,,0.000000,0.000000
dp.rf.rf[20][21]$_DFFE_PP_,pipeline_state,0,0,0,0,,,0.000000,0.000000
dp.rf.rf[20][22]$_DFFE_PP_,pipeline_state,0,0,0,0,,,0.000000,0.000000
dp.rf.rf[20][23]$_DFFE_PP_,pipeline_state,0,0,0,0,,,0.000000,0.000000
dp.rf.rf[20][24]$_DFFE_PP_,pipeline_state,0,0,0,0,,,0.000000,0.000000
dp.rf.rf[20][25]$_DFFE_PP_,pipeline_state,0,0,0,0,,,0.000000,0.000000
dp.rf.rf[20][26]$_DFFE_PP_,pipeline_state,0,0,0,0,,,0.000000,0.000000
dp.rf.rf[20][27]$_DFFE_PP_,pipeline_state,0,0,0,0,,,0.000000,0.000000
dp.rf.rf[20][28]$_DFFE_PP_,pipeline_state,0,0,0,0,,,0.000000,0.000000
dp.rf.rf[20][29]$_DFFE_PP_,pipeline_state,0,0,0,0,,,0.000000,0.000000
dp.rf.rf[20][2]$_DFFE_PP_,execute_alu,0,0,0,0,,,0.000000,0.000000
dp.rf.rf[20][30]$_DFFE_PP_,pipeline_state,0,0,0,0,,,0.000000,0.000000
dp.rf.rf[20][31]$_DFFE_PP_,pipeline_state,0,0,0,0,,,0.000000,0.000000
dp.rf.rf[20][3]$_DFFE_PP_,pipeline_state,0,0,0,0,,,0.000000,0.000000
dp.rf.rf[20][4]$_DFFE_PP_,execute_alu,0,0,0,0,,,0.000000,0.000000
dp.rf.rf[20][5]$_DFFE_PP_,pipeline_state,0,0,0,0,,,0.000000,0.000000
dp.rf.rf[20][6]$_DFFE_PP_,pipeline_state,0,0,0,0,,,0.000000,0.000000
dp.rf.rf[20][7]$_DFFE_PP_,execute_alu,0,0,0,0,,,0.000000,0.000000
dp.rf.rf[20][8]$_DFFE_PP_,pipeline_state,0,0,0,0,,,0.000000,0.000000
dp.rf.rf[20][9]$_DFFE_PP_,pipeline_state,0,0,0,0,,,0.000000,0.000000
dp.rf.rf[21][0]$_DFFE_PP_,pipeline_state,1,0,0,1,-0.407600,,1.407600,0.014353
dp.rf.rf[21][10]$_DFFE_PP_,pipeline_state,0,0,0,0,,,0.000000,0.000000
dp.rf.rf[21][11]$_DFFE_PP_,pipeline_state,0,0,0,0,,,0.000000,0.000000
dp.rf.rf[21][12]$_DFFE_PP_,pipeline_state,0,0,0,0,,,0.000000,0.000000
dp.rf.rf[21][13]$_DFFE_PP_,pipeline_state,0,0,0,0,,,0.000000,0.000000
dp.rf.rf[21][14]$_DFFE_PP_,pipeline_state,0,0,0,0,,,0.000000,0.000000
dp.rf.rf[21][15]$_DFFE_PP_,pipeline_state,0,0,0,0,,,0.000000,0.000000
dp.rf.rf[21][16]$_DFFE_PP_,pipeline_state,0,0,0,0,,,0.000000,0.000000
dp.rf.rf[21][17]$_DFFE_PP_,pipeline_state,0,0,0,0,,,0.000000,0.000000
dp.rf.rf[21][18]$_DFFE_PP_,pipeline_state,0,0,0,0,,,0.000000,0.000000
dp.rf.rf[21][19]$_DFFE_PP_,pipeline_state,0,0,0,0,,,0.000000,0.000000
dp.rf.rf[21][1]$_DFFE_PP_,execute_alu,0,0,0,0,,,0.000000,0.000000
dp.rf.rf[21][20]$_DFFE_PP_,pipeline_state,0,0,0,0,,,0.000000,0.000000
dp.rf.rf[21][21]$_DFFE_PP_,pipeline_state,0,0,0,0,,,0.000000,0.000000
dp.rf.rf[21][22]$_DFFE_PP_,pipeline_state,0,0,0,0,,,0.000000,0.000000
dp.rf.rf[21][23]$_DFFE_PP_,pipeline_state,0,0,0,0,,,0.000000,0.000000
dp.rf.rf[21][24]$_DFFE_PP_,pipeline_state,0,0,0,0,,,0.000000,0.000000
dp.rf.rf[21][25]$_DFFE_PP_,pipeline_state,0,0,0,0,,,0.000000,0.000000
dp.rf.rf[21][26]$_DFFE_PP_,pipeline_state,0,0,0,0,,,0.000000,0.000000
dp.rf.rf[21][27]$_DFFE_PP_,pipeline_state,0,0,0,0,,,0.000000,0.000000
dp.rf.rf[21][28]$_DFFE_PP_,pipeline_state,0,0,0,0,,,0.000000,0.000000
dp.rf.rf[21][29]$_DFFE_PP_,pipeline_state,0,0,0,0,,,0.000000,0.000000
dp.rf.rf[21][2]$_DFFE_PP_,execute_alu,0,0,0,0,,,0.000000,0.000000
dp.rf.rf[21][30]$_DFFE_PP_,pipeline_state,0,0,0,0,,,0.000000,0.000000
dp.rf.rf[21][31]$_DFFE_PP_,pipeline_state,0,0,0,0,,,0.000000,0.000000
dp.rf.rf[21][3]$_DFFE_PP_,pipeline_state,0,0,0,0,,,0.000000,0.000000
dp.rf.rf[21][4]$_DFFE_PP_,execute_alu,0,0,0,0,,,0.000000,0.000000
dp.rf.rf[21][5]$_DFFE_PP_,pipeline_state,0,0,0,0,,,0.000000,0.000000
dp.rf.rf[21][6]$_DFFE_PP_,pipeline_state,0,0,0,0,,,0.000000,0.000000
dp.rf.rf[21][7]$_DFFE_PP_,execute_alu,0,0,0,0,,,0.000000,0.000000
dp.rf.rf[21][8]$_DFFE_PP_,pipeline_state,0,0,0,0,,,0.000000,0.000000
dp.rf.rf[21][9]$_DFFE_PP_,pipeline_state,0,0,0,0,,,0.000000,0.000000
dp.rf.rf[22][0]$_DFFE_PP_,pipeline_state,1,0,0,1,-0.409200,,1.409200,0.014370
dp.rf.rf[22][10]$_DFFE_PP_,pipeline_state,0,0,0,0,,,0.000000,0.000000
dp.rf.rf[22][11]$_DFFE_PP_,pipeline_state,0,0,0,0,,,0.000000,0.000000
dp.rf.rf[22][12]$_DFFE_PP_,pipeline_state,0,0,0,0,,,0.000000,0.000000
dp.rf.rf[22][13]$_DFFE_PP_,pipeline_state,0,0,0,0,,,0.000000,0.000000
dp.rf.rf[22][14]$_DFFE_PP_,pipeline_state,0,0,0,0,,,0.000000,0.000000
dp.rf.rf[22][15]$_DFFE_PP_,pipeline_state,0,0,0,0,,,0.000000,0.000000
dp.rf.rf[22][16]$_DFFE_PP_,pipeline_state,0,0,0,0,,,0.000000,0.000000
dp.rf.rf[22][17]$_DFFE_PP_,pipeline_state,0,0,0,0,,,0.000000,0.000000
dp.rf.rf[22][18]$_DFFE_PP_,pipeline_state,0,0,0,0,,,0.000000,0.000000
dp.rf.rf[22][19]$_DFFE_PP_,pipeline_state,0,0,0,0,,,0.000000,0.000000
dp.rf.rf[22][1]$_DFFE_PP_,execute_alu,0,1,1,0,,2.824000,0.000000,0.000000
dp.rf.rf[22][20]$_DFFE_PP_,pipeline_state,0,0,0,0,,,0.000000,0.000000
dp.rf.rf[22][21]$_DFFE_PP_,pipeline_state,0,0,0,0,,,0.000000,0.000000
dp.rf.rf[22][22]$_DFFE_PP_,pipeline_state,0,0,0,0,,,0.000000,0.000000
dp.rf.rf[22][23]$_DFFE_PP_,pipeline_state,0,0,0,0,,,0.000000,0.000000
dp.rf.rf[22][24]$_DFFE_PP_,pipeline_state,0,0,0,0,,,0.000000,0.000000
dp.rf.rf[22][25]$_DFFE_PP_,pipeline_state,0,0,0,0,,,0.000000,0.000000
dp.rf.rf[22][26]$_DFFE_PP_,pipeline_state,0,0,0,0,,,0.000000,0.000000
dp.rf.rf[22][27]$_DFFE_PP_,pipeline_state,0,0,0,0,,,0.000000,0.000000
dp.rf.rf[22][28]$_DFFE_PP_,pipeline_state,0,0,0,0,,,0.000000,0.000000
dp.rf.rf[22][29]$_DFFE_PP_,pipeline_state,0,1,1,0,,2.785000,0.000000,0.000000
dp.rf.rf[22][2]$_DFFE_PP_,execute_alu,0,0,0,0,,,0.000000,0.000000
dp.rf.rf[22][30]$_DFFE_PP_,pipeline_state,0,1,1,0,,2.857400,0.000000,0.000000
dp.rf.rf[22][31]$_DFFE_PP_,pipeline_state,0,0,0,0,,,0.000000,0.000000
dp.rf.rf[22][3]$_DFFE_PP_,pipeline_state,0,0,0,0,,,0.000000,0.000000
dp.rf.rf[22][4]$_DFFE_PP_,execute_alu,0,0,0,0,,,0.000000,0.000000
dp.rf.rf[22][5]$_DFFE_PP_,pipeline_state,0,0,0,0,,,0.000000,0.000000
dp.rf.rf[22][6]$_DFFE_PP_,pipeline_state,0,0,0,0,,,0.000000,0.000000
dp.rf.rf[22][7]$_DFFE_PP_,execute_alu,0,0,0,0,,,0.000000,0.000000
dp.rf.rf[22][8]$_DFFE_PP_,pipeline_state,0,0,0,0,,,0.000000,0.000000
dp.rf.rf[22][9]$_DFFE_PP_,pipeline_state,0,0,0,0,,,0.000000,0.000000
dp.rf.rf[23][0]$_DFFE_PP_,pipeline_state,1,0,0,1,-0.407800,,1.407800,0.014355
dp.rf.rf[23][10]$_DFFE_PP_,pipeline_state,0,0,0,0,,,0.000000,0.000000
dp.rf.rf[23][11]$_DFFE_PP_,pipeline_state,0,0,0,0,,,0.000000,0.000000
dp.rf.rf[23][12]$_DFFE_PP_,pipeline_state,0,0,0,0,,,0.000000,0.000000
dp.rf.rf[23][13]$_DFFE_PP_,pipeline_state,0,0,0,0,,,0.000000,0.000000
dp.rf.rf[23][14]$_DFFE_PP_,pipeline_state,0,0,0,0,,,0.000000,0.000000
dp.rf.rf[23][15]$_DFFE_PP_,pipeline_state,0,0,0,0,,,0.000000,0.000000
dp.rf.rf[23][16]$_DFFE_PP_,pipeline_state,0,0,0,0,,,0.000000,0.000000
dp.rf.rf[23][17]$_DFFE_PP_,pipeline_state,0,0,0,0,,,0.000000,0.000000
dp.rf.rf[23][18]$_DFFE_PP_,pipeline_state,0,0,0,0,,,0.000000,0.000000
dp.rf.rf[23][19]$_DFFE_PP_,pipeline_state,0,0,0,0,,,0.000000,0.000000
dp.rf.rf[23][1]$_DFFE_PP_,execute_alu,0,0,0,0,,,0.000000,0.000000
dp.rf.rf[23][20]$_DFFE_PP_,pipeline_state,0,0,0,0,,,0.000000,0.000000
dp.rf.rf[23][21]$_DFFE_PP_,pipeline_state,0,0,0,0,,,0.000000,0.000000
dp.rf.rf[23][22]$_DFFE_PP_,pipeline_state,0,0,0,0,,,0.000000,0.000000
dp.rf.rf[23][23]$_DFFE_PP_,pipeline_state,0,0,0,0,,,0.000000,0.000000
dp.rf.rf[23][24]$_DFFE_PP_,pipeline_state,0,0,0,0,,,0.000000,0.000000
dp.rf.rf[23][25]$_DFFE_PP_,pipeline_state,0,0,0,0,,,0.000000,0.000000
dp.rf.rf[23][26]$_DFFE_PP_,pipeline_state,0,0,0,0,,,0.000000,0.000000
dp.rf.rf[23][27]$_DFFE_PP_,pipeline_state,0,0,0,0,,,0.000000,0.000000
dp.rf.rf[23][28]$_DFFE_PP_,pipeline_state,0,0,0,0,,,0.000000,0.000000
dp.rf.rf[23][29]$_DFFE_PP_,pipeline_state,0,0,0,0,,,0.000000,0.000000
dp.rf.rf[23][2]$_DFFE_PP_,execute_alu,0,0,0,0,,,0.000000,0.000000
dp.rf.rf[23][30]$_DFFE_PP_,pipeline_state,0,0,0,0,,,0.000000,0.000000
dp.rf.rf[23][31]$_DFFE_PP_,pipeline_state,0,0,0,0,,,0.000000,0.000000
dp.rf.rf[23][3]$_DFFE_PP_,pipeline_state,0,0,0,0,,,0.000000,0.000000
dp.rf.rf[23][4]$_DFFE_PP_,execute_alu,0,0,0,0,,,0.000000,0.000000
dp.rf.rf[23][5]$_DFFE_PP_,pipeline_state,0,0,0,0,,,0.000000,0.000000
dp.rf.rf[23][6]$_DFFE_PP_,pipeline_state,0,0,0,0,,,0.000000,0.000000
dp.rf.rf[23][7]$_DFFE_PP_,execute_alu,0,0,0,0,,,0.000000,0.000000
dp.rf.rf[23][8]$_DFFE_PP_,pipeline_state,0,0,0,0,,,0.000000,0.000000
dp.rf.rf[23][9]$_DFFE_PP_,pipeline_state,0,0,0,0,,,0.000000,0.000000
dp.rf.rf[24][0]$_DFFE_PP_,pipeline_state,1,1,0,2,-0.400400,1.091300,1.400400,0.014280
dp.rf.rf[24][10]$_DFFE_PP_,pipeline_state,0,0,0,0,,,0.000000,0.000000
dp.rf.rf[24][11]$_DFFE_PP_,pipeline_state,0,0,0,0,,,0.000000,0.000000
dp.rf.rf[24][12]$_DFFE_PP_,pipeline_state,0,0,0,0,,,0.000000,0.000000
dp.rf.rf[24][13]$_DFFE_PP_,pipeline_state,0,0,0,0,,,0.000000,0.000000
dp.rf.rf[24][14]$_DFFE_PP_,pipeline_state,0,1,1,0,,2.791100,0.000000,0.000000
dp.rf.rf[24][15]$_DFFE_PP_,pipeline_state,0,0,0,0,,,0.000000,0.000000
dp.rf.rf[24][16]$_DFFE_PP_,pipeline_state,0,0,0,0,,,0.000000,0.000000
dp.rf.rf[24][17]$_DFFE_PP_,pipeline_state,0,0,0,0,,,0.000000,0.000000
dp.rf.rf[24][18]$_DFFE_PP_,pipeline_state,0,0,0,0,,,0.000000,0.000000
dp.rf.rf[24][19]$_DFFE_PP_,pipeline_state,0,0,0,0,,,0.000000,0.000000
dp.rf.rf[24][1]$_DFFE_PP_,execute_alu,0,0,0,0,,,0.000000,0.000000
dp.rf.rf[24][20]$_DFFE_PP_,pipeline_state,0,0,0,0,,,0.000000,0.000000
dp.rf.rf[24][21]$_DFFE_PP_,pipeline_state,0,2,2,0,,2.765900,0.000000,0.000000
dp.rf.rf[24][22]$_DFFE_PP_,pipeline_state,0,0,0,0,,,0.000000,0.000000
dp.rf.rf[24][23]$_DFFE_PP_,pipeline_state,0,0,0,0,,,0.000000,0.000000
dp.rf.rf[24][24]$_DFFE_PP_,pipeline_state,0,0,0,0,,,0.000000,0.000000
dp.rf.rf[24][25]$_DFFE_PP_,pipeline_state,0,0,0,0,,,0.000000,0.000000
dp.rf.rf[24][26]$_DFFE_PP_,pipeline_state,0,0,0,0,,,0.000000,0.000000
dp.rf.rf[24][27]$_DFFE_PP_,pipeline_state,0,0,0,0,,,0.000000,0.000000
dp.rf.rf[24][28]$_DFFE_PP_,pipeline_state,0,0,0,0,,,0.000000,0.000000
dp.rf.rf[24][29]$_DFFE_PP_,pipeline_state,0,0,0,0,,,0.000000,0.000000
dp.rf.rf[24][2]$_DFFE_PP_,execute_alu,0,0,0,0,,,0.000000,0.000000
dp.rf.rf[24][30]$_DFFE_PP_,pipeline_state,0,0,0,0,,,0.000000,0.000000
dp.rf.rf[24][31]$_DFFE_PP_,pipeline_state,1,0,1,0,2.175000,,0.314961,0.003212
dp.rf.rf[24][3]$_DFFE_PP_,pipeline_state,0,0,0,0,,,0.000000,0.000000
dp.rf.rf[24][4]$_DFFE_PP_,execute_alu,0,0,0,0,,,0.000000,0.000000
dp.rf.rf[24][5]$_DFFE_PP_,pipeline_state,0,0,0,0,,,0.000000,0.000000
dp.rf.rf[24][6]$_DFFE_PP_,pipeline_state,0,0,0,0,,,0.000000,0.000000
dp.rf.rf[24][7]$_DFFE_PP_,execute_alu,0,0,0,0,,,0.000000,0.000000
dp.rf.rf[24][8]$_DFFE_PP_,pipeline_state,0,0,0,0,,,0.000000,0.000000
dp.rf.rf[24][9]$_DFFE_PP_,pipeline_state,0,0,0,0,,,0.000000,0.000000
dp.rf.rf[25][0]$_DFFE_PP_,pipeline_state,1,1,0,2,-0.400300,1.091300,1.400300,0.014279
dp.rf.rf[25][10]$_DFFE_PP_,pipeline_state,0,0,0,0,,,0.000000,0.000000
dp.rf.rf[25][11]$_DFFE_PP_,pipeline_state,0,0,0,0,,,0.000000,0.000000
dp.rf.rf[25][12]$_DFFE_PP_,pipeline_state,0,0,0,0,,,0.000000,0.000000
dp.rf.rf[25][13]$_DFFE_PP_,pipeline_state,0,0,0,0,,,0.000000,0.000000
dp.rf.rf[25][14]$_DFFE_PP_,pipeline_state,0,0,0,0,,,0.000000,0.000000
dp.rf.rf[25][15]$_DFFE_PP_,pipeline_state,0,0,0,0,,,0.000000,0.000000
dp.rf.rf[25][16]$_DFFE_PP_,pipeline_state,0,0,0,0,,,0.000000,0.000000
dp.rf.rf[25][17]$_DFFE_PP_,pipeline_state,0,0,0,0,,,0.000000,0.000000
dp.rf.rf[25][18]$_DFFE_PP_,pipeline_state,0,0,0,0,,,0.000000,0.000000
dp.rf.rf[25][19]$_DFFE_PP_,pipeline_state,0,0,0,0,,,0.000000,0.000000
dp.rf.rf[25][1]$_DFFE_PP_,execute_alu,0,0,0,0,,,0.000000,0.000000
dp.rf.rf[25][20]$_DFFE_PP_,pipeline_state,0,0,0,0,,,0.000000,0.000000
dp.rf.rf[25][21]$_DFFE_PP_,pipeline_state,0,0,0,0,,,0.000000,0.000000
dp.rf.rf[25][22]$_DFFE_PP_,pipeline_state,0,0,0,0,,,0.000000,0.000000
dp.rf.rf[25][23]$_DFFE_PP_,pipeline_state,0,0,0,0,,,0.000000,0.000000
dp.rf.rf[25][24]$_DFFE_PP_,pipeline_state,0,0,0,0,,,0.000000,0.000000
dp.rf.rf[25][25]$_DFFE_PP_,pipeline_state,0,0,0,0,,,0.000000,0.000000
dp.rf.rf[25][26]$_DFFE_PP_,pipeline_state,0,0,0,0,,,0.000000,0.000000
dp.rf.rf[25][27]$_DFFE_PP_,pipeline_state,0,0,0,0,,,0.000000,0.000000
dp.rf.rf[25][28]$_DFFE_PP_,pipeline_state,0,0,0,0,,,0.000000,0.000000
dp.rf.rf[25][29]$_DFFE_PP_,pipeline_state,0,0,0,0,,,0.000000,0.000000
dp.rf.rf[25][2]$_DFFE_PP_,execute_alu,0,0,0,0,,,0.000000,0.000000
dp.rf.rf[25][30]$_DFFE_PP_,pipeline_state,0,0,0,0,,,0.000000,0.000000
dp.rf.rf[25][31]$_DFFE_PP_,pipeline_state,0,0,0,0,,,0.000000,0.000000
dp.rf.rf[25][3]$_DFFE_PP_,pipeline_state,0,0,0,0,,,0.000000,0.000000
dp.rf.rf[25][4]$_DFFE_PP_,execute_alu,0,0,0,0,,,0.000000,0.000000
dp.rf.rf[25][5]$_DFFE_PP_,pipeline_state,0,0,0,0,,,0.000000,0.000000
dp.rf.rf[25][6]$_DFFE_PP_,pipeline_state,0,0,0,0,,,0.000000,0.000000
dp.rf.rf[25][7]$_DFFE_PP_,execute_alu,0,0,0,0,,,0.000000,0.000000
dp.rf.rf[25][8]$_DFFE_PP_,pipeline_state,0,0,0,0,,,0.000000,0.000000
dp.rf.rf[25][9]$_DFFE_PP_,pipeline_state,0,0,0,0,,,0.000000,0.000000
dp.rf.rf[26][0]$_DFFE_PP_,pipeline_state,1,0,0,1,-0.411500,,1.411500,0.014393
dp.rf.rf[26][10]$_DFFE_PP_,pipeline_state,0,0,0,0,,,0.000000,0.000000
dp.rf.rf[26][11]$_DFFE_PP_,pipeline_state,0,0,0,0,,,0.000000,0.000000
dp.rf.rf[26][12]$_DFFE_PP_,pipeline_state,0,0,0,0,,,0.000000,0.000000
dp.rf.rf[26][13]$_DFFE_PP_,pipeline_state,0,0,0,0,,,0.000000,0.000000
dp.rf.rf[26][14]$_DFFE_PP_,pipeline_state,0,0,0,0,,,0.000000,0.000000
dp.rf.rf[26][15]$_DFFE_PP_,pipeline_state,0,0,0,0,,,0.000000,0.000000
dp.rf.rf[26][16]$_DFFE_PP_,pipeline_state,0,0,0,0,,,0.000000,0.000000
dp.rf.rf[26][17]$_DFFE_PP_,pipeline_state,0,0,0,0,,,0.000000,0.000000
dp.rf.rf[26][18]$_DFFE_PP_,pipeline_state,0,0,0,0,,,0.000000,0.000000
dp.rf.rf[26][19]$_DFFE_PP_,pipeline_state,0,0,0,0,,,0.000000,0.000000
dp.rf.rf[26][1]$_DFFE_PP_,execute_alu,0,0,0,0,,,0.000000,0.000000
dp.rf.rf[26][20]$_DFFE_PP_,pipeline_state,0,0,0,0,,,0.000000,0.000000
dp.rf.rf[26][21]$_DFFE_PP_,pipeline_state,0,0,0,0,,,0.000000,0.000000
dp.rf.rf[26][22]$_DFFE_PP_,pipeline_state,0,0,0,0,,,0.000000,0.000000
dp.rf.rf[26][23]$_DFFE_PP_,pipeline_state,0,0,0,0,,,0.000000,0.000000
dp.rf.rf[26][24]$_DFFE_PP_,pipeline_state,0,0,0,0,,,0.000000,0.000000
dp.rf.rf[26][25]$_DFFE_PP_,pipeline_state,0,0,0,0,,,0.000000,0.000000
dp.rf.rf[26][26]$_DFFE_PP_,pipeline_state,0,0,0,0,,,0.000000,0.000000
dp.rf.rf[26][27]$_DFFE_PP_,pipeline_state,0,0,0,0,,,0.000000,0.000000
dp.rf.rf[26][28]$_DFFE_PP_,pipeline_state,1,0,0,1,-0.398900,,1.398900,0.014264
dp.rf.rf[26][29]$_DFFE_PP_,pipeline_state,0,0,0,0,,,0.000000,0.000000
dp.rf.rf[26][2]$_DFFE_PP_,execute_alu,0,0,0,0,,,0.000000,0.000000
dp.rf.rf[26][30]$_DFFE_PP_,pipeline_state,0,0,0,0,,,0.000000,0.000000
dp.rf.rf[26][31]$_DFFE_PP_,pipeline_state,0,0,0,0,,,0.000000,0.000000
dp.rf.rf[26][3]$_DFFE_PP_,pipeline_state,0,0,0,0,,,0.000000,0.000000
dp.rf.rf[26][4]$_DFFE_PP_,execute_alu,0,0,0,0,,,0.000000,0.000000
dp.rf.rf[26][5]$_DFFE_PP_,pipeline_state,0,0,0,0,,,0.000000,0.000000
dp.rf.rf[26][6]$_DFFE_PP_,pipeline_state,0,0,0,0,,,0.000000,0.000000
dp.rf.rf[26][7]$_DFFE_PP_,execute_alu,0,0,0,0,,,0.000000,0.000000
dp.rf.rf[26][8]$_DFFE_PP_,pipeline_state,0,0,0,0,,,0.000000,0.000000
dp.rf.rf[26][9]$_DFFE_PP_,pipeline_state,0,0,0,0,,,0.000000,0.000000
dp.rf.rf[27][0]$_DFFE_PP_,pipeline_state,1,0,0,1,-0.411800,,1.411800,0.014396
dp.rf.rf[27][10]$_DFFE_PP_,pipeline_state,0,0,0,0,,,0.000000,0.000000
dp.rf.rf[27][11]$_DFFE_PP_,pipeline_state,0,0,0,0,,,0.000000,0.000000
dp.rf.rf[27][12]$_DFFE_PP_,pipeline_state,0,0,0,0,,,0.000000,0.000000
dp.rf.rf[27][13]$_DFFE_PP_,pipeline_state,0,0,0,0,,,0.000000,0.000000
dp.rf.rf[27][14]$_DFFE_PP_,pipeline_state,0,0,0,0,,,0.000000,0.000000
dp.rf.rf[27][15]$_DFFE_PP_,pipeline_state,0,0,0,0,,,0.000000,0.000000
dp.rf.rf[27][16]$_DFFE_PP_,pipeline_state,0,0,0,0,,,0.000000,0.000000
dp.rf.rf[27][17]$_DFFE_PP_,pipeline_state,0,0,0,0,,,0.000000,0.000000
dp.rf.rf[27][18]$_DFFE_PP_,pipeline_state,0,0,0,0,,,0.000000,0.000000
dp.rf.rf[27][19]$_DFFE_PP_,pipeline_state,0,0,0,0,,,0.000000,0.000000
dp.rf.rf[27][1]$_DFFE_PP_,execute_alu,0,0,0,0,,,0.000000,0.000000
dp.rf.rf[27][20]$_DFFE_PP_,pipeline_state,0,0,0,0,,,0.000000,0.000000
dp.rf.rf[27][21]$_DFFE_PP_,pipeline_state,0,0,0,0,,,0.000000,0.000000
dp.rf.rf[27][22]$_DFFE_PP_,pipeline_state,0,0,0,0,,,0.000000,0.000000
dp.rf.rf[27][23]$_DFFE_PP_,pipeline_state,0,0,0,0,,,0.000000,0.000000
dp.rf.rf[27][24]$_DFFE_PP_,pipeline_state,1,0,1,0,2.377800,,0.296051,0.003019
dp.rf.rf[27][25]$_DFFE_PP_,pipeline_state,0,0,0,0,,,0.000000,0.000000
dp.rf.rf[27][26]$_DFFE_PP_,pipeline_state,0,0,0,0,,,0.000000,0.000000
dp.rf.rf[27][27]$_DFFE_PP_,pipeline_state,0,0,0,0,,,0.000000,0.000000
dp.rf.rf[27][28]$_DFFE_PP_,pipeline_state,1,0,0,1,-0.398900,,1.398900,0.014264
dp.rf.rf[27][29]$_DFFE_PP_,pipeline_state,0,0,0,0,,,0.000000,0.000000
dp.rf.rf[27][2]$_DFFE_PP_,execute_alu,0,0,0,0,,,0.000000,0.000000
dp.rf.rf[27][30]$_DFFE_PP_,pipeline_state,0,0,0,0,,,0.000000,0.000000
dp.rf.rf[27][31]$_DFFE_PP_,pipeline_state,0,0,0,0,,,0.000000,0.000000
dp.rf.rf[27][3]$_DFFE_PP_,pipeline_state,0,0,0,0,,,0.000000,0.000000
dp.rf.rf[27][4]$_DFFE_PP_,execute_alu,0,0,0,0,,,0.000000,0.000000
dp.rf.rf[27][5]$_DFFE_PP_,pipeline_state,0,0,0,0,,,0.000000,0.000000
dp.rf.rf[27][6]$_DFFE_PP_,pipeline_state,0,0,0,0,,,0.000000,0.000000
dp.rf.rf[27][7]$_DFFE_PP_,execute_alu,0,0,0,0,,,0.000000,0.000000
dp.rf.rf[27][8]$_DFFE_PP_,pipeline_state,0,0,0,0,,,0.000000,0.000000
dp.rf.rf[27][9]$_DFFE_PP_,pipeline_state,0,0,0,0,,,0.000000,0.000000
dp.rf.rf[28][0]$_DFFE_PP_,pipeline_state,1,0,0,1,-0.411000,,1.411000,0.014388
dp.rf.rf[28][10]$_DFFE_PP_,pipeline_state,0,0,0,0,,,0.000000,0.000000
dp.rf.rf[28][11]$_DFFE_PP_,pipeline_state,0,0,0,0,,,0.000000,0.000000
dp.rf.rf[28][12]$_DFFE_PP_,pipeline_state,0,0,0,0,,,0.000000,0.000000
dp.rf.rf[28][13]$_DFFE_PP_,pipeline_state,0,0,0,0,,,0.000000,0.000000
dp.rf.rf[28][14]$_DFFE_PP_,pipeline_state,0,0,0,0,,,0.000000,0.000000
dp.rf.rf[28][15]$_DFFE_PP_,pipeline_state,0,0,0,0,,,0.000000,0.000000
dp.rf.rf[28][16]$_DFFE_PP_,pipeline_state,0,0,0,0,,,0.000000,0.000000
dp.rf.rf[28][17]$_DFFE_PP_,pipeline_state,0,0,0,0,,,0.000000,0.000000
dp.rf.rf[28][18]$_DFFE_PP_,pipeline_state,0,0,0,0,,,0.000000,0.000000
dp.rf.rf[28][19]$_DFFE_PP_,pipeline_state,0,0,0,0,,,0.000000,0.000000
dp.rf.rf[28][1]$_DFFE_PP_,execute_alu,0,0,0,0,,,0.000000,0.000000
dp.rf.rf[28][20]$_DFFE_PP_,pipeline_state,0,0,0,0,,,0.000000,0.000000
dp.rf.rf[28][21]$_DFFE_PP_,pipeline_state,0,1,1,0,,2.821700,0.000000,0.000000
dp.rf.rf[28][22]$_DFFE_PP_,pipeline_state,0,0,0,0,,,0.000000,0.000000
dp.rf.rf[28][23]$_DFFE_PP_,pipeline_state,0,0,0,0,,,0.000000,0.000000
dp.rf.rf[28][24]$_DFFE_PP_,pipeline_state,0,0,0,0,,,0.000000,0.000000
dp.rf.rf[28][25]$_DFFE_PP_,pipeline_state,0,0,0,0,,,0.000000,0.000000
dp.rf.rf[28][26]$_DFFE_PP_,pipeline_state,0,0,0,0,,,0.000000,0.000000
dp.rf.rf[28][27]$_DFFE_PP_,pipeline_state,0,0,0,0,,,0.000000,0.000000
dp.rf.rf[28][28]$_DFFE_PP_,pipeline_state,0,0,0,0,,,0.000000,0.000000
dp.rf.rf[28][29]$_DFFE_PP_,pipeline_state,0,0,0,0,,,0.000000,0.000000
dp.rf.rf[28][2]$_DFFE_PP_,execute_alu,0,0,0,0,,,0.000000,0.000000
dp.rf.rf[28][30]$_DFFE_PP_,pipeline_state,0,0,0,0,,,0.000000,0.000000
dp.rf.rf[28][31]$_DFFE_PP_,pipeline_state,0,0,0,0,,,0.000000,0.000000
dp.rf.rf[28][3]$_DFFE_PP_,pipeline_state,0,0,0,0,,,0.000000,0.000000
dp.rf.rf[28][4]$_DFFE_PP_,execute_alu,0,0,0,0,,,0.000000,0.000000
dp.rf.rf[28][5]$_DFFE_PP_,pipeline_state,0,0,0,0,,,0.000000,0.000000
dp.rf.rf[28][6]$_DFFE_PP_,pipeline_state,0,0,0,0,,,0.000000,0.000000
dp.rf.rf[28][7]$_DFFE_PP_,execute_alu,0,0,0,0,,,0.000000,0.000000
dp.rf.rf[28][8]$_DFFE_PP_,pipeline_state,0,0,0,0,,,0.000000,0.000000
dp.rf.rf[28][9]$_DFFE_PP_,pipeline_state,0,0,0,0,,,0.000000,0.000000
dp.rf.rf[29][0]$_DFFE_PP_,pipeline_state,1,0,0,1,-0.410600,,1.410600,0.014384
dp.rf.rf[29][10]$_DFFE_PP_,pipeline_state,0,0,0,0,,,0.000000,0.000000
dp.rf.rf[29][11]$_DFFE_PP_,pipeline_state,0,0,0,0,,,0.000000,0.000000
dp.rf.rf[29][12]$_DFFE_PP_,pipeline_state,0,0,0,0,,,0.000000,0.000000
dp.rf.rf[29][13]$_DFFE_PP_,pipeline_state,0,0,0,0,,,0.000000,0.000000
dp.rf.rf[29][14]$_DFFE_PP_,pipeline_state,0,0,0,0,,,0.000000,0.000000
dp.rf.rf[29][15]$_DFFE_PP_,pipeline_state,0,0,0,0,,,0.000000,0.000000
dp.rf.rf[29][16]$_DFFE_PP_,pipeline_state,0,0,0,0,,,0.000000,0.000000
dp.rf.rf[29][17]$_DFFE_PP_,pipeline_state,0,0,0,0,,,0.000000,0.000000
dp.rf.rf[29][18]$_DFFE_PP_,pipeline_state,0,0,0,0,,,0.000000,0.000000
dp.rf.rf[29][19]$_DFFE_PP_,pipeline_state,0,0,0,0,,,0.000000,0.000000
dp.rf.rf[29][1]$_DFFE_PP_,execute_alu,0,0,0,0,,,0.000000,0.000000
dp.rf.rf[29][20]$_DFFE_PP_,pipeline_state,0,0,0,0,,,0.000000,0.000000
dp.rf.rf[29][21]$_DFFE_PP_,pipeline_state,0,0,0,0,,,0.000000,0.000000
dp.rf.rf[29][22]$_DFFE_PP_,pipeline_state,0,0,0,0,,,0.000000,0.000000
dp.rf.rf[29][23]$_DFFE_PP_,pipeline_state,0,0,0,0,,,0.000000,0.000000
dp.rf.rf[29][24]$_DFFE_PP_,pipeline_state,0,0,0,0,,,0.000000,0.000000
dp.rf.rf[29][25]$_DFFE_PP_,pipeline_state,0,0,0,0,,,0.000000,0.000000
dp.rf.rf[29][26]$_DFFE_PP_,pipeline_state,0,0,0,0,,,0.000000,0.000000
dp.rf.rf[29][27]$_DFFE_PP_,pipeline_state,0,0,0,0,,,0.000000,0.000000
dp.rf.rf[29][28]$_DFFE_PP_,pipeline_state,0,0,0,0,,,0.000000,0.000000
dp.rf.rf[29][29]$_DFFE_PP_,pipeline_state,0,0,0,0,,,0.000000,0.000000
dp.rf.rf[29][2]$_DFFE_PP_,execute_alu,0,0,0,0,,,0.000000,0.000000
dp.rf.rf[29][30]$_DFFE_PP_,pipeline_state,0,0,0,0,,,0.000000,0.000000
dp.rf.rf[29][31]$_DFFE_PP_,pipeline_state,0,0,0,0,,,0.000000,0.000000
dp.rf.rf[29][3]$_DFFE_PP_,pipeline_state,0,0,0,0,,,0.000000,0.000000
dp.rf.rf[29][4]$_DFFE_PP_,execute_alu,0,0,0,0,,,0.000000,0.000000
dp.rf.rf[29][5]$_DFFE_PP_,pipeline_state,0,0,0,0,,,0.000000,0.000000
dp.rf.rf[29][6]$_DFFE_PP_,pipeline_state,0,0,0,0,,,0.000000,0.000000
dp.rf.rf[29][7]$_DFFE_PP_,execute_alu,0,0,0,0,,,0.000000,0.000000
dp.rf.rf[29][8]$_DFFE_PP_,pipeline_state,0,0,0,0,,,0.000000,0.000000
dp.rf.rf[29][9]$_DFFE_PP_,pipeline_state,0,0,0,0,,,0.000000,0.000000
dp.rf.rf[2][0]$_DFFE_PP_,pipeline_state,1,1,0,2,-0.405300,1.096000,1.405300,0.014330
dp.rf.rf[2][10]$_DFFE_PP_,pipeline_state,0,0,0,0,,,0.000000,0.000000
dp.rf.rf[2][11]$_DFFE_PP_,pipeline_state,0,0,0,0,,,0.000000,0.000000
dp.rf.rf[2][12]$_DFFE_PP_,pipeline_state,0,0,0,0,,,0.000000,0.000000
dp.rf.rf[2][13]$_DFFE_PP_,pipeline_state,0,0,0,0,,,0.000000,0.000000
dp.rf.rf[2][14]$_DFFE_PP_,pipeline_state,0,0,0,0,,,0.000000,0.000000
dp.rf.rf[2][15]$_DFFE_PP_,pipeline_state,0,0,0,0,,,0.000000,0.000000
dp.rf.rf[2][16]$_DFFE_PP_,pipeline_state,0,0,0,0,,,0.000000,0.000000
dp.rf.rf[2][17]$_DFFE_PP_,pipeline_state,0,0,0,0,,,0.000000,0.000000
dp.rf.rf[2][18]$_DFFE_PP_,pipeline_state,0,0,0,0,,,0.000000,0.000000
dp.rf.rf[2][19]$_DFFE_PP_,pipeline_state,0,0,0,0,,,0.000000,0.000000
dp.rf.rf[2][1]$_DFFE_PP_,execute_alu,0,0,0,0,,,0.000000,0.000000
dp.rf.rf[2][20]$_DFFE_PP_,pipeline_state,0,0,0,0,,,0.000000,0.000000
dp.rf.rf[2][21]$_DFFE_PP_,pipeline_state,0,0,0,0,,,0.000000,0.000000
dp.rf.rf[2][22]$_DFFE_PP_,pipeline_state,0,0,0,0,,,0.000000,0.000000
dp.rf.rf[2][23]$_DFFE_PP_,pipeline_state,0,0,0,0,,,0.000000,0.000000
dp.rf.rf[2][24]$_DFFE_PP_,pipeline_state,0,0,0,0,,,0.000000,0.000000
dp.rf.rf[2][25]$_DFFE_PP_,pipeline_state,0,0,0,0,,,0.000000,0.000000
dp.rf.rf[2][26]$_DFFE_PP_,pipeline_state,0,0,0,0,,,0.000000,0.000000
dp.rf.rf[2][27]$_DFFE_PP_,pipeline_state,0,0,0,0,,,0.000000,0.000000
dp.rf.rf[2][28]$_DFFE_PP_,pipeline_state,1,0,0,1,-0.398900,,1.398900,0.014264
dp.rf.rf[2][29]$_DFFE_PP_,pipeline_state,0,0,0,0,,,0.000000,0.000000
dp.rf.rf[2][2]$_DFFE_PP_,execute_alu,0,0,0,0,,,0.000000,0.000000
dp.rf.rf[2][30]$_DFFE_PP_,pipeline_state,0,0,0,0,,,0.000000,0.000000
dp.rf.rf[2][31]$_DFFE_PP_,pipeline_state,0,0,0,0,,,0.000000,0.000000
dp.rf.rf[2][3]$_DFFE_PP_,pipeline_state,0,0,0,0,,,0.000000,0.000000
dp.rf.rf[2][4]$_DFFE_PP_,execute_alu,0,0,0,0,,,0.000000,0.000000
dp.rf.rf[2][5]$_DFFE_PP_,pipeline_state,0,0,0,0,,,0.000000,0.000000
dp.rf.rf[2][6]$_DFFE_PP_,pipeline_state,0,0,0,0,,,0.000000,0.000000
dp.rf.rf[2][7]$_DFFE_PP_,execute_alu,0,0,0,0,,,0.000000,0.000000
dp.rf.rf[2][8]$_DFFE_PP_,pipeline_state,0,0,0,0,,,0.000000,0.000000
dp.rf.rf[2][9]$_DFFE_PP_,pipeline_state,0,0,0,0,,,0.000000,0.000000
dp.rf.rf[30][0]$_DFFE_PP_,pipeline_state,1,1,1,1,-0.410900,2.815800,1.410900,0.014387
dp.rf.rf[30][10]$_DFFE_PP_,pipeline_state,0,0,0,0,,,0.000000,0.000000
dp.rf.rf[30][11]$_DFFE_PP_,pipeline_state,0,0,0,0,,,0.000000,0.000000
dp.rf.rf[30][12]$_DFFE_PP_,pipeline_state,0,0,0,0,,,0.000000,0.000000
dp.rf.rf[30][13]$_DFFE_PP_,pipeline_state,0,0,0,0,,,0.000000,0.000000
dp.rf.rf[30][14]$_DFFE_PP_,pipeline_state,0,0,0,0,,,0.000000,0.000000
dp.rf.rf[30][15]$_DFFE_PP_,pipeline_state,0,0,0,0,,,0.000000,0.000000
dp.rf.rf[30][16]$_DFFE_PP_,pipeline_state,0,0,0,0,,,0.000000,0.000000
dp.rf.rf[30][17]$_DFFE_PP_,pipeline_state,0,0,0,0,,,0.000000,0.000000
dp.rf.rf[30][18]$_DFFE_PP_,pipeline_state,0,0,0,0,,,0.000000,0.000000
dp.rf.rf[30][19]$_DFFE_PP_,pipeline_state,0,0,0,0,,,0.000000,0.000000
dp.rf.rf[30][1]$_DFFE_PP_,execute_alu,0,0,0,0,,,0.000000,0.000000
dp.rf.rf[30][20]$_DFFE_PP_,pipeline_state,0,0,0,0,,,0.000000,0.000000
dp.rf.rf[30][21]$_DFFE_PP_,pipeline_state,0,0,0,0,,,0.000000,0.000000
dp.rf.rf[30][22]$_DFFE_PP_,pipeline_state,0,0,0,0,,,0.000000,0.000000
dp.rf.rf[30][23]$_DFFE_PP_,pipeline_state,0,0,0,0,,,0.000000,0.000000
dp.rf.rf[30][24]$_DFFE_PP_,pipeline_state,0,0,0,0,,,0.000000,0.000000
dp.rf.rf[30][25]$_DFFE_PP_,pipeline_state,0,0,0,0,,,0.000000,0.000000
dp.rf.rf[30][26]$_DFFE_PP_,pipeline_state,0,0,0,0,,,0.000000,0.000000
dp.rf.rf[30][27]$_DFFE_PP_,pipeline_state,0,0,0,0,,,0.000000,0.000000
dp.rf.rf[30][28]$_DFFE_PP_,pipeline_state,1,0,0,1,-0.399000,,1.399000,0.014265
dp.rf.rf[30][29]$_DFFE_PP_,pipeline_state,0,0,0,0,,,0.000000,0.000000
dp.rf.rf[30][2]$_DFFE_PP_,execute_alu,0,1,1,0,,2.863700,0.000000,0.000000
dp.rf.rf[30][30]$_DFFE_PP_,pipeline_state,0,0,0,0,,,0.000000,0.000000
dp.rf.rf[30][31]$_DFFE_PP_,pipeline_state,0,0,0,0,,,0.000000,0.000000
dp.rf.rf[30][3]$_DFFE_PP_,pipeline_state,0,0,0,0,,,0.000000,0.000000
dp.rf.rf[30][4]$_DFFE_PP_,execute_alu,0,0,0,0,,,0.000000,0.000000
dp.rf.rf[30][5]$_DFFE_PP_,pipeline_state,0,0,0,0,,,0.000000,0.000000
dp.rf.rf[30][6]$_DFFE_PP_,pipeline_state,0,0,0,0,,,0.000000,0.000000
dp.rf.rf[30][7]$_DFFE_PP_,execute_alu,0,0,0,0,,,0.000000,0.000000
dp.rf.rf[30][8]$_DFFE_PP_,pipeline_state,0,0,0,0,,,0.000000,0.000000
dp.rf.rf[30][9]$_DFFE_PP_,pipeline_state,0,0,0,0,,,0.000000,0.000000
dp.rf.rf[31][0]$_DFFE_PP_,pipeline_state,1,0,0,1,-0.411100,,1.411100,0.014389
dp.rf.rf[31][10]$_DFFE_PP_,pipeline_state,0,0,0,0,,,0.000000,0.000000
dp.rf.rf[31][11]$_DFFE_PP_,pipeline_state,0,0,0,0,,,0.000000,0.000000
dp.rf.rf[31][12]$_DFFE_PP_,pipeline_state,0,0,0,0,,,0.000000,0.000000
dp.rf.rf[31][13]$_DFFE_PP_,pipeline_state,0,0,0,0,,,0.000000,0.000000
dp.rf.rf[31][14]$_DFFE_PP_,pipeline_state,0,0,0,0,,,0.000000,0.000000
dp.rf.rf[31][15]$_DFFE_PP_,pipeline_state,0,0,0,0,,,0.000000,0.000000
dp.rf.rf[31][16]$_DFFE_PP_,pipeline_state,0,0,0,0,,,0.000000,0.000000
dp.rf.rf[31][17]$_DFFE_PP_,pipeline_state,0,0,0,0,,,0.000000,0.000000
dp.rf.rf[31][18]$_DFFE_PP_,pipeline_state,0,0,0,0,,,0.000000,0.000000
dp.rf.rf[31][19]$_DFFE_PP_,pipeline_state,0,0,0,0,,,0.000000,0.000000
dp.rf.rf[31][1]$_DFFE_PP_,execute_alu,0,0,0,0,,,0.000000,0.000000
dp.rf.rf[31][20]$_DFFE_PP_,pipeline_state,0,0,0,0,,,0.000000,0.000000
dp.rf.rf[31][21]$_DFFE_PP_,pipeline_state,0,0,0,0,,,0.000000,0.000000
dp.rf.rf[31][22]$_DFFE_PP_,pipeline_state,0,0,0,0,,,0.000000,0.000000
dp.rf.rf[31][23]$_DFFE_PP_,pipeline_state,0,0,0,0,,,0.000000,0.000000
dp.rf.rf[31][24]$_DFFE_PP_,pipeline_state,0,0,0,0,,,0.000000,0.000000
dp.rf.rf[31][25]$_DFFE_PP_,pipeline_state,0,0,0,0,,,0.000000,0.000000
dp.rf.rf[31][26]$_DFFE_PP_,pipeline_state,0,0,0,0,,,0.000000,0.000000
dp.rf.rf[31][27]$_DFFE_PP_,pipeline_state,0,0,0,0,,,0.000000,0.000000
dp.rf.rf[31][28]$_DFFE_PP_,pipeline_state,1,0,0,1,-0.399000,,1.399000,0.014265
dp.rf.rf[31][29]$_DFFE_PP_,pipeline_state,0,1,1,0,,2.769800,0.000000,0.000000
dp.rf.rf[31][2]$_DFFE_PP_,execute_alu,0,0,0,0,,,0.000000,0.000000
dp.rf.rf[31][30]$_DFFE_PP_,pipeline_state,0,0,0,0,,,0.000000,0.000000
dp.rf.rf[31][31]$_DFFE_PP_,pipeline_state,0,0,0,0,,,0.000000,0.000000
dp.rf.rf[31][3]$_DFFE_PP_,pipeline_state,0,0,0,0,,,0.000000,0.000000
dp.rf.rf[31][4]$_DFFE_PP_,execute_alu,0,0,0,0,,,0.000000,0.000000
dp.rf.rf[31][5]$_DFFE_PP_,pipeline_state,0,0,0,0,,,0.000000,0.000000
dp.rf.rf[31][6]$_DFFE_PP_,pipeline_state,0,0,0,0,,,0.000000,0.000000
dp.rf.rf[31][7]$_DFFE_PP_,execute_alu,0,0,0,0,,,0.000000,0.000000
dp.rf.rf[31][8]$_DFFE_PP_,pipeline_state,0,0,0,0,,,0.000000,0.000000
dp.rf.rf[31][9]$_DFFE_PP_,pipeline_state,0,0,0,0,,,0.000000,0.000000
dp.rf.rf[3][0]$_DFFE_PP_,pipeline_state,1,1,0,2,-0.403900,1.094800,1.403900,0.014315
dp.rf.rf[3][10]$_DFFE_PP_,pipeline_state,0,0,0,0,,,0.000000,0.000000
dp.rf.rf[3][11]$_DFFE_PP_,pipeline_state,0,0,0,0,,,0.000000,0.000000
dp.rf.rf[3][12]$_DFFE_PP_,pipeline_state,0,0,0,0,,,0.000000,0.000000
dp.rf.rf[3][13]$_DFFE_PP_,pipeline_state,0,0,0,0,,,0.000000,0.000000
dp.rf.rf[3][14]$_DFFE_PP_,pipeline_state,0,0,0,0,,,0.000000,0.000000
dp.rf.rf[3][15]$_DFFE_PP_,pipeline_state,0,0,0,0,,,0.000000,0.000000
dp.rf.rf[3][16]$_DFFE_PP_,pipeline_state,0,0,0,0,,,0.000000,0.000000
dp.rf.rf[3][17]$_DFFE_PP_,pipeline_state,0,0,0,0,,,0.000000,0.000000
dp.rf.rf[3][18]$_DFFE_PP_,pipeline_state,0,0,0,0,,,0.000000,0.000000
dp.rf.rf[3][19]$_DFFE_PP_,pipeline_state,0,0,0,0,,,0.000000,0.000000
dp.rf.rf[3][1]$_DFFE_PP_,execute_alu,0,0,0,0,,,0.000000,0.000000
dp.rf.rf[3][20]$_DFFE_PP_,pipeline_state,0,0,0,0,,,0.000000,0.000000
dp.rf.rf[3][21]$_DFFE_PP_,pipeline_state,1,0,1,0,2.459200,,0.289084,0.002948
dp.rf.rf[3][22]$_DFFE_PP_,pipeline_state,0,0,0,0,,,0.000000,0.000000
dp.rf.rf[3][23]$_DFFE_PP_,pipeline_state,1,0,1,0,2.374900,,0.296305,0.003021
dp.rf.rf[3][24]$_DFFE_PP_,pipeline_state,0,0,0,0,,,0.000000,0.000000
dp.rf.rf[3][25]$_DFFE_PP_,pipeline_state,0,0,0,0,,,0.000000,0.000000
dp.rf.rf[3][26]$_DFFE_PP_,pipeline_state,0,0,0,0,,,0.000000,0.000000
dp.rf.rf[3][27]$_DFFE_PP_,pipeline_state,0,0,0,0,,,0.000000,0.000000
dp.rf.rf[3][28]$_DFFE_PP_,pipeline_state,1,0,0,1,-0.399000,,1.399000,0.014265
dp.rf.rf[3][29]$_DFFE_PP_,pipeline_state,0,0,0,0,,,0.000000,0.000000
dp.rf.rf[3][2]$_DFFE_PP_,execute_alu,0,0,0,0,,,0.000000,0.000000
dp.rf.rf[3][30]$_DFFE_PP_,pipeline_state,0,0,0,0,,,0.000000,0.000000
dp.rf.rf[3][31]$_DFFE_PP_,pipeline_state,0,0,0,0,,,0.000000,0.000000
dp.rf.rf[3][3]$_DFFE_PP_,pipeline_state,0,0,0,0,,,0.000000,0.000000
dp.rf.rf[3][4]$_DFFE_PP_,execute_alu,0,0,0,0,,,0.000000,0.000000
dp.rf.rf[3][5]$_DFFE_PP_,pipeline_state,0,0,0,0,,,0.000000,0.000000
dp.rf.rf[3][6]$_DFFE_PP_,pipeline_state,0,0,0,0,,,0.000000,0.000000
dp.rf.rf[3][7]$_DFFE_PP_,execute_alu,0,0,0,0,,,0.000000,0.000000
dp.rf.rf[3][8]$_DFFE_PP_,pipeline_state,1,0,1,0,2.526400,,0.283575,0.002892
dp.rf.rf[3][9]$_DFFE_PP_,pipeline_state,0,0,0,0,,,0.000000,0.000000
dp.rf.rf[4][0]$_DFFE_PP_,pipeline_state,1,0,0,1,-0.409600,,1.409600,0.014374
dp.rf.rf[4][10]$_DFFE_PP_,pipeline_state,0,0,0,0,,,0.000000,0.000000
dp.rf.rf[4][11]$_DFFE_PP_,pipeline_state,0,0,0,0,,,0.000000,0.000000
dp.rf.rf[4][12]$_DFFE_PP_,pipeline_state,0,0,0,0,,,0.000000,0.000000
dp.rf.rf[4][13]$_DFFE_PP_,pipeline_state,0,0,0,0,,,0.000000,0.000000
dp.rf.rf[4][14]$_DFFE_PP_,pipeline_state,0,0,0,0,,,0.000000,0.000000
dp.rf.rf[4][15]$_DFFE_PP_,pipeline_state,0,0,0,0,,,0.000000,0.000000
dp.rf.rf[4][16]$_DFFE_PP_,pipeline_state,0,0,0,0,,,0.000000,0.000000
dp.rf.rf[4][17]$_DFFE_PP_,pipeline_state,0,0,0,0,,,0.000000,0.000000
dp.rf.rf[4][18]$_DFFE_PP_,pipeline_state,0,0,0,0,,,0.000000,0.000000
dp.rf.rf[4][19]$_DFFE_PP_,pipeline_state,0,0,0,0,,,0.000000,0.000000
dp.rf.rf[4][1]$_DFFE_PP_,execute_alu,0,0,0,0,,,0.000000,0.000000
dp.rf.rf[4][20]$_DFFE_PP_,pipeline_state,0,0,0,0,,,0.000000,0.000000
dp.rf.rf[4][21]$_DFFE_PP_,pipeline_state,0,0,0,0,,,0.000000,0.000000
dp.rf.rf[4][22]$_DFFE_PP_,pipeline_state,0,0,0,0,,,0.000000,0.000000
dp.rf.rf[4][23]$_DFFE_PP_,pipeline_state,0,0,0,0,,,0.000000,0.000000
dp.rf.rf[4][24]$_DFFE_PP_,pipeline_state,0,0,0,0,,,0.000000,0.000000
dp.rf.rf[4][25]$_DFFE_PP_,pipeline_state,0,0,0,0,,,0.000000,0.000000
dp.rf.rf[4][26]$_DFFE_PP_,pipeline_state,0,0,0,0,,,0.000000,0.000000
dp.rf.rf[4][27]$_DFFE_PP_,pipeline_state,0,0,0,0,,,0.000000,0.000000
dp.rf.rf[4][28]$_DFFE_PP_,pipeline_state,1,0,0,1,-0.337200,,1.337200,0.013635
dp.rf.rf[4][29]$_DFFE_PP_,pipeline_state,0,0,0,0,,,0.000000,0.000000
dp.rf.rf[4][2]$_DFFE_PP_,execute_alu,0,0,0,0,,,0.000000,0.000000
dp.rf.rf[4][30]$_DFFE_PP_,pipeline_state,1,0,1,0,2.189000,,0.313578,0.003198
dp.rf.rf[4][31]$_DFFE_PP_,pipeline_state,0,0,0,0,,,0.000000,0.000000
dp.rf.rf[4][3]$_DFFE_PP_,pipeline_state,0,0,0,0,,,0.000000,0.000000
dp.rf.rf[4][4]$_DFFE_PP_,execute_alu,1,0,1,0,2.401000,,0.294031,0.002998
dp.rf.rf[4][5]$_DFFE_PP_,pipeline_state,0,0,0,0,,,0.000000,0.000000
dp.rf.rf[4][6]$_DFFE_PP_,pipeline_state,0,0,0,0,,,0.000000,0.000000
dp.rf.rf[4][7]$_DFFE_PP_,execute_alu,0,0,0,0,,,0.000000,0.000000
dp.rf.rf[4][8]$_DFFE_PP_,pipeline_state,0,0,0,0,,,0.000000,0.000000
dp.rf.rf[4][9]$_DFFE_PP_,pipeline_state,0,0,0,0,,,0.000000,0.000000
dp.rf.rf[5][0]$_DFFE_PP_,pipeline_state,1,0,0,1,-0.409600,,1.409600,0.014374
dp.rf.rf[5][10]$_DFFE_PP_,pipeline_state,0,0,0,0,,,0.000000,0.000000
dp.rf.rf[5][11]$_DFFE_PP_,pipeline_state,0,0,0,0,,,0.000000,0.000000
dp.rf.rf[5][12]$_DFFE_PP_,pipeline_state,0,0,0,0,,,0.000000,0.000000
dp.rf.rf[5][13]$_DFFE_PP_,pipeline_state,0,0,0,0,,,0.000000,0.000000
dp.rf.rf[5][14]$_DFFE_PP_,pipeline_state,0,0,0,0,,,0.000000,0.000000
dp.rf.rf[5][15]$_DFFE_PP_,pipeline_state,0,0,0,0,,,0.000000,0.000000
dp.rf.rf[5][16]$_DFFE_PP_,pipeline_state,0,0,0,0,,,0.000000,0.000000
dp.rf.rf[5][17]$_DFFE_PP_,pipeline_state,0,0,0,0,,,0.000000,0.000000
dp.rf.rf[5][18]$_DFFE_PP_,pipeline_state,0,0,0,0,,,0.000000,0.000000
dp.rf.rf[5][19]$_DFFE_PP_,pipeline_state,0,0,0,0,,,0.000000,0.000000
dp.rf.rf[5][1]$_DFFE_PP_,execute_alu,0,0,0,0,,,0.000000,0.000000
dp.rf.rf[5][20]$_DFFE_PP_,pipeline_state,0,0,0,0,,,0.000000,0.000000
dp.rf.rf[5][21]$_DFFE_PP_,pipeline_state,0,0,0,0,,,0.000000,0.000000
dp.rf.rf[5][22]$_DFFE_PP_,pipeline_state,0,0,0,0,,,0.000000,0.000000
dp.rf.rf[5][23]$_DFFE_PP_,pipeline_state,0,0,0,0,,,0.000000,0.000000
dp.rf.rf[5][24]$_DFFE_PP_,pipeline_state,0,0,0,0,,,0.000000,0.000000
dp.rf.rf[5][25]$_DFFE_PP_,pipeline_state,0,0,0,0,,,0.000000,0.000000
dp.rf.rf[5][26]$_DFFE_PP_,pipeline_state,0,0,0,0,,,0.000000,0.000000
dp.rf.rf[5][27]$_DFFE_PP_,pipeline_state,0,0,0,0,,,0.000000,0.000000
dp.rf.rf[5][28]$_DFFE_PP_,pipeline_state,0,0,0,0,,,0.000000,0.000000
dp.rf.rf[5][29]$_DFFE_PP_,pipeline_state,0,0,0,0,,,0.000000,0.000000
dp.rf.rf[5][2]$_DFFE_PP_,execute_alu,0,0,0,0,,,0.000000,0.000000
dp.rf.rf[5][30]$_DFFE_PP_,pipeline_state,0,0,0,0,,,0.000000,0.000000
dp.rf.rf[5][31]$_DFFE_PP_,pipeline_state,0,0,0,0,,,0.000000,0.000000
dp.rf.rf[5][3]$_DFFE_PP_,pipeline_state,0,0,0,0,,,0.000000,0.000000
dp.rf.rf[5][4]$_DFFE_PP_,execute_alu,0,0,0,0,,,0.000000,0.000000
dp.rf.rf[5][5]$_DFFE_PP_,pipeline_state,0,0,0,0,,,0.000000,0.000000
dp.rf.rf[5][6]$_DFFE_PP_,pipeline_state,0,0,0,0,,,0.000000,0.000000
dp.rf.rf[5][7]$_DFFE_PP_,execute_alu,0,0,0,0,,,0.000000,0.000000
dp.rf.rf[5][8]$_DFFE_PP_,pipeline_state,0,0,0,0,,,0.000000,0.000000
dp.rf.rf[5][9]$_DFFE_PP_,pipeline_state,0,0,0,0,,,0.000000,0.000000
dp.rf.rf[6][0]$_DFFE_PP_,pipeline_state,1,0,0,1,-0.408800,,1.408800,0.014365
dp.rf.rf[6][10]$_DFFE_PP_,pipeline_state,0,0,0,0,,,0.000000,0.000000
dp.rf.rf[6][11]$_DFFE_PP_,pipeline_state,0,0,0,0,,,0.000000,0.000000
dp.rf.rf[6][12]$_DFFE_PP_,pipeline_state,0,0,0,0,,,0.000000,0.000000
dp.rf.rf[6][13]$_DFFE_PP_,pipeline_state,0,0,0,0,,,0.000000,0.000000
dp.rf.rf[6][14]$_DFFE_PP_,pipeline_state,0,0,0,0,,,0.000000,0.000000
dp.rf.rf[6][15]$_DFFE_PP_,pipeline_state,0,0,0,0,,,0.000000,0.000000
dp.rf.rf[6][16]$_DFFE_PP_,pipeline_state,0,0,0,0,,,0.000000,0.000000
dp.rf.rf[6][17]$_DFFE_PP_,pipeline_state,0,0,0,0,,,0.000000,0.000000
dp.rf.rf[6][18]$_DFFE_PP_,pipeline_state,0,0,0,0,,,0.000000,0.000000
dp.rf.rf[6][19]$_DFFE_PP_,pipeline_state,0,0,0,0,,,0.000000,0.000000
dp.rf.rf[6][1]$_DFFE_PP_,execute_alu,0,0,0,0,,,0.000000,0.000000
dp.rf.rf[6][20]$_DFFE_PP_,pipeline_state,0,0,0,0,,,0.000000,0.000000
dp.rf.rf[6][21]$_DFFE_PP_,pipeline_state,0,0,0,0,,,0.000000,0.000000
dp.rf.rf[6][22]$_DFFE_PP_,pipeline_state,0,0,0,0,,,0.000000,0.000000
dp.rf.rf[6][23]$_DFFE_PP_,pipeline_state,0,0,0,0,,,0.000000,0.000000
dp.rf.rf[6][24]$_DFFE_PP_,pipeline_state,0,0,0,0,,,0.000000,0.000000
dp.rf.rf[6][25]$_DFFE_PP_,pipeline_state,0,0,0,0,,,0.000000,0.000000
dp.rf.rf[6][26]$_DFFE_PP_,pipeline_state,0,0,0,0,,,0.000000,0.000000
dp.rf.rf[6][27]$_DFFE_PP_,pipeline_state,0,0,0,0,,,0.000000,0.000000
dp.rf.rf[6][28]$_DFFE_PP_,pipeline_state,1,0,0,1,-0.399200,,1.399200,0.014268
dp.rf.rf[6][29]$_DFFE_PP_,pipeline_state,0,0,0,0,,,0.000000,0.000000
dp.rf.rf[6][2]$_DFFE_PP_,execute_alu,0,0,0,0,,,0.000000,0.000000
dp.rf.rf[6][30]$_DFFE_PP_,pipeline_state,0,0,0,0,,,0.000000,0.000000
dp.rf.rf[6][31]$_DFFE_PP_,pipeline_state,0,0,0,0,,,0.000000,0.000000
dp.rf.rf[6][3]$_DFFE_PP_,pipeline_state,0,0,0,0,,,0.000000,0.000000
dp.rf.rf[6][4]$_DFFE_PP_,execute_alu,0,0,0,0,,,0.000000,0.000000
dp.rf.rf[6][5]$_DFFE_PP_,pipeline_state,0,0,0,0,,,0.000000,0.000000
dp.rf.rf[6][6]$_DFFE_PP_,pipeline_state,0,0,0,0,,,0.000000,0.000000
dp.rf.rf[6][7]$_DFFE_PP_,execute_alu,0,0,0,0,,,0.000000,0.000000
dp.rf.rf[6][8]$_DFFE_PP_,pipeline_state,0,0,0,0,,,0.000000,0.000000
dp.rf.rf[6][9]$_DFFE_PP_,pipeline_state,0,0,0,0,,,0.000000,0.000000
dp.rf.rf[7][0]$_DFFE_PP_,pipeline_state,1,0,0,1,-0.409600,,1.409600,0.014374
dp.rf.rf[7][10]$_DFFE_PP_,pipeline_state,0,0,0,0,,,0.000000,0.000000
dp.rf.rf[7][11]$_DFFE_PP_,pipeline_state,0,0,0,0,,,0.000000,0.000000
dp.rf.rf[7][12]$_DFFE_PP_,pipeline_state,0,0,0,0,,,0.000000,0.000000
dp.rf.rf[7][13]$_DFFE_PP_,pipeline_state,0,0,0,0,,,0.000000,0.000000
dp.rf.rf[7][14]$_DFFE_PP_,pipeline_state,0,0,0,0,,,0.000000,0.000000
dp.rf.rf[7][15]$_DFFE_PP_,pipeline_state,0,0,0,0,,,0.000000,0.000000
dp.rf.rf[7][16]$_DFFE_PP_,pipeline_state,0,0,0,0,,,0.000000,0.000000
dp.rf.rf[7][17]$_DFFE_PP_,pipeline_state,0,0,0,0,,,0.000000,0.000000
dp.rf.rf[7][18]$_DFFE_PP_,pipeline_state,0,0,0,0,,,0.000000,0.000000
dp.rf.rf[7][19]$_DFFE_PP_,pipeline_state,0,0,0,0,,,0.000000,0.000000
dp.rf.rf[7][1]$_DFFE_PP_,execute_alu,0,0,0,0,,,0.000000,0.000000
dp.rf.rf[7][20]$_DFFE_PP_,pipeline_state,0,0,0,0,,,0.000000,0.000000
dp.rf.rf[7][21]$_DFFE_PP_,pipeline_state,0,0,0,0,,,0.000000,0.000000
dp.rf.rf[7][22]$_DFFE_PP_,pipeline_state,0,0,0,0,,,0.000000,0.000000
dp.rf.rf[7][23]$_DFFE_PP_,pipeline_state,0,0,0,0,,,0.000000,0.000000
dp.rf.rf[7][24]$_DFFE_PP_,pipeline_state,0,0,0,0,,,0.000000,0.000000
dp.rf.rf[7][25]$_DFFE_PP_,pipeline_state,0,0,0,0,,,0.000000,0.000000
dp.rf.rf[7][26]$_DFFE_PP_,pipeline_state,0,0,0,0,,,0.000000,0.000000
dp.rf.rf[7][27]$_DFFE_PP_,pipeline_state,0,0,0,0,,,0.000000,0.000000
dp.rf.rf[7][28]$_DFFE_PP_,pipeline_state,1,0,0,1,-0.336800,,1.336800,0.013631
dp.rf.rf[7][29]$_DFFE_PP_,pipeline_state,0,0,0,0,,,0.000000,0.000000
dp.rf.rf[7][2]$_DFFE_PP_,execute_alu,0,0,0,0,,,0.000000,0.000000
dp.rf.rf[7][30]$_DFFE_PP_,pipeline_state,0,0,0,0,,,0.000000,0.000000
dp.rf.rf[7][31]$_DFFE_PP_,pipeline_state,0,0,0,0,,,0.000000,0.000000
dp.rf.rf[7][3]$_DFFE_PP_,pipeline_state,0,0,0,0,,,0.000000,0.000000
dp.rf.rf[7][4]$_DFFE_PP_,execute_alu,0,0,0,0,,,0.000000,0.000000
dp.rf.rf[7][5]$_DFFE_PP_,pipeline_state,0,0,0,0,,,0.000000,0.000000
dp.rf.rf[7][6]$_DFFE_PP_,pipeline_state,0,0,0,0,,,0.000000,0.000000
dp.rf.rf[7][7]$_DFFE_PP_,execute_alu,0,0,0,0,,,0.000000,0.000000
dp.rf.rf[7][8]$_DFFE_PP_,pipeline_state,0,0,0,0,,,0.000000,0.000000
dp.rf.rf[7][9]$_DFFE_PP_,pipeline_state,0,0,0,0,,,0.000000,0.000000
dp.rf.rf[8][0]$_DFFE_PP_,pipeline_state,1,1,0,2,-0.403300,1.094300,1.403300,0.014309
dp.rf.rf[8][10]$_DFFE_PP_,pipeline_state,0,0,0,0,,,0.000000,0.000000
dp.rf.rf[8][11]$_DFFE_PP_,pipeline_state,0,0,0,0,,,0.000000,0.000000
dp.rf.rf[8][12]$_DFFE_PP_,pipeline_state,0,0,0,0,,,0.000000,0.000000
dp.rf.rf[8][13]$_DFFE_PP_,pipeline_state,1,0,1,0,2.455500,,0.289394,0.002951
dp.rf.rf[8][14]$_DFFE_PP_,pipeline_state,0,0,0,0,,,0.000000,0.000000
dp.rf.rf[8][15]$_DFFE_PP_,pipeline_state,0,0,0,0,,,0.000000,0.000000
dp.rf.rf[8][16]$_DFFE_PP_,pipeline_state,0,0,0,0,,,0.000000,0.000000
dp.rf.rf[8][17]$_DFFE_PP_,pipeline_state,0,0,0,0,,,0.000000,0.000000
dp.rf.rf[8][18]$_DFFE_PP_,pipeline_state,0,0,0,0,,,0.000000,0.000000
dp.rf.rf[8][19]$_DFFE_PP_,pipeline_state,0,0,0,0,,,0.000000,0.000000
dp.rf.rf[8][1]$_DFFE_PP_,execute_alu,0,0,0,0,,,0.000000,0.000000
dp.rf.rf[8][20]$_DFFE_PP_,pipeline_state,0,0,0,0,,,0.000000,0.000000
dp.rf.rf[8][21]$_DFFE_PP_,pipeline_state,0,0,0,0,,,0.000000,0.000000
dp.rf.rf[8][22]$_DFFE_PP_,pipeline_state,0,0,0,0,,,0.000000,0.000000
dp.rf.rf[8][23]$_DFFE_PP_,pipeline_state,0,0,0,0,,,0.000000,0.000000
dp.rf.rf[8][24]$_DFFE_PP_,pipeline_state,0,0,0,0,,,0.000000,0.000000
dp.rf.rf[8][25]$_DFFE_PP_,pipeline_state,0,0,0,0,,,0.000000,0.000000
dp.rf.rf[8][26]$_DFFE_PP_,pipeline_state,0,0,0,0,,,0.000000,0.000000
dp.rf.rf[8][27]$_DFFE_PP_,pipeline_state,1,0,1,0,2.386500,,0.295290,0.003011
dp.rf.rf[8][28]$_DFFE_PP_,pipeline_state,1,0,0,1,-0.341100,,1.341100,0.013675
dp.rf.rf[8][29]$_DFFE_PP_,pipeline_state,0,0,0,0,,,0.000000,0.000000
dp.rf.rf[8][2]$_DFFE_PP_,execute_alu,0,0,0,0,,,0.000000,0.000000
dp.rf.rf[8][30]$_DFFE_PP_,pipeline_state,0,0,0,0,,,0.000000,0.000000
dp.rf.rf[8][31]$_DFFE_PP_,pipeline_state,0,0,0,0,,,0.000000,0.000000
dp.rf.rf[8][3]$_DFFE_PP_,pipeline_state,0,0,0,0,,,0.000000,0.000000
dp.rf.rf[8][4]$_DFFE_PP_,execute_alu,0,0,0,0,,,0.000000,0.000000
dp.rf.rf[8][5]$_DFFE_PP_,pipeline_state,0,0,0,0,,,0.000000,0.000000
dp.rf.rf[8][6]$_DFFE_PP_,pipeline_state,0,0,0,0,,,0.000000,0.000000
dp.rf.rf[8][7]$_DFFE_PP_,execute_alu,0,0,0,0,,,0.000000,0.000000
dp.rf.rf[8][8]$_DFFE_PP_,pipeline_state,0,0,0,0,,,0.000000,0.000000
dp.rf.rf[8][9]$_DFFE_PP_,pipeline_state,1,0,1,0,2.485400,,0.286911,0.002926
dp.rf.rf[9][0]$_DFFE_PP_,pipeline_state,1,1,0,2,-0.399400,1.090800,1.399400,0.014270
dp.rf.rf[9][10]$_DFFE_PP_,pipeline_state,0,0,0,0,,,0.000000,0.000000
dp.rf.rf[9][11]$_DFFE_PP_,pipeline_state,0,0,0,0,,,0.000000,0.000000
dp.rf.rf[9][12]$_DFFE_PP_,pipeline_state,0,0,0,0,,,0.000000,0.000000
dp.rf.rf[9][13]$_DFFE_PP_,pipeline_state,0,0,0,0,,,0.000000,0.000000
dp.rf.rf[9][14]$_DFFE_PP_,pipeline_state,1,0,1,0,2.493500,,0.286246,0.002919
dp.rf.rf[9][15]$_DFFE_PP_,pipeline_state,0,0,0,0,,,0.000000,0.000000
dp.rf.rf[9][16]$_DFFE_PP_,pipeline_state,0,0,0,0,,,0.000000,0.000000
dp.rf.rf[9][17]$_DFFE_PP_,pipeline_state,0,0,0,0,,,0.000000,0.000000
dp.rf.rf[9][18]$_DFFE_PP_,pipeline_state,0,0,0,0,,,0.000000,0.000000
dp.rf.rf[9][19]$_DFFE_PP_,pipeline_state,0,0,0,0,,,0.000000,0.000000
dp.rf.rf[9][1]$_DFFE_PP_,execute_alu,0,0,0,0,,,0.000000,0.000000
dp.rf.rf[9][20]$_DFFE_PP_,pipeline_state,0,0,0,0,,,0.000000,0.000000
dp.rf.rf[9][21]$_DFFE_PP_,pipeline_state,0,0,0,0,,,0.000000,0.000000
dp.rf.rf[9][22]$_DFFE_PP_,pipeline_state,0,0,0,0,,,0.000000,0.000000
dp.rf.rf[9][23]$_DFFE_PP_,pipeline_state,0,0,0,0,,,0.000000,0.000000
dp.rf.rf[9][24]$_DFFE_PP_,pipeline_state,0,0,0,0,,,0.000000,0.000000
dp.rf.rf[9][25]$_DFFE_PP_,pipeline_state,0,0,0,0,,,0.000000,0.000000
dp.rf.rf[9][26]$_DFFE_PP_,pipeline_state,0,0,0,0,,,0.000000,0.000000
dp.rf.rf[9][27]$_DFFE_PP_,pipeline_state,0,0,0,0,,,0.000000,0.000000
dp.rf.rf[9][28]$_DFFE_PP_,pipeline_state,1,0,0,1,-0.341400,,1.341400,0.013678
dp.rf.rf[9][29]$_DFFE_PP_,pipeline_state,0,0,0,0,,,0.000000,0.000000
dp.rf.rf[9][2]$_DFFE_PP_,execute_alu,0,0,0,0,,,0.000000,0.000000
dp.rf.rf[9][30]$_DFFE_PP_,pipeline_state,0,0,0,0,,,0.000000,0.000000
dp.rf.rf[9][31]$_DFFE_PP_,pipeline_state,0,0,0,0,,,0.000000,0.000000
dp.rf.rf[9][3]$_DFFE_PP_,pipeline_state,0,0,0,0,,,0.000000,0.000000
dp.rf.rf[9][4]$_DFFE_PP_,execute_alu,0,0,0,0,,,0.000000,0.000000
dp.rf.rf[9][5]$_DFFE_PP_,pipeline_state,0,0,0,0,,,0.000000,0.000000
dp.rf.rf[9][6]$_DFFE_PP_,pipeline_state,0,0,0,0,,,0.000000,0.000000
dp.rf.rf[9][7]$_DFFE_PP_,execute_alu,0,0,0,0,,,0.000000,0.000000
dp.rf.rf[9][8]$_DFFE_PP_,pipeline_state,0,0,0,0,,,0.000000,0.000000
dp.rf.rf[9][9]$_DFFE_PP_,pipeline_state,0,0,0,0,,,0.000000,0.000000
input33,fetch,0,0,0,0,,,0.000000,0.000000
input34,fetch,0,0,0,0,,,0.000000,0.000000
input35,fetch,0,0,0,0,,,0.000000,0.000000
input36,fetch,0,0,0,0,,,0.000000,0.000000
input37,fetch,0,0,0,0,,,0.000000,0.000000
input38,fetch,0,0,0,0,,,0.000000,0.000000
input39,fetch,0,0,0,0,,,0.000000,0.000000
input40,fetch,0,0,0,0,,,0.000000,0.000000
input41,fetch,0,0,0,0,,,0.000000,0.000000
input42,fetch,0,0,0,0,,,0.000000,0.000000
input43,fetch,0,0,0,0,,,0.000000,0.000000
input44,fetch,0,0,0,0,,,0.000000,0.000000
input45,fetch,0,0,0,0,,,0.000000,0.000000
input46,fetch,0,0,0,0,,,0.000000,0.000000
input47,fetch,0,0,0,0,,,0.000000,0.000000
input48,fetch,0,0,0,0,,,0.000000,0.000000
input49,fetch,0,0,0,0,,,0.000000,0.000000
input50,fetch,0,0,0,0,,,0.000000,0.000000
input51,fetch,0,0,0,0,,,0.000000,0.000000
input52,fetch,0,0,0,0,,,0.000000,0.000000
input53,fetch,0,0,0,0,,,0.000000,0.000000
input54,fetch,0,0,0,0,,,0.000000,0.000000
input55,fetch,0,0,0,0,,,0.000000,0.000000
input56,fetch,0,0,0,0,,,0.000000,0.000000
input57,fetch,0,0,0,0,,,0.000000,0.000000
input58,fetch,0,0,0,0,,,0.000000,0.000000
input59,fetch,0,0,0,0,,,0.000000,0.000000
input60,fetch,0,0,0,0,,,0.000000,0.000000
input61,fetch,0,0,0,0,,,0.000000,0.000000
input62,fetch,0,0,0,0,,,0.000000,0.000000
input63,fetch,0,0,0,0,,,0.000000,0.000000
input64,fetch,0,0,0,0,,,0.000000,0.000000
input65,generated_control,0,0,0,0,,,0.000000,0.000000
input66,generated_control,0,0,0,0,,,0.000000,0.000000
input67,generated_control,0,0,0,0,,,0.000000,0.000000
input68,generated_control,0,0,0,0,,,0.000000,0.000000
input69,generated_control,0,0,0,0,,,0.000000,0.000000
input70,generated_control,0,0,0,0,,,0.000000,0.000000
input71,generated_control,0,0,0,0,,,0.000000,0.000000
input72,generated_control,0,0,0,0,,,0.000000,0.000000
input73,generated_control,0,0,0,0,,,0.000000,0.000000
input74,generated_control,0,0,0,0,,,0.000000,0.000000
input75,generated_control,0,0,0,0,,,0.000000,0.000000
input76,generated_control,0,0,0,0,,,0.000000,0.000000
input77,generated_control,0,0,0,0,,,0.000000,0.000000
input78,generated_control,0,0,0,0,,,0.000000,0.000000
input79,generated_control,0,0,0,0,,,0.000000,0.000000
input80,generated_control,0,0,0,0,,,0.000000,0.000000
input81,generated_control,0,0,0,0,,,0.000000,0.000000
input82,generated_control,0,0,0,0,,,0.000000,0.000000
input83,generated_control,0,0,0,0,,,0.000000,0.000000
input84,generated_control,0,0,0,0,,,0.000000,0.000000
input85,generated_control,0,0,0,0,,,0.000000,0.000000
input86,generated_control,0,0,0,0,,,0.000000,0.000000
input87,generated_control,0,0,0,0,,,0.000000,0.000000
input88,generated_control,0,0,0,0,,,0.000000,0.000000
input89,generated_control,0,0,0,0,,,0.000000,0.000000
input90,generated_control,0,0,0,0,,,0.000000,0.000000
input91,generated_control,0,0,0,0,,,0.000000,0.000000
input92,generated_control,0,0,0,0,,,0.000000,0.000000
input93,generated_control,0,0,0,0,,,0.000000,0.000000
input94,generated_control,0,0,0,0,,,0.000000,0.000000
input95,generated_control,0,0,0,0,,,0.000000,0.000000
input96,generated_control,0,0,0,0,,,0.000000,0.000000
input97,clock_reset,0,0,0,0,,,0.000000,0.000000
output100,generated_control,1,0,0,0,0.198800,,0.834168,0.008506
output101,generated_control,1,0,0,0,-0.443200,,1.443200,0.014716
output102,generated_control,1,0,0,0,0.076100,,0.929282,0.009476
output103,generated_control,1,1,0,0,-0.228400,2.791100,1.228400,0.012526
output104,generated_control,1,0,0,0,0.261500,,0.792707,0.008083
output105,generated_control,1,0,0,0,-0.212100,,1.212100,0.012360
output106,generated_control,1,0,0,0,0.001000,,0.999001,0.010187
output107,unclassified,1,0,0,0,0.048200,,0.954016,0.009728
output108,clock_reset,1,1,0,0,0.123100,2.706200,0.890393,0.009079
output109,generated_control,1,0,0,0,0.044300,,0.957579,0.009764
output110,generated_control,1,0,0,0,0.215200,,0.822910,0.008391
output111,generated_control,1,1,0,0,0.171800,2.765900,0.853388,0.008702
output112,generated_control,1,1,0,0,-0.188300,2.777100,1.188300,0.012117
output113,clock_reset,1,1,0,0,0.121100,2.770900,0.891981,0.009095
output114,generated_control,1,0,0,0,-0.112100,,1.112100,0.011340
output115,generated_control,1,0,0,0,0.005100,,0.994926,0.010145
output116,generated_control,1,1,0,0,-0.555200,2.779800,1.555200,0.015858
output117,generated_control,1,0,0,0,-0.386200,,1.386200,0.014135
output118,generated_control,1,0,0,0,-0.682000,,1.682000,0.017151
output119,unclassified,1,1,0,0,-0.244800,2.769800,1.244800,0.012693
output120,generated_control,1,0,0,0,0.096200,,0.912242,0.009302
output121,generated_control,1,0,0,0,-0.463700,,1.463700,0.014925
output122,clock_reset,1,0,0,0,-0.055200,,1.055200,0.010760
output123,generated_control,1,0,0,0,0.228900,,0.813736,0.008298
output124,generated_control,1,0,0,0,0.192400,,0.838645,0.008552
output125,generated_control,1,0,0,0,0.181300,,0.846525,0.008632
output126,generated_control,1,0,0,0,0.077600,,0.927988,0.009463
output127,generated_control,1,0,0,0,0.136400,,0.879972,0.008973
output128,clock_reset,1,1,0,0,0.158600,2.603000,0.863111,0.008801
output129,generated_control,1,0,0,0,-0.056000,,1.056000,0.010768
output130,generated_control,0,0,0,0,,,0.000000,0.000000
output131,generated_control,0,0,0,0,,,0.000000,0.000000
output132,generated_control,0,1,0,0,,1.993200,0.000000,0.000000
output133,generated_control,0,1,0,0,,2.025800,0.000000,0.000000
output134,generated_control,0,1,0,0,,2.181500,0.000000,0.000000
output135,generated_control,0,1,0,0,,2.110900,0.000000,0.000000
output136,generated_control,0,1,0,0,,2.070700,0.000000,0.000000
output137,generated_control,0,1,0,0,,2.099200,0.000000,0.000000
output138,generated_control,0,1,0,0,,2.162700,0.000000,0.000000
output139,generated_control,0,1,0,0,,2.097300,0.000000,0.000000
output140,generated_control,0,1,0,0,,2.090400,0.000000,0.000000
output141,generated_control,0,1,0,0,,2.086000,0.000000,0.000000
output142,generated_control,0,1,0,0,,2.084200,0.000000,0.000000
output143,generated_control,0,1,0,0,,2.004300,0.000000,0.000000
output144,generated_control,0,1,0,0,,2.084200,0.000000,0.000000
output145,generated_control,0,1,0,0,,2.171700,0.000000,0.000000
output146,generated_control,0,1,0,0,,2.432400,0.000000,0.000000
output147,generated_control,0,1,0,0,,2.294500,0.000000,0.000000
output148,generated_control,0,1,0,0,,2.381400,0.000000,0.000000
output149,generated_control,0,1,0,0,,2.334900,0.000000,0.000000
output150,generated_control,0,1,0,0,,2.265500,0.000000,0.000000
output151,generated_control,0,1,0,0,,2.244500,0.000000,0.000000
output152,generated_control,0,1,0,0,,2.278700,0.000000,0.000000
output153,generated_control,0,1,0,0,,2.276800,0.000000,0.000000
output154,generated_control,0,1,0,0,,2.120800,0.000000,0.000000
output155,generated_control,0,1,0,0,,2.222200,0.000000,0.000000
output156,generated_control,0,1,0,0,,2.215600,0.000000,0.000000
output157,generated_control,0,1,0,0,,2.091000,0.000000,0.000000
output158,generated_control,0,1,0,0,,2.123400,0.000000,0.000000
output159,generated_control,0,1,0,0,,2.096300,0.000000,0.000000
output160,generated_control,0,1,0,0,,2.070700,0.000000,0.000000
output161,generated_control,0,1,0,0,,2.042900,0.000000,0.000000
output162,generated_control,0,1,0,0,,2.107400,0.000000,0.000000
output163,generated_control,0,1,0,0,,2.057100,0.000000,0.000000
output164,generated_control,0,0,0,0,,,0.000000,0.000000
output165,generated_control,0,1,0,0,,2.815800,0.000000,0.000000
output166,generated_control,1,0,0,0,2.275900,,0.305260,0.003113
output167,generated_control,1,0,0,0,2.530400,,0.283254,0.002888
output168,generated_control,0,0,0,0,,,0.000000,0.000000
output169,generated_control,1,0,0,0,2.455500,,0.289394,0.002951
output170,generated_control,1,0,0,0,2.493500,,0.286246,0.002919
output171,generated_control,1,0,0,0,2.343400,,0.299097,0.003050
output172,generated_control,0,0,0,0,,,0.000000,0.000000
output173,generated_control,0,1,0,0,,2.863800,0.000000,0.000000
output174,generated_control,0,0,0,0,,,0.000000,0.000000
output175,generated_control,1,0,0,0,2.467300,,0.288409,0.002941
output176,generated_control,0,1,0,0,,2.824000,0.000000,0.000000
output177,generated_control,0,0,0,0,,,0.000000,0.000000
output178,generated_control,1,1,0,0,2.459200,2.821700,0.289084,0.002948
output179,generated_control,1,0,0,0,2.320300,,0.301178,0.003071
output180,generated_control,1,0,0,0,2.374900,,0.296305,0.003021
output181,generated_control,1,0,0,0,2.377800,,0.296051,0.003019
output182,generated_control,0,1,0,0,,2.770700,0.000000,0.000000
output183,generated_control,0,0,0,0,,,0.000000,0.000000
output184,generated_control,1,0,0,0,2.386500,,0.295290,0.003011
output185,generated_control,1,0,0,0,2.527200,,0.283511,0.002891
output186,generated_control,0,1,0,0,,2.785000,0.000000,0.000000
output187,generated_control,0,1,0,0,,2.863700,0.000000,0.000000
output188,generated_control,1,1,0,0,2.189000,2.857400,0.313578,0.003198
output189,generated_control,1,0,0,0,2.175000,,0.314961,0.003212
output190,generated_control,0,0,0,0,,,0.000000,0.000000
output191,generated_control,1,0,0,0,2.401000,,0.294031,0.002998
output192,generated_control,1,0,0,0,2.393000,,0.294724,0.003005
output193,generated_control,0,0,0,0,,,0.000000,0.000000
output194,generated_control,0,0,0,0,,,0.000000,0.000000
output195,generated_control,1,0,0,0,2.526400,,0.283575,0.002892
output196,generated_control,1,0,0,0,2.485400,,0.286911,0.002926
output98,generated_control,1,1,0,0,-0.736300,2.839600,1.736300,0.017705
output99,generated_control,1,1,0,0,-0.057600,2.716100,1.057600,0.010784
place1000,generated_control,0,0,0,0,,,0.000000,0.000000
place1001,generated_control,1,0,0,0,-0.463700,,1.463700,0.014925
place1002,generated_control,0,0,0,0,,,0.000000,0.000000
place1003,execute_alu,0,0,0,0,,,0.000000,0.000000
place1004,execute_alu,0,0,0,0,,,0.000000,0.000000
place1005,execute_alu,0,0,0,0,,,0.000000,0.000000
place1006,execute_alu,0,0,0,0,,,0.000000,0.000000
place1007,execute_alu,0,0,0,0,,,0.000000,0.000000
place1008,execute_alu,0,0,0,0,,,0.000000,0.000000
place1009,generated_control,0,0,0,0,,,0.000000,0.000000
place1010,generated_control,0,0,0,0,,,0.000000,0.000000
place1011,generated_control,33,0,0,0,-0.736300,,46.743100,0.476636
place1012,generated_control,0,0,0,0,,,0.000000,0.000000
place1013,generated_control,0,0,0,0,,,0.000000,0.000000
place1014,generated_control,1,0,0,0,-0.386200,,1.386200,0.014135
place1015,generated_control,0,0,0,0,,,0.000000,0.000000
place1016,execute_alu,0,0,0,0,,,0.000000,0.000000
place1017,generated_control,0,0,0,0,,,0.000000,0.000000
place1018,generated_control,0,0,0,0,,,0.000000,0.000000
place1019,generated_control,0,0,0,0,,,0.000000,0.000000
place1020,generated_control,0,0,0,0,,,0.000000,0.000000
place1021,generated_control,0,0,0,0,,,0.000000,0.000000
place1022,generated_control,0,0,0,0,,,0.000000,0.000000
place1023,execute_alu,0,0,0,0,,,0.000000,0.000000
place1024,execute_alu,0,0,0,0,,,0.000000,0.000000
place1025,execute_alu,0,0,0,0,,,0.000000,0.000000
place1026,execute_alu,0,0,0,0,,,0.000000,0.000000
place1027,execute_alu,0,0,0,0,,,0.000000,0.000000
place1028,generated_control,0,0,0,0,,,0.000000,0.000000
place1029,generated_control,0,0,0,0,,,0.000000,0.000000
place1030,generated_control,0,0,0,0,,,0.000000,0.000000
place1031,generated_control,1,0,0,0,-0.057600,,1.057600,0.010784
place1032,generated_control,0,0,0,0,,,0.000000,0.000000
place1033,generated_control,0,0,0,0,,,0.000000,0.000000
place1034,generated_control,1,0,0,0,-0.555200,,1.555200,0.015858
place1035,generated_control,1,0,0,0,-0.463700,,1.463700,0.014925
place1036,generated_control,0,0,0,0,,,0.000000,0.000000
place1037,generated_control,0,0,0,0,,,0.000000,0.000000
place1038,generated_control,0,0,0,0,,,0.000000,0.000000
place1039,generated_control,0,0,0,0,,,0.000000,0.000000
place1040,generated_control,0,0,0,0,,,0.000000,0.000000
place1041,generated_control,0,0,0,0,,,0.000000,0.000000
place1042,generated_control,1,0,0,0,-0.386200,,1.386200,0.014135
place1043,generated_control,54,0,0,0,-0.736300,,76.037500,0.775349
place1044,generated_control,0,0,0,0,,,0.000000,0.000000
place1045,generated_control,0,0,0,0,,,0.000000,0.000000
place1047,generated_control,1,0,0,0,0.121100,,0.891981,0.009095
place1048,generated_control,1,0,0,0,-0.112100,,1.112100,0.011340
place1049,execute_alu,0,0,0,0,,,0.000000,0.000000
place1051,generated_control,0,0,0,0,,,0.000000,0.000000
place1052,generated_control,1,0,0,0,0.077600,,0.927988,0.009463
place1053,generated_control,1,0,0,0,-0.056000,,1.056000,0.010768
place1054,generated_control,1,0,0,0,-0.443200,,1.443200,0.014716
place1055,generated_control,2,0,0,0,-0.443200,,2.655300,0.027076
place1057,generated_control,1,0,0,0,0.096200,,0.912242,0.009302
place1058,generated_control,0,0,0,0,,,0.000000,0.000000
place1059,generated_control,0,0,0,0,,,0.000000,0.000000
place1060,generated_control,3,0,0,0,0.001000,,2.742782,0.027968
place1062,generated_control,1,0,0,0,-0.188300,,1.188300,0.012117
place1063,generated_control,0,0,0,0,,,0.000000,0.000000
place1064,generated_control,0,0,0,0,,,0.000000,0.000000
place1065,generated_control,0,0,0,0,,,0.000000,0.000000
place1066,generated_control,1,0,0,0,0.044300,,0.957579,0.009764
place1067,generated_control,1,0,0,0,0.192400,,0.838645,0.008552
place1068,generated_control,0,0,0,0,,,0.000000,0.000000
place1069,generated_control,0,0,0,0,,,0.000000,0.000000
place1070,generated_control,0,0,0,0,,,0.000000,0.000000
place1071,generated_control,1,0,0,0,-0.057600,,1.057600,0.010784
place1072,generated_control,0,0,0,0,,,0.000000,0.000000
place1073,generated_control,1,0,0,0,0.261500,,0.792707,0.008083
place1075,generated_control,0,0,0,0,,,0.000000,0.000000
place1076,generated_control,0,0,0,0,,,0.000000,0.000000
place1077,generated_control,0,0,0,0,,,0.000000,0.000000
place1079,generated_control,0,0,0,0,,,0.000000,0.000000
place1080,generated_control,1,0,0,0,0.228900,,0.813736,0.008298
place1081,generated_control,1,0,0,0,0.192400,,0.838645,0.008552
place1082,generated_control,0,0,0,0,,,0.000000,0.000000
place1083,generated_control,0,0,0,0,,,0.000000,0.000000
place1084,generated_control,1,0,0,0,0.136400,,0.879972,0.008973
place1085,generated_control,2,0,0,0,-0.056000,,1.935972,0.019741
place1086,generated_control,0,0,0,0,,,0.000000,0.000000
place1087,generated_control,1,0,0,0,0.158600,,0.863111,0.008801
place1088,generated_control,0,0,0,0,,,0.000000,0.000000
place1089,generated_control,0,0,0,0,,,0.000000,0.000000
place1090,generated_control,1,0,0,0,0.076100,,0.929282,0.009476
place1091,generated_control,58,0,0,0,-0.736300,,80.114826,0.816925
place1092,generated_control,0,0,0,0,,,0.000000,0.000000
place1094,generated_control,1,0,0,0,0.181300,,0.846525,0.008632
place1095,generated_control,0,0,0,0,,,0.000000,0.000000
place1096,generated_control,1,0,0,0,0.228900,,0.813736,0.008298
place1097,generated_control,0,0,0,0,,,0.000000,0.000000
place1098,generated_control,0,0,0,0,,,0.000000,0.000000
place1099,generated_control,0,0,0,0,,,0.000000,0.000000
place1100,generated_control,0,0,0,0,,,0.000000,0.000000
place1101,generated_control,0,0,0,0,,,0.000000,0.000000
place1103,generated_control,0,0,0,0,,,0.000000,0.000000
place1104,generated_control,0,0,0,0,,,0.000000,0.000000
place1105,generated_control,1,0,0,0,0.044300,,0.957579,0.009764
place1106,generated_control,0,0,0,0,,,0.000000,0.000000
place1107,generated_control,0,0,0,0,,,0.000000,0.000000
place1108,generated_control,0,0,0,0,,,0.000000,0.000000
place1109,generated_control,1,0,0,0,0.077600,,0.927988,0.009463
place1110,generated_control,0,0,0,0,,,0.000000,0.000000
place1111,generated_control,0,0,0,0,,,0.000000,0.000000
place1112,generated_control,0,0,0,0,,,0.000000,0.000000
place1113,generated_control,0,0,0,0,,,0.000000,0.000000
place1114,generated_control,0,0,0,0,,,0.000000,0.000000
place1115,generated_control,0,0,0,0,,,0.000000,0.000000
place1116,generated_control,0,0,0,0,,,0.000000,0.000000
place1117,generated_control,0,0,0,0,,,0.000000,0.000000
place1118,generated_control,0,0,0,0,,,0.000000,0.000000
place1119,generated_control,0,0,0,0,,,0.000000,0.000000
place1120,generated_control,0,0,0,0,,,0.000000,0.000000
place1121,generated_control,0,0,0,0,,,0.000000,0.000000
place1122,generated_control,0,0,0,0,,,0.000000,0.000000
place1123,generated_control,5,0,0,0,-0.386200,,5.121014,0.052219
place1124,generated_control,0,0,0,0,,,0.000000,0.000000
place1125,execute_alu,0,0,0,0,,,0.000000,0.000000
place1126,generated_control,0,0,0,0,,,0.000000,0.000000
place1127,execute_alu,0,0,0,0,,,0.000000,0.000000
place1128,execute_alu,0,0,0,0,,,0.000000,0.000000
place1129,execute_alu,0,0,0,0,,,0.000000,0.000000
place1130,generated_control,0,0,0,0,,,0.000000,0.000000
place1131,generated_control,0,0,0,0,,,0.000000,0.000000
place1132,generated_control,0,0,0,0,,,0.000000,0.000000
place1133,generated_control,0,0,0,0,,,0.000000,0.000000
place1134,generated_control,0,0,0,0,,,0.000000,0.000000
place1135,generated_control,0,0,0,0,,,0.000000,0.000000
place1136,generated_control,0,0,0,0,,,0.000000,0.000000
place1137,generated_control,0,0,0,0,,,0.000000,0.000000
place1138,generated_control,0,0,0,0,,,0.000000,0.000000
place1139,generated_control,0,0,0,0,,,0.000000,0.000000
place1140,generated_control,0,0,0,0,,,0.000000,0.000000
place1141,generated_control,0,0,0,0,,,0.000000,0.000000
place1142,generated_control,0,0,0,0,,,0.000000,0.000000
place1143,generated_control,0,0,0,0,,,0.000000,0.000000
place1144,generated_control,0,0,0,0,,,0.000000,0.000000
place1145,generated_control,0,0,0,0,,,0.000000,0.000000
place1146,generated_control,0,0,0,0,,,0.000000,0.000000
place1147,generated_control,0,0,0,0,,,0.000000,0.000000
place1148,generated_control,0,0,0,0,,,0.000000,0.000000
place1149,generated_control,0,0,0,0,,,0.000000,0.000000
place1150,generated_control,0,0,0,0,,,0.000000,0.000000
place1151,generated_control,0,0,0,0,,,0.000000,0.000000
place1152,generated_control,0,0,0,0,,,0.000000,0.000000
place1153,generated_control,0,0,0,0,,,0.000000,0.000000
place1154,execute_alu,0,0,0,0,,,0.000000,0.000000
place1155,generated_control,0,0,0,0,,,0.000000,0.000000
place1156,execute_alu,0,0,0,0,,,0.000000,0.000000
place1157,execute_alu,0,0,0,0,,,0.000000,0.000000
place1158,generated_control,0,0,0,0,,,0.000000,0.000000
place1159,generated_control,0,1,0,0,,2.777100,0.000000,0.000000
place1160,generated_control,0,0,0,0,,,0.000000,0.000000
place1161,generated_control,0,0,0,0,,,0.000000,0.000000
place1162,generated_control,0,0,0,0,,,0.000000,0.000000
place1163,execute_alu,0,0,0,0,,,0.000000,0.000000
place1164,generated_control,0,0,0,0,,,0.000000,0.000000
place1165,generated_control,0,0,0,0,,,0.000000,0.000000
place1166,generated_control,0,0,0,0,,,0.000000,0.000000
place1167,generated_control,0,0,0,0,,,0.000000,0.000000
place1168,generated_control,0,0,0,0,,,0.000000,0.000000
place1169,generated_control,0,0,0,0,,,0.000000,0.000000
place1170,generated_control,0,0,0,0,,,0.000000,0.000000
place1171,generated_control,0,0,0,0,,,0.000000,0.000000
place1172,generated_control,0,0,0,0,,,0.000000,0.000000
place1173,generated_control,0,0,0,0,,,0.000000,0.000000
place1174,generated_control,0,0,0,0,,,0.000000,0.000000
place1175,generated_control,0,0,0,0,,,0.000000,0.000000
place1176,generated_control,0,0,0,0,,,0.000000,0.000000
place1177,generated_control,0,0,0,0,,,0.000000,0.000000
place1178,generated_control,0,0,0,0,,,0.000000,0.000000
place1179,generated_control,0,0,0,0,,,0.000000,0.000000
place1180,generated_control,0,0,0,0,,,0.000000,0.000000
place1181,generated_control,0,0,0,0,,,0.000000,0.000000
place1182,generated_control,0,0,0,0,,,0.000000,0.000000
place1183,generated_control,0,0,0,0,,,0.000000,0.000000
place1184,generated_control,0,0,0,0,,,0.000000,0.000000
place1185,generated_control,0,0,0,0,,,0.000000,0.000000
place1186,generated_control,0,0,0,0,,,0.000000,0.000000
place1187,generated_control,0,0,0,0,,,0.000000,0.000000
place1188,execute_alu,0,0,0,0,,,0.000000,0.000000
place1189,execute_alu,0,0,0,0,,,0.000000,0.000000
place1190,execute_alu,0,0,0,0,,,0.000000,0.000000
place1191,execute_alu,0,0,0,0,,,0.000000,0.000000
place1192,execute_alu,0,0,0,0,,,0.000000,0.000000
place1193,execute_alu,0,0,0,0,,,0.000000,0.000000
place1194,execute_alu,0,0,0,0,,,0.000000,0.000000
place1195,execute_alu,0,0,0,0,,,0.000000,0.000000
place1196,execute_alu,0,0,0,0,,,0.000000,0.000000
place1197,execute_alu,0,0,0,0,,,0.000000,0.000000
place1198,execute_alu,0,0,0,0,,,0.000000,0.000000
place1199,execute_alu,0,0,0,0,,,0.000000,0.000000
place1200,execute_alu,0,0,0,0,,,0.000000,0.000000
place1201,execute_alu,0,0,0,0,,,0.000000,0.000000
place1202,execute_alu,0,0,0,0,,,0.000000,0.000000
place1203,execute_alu,0,0,0,0,,,0.000000,0.000000
place1204,execute_alu,0,0,0,0,,,0.000000,0.000000
place1205,execute_alu,0,0,0,0,,,0.000000,0.000000
place1206,execute_alu,0,0,0,0,,,0.000000,0.000000
place1207,execute_alu,0,0,0,0,,,0.000000,0.000000
place1208,execute_alu,0,0,0,0,,,0.000000,0.000000
place1209,generated_control,0,0,0,0,,,0.000000,0.000000
place1210,generated_control,0,0,0,0,,,0.000000,0.000000
place1211,execute_alu,0,0,0,0,,,0.000000,0.000000
place1212,generated_control,0,0,0,0,,,0.000000,0.000000
place1213,execute_alu,0,0,0,0,,,0.000000,0.000000
place1214,generated_control,0,0,0,0,,,0.000000,0.000000
place1215,generated_control,1,0,0,0,0.181300,,0.846525,0.008632
place1216,generated_control,0,0,0,0,,,0.000000,0.000000
place1217,generated_control,0,0,0,0,,,0.000000,0.000000
place1218,generated_control,0,0,0,0,,,0.000000,0.000000
place1219,generated_control,0,0,0,0,,,0.000000,0.000000
place1220,generated_control,0,0,0,0,,,0.000000,0.000000
place1221,generated_control,0,0,0,0,,,0.000000,0.000000
place1222,generated_control,0,0,0,0,,,0.000000,0.000000
place1223,generated_control,0,0,0,0,,,0.000000,0.000000
place1224,generated_control,0,0,0,0,,,0.000000,0.000000
place1225,generated_control,0,0,0,0,,,0.000000,0.000000
place1226,generated_control,0,0,0,0,,,0.000000,0.000000
place1227,generated_control,0,0,0,0,,,0.000000,0.000000
place1228,generated_control,0,0,0,0,,,0.000000,0.000000
place1229,generated_control,0,0,0,0,,,0.000000,0.000000
place1230,generated_control,0,0,0,0,,,0.000000,0.000000
place1231,generated_control,0,0,0,0,,,0.000000,0.000000
place1232,generated_control,0,0,0,0,,,0.000000,0.000000
place1233,generated_control,0,0,0,0,,,0.000000,0.000000
place1234,generated_control,0,0,0,0,,,0.000000,0.000000
place1235,generated_control,0,0,0,0,,,0.000000,0.000000
place1237,generated_control,0,0,0,0,,,0.000000,0.000000
place1238,generated_control,0,0,0,0,,,0.000000,0.000000
place1239,generated_control,5,0,0,0,-0.386200,,5.121014,0.052219
place1240,execute_alu,0,0,0,0,,,0.000000,0.000000
place1241,execute_alu,0,0,0,0,,,0.000000,0.000000
place1242,execute_alu,0,0,0,0,,,0.000000,0.000000
place1243,execute_alu,0,1,0,0,,2.791100,0.000000,0.000000
place1244,generated_control,0,0,0,0,,,0.000000,0.000000
place1245,execute_alu,0,0,0,0,,,0.000000,0.000000
place1246,generated_control,0,0,0,0,,,0.000000,0.000000
place1247,generated_control,0,0,0,0,,,0.000000,0.000000
place1248,execute_alu,0,1,0,0,,2.706200,0.000000,0.000000
place1249,generated_control,0,0,0,0,,,0.000000,0.000000
place1250,generated_control,0,0,0,0,,,0.000000,0.000000
place1251,generated_control,0,0,0,0,,,0.000000,0.000000
place1252,execute_alu,0,0,0,0,,,0.000000,0.000000
place1253,generated_control,0,0,0,0,,,0.000000,0.000000
place1254,generated_control,0,0,0,0,,,0.000000,0.000000
place1255,execute_alu,0,0,0,0,,,0.000000,0.000000
place1256,execute_alu,0,0,0,0,,,0.000000,0.000000
place1257,execute_alu,0,0,0,0,,,0.000000,0.000000
place1258,execute_alu,0,1,0,0,,2.770900,0.000000,0.000000
place1259,execute_alu,0,1,0,0,,2.603000,0.000000,0.000000
place1260,generated_control,1,0,0,0,2.343400,,0.299097,0.003050
place1261,generated_control,1,0,0,0,2.343400,,0.299097,0.003050
place1262,execute_alu,0,0,0,0,,,0.000000,0.000000
place1263,generated_control,0,0,0,0,,,0.000000,0.000000
place1264,generated_control,0,0,0,0,,,0.000000,0.000000
place1265,generated_control,0,0,0,0,,,0.000000,0.000000
place1266,generated_control,0,0,0,0,,,0.000000,0.000000
place1267,generated_control,0,0,0,0,,,0.000000,0.000000
place1268,generated_control,0,0,0,0,,,0.000000,0.000000
place1269,generated_control,0,0,0,0,,,0.000000,0.000000
place1270,generated_control,0,0,0,0,,,0.000000,0.000000
place1271,generated_control,0,0,0,0,,,0.000000,0.000000
place1272,generated_control,0,0,0,0,,,0.000000,0.000000
place1273,generated_control,0,0,0,0,,,0.000000,0.000000
place1274,generated_control,0,0,0,0,,,0.000000,0.000000
place1275,generated_control,0,0,0,0,,,0.000000,0.000000
place1276,generated_control,0,0,0,0,,,0.000000,0.000000
place1277,generated_control,0,0,0,0,,,0.000000,0.000000
place1278,generated_control,0,0,0,0,,,0.000000,0.000000
place1279,generated_control,0,0,0,0,,,0.000000,0.000000
place1280,generated_control,0,0,0,0,,,0.000000,0.000000
place1281,generated_control,0,0,0,0,,,0.000000,0.000000
place1282,generated_control,0,0,0,0,,,0.000000,0.000000
place1283,generated_control,0,0,0,0,,,0.000000,0.000000
place1284,generated_control,0,0,0,0,,,0.000000,0.000000
place1285,generated_control,0,0,0,0,,,0.000000,0.000000
place1286,generated_control,0,0,0,0,,,0.000000,0.000000
place1287,generated_control,0,0,0,0,,,0.000000,0.000000
place1288,generated_control,0,0,0,0,,,0.000000,0.000000
place1289,generated_control,0,0,0,0,,,0.000000,0.000000
place1290,generated_control,0,0,0,0,,,0.000000,0.000000
place1291,generated_control,0,0,0,0,,,0.000000,0.000000
place1292,generated_control,0,0,0,0,,,0.000000,0.000000
place1293,generated_control,0,0,0,0,,,0.000000,0.000000
place1294,execute_alu,0,0,0,0,,,0.000000,0.000000
place1295,generated_control,0,0,0,0,,,0.000000,0.000000
place1296,generated_control,0,1,0,0,,2.839600,0.000000,0.000000
place1297,generated_control,0,0,0,0,,,0.000000,0.000000
place1298,generated_control,0,0,0,0,,,0.000000,0.000000
place1299,generated_control,1,0,0,0,0.096200,,0.912242,0.009302
place1300,generated_control,0,0,0,0,,,0.000000,0.000000
place1301,generated_control,0,0,0,0,,,0.000000,0.000000
place1302,generated_control,1,0,0,0,0.198800,,0.834168,0.008506
place1303,generated_control,0,0,0,0,,,0.000000,0.000000
place1304,generated_control,0,0,0,0,,,0.000000,0.000000
place1305,generated_control,0,0,0,0,,,0.000000,0.000000
place1306,generated_control,0,0,0,0,,,0.000000,0.000000
place1307,generated_control,0,0,0,0,,,0.000000,0.000000
place1308,generated_control,0,0,0,0,,,0.000000,0.000000
place1309,execute_alu,0,0,0,0,,,0.000000,0.000000
place1310,generated_control,0,0,0,0,,,0.000000,0.000000
place1311,generated_control,0,0,0,0,,,0.000000,0.000000
place1312,generated_control,0,0,0,0,,,0.000000,0.000000
place1313,generated_control,0,0,0,0,,,0.000000,0.000000
place1314,generated_control,0,0,0,0,,,0.000000,0.000000
place1315,generated_control,0,1,0,0,,2.706200,0.000000,0.000000
place1316,generated_control,0,0,0,0,,,0.000000,0.000000
place1317,generated_control,0,1,0,0,,2.770900,0.000000,0.000000
place1318,generated_control,0,0,0,0,,,0.000000,0.000000
place1319,generated_control,0,2,0,0,,2.765900,0.000000,0.000000
place1320,generated_control,0,0,0,0,,,0.000000,0.000000
place1321,generated_control,0,0,0,0,,,0.000000,0.000000
place1322,generated_control,0,1,0,0,,2.779800,0.000000,0.000000
place1323,generated_control,0,0,0,0,,,0.000000,0.000000
place1324,execute_alu,0,0,0,0,,,0.000000,0.000000
place1325,generated_control,0,0,0,0,,,0.000000,0.000000
place1326,generated_control,0,0,0,0,,,0.000000,0.000000
place1327,generated_control,0,0,0,0,,,0.000000,0.000000
place1328,generated_control,0,0,0,0,,,0.000000,0.000000
place1329,generated_control,0,0,0,0,,,0.000000,0.000000
place1330,generated_control,0,1,0,0,,2.791100,0.000000,0.000000
place1331,generated_control,0,0,0,0,,,0.000000,0.000000
place1332,generated_control,0,0,0,0,,,0.000000,0.000000
place1333,generated_control,0,0,0,0,,,0.000000,0.000000
place1334,generated_control,0,1,0,0,,2.603000,0.000000,0.000000
place1335,generated_control,0,0,0,0,,,0.000000,0.000000
place1336,generated_control,0,0,0,0,,,0.000000,0.000000
place1337,generated_control,0,0,0,0,,,0.000000,0.000000
place1339,generated_control,0,0,0,0,,,0.000000,0.000000
place1340,execute_alu,0,0,0,0,,,0.000000,0.000000
place1341,generated_control,0,0,0,0,,,0.000000,0.000000
place1342,generated_control,0,0,0,0,,,0.000000,0.000000
place1343,generated_control,0,0,0,0,,,0.000000,0.000000
place1344,generated_control,0,0,0,0,,,0.000000,0.000000
place1345,generated_control,0,0,0,0,,,0.000000,0.000000
place1346,generated_control,0,0,0,0,,,0.000000,0.000000
place1347,generated_control,0,0,0,0,,,0.000000,0.000000
place1348,generated_control,0,0,0,0,,,0.000000,0.000000
place1349,generated_control,0,0,0,0,,,0.000000,0.000000
place1350,generated_control,0,0,0,0,,,0.000000,0.000000
place1351,generated_control,0,0,0,0,,,0.000000,0.000000
place1352,generated_control,0,0,0,0,,,0.000000,0.000000
place1353,generated_control,0,0,0,0,,,0.000000,0.000000
place1354,generated_control,0,0,0,0,,,0.000000,0.000000
place1355,generated_control,0,0,0,0,,,0.000000,0.000000
place1356,generated_control,5,0,0,0,0.044300,,4.368727,0.044548
place1357,generated_control,5,0,0,0,0.044300,,4.368727,0.044548
place1358,generated_control,0,0,0,0,,,0.000000,0.000000
place1359,generated_control,0,0,0,0,,,0.000000,0.000000
place1360,generated_control,0,0,0,0,,,0.000000,0.000000
place1361,generated_control,0,0,0,0,,,0.000000,0.000000
place1362,generated_control,0,0,0,0,,,0.000000,0.000000
place1363,generated_control,0,0,0,0,,,0.000000,0.000000
place1364,generated_control,0,0,0,0,,,0.000000,0.000000
place1365,generated_control,0,0,0,0,,,0.000000,0.000000
place1366,generated_control,0,0,0,0,,,0.000000,0.000000
place1367,generated_control,0,0,0,0,,,0.000000,0.000000
place1368,generated_control,0,0,0,0,,,0.000000,0.000000
place1369,generated_control,0,0,0,0,,,0.000000,0.000000
place1370,generated_control,0,0,0,0,,,0.000000,0.000000
place1371,generated_control,0,0,0,0,,,0.000000,0.000000
place1372,generated_control,0,0,0,0,,,0.000000,0.000000
place1373,generated_control,0,1,0,0,,2.770700,0.000000,0.000000
place1374,generated_control,0,1,0,0,,2.770700,0.000000,0.000000
place1375,generated_control,0,0,0,0,,,0.000000,0.000000
place1376,generated_control,0,0,0,0,,,0.000000,0.000000
place1377,generated_control,1,1,0,0,2.189000,2.857400,0.313578,0.003198
place1378,generated_control,1,0,0,0,2.275900,,0.305260,0.003113
place1379,generated_control,0,1,0,0,,2.716100,0.000000,0.000000
place1380,generated_control,0,1,0,0,,2.716100,0.000000,0.000000
place1381,generated_control,0,0,0,0,,,0.000000,0.000000
place1382,generated_control,0,0,0,0,,,0.000000,0.000000
place1383,generated_control,0,0,0,0,,,0.000000,0.000000
place1384,generated_control,0,0,0,0,,,0.000000,0.000000
place1385,generated_control,0,0,0,0,,,0.000000,0.000000
place1386,generated_control,1,0,0,0,2.493500,,0.286246,0.002919
place1387,generated_control,1,0,0,0,2.493500,,0.286246,0.002919
place1388,generated_control,0,0,0,0,,,0.000000,0.000000
place1389,generated_control,0,0,0,0,,,0.000000,0.000000
place1390,generated_control,0,0,0,0,,,0.000000,0.000000
place1391,generated_control,0,0,0,0,,,0.000000,0.000000
place1392,generated_control,0,0,0,0,,,0.000000,0.000000
place1393,generated_control,0,0,0,0,,,0.000000,0.000000
place1394,generated_control,0,0,0,0,,,0.000000,0.000000
place1395,generated_control,0,0,0,0,,,0.000000,0.000000
place1396,generated_control,0,0,0,0,,,0.000000,0.000000
place1397,generated_control,0,0,0,0,,,0.000000,0.000000
place1398,generated_control,0,0,0,0,,,0.000000,0.000000
place1399,generated_control,0,0,0,0,,,0.000000,0.000000
place1400,generated_control,0,0,0,0,,,0.000000,0.000000
place1401,generated_control,0,0,0,0,,,0.000000,0.000000
place1402,generated_control,0,0,0,0,,,0.000000,0.000000
place1403,generated_control,0,0,0,0,,,0.000000,0.000000
place1404,generated_control,0,0,0,0,,,0.000000,0.000000
place1405,generated_control,0,0,0,0,,,0.000000,0.000000
place1406,generated_control,0,0,0,0,,,0.000000,0.000000
place1407,generated_control,0,0,0,0,,,0.000000,0.000000
place1408,generated_control,0,1,0,0,,2.863800,0.000000,0.000000
place1409,generated_control,0,1,0,0,,2.863800,0.000000,0.000000
place1410,generated_control,0,0,0,0,,,0.000000,0.000000
place1411,generated_control,1,0,0,0,2.467300,,0.288409,0.002941
place1412,generated_control,1,0,0,0,2.467300,,0.288409,0.002941
place1413,generated_control,0,0,0,0,,,0.000000,0.000000
place1414,generated_control,0,0,0,0,,,0.000000,0.000000
place1415,generated_control,0,0,0,0,,,0.000000,0.000000
place1416,generated_control,1,1,0,0,2.459200,2.821700,0.289084,0.002948
place1417,generated_control,1,1,0,0,2.459200,2.821700,0.289084,0.002948
place1418,generated_control,1,0,0,0,2.386500,,0.295290,0.003011
place1419,generated_control,1,0,0,0,2.386500,,0.295290,0.003011
place1420,generated_control,1,0,0,0,2.377800,,0.296051,0.003019
place1421,generated_control,1,0,0,0,2.377800,,0.296051,0.003019
place1422,generated_control,0,0,0,0,,,0.000000,0.000000
place1423,generated_control,0,0,0,0,,,0.000000,0.000000
place1424,generated_control,1,0,0,0,2.527200,,0.283511,0.002891
place1425,generated_control,1,0,0,0,2.527200,,0.283511,0.002891
place1426,generated_control,0,0,0,0,,,0.000000,0.000000
place1427,generated_control,0,0,0,0,,,0.000000,0.000000
place1428,generated_control,1,0,0,0,2.530400,,0.283254,0.002888
place1429,generated_control,1,0,0,0,2.530400,,0.283254,0.002888
place1430,generated_control,0,0,0,0,,,0.000000,0.000000
place1431,generated_control,1,0,0,0,2.455500,,0.289394,0.002951
place1432,generated_control,1,0,0,0,2.455500,,0.289394,0.002951
place1433,generated_control,0,0,0,0,,,0.000000,0.000000
place1434,generated_control,0,0,0,0,,,0.000000,0.000000
place1435,generated_control,0,0,0,0,,,0.000000,0.000000
place1436,generated_control,0,0,0,0,,,0.000000,0.000000
place1437,generated_control,0,0,0,0,,,0.000000,0.000000
place1438,generated_control,1,0,0,0,2.526400,,0.283575,0.002892
place1439,generated_control,1,0,0,0,2.526400,,0.283575,0.002892
place1440,generated_control,0,0,0,0,,,0.000000,0.000000
place1441,generated_control,1,0,0,0,2.485400,,0.286911,0.002926
place1442,generated_control,1,0,0,0,2.485400,,0.286911,0.002926
place1443,generated_control,0,1,0,0,,2.824000,0.000000,0.000000
place1444,generated_control,6,0,0,0,-0.386200,,5.415738,0.055224
place1445,generated_control,0,0,0,0,,,0.000000,0.000000
place1446,generated_control,0,0,0,0,,,0.000000,0.000000
place1447,generated_control,0,0,0,0,,,0.000000,0.000000
place1448,generated_control,0,0,0,0,,,0.000000,0.000000
place1449,generated_control,0,0,0,0,,,0.000000,0.000000
place1450,generated_control,1,0,0,0,2.374900,,0.296305,0.003021
place1451,generated_control,1,0,0,0,2.374900,,0.296305,0.003021
place1452,generated_control,1,0,0,0,2.320300,,0.301178,0.003071
place1453,generated_control,1,0,0,0,2.175000,,0.314961,0.003212
place1454,generated_control,0,0,0,0,,,0.000000,0.000000
place1455,generated_control,1,0,0,0,2.401000,,0.294031,0.002998
place1456,generated_control,1,0,0,0,2.401000,,0.294031,0.002998
place1457,generated_control,0,0,0,0,,,0.000000,0.000000
place1458,generated_control,0,0,0,0,,,0.000000,0.000000
place1459,generated_control,0,0,0,0,,,0.000000,0.000000
place1460,generated_control,0,0,0,0,,,0.000000,0.000000
place1461,generated_control,1,0,0,0,2.493500,,0.286246,0.002919
place1462,generated_control,0,0,0,0,,,0.000000,0.000000
place1463,generated_control,0,0,0,0,,,0.000000,0.000000
place1464,generated_control,0,0,0,0,,,0.000000,0.000000
place1465,generated_control,0,0,0,0,,,0.000000,0.000000
place1466,generated_control,0,0,0,0,,,0.000000,0.000000
place1467,generated_control,0,0,0,0,,,0.000000,0.000000
place1468,generated_control,0,0,0,0,,,0.000000,0.000000
place1469,generated_control,0,0,0,0,,,0.000000,0.000000
place1470,generated_control,0,0,0,0,,,0.000000,0.000000
place1471,generated_control,0,0,0,0,,,0.000000,0.000000
place1472,generated_control,0,0,0,0,,,0.000000,0.000000
place1473,generated_control,0,0,0,0,,,0.000000,0.000000
place1474,generated_control,0,0,0,0,,,0.000000,0.000000
place1475,generated_control,0,0,0,0,,,0.000000,0.000000
place1476,generated_control,0,0,0,0,,,0.000000,0.000000
place1477,generated_control,0,0,0,0,,,0.000000,0.000000
place1478,generated_control,0,0,0,0,,,0.000000,0.000000
place1479,generated_control,0,0,0,0,,,0.000000,0.000000
place1480,generated_control,0,0,0,0,,,0.000000,0.000000
place1481,generated_control,0,0,0,0,,,0.000000,0.000000
place1482,generated_control,0,0,0,0,,,0.000000,0.000000
place1483,generated_control,0,0,0,0,,,0.000000,0.000000
place1484,generated_control,0,0,0,0,,,0.000000,0.000000
place1485,generated_control,0,0,0,0,,,0.000000,0.000000
place1486,generated_control,0,0,0,0,,,0.000000,0.000000
place1487,generated_control,0,0,0,0,,,0.000000,0.000000
place1488,generated_control,0,0,0,0,,,0.000000,0.000000
place1489,generated_control,0,0,0,0,,,0.000000,0.000000
place1490,generated_control,0,0,0,0,,,0.000000,0.000000
place1491,generated_control,0,0,0,0,,,0.000000,0.000000
place1492,generated_control,0,0,0,0,,,0.000000,0.000000
place1493,generated_control,0,0,0,0,,,0.000000,0.000000
place1494,generated_control,0,0,0,0,,,0.000000,0.000000
place1495,generated_control,0,0,0,0,,,0.000000,0.000000
place1496,generated_control,0,0,0,0,,,0.000000,0.000000
place1497,generated_control,0,0,0,0,,,0.000000,0.000000
place1498,generated_control,0,0,0,0,,,0.000000,0.000000
place1499,generated_control,0,0,0,0,,,0.000000,0.000000
place1500,generated_control,0,0,0,0,,,0.000000,0.000000
place1501,generated_control,0,0,0,0,,,0.000000,0.000000
place1502,generated_control,0,0,0,0,,,0.000000,0.000000
place1503,generated_control,0,0,0,0,,,0.000000,0.000000
place1504,generated_control,0,0,0,0,,,0.000000,0.000000
place1505,generated_control,0,0,0,0,,,0.000000,0.000000
place1506,generated_control,0,0,0,0,,,0.000000,0.000000
place1507,generated_control,0,0,0,0,,,0.000000,0.000000
place1508,generated_control,0,0,0,0,,,0.000000,0.000000
place1509,generated_control,0,0,0,0,,,0.000000,0.000000
place1510,generated_control,0,0,0,0,,,0.000000,0.000000
place1511,generated_control,0,0,0,0,,,0.000000,0.000000
place1512,generated_control,0,0,0,0,,,0.000000,0.000000
place1513,generated_control,0,0,0,0,,,0.000000,0.000000
place1514,generated_control,0,0,0,0,,,0.000000,0.000000
place1515,generated_control,0,0,0,0,,,0.000000,0.000000
place1516,generated_control,0,0,0,0,,,0.000000,0.000000
place1517,generated_control,0,0,0,0,,,0.000000,0.000000
place1518,generated_control,0,0,0,0,,,0.000000,0.000000
place1519,generated_control,0,0,0,0,,,0.000000,0.000000
place1520,generated_control,0,0,0,0,,,0.000000,0.000000
place1521,generated_control,0,0,0,0,,,0.000000,0.000000
place1522,generated_control,0,0,0,0,,,0.000000,0.000000
place1523,generated_control,0,0,0,0,,,0.000000,0.000000
place1524,generated_control,0,0,0,0,,,0.000000,0.000000
place1525,generated_control,0,0,0,0,,,0.000000,0.000000
place1526,generated_control,0,0,0,0,,,0.000000,0.000000
place1527,generated_control,0,0,0,0,,,0.000000,0.000000
place1528,generated_control,0,0,0,0,,,0.000000,0.000000
place1529,generated_control,0,0,0,0,,,0.000000,0.000000
place1530,generated_control,0,0,0,0,,,0.000000,0.000000
place1531,generated_control,0,0,0,0,,,0.000000,0.000000
place1532,generated_control,0,0,0,0,,,0.000000,0.000000
place1533,generated_control,0,0,0,0,,,0.000000,0.000000
place1534,generated_control,0,0,0,0,,,0.000000,0.000000
place1535,generated_control,0,0,0,0,,,0.000000,0.000000
place1536,generated_control,0,2,0,0,,2.765900,0.000000,0.000000
place1537,generated_control,0,0,0,0,,,0.000000,0.000000
place1538,generated_control,0,0,0,0,,,0.000000,0.000000
place1539,generated_control,0,0,0,0,,,0.000000,0.000000
place1540,generated_control,0,0,0,0,,,0.000000,0.000000
place1541,generated_control,0,0,0,0,,,0.000000,0.000000
place1542,generated_control,0,0,0,0,,,0.000000,0.000000
place1543,generated_control,0,1,0,0,,2.791100,0.000000,0.000000
place1544,generated_control,0,0,0,0,,,0.000000,0.000000
place1545,generated_control,0,0,0,0,,,0.000000,0.000000
place1546,generated_control,0,0,0,0,,,0.000000,0.000000
place1547,generated_control,0,0,0,0,,,0.000000,0.000000
place1548,generated_control,0,0,0,0,,,0.000000,0.000000
place1549,generated_control,0,0,0,0,,,0.000000,0.000000
place1550,generated_control,0,0,0,0,,,0.000000,0.000000
place1551,generated_control,0,0,0,0,,,0.000000,0.000000
place1552,generated_control,0,0,0,0,,,0.000000,0.000000
place1553,generated_control,0,0,0,0,,,0.000000,0.000000
place1554,generated_control,0,0,0,0,,,0.000000,0.000000
place1555,generated_control,0,0,0,0,,,0.000000,0.000000
place1556,generated_control,0,0,0,0,,,0.000000,0.000000
place1557,generated_control,0,0,0,0,,,0.000000,0.000000
place1558,generated_control,0,0,0,0,,,0.000000,0.000000
place1559,generated_control,0,0,0,0,,,0.000000,0.000000
place1560,generated_control,0,0,0,0,,,0.000000,0.000000
place1561,generated_control,0,0,0,0,,,0.000000,0.000000
place1562,generated_control,0,0,0,0,,,0.000000,0.000000
place1563,generated_control,0,0,0,0,,,0.000000,0.000000
place1564,generated_control,0,0,0,0,,,0.000000,0.000000
place1565,generated_control,0,0,0,0,,,0.000000,0.000000
place1566,generated_control,0,0,0,0,,,0.000000,0.000000
place1567,generated_control,0,0,0,0,,,0.000000,0.000000
place1568,generated_control,0,0,0,0,,,0.000000,0.000000
place1569,generated_control,0,0,0,0,,,0.000000,0.000000
place1570,generated_control,0,0,0,0,,,0.000000,0.000000
place1571,generated_control,0,0,0,0,,,0.000000,0.000000
place1572,generated_control,0,0,0,0,,,0.000000,0.000000
place1573,generated_control,0,0,0,0,,,0.000000,0.000000
place1574,generated_control,0,0,0,0,,,0.000000,0.000000
place1575,generated_control,0,0,0,0,,,0.000000,0.000000
place1576,generated_control,0,0,0,0,,,0.000000,0.000000
place1577,generated_control,0,0,0,0,,,0.000000,0.000000
place1578,generated_control,0,0,0,0,,,0.000000,0.000000
place1579,generated_control,0,0,0,0,,,0.000000,0.000000
place1580,generated_control,0,0,0,0,,,0.000000,0.000000
place1581,generated_control,0,0,0,0,,,0.000000,0.000000
place1582,generated_control,0,0,0,0,,,0.000000,0.000000
place1583,generated_control,0,0,0,0,,,0.000000,0.000000
place1584,generated_control,0,0,0,0,,,0.000000,0.000000
place1585,generated_control,0,0,0,0,,,0.000000,0.000000
place1586,generated_control,0,0,0,0,,,0.000000,0.000000
place1587,generated_control,0,0,0,0,,,0.000000,0.000000
place1588,generated_control,0,0,0,0,,,0.000000,0.000000
place1589,generated_control,0,0,0,0,,,0.000000,0.000000
place1590,generated_control,0,0,0,0,,,0.000000,0.000000
place1591,generated_control,0,0,0,0,,,0.000000,0.000000
place1592,generated_control,0,0,0,0,,,0.000000,0.000000
place1593,generated_control,0,0,0,0,,,0.000000,0.000000
place1594,generated_control,0,0,0,0,,,0.000000,0.000000
place1595,generated_control,0,0,0,0,,,0.000000,0.000000
place1596,generated_control,0,0,0,0,,,0.000000,0.000000
place1597,generated_control,0,0,0,0,,,0.000000,0.000000
place1598,generated_control,0,0,0,0,,,0.000000,0.000000
place1599,generated_control,0,0,0,0,,,0.000000,0.000000
place1600,generated_control,0,0,0,0,,,0.000000,0.000000
place1601,generated_control,0,0,0,0,,,0.000000,0.000000
place1602,generated_control,0,0,0,0,,,0.000000,0.000000
place1603,generated_control,0,0,0,0,,,0.000000,0.000000
place1604,generated_control,0,0,0,0,,,0.000000,0.000000
place1605,generated_control,0,0,0,0,,,0.000000,0.000000
place1606,generated_control,0,0,0,0,,,0.000000,0.000000
place1607,generated_control,0,0,0,0,,,0.000000,0.000000
place1608,generated_control,0,0,0,0,,,0.000000,0.000000
place1609,generated_control,0,0,0,0,,,0.000000,0.000000
place1610,generated_control,0,0,0,0,,,0.000000,0.000000
place1611,generated_control,0,0,0,0,,,0.000000,0.000000
place1612,generated_control,0,0,0,0,,,0.000000,0.000000
place1613,generated_control,0,0,0,0,,,0.000000,0.000000
place1614,generated_control,0,0,0,0,,,0.000000,0.000000
place1615,generated_control,0,0,0,0,,,0.000000,0.000000
place1616,generated_control,0,0,0,0,,,0.000000,0.000000
place1617,generated_control,0,0,0,0,,,0.000000,0.000000
place1618,generated_control,0,0,0,0,,,0.000000,0.000000
place1619,generated_control,0,0,0,0,,,0.000000,0.000000
place1620,generated_control,0,0,0,0,,,0.000000,0.000000
place1621,generated_control,0,0,0,0,,,0.000000,0.000000
place1622,generated_control,0,0,0,0,,,0.000000,0.000000
place1623,generated_control,0,0,0,0,,,0.000000,0.000000
place1624,generated_control,0,0,0,0,,,0.000000,0.000000
place1625,generated_control,0,0,0,0,,,0.000000,0.000000
place1626,generated_control,0,0,0,0,,,0.000000,0.000000
place1627,generated_control,0,0,0,0,,,0.000000,0.000000
place1628,generated_control,0,0,0,0,,,0.000000,0.000000
place1629,generated_control,0,0,0,0,,,0.000000,0.000000
place1630,generated_control,0,0,0,0,,,0.000000,0.000000
place1631,generated_control,0,0,0,0,,,0.000000,0.000000
place1632,generated_control,0,0,0,0,,,0.000000,0.000000
place1633,generated_control,0,0,0,0,,,0.000000,0.000000
place1634,generated_control,0,0,0,0,,,0.000000,0.000000
place1635,generated_control,0,0,0,0,,,0.000000,0.000000
place1636,generated_control,0,0,0,0,,,0.000000,0.000000
place1637,generated_control,0,0,0,0,,,0.000000,0.000000
place1638,generated_control,0,0,0,0,,,0.000000,0.000000
place1639,generated_control,0,0,0,0,,,0.000000,0.000000
place975,execute_alu,32,18,0,0,-0.411800,1.090500,45.006800,0.458931
place976,execute_alu,0,0,0,0,,,0.000000,0.000000
place977,execute_alu,0,0,0,0,,,0.000000,0.000000
place978,execute_alu,0,0,0,0,,,0.000000,0.000000
place979,generated_control,18,0,0,0,-0.403100,,24.593500,0.250778
place980,generated_control,0,0,0,0,,,0.000000,0.000000
place981,execute_alu,0,0,0,0,,,0.000000,0.000000
place982,execute_alu,0,0,0,0,,,0.000000,0.000000
place983,generated_control,0,0,0,0,,,0.000000,0.000000
place984,execute_alu,0,0,0,0,,,0.000000,0.000000
place985,execute_alu,0,0,0,0,,,0.000000,0.000000
place986,generated_control,0,0,0,0,,,0.000000,0.000000
place987,execute_alu,0,0,0,0,,,0.000000,0.000000
place988,generated_control,0,0,0,0,,,0.000000,0.000000
place989,generated_control,0,0,0,0,,,0.000000,0.000000
place990,generated_control,0,0,0,0,,,0.000000,0.000000
place991,execute_alu,0,0,0,0,,,0.000000,0.000000
place992,execute_alu,0,0,0,0,,,0.000000,0.000000
place993,execute_alu,0,0,0,0,,,0.000000,0.000000
place994,generated_control,0,0,0,0,,,0.000000,0.000000
place995,generated_control,0,0,0,0,,,0.000000,0.000000
place996,generated_control,0,0,0,0,,,0.000000,0.000000
place997,generated_control,0,0,0,0,,,0.000000,0.000000
place998,generated_control,0,0,0,0,,,0.000000,0.000000
place999,generated_control,1,1,0,0,-0.555200,2.779800,1.555200,0.015858
rebuffer1640,generated_control,0,0,0,0,,,0.000000,0.000000
rebuffer1642,generated_control,0,0,0,0,,,0.000000,0.000000
rebuffer1656,generated_control,32,0,0,0,-0.411800,,45.006800,0.458931
rebuffer1657,generated_control,5,0,0,0,-0.443200,,5.804411,0.059187
rebuffer1658,generated_control,18,0,0,0,-0.403100,,24.593500,0.250778
rebuffer1659,generated_control,5,0,0,0,0.044300,,4.368727,0.044548
rebuffer1660,generated_control,0,0,0,0,,,0.000000,0.000000
rebuffer1661,generated_control,0,0,0,0,,,0.000000,0.000000
rebuffer1662,generated_control,1,0,0,0,-0.555200,,1.555200,0.015858
rebuffer1663,generated_control,20,0,0,0,-0.682000,,27.830700,0.283788
rebuffer1665,generated_control,0,0,0,0,,,0.000000,0.000000
rebuffer1667,generated_control,0,0,0,0,,,0.000000,0.000000
rebuffer1668,generated_control,1,0,0,0,-0.212100,,1.212100,0.012360
rebuffer1669,generated_control,1,0,0,0,0.158600,,0.863111,0.008801
rebuffer1670,generated_control,1,0,0,0,-0.212100,,1.212100,0.012360
rebuffer1673,generated_control,0,0,0,0,,,0.000000,0.000000
rebuffer1674,generated_control,1,0,0,0,-0.228400,,1.228400,0.012526
rebuffer1675,generated_control,0,0,0,0,,,0.000000,0.000000
rebuffer1676,generated_control,0,0,0,0,,,0.000000,0.000000
rebuffer1761,generated_control,0,0,0,0,,,0.000000,0.000000
rebuffer1762,generated_control,0,0,0,0,,,0.000000,0.000000
rebuffer1763,generated_control,0,0,0,0,,,0.000000,0.000000
rebuffer1764,generated_control,0,0,0,0,,,0.000000,0.000000
rebuffer1765,generated_control,0,0,0,0,,,0.000000,0.000000
rebuffer1766,generated_control,0,0,0,0,,,0.000000,0.000000
rebuffer1767,generated_control,0,0,0,0,,,0.000000,0.000000
rebuffer1768,generated_control,0,0,0,0,,,0.000000,0.000000
rebuffer1783,generated_control,0,0,0,0,,,0.000000,0.000000
rebuffer1784,generated_control,1,0,0,0,-0.188300,,1.188300,0.012117
rebuffer1795,execute_alu,0,0,0,0,,,0.000000,0.000000
rebuffer1844,generated_control,0,0,0,0,,,0.000000,0.000000
rebuffer1885,generated_control,0,0,0,0,,,0.000000,0.000000
rebuffer1886,generated_control,0,0,0,0,,,0.000000,0.000000
rebuffer1916,execute_alu,8,0,0,0,-0.403100,,11.196000,0.114165
rebuffer2069,generated_control,1,0,0,0,0.215200,,0.822910,0.008391
rebuffer2084,generated_control,0,0,0,0,,,0.000000,0.000000
rebuffer2223,generated_control,0,0,0,0,,,0.000000,0.000000
rebuffer2224,generated_control,1,0,0,0,0.048200,,0.954016,0.009728
rebuffer2225,generated_control,0,0,0,0,,,0.000000,0.000000
rebuffer2226,generated_control,0,0,0,0,,,0.000000,0.000000
rebuffer2228,generated_control,0,0,0,0,,,0.000000,0.000000
rebuffer2229,generated_control,7,0,0,0,-0.244800,,6.852835,0.069878
rebuffer2230,generated_control,5,0,0,0,0.044300,,4.368727,0.044548
rebuffer2231,generated_control,5,0,0,0,-0.443200,,5.804411,0.059187
rebuffer2234,generated_control,1,0,0,0,0.215200,,0.822910,0.008391
rebuffer2235,generated_control,0,0,0,0,,,0.000000,0.000000
rebuffer2250,generated_control,0,0,0,0,,,0.000000,0.000000
rebuffer2251,generated_control,0,0,0,0,,,0.000000,0.000000
rebuffer2252,generated_control,8,0,0,0,-0.386200,,8.315889,0.084796
rebuffer2275,generated_control,1,0,0,0,-0.244800,,1.244800,0.012693
rebuffer2276,generated_control,1,0,0,0,-0.055200,,1.055200,0.010760
rebuffer2300,generated_control,0,0,0,0,,,0.000000,0.000000
rebuffer2302,generated_control,0,0,0,0,,,0.000000,0.000000
rebuffer2303,generated_control,0,0,0,0,,,0.000000,0.000000
rebuffer2304,generated_control,0,0,0,0,,,0.000000,0.000000
rebuffer2330,generated_control,0,0,0,0,,,0.000000,0.000000
rebuffer2332,execute_alu,0,0,0,0,,,0.000000,0.000000
rebuffer2333,generated_control,0,1,0,0,,2.839600,0.000000,0.000000
rebuffer2334,generated_control,0,0,0,0,,,0.000000,0.000000
rebuffer2448,generated_control,0,0,0,0,,,0.000000,0.000000
rebuffer2449,execute_alu,0,0,0,0,,,0.000000,0.000000
rebuffer2450,execute_alu,0,0,0,0,,,0.000000,0.000000
rebuffer2573,execute_alu,0,0,0,0,,,0.000000,0.000000
rebuffer2574,generated_control,0,0,0,0,,,0.000000,0.000000
rebuffer2576,generated_control,0,0,0,0,,,0.000000,0.000000
rebuffer2577,generated_control,0,0,0,0,,,0.000000,0.000000
rebuffer2578,generated_control,0,0,0,0,,,0.000000,0.000000
rebuffer2579,generated_control,1,0,0,0,-0.244800,,1.244800,0.012693
rebuffer2621,generated_control,1,0,0,0,-0.244800,,1.244800,0.012693
