pass,move_index,instance,architecture_unit,from_tier,to_tier,gain,instance_balance_after,weight_balance_after
1,1,_19356_,csr,tier0,tier1,6.041944,0.821695,0.999625
1,2,_17572_,generated_datapath,tier1,tier0,3.769223,0.821483,0.999946
1,3,_17449_,generated_datapath,tier1,tier0,2.857958,0.821270,0.999518
1,4,_19981_,generated_datapath,tier1,tier0,8.891254,0.821058,0.999090
1,5,_24471_,generated_datapath,tier1,tier0,11.548029,0.820845,0.998663
1,6,_24474_,generated_datapath,tier1,tier0,11.607475,0.820633,0.998235
1,7,_24530_,generated_datapath,tier1,tier0,11.526939,0.820420,0.997808
1,8,_24533_,generated_datapath,tier1,tier0,11.451461,0.820208,0.997381
1,9,_24543_,generated_datapath,tier1,tier0,11.504806,0.819995,0.996954
1,10,_24523_,generated_datapath,tier1,tier0,6.510223,0.819783,0.996527
1,11,_24360_,generated_datapath,tier1,tier0,0.184874,0.819571,0.996100
1,12,_24526_,generated_datapath,tier1,tier0,8.101228,0.819359,0.995674
1,13,_24567_,generated_datapath,tier1,tier0,14.997109,0.819146,0.995247
1,14,_24363_,generated_datapath,tier1,tier0,8.259783,0.818934,0.994821
1,15,_24519_,generated_datapath,tier1,tier0,12.522470,0.818722,0.994395
1,16,_24546_,generated_datapath,tier1,tier0,12.464732,0.818510,0.993970
1,17,_24552_,generated_datapath,tier1,tier0,5.282166,0.818298,0.993544
1,18,_24856_,generated_datapath,tier1,tier0,2.947405,0.818086,0.993119
1,19,_17450_,generated_datapath,tier1,tier0,2.761980,0.817875,0.992694
1,20,_24558_,generated_datapath,tier1,tier0,13.704967,0.817663,0.992269
1,21,_24549_,generated_datapath,tier1,tier0,37.426461,0.817451,0.991844
1,22,_19802_,generated_datapath,tier1,tier0,6.353753,0.817239,0.991419
1,23,_17426_,generated_datapath,tier1,tier0,5.455032,0.817028,0.990995
1,24,_19810_,generated_datapath,tier1,tier0,0.957603,0.816816,0.990570
1,25,_19639_,generated_datapath,tier1,tier0,4.821728,0.816605,0.990146
1,26,_19915_,generated_datapath,tier1,tier0,4.516990,0.816393,0.989722
1,27,_17400_,generated_datapath,tier1,tier0,16.964614,0.816182,0.989299
1,28,_17432_,generated_datapath,tier1,tier0,21.618299,0.815970,0.988875
1,29,_17478_,generated_datapath,tier1,tier0,35.026262,0.815759,0.988452
1,30,_18654_,load_store,tier1,tier0,0.194135,0.815548,0.988081
1,31,_24357_,generated_datapath,tier1,tier0,10.371812,0.815336,0.987711
1,32,_17575_,generated_datapath,tier1,tier0,5.473246,0.815125,0.987341
1,33,_19186_,generated_datapath,tier1,tier0,0.278457,0.814914,0.986971
1,34,_19321_,generated_datapath,tier1,tier0,0.368720,0.814703,0.986601
1,35,_19434_,generated_datapath,tier1,tier0,0.357937,0.814492,0.986232
1,36,_19470_,generated_datapath,tier1,tier0,0.341523,0.814281,0.985862
1,37,_24850_,generated_datapath,tier1,tier0,8.975500,0.814070,0.985493
1,38,_19279_,generated_datapath,tier1,tier0,4.432144,0.813859,0.985124
1,39,_18967_,generated_datapath,tier1,tier0,0.802033,0.813648,0.984755
1,40,_19708_,generated_datapath,tier1,tier0,9.295543,0.813437,0.984386
1,41,_14175_,generated_datapath,tier1,tier0,7.758157,0.813226,0.984017
1,42,_18874_,generated_datapath,tier1,tier0,9.367711,0.813016,0.983648
1,43,_14199_,generated_datapath,tier1,tier0,2.287458,0.812805,0.983280
1,44,_23983_,generated_datapath,tier1,tier0,2.640523,0.812594,0.982911
1,45,_24564_,generated_datapath,tier1,tier0,21.070154,0.812384,0.982543
1,46,_24537_,generated_datapath,tier1,tier0,10.391092,0.812173,0.982175
1,47,_19127_,generated_datapath,tier1,tier0,14.960139,0.811963,0.981807
1,48,_23991_,generated_datapath,tier1,tier0,2.166546,0.811752,0.981439
1,49,_19840_,generated_datapath,tier1,tier0,11.198473,0.811542,0.981072
1,50,_24016_,generated_datapath,tier1,tier0,7.333081,0.811332,0.980704
1,51,_19025_,generated_datapath,tier1,tier0,2.431271,0.811121,0.980337
1,52,_19698_,generated_datapath,tier1,tier0,4.647466,0.810911,0.979969
1,53,_24027_,generated_datapath,tier1,tier0,17.727918,0.810701,0.979602
1,54,_24002_,generated_datapath,tier1,tier0,29.196295,0.810491,0.979235
1,55,_20055_,generated_datapath,tier1,tier0,4.599723,0.810281,0.978868
1,56,_19805_,generated_datapath,tier1,tier0,4.602602,0.810071,0.978501
1,57,_17452_,generated_datapath,tier1,tier0,9.198965,0.809861,0.978135
1,58,_19706_,generated_datapath,tier1,tier0,3.495269,0.809651,0.977768
1,59,_19871_,generated_datapath,tier1,tier0,9.263967,0.809441,0.977402
1,60,_19937_,generated_datapath,tier1,tier0,18.119224,0.809231,0.977036
1,61,_14461_,generated_datapath,tier1,tier0,1.827896,0.809021,0.976670
1,62,_14342_,generated_datapath,tier1,tier0,17.638241,0.808812,0.976304
1,63,_14406_,generated_datapath,tier1,tier0,17.618702,0.808602,0.975938
1,64,_14429_,generated_datapath,tier1,tier0,26.770114,0.808392,0.975572
1,65,_14476_,generated_datapath,tier1,tier0,26.833331,0.808183,0.975207
1,66,_14502_,generated_datapath,tier1,tier0,26.768020,0.807973,0.974841
1,67,_20023_,generated_datapath,tier1,tier0,11.020080,0.807764,0.974476
1,68,_14290_,generated_datapath,tier1,tier0,17.466319,0.807554,0.974111
1,69,_14298_,generated_datapath,tier1,tier0,6.168754,0.807345,0.973746
1,70,_14437_,generated_datapath,tier1,tier0,6.284975,0.807135,0.973381
1,71,_14323_,generated_datapath,tier1,tier0,6.218712,0.806926,0.973017
1,72,_14415_,generated_datapath,tier1,tier0,11.280082,0.806717,0.972652
1,73,_20000_,generated_datapath,tier1,tier0,20.347224,0.806508,0.972287
1,74,_14923_,generated_datapath,tier1,tier0,12.054028,0.806298,0.971923
1,75,_14351_,generated_datapath,tier1,tier0,25.619423,0.806089,0.971559
1,76,_14510_,generated_datapath,tier1,tier0,16.318553,0.805880,0.971195
1,77,_14484_,generated_datapath,tier1,tier0,16.544862,0.805671,0.970831
1,78,_17434_,generated_datapath,tier1,tier0,18.308016,0.805462,0.970467
1,79,_22298_,generated_datapath,tier1,tier0,2.069192,0.805253,0.970104
1,80,_14453_,generated_datapath,tier1,tier0,2.529157,0.805045,0.969740
1,81,_18147_,generated_datapath,tier1,tier0,10.182237,0.804836,0.969377
1,82,_18422_,generated_datapath,tier1,tier0,7.301675,0.804627,0.969013
1,83,_18102_,generated_datapath,tier1,tier0,4.501958,0.804418,0.968650
1,84,_16910_,generated_datapath,tier1,tier0,5.045100,0.804210,0.968287
1,85,_18164_,generated_datapath,tier1,tier0,10.096730,0.804001,0.967925
1,86,_18743_,generated_datapath,tier1,tier0,7.522959,0.803792,0.967562
1,87,_18171_,generated_datapath,tier1,tier0,23.820979,0.803584,0.967199
1,88,_18090_,generated_datapath,tier1,tier0,21.234480,0.803375,0.966837
1,89,_22566_,generated_datapath,tier1,tier0,7.418024,0.803167,0.966475
1,90,_17010_,generated_datapath,tier1,tier0,24.851325,0.802959,0.966112
1,91,_17210_,generated_datapath,tier1,tier0,24.155994,0.802750,0.965750
1,92,_18123_,generated_datapath,tier1,tier0,8.630320,0.802542,0.965388
1,93,_14755_,generated_datapath,tier1,tier0,22.195608,0.802334,0.965027
1,94,_14911_,generated_datapath,tier1,tier0,26.938364,0.802125,0.964665
1,95,_14314_,generated_datapath,tier1,tier0,13.561546,0.801917,0.964304
1,96,_14089_,generated_datapath,tier1,tier0,17.921910,0.801709,0.963942
1,97,_14200_,generated_datapath,tier1,tier0,27.415841,0.801501,0.963581
1,98,_17097_,generated_datapath,tier1,tier0,29.840970,0.801293,0.963220
1,99,_22558_,generated_datapath,tier1,tier0,3.899936,0.801085,0.962859
1,100,_14261_,generated_datapath,tier1,tier0,15.610336,0.800877,0.962498
1,101,_25071_,generated_datapath,tier1,tier0,10.687017,0.800669,0.962137
1,102,_17266_,generated_datapath,tier1,tier0,27.194802,0.800462,0.961777
1,103,_22358_,unclassified,tier0,tier1,20.926912,0.800669,0.962137
1,104,_22375_,unclassified,tier0,tier1,29.304039,0.800877,0.962498
1,105,_22391_,unclassified,tier0,tier1,29.374654,0.801085,0.962859
1,106,_22309_,unclassified,tier0,tier1,29.198104,0.801293,0.963220
1,107,_22325_,unclassified,tier0,tier1,37.641297,0.801501,0.963581
1,108,_22341_,unclassified,tier0,tier1,33.283092,0.801709,0.963942
1,109,_22406_,unclassified,tier0,tier1,37.415143,0.801917,0.964304
1,110,_22422_,unclassified,tier0,tier1,37.510917,0.802125,0.964665
1,111,_22548_,unclassified,tier0,tier1,29.143679,0.802334,0.965027
1,112,_18653_,unclassified,tier1,tier0,26.119547,0.802125,0.964665
1,113,_19563_,unclassified,tier0,tier1,26.215726,0.802334,0.965027
1,114,_19632_,unclassified,tier0,tier1,26.155730,0.802542,0.965388
1,115,_17047_,unclassified,tier1,tier0,40.223366,0.802334,0.965027
1,116,_17056_,unclassified,tier1,tier0,5.783403,0.802125,0.964665
1,117,_17054_,unclassified,tier1,tier0,20.864798,0.801917,0.964304
1,118,_14237_,unclassified,tier1,tier0,11.275429,0.801709,0.963942
1,119,_14112_,unclassified,tier1,tier0,17.916573,0.801501,0.963581
1,120,_18103_,unclassified,tier1,tier0,13.721212,0.801293,0.963220
1,121,_14129_,unclassified,tier1,tier0,3.595126,0.801085,0.962859
1,122,_14111_,unclassified,tier1,tier0,34.408996,0.800877,0.962498
1,123,_14130_,unclassified,tier1,tier0,23.084378,0.800669,0.962137
1,124,_17126_,unclassified,tier1,tier0,19.038292,0.800462,0.961777
1,125,_24315_,unclassified,tier0,tier1,2.473802,0.800669,0.962137
1,126,_17324_,unclassified,tier1,tier0,30.358538,0.800462,0.961777
1,127,_18189_,unclassified,tier1,tier0,1.493034,0.800254,0.961416
1,128,_17044_,unclassified,tier1,tier0,14.502574,0.800046,0.961056
1,129,_18820_,unclassified,tier0,tier1,5.044792,0.800254,0.961416
1,130,_451_,unclassified,tier1,tier0,5.989916,0.800046,0.961056
1,131,_18584_,unclassified,tier0,tier1,8.096679,0.800254,0.961416
1,132,_16403_,unclassified,tier1,tier0,7.155587,0.800046,0.961056
1,133,_17980_,unclassified,tier0,tier1,16.773959,0.800254,0.961416
1,134,_22562_,unclassified,tier1,tier0,6.159294,0.800046,0.961056
1,135,_24816_,unclassified,tier0,tier1,14.243283,0.800254,0.961416
1,136,_25073_,unclassified,tier1,tier0,14.804020,0.800046,0.961056
1,137,id_stage_i.id_fsm_q$_DFFE_PN0P_,pipeline_state,tier0,tier1,21.073893,0.800254,0.961365
1,138,id_stage_i.branch_set$_DFF_PN0_,pipeline_state,tier0,tier1,21.440310,0.800462,0.961674
1,139,cs_registers_i.u_mtval_csr.rd_data_o[2]$_DFFE_PN0P_,csr,tier0,tier1,1.700248,0.800669,0.961983
1,140,cs_registers_i.u_mepc_csr.rd_data_o[19]$_DFFE_PN0P_,csr,tier0,tier1,1.587816,0.800877,0.962292
1,141,cs_registers_i.u_mtval_csr.rd_data_o[17]$_DFFE_PN0P_,csr,tier0,tier1,14.665862,0.801085,0.962601
1,142,cs_registers_i.u_mtval_csr.rd_data_o[18]$_DFFE_PN0P_,csr,tier0,tier1,14.446305,0.801293,0.962910
1,143,cs_registers_i.u_mtval_csr.rd_data_o[19]$_DFFE_PN0P_,csr,tier0,tier1,14.667332,0.801501,0.963220
1,144,cs_registers_i.u_mtval_csr.rd_data_o[22]$_DFFE_PN0P_,csr,tier0,tier1,14.665687,0.801709,0.963529
1,145,cs_registers_i.u_mtval_csr.rd_data_o[23]$_DFFE_PN0P_,csr,tier0,tier1,28.601110,0.801917,0.963839
1,146,cs_registers_i.u_mtval_csr.rd_data_o[25]$_DFFE_PN0P_,csr,tier0,tier1,39.702490,0.802125,0.964149
1,147,if_stage_i.gen_prefetch_buffer.prefetch_buffer_i.fifo_i.instr_addr_q[2]$_DFFE_PP_,fetch,tier0,tier1,7.504080,0.802334,0.964458
1,148,if_stage_i.gen_prefetch_buffer.prefetch_buffer_i.fifo_i.instr_addr_q[4]$_DFFE_PP_,fetch,tier0,tier1,7.458427,0.802542,0.964768
1,149,if_stage_i.pc_id_o[13]$_DFFE_PP_,fetch,tier0,tier1,0.017974,0.802750,0.965078
1,150,if_stage_i.pc_id_o[4]$_DFFE_PP_,fetch,tier0,tier1,0.319290,0.802959,0.965388
1,151,if_stage_i.gen_prefetch_buffer.prefetch_buffer_i.fifo_i.instr_addr_q[5]$_DFFE_PP_,fetch,tier0,tier1,7.925290,0.803167,0.965699
1,152,if_stage_i.pc_id_o[1]$_DFFE_PP_,fetch,tier0,tier1,15.020114,0.803375,0.966009
1,153,if_stage_i.gen_prefetch_buffer.prefetch_buffer_i.fifo_i.err_q[2]$_DFFE_PP_,fetch,tier0,tier1,19.344399,0.803584,0.966319
1,154,_17080_,multdiv,tier1,tier0,19.777175,0.803375,0.966009
1,155,if_stage_i.gen_prefetch_buffer.prefetch_buffer_i.fifo_i.err_q[1]$_DFFE_PP_,fetch,tier0,tier1,30.483396,0.803584,0.966319
1,156,if_stage_i.gen_prefetch_buffer.prefetch_buffer_i.fifo_i.err_q[0]$_DFFE_PP_,fetch,tier0,tier1,41.285485,0.803792,0.966630
1,157,_13578_,generated_datapath,tier1,tier0,0.012740,0.803584,0.966319
1,158,_13586_,generated_datapath,tier1,tier0,0.015446,0.803375,0.966009
1,159,_13802_,generated_datapath,tier1,tier0,0.010118,0.803167,0.965699
1,160,_13810_,generated_datapath,tier1,tier0,0.009576,0.802959,0.965388
1,161,_19853_,generated_datapath,tier1,tier0,0.075280,0.802750,0.965078
1,162,_24093_,generated_datapath,tier1,tier0,1.060852,0.802542,0.964768
1,163,_17574_,generated_datapath,tier1,tier0,3.595827,0.802334,0.964458
1,164,_18963_,generated_datapath,tier1,tier0,3.043163,0.802125,0.964149
1,165,_19183_,generated_datapath,tier1,tier0,2.996438,0.801917,0.963839
1,166,_19318_,generated_datapath,tier1,tier0,3.002265,0.801709,0.963529
1,167,_19431_,generated_datapath,tier1,tier0,3.003230,0.801501,0.963220
1,168,_19467_,generated_datapath,tier1,tier0,14.973818,0.801293,0.962910
1,169,_13591_,generated_datapath,tier1,tier0,0.743984,0.801085,0.962601
1,170,_13815_,generated_datapath,tier1,tier0,0.746966,0.800877,0.962292
1,171,_13933_,generated_datapath,tier1,tier0,1.060897,0.800669,0.961983
1,172,_13940_,generated_datapath,tier1,tier0,5.373772,0.800462,0.961674
1,173,_13945_,generated_datapath,tier1,tier0,9.724975,0.800254,0.961365
1,174,_19242_,generated_datapath,tier1,tier0,14.552124,0.800046,0.961056
1,175,_17321_,generated_control,tier0,tier1,1.318065,0.800254,0.961365
1,176,_16418_,generated_control,tier0,tier1,0.167368,0.800462,0.961674
1,177,_15653_,generated_control,tier0,tier1,0.585365,0.800669,0.961983
1,178,_19361_,generated_control,tier0,tier1,10.708863,0.800877,0.962292
1,179,_17333_,generated_control,tier0,tier1,10.418768,0.801085,0.962601
1,180,_14192_,generated_control,tier0,tier1,1.533728,0.801293,0.962910
1,181,_17707_,generated_control,tier0,tier1,38.818119,0.801501,0.963220
1,182,_15652_,generated_control,tier0,tier1,2.860278,0.801709,0.963529
1,183,_17786_,generated_control,tier0,tier1,36.547622,0.801917,0.963839
1,184,_15336_,generated_control,tier0,tier1,9.804263,0.802125,0.964149
1,185,_16269_,generated_control,tier0,tier1,13.380792,0.802334,0.964458
1,186,_19575_,generated_control,tier0,tier1,14.212731,0.802542,0.964768
1,187,_19643_,generated_control,tier0,tier1,14.042828,0.802750,0.965078
1,188,_19678_,generated_control,tier0,tier1,12.890102,0.802959,0.965388
1,189,_19844_,generated_control,tier0,tier1,0.462224,0.803167,0.965699
1,190,_17410_,generated_control,tier0,tier1,13.172427,0.803375,0.966009
1,191,_18875_,generated_control,tier0,tier1,13.237814,0.803584,0.966319
1,192,_18968_,generated_control,tier0,tier1,4.155879,0.803792,0.966630
1,193,_19030_,generated_control,tier0,tier1,13.189094,0.804001,0.966940
1,194,_19187_,generated_control,tier0,tier1,4.252549,0.804210,0.967251
1,195,_19244_,generated_control,tier0,tier1,13.244667,0.804418,0.967562
1,196,_19283_,generated_control,tier0,tier1,13.186817,0.804627,0.967873
1,197,_19322_,generated_control,tier0,tier1,4.243325,0.804836,0.968184
1,198,_19397_,generated_control,tier0,tier1,22.376307,0.805045,0.968495
1,199,_19435_,generated_control,tier0,tier1,4.289675,0.805253,0.968806
1,200,_19471_,generated_control,tier0,tier1,4.254288,0.805462,0.969117
1,201,_19501_,generated_control,tier0,tier1,22.243919,0.805671,0.969429
1,202,_19602_,generated_control,tier0,tier1,22.400427,0.805880,0.969740
1,203,_19743_,generated_control,tier0,tier1,22.242055,0.806089,0.970052
1,204,_19783_,generated_control,tier0,tier1,22.215832,0.806298,0.970363
1,205,_19875_,generated_control,tier0,tier1,13.193986,0.806508,0.970675
1,206,_19941_,generated_control,tier0,tier1,13.165625,0.806717,0.970987
1,207,_21782_,unclassified,tier1,tier0,13.710507,0.806508,0.970675
1,208,_24750_,unclassified,tier0,tier1,15.882642,0.806717,0.970987
1,209,_24758_,unclassified,tier0,tier1,15.341554,0.806926,0.971299
1,210,_24762_,unclassified,tier0,tier1,15.574579,0.807135,0.971611
1,211,_22567_,unclassified,tier0,tier1,10.632628,0.807345,0.971923
1,212,_24754_,unclassified,tier0,tier1,14.929827,0.807554,0.972235
1,213,_22458_,unclassified,tier0,tier1,28.033760,0.807764,0.972548
1,214,_22475_,unclassified,tier0,tier1,28.245724,0.807973,0.972860
1,215,_22493_,unclassified,tier0,tier1,28.080181,0.808183,0.973173
1,216,_22512_,unclassified,tier0,tier1,28.148650,0.808392,0.973485
1,217,_22529_,unclassified,tier0,tier1,28.053946,0.808602,0.973798
1,218,_20476_,unclassified,tier1,tier0,14.484936,0.808392,0.973485
1,219,_21847_,unclassified,tier1,tier0,14.915338,0.808183,0.973173
1,220,_20470_,unclassified,tier0,tier1,13.339541,0.808392,0.973485
1,221,_24726_,unclassified,tier0,tier1,13.313605,0.808602,0.973798
1,222,_20989_,unclassified,tier0,tier1,12.513962,0.808812,0.974111
1,223,_20407_,unclassified,tier0,tier1,12.118487,0.809021,0.974424
1,224,_24713_,unclassified,tier0,tier1,12.048337,0.809231,0.974737
1,225,_24718_,unclassified,tier0,tier1,12.057403,0.809441,0.975050
1,226,_24722_,unclassified,tier0,tier1,12.094328,0.809651,0.975363
1,227,_24734_,unclassified,tier0,tier1,12.055113,0.809861,0.975677
1,228,_20531_,unclassified,tier0,tier1,12.338487,0.810071,0.975990
1,229,_24745_,unclassified,tier0,tier1,12.143071,0.810281,0.976304
1,230,_24730_,unclassified,tier0,tier1,11.673252,0.810491,0.976617
1,231,_21711_,unclassified,tier0,tier1,11.238405,0.810701,0.976931
1,232,_21776_,unclassified,tier0,tier1,11.028850,0.810911,0.977245
1,233,_24770_,unclassified,tier0,tier1,10.988739,0.811121,0.977559
1,234,_20857_,unclassified,tier0,tier1,10.835053,0.811332,0.977873
1,235,_24739_,unclassified,tier0,tier1,10.813183,0.811542,0.978187
1,236,_22443_,unclassified,tier0,tier1,9.584937,0.811752,0.978501
1,237,_19148_,unclassified,tier1,tier0,17.491630,0.811542,0.978187
1,238,_21717_,unclassified,tier1,tier0,17.576099,0.811332,0.977873
1,239,_24766_,unclassified,tier0,tier1,9.158158,0.811542,0.978187
1,240,_21908_,unclassified,tier0,tier1,8.379139,0.811752,0.978501
1,241,_24774_,unclassified,tier0,tier1,8.347717,0.811963,0.978816
1,242,_21840_,unclassified,tier0,tier1,8.408563,0.812173,0.979130
1,243,_22212_,unclassified,tier1,tier0,7.696340,0.811963,0.978816
1,244,_17358_,unclassified,tier1,tier0,12.913710,0.811752,0.978501
1,245,_19549_,unclassified,tier1,tier0,2.652727,0.811542,0.978187
1,246,_13520_,unclassified,tier1,tier0,19.470217,0.811332,0.977873
1,247,_22867_,unclassified,tier1,tier0,15.401901,0.811121,0.977559
1,248,_25057_,unclassified,tier0,tier1,18.336314,0.811332,0.977873
1,249,_19195_,unclassified,tier1,tier0,0.646395,0.811121,0.977559
1,250,_19402_,unclassified,tier1,tier0,1.144415,0.810911,0.977245
1,251,_22286_,unclassified,tier1,tier0,11.008354,0.810701,0.976931
1,252,_22237_,unclassified,tier0,tier1,13.165060,0.810911,0.977245
1,253,_14241_,unclassified,tier1,tier0,7.558535,0.810701,0.976931
1,254,_24780_,unclassified,tier0,tier1,13.178046,0.810911,0.977245
1,255,_24786_,unclassified,tier1,tier0,14.005124,0.810701,0.976931
1,256,_14108_,unclassified,tier1,tier0,21.492879,0.810491,0.976617
1,257,_17354_,unclassified,tier1,tier0,21.094014,0.810281,0.976304
1,258,_22273_,unclassified,tier0,tier1,12.577346,0.810491,0.976617
1,259,_14526_,unclassified,tier1,tier0,15.305066,0.810281,0.976304
1,260,_18586_,unclassified,tier1,tier0,18.190147,0.810071,0.975990
1,261,_13870_,unclassified,tier1,tier0,6.933693,0.809861,0.975677
1,262,_18082_,unclassified,tier1,tier0,25.710526,0.809651,0.975363
1,263,_22293_,unclassified,tier1,tier0,21.259364,0.809441,0.975050
1,264,_17131_,unclassified,tier1,tier0,8.107305,0.809231,0.974737
1,265,_19569_,unclassified,tier1,tier0,11.548984,0.809021,0.974424
1,266,_20465_,unclassified,tier1,tier0,11.515742,0.808812,0.974111
1,267,_18877_,unclassified,tier0,tier1,5.246264,0.809021,0.974424
1,268,_19247_,unclassified,tier0,tier1,0.920740,0.809231,0.974737
1,269,_22718_,unclassified,tier1,tier0,6.913942,0.809021,0.974424
1,270,_14433_,unclassified,tier1,tier0,6.458675,0.808812,0.974111
1,271,_14411_,unclassified,tier1,tier0,12.497659,0.808602,0.973798
1,272,_14480_,unclassified,tier1,tier0,13.110978,0.808392,0.973485
1,273,_17240_,unclassified,tier1,tier0,11.187532,0.808183,0.973173
1,274,_17863_,unclassified,tier1,tier0,11.999660,0.807973,0.972860
1,275,_18024_,unclassified,tier0,tier1,27.854130,0.808183,0.973173
1,276,_14918_,unclassified,tier1,tier0,13.157390,0.807973,0.972860
1,277,_14756_,unclassified,tier1,tier0,16.058586,0.807764,0.972548
1,278,_18430_,unclassified,tier1,tier0,20.286432,0.807554,0.972235
1,279,_14126_,unclassified,tier1,tier0,16.956041,0.807345,0.971923
1,280,_14760_,unclassified,tier1,tier0,11.316579,0.807135,0.971611
1,281,_17100_,unclassified,tier1,tier0,16.466308,0.806926,0.971299
1,282,_17441_,unclassified,tier1,tier0,27.654648,0.806717,0.970987
1,283,_19012_,unclassified,tier0,tier1,17.478322,0.806926,0.971299
1,284,_17635_,unclassified,tier1,tier0,11.130598,0.806717,0.970987
1,285,_19378_,unclassified,tier0,tier1,7.008745,0.806926,0.971299
1,286,_16349_,unclassified,tier1,tier0,12.012405,0.806717,0.970987
1,287,_17091_,unclassified,tier1,tier0,15.816036,0.806508,0.970675
1,288,_17104_,unclassified,tier1,tier0,16.018799,0.806298,0.970363
1,289,_22557_,unclassified,tier1,tier0,4.494328,0.806089,0.970052
1,290,_19111_,unclassified,tier1,tier0,3.567931,0.805880,0.969740
1,291,_19478_,unclassified,tier0,tier1,21.214983,0.806089,0.970052
1,292,_19151_,unclassified,tier0,tier1,25.792037,0.806298,0.970363
1,293,_14912_,unclassified,tier1,tier0,15.175688,0.806089,0.970052
1,294,_16831_,unclassified,tier1,tier0,6.442431,0.805880,0.969740
1,295,_17235_,unclassified,tier1,tier0,28.682914,0.805671,0.969429
1,296,_23472_,unclassified,tier0,tier1,8.887825,0.805880,0.969740
1,297,_14291_,unclassified,tier1,tier0,20.692769,0.805671,0.969429
1,298,_15815_,unclassified,tier1,tier0,1.074004,0.805462,0.969117
1,299,_15818_,unclassified,tier1,tier0,9.954130,0.805253,0.968806
1,300,_17229_,unclassified,tier1,tier0,13.192077,0.805045,0.968495
1,301,_17480_,unclassified,tier1,tier0,24.539475,0.804836,0.968184
1,302,_17556_,unclassified,tier1,tier0,12.114010,0.804627,0.967873
1,303,_18635_,unclassified,tier1,tier0,1.070578,0.804418,0.967562
1,304,_18669_,unclassified,tier1,tier0,17.080061,0.804210,0.967251
1,305,_19520_,unclassified,tier0,tier1,0.989463,0.804418,0.967562
1,306,_20006_,unclassified,tier1,tier0,8.605028,0.804210,0.967251
1,307,_424_,unclassified,tier0,tier1,11.685583,0.804418,0.967562
1,308,_17297_,load_store,tier1,tier0,5.139248,0.804210,0.967303
1,309,_24891_,load_store,tier1,tier0,4.423353,0.804001,0.967044
1,310,_24604_,load_store,tier1,tier0,4.865783,0.803792,0.966785
1,311,_24787_,multdiv,tier1,tier0,12.074030,0.803584,0.966526
1,312,_14614_,generated_datapath,tier1,tier0,8.072441,0.803375,0.966268
1,313,_15812_,generated_datapath,tier1,tier0,1.197322,0.803167,0.966009
1,314,_24024_,generated_datapath,tier1,tier0,2.866088,0.802959,0.965750
1,315,_15224_,generated_datapath,tier1,tier0,0.098237,0.802750,0.965492
1,316,_17567_,generated_datapath,tier1,tier0,9.589830,0.802542,0.965233
1,317,_16959_,generated_datapath,tier1,tier0,0.757000,0.802334,0.964975
1,318,_21464_,generated_datapath,tier1,tier0,5.954229,0.802125,0.964717
1,319,_15000_,generated_datapath,tier1,tier0,4.376992,0.801917,0.964458
1,320,_15157_,generated_datapath,tier1,tier0,4.452993,0.801709,0.964200
1,321,_15538_,generated_datapath,tier1,tier0,4.339169,0.801501,0.963942
1,322,_24801_,generated_datapath,tier1,tier0,8.105949,0.801293,0.963684
1,323,_24802_,generated_datapath,tier1,tier0,1.888270,0.801085,0.963426
1,324,_14976_,generated_datapath,tier1,tier0,4.414719,0.800877,0.963168
1,325,_14999_,generated_datapath,tier1,tier0,4.253509,0.800669,0.962910
1,326,_13637_,generated_datapath,tier1,tier0,2.053454,0.800462,0.962653
1,327,_22178_,generated_datapath,tier1,tier0,2.296570,0.800254,0.962395
1,328,_22191_,generated_datapath,tier1,tier0,2.296616,0.800046,0.962137
1,329,_17557_,generated_control,tier0,tier1,3.669207,0.800254,0.962395
1,330,_18339_,generated_control,tier0,tier1,3.582506,0.800462,0.962653
1,331,_18341_,generated_control,tier0,tier1,3.544018,0.800669,0.962910
1,332,_18342_,generated_control,tier0,tier1,3.578049,0.800877,0.963168
1,333,_18343_,generated_control,tier0,tier1,3.581522,0.801085,0.963426
1,334,_18344_,generated_control,tier0,tier1,3.544399,0.801293,0.963684
1,335,_18345_,generated_control,tier0,tier1,3.560424,0.801501,0.963942
1,336,_18346_,generated_control,tier0,tier1,3.543462,0.801709,0.964200
1,337,_18347_,generated_control,tier0,tier1,3.543447,0.801917,0.964458
1,338,_18348_,generated_control,tier0,tier1,3.575964,0.802125,0.964717
1,339,_18349_,generated_control,tier0,tier1,3.576624,0.802334,0.964975
1,340,_18350_,generated_control,tier0,tier1,3.581380,0.802542,0.965233
1,341,_18351_,generated_control,tier0,tier1,3.614377,0.802750,0.965492
1,342,_18352_,generated_control,tier0,tier1,3.614576,0.802959,0.965750
1,343,_18353_,generated_control,tier0,tier1,3.643244,0.803167,0.966009
1,344,_18356_,generated_control,tier0,tier1,3.582163,0.803375,0.966268
1,345,_18357_,generated_control,tier0,tier1,3.582070,0.803584,0.966526
1,346,_18358_,generated_control,tier0,tier1,24.254399,0.803792,0.966785
1,347,_18360_,generated_control,tier0,tier1,24.222442,0.804001,0.967044
1,348,_18361_,generated_control,tier0,tier1,24.259110,0.804210,0.967303
1,349,_18362_,generated_control,tier0,tier1,24.220710,0.804418,0.967562
1,350,_18363_,generated_control,tier0,tier1,24.221406,0.804627,0.967821
1,351,_18364_,generated_control,tier0,tier1,24.221224,0.804836,0.968080
1,352,_18365_,generated_control,tier0,tier1,24.253492,0.805045,0.968339
1,353,_18366_,generated_control,tier0,tier1,24.221567,0.805253,0.968599
1,354,_18367_,generated_control,tier0,tier1,24.255787,0.805462,0.968858
1,355,_18368_,generated_control,tier0,tier1,24.320341,0.805671,0.969117
1,356,_18369_,generated_control,tier0,tier1,24.291259,0.805880,0.969377
1,357,_24633_,generated_control,tier0,tier1,1.206005,0.806089,0.969636
1,358,_24661_,generated_control,tier0,tier1,7.356272,0.806298,0.969896
1,359,_24662_,generated_control,tier0,tier1,7.397139,0.806508,0.970156
1,360,_24663_,generated_control,tier0,tier1,7.456809,0.806717,0.970415
1,361,_24664_,generated_control,tier0,tier1,7.472950,0.806926,0.970675
1,362,_24665_,generated_control,tier0,tier1,7.473868,0.807135,0.970935
1,363,_24666_,generated_control,tier0,tier1,7.498680,0.807345,0.971195
1,364,_24667_,generated_control,tier0,tier1,7.464294,0.807554,0.971455
1,365,_18337_,generated_control,tier0,tier1,32.163056,0.807764,0.971715
1,366,_18338_,generated_control,tier0,tier1,32.167384,0.807973,0.971975
1,367,_18354_,generated_control,tier0,tier1,32.168874,0.808183,0.972235
1,368,_18355_,generated_control,tier0,tier1,32.169583,0.808392,0.972496
1,369,_24621_,generated_control,tier0,tier1,1.016185,0.808602,0.972756
1,370,_13633_,generated_control,tier0,tier1,0.536373,0.808812,0.973017
1,371,_13671_,generated_control,tier0,tier1,0.586322,0.809021,0.973277
1,372,_13781_,generated_control,tier0,tier1,0.533610,0.809231,0.973538
1,373,_14027_,generated_control,tier0,tier1,0.534574,0.809441,0.973798
1,374,_22272_,generated_control,tier0,tier1,0.544218,0.809651,0.974059
1,375,_24617_,generated_control,tier0,tier1,1.066752,0.809861,0.974320
1,376,_16334_,generated_control,tier0,tier1,0.924217,0.810071,0.974581
1,377,_20053_,generated_control,tier0,tier1,0.780228,0.810281,0.974841
1,378,_23455_,generated_control,tier0,tier1,0.834130,0.810491,0.975102
1,379,_24251_,generated_control,tier0,tier1,0.454431,0.810701,0.975363
1,380,_24323_,generated_control,tier0,tier1,0.442134,0.810911,0.975625
1,381,_24622_,generated_control,tier0,tier1,7.331253,0.811121,0.975886
1,382,_25050_,generated_control,tier0,tier1,0.761085,0.811332,0.976147
1,383,_24623_,generated_control,tier0,tier1,5.583848,0.811542,0.976408
1,384,_24611_,generated_control,tier0,tier1,7.280406,0.811752,0.976670
1,385,_24625_,generated_control,tier0,tier1,7.052149,0.811963,0.976931
1,386,_24653_,generated_control,tier0,tier1,15.225745,0.812173,0.977193
1,387,_24654_,generated_control,tier0,tier1,15.408476,0.812384,0.977454
1,388,_24655_,generated_control,tier0,tier1,15.223289,0.812594,0.977716
1,389,_24656_,generated_control,tier0,tier1,15.303568,0.812805,0.977978
1,390,_24657_,generated_control,tier0,tier1,15.328882,0.813016,0.978240
1,391,_24658_,generated_control,tier0,tier1,22.166831,0.813226,0.978501
1,392,_24659_,generated_control,tier0,tier1,28.628130,0.813437,0.978763
1,393,_24619_,generated_control,tier0,tier1,7.205079,0.813648,0.979025
1,394,_24628_,generated_control,tier0,tier1,7.248308,0.813859,0.979288
1,395,_24635_,generated_control,tier0,tier1,7.227313,0.814070,0.979550
1,396,_24637_,generated_control,tier0,tier1,7.434643,0.814281,0.979812
1,397,_24626_,generated_control,tier0,tier1,8.003095,0.814492,0.980074
1,398,_17642_,generated_control,tier0,tier1,2.233011,0.814703,0.980337
1,399,_17662_,generated_control,tier0,tier1,2.260920,0.814914,0.980599
1,400,_17702_,generated_control,tier0,tier1,2.210096,0.815125,0.980861
1,401,_17709_,generated_control,tier0,tier1,2.233972,0.815336,0.981124
1,402,_24644_,generated_control,tier0,tier1,7.215312,0.815548,0.981387
1,403,_17460_,generated_control,tier0,tier1,6.763510,0.815759,0.981649
1,404,_17638_,generated_control,tier0,tier1,6.732618,0.815970,0.981912
1,405,_17643_,generated_control,tier0,tier1,6.723765,0.816182,0.982175
1,406,_17649_,generated_control,tier0,tier1,6.750140,0.816393,0.982438
1,407,_17658_,generated_control,tier0,tier1,6.806736,0.816605,0.982701
1,408,_17663_,generated_control,tier0,tier1,6.752590,0.816816,0.982964
1,409,_17683_,generated_control,tier0,tier1,6.729630,0.817028,0.983227
1,410,_17693_,generated_control,tier0,tier1,6.728776,0.817239,0.983490
1,411,_17698_,generated_control,tier0,tier1,6.706066,0.817451,0.983754
1,412,_17703_,generated_control,tier0,tier1,6.697447,0.817663,0.984017
1,413,_17710_,generated_control,tier0,tier1,6.723051,0.817875,0.984280
1,414,_17714_,generated_control,tier0,tier1,6.723735,0.818086,0.984544
1,415,_17719_,generated_control,tier0,tier1,30.834967,0.818298,0.984807
1,416,_17724_,generated_control,tier0,tier1,30.809074,0.818510,0.985071
1,417,_17464_,generated_control,tier0,tier1,23.286532,0.818722,0.985335
1,418,_17469_,generated_control,tier0,tier1,23.286848,0.818934,0.985599
1,419,_24636_,generated_control,tier0,tier1,7.612993,0.819146,0.985862
1,420,_24645_,generated_control,tier0,tier1,8.401903,0.819359,0.986126
1,421,_17319_,generated_control,tier0,tier1,10.795897,0.819571,0.986390
1,422,_13558_,generated_control,tier0,tier1,15.095165,0.819783,0.986654
1,423,_13911_,generated_control,tier0,tier1,15.134071,0.819995,0.986918
1,424,_13987_,generated_control,tier0,tier1,15.090325,0.820208,0.987183
1,425,_22671_,generated_control,tier0,tier1,1.109965,0.820420,0.987447
1,426,_23962_,generated_control,tier0,tier1,15.093609,0.820633,0.987711
1,427,_17465_,generated_control,tier0,tier1,31.110458,0.820845,0.987976
1,428,_17470_,generated_control,tier0,tier1,31.110194,0.821058,0.988240
1,429,_18633_,generated_control,tier0,tier1,16.512529,0.821270,0.988505
1,430,_24460_,generated_control,tier0,tier1,8.287135,0.821483,0.988769
1,431,_25003_,generated_control,tier0,tier1,11.568095,0.821695,0.989034
1,432,_17873_,generated_control,tier0,tier1,2.252240,0.821908,0.989299
1,433,_17882_,generated_control,tier0,tier1,2.224732,0.822121,0.989563
1,434,_17907_,generated_control,tier0,tier1,2.250350,0.822334,0.989828
1,435,_17913_,generated_control,tier0,tier1,2.225092,0.822547,0.990093
1,436,_17941_,generated_control,tier0,tier1,2.224606,0.822760,0.990358
1,437,_17962_,generated_control,tier0,tier1,2.224229,0.822973,0.990623
1,438,_17991_,generated_control,tier0,tier1,2.237153,0.823186,0.990889
1,439,_18006_,generated_control,tier0,tier1,2.262028,0.823399,0.991154
1,440,_18011_,generated_control,tier0,tier1,2.275042,0.823612,0.991419
1,441,_18320_,generated_control,tier0,tier1,2.304336,0.823825,0.991684
1,442,_18323_,generated_control,tier0,tier1,9.819063,0.824038,0.991950
1,443,_18324_,generated_control,tier0,tier1,9.789493,0.824252,0.992215
1,444,_18325_,generated_control,tier0,tier1,9.815607,0.824465,0.992481
1,445,_18327_,generated_control,tier0,tier1,9.774763,0.824678,0.992747
1,446,_18328_,generated_control,tier0,tier1,9.788183,0.824892,0.993012
1,447,_18329_,generated_control,tier0,tier1,33.986802,0.825105,0.993278
1,448,_18330_,generated_control,tier0,tier1,33.984858,0.825319,0.993544
1,449,_18331_,generated_control,tier0,tier1,33.984567,0.825532,0.993810
1,450,_18332_,generated_control,tier0,tier1,34.025889,0.825746,0.994076
1,451,_18333_,generated_control,tier0,tier1,33.985058,0.825960,0.994342
1,452,_18334_,generated_control,tier0,tier1,33.999453,0.826173,0.994608
1,453,_18335_,generated_control,tier0,tier1,34.100288,0.826387,0.994875
1,454,_18336_,generated_control,tier0,tier1,34.073899,0.826601,0.995141
1,455,_24808_,generated_control,tier0,tier1,34.139532,0.826815,0.995407
1,456,_17839_,generated_control,tier0,tier1,26.598917,0.827029,0.995674
1,457,_17855_,generated_control,tier0,tier1,26.603573,0.827243,0.995940
1,458,_18321_,generated_control,tier0,tier1,34.233274,0.827457,0.996207
1,459,_18322_,generated_control,tier0,tier1,34.233947,0.827671,0.996473
1,460,_22419_,generated_control,tier0,tier1,3.322669,0.827885,0.996740
1,461,_22387_,generated_control,tier0,tier1,2.898783,0.828099,0.997007
1,462,_22355_,generated_control,tier0,tier1,13.023291,0.828314,0.997274
1,463,_16255_,generated_control,tier0,tier1,2.933487,0.828528,0.997541
1,464,_22371_,generated_control,tier0,tier1,11.502365,0.828742,0.997808
1,465,_22396_,generated_control,tier0,tier1,11.510209,0.828957,0.998075
1,466,_22799_,generated_control,tier0,tier1,0.001853,0.829171,0.998342
1,467,_15027_,generated_control,tier0,tier1,2.605116,0.829386,0.998609
1,468,_15111_,generated_control,tier0,tier1,7.735725,0.829600,0.998877
1,469,_15791_,generated_control,tier0,tier1,0.144711,0.829815,0.999144
1,470,_22307_,generated_control,tier0,tier1,8.709146,0.830029,0.999411
1,471,_22573_,generated_control,tier0,tier1,0.087277,0.830244,0.999679
1,472,_21914_,generated_control,tier0,tier1,4.780715,0.830459,0.999946
1,473,_22323_,generated_control,tier0,tier1,8.665142,0.830674,0.999786
1,474,_22518_,generated_control,tier0,tier1,8.209054,0.830888,0.999518
1,475,_20060_,generated_control,tier0,tier1,0.002223,0.831103,0.999251
1,476,_21766_,generated_control,tier0,tier1,1.347295,0.831318,0.998983
1,477,_22278_,generated_control,tier0,tier1,0.061145,0.831533,0.998716
1,478,_13708_,generated_control,tier0,tier1,8.602866,0.831748,0.998449
1,479,_13744_,generated_control,tier0,tier1,8.605313,0.831963,0.998182
1,480,_13855_,generated_control,tier0,tier1,14.938724,0.832179,0.997915
1,481,_23066_,generated_control,tier0,tier1,15.040427,0.832394,0.997648
1,482,_15183_,generated_control,tier0,tier1,13.169599,0.832609,0.997381
1,483,_15656_,generated_control,tier0,tier1,0.028354,0.832824,0.997114
1,484,_24599_,generated_control,tier0,tier1,6.688177,0.833040,0.996847
1,485,_22379_,generated_control,tier0,tier1,7.989276,0.833255,0.996580
1,486,_22448_,generated_control,tier0,tier1,4.024825,0.833470,0.996313
1,487,_15226_,generated_control,tier0,tier1,2.870315,0.833686,0.996047
1,488,_15020_,generated_control,tier0,tier1,1.242650,0.833901,0.995780
1,489,_16337_,generated_control,tier0,tier1,0.019572,0.834117,0.995514
1,490,_22508_,generated_control,tier0,tier1,11.071431,0.834333,0.995247
1,491,_14926_,generated_control,tier0,tier1,12.473596,0.834548,0.994981
1,492,_15274_,generated_control,tier0,tier1,9.038461,0.834764,0.994715
1,493,_15358_,generated_control,tier0,tier1,14.704396,0.834980,0.994449
1,494,_22777_,generated_control,tier0,tier1,4.530778,0.835196,0.994182
1,495,_22482_,generated_control,tier0,tier1,10.954346,0.835412,0.993916
1,496,_22724_,generated_control,tier0,tier1,3.400513,0.835628,0.993650
1,497,_22661_,generated_control,tier0,tier1,1.475806,0.835844,0.993385
1,498,_16591_,generated_control,tier0,tier1,6.549113,0.836060,0.993119
1,499,_24870_,generated_control,tier0,tier1,2.467404,0.836276,0.992853
1,500,_19383_,generated_control,tier0,tier1,5.057196,0.836492,0.992587
1,501,_22463_,generated_control,tier0,tier1,9.454559,0.836708,0.992322
1,502,_22471_,generated_control,tier0,tier1,10.945605,0.836925,0.992056
1,503,_15075_,generated_control,tier0,tier1,20.164353,0.837141,0.991791
1,504,_22490_,generated_control,tier0,tier1,15.162314,0.837357,0.991525
1,505,_16345_,generated_control,tier0,tier1,0.411114,0.837574,0.991260
1,506,_18490_,generated_control,tier0,tier1,0.215420,0.837790,0.990995
1,507,_21855_,generated_control,tier0,tier1,3.116866,0.838007,0.990729
1,508,_23116_,generated_control,tier0,tier1,3.133491,0.838223,0.990464
1,509,_25017_,generated_control,tier0,tier1,3.111418,0.838440,0.990199
1,510,_13678_,generated_control,tier0,tier1,2.771017,0.838656,0.989934
1,511,_21094_,generated_control,tier0,tier1,1.288848,0.838873,0.989669
1,512,_13957_,generated_control,tier0,tier1,3.482063,0.839090,0.989404
1,513,_14035_,generated_control,tier0,tier1,16.464624,0.839307,0.989140
1,514,_17617_,generated_control,tier0,tier1,5.189345,0.839524,0.988875
1,515,_16068_,generated_control,tier0,tier1,15.235413,0.839741,0.988610
1,516,_22329_,generated_control,tier0,tier1,9.997906,0.839958,0.988346
1,517,_22346_,generated_control,tier0,tier1,8.747192,0.840175,0.988081
1,518,_22500_,generated_control,tier0,tier1,19.611118,0.840392,0.987817
1,519,_22872_,generated_control,tier0,tier1,6.055673,0.840609,0.987553
1,520,_22545_,generated_control,tier0,tier1,8.399261,0.840826,0.987288
1,521,_19067_,generated_control,tier0,tier1,5.151872,0.841043,0.987024
1,522,_13919_,generated_control,tier0,tier1,15.783316,0.841260,0.986760
1,523,_17741_,generated_control,tier0,tier1,8.471650,0.841478,0.986496
1,524,_15475_,generated_control,tier0,tier1,3.256997,0.841695,0.986232
1,525,_17740_,generated_control,tier0,tier1,20.979268,0.841913,0.985968
1,526,_24996_,generated_control,tier0,tier1,1.967046,0.842130,0.985704
1,527,_25002_,generated_control,tier0,tier1,1.954401,0.842348,0.985440
1,528,_17927_,generated_control,tier0,tier1,0.039398,0.842565,0.985177
1,529,_22886_,generated_control,tier0,tier1,2.420369,0.842783,0.984913
1,530,_16361_,generated_control,tier0,tier1,2.520432,0.843001,0.984649
1,531,_24846_,generated_control,tier0,tier1,8.662920,0.843218,0.984386
1,532,_22436_,generated_control,tier0,tier1,0.455791,0.843436,0.984122
1,533,_22469_,generated_control,tier0,tier1,7.098181,0.843654,0.983859
1,534,_22506_,generated_control,tier0,tier1,7.098268,0.843872,0.983596
1,535,_16794_,generated_control,tier0,tier1,6.120540,0.844090,0.983332
1,536,_22930_,generated_control,tier0,tier1,5.412089,0.844308,0.983069
1,537,_17123_,generated_control,tier0,tier1,1.916007,0.844526,0.982806
1,538,_16413_,generated_control,tier0,tier1,4.759978,0.844744,0.982543
1,539,_24304_,generated_control,tier0,tier1,2.375666,0.844962,0.982280
1,540,_16356_,generated_control,tier0,tier1,0.084508,0.845180,0.982017
1,541,_17359_,generated_control,tier0,tier1,0.304622,0.845399,0.981755
1,542,_18994_,generated_control,tier0,tier1,1.211020,0.845617,0.981492
1,543,_19155_,generated_control,tier0,tier1,3.318018,0.845835,0.981229
1,544,_17075_,generated_control,tier0,tier1,1.764935,0.846054,0.980967
1,545,_15877_,generated_control,tier0,tier1,3.530739,0.846272,0.980704
1,546,_18537_,generated_control,tier0,tier1,10.289771,0.846491,0.980442
1,547,_22303_,generated_control,tier0,tier1,5.996734,0.846709,0.980179
1,548,_17728_,generated_control,tier0,tier1,13.198909,0.846928,0.979917
1,549,_24602_,generated_control,tier0,tier1,8.718025,0.847147,0.979655
1,550,_16551_,generated_control,tier0,tier1,1.945477,0.847365,0.979392
1,551,_24116_,generated_control,tier0,tier1,4.853708,0.847584,0.979130
1,552,_16397_,generated_control,tier0,tier1,3.123728,0.847803,0.978868
1,553,_16692_,generated_control,tier0,tier1,1.899861,0.848022,0.978606
1,554,_16067_,generated_control,tier0,tier1,0.221282,0.848241,0.978344
1,555,_16614_,generated_control,tier0,tier1,7.686481,0.848460,0.978082
1,556,_17361_,generated_control,tier0,tier1,2.005440,0.848679,0.977821
1,557,_18680_,generated_control,tier0,tier1,1.771493,0.848898,0.977559
1,558,_22787_,generated_control,tier0,tier1,1.911338,0.849117,0.977297
1,559,_16243_,generated_control,tier0,tier1,9.041387,0.849336,0.977036
1,560,_15127_,generated_control,tier0,tier1,3.521785,0.849555,0.976774
1,561,_16543_,generated_control,tier0,tier1,2.773975,0.849775,0.976513
1,562,_13618_,generated_control,tier0,tier1,1.368080,0.849994,0.976252
1,563,_13626_,generated_control,tier0,tier1,1.348554,0.850213,0.975990
1,564,_13656_,generated_control,tier0,tier1,1.393773,0.850433,0.975729
1,565,_13664_,generated_control,tier0,tier1,1.413238,0.850652,0.975468
1,566,_13766_,generated_control,tier0,tier1,1.385488,0.850872,0.975207
1,567,_13774_,generated_control,tier0,tier1,1.366796,0.851092,0.974946
1,568,_14012_,generated_control,tier0,tier1,1.358756,0.851311,0.974685
1,569,_14020_,generated_control,tier0,tier1,1.378683,0.851531,0.974424
1,570,_14359_,generated_control,tier0,tier1,1.288826,0.851751,0.974163
1,571,_14367_,generated_control,tier0,tier1,1.329628,0.851971,0.973902
1,572,_14375_,generated_control,tier0,tier1,1.290046,0.852190,0.973642
1,573,_17896_,generated_control,tier0,tier1,11.226547,0.852410,0.973381
1,574,_18738_,generated_control,tier0,tier1,2.338760,0.852630,0.973121
1,575,_18992_,generated_control,tier0,tier1,8.676297,0.852850,0.972860
1,576,_19950_,generated_control,tier0,tier1,7.765393,0.853070,0.972600
1,577,_20884_,generated_control,tier0,tier1,1.437486,0.853291,0.972340
1,578,_20982_,generated_control,tier0,tier1,1.436997,0.853511,0.972079
1,579,_21639_,generated_control,tier0,tier1,1.423152,0.853731,0.971819
1,580,_22035_,generated_control,tier0,tier1,7.800995,0.853951,0.971559
1,581,_22139_,generated_control,tier0,tier1,7.817970,0.854172,0.971299
1,582,_22481_,generated_control,tier0,tier1,1.483227,0.854392,0.971039
1,583,_22570_,generated_control,tier0,tier1,1.501792,0.854612,0.970779
1,584,_23283_,generated_control,tier0,tier1,1.282208,0.854833,0.970519
1,585,_23366_,generated_control,tier0,tier1,1.272126,0.855054,0.970259
1,586,_25034_,generated_control,tier0,tier1,1.294267,0.855274,0.970000
1,587,_25043_,generated_control,tier0,tier1,1.270193,0.855495,0.969740
1,588,_16693_,generated_control,tier0,tier1,8.015537,0.855715,0.969481
1,589,_15296_,generated_control,tier0,tier1,19.378890,0.855936,0.969221
1,590,_16911_,generated_control,tier0,tier1,2.735618,0.856157,0.968962
1,591,_16214_,generated_control,tier0,tier1,8.372942,0.856378,0.968702
1,592,_16706_,generated_control,tier0,tier1,14.320132,0.856599,0.968443
1,593,_530_,generated_control,tier0,tier1,3.545539,0.856820,0.968184
1,594,_19605_,generated_control,tier0,tier1,1.621228,0.857041,0.967925
1,595,_16620_,generated_control,tier0,tier1,7.410905,0.857262,0.967665
1,596,_18611_,generated_control,tier0,tier1,15.679583,0.857483,0.967406
1,597,_16670_,generated_control,tier0,tier1,15.680862,0.857704,0.967148
1,598,_24286_,generated_control,tier0,tier1,14.901593,0.857925,0.966889
1,599,_461_,generated_control,tier0,tier1,7.694450,0.858147,0.966630
1,600,_17772_,generated_control,tier0,tier1,21.022677,0.858368,0.966371
1,601,_24705_,generated_control,tier0,tier1,1.754865,0.858589,0.966112
1,602,_16088_,generated_control,tier0,tier1,7.218396,0.858811,0.965854
1,603,_22758_,generated_control,tier0,tier1,2.575534,0.859032,0.965595
1,604,_15654_,generated_control,tier0,tier1,11.396368,0.859254,0.965337
1,605,_16367_,generated_control,tier0,tier1,6.643256,0.859476,0.965078
1,606,_22900_,generated_control,tier0,tier1,7.178935,0.859697,0.964820
1,607,_18892_,generated_control,tier0,tier1,10.267712,0.859919,0.964562
1,608,_16487_,generated_control,tier0,tier1,15.886922,0.860141,0.964304
1,609,_14225_,generated_control,tier0,tier1,8.108520,0.860363,0.964045
1,610,_16265_,generated_control,tier0,tier1,9.959418,0.860584,0.963787
1,611,_16653_,generated_control,tier0,tier1,18.570839,0.860806,0.963529
1,612,_17838_,generated_control,tier0,tier1,26.297528,0.861028,0.963271
1,613,_24605_,generated_control,tier0,tier1,14.127174,0.861250,0.963014
1,614,_17563_,generated_control,tier0,tier1,20.597443,0.861472,0.962756
1,615,_15715_,generated_control,tier0,tier1,8.924454,0.861695,0.962498
1,616,_24813_,generated_control,tier0,tier1,18.093550,0.861917,0.962240
1,617,_17835_,generated_control,tier0,tier1,34.111057,0.862139,0.961983
1,618,_16062_,generated_control,tier0,tier1,15.660987,0.862361,0.961725
1,619,_17680_,generated_control,tier0,tier1,18.798686,0.862584,0.961468
1,620,_17954_,generated_control,tier0,tier1,7.361135,0.862806,0.961210
1,621,_17923_,generated_control,tier0,tier1,29.939738,0.863028,0.960953
1,622,_13848_,generated_control,tier0,tier1,0.403071,0.863251,0.960696
1,623,_22976_,generated_control,tier0,tier1,4.680637,0.863473,0.960439
1,624,_19504_,generated_control,tier0,tier1,6.580610,0.863696,0.960182
1,625,_19986_,generated_control,tier0,tier1,6.258134,0.863919,0.959924
1,626,_17194_,generated_control,tier0,tier1,5.083614,0.864141,0.959667
1,627,_18639_,generated_control,tier0,tier1,11.336913,0.864364,0.959411
1,628,_15713_,generated_control,tier0,tier1,8.364153,0.864587,0.959154
1,629,_19725_,generated_control,tier0,tier1,12.459456,0.864810,0.958897
1,630,_19793_,generated_control,tier0,tier1,12.490235,0.865033,0.958640
1,631,_19826_,generated_control,tier0,tier1,12.400837,0.865256,0.958384
1,632,_19905_,generated_control,tier0,tier1,12.550521,0.865479,0.958127
1,633,_19929_,generated_control,tier0,tier1,12.465601,0.865702,0.957870
1,634,_19965_,generated_control,tier0,tier1,12.600114,0.865925,0.957614
1,635,_15038_,generated_control,tier0,tier1,15.997082,0.866148,0.957358
1,636,_14972_,generated_control,tier0,tier1,5.097751,0.866372,0.957101
1,637,_15008_,generated_control,tier0,tier1,12.247108,0.866595,0.956845
1,638,_16919_,generated_control,tier0,tier1,12.549003,0.866818,0.956589
1,639,_16920_,generated_control,tier0,tier1,22.652244,0.867042,0.956333
1,640,_17388_,generated_control,tier0,tier1,4.646062,0.867265,0.956077
1,641,_17947_,generated_control,tier0,tier1,17.024058,0.867489,0.955821
1,642,_17895_,generated_control,tier0,tier1,39.191267,0.867712,0.955565
1,643,_17859_,generated_control,tier0,tier1,0.316576,0.867936,0.955309
1,644,_15570_,generated_control,tier0,tier1,11.615500,0.868160,0.955053
1,645,_19449_,generated_control,tier0,tier1,6.121085,0.868383,0.954798
1,646,_24115_,generated_control,tier0,tier1,14.840983,0.868607,0.954542
1,647,_24901_,generated_control,tier0,tier1,9.907590,0.868831,0.954286
1,648,_16830_,generated_control,tier0,tier1,10.825056,0.869055,0.954031
1,649,_16902_,generated_control,tier0,tier1,9.192623,0.869279,0.953775
1,650,_15037_,generated_control,tier0,tier1,22.960723,0.869503,0.953520
1,651,_14385_,generated_control,tier0,tier1,8.224878,0.869727,0.953265
1,652,_16669_,generated_control,tier0,tier1,25.584914,0.869951,0.953009
1,653,_16061_,generated_control,tier0,tier1,21.539537,0.870175,0.952754
1,654,_16240_,generated_control,tier0,tier1,14.021151,0.870399,0.952499
1,655,_18758_,generated_control,tier0,tier1,8.518426,0.870624,0.952244
1,656,_17802_,generated_control,tier0,tier1,36.629950,0.870848,0.951989
1,657,_13701_,generated_control,tier0,tier1,9.144272,0.871072,0.951734
1,658,_13737_,generated_control,tier0,tier1,9.176416,0.871297,0.951479
1,659,_24811_,generated_control,tier0,tier1,23.952756,0.871521,0.951225
1,660,_14615_,generated_control,tier0,tier1,1.941524,0.871746,0.950970
1,661,_16065_,generated_control,tier0,tier1,21.688607,0.871970,0.950715
1,662,_15101_,generated_control,tier0,tier1,9.829990,0.872195,0.950461
1,663,_20028_,generated_control,tier0,tier1,5.500066,0.872420,0.950206
1,664,_22281_,generated_control,tier0,tier1,17.175957,0.872644,0.949952
1,665,_16309_,generated_control,tier0,tier1,10.219206,0.872869,0.949697
1,666,_22297_,generated_control,tier0,tier1,13.906457,0.873094,0.949443
1,667,_15021_,generated_control,tier0,tier1,16.790708,0.873319,0.949189
1,668,_18033_,generated_control,tier0,tier1,16.089778,0.873544,0.948935
1,669,_19006_,generated_control,tier0,tier1,17.554907,0.873769,0.948681
1,670,_18039_,generated_control,tier0,tier1,9.943556,0.873994,0.948426
1,671,_16547_,generated_control,tier0,tier1,15.250544,0.874219,0.948172
1,672,_17618_,generated_control,tier0,tier1,21.074668,0.874444,0.947919
1,673,_16134_,generated_control,tier0,tier1,17.426174,0.874670,0.947665
1,674,_22447_,generated_control,tier0,tier1,3.819489,0.874895,0.947411
1,675,_25076_,generated_control,tier0,tier1,10.273748,0.875120,0.947157
1,676,_14486_,generated_control,tier0,tier1,16.533127,0.875346,0.946904
1,677,_19557_,generated_control,tier0,tier1,3.535634,0.875571,0.946650
1,678,_19627_,generated_control,tier0,tier1,3.554063,0.875797,0.946396
1,679,_16415_,generated_control,tier0,tier1,23.201704,0.876022,0.946143
1,680,_16489_,generated_control,tier0,tier1,23.156068,0.876248,0.945890
1,681,_16881_,generated_control,tier0,tier1,22.657311,0.876473,0.945636
1,682,_19339_,generated_control,tier0,tier1,20.044848,0.876699,0.945383
1,683,_16308_,generated_control,tier0,tier1,10.431216,0.876925,0.945130
1,684,_16407_,generated_control,tier0,tier1,14.725603,0.877151,0.944877
1,685,_16430_,generated_control,tier0,tier1,20.363101,0.877377,0.944624
1,686,_16030_,generated_control,tier0,tier1,19.255482,0.877603,0.944371
1,687,_15173_,generated_control,tier0,tier1,12.461403,0.877829,0.944118
1,688,_13551_,generated_control,tier0,tier1,9.380639,0.878055,0.943865
1,689,_13693_,generated_control,tier0,tier1,9.317159,0.878281,0.943612
1,690,_13729_,generated_control,tier0,tier1,9.280622,0.878507,0.943359
1,691,_13840_,generated_control,tier0,tier1,9.338159,0.878733,0.943107
1,692,_13904_,generated_control,tier0,tier1,9.396508,0.878959,0.942854
1,693,_13942_,generated_control,tier0,tier1,0.400091,0.879186,0.942602
1,694,_13980_,generated_control,tier0,tier1,9.376747,0.879412,0.942349
1,695,_14176_,generated_control,tier0,tier1,1.003110,0.879639,0.942097
1,696,_18675_,generated_control,tier0,tier1,9.599082,0.879865,0.941844
1,697,_18885_,generated_control,tier0,tier1,9.536122,0.880092,0.941592
1,698,_18984_,generated_control,tier0,tier1,9.566681,0.880318,0.941340
1,699,_19080_,generated_control,tier0,tier1,9.227809,0.880545,0.941088
1,700,_19137_,generated_control,tier0,tier1,9.312202,0.880772,0.940836
1,701,_19206_,generated_control,tier0,tier1,9.509322,0.880998,0.940584
1,702,_19253_,generated_control,tier0,tier1,9.466147,0.881225,0.940332
1,703,_19298_,generated_control,tier0,tier1,9.524430,0.881452,0.940080
1,704,_19418_,generated_control,tier0,tier1,9.529102,0.881679,0.939828
1,705,_19446_,generated_control,tier0,tier1,9.543355,0.881906,0.939576
1,706,_19540_,generated_control,tier0,tier1,9.429145,0.882133,0.939325
1,707,_19584_,generated_control,tier0,tier1,9.566576,0.882360,0.939073
1,708,_19662_,generated_control,tier0,tier1,9.524438,0.882587,0.938822
1,709,_19969_,generated_control,tier0,tier1,16.734025,0.882814,0.938570
1,710,_20076_,generated_control,tier0,tier1,9.491253,0.883042,0.938319
1,711,_22890_,generated_control,tier0,tier1,9.590962,0.883269,0.938067
1,712,_23852_,generated_control,tier0,tier1,9.421785,0.883496,0.937816
1,713,_24350_,generated_control,tier0,tier1,9.153153,0.883724,0.937565
1,714,_24875_,generated_control,tier0,tier1,9.319037,0.883951,0.937314
1,715,_15059_,generated_control,tier0,tier1,17.069270,0.884179,0.937063
1,716,_18835_,generated_control,tier0,tier1,16.076049,0.884406,0.936812
1,717,_19267_,generated_control,tier0,tier1,16.285978,0.884634,0.936561
1,718,_19456_,generated_control,tier0,tier1,16.004893,0.884862,0.936310
1,719,_16213_,generated_control,tier0,tier1,8.624246,0.885089,0.936059
1,720,_19527_,generated_control,tier0,tier1,15.316973,0.885317,0.935808
1,721,_15728_,generated_control,tier0,tier1,16.123883,0.885545,0.935557
1,722,_16628_,generated_control,tier0,tier1,21.440210,0.885773,0.935307
1,723,_19588_,generated_control,tier0,tier1,24.431443,0.886001,0.935056
1,724,_24702_,generated_control,tier0,tier1,24.448885,0.886229,0.934806
1,725,_16906_,generated_control,tier0,tier1,22.208879,0.886457,0.934555
1,726,_14233_,generated_control,tier0,tier1,17.593038,0.886685,0.934305
1,727,_15261_,generated_control,tier0,tier1,8.835718,0.886913,0.934055
1,728,_16501_,generated_control,tier0,tier1,21.624237,0.887142,0.933804
1,729,_16571_,generated_control,tier0,tier1,21.497386,0.887370,0.933554
1,730,_19073_,generated_control,tier0,tier1,1.685967,0.887598,0.933304
1,731,_14217_,generated_control,tier0,tier1,17.783328,0.887827,0.933054
1,732,_19680_,generated_control,tier0,tier1,16.392087,0.888055,0.932804
1,733,_14197_,generated_control,tier0,tier1,17.446644,0.888284,0.932554
1,734,_19084_,generated_control,tier0,tier1,17.715310,0.888512,0.932304
1,735,_19141_,generated_control,tier0,tier1,17.687724,0.888741,0.932054
1,736,_19544_,generated_control,tier0,tier1,17.714341,0.888970,0.931805
1,737,_19918_,generated_control,tier0,tier1,8.614681,0.889198,0.931555
1,738,_17295_,load_store,tier1,tier0,12.590203,0.888970,0.931755
1,739,_24651_,load_store,tier1,tier0,3.002802,0.888741,0.931954
1,740,_24892_,load_store,tier1,tier0,5.373103,0.888512,0.932154
1,741,_17142_,csr,tier0,tier1,0.353051,0.888741,0.931954
1,742,_24110_,decode_control,tier0,tier1,5.764171,0.888970,0.931755
1,743,_24109_,decode_control,tier0,tier1,5.510011,0.889198,0.931555
1,744,_398_,generated_datapath,tier1,tier0,0.911288,0.888970,0.931755
1,745,_467_,generated_datapath,tier1,tier0,4.901455,0.888741,0.931954
1,746,_465_,generated_datapath,tier1,tier0,3.148022,0.888512,0.932154
1,747,_475_,generated_datapath,tier1,tier0,5.061532,0.888284,0.932354
1,748,_476_,generated_datapath,tier1,tier0,5.042046,0.888055,0.932554
1,749,_489_,generated_datapath,tier1,tier0,5.016238,0.887827,0.932754
1,750,_15174_,generated_datapath,tier1,tier0,0.846830,0.887598,0.932954
1,751,_15194_,generated_datapath,tier1,tier0,0.848476,0.887370,0.933154
1,752,_15195_,generated_datapath,tier1,tier0,3.342530,0.887142,0.933354
1,753,_15287_,generated_datapath,tier1,tier0,0.917197,0.886913,0.933554
1,754,_15372_,generated_datapath,tier1,tier0,1.014829,0.886685,0.933754
1,755,_456_,generated_datapath,tier1,tier0,1.002932,0.886457,0.933954
1,756,_468_,generated_datapath,tier1,tier0,5.065007,0.886229,0.934155
1,757,_17491_,generated_datapath,tier1,tier0,1.284311,0.886001,0.934355
1,758,_15517_,generated_datapath,tier1,tier0,3.662049,0.885773,0.934555
1,759,_479_,generated_datapath,tier1,tier0,5.113677,0.885545,0.934756
1,760,_481_,generated_datapath,tier1,tier0,5.092546,0.885317,0.934956
1,761,_15958_,generated_datapath,tier1,tier0,3.818235,0.885089,0.935156
1,762,_16600_,generated_datapath,tier1,tier0,3.694489,0.884862,0.935357
1,763,_477_,generated_datapath,tier1,tier0,5.131947,0.884634,0.935557
1,764,_15217_,generated_datapath,tier1,tier0,3.631815,0.884406,0.935758
1,765,_15369_,generated_datapath,tier1,tier0,3.587846,0.884179,0.935959
1,766,_15553_,generated_datapath,tier1,tier0,3.593762,0.883951,0.936159
1,767,_15625_,generated_datapath,tier1,tier0,3.580158,0.883724,0.936360
1,768,_443_,generated_datapath,tier1,tier0,3.536928,0.883496,0.936561
1,769,_18707_,generated_datapath,tier1,tier0,9.844361,0.883269,0.936761
1,770,_15585_,generated_datapath,tier1,tier0,3.722878,0.883042,0.936962
1,771,_15709_,generated_datapath,tier1,tier0,3.763890,0.882814,0.937163
1,772,_15772_,generated_datapath,tier1,tier0,3.604889,0.882587,0.937364
1,773,_15788_,generated_datapath,tier1,tier0,3.833453,0.882360,0.937565
1,774,_15808_,generated_datapath,tier1,tier0,3.768551,0.882133,0.937766
1,775,_15835_,generated_datapath,tier1,tier0,3.714623,0.881906,0.937967
1,776,_15840_,generated_datapath,tier1,tier0,3.803865,0.881679,0.938168
1,777,_15846_,generated_datapath,tier1,tier0,3.772010,0.881452,0.938369
1,778,_15875_,generated_datapath,tier1,tier0,3.733144,0.881225,0.938570
1,779,_15892_,generated_datapath,tier1,tier0,3.792122,0.880998,0.938771
1,780,_15919_,generated_datapath,tier1,tier0,3.750302,0.880772,0.938972
1,781,_15936_,generated_datapath,tier1,tier0,3.581503,0.880545,0.939174
1,782,_15974_,generated_datapath,tier1,tier0,3.652131,0.880318,0.939375
1,783,_15979_,generated_datapath,tier1,tier0,3.762902,0.880092,0.939576
1,784,_16079_,generated_datapath,tier1,tier0,3.779637,0.879865,0.939778
1,785,_16195_,generated_datapath,tier1,tier0,3.809617,0.879639,0.939979
1,786,_16325_,generated_datapath,tier1,tier0,3.717837,0.879412,0.940181
1,787,_16510_,generated_datapath,tier1,tier0,3.740749,0.879186,0.940382
1,788,_16570_,generated_datapath,tier1,tier0,4.061757,0.878959,0.940584
1,789,_16748_,generated_datapath,tier1,tier0,3.757460,0.878733,0.940785
1,790,_16806_,generated_datapath,tier1,tier0,3.745079,0.878507,0.940987
1,791,_503_,generated_datapath,tier1,tier0,5.148884,0.878281,0.941189
1,792,_18781_,generated_datapath,tier1,tier0,16.492894,0.878055,0.941390
1,793,_24650_,generated_datapath,tier1,tier0,2.679284,0.877829,0.941592
1,794,_280_,generated_datapath,tier1,tier0,13.668781,0.877603,0.941794
1,795,_555_,generated_datapath,tier1,tier0,13.684961,0.877377,0.941996
1,796,_565_,generated_datapath,tier1,tier0,13.680966,0.877151,0.942198
1,797,_15390_,generated_datapath,tier1,tier0,5.377308,0.876925,0.942400
1,798,_24843_,generated_datapath,tier1,tier0,4.424437,0.876699,0.942602
1,799,_472_,generated_datapath,tier1,tier0,9.265812,0.876473,0.942804
1,800,_474_,generated_datapath,tier1,tier0,9.316517,0.876248,0.943006
1,801,_478_,generated_datapath,tier1,tier0,5.147837,0.876022,0.943208
1,802,_484_,generated_datapath,tier1,tier0,5.061000,0.875797,0.943410
1,803,_491_,generated_datapath,tier1,tier0,5.168243,0.875571,0.943612
1,804,_492_,generated_datapath,tier1,tier0,5.153101,0.875346,0.943814
1,805,_494_,generated_datapath,tier1,tier0,5.165661,0.875120,0.944017
1,806,_393_,generated_datapath,tier1,tier0,3.665065,0.874895,0.944219
1,807,_406_,generated_datapath,tier1,tier0,3.665090,0.874670,0.944421
1,808,_604_,generated_datapath,tier1,tier0,3.665114,0.874444,0.944624
1,809,_18706_,generated_datapath,tier1,tier0,15.526926,0.874219,0.944826
1,810,_418_,generated_datapath,tier1,tier0,13.759242,0.873994,0.945029
1,811,_24141_,generated_datapath,tier1,tier0,4.474118,0.873769,0.945231
1,812,_24158_,generated_datapath,tier1,tier0,9.186787,0.873544,0.945434
1,813,_24163_,generated_datapath,tier1,tier0,4.375948,0.873319,0.945636
1,814,_24173_,generated_datapath,tier1,tier0,9.206837,0.873094,0.945839
1,815,_24180_,generated_datapath,tier1,tier0,4.415796,0.872869,0.946042
1,816,_24190_,generated_datapath,tier1,tier0,9.073117,0.872644,0.946244
1,817,_24195_,generated_datapath,tier1,tier0,4.421579,0.872420,0.946447
1,818,_24206_,generated_datapath,tier1,tier0,9.203759,0.872195,0.946650
1,819,_24211_,generated_datapath,tier1,tier0,4.580065,0.871970,0.946853
1,820,_24223_,generated_datapath,tier1,tier0,9.226898,0.871746,0.947056
1,821,_24252_,generated_datapath,tier1,tier0,4.518052,0.871521,0.947259
1,822,_24266_,generated_datapath,tier1,tier0,9.369763,0.871297,0.947462
1,823,_24272_,generated_datapath,tier1,tier0,4.490330,0.871072,0.947665
1,824,_480_,generated_datapath,tier1,tier0,5.148842,0.870848,0.947868
1,825,_490_,generated_datapath,tier1,tier0,5.186157,0.870624,0.948071
1,826,_496_,generated_datapath,tier1,tier0,5.069137,0.870399,0.948274
1,827,_17492_,generated_datapath,tier1,tier0,16.231568,0.870175,0.948477
1,828,_18760_,generated_datapath,tier1,tier0,4.368304,0.869951,0.948681
1,829,_15314_,generated_datapath,tier1,tier0,3.501489,0.869727,0.948884
1,830,_15335_,generated_datapath,tier1,tier0,3.880738,0.869503,0.949087
1,831,_291_,generated_datapath,tier1,tier0,3.638909,0.869279,0.949290
1,832,_324_,generated_datapath,tier1,tier0,7.925281,0.869055,0.949494
1,833,_358_,generated_datapath,tier1,tier0,7.910371,0.868831,0.949697
1,834,_370_,generated_datapath,tier1,tier0,7.903351,0.868607,0.949901
1,835,_382_,generated_datapath,tier1,tier0,7.917031,0.868383,0.950104
1,836,_583_,generated_datapath,tier1,tier0,7.895731,0.868160,0.950308
1,837,_24324_,generated_datapath,tier1,tier0,5.094940,0.867936,0.950512
1,838,_18694_,generated_datapath,tier1,tier0,11.928160,0.867712,0.950715
1,839,_302_,generated_datapath,tier1,tier0,7.877332,0.867489,0.950919
1,840,_313_,generated_datapath,tier1,tier0,7.877357,0.867265,0.951123
1,841,_336_,generated_datapath,tier1,tier0,7.863726,0.867042,0.951327
1,842,_546_,generated_datapath,tier1,tier0,13.794724,0.866818,0.951530
1,843,_624_,generated_datapath,tier1,tier0,7.866475,0.866595,0.951734
1,844,_648_,generated_datapath,tier1,tier0,7.852844,0.866372,0.951938
1,845,_18724_,generated_datapath,tier1,tier0,10.153722,0.866148,0.952142
1,846,_16777_,generated_datapath,tier1,tier0,3.894139,0.865925,0.952346
1,847,_18725_,generated_datapath,tier1,tier0,14.666605,0.865702,0.952550
1,848,_15370_,generated_datapath,tier1,tier0,3.799717,0.865479,0.952754
1,849,_15554_,generated_datapath,tier1,tier0,3.889369,0.865256,0.952958
1,850,_15681_,generated_datapath,tier1,tier0,3.815787,0.865033,0.953163
1,851,_15743_,generated_datapath,tier1,tier0,3.856160,0.864810,0.953367
1,852,_16150_,generated_datapath,tier1,tier0,3.840609,0.864587,0.953571
1,853,_528_,generated_datapath,tier1,tier0,13.786293,0.864364,0.953775
1,854,_537_,generated_datapath,tier1,tier0,13.795897,0.864141,0.953980
1,855,_18424_,generated_datapath,tier1,tier0,13.052305,0.863919,0.954184
1,856,_18449_,generated_datapath,tier1,tier0,12.869618,0.863696,0.954389
1,857,_24152_,generated_datapath,tier1,tier0,4.474964,0.863473,0.954593
1,858,_24185_,generated_datapath,tier1,tier0,4.365445,0.863251,0.954798
1,859,_24201_,generated_datapath,tier1,tier0,4.428226,0.863028,0.955002
1,860,_24216_,generated_datapath,tier1,tier0,3.751033,0.862806,0.955207
1,861,_24239_,generated_datapath,tier1,tier0,4.571164,0.862584,0.955411
1,862,_24258_,generated_datapath,tier1,tier0,4.547765,0.862361,0.955616
1,863,_24278_,generated_datapath,tier1,tier0,0.232307,0.862139,0.955821
1,864,_15402_,generated_datapath,tier1,tier0,8.375624,0.861917,0.956026
1,865,_15668_,generated_datapath,tier1,tier0,8.378212,0.861695,0.956230
1,866,_497_,generated_datapath,tier1,tier0,5.075036,0.861472,0.956435
1,867,_500_,generated_datapath,tier1,tier0,5.233662,0.861250,0.956640
1,868,_347_,generated_datapath,tier1,tier0,8.151170,0.861028,0.956845
1,869,_574_,generated_datapath,tier1,tier0,8.151194,0.860806,0.957050
1,870,_18064_,generated_datapath,tier1,tier0,4.538364,0.860584,0.957255
1,871,_17541_,generated_datapath,tier1,tier0,4.298704,0.860363,0.957460
1,872,_18213_,generated_datapath,tier1,tier0,4.574558,0.860141,0.957665
1,873,_18388_,generated_datapath,tier1,tier0,13.130187,0.859919,0.957870
1,874,_18392_,generated_datapath,tier1,tier0,8.796602,0.859697,0.958076
1,875,_501_,generated_datapath,tier1,tier0,5.191619,0.859476,0.958281
1,876,_18086_,generated_datapath,tier1,tier0,4.376288,0.859254,0.958486
1,877,_18106_,generated_datapath,tier1,tier0,4.443148,0.859032,0.958692
1,878,_18132_,generated_datapath,tier1,tier0,4.499919,0.858811,0.958897
1,879,_18148_,generated_datapath,tier1,tier0,4.361646,0.858589,0.959102
1,880,_18165_,generated_datapath,tier1,tier0,4.341546,0.858368,0.959308
1,881,_18188_,generated_datapath,tier1,tier0,4.326661,0.858147,0.959513
1,882,_18238_,generated_datapath,tier1,tier0,4.589680,0.857925,0.959719
1,883,_18264_,generated_datapath,tier1,tier0,4.416384,0.857704,0.959924
1,884,_18289_,generated_datapath,tier1,tier0,4.453469,0.857483,0.960130
1,885,_18313_,generated_datapath,tier1,tier0,4.345136,0.857262,0.960336
1,886,_24231_,generated_datapath,tier1,tier0,4.775906,0.857041,0.960542
1,887,_502_,generated_datapath,tier1,tier0,5.160777,0.856820,0.960747
1,888,_18115_,generated_datapath,tier1,tier0,9.283982,0.856599,0.960953
1,889,_18172_,generated_datapath,tier1,tier0,9.278208,0.856378,0.961159
1,890,_18221_,generated_datapath,tier1,tier0,9.243275,0.856157,0.961365
1,891,_18246_,generated_datapath,tier1,tier0,9.345460,0.855936,0.961571
1,892,_18272_,generated_datapath,tier1,tier0,9.343977,0.855715,0.961777
1,893,_593_,generated_datapath,tier1,tier0,8.062488,0.855495,0.961983
1,894,_22569_,generated_datapath,tier1,tier0,14.139083,0.855274,0.962189
1,895,_17103_,generated_datapath,tier1,tier0,13.542693,0.855054,0.962395
1,896,_614_,generated_datapath,tier1,tier0,8.039706,0.854833,0.962601
1,897,_636_,generated_datapath,tier1,tier0,8.018788,0.854612,0.962807
1,898,_18297_,generated_datapath,tier1,tier0,4.426425,0.854392,0.963014
1,899,_18098_,generated_datapath,tier1,tier0,4.400866,0.854172,0.963220
1,900,_18122_,generated_datapath,tier1,tier0,4.329953,0.853951,0.963426
1,901,_18141_,generated_datapath,tier1,tier0,4.482539,0.853731,0.963633
1,902,_18180_,generated_datapath,tier1,tier0,4.277102,0.853511,0.963839
1,903,_18205_,generated_datapath,tier1,tier0,4.262857,0.853291,0.964045
1,904,_18229_,generated_datapath,tier1,tier0,4.406762,0.853070,0.964252
1,905,_18255_,generated_datapath,tier1,tier0,4.398070,0.852850,0.964458
1,906,_18281_,generated_datapath,tier1,tier0,4.433718,0.852630,0.964665
1,907,_18305_,generated_datapath,tier1,tier0,4.332410,0.852410,0.964872
1,908,_24168_,generated_datapath,tier1,tier0,4.542567,0.852190,0.965078
1,909,_506_,generated_datapath,tier1,tier0,14.043002,0.851971,0.965285
1,910,_18381_,generated_datapath,tier1,tier0,13.119578,0.851751,0.965492
1,911,_18396_,generated_datapath,tier1,tier0,13.061617,0.851531,0.965699
1,912,_18158_,generated_datapath,tier1,tier0,13.581730,0.851311,0.965906
1,913,_18196_,generated_datapath,tier1,tier0,18.448511,0.851092,0.966112
1,914,_18404_,generated_datapath,tier1,tier0,12.861993,0.850872,0.966319
1,915,_18473_,generated_datapath,tier1,tier0,12.924599,0.850652,0.966526
1,916,_18385_,generated_datapath,tier1,tier0,13.307846,0.850433,0.966733
1,917,_18407_,generated_datapath,tier1,tier0,13.097376,0.850213,0.966940
1,918,_18458_,generated_datapath,tier1,tier0,13.016493,0.849994,0.967148
1,919,_18465_,generated_datapath,tier1,tier0,12.921853,0.849775,0.967355
1,920,_18432_,generated_datapath,tier1,tier0,13.316549,0.849555,0.967562
1,921,_18400_,generated_datapath,tier1,tier0,13.241584,0.849336,0.967769
1,922,_18469_,generated_datapath,tier1,tier0,13.127645,0.849117,0.967976
1,923,_14992_,generated_datapath,tier1,tier0,8.160211,0.848898,0.968184
1,924,_14996_,generated_datapath,tier1,tier0,13.220758,0.848679,0.968391
1,925,_15248_,generated_datapath,tier1,tier0,13.020118,0.848460,0.968599
1,926,_18411_,generated_datapath,tier1,tier0,13.259708,0.848241,0.968806
1,927,_18414_,generated_datapath,tier1,tier0,13.367032,0.848022,0.969013
1,928,_18461_,generated_datapath,tier1,tier0,13.328870,0.847803,0.969221
1,929,_18478_,generated_datapath,tier1,tier0,13.192419,0.847584,0.969429
1,930,_18482_,generated_datapath,tier1,tier0,13.193779,0.847365,0.969636
1,931,_24789_,generated_datapath,tier1,tier0,9.012604,0.847147,0.969844
1,932,_18436_,generated_datapath,tier1,tier0,13.398891,0.846928,0.970052
1,933,_18416_,generated_datapath,tier1,tier0,13.631698,0.846709,0.970259
1,934,_498_,generated_datapath,tier1,tier0,14.002288,0.846491,0.970467
1,935,_15019_,generated_datapath,tier1,tier0,8.358873,0.846272,0.970675
1,936,_487_,generated_datapath,tier1,tier0,20.024364,0.846054,0.970883
1,937,_16546_,generated_control,tier0,tier1,2.108220,0.846272,0.970675
1,938,_24063_,generated_control,tier0,tier1,4.211741,0.846491,0.970467
1,939,_17555_,generated_control,tier0,tier1,10.265102,0.846709,0.970259
1,940,_24033_,generated_control,tier0,tier1,4.409164,0.846928,0.970052
1,941,_24039_,generated_control,tier0,tier1,4.325142,0.847147,0.969844
1,942,_24043_,generated_control,tier0,tier1,4.293424,0.847365,0.969636
1,943,_24047_,generated_control,tier0,tier1,4.370036,0.847584,0.969429
1,944,_24056_,generated_control,tier0,tier1,4.344064,0.847803,0.969221
1,945,_24066_,generated_control,tier0,tier1,4.345125,0.848022,0.969013
1,946,_24074_,generated_control,tier0,tier1,4.396021,0.848241,0.968806
1,947,_17477_,generated_control,tier0,tier1,3.280334,0.848460,0.968599
1,948,_16791_,generated_control,tier0,tier1,1.989841,0.848679,0.968391
1,949,_23902_,generated_control,tier0,tier1,3.587046,0.848898,0.968184
1,950,_23916_,generated_control,tier0,tier1,3.658671,0.849117,0.967976
1,951,_23925_,generated_control,tier0,tier1,3.613973,0.849336,0.967769
1,952,_23935_,generated_control,tier0,tier1,3.617503,0.849555,0.967562
1,953,_23949_,generated_control,tier0,tier1,3.629555,0.849775,0.967355
1,954,_23953_,generated_control,tier0,tier1,3.592290,0.849994,0.967148
1,955,_23994_,generated_control,tier0,tier1,3.659462,0.850213,0.966940
1,956,_24005_,generated_control,tier0,tier1,9.606598,0.850433,0.966733
1,957,_24019_,generated_control,tier0,tier1,2.978818,0.850652,0.966526
1,958,_18526_,generated_control,tier0,tier1,14.835823,0.850872,0.966319
1,959,_24229_,generated_control,tier0,tier1,3.579805,0.851092,0.966112
1,960,_24244_,generated_control,tier0,tier1,3.526128,0.851311,0.965906
1,961,_17552_,generated_control,tier0,tier1,27.631516,0.851531,0.965699
1,962,_21935_,generated_control,tier0,tier1,3.929177,0.851751,0.965492
1,963,_16808_,generated_control,tier0,tier1,0.083749,0.851971,0.965285
1,964,_17963_,generated_control,tier0,tier1,0.076975,0.852190,0.965078
1,965,_17318_,generated_control,tier0,tier1,20.187278,0.852410,0.964872
1,966,_18581_,generated_control,tier0,tier1,6.407804,0.852630,0.964665
1,967,_22648_,generated_control,tier0,tier1,1.664161,0.852850,0.964458
1,968,_24079_,generated_control,tier0,tier1,6.194674,0.853070,0.964252
1,969,_24082_,generated_control,tier0,tier1,6.316388,0.853291,0.964045
1,970,_24096_,generated_control,tier0,tier1,6.158122,0.853511,0.963839
1,971,_17559_,generated_control,tier0,tier1,12.546559,0.853731,0.963633
1,972,_16778_,generated_control,tier0,tier1,3.228813,0.853951,0.963426
1,973,_15028_,generated_control,tier0,tier1,1.929181,0.854172,0.963220
1,974,_17481_,generated_control,tier0,tier1,15.812550,0.854392,0.963014
1,975,_15415_,generated_control,tier0,tier1,2.586730,0.854612,0.962807
1,976,_15544_,generated_control,tier0,tier1,2.608748,0.854833,0.962601
1,977,_22786_,generated_control,tier0,tier1,0.596803,0.855054,0.962395
1,978,_22639_,generated_control,tier0,tier1,1.851229,0.855274,0.962189
1,979,_22686_,generated_control,tier0,tier1,1.945037,0.855495,0.961983
1,980,_22695_,generated_control,tier0,tier1,1.917997,0.855715,0.961777
1,981,_19774_,generated_control,tier0,tier1,3.932598,0.855936,0.961571
1,982,_16256_,generated_control,tier0,tier1,3.190072,0.856157,0.961365
1,983,_15275_,generated_control,tier0,tier1,2.951492,0.856378,0.961159
1,984,_15359_,generated_control,tier0,tier1,2.013701,0.856599,0.960953
1,985,_17373_,generated_control,tier0,tier1,1.953873,0.856820,0.960747
1,986,_15227_,generated_control,tier0,tier1,2.248076,0.857041,0.960542
1,987,_19558_,generated_control,tier0,tier1,1.053428,0.857262,0.960336
1,988,_19009_,generated_control,tier0,tier1,1.031126,0.857483,0.960130
1,989,_16484_,generated_control,tier0,tier1,0.873580,0.857704,0.959924
1,990,_15779_,generated_control,tier0,tier1,2.959329,0.857925,0.959719
1,991,_23906_,generated_control,tier0,tier1,2.322098,0.858147,0.959513
1,992,_15076_,generated_control,tier0,tier1,8.612569,0.858368,0.959308
1,993,_16014_,generated_control,tier0,tier1,3.467393,0.858589,0.959102
1,994,_16182_,generated_control,tier0,tier1,2.959357,0.858811,0.958897
1,995,_16399_,generated_control,tier0,tier1,3.122619,0.859032,0.958692
1,996,_18720_,generated_control,tier0,tier1,1.036318,0.859254,0.958486
1,997,_17412_,generated_control,tier0,tier1,6.807724,0.859476,0.958281
1,998,_17762_,generated_control,tier0,tier1,4.373060,0.859697,0.958076
1,999,_15521_,generated_control,tier0,tier1,3.792222,0.859919,0.957870
1,1000,_16897_,generated_control,tier0,tier1,0.079105,0.860141,0.957665
1,1001,_23354_,generated_control,tier0,tier1,1.329232,0.860363,0.957460
1,1002,_23391_,generated_control,tier0,tier1,1.459746,0.860584,0.957255
1,1003,_24703_,generated_control,tier0,tier1,8.593739,0.860806,0.957050
1,1004,_14961_,generated_control,tier0,tier1,2.755056,0.861028,0.956845
1,1005,_16355_,generated_control,tier0,tier1,12.669358,0.861250,0.956640
1,1006,_18996_,generated_control,tier0,tier1,3.743771,0.861472,0.956435
1,1007,_22908_,generated_control,tier0,tier1,7.322538,0.861695,0.956230
1,1008,_22649_,generated_control,tier0,tier1,1.850038,0.861917,0.956026
1,1009,_22734_,generated_control,tier0,tier1,10.148043,0.862139,0.955821
1,1010,_24606_,generated_control,tier0,tier1,2.055491,0.862361,0.955616
1,1011,_23929_,generated_control,tier0,tier1,3.890080,0.862584,0.955411
1,1012,_23939_,generated_control,tier0,tier1,3.895547,0.862806,0.955207
1,1013,_23957_,generated_control,tier0,tier1,3.935376,0.863028,0.955002
1,1014,_23967_,generated_control,tier0,tier1,4.016397,0.863251,0.954798
1,1015,_24952_,generated_control,tier0,tier1,0.363094,0.863473,0.954593
1,1016,_16717_,generated_control,tier0,tier1,3.354524,0.863696,0.954389
1,1017,_15068_,generated_control,tier0,tier1,3.526953,0.863919,0.954184
1,1018,_17084_,generated_control,tier0,tier1,5.615156,0.864141,0.953980
1,1019,_19554_,generated_control,tier0,tier1,1.423170,0.864364,0.953775
1,1020,_19371_,generated_control,tier0,tier1,3.180585,0.864587,0.953571
1,1021,_16979_,generated_control,tier0,tier1,1.367443,0.864810,0.953367
1,1022,_16701_,generated_control,tier0,tier1,3.134317,0.865033,0.953163
1,1023,_24931_,generated_control,tier0,tier1,0.388576,0.865256,0.952958
1,1024,_24955_,generated_control,tier0,tier1,14.093944,0.865479,0.952754
1,1025,_24971_,generated_control,tier0,tier1,10.607542,0.865702,0.952550
1,1026,_24981_,generated_control,tier0,tier1,10.599731,0.865925,0.952346
1,1027,_24994_,generated_control,tier0,tier1,10.561188,0.866148,0.952142
1,1028,_24998_,generated_control,tier0,tier1,14.094068,0.866372,0.951938
1,1029,_15855_,generated_control,tier0,tier1,3.012596,0.866595,0.951734
1,1030,_16635_,generated_control,tier0,tier1,3.048861,0.866818,0.951530
1,1031,_14383_,generated_control,tier0,tier1,3.857168,0.867042,0.951327
1,1032,_18623_,generated_control,tier0,tier1,2.483132,0.867265,0.951123
1,1033,_17587_,generated_control,tier0,tier1,0.561707,0.867489,0.950919
1,1034,_17916_,generated_control,tier0,tier1,4.528310,0.867712,0.950715
1,1035,_23350_,generated_control,tier0,tier1,1.446781,0.867936,0.950512
1,1036,_23359_,generated_control,tier0,tier1,1.489700,0.868160,0.950308
1,1037,_23387_,generated_control,tier0,tier1,1.585647,0.868383,0.950104
1,1038,_23412_,generated_control,tier0,tier1,1.565479,0.868607,0.949901
1,1039,_23416_,generated_control,tier0,tier1,1.616803,0.868831,0.949697
1,1040,_23469_,generated_control,tier0,tier1,1.587057,0.869055,0.949494
1,1041,_18626_,generated_control,tier0,tier1,0.357096,0.869279,0.949290
1,1042,_400_,generated_control,tier0,tier1,0.230275,0.869503,0.949087
1,1043,_15794_,generated_control,tier0,tier1,12.233198,0.869727,0.948884
1,1044,_18840_,generated_control,tier0,tier1,9.506308,0.869951,0.948681
1,1045,_19019_,generated_control,tier0,tier1,15.059403,0.870175,0.948477
1,1046,_16540_,generated_control,tier0,tier1,8.470198,0.870399,0.948274
1,1047,_17344_,generated_control,tier0,tier1,4.615400,0.870624,0.948071
1,1048,_16344_,generated_control,tier0,tier1,0.027037,0.870848,0.947868
1,1049,_16207_,generated_control,tier0,tier1,8.805879,0.871072,0.947665
1,1050,_16725_,generated_control,tier0,tier1,3.716491,0.871297,0.947462
1,1051,_17309_,generated_control,tier0,tier1,7.894113,0.871521,0.947259
1,1052,_16655_,generated_control,tier0,tier1,1.240742,0.871746,0.947056
1,1053,_16723_,generated_control,tier0,tier1,2.580792,0.871970,0.946853
1,1054,_16984_,generated_control,tier0,tier1,5.735901,0.872195,0.946650
1,1055,_16366_,generated_control,tier0,tier1,5.037705,0.872420,0.946447
1,1056,_24927_,generated_control,tier0,tier1,14.154693,0.872644,0.946244
1,1057,_24938_,generated_control,tier0,tier1,14.141733,0.872869,0.946042
1,1058,_19342_,generated_control,tier0,tier1,1.040667,0.873094,0.945839
1,1059,_16826_,generated_control,tier0,tier1,5.552368,0.873319,0.945636
1,1060,_19344_,generated_control,tier0,tier1,8.185882,0.873544,0.945434
1,1061,_18944_,generated_control,tier0,tier1,12.464263,0.873769,0.945231
1,1062,_16895_,generated_control,tier0,tier1,15.298390,0.873994,0.945029
1,1063,_17322_,generated_control,tier0,tier1,9.132400,0.874219,0.944826
1,1064,_17593_,generated_control,tier0,tier1,0.582712,0.874444,0.944624
1,1065,_18613_,generated_control,tier0,tier1,4.103652,0.874670,0.944421
1,1066,_24518_,generated_control,tier0,tier1,8.335121,0.874895,0.944219
1,1067,_24528_,generated_control,tier0,tier1,8.357553,0.875120,0.944017
1,1068,_24542_,generated_control,tier0,tier1,8.423417,0.875346,0.943814
1,1069,_22080_,generated_control,tier0,tier1,0.433994,0.875571,0.943612
1,1070,_22149_,generated_control,tier0,tier1,11.943660,0.875797,0.943410
1,1071,_17560_,generated_control,tier0,tier1,29.577547,0.876022,0.943208
1,1072,_16606_,generated_control,tier0,tier1,0.538451,0.876248,0.943006
1,1073,_16607_,generated_control,tier0,tier1,11.778255,0.876473,0.942804
1,1074,_16823_,generated_control,tier0,tier1,5.804443,0.876699,0.942602
1,1075,_16859_,generated_control,tier0,tier1,5.086783,0.876925,0.942400
1,1076,_18889_,generated_control,tier0,tier1,0.417727,0.877151,0.942198
1,1077,_14235_,generated_control,tier0,tier1,5.067683,0.877377,0.941996
1,1078,_19517_,generated_control,tier0,tier1,14.320841,0.877603,0.941794
1,1079,_24504_,generated_control,tier0,tier1,3.739787,0.877829,0.941592
1,1080,_24507_,generated_control,tier0,tier1,5.216730,0.878055,0.941390
1,1081,_24510_,generated_control,tier0,tier1,5.209462,0.878281,0.941189
1,1082,_17107_,generated_control,tier0,tier1,2.815181,0.878507,0.940987
1,1083,_17580_,generated_control,tier0,tier1,2.940030,0.878733,0.940785
1,1084,_14239_,generated_control,tier0,tier1,3.686559,0.878959,0.940584
1,1085,_16553_,generated_control,tier0,tier1,4.729070,0.879186,0.940382
1,1086,_24911_,generated_control,tier0,tier1,3.012690,0.879412,0.940181
1,1087,_23317_,generated_control,tier0,tier1,0.594165,0.879639,0.939979
1,1088,_23457_,generated_control,tier0,tier1,1.203250,0.879865,0.939778
1,1089,_16867_,generated_control,tier0,tier1,1.072373,0.880092,0.939576
1,1090,_17232_,generated_control,tier0,tier1,2.021822,0.880318,0.939375
1,1091,_22038_,generated_control,tier0,tier1,10.986662,0.880545,0.939174
1,1092,_22042_,generated_control,tier0,tier1,5.062715,0.880772,0.938972
1,1093,_22046_,generated_control,tier0,tier1,10.959262,0.880998,0.938771
1,1094,_22084_,generated_control,tier0,tier1,10.984066,0.881225,0.938570
1,1095,_22444_,generated_control,tier0,tier1,9.464588,0.881452,0.938369
1,1096,_19482_,generated_control,tier0,tier1,15.167403,0.881679,0.938168
1,1097,_19522_,generated_control,tier0,tier1,15.246916,0.881906,0.937967
1,1098,_16758_,generated_control,tier0,tier1,0.640588,0.882133,0.937766
1,1099,_18032_,generated_control,tier0,tier1,1.818438,0.882360,0.937565
1,1100,_16822_,generated_control,tier0,tier1,4.041424,0.882587,0.937364
1,1101,_16555_,generated_control,tier0,tier1,14.047613,0.882814,0.937163
1,1102,_14149_,generated_control,tier0,tier1,4.411889,0.883042,0.936962
1,1103,_15010_,generated_control,tier0,tier1,7.839847,0.883269,0.936761
1,1104,_15660_,generated_control,tier0,tier1,12.670815,0.883496,0.936561
1,1105,_16470_,generated_control,tier0,tier1,3.660664,0.883724,0.936360
1,1106,_16552_,generated_control,tier0,tier1,12.538106,0.883951,0.936159
1,1107,_16556_,generated_control,tier0,tier1,12.477462,0.884179,0.935959
1,1108,_16616_,generated_control,tier0,tier1,12.741135,0.884406,0.935758
1,1109,_16627_,generated_control,tier0,tier1,4.533126,0.884634,0.935557
1,1110,_17088_,generated_control,tier0,tier1,3.817876,0.884862,0.935357
1,1111,_18619_,generated_control,tier0,tier1,3.915933,0.885089,0.935156
1,1112,_19173_,generated_control,tier0,tier1,14.685450,0.885317,0.934956
1,1113,_22059_,generated_control,tier0,tier1,11.027058,0.885545,0.934756
1,1114,_22067_,generated_control,tier0,tier1,11.045492,0.885773,0.934555
1,1115,_22071_,generated_control,tier0,tier1,11.041809,0.886001,0.934355
1,1116,_22088_,generated_control,tier0,tier1,11.049074,0.886229,0.934155
1,1117,_22145_,generated_control,tier0,tier1,11.017672,0.886457,0.933954
1,1118,_22595_,generated_control,tier0,tier1,2.612808,0.886685,0.933754
1,1119,_23123_,generated_control,tier0,tier1,2.455143,0.886913,0.933554
1,1120,_23474_,generated_control,tier0,tier1,0.484345,0.887142,0.933354
1,1121,_23526_,generated_control,tier0,tier1,0.013037,0.887370,0.933154
1,1122,_23569_,generated_control,tier0,tier1,14.372674,0.887598,0.932954
1,1123,_24470_,generated_control,tier0,tier1,8.397732,0.887827,0.932754
1,1124,_24473_,generated_control,tier0,tier1,8.401722,0.888055,0.932554
1,1125,_24515_,generated_control,tier0,tier1,8.247804,0.888284,0.932354
1,1126,_24522_,generated_control,tier0,tier1,8.410894,0.888512,0.932154
1,1127,_24525_,generated_control,tier0,tier1,8.352927,0.888741,0.931954
1,1128,_24532_,generated_control,tier0,tier1,8.373770,0.888970,0.931755
1,1129,_24535_,generated_control,tier0,tier1,8.396073,0.889198,0.931555
1,1130,_24539_,generated_control,tier0,tier1,8.392422,0.889427,0.931355
1,1131,_24548_,generated_control,tier0,tier1,8.429389,0.889656,0.931156
1,1132,_24551_,generated_control,tier0,tier1,8.385746,0.889885,0.930956
1,1133,_24554_,generated_control,tier0,tier1,8.390337,0.890114,0.930757
1,1134,_24557_,generated_control,tier0,tier1,8.348361,0.890343,0.930557
1,1135,_24566_,generated_control,tier0,tier1,8.429283,0.890572,0.930358
1,1136,_24855_,generated_control,tier0,tier1,8.400412,0.890801,0.930158
1,1137,_21832_,generated_control,tier0,tier1,1.021608,0.891030,0.929959
1,1138,_18825_,generated_control,tier0,tier1,3.050479,0.891260,0.929759
1,1139,_16757_,generated_control,tier0,tier1,13.008564,0.891489,0.929560
1,1140,_24909_,generated_control,tier0,tier1,22.563317,0.891718,0.929361
1,1141,_18317_,generated_control,tier0,tier1,1.497936,0.891948,0.929162
1,1142,_24769_,generated_control,tier0,tier1,0.243519,0.892177,0.928962
1,1143,_22130_,generated_control,tier0,tier1,3.794161,0.892407,0.928763
1,1144,_22097_,generated_control,tier0,tier1,15.562133,0.892636,0.928564
1,1145,_22050_,generated_control,tier0,tier1,15.497861,0.892866,0.928365
1,1146,_22063_,generated_control,tier0,tier1,15.478782,0.893095,0.928166
1,1147,_22076_,generated_control,tier0,tier1,15.478244,0.893325,0.927967
1,1148,_22105_,generated_control,tier0,tier1,15.524033,0.893555,0.927768
1,1149,_22131_,generated_control,tier0,tier1,15.510270,0.893785,0.927569
1,1150,_22136_,generated_control,tier0,tier1,15.560308,0.894015,0.927370
1,1151,_22153_,generated_control,tier0,tier1,15.515593,0.894245,0.927171
1,1152,_16211_,generated_control,tier0,tier1,13.759157,0.894475,0.926973
1,1153,_23019_,generated_control,tier0,tier1,10.771769,0.894705,0.926774
1,1154,_24435_,generated_control,tier0,tier1,3.879414,0.894935,0.926575
1,1155,_24437_,generated_control,tier0,tier1,14.231301,0.895165,0.926377
1,1156,_24464_,generated_control,tier0,tier1,7.862053,0.895395,0.926178
1,1157,_23154_,generated_control,tier0,tier1,9.123756,0.895626,0.925979
1,1158,_23282_,generated_control,tier0,tier1,10.366224,0.895856,0.925781
1,1159,_20598_,generated_control,tier0,tier1,1.624002,0.896087,0.925582
1,1160,_20605_,generated_control,tier0,tier1,11.428936,0.896317,0.925384
1,1161,_20607_,generated_control,tier0,tier1,21.376692,0.896548,0.925185
1,1162,_20609_,generated_control,tier0,tier1,21.362817,0.896778,0.924987
1,1163,_20611_,generated_control,tier0,tier1,21.480214,0.897009,0.924789
1,1164,_20613_,generated_control,tier0,tier1,21.446761,0.897239,0.924591
1,1165,_20617_,generated_control,tier0,tier1,21.436060,0.897470,0.924392
1,1166,_20629_,generated_control,tier0,tier1,21.415679,0.897701,0.924194
1,1167,_20634_,generated_control,tier0,tier1,21.423254,0.897932,0.923996
1,1168,_20636_,generated_control,tier0,tier1,21.372728,0.898163,0.923798
1,1169,_20639_,generated_control,tier0,tier1,21.390327,0.898394,0.923600
1,1170,_20651_,generated_control,tier0,tier1,21.435226,0.898625,0.923402
1,1171,_16892_,generated_control,tier0,tier1,4.001954,0.898856,0.923204
1,1172,_20471_,generated_control,tier0,tier1,4.655303,0.899087,0.923006
1,1173,_20478_,generated_control,tier0,tier1,4.635063,0.899318,0.922808
1,1174,_20480_,generated_control,tier0,tier1,4.635067,0.899549,0.922610
1,1175,_20490_,generated_control,tier0,tier1,4.672087,0.899781,0.922412
1,1176,_20498_,generated_control,tier0,tier1,4.644675,0.900012,0.922214
1,1177,_20500_,generated_control,tier0,tier1,4.648747,0.900244,0.922016
1,1178,_20502_,generated_control,tier0,tier1,4.638211,0.900475,0.921819
1,1179,_20504_,generated_control,tier0,tier1,4.676393,0.900707,0.921621
1,1180,_20506_,generated_control,tier0,tier1,4.626083,0.900938,0.921423
1,1181,_20512_,generated_control,tier0,tier1,4.672554,0.901170,0.921226
1,1182,_20516_,generated_control,tier0,tier1,4.599245,0.901402,0.921028
1,1183,_20520_,generated_control,tier0,tier1,4.621808,0.901633,0.920831
1,1184,_20522_,generated_control,tier0,tier1,4.627360,0.901865,0.920633
1,1185,_17191_,generated_control,tier0,tier1,0.577476,0.902097,0.920436
1,1186,_18784_,generated_control,tier0,tier1,3.932118,0.902329,0.920238
1,1187,_18844_,generated_control,tier0,tier1,3.145139,0.902561,0.920041
1,1188,input43,register_file,tier1,tier0,6.404434,0.902329,0.920189
1,1189,input54,register_file,tier1,tier0,6.489105,0.902097,0.920337
1,1190,input65,register_file,tier1,tier0,6.395061,0.901865,0.920485
1,1191,input68,register_file,tier1,tier0,6.395383,0.901633,0.920633
1,1192,input69,register_file,tier1,tier0,6.394749,0.901402,0.920781
1,1193,input70,register_file,tier1,tier0,6.441815,0.901170,0.920930
1,1194,input71,register_file,tier1,tier0,6.395699,0.900938,0.921078
1,1195,input44,register_file,tier1,tier0,6.458538,0.900707,0.921226
1,1196,input45,register_file,tier1,tier0,6.458633,0.900475,0.921374
1,1197,input46,register_file,tier1,tier0,6.458198,0.900244,0.921522
1,1198,input47,register_file,tier1,tier0,6.477854,0.900012,0.921670
1,1199,input48,register_file,tier1,tier0,6.458895,0.899781,0.921819
1,1200,input67,register_file,tier1,tier0,6.400050,0.899549,0.921967
1,1201,input73,register_file,tier1,tier0,6.466415,0.899318,0.922115
1,1202,input74,register_file,tier1,tier0,6.542395,0.899087,0.922264
1,1203,input49,register_file,tier1,tier0,6.490807,0.898856,0.922412
1,1204,input72,register_file,tier1,tier0,6.815486,0.898625,0.922560
1,1205,input58,register_file,tier1,tier0,6.838796,0.898394,0.922709
1,1206,output204,register_file,tier1,tier0,13.337428,0.898163,0.922857
1,1207,output205,register_file,tier1,tier0,6.977810,0.897932,0.923006
1,1208,output206,register_file,tier1,tier0,13.386733,0.897701,0.923154
1,1209,output207,register_file,tier1,tier0,13.379507,0.897470,0.923303
1,1210,output212,register_file,tier1,tier0,13.332705,0.897239,0.923451
1,1211,output215,register_file,tier1,tier0,13.386269,0.897009,0.923600
1,1212,output216,register_file,tier1,tier0,13.378772,0.896778,0.923748
1,1213,output219,register_file,tier1,tier0,7.051543,0.896548,0.923897
1,1214,output221,register_file,tier1,tier0,13.338291,0.896317,0.924045
1,1215,output223,register_file,tier1,tier0,13.389577,0.896087,0.924194
1,1216,output225,register_file,tier1,tier0,13.378590,0.895856,0.924343
1,1217,output226,register_file,tier1,tier0,13.336959,0.895626,0.924491
1,1218,output227,register_file,tier1,tier0,13.336624,0.895395,0.924640
1,1219,output229,register_file,tier1,tier0,13.385425,0.895165,0.924789
1,1220,output230,register_file,tier1,tier0,13.377138,0.894935,0.924938
1,1221,output231,register_file,tier1,tier0,13.375017,0.894705,0.925086
1,1222,output233,register_file,tier1,tier0,6.975806,0.894475,0.925235
1,1223,output172,load_store,tier1,tier0,4.444170,0.894245,0.925384
1,1224,output191,load_store,tier1,tier0,4.572384,0.894015,0.925533
1,1225,output183,load_store,tier1,tier0,4.621570,0.893785,0.925682
1,1226,output175,load_store,tier1,tier0,5.150566,0.893555,0.925830
1,1227,output179,load_store,tier1,tier0,5.154158,0.893325,0.925979
1,1228,output169,load_store,tier1,tier0,5.093362,0.893095,0.926128
1,1229,output168,load_store,tier1,tier0,5.227161,0.892866,0.926277
1,1230,output170,load_store,tier1,tier0,5.245843,0.892636,0.926426
1,1231,output176,load_store,tier1,tier0,5.196142,0.892407,0.926575
1,1232,output186,load_store,tier1,tier0,5.228617,0.892177,0.926724
1,1233,input75,pipeline_state,tier0,tier1,3.570515,0.892407,0.926575
1,1234,input144,fetch,tier0,tier1,4.334930,0.892636,0.926426
1,1235,input110,fetch,tier0,tier1,4.610616,0.892866,0.926277
1,1236,input145,trap_debug,tier0,tier1,3.805184,0.893095,0.926128
1,1237,input150,trap_debug,tier0,tier1,3.764549,0.893325,0.925979
1,1238,input151,trap_debug,tier0,tier1,3.760796,0.893555,0.925830
1,1239,input156,trap_debug,tier0,tier1,5.722497,0.893785,0.925682
1,1240,place3519,execute_alu,tier1,tier0,8.066590,0.893555,0.925830
1,1241,output265,fetch,tier0,tier1,9.782379,0.893785,0.925682
1,1242,input147,trap_debug,tier0,tier1,3.962753,0.894015,0.925533
1,1243,input148,trap_debug,tier0,tier1,3.962386,0.894245,0.925384
1,1244,input155,trap_debug,tier0,tier1,4.124967,0.894475,0.925235
1,1245,input157,trap_debug,tier0,tier1,4.079265,0.894705,0.925086
1,1246,input158,trap_debug,tier0,tier1,4.082520,0.894935,0.924938
1,1247,input159,trap_debug,tier0,tier1,4.067694,0.895165,0.924789
1,1248,input160,trap_debug,tier0,tier1,4.067331,0.895395,0.924640
1,1249,input162,trap_debug,tier0,tier1,4.269794,0.895626,0.924491
1,1250,input163,trap_debug,tier0,tier1,4.311872,0.895856,0.924343
1,1251,input38,fetch,tier0,tier1,5.367864,0.896087,0.924194
1,1252,place3970,generated_control,tier0,tier1,2.530495,0.896317,0.924045
1,1253,place3094,generated_control,tier0,tier1,0.840881,0.896548,0.923897
1,1254,place4115,generated_control,tier0,tier1,4.787239,0.896778,0.923748
1,1255,place4057,generated_control,tier0,tier1,1.421760,0.897009,0.923600
1,1256,place3263,generated_control,tier0,tier1,2.024841,0.897239,0.923451
1,1257,place3305,generated_control,tier0,tier1,1.288859,0.897470,0.923303
1,1258,place3999,generated_control,tier0,tier1,2.691492,0.897701,0.923154
1,1259,place3868,generated_control,tier0,tier1,2.138021,0.897932,0.923006
1,1260,place4033,generated_control,tier0,tier1,3.528356,0.898163,0.922857
1,1261,place4107,generated_control,tier0,tier1,0.535173,0.898394,0.922709
1,1262,place4117,generated_control,tier0,tier1,6.504169,0.898625,0.922560
1,1263,place4116,generated_control,tier0,tier1,6.567403,0.898856,0.922412
1,1264,place3745,generated_control,tier0,tier1,7.653857,0.899087,0.922264
1,1265,place3654,generated_control,tier0,tier1,0.662434,0.899318,0.922115
1,1266,place3744,generated_control,tier0,tier1,2.933785,0.899549,0.921967
1,1267,place3733,generated_control,tier0,tier1,2.565783,0.899781,0.921819
1,1268,place3684,generated_control,tier0,tier1,1.017865,0.900012,0.921670
1,1269,place4141,generated_control,tier0,tier1,0.486855,0.900244,0.921522
1,1270,place3638,generated_control,tier0,tier1,0.905252,0.900475,0.921374
1,1271,place3337,generated_control,tier0,tier1,2.268281,0.900707,0.921226
1,1272,place3877,generated_control,tier0,tier1,0.325323,0.900938,0.921078
1,1273,rebuffer4192,generated_control,tier0,tier1,0.492781,0.901170,0.920930
1,1274,place3150,generated_control,tier0,tier1,0.586597,0.901402,0.920781
1,1275,place3434,generated_control,tier0,tier1,0.610652,0.901633,0.920633
1,1276,place4032,generated_control,tier0,tier1,0.924904,0.901865,0.920485
1,1277,place3881,generated_control,tier0,tier1,0.454805,0.902097,0.920337
1,1278,place3843,generated_control,tier0,tier1,0.514570,0.902329,0.920189
1,1279,place3917,generated_control,tier0,tier1,10.535707,0.902561,0.920041
1,summary,,,,,11960.420787,0.902561,0.920041
2,1,_24481_,generated_datapath,tier1,tier0,1.083521,0.902329,0.920436
2,2,_24484_,generated_datapath,tier1,tier0,1.038475,0.902097,0.920831
2,3,_24490_,generated_datapath,tier1,tier0,19.041206,0.901865,0.921226
2,4,_24493_,generated_datapath,tier1,tier0,19.078018,0.901633,0.921621
2,5,_24499_,generated_datapath,tier1,tier0,19.007369,0.901402,0.922016
2,6,_24502_,generated_datapath,tier1,tier0,18.997794,0.901170,0.922412
2,7,_24512_,generated_datapath,tier1,tier0,19.088482,0.900938,0.922808
2,8,_24349_,generated_datapath,tier1,tier0,0.913966,0.900707,0.923204
2,9,_24516_,generated_datapath,tier1,tier0,11.341185,0.900475,0.923600
2,10,_24555_,generated_datapath,tier1,tier0,21.953419,0.900244,0.923996
2,11,_24353_,generated_datapath,tier1,tier0,41.661254,0.900012,0.924392
2,12,_24540_,generated_datapath,tier1,tier0,30.908689,0.899781,0.924789
2,13,_17478_,generated_datapath,tier0,tier1,23.557289,0.900012,0.924392
2,14,_19279_,generated_datapath,tier0,tier1,10.800739,0.900244,0.924045
2,15,_610_,generated_datapath,tier1,tier0,8.295820,0.900012,0.924392
2,16,_620_,generated_datapath,tier1,tier0,8.295851,0.899781,0.924739
2,17,_19698_,generated_datapath,tier0,tier1,0.713101,0.900012,0.924392
2,18,_20055_,generated_datapath,tier0,tier1,0.016877,0.900244,0.924045
2,19,_541_,generated_datapath,tier1,tier0,2.532607,0.900012,0.924392
2,20,_17506_,generated_datapath,tier1,tier0,7.294231,0.899781,0.924739
2,21,_22298_,generated_datapath,tier0,tier1,2.456055,0.900012,0.924392
2,22,_18772_,generated_datapath,tier1,tier0,6.303397,0.899781,0.924739
2,23,_16910_,generated_datapath,tier0,tier1,21.196308,0.900012,0.924392
2,24,_17260_,generated_datapath,tier1,tier0,2.819143,0.899781,0.924739
2,25,_17259_,generated_datapath,tier1,tier0,7.749124,0.899549,0.925086
2,26,_17133_,unclassified,tier1,tier0,1.135234,0.899318,0.925434
2,27,_20078_,unclassified,tier0,tier1,1.663081,0.899549,0.925086
2,28,_14100_,unclassified,tier1,tier0,7.064598,0.899318,0.925434
2,29,_14119_,unclassified,tier1,tier0,0.858107,0.899087,0.925781
2,30,_16403_,unclassified,tier0,tier1,4.724475,0.899318,0.925434
2,31,_17042_,unclassified,tier1,tier0,8.399638,0.899087,0.925781
2,32,_14993_,unclassified,tier1,tier0,3.034659,0.898856,0.926128
2,33,_22562_,unclassified,tier0,tier1,14.358148,0.899087,0.925781
2,34,_17446_,unclassified,tier1,tier0,1.851778,0.898856,0.926128
2,35,_14070_,unclassified,tier1,tier0,26.850379,0.898625,0.926476
2,36,_14266_,unclassified,tier1,tier0,14.076743,0.898394,0.926824
2,37,_16008_,unclassified,tier1,tier0,3.181217,0.898163,0.927171
2,38,_17181_,unclassified,tier1,tier0,5.246898,0.897932,0.927519
2,39,if_stage_i.instr_rdata_id_o[7]$_DFFE_PP_,register_file,tier1,tier0,12.537038,0.897701,0.927818
2,40,if_stage_i.instr_rdata_id_o[11]$_DFFE_PP_,register_file,tier1,tier0,9.047609,0.897470,0.928116
2,41,if_stage_i.gen_prefetch_buffer.prefetch_buffer_i.rdata_outstanding_q[1]$_DFF_PN0_,register_file,tier1,tier0,15.154150,0.897239,0.928415
2,42,load_store_unit_i.addr_last_o[28]$_DFFE_PN0P_,load_store,tier1,tier0,7.869147,0.897009,0.928713
2,43,load_store_unit_i.addr_last_o[10]$_DFFE_PN0P_,load_store,tier1,tier0,12.380969,0.896778,0.929012
2,44,load_store_unit_i.addr_last_o[11]$_DFFE_PN0P_,load_store,tier1,tier0,24.262541,0.896548,0.929311
2,45,load_store_unit_i.addr_last_o[12]$_DFFE_PN0P_,load_store,tier1,tier0,23.895896,0.896317,0.929610
2,46,cs_registers_i.u_mtval_csr.rd_data_o[24]$_DFFE_PN0P_,csr,tier0,tier1,3.183557,0.896548,0.929311
2,47,cs_registers_i.u_mepc_csr.rd_data_o[3]$_DFFE_PN0P_,csr,tier0,tier1,3.637300,0.896778,0.929012
2,48,if_stage_i.pc_id_o[13]$_DFFE_PP_,fetch,tier1,tier0,0.015726,0.896548,0.929311
2,49,if_stage_i.pc_id_o[5]$_DFFE_PP_,fetch,tier0,tier1,0.243469,0.896778,0.929012
2,50,_24222_,generated_datapath,tier1,tier0,10.031735,0.896548,0.929311
2,51,_24335_,generated_datapath,tier1,tier0,1.131171,0.896317,0.929610
2,52,_24403_,generated_datapath,tier1,tier0,1.407026,0.896087,0.929909
2,53,_19739_,generated_datapath,tier1,tier0,11.016293,0.895856,0.930208
2,54,_19780_,generated_datapath,tier1,tier0,17.202108,0.895626,0.930507
2,55,_19024_,generated_datapath,tier1,tier0,15.815989,0.895395,0.930806
2,56,_19278_,generated_datapath,tier1,tier0,7.098123,0.895165,0.931106
2,57,_23987_,generated_datapath,tier1,tier0,0.278534,0.894935,0.931405
2,58,_24100_,generated_datapath,tier1,tier0,6.081043,0.894705,0.931705
2,59,_19740_,generated_datapath,tier1,tier0,12.732200,0.894475,0.932004
2,60,_19781_,generated_datapath,tier1,tier0,12.704244,0.894245,0.932304
2,61,_18175_,generated_datapath,tier1,tier0,0.578943,0.894015,0.932604
2,62,_19394_,generated_datapath,tier1,tier0,7.655614,0.893785,0.932904
2,63,_19705_,generated_datapath,tier1,tier0,1.334672,0.893555,0.933204
2,64,_24051_,generated_datapath,tier1,tier0,5.955105,0.893325,0.933504
2,65,_24060_,generated_datapath,tier1,tier0,5.917309,0.893095,0.933804
2,66,_24070_,generated_datapath,tier1,tier0,5.926152,0.892866,0.934105
2,67,_23922_,generated_datapath,tier1,tier0,16.502035,0.892636,0.934405
2,68,_23936_,generated_datapath,tier1,tier0,7.977493,0.892407,0.934706
2,69,_23945_,generated_datapath,tier1,tier0,5.383571,0.892177,0.935006
2,70,_23950_,generated_datapath,tier1,tier0,23.395138,0.891948,0.935307
2,71,_23964_,generated_datapath,tier1,tier0,20.924733,0.891718,0.935608
2,72,_24469_,generated_datapath,tier1,tier0,5.274920,0.891489,0.935908
2,73,_24106_,generated_datapath,tier1,tier0,17.083244,0.891260,0.936209
2,74,_19239_,generated_datapath,tier1,tier0,5.932922,0.891030,0.936510
2,75,_23999_,generated_datapath,tier1,tier0,31.892921,0.890801,0.936812
2,76,_24250_,generated_datapath,tier1,tier0,5.802410,0.890572,0.937113
2,77,_24276_,generated_datapath,tier1,tier0,5.828621,0.890343,0.937414
2,78,_24007_,generated_datapath,tier1,tier0,23.067851,0.890114,0.937716
2,79,_24344_,generated_datapath,tier1,tier0,23.032006,0.889885,0.938017
2,80,_24020_,generated_datapath,tier1,tier0,23.531307,0.889656,0.938319
2,81,_13594_,generated_datapath,tier1,tier0,0.119489,0.889427,0.938620
2,82,_13818_,generated_datapath,tier1,tier0,5.522999,0.889198,0.938922
2,83,_13930_,generated_datapath,tier1,tier0,11.236090,0.888970,0.939224
2,84,_13948_,generated_datapath,tier1,tier0,10.963562,0.888741,0.939526
2,85,_19028_,generated_datapath,tier1,tier0,4.664282,0.888512,0.939828
2,86,_23440_,generated_datapath,tier1,tier0,8.318105,0.888284,0.940130
2,87,_24179_,generated_datapath,tier1,tier0,22.732784,0.888055,0.940433
2,88,_24447_,generated_datapath,tier1,tier0,13.957523,0.887827,0.940735
2,89,_14281_,generated_datapath,tier1,tier0,2.799375,0.887598,0.941037
2,90,_14333_,generated_datapath,tier1,tier0,2.903373,0.887370,0.941340
2,91,_14312_,generated_datapath,tier1,tier0,2.431326,0.887142,0.941643
2,92,_14340_,generated_datapath,tier1,tier0,2.380545,0.886913,0.941945
2,93,_14474_,generated_datapath,tier1,tier0,11.043380,0.886685,0.942248
2,94,_19917_,generated_datapath,tier1,tier0,4.841922,0.886457,0.942551
2,95,_23052_,generated_datapath,tier1,tier0,0.384143,0.886229,0.942854
2,96,_13557_,generated_datapath,tier1,tier0,1.714555,0.886001,0.943157
2,97,_13632_,generated_datapath,tier1,tier0,1.753278,0.885773,0.943461
2,98,_13670_,generated_datapath,tier1,tier0,1.649616,0.885545,0.943764
2,99,_13892_,generated_datapath,tier1,tier0,10.466236,0.885317,0.944067
2,100,_13910_,generated_datapath,tier1,tier0,1.611742,0.885089,0.944371
2,101,_13968_,generated_datapath,tier1,tier0,10.464040,0.884862,0.944674
2,102,_13986_,generated_datapath,tier1,tier0,1.610431,0.884634,0.944978
2,103,_23461_,generated_datapath,tier1,tier0,0.626466,0.884406,0.945282
2,104,_14288_,generated_datapath,tier1,tier0,11.544678,0.884179,0.945586
2,105,_13780_,generated_datapath,tier1,tier0,0.857235,0.883951,0.945890
2,106,_14282_,generated_datapath,tier1,tier0,2.841140,0.883724,0.946194
2,107,_14334_,generated_datapath,tier1,tier0,2.837857,0.883496,0.946498
2,108,_14404_,generated_datapath,tier1,tier0,11.894069,0.883269,0.946802
2,109,_14427_,generated_datapath,tier1,tier0,20.708471,0.883042,0.947106
2,110,_14500_,generated_datapath,tier1,tier0,20.782230,0.882814,0.947411
2,111,_18962_,generated_datapath,tier1,tier0,1.605000,0.882587,0.947715
2,112,_19598_,generated_datapath,tier1,tier0,17.313883,0.882360,0.948020
2,113,_22252_,generated_datapath,tier1,tier0,0.836628,0.882133,0.948325
2,114,_23622_,generated_datapath,tier1,tier0,9.660147,0.881906,0.948630
2,115,_23940_,generated_datapath,tier1,tier0,0.797921,0.881679,0.948935
2,116,_19498_,generated_datapath,tier1,tier0,12.382790,0.881452,0.949240
2,117,_14026_,generated_datapath,tier1,tier0,2.638926,0.881225,0.949545
2,118,_14452_,generated_datapath,tier1,tier0,11.954554,0.880998,0.949850
2,119,_22659_,generated_datapath,tier1,tier0,1.755898,0.880772,0.950155
2,120,_19357_,generated_datapath,tier1,tier0,2.252916,0.880545,0.950461
2,121,_13539_,generated_datapath,tier1,tier0,10.391346,0.880318,0.950766
2,122,_13707_,generated_datapath,tier1,tier0,1.498429,0.880092,0.951072
2,123,_13743_,generated_datapath,tier1,tier0,1.497942,0.879865,0.951377
2,124,_13854_,generated_datapath,tier1,tier0,1.498599,0.879639,0.951683
2,125,_15819_,generated_datapath,tier1,tier0,10.333940,0.879412,0.951989
2,126,_13950_,generated_datapath,tier1,tier0,2.599210,0.879186,0.952295
2,127,_18872_,generated_datapath,tier1,tier0,7.382277,0.878959,0.952601
2,128,_21069_,generated_datapath,tier1,tier0,13.049145,0.878733,0.952907
2,129,_19839_,generated_datapath,tier1,tier0,10.302135,0.878507,0.953214
2,130,_24236_,generated_datapath,tier1,tier0,0.964214,0.878281,0.953520
2,131,_19543_,generated_datapath,tier1,tier0,2.221326,0.878055,0.953826
2,132,_19753_,generated_datapath,tier1,tier0,0.147619,0.877829,0.954133
2,133,_13875_,generated_datapath,tier1,tier0,8.345279,0.877603,0.954440
2,134,_15567_,generated_datapath,tier1,tier0,5.863640,0.877377,0.954746
2,135,_24010_,generated_datapath,tier1,tier0,16.201326,0.877151,0.955053
2,136,_19674_,generated_datapath,tier1,tier0,20.082189,0.876925,0.955360
2,137,_24836_,generated_datapath,tier1,tier0,26.560980,0.876699,0.955667
2,138,_14449_,generated_datapath,tier1,tier0,21.360874,0.876473,0.955974
2,139,_24585_,generated_datapath,tier1,tier0,37.876543,0.876248,0.956282
2,140,_19573_,generated_datapath,tier1,tier0,15.950735,0.876022,0.956589
2,141,_19641_,generated_datapath,tier1,tier0,15.932142,0.875797,0.956896
2,142,_17406_,generated_datapath,tier1,tier0,16.158826,0.875571,0.957204
2,143,_13570_,generated_datapath,tier1,tier0,6.055272,0.875346,0.957511
2,144,_19872_,generated_datapath,tier1,tier0,16.292585,0.875120,0.957819
2,145,_19938_,generated_datapath,tier1,tier0,11.411875,0.874895,0.958127
2,146,_23899_,generated_datapath,tier1,tier0,8.610007,0.874670,0.958435
2,147,_23913_,generated_datapath,tier1,tier0,8.544902,0.874444,0.958743
2,148,_23968_,generated_datapath,tier1,tier0,4.945599,0.874219,0.959051
2,149,_24632_,generated_datapath,tier1,tier0,6.084089,0.873994,0.959359
2,150,_25024_,generated_datapath,tier1,tier0,6.084227,0.873769,0.959667
2,151,_24581_,generated_datapath,tier1,tier0,37.906506,0.873544,0.959976
2,152,_15067_,generated_datapath,tier1,tier0,6.131465,0.873319,0.960284
2,153,_20032_,generated_datapath,tier1,tier0,3.179605,0.873094,0.960593
2,154,_24698_,generated_datapath,tier1,tier0,22.789897,0.872869,0.960902
2,155,_24979_,generated_datapath,tier1,tier0,13.946557,0.872644,0.961210
2,156,_25049_,generated_datapath,tier1,tier0,13.988661,0.872420,0.961519
2,157,_24701_,generated_datapath,tier1,tier0,0.371003,0.872195,0.961828
2,158,_19065_,generated_datapath,tier1,tier0,1.399478,0.871970,0.962137
2,159,_17573_,generated_datapath,tier1,tier0,20.811790,0.871746,0.962446
2,160,_18131_,generated_datapath,tier1,tier0,13.997447,0.871521,0.962756
2,161,_19599_,generated_datapath,tier1,tier0,0.105237,0.871297,0.963065
2,162,_18179_,generated_datapath,tier1,tier0,12.071921,0.871072,0.963375
2,163,_14835_,generated_datapath,tier1,tier0,27.732774,0.870848,0.963684
2,164,_14871_,generated_datapath,tier1,tier0,27.737234,0.870624,0.963994
2,165,_19587_,generated_datapath,tier1,tier0,4.843925,0.870399,0.964304
2,166,_14889_,generated_datapath,tier1,tier0,36.242980,0.870175,0.964613
2,167,_19131_,generated_datapath,tier1,tier0,6.750950,0.869951,0.964923
2,168,_19536_,generated_datapath,tier1,tier0,11.262970,0.869727,0.965233
2,169,_19939_,generated_datapath,tier1,tier0,15.857057,0.869503,0.965544
2,170,_14714_,generated_datapath,tier1,tier0,28.488897,0.869279,0.965854
2,171,_14732_,generated_datapath,tier1,tier0,28.489498,0.869055,0.966164
2,172,_23183_,generated_datapath,tier1,tier0,5.911015,0.868831,0.966475
2,173,_19072_,generated_datapath,tier1,tier0,16.127460,0.868607,0.966785
2,174,_22322_,generated_datapath,tier1,tier0,0.993181,0.868383,0.967096
2,175,_22370_,generated_datapath,tier1,tier0,0.996110,0.868160,0.967406
2,176,_22411_,generated_datapath,tier1,tier0,1.005885,0.867936,0.967717
2,177,_22418_,generated_datapath,tier1,tier0,1.006248,0.867712,0.968028
2,178,_15299_,generated_datapath,tier1,tier0,3.101454,0.867489,0.968339
2,179,_24590_,generated_datapath,tier1,tier0,4.131832,0.867265,0.968650
2,180,_24588_,generated_datapath,tier1,tier0,9.586150,0.867042,0.968962
2,181,_24867_,generated_datapath,tier1,tier0,12.842808,0.866818,0.969273
2,182,_19488_,generated_datapath,tier1,tier0,2.931184,0.866595,0.969584
2,183,_22590_,generated_datapath,tier1,tier0,7.449544,0.866372,0.969896
2,184,_18057_,generated_datapath,tier1,tier0,5.271405,0.866148,0.970207
2,185,_18094_,generated_datapath,tier1,tier0,19.489568,0.865925,0.970519
2,186,_14039_,generated_datapath,tier1,tier0,3.264097,0.865702,0.970831
2,187,_18912_,generated_datapath,tier1,tier0,11.903723,0.865479,0.971143
2,188,_14270_,generated_datapath,tier1,tier0,3.774281,0.865256,0.971455
2,189,_14518_,generated_datapath,tier1,tier0,31.335027,0.865033,0.971767
2,190,_14541_,generated_datapath,tier1,tier0,31.319161,0.864810,0.972079
2,191,_14560_,generated_datapath,tier1,tier0,31.317726,0.864587,0.972392
2,192,_14853_,generated_datapath,tier1,tier0,31.324886,0.864364,0.972704
2,193,_19642_,generated_datapath,tier1,tier0,4.194068,0.864141,0.973017
2,194,_24865_,generated_datapath,tier1,tier0,7.504732,0.863919,0.973329
2,195,_17171_,generated_datapath,tier1,tier0,18.585397,0.863696,0.973642
2,196,_17021_,generated_datapath,tier1,tier0,16.090005,0.863473,0.973955
2,197,_16442_,generated_datapath,tier1,tier0,7.778264,0.863251,0.974268
2,198,_16443_,generated_datapath,tier1,tier0,12.241946,0.863028,0.974581
2,199,_464_,generated_datapath,tier1,tier0,4.763630,0.862806,0.974894
2,200,_20061_,generated_datapath,tier1,tier0,20.834385,0.862584,0.975207
2,201,_21315_,generated_datapath,tier1,tier0,1.243456,0.862361,0.975520
2,202,_18936_,generated_datapath,tier1,tier0,13.714042,0.862139,0.975834
2,203,_13873_,generated_datapath,tier1,tier0,13.840515,0.861917,0.976147
2,204,_21453_,generated_datapath,tier1,tier0,21.463607,0.861695,0.976461
2,205,_21624_,generated_datapath,tier1,tier0,12.750599,0.861472,0.976774
2,206,_21687_,generated_datapath,tier1,tier0,12.618675,0.861250,0.977088
2,207,_18920_,generated_datapath,tier1,tier0,2.633036,0.861028,0.977402
2,208,_22785_,generated_datapath,tier1,tier0,1.395823,0.860806,0.977716
2,209,_448_,generated_datapath,tier1,tier0,3.513587,0.860584,0.978030
2,210,_14240_,generated_datapath,tier1,tier0,12.444973,0.860363,0.978344
2,211,_18801_,generated_datapath,tier1,tier0,2.529100,0.860141,0.978659
2,212,_24899_,generated_datapath,tier1,tier0,17.086252,0.859919,0.978973
2,213,_19062_,generated_datapath,tier1,tier0,3.489009,0.859697,0.979288
2,214,_19168_,generated_datapath,tier1,tier0,21.214989,0.859476,0.979602
2,215,_24071_,generated_datapath,tier1,tier0,7.607963,0.859254,0.979917
2,216,_24101_,generated_datapath,tier1,tier0,21.818676,0.859032,0.980232
2,217,_24839_,generated_datapath,tier1,tier0,15.797630,0.858811,0.980547
2,218,_13794_,generated_datapath,tier1,tier0,24.178040,0.858589,0.980861
2,219,_13925_,generated_datapath,tier1,tier0,24.214608,0.858368,0.981177
2,220,_13963_,generated_datapath,tier1,tier0,14.087274,0.858147,0.981492
2,221,_14002_,generated_datapath,tier1,tier0,14.044763,0.857925,0.981807
2,222,_19770_,generated_datapath,tier1,tier0,24.207130,0.857704,0.982122
2,223,_20776_,generated_datapath,tier1,tier0,24.209599,0.857483,0.982438
2,224,_24113_,generated_datapath,tier1,tier0,24.214813,0.857262,0.982754
2,225,_18037_,generated_datapath,tier1,tier0,9.882867,0.857041,0.983069
2,226,_14116_,generated_datapath,tier1,tier0,40.167083,0.856820,0.983385
2,227,_21741_,generated_datapath,tier1,tier0,12.670401,0.856599,0.983701
2,228,_24085_,generated_datapath,tier1,tier0,27.154922,0.856378,0.984017
2,229,_17195_,generated_datapath,tier1,tier0,2.888017,0.856157,0.984333
2,230,_14299_,generated_datapath,tier1,tier0,6.550836,0.855936,0.984649
2,231,_19150_,generated_datapath,tier1,tier0,1.740043,0.855715,0.984966
2,232,_18551_,generated_datapath,tier1,tier0,18.175977,0.855495,0.985282
2,233,_13831_,generated_datapath,tier1,tier0,14.654721,0.855274,0.985599
2,234,_18857_,generated_datapath,tier1,tier0,29.667245,0.855054,0.985915
2,235,_14617_,generated_datapath,tier1,tier0,3.697030,0.854833,0.986232
2,236,_18119_,generated_datapath,tier1,tier0,21.480198,0.854612,0.986549
2,237,_19948_,generated_datapath,tier1,tier0,1.353580,0.854392,0.986866
2,238,_24696_,generated_datapath,tier1,tier0,20.461121,0.854172,0.987183
2,239,_19477_,generated_datapath,tier1,tier0,6.397014,0.853951,0.987500
2,240,_19288_,generated_datapath,tier1,tier0,3.483861,0.853731,0.987817
2,241,_14275_,generated_datapath,tier1,tier0,18.002374,0.853511,0.988134
2,242,_18543_,generated_datapath,tier1,tier0,16.106222,0.853291,0.988452
2,243,_25072_,generated_datapath,tier1,tier0,16.914270,0.853070,0.988769
2,244,_14381_,generated_datapath,tier1,tier0,17.095764,0.852850,0.989087
2,245,_22931_,generated_datapath,tier1,tier0,18.536945,0.852630,0.989404
2,246,_14524_,generated_datapath,tier1,tier0,18.836109,0.852410,0.989722
2,247,_14142_,generated_datapath,tier1,tier0,24.389519,0.852190,0.990040
2,248,_18555_,generated_datapath,tier1,tier0,22.463934,0.851971,0.990358
2,249,_14136_,generated_datapath,tier1,tier0,4.902397,0.851751,0.990676
2,250,_14206_,generated_datapath,tier1,tier0,6.280042,0.851531,0.990995
2,251,_19692_,generated_datapath,tier1,tier0,16.304106,0.851311,0.991313
2,252,_14041_,generated_datapath,tier1,tier0,2.195414,0.851092,0.991631
2,253,_18957_,generated_datapath,tier1,tier0,6.612582,0.850872,0.991950
2,254,_14811_,generated_datapath,tier1,tier0,10.631913,0.850652,0.992269
2,255,_14060_,generated_datapath,tier1,tier0,21.718537,0.850433,0.992587
2,256,_22538_,generated_datapath,tier1,tier0,0.513615,0.850213,0.992906
2,257,_18597_,generated_datapath,tier1,tier0,21.685188,0.849994,0.993225
2,258,_22440_,generated_datapath,tier1,tier0,0.403856,0.849775,0.993544
2,259,_14127_,generated_datapath,tier1,tier0,13.253522,0.849555,0.993863
2,260,_15144_,generated_control,tier0,tier1,3.035296,0.849775,0.993544
2,261,_14192_,generated_control,tier1,tier0,7.842392,0.849555,0.993863
2,262,_19643_,generated_control,tier1,tier0,4.201520,0.849336,0.994182
2,263,_19844_,generated_control,tier1,tier0,3.349285,0.849117,0.994502
2,264,_18968_,generated_control,tier1,tier0,4.912190,0.848898,0.994821
2,265,_19941_,generated_control,tier1,tier0,5.090935,0.848679,0.995141
2,266,_14099_,unclassified,tier1,tier0,8.991522,0.848460,0.995460
2,267,_14098_,unclassified,tier1,tier0,22.960783,0.848241,0.995780
2,268,_19549_,unclassified,tier0,tier1,2.189822,0.848460,0.995460
2,269,_19402_,unclassified,tier0,tier1,3.404234,0.848679,0.995141
2,270,_19438_,unclassified,tier0,tier1,3.577519,0.848898,0.994821
2,271,_20043_,unclassified,tier0,tier1,3.297498,0.849117,0.994502
2,272,_14488_,unclassified,tier1,tier0,4.411368,0.848898,0.994821
2,273,_16831_,unclassified,tier0,tier1,24.895896,0.849117,0.994502
2,274,_17480_,unclassified,tier0,tier1,9.387213,0.849336,0.994182
2,275,_18635_,unclassified,tier0,tier1,5.993498,0.849555,0.993863
2,276,_13579_,generated_datapath,tier1,tier0,2.300674,0.849336,0.994129
2,277,_13803_,generated_datapath,tier1,tier0,7.969945,0.849117,0.994395
2,278,_23277_,generated_datapath,tier1,tier0,8.887658,0.848898,0.994662
2,279,_15430_,generated_datapath,tier1,tier0,0.440932,0.848679,0.994928
2,280,_13587_,generated_datapath,tier1,tier0,8.231546,0.848460,0.995194
2,281,_13811_,generated_datapath,tier1,tier0,8.228631,0.848241,0.995460
2,282,_17500_,generated_datapath,tier1,tier0,5.325369,0.848022,0.995727
2,283,_19860_,generated_datapath,tier1,tier0,6.093949,0.847803,0.995993
2,284,_320_,generated_datapath,tier1,tier0,2.631353,0.847584,0.996260
2,285,_14042_,generated_datapath,tier1,tier0,3.457929,0.847365,0.996527
2,286,_18124_,generated_datapath,tier1,tier0,0.722855,0.847147,0.996794
2,287,_24243_,generated_datapath,tier1,tier0,1.573596,0.846928,0.997060
2,288,_17543_,generated_datapath,tier1,tier0,0.736083,0.846709,0.997327
2,289,_18207_,generated_datapath,tier1,tier0,0.775600,0.846491,0.997594
2,290,_18215_,generated_datapath,tier1,tier0,0.782190,0.846272,0.997861
2,291,_18307_,generated_datapath,tier1,tier0,0.750124,0.846054,0.998128
2,292,_18315_,generated_datapath,tier1,tier0,0.737684,0.845835,0.998395
2,293,_18223_,generated_datapath,tier1,tier0,0.726312,0.845617,0.998663
2,294,_18231_,generated_datapath,tier1,tier0,0.700081,0.845399,0.998930
2,295,_18240_,generated_datapath,tier1,tier0,0.672453,0.845180,0.999197
2,296,_18248_,generated_datapath,tier1,tier0,0.718178,0.844962,0.999465
2,297,_18267_,generated_datapath,tier1,tier0,0.740973,0.844744,0.999732
2,298,_18275_,generated_datapath,tier1,tier0,0.666195,0.844526,1.000000
2,299,_18283_,generated_datapath,tier1,tier0,0.656692,0.844308,0.999732
2,300,_18291_,generated_datapath,tier1,tier0,12.601236,0.844090,0.999465
2,301,_378_,generated_datapath,tier1,tier0,2.776658,0.843872,0.999197
2,302,_389_,generated_datapath,tier1,tier0,2.770831,0.843654,0.998930
2,303,_414_,generated_datapath,tier1,tier0,6.732034,0.843436,0.998663
2,304,_15224_,generated_datapath,tier0,tier1,4.349820,0.843654,0.998930
2,305,_459_,generated_datapath,tier1,tier0,10.949506,0.843436,0.998663
2,306,_22208_,generated_datapath,tier1,tier0,2.291928,0.843218,0.998395
2,307,_22221_,generated_datapath,tier1,tier0,2.292034,0.843001,0.998128
2,308,_22224_,generated_datapath,tier1,tier0,2.292361,0.842783,0.997861
2,309,_22227_,generated_datapath,tier1,tier0,13.348341,0.842565,0.997594
2,310,_22249_,generated_datapath,tier1,tier0,13.348675,0.842348,0.997327
2,311,_22253_,generated_datapath,tier1,tier0,13.348316,0.842130,0.997060
2,312,_22256_,generated_datapath,tier1,tier0,13.348627,0.841913,0.996794
2,313,_22264_,generated_datapath,tier1,tier0,13.348959,0.841695,0.996527
2,314,_15025_,generated_datapath,tier1,tier0,4.312173,0.841478,0.996260
2,315,_15181_,generated_datapath,tier1,tier0,4.388719,0.841260,0.995993
2,316,_15411_,generated_datapath,tier1,tier0,4.526798,0.841043,0.995727
2,317,_15537_,generated_datapath,tier1,tier0,4.130349,0.840826,0.995460
2,318,_22951_,generated_datapath,tier1,tier0,3.452710,0.840609,0.995194
2,319,_15220_,generated_datapath,tier1,tier0,0.377064,0.840392,0.994928
2,320,_15268_,generated_datapath,tier1,tier0,8.935083,0.840175,0.994662
2,321,_15375_,generated_datapath,tier1,tier0,0.472360,0.839958,0.994395
2,322,_23331_,generated_datapath,tier1,tier0,2.394431,0.839741,0.994129
2,323,_23090_,generated_datapath,tier1,tier0,0.245521,0.839524,0.993863
2,324,_15355_,generated_datapath,tier1,tier0,1.071573,0.839307,0.993597
2,325,_15410_,generated_datapath,tier1,tier0,1.140478,0.839090,0.993331
2,326,_15438_,generated_datapath,tier1,tier0,1.125705,0.838873,0.993066
2,327,_15071_,generated_datapath,tier1,tier0,5.713124,0.838656,0.992800
2,328,_570_,generated_datapath,tier1,tier0,12.813924,0.838440,0.992534
2,329,_579_,generated_datapath,tier1,tier0,12.813949,0.838223,0.992269
2,330,_23093_,generated_datapath,tier1,tier0,0.311318,0.838007,0.992003
2,331,_23097_,generated_datapath,tier1,tier0,4.113766,0.837790,0.991738
2,332,_23114_,generated_datapath,tier1,tier0,0.242393,0.837574,0.991472
2,333,_18173_,generated_datapath,tier1,tier0,9.228858,0.837357,0.991207
2,334,_15535_,generated_datapath,tier1,tier0,5.500855,0.837141,0.990942
2,335,_18150_,generated_datapath,tier1,tier0,9.226950,0.836925,0.990676
2,336,_15180_,generated_datapath,tier1,tier0,5.367227,0.836708,0.990411
2,337,_15271_,generated_datapath,tier1,tier0,18.379506,0.836492,0.990146
2,338,_15437_,generated_datapath,tier1,tier0,10.926528,0.836276,0.989881
2,339,_15637_,generated_datapath,tier1,tier0,11.185094,0.836060,0.989616
2,340,_16565_,generated_datapath,tier1,tier0,0.825897,0.835844,0.989352
2,341,_22186_,generated_datapath,tier1,tier0,17.979338,0.835628,0.989087
2,342,_23109_,generated_datapath,tier1,tier0,8.714777,0.835412,0.988822
2,343,_13638_,generated_datapath,tier1,tier0,6.831856,0.835196,0.988557
2,344,_14939_,generated_datapath,tier1,tier0,3.375082,0.834980,0.988293
2,345,_19393_,generated_datapath,tier1,tier0,6.044055,0.834764,0.988028
2,346,_15814_,generated_datapath,tier1,tier0,12.503640,0.834548,0.987764
2,347,_21885_,generated_datapath,tier1,tier0,0.993306,0.834333,0.987500
2,348,_23441_,generated_datapath,tier1,tier0,1.159862,0.834117,0.987235
2,349,_23487_,generated_datapath,tier1,tier0,1.159437,0.833901,0.986971
2,350,_404_,generated_datapath,tier1,tier0,9.001476,0.833686,0.986707
2,351,_19541_,generated_datapath,tier1,tier0,7.743557,0.833470,0.986443
2,352,_23462_,generated_datapath,tier1,tier0,5.511718,0.833255,0.986179
2,353,_21690_,generated_datapath,tier1,tier0,0.231303,0.833040,0.985915
2,354,_21365_,generated_datapath,tier1,tier0,0.640403,0.832824,0.985651
2,355,_21952_,generated_datapath,tier1,tier0,1.047368,0.832609,0.985387
2,356,_18146_,generated_datapath,tier1,tier0,12.068876,0.832394,0.985124
2,357,_18163_,generated_datapath,tier1,tier0,12.009368,0.832179,0.984860
2,358,_23381_,generated_datapath,tier1,tier0,0.077458,0.831963,0.984597
2,359,_23407_,generated_datapath,tier1,tier0,0.076727,0.831748,0.984333
2,360,_458_,generated_datapath,tier1,tier0,19.068105,0.831533,0.984070
2,361,_23495_,generated_datapath,tier1,tier0,5.424012,0.831318,0.983806
2,362,_23635_,generated_datapath,tier1,tier0,3.556253,0.831103,0.983543
2,363,_14940_,generated_datapath,tier1,tier0,12.305137,0.830888,0.983280
2,364,_18127_,generated_datapath,tier1,tier0,5.508553,0.830674,0.983017
2,365,_18137_,generated_datapath,tier1,tier0,2.932350,0.830459,0.982754
2,366,_19715_,generated_datapath,tier1,tier0,4.653068,0.830244,0.982491
2,367,_24348_,generated_datapath,tier1,tier0,16.803635,0.830029,0.982228
2,368,_18055_,generated_datapath,tier1,tier0,3.321674,0.829815,0.981965
2,369,_365_,generated_datapath,tier1,tier0,3.025915,0.829600,0.981702
2,370,_282_,generated_datapath,tier1,tier0,4.786318,0.829386,0.981439
2,371,_557_,generated_datapath,tier1,tier0,4.738996,0.829171,0.981177
2,372,_567_,generated_datapath,tier1,tier0,8.998550,0.828957,0.980914
2,373,_568_,generated_datapath,tier1,tier0,2.762858,0.828742,0.980651
2,374,_577_,generated_datapath,tier1,tier0,2.743287,0.828528,0.980389
2,375,_512_,generated_datapath,tier1,tier0,0.604994,0.828314,0.980127
2,376,_14949_,generated_datapath,tier1,tier0,4.593325,0.828099,0.979864
2,377,_17306_,generated_datapath,tier1,tier0,5.273702,0.827885,0.979602
2,378,_23344_,generated_datapath,tier1,tier0,3.966674,0.827671,0.979340
2,379,_14485_,generated_datapath,tier1,tier0,0.374354,0.827457,0.979078
2,380,_19096_,generated_datapath,tier1,tier0,0.576100,0.827243,0.978816
2,381,_19903_,generated_datapath,tier1,tier0,1.949250,0.827029,0.978554
2,382,_20004_,generated_datapath,tier1,tier0,4.443932,0.826815,0.978292
2,383,_22669_,generated_datapath,tier1,tier0,5.538829,0.826601,0.978030
2,384,_15591_,generated_datapath,tier1,tier0,7.847520,0.826387,0.977768
2,385,_16444_,generated_datapath,tier1,tier0,7.958381,0.826173,0.977507
2,386,_23076_,generated_datapath,tier1,tier0,1.001028,0.825960,0.977245
2,387,_23465_,generated_datapath,tier1,tier0,2.891021,0.825746,0.976984
2,388,_23787_,generated_datapath,tier1,tier0,12.248870,0.825532,0.976722
2,389,_363_,generated_datapath,tier1,tier0,3.033958,0.825319,0.976461
2,390,_548_,generated_datapath,tier1,tier0,13.216290,0.825105,0.976199
2,391,_595_,generated_datapath,tier1,tier0,4.776548,0.824892,0.975938
2,392,_618_,generated_datapath,tier1,tier0,4.805664,0.824678,0.975677
2,393,_15242_,generated_datapath,tier1,tier0,2.817047,0.824465,0.975416
2,394,_21161_,generated_datapath,tier1,tier0,4.232159,0.824252,0.975155
2,395,_23773_,generated_datapath,tier1,tier0,5.732920,0.824038,0.974894
2,396,_23775_,generated_datapath,tier1,tier0,5.731744,0.823825,0.974633
2,397,_23797_,generated_datapath,tier1,tier0,5.745155,0.823612,0.974372
2,398,_23538_,generated_datapath,tier1,tier0,0.044951,0.823399,0.974111
2,399,_17258_,generated_datapath,tier1,tier0,3.352190,0.823186,0.973850
2,400,_17268_,generated_datapath,tier1,tier0,3.082717,0.822973,0.973590
2,401,_18116_,generated_datapath,tier1,tier0,6.491578,0.822760,0.973329
2,402,_18383_,generated_datapath,tier1,tier0,3.120550,0.822547,0.973069
2,403,_522_,generated_datapath,tier1,tier0,3.187137,0.822334,0.972808
2,404,_23513_,generated_datapath,tier1,tier0,1.476869,0.822121,0.972548
2,405,_24255_,generated_datapath,tier1,tier0,9.666169,0.821908,0.972287
2,406,_18143_,generated_datapath,tier1,tier0,6.360708,0.821695,0.972027
2,407,_23799_,generated_datapath,tier1,tier0,20.195348,0.821483,0.971767
2,408,_24547_,generated_datapath,tier1,tier0,3.320591,0.821270,0.971507
2,409,_24565_,generated_datapath,tier1,tier0,3.142365,0.821058,0.971247
2,410,_24235_,generated_datapath,tier1,tier0,4.341880,0.820845,0.970987
2,411,_24318_,generated_datapath,tier1,tier0,5.270157,0.820633,0.970727
2,412,_20321_,generated_datapath,tier1,tier0,3.910864,0.820420,0.970467
2,413,_23801_,generated_datapath,tier1,tier0,10.784897,0.820208,0.970207
2,414,_22040_,generated_datapath,tier1,tier0,3.799241,0.819995,0.969948
2,415,_22044_,generated_datapath,tier1,tier0,16.549973,0.819783,0.969688
2,416,_22048_,generated_datapath,tier1,tier0,16.519601,0.819571,0.969429
2,417,_22053_,generated_datapath,tier1,tier0,16.616098,0.819359,0.969169
2,418,_22061_,generated_datapath,tier1,tier0,16.612197,0.819146,0.968910
2,419,_22065_,generated_datapath,tier1,tier0,16.544076,0.818934,0.968650
2,420,_22069_,generated_datapath,tier1,tier0,16.565051,0.818722,0.968391
2,421,_22074_,generated_datapath,tier1,tier0,16.577148,0.818510,0.968132
2,422,_22078_,generated_datapath,tier1,tier0,16.546679,0.818298,0.967873
2,423,_22082_,generated_datapath,tier1,tier0,16.499415,0.818086,0.967614
2,424,_22086_,generated_datapath,tier1,tier0,16.570050,0.817875,0.967355
2,425,_22090_,generated_datapath,tier1,tier0,16.569555,0.817663,0.967096
2,426,_22095_,generated_datapath,tier1,tier0,16.553375,0.817451,0.966837
2,427,_22099_,generated_datapath,tier1,tier0,16.494135,0.817239,0.966578
2,428,_22107_,generated_datapath,tier1,tier0,16.514027,0.817028,0.966319
2,429,_22111_,generated_datapath,tier1,tier0,16.617113,0.816816,0.966061
2,430,_22116_,generated_datapath,tier1,tier0,16.611801,0.816605,0.965802
2,431,_22120_,generated_datapath,tier1,tier0,16.620881,0.816393,0.965544
2,432,_22124_,generated_datapath,tier1,tier0,16.612888,0.816182,0.965285
2,433,_22129_,generated_datapath,tier1,tier0,16.614997,0.815970,0.965027
2,434,_22133_,generated_datapath,tier1,tier0,7.590151,0.815759,0.964768
2,435,_22143_,generated_datapath,tier1,tier0,16.571837,0.815548,0.964510
2,436,_22151_,generated_datapath,tier1,tier0,16.572704,0.815336,0.964252
2,437,_22164_,generated_datapath,tier1,tier0,16.577306,0.815125,0.963994
2,438,_20835_,generated_datapath,tier1,tier0,2.251738,0.814914,0.963736
2,439,_22549_,generated_datapath,tier1,tier0,3.950476,0.814703,0.963478
2,440,_24392_,generated_datapath,tier1,tier0,15.985154,0.814492,0.963220
2,441,_24411_,generated_datapath,tier1,tier0,16.013692,0.814281,0.962962
2,442,_20902_,generated_datapath,tier1,tier0,6.701547,0.814070,0.962704
2,443,_19087_,generated_datapath,tier1,tier0,2.986793,0.813859,0.962446
2,444,_24351_,generated_datapath,tier1,tier0,19.544270,0.813648,0.962189
2,445,_24354_,generated_datapath,tier1,tier0,19.594561,0.813437,0.961931
2,446,_24358_,generated_datapath,tier1,tier0,19.450934,0.813226,0.961674
2,447,_24361_,generated_datapath,tier1,tier0,19.560052,0.813016,0.961416
2,448,_24364_,generated_datapath,tier1,tier0,19.640981,0.812805,0.961159
2,449,_24405_,generated_datapath,tier1,tier0,21.881396,0.812594,0.960902
2,450,_24851_,generated_datapath,tier1,tier0,19.533694,0.812384,0.960644
2,451,_23828_,generated_datapath,tier1,tier0,9.113278,0.812173,0.960387
2,452,_23854_,generated_datapath,tier1,tier0,24.170964,0.811963,0.960130
2,453,_23872_,generated_datapath,tier1,tier0,15.077647,0.811752,0.959873
2,454,_15433_,generated_datapath,tier1,tier0,3.445806,0.811542,0.959616
2,455,_18419_,generated_datapath,tier1,tier0,7.801089,0.811332,0.959359
2,456,_23557_,generated_datapath,tier1,tier0,1.605554,0.811121,0.959102
2,457,_23803_,generated_datapath,tier1,tier0,21.227060,0.810911,0.958846
2,458,_343_,generated_datapath,tier1,tier0,13.428596,0.810701,0.958589
2,459,_375_,generated_datapath,tier1,tier0,3.173752,0.810491,0.958332
2,460,_24407_,generated_datapath,tier1,tier0,22.415327,0.810281,0.958076
2,461,_24380_,generated_datapath,tier1,tier0,20.573251,0.810071,0.957819
2,462,_24382_,generated_datapath,tier1,tier0,20.583513,0.809861,0.957563
2,463,_24402_,generated_datapath,tier1,tier0,20.716762,0.809651,0.957306
2,464,_24409_,generated_datapath,tier1,tier0,25.935120,0.809441,0.957050
2,465,_15211_,generated_datapath,tier1,tier0,2.793518,0.809231,0.956794
2,466,_23543_,generated_datapath,tier1,tier0,0.900931,0.809021,0.956538
2,467,_23560_,generated_datapath,tier1,tier0,0.943039,0.808812,0.956282
2,468,_23584_,generated_datapath,tier1,tier0,0.873293,0.808602,0.956026
2,469,_23588_,generated_datapath,tier1,tier0,1.002331,0.808392,0.955770
2,470,_24436_,generated_datapath,tier1,tier0,1.435135,0.808183,0.955514
2,471,_24442_,generated_datapath,tier1,tier0,10.547868,0.807973,0.955258
2,472,_24445_,generated_datapath,tier1,tier0,9.874506,0.807764,0.955002
2,473,_24448_,generated_datapath,tier1,tier0,31.331524,0.807554,0.954746
2,474,_24454_,generated_datapath,tier1,tier0,31.290839,0.807345,0.954491
2,475,_24458_,generated_datapath,tier1,tier0,31.300160,0.807135,0.954235
2,476,_24461_,generated_datapath,tier1,tier0,31.268751,0.806926,0.953980
2,477,_24468_,generated_datapath,tier1,tier0,31.425364,0.806717,0.953724
2,478,_23866_,generated_datapath,tier1,tier0,22.741052,0.806508,0.953469
2,479,_23839_,generated_datapath,tier1,tier0,30.758593,0.806298,0.953214
2,480,_23841_,generated_datapath,tier1,tier0,30.782833,0.806089,0.952958
2,481,_23863_,generated_datapath,tier1,tier0,30.967657,0.805880,0.952703
2,482,_23870_,generated_datapath,tier1,tier0,25.001652,0.805671,0.952448
2,483,_19064_,generated_datapath,tier1,tier0,7.835716,0.805462,0.952193
2,484,_22142_,generated_datapath,tier1,tier0,7.678643,0.805253,0.951938
2,485,_23769_,generated_datapath,tier1,tier0,27.990185,0.805045,0.951683
2,486,_23771_,generated_datapath,tier1,tier0,28.022324,0.804836,0.951428
2,487,_23777_,generated_datapath,tier1,tier0,27.981903,0.804627,0.951174
2,488,_23785_,generated_datapath,tier1,tier0,27.991091,0.804418,0.950919
2,489,_23791_,generated_datapath,tier1,tier0,28.127133,0.804210,0.950664
2,490,_23793_,generated_datapath,tier1,tier0,28.203703,0.804001,0.950410
2,491,_349_,generated_datapath,tier1,tier0,4.810845,0.803792,0.950155
2,492,_519_,generated_datapath,tier1,tier0,13.304238,0.803584,0.949901
2,493,_531_,generated_datapath,tier1,tier0,9.101400,0.803375,0.949646
2,494,_540_,generated_datapath,tier1,tier0,17.574314,0.803167,0.949392
2,495,_576_,generated_datapath,tier1,tier0,13.261566,0.802959,0.949138
2,496,_23868_,generated_datapath,tier1,tier0,23.294338,0.802750,0.948884
2,497,_24394_,generated_datapath,tier1,tier0,9.325934,0.802542,0.948630
2,498,_24429_,generated_datapath,tier1,tier0,9.348211,0.802334,0.948376
2,499,_20702_,generated_datapath,tier1,tier0,8.358115,0.802125,0.948122
2,500,_22110_,generated_datapath,tier1,tier0,9.253593,0.801917,0.947868
2,501,_22115_,generated_datapath,tier1,tier0,18.233748,0.801709,0.947614
2,502,_22119_,generated_datapath,tier1,tier0,9.254715,0.801501,0.947360
2,503,_22123_,generated_datapath,tier1,tier0,7.678981,0.801293,0.947106
2,504,_24432_,generated_datapath,tier1,tier0,31.727953,0.801085,0.946853
2,505,_23823_,generated_datapath,tier1,tier0,27.315908,0.800877,0.946599
2,506,_23856_,generated_datapath,tier1,tier0,30.999425,0.800669,0.946346
2,507,_17136_,generated_datapath,tier1,tier0,12.452352,0.800462,0.946092
2,508,_18031_,generated_datapath,tier1,tier0,9.356260,0.800254,0.945839
2,509,_23574_,generated_datapath,tier1,tier0,12.140069,0.800046,0.945586
2,510,_17558_,generated_control,tier0,tier1,25.366502,0.800254,0.945839
2,511,_24668_,generated_control,tier0,tier1,5.231713,0.800462,0.946092
2,512,_24670_,generated_control,tier0,tier1,5.178453,0.800669,0.946346
2,513,_24671_,generated_control,tier0,tier1,5.194846,0.800877,0.946599
2,514,_24672_,generated_control,tier0,tier1,5.180133,0.801085,0.946853
2,515,_24673_,generated_control,tier0,tier1,5.241380,0.801293,0.947106
2,516,_24674_,generated_control,tier0,tier1,5.262442,0.801501,0.947360
2,517,_24675_,generated_control,tier0,tier1,5.159175,0.801709,0.947614
2,518,_24676_,generated_control,tier0,tier1,5.234079,0.801917,0.947868
2,519,_24895_,generated_control,tier0,tier1,5.335056,0.802125,0.948122
2,520,_24633_,generated_control,tier1,tier0,6.278773,0.801917,0.947868
2,521,_13633_,generated_control,tier1,tier0,0.971142,0.801709,0.947614
2,522,_13671_,generated_control,tier1,tier0,0.921347,0.801501,0.947360
2,523,_13781_,generated_control,tier1,tier0,0.981546,0.801293,0.947106
2,524,_14027_,generated_control,tier1,tier0,0.951242,0.801085,0.946853
2,525,_22272_,generated_control,tier1,tier0,1.721650,0.800877,0.946599
2,526,_23455_,generated_control,tier1,tier0,1.089931,0.800669,0.946346
2,527,_25050_,generated_control,tier1,tier0,4.477891,0.800462,0.946092
2,528,_17459_,generated_control,tier0,tier1,22.973852,0.800669,0.946346
2,529,_17637_,generated_control,tier0,tier1,22.928365,0.800877,0.946599
2,530,_17648_,generated_control,tier0,tier1,22.898377,0.801085,0.946853
2,531,_17657_,generated_control,tier0,tier1,23.052885,0.801293,0.947106
2,532,_17682_,generated_control,tier0,tier1,22.907895,0.801501,0.947360
2,533,_17692_,generated_control,tier0,tier1,22.884645,0.801709,0.947614
2,534,_17697_,generated_control,tier0,tier1,22.920292,0.801917,0.947868
2,535,_17713_,generated_control,tier0,tier1,22.899815,0.802125,0.948122
2,536,_17718_,generated_control,tier0,tier1,22.885369,0.802334,0.948376
2,537,_17723_,generated_control,tier0,tier1,22.900518,0.802542,0.948630
2,538,_16485_,generated_control,tier0,tier1,6.065156,0.802750,0.948884
2,539,_22526_,generated_control,tier0,tier1,5.279094,0.802959,0.949138
2,540,_13558_,generated_control,tier1,tier0,0.478794,0.802750,0.948884
2,541,_13911_,generated_control,tier1,tier0,0.440456,0.802542,0.948630
2,542,_13987_,generated_control,tier1,tier0,0.482883,0.802334,0.948376
2,543,_22438_,generated_control,tier0,tier1,1.925182,0.802542,0.948630
2,544,_22671_,generated_control,tier1,tier0,1.119022,0.802334,0.948376
2,545,_23962_,generated_control,tier1,tier0,0.487221,0.802125,0.948122
2,546,_17887_,generated_control,tier0,tier1,16.253898,0.802334,0.948376
2,547,_17919_,generated_control,tier0,tier1,16.235672,0.802542,0.948630
2,548,_17973_,generated_control,tier0,tier1,16.251507,0.802750,0.948884
2,549,_18018_,generated_control,tier0,tier1,16.279393,0.802959,0.949138
2,550,_22807_,generated_control,tier0,tier1,6.550433,0.803167,0.949392
2,551,_21774_,generated_control,tier0,tier1,1.264602,0.803375,0.949646
2,552,_21783_,generated_control,tier0,tier1,1.299986,0.803584,0.949901
2,553,_18986_,generated_control,tier0,tier1,3.373649,0.803792,0.950155
2,554,_24460_,generated_control,tier1,tier0,8.567814,0.803584,0.949901
2,555,_25003_,generated_control,tier1,tier0,0.251726,0.803375,0.949646
2,556,_20592_,generated_control,tier0,tier1,0.470586,0.803584,0.949901
2,557,_20602_,generated_control,tier0,tier1,0.494245,0.803792,0.950155
2,558,_22403_,generated_control,tier0,tier1,0.248939,0.804001,0.950410
2,559,_22412_,generated_control,tier0,tier1,1.664331,0.804210,0.950664
2,560,_22315_,generated_control,tier0,tier1,4.763546,0.804418,0.950919
2,561,_14943_,generated_control,tier0,tier1,4.128765,0.804627,0.951174
2,562,_15442_,generated_control,tier0,tier1,20.620850,0.804836,0.951428
2,563,_22363_,generated_control,tier0,tier1,6.181445,0.805045,0.951683
2,564,_16400_,generated_control,tier0,tier1,7.467763,0.805253,0.951938
2,565,_16411_,generated_control,tier0,tier1,12.400126,0.805462,0.952193
2,566,_14981_,generated_control,tier0,tier1,19.692586,0.805671,0.952448
2,567,_15616_,generated_control,tier0,tier1,8.587565,0.805880,0.952703
2,568,_15159_,generated_control,tier0,tier1,20.732411,0.806089,0.952958
2,569,_17436_,generated_control,tier0,tier1,9.761106,0.806298,0.953214
2,570,_21914_,generated_control,tier1,tier0,10.729734,0.806089,0.952958
2,571,_14376_,generated_control,tier0,tier1,13.068624,0.806298,0.953214
2,572,_21105_,generated_control,tier0,tier1,4.350109,0.806508,0.953469
2,573,_21766_,generated_control,tier1,tier0,15.997494,0.806298,0.953214
2,574,_21773_,generated_control,tier0,tier1,0.129417,0.806508,0.953469
2,575,_18882_,generated_control,tier0,tier1,4.414552,0.806717,0.953724
2,576,_17476_,generated_control,tier0,tier1,5.297312,0.806926,0.953980
2,577,_16700_,generated_control,tier0,tier1,12.699727,0.807135,0.954235
2,578,_15940_,generated_control,tier0,tier1,0.652893,0.807345,0.954491
2,579,_16612_,generated_control,tier0,tier1,5.152732,0.807554,0.954746
2,580,_19581_,generated_control,tier0,tier1,4.461287,0.807764,0.955002
2,581,_23153_,generated_control,tier0,tier1,6.567466,0.807973,0.955258
2,582,_25079_,generated_control,tier0,tier1,10.729848,0.808183,0.955514
2,583,_15776_,generated_control,tier0,tier1,17.199879,0.808392,0.955770
2,584,_16697_,generated_control,tier0,tier1,21.082101,0.808602,0.956026
2,585,_19203_,generated_control,tier0,tier1,4.436443,0.808812,0.956282
2,586,_19250_,generated_control,tier0,tier1,4.414203,0.809021,0.956538
2,587,_16341_,generated_control,tier0,tier1,17.287847,0.809231,0.956794
2,588,_16824_,generated_control,tier0,tier1,21.487953,0.809441,0.957050
2,589,_16704_,generated_control,tier0,tier1,20.837189,0.809651,0.957306
2,590,_13788_,generated_control,tier0,tier1,16.474439,0.809861,0.957563
2,591,_13996_,generated_control,tier0,tier1,16.452435,0.810071,0.957819
2,592,_19347_,generated_control,tier0,tier1,10.739221,0.810281,0.958076
2,593,_17308_,generated_control,tier0,tier1,3.342446,0.810491,0.958332
2,594,_16759_,generated_control,tier0,tier1,15.192329,0.810701,0.958589
2,595,_16893_,generated_control,tier0,tier1,20.218046,0.810911,0.958846
2,596,_16276_,generated_control,tier0,tier1,9.413076,0.811121,0.959102
2,597,_24997_,generated_control,tier0,tier1,10.612388,0.811332,0.959359
2,598,_16855_,generated_control,tier0,tier1,20.833402,0.811542,0.959616
2,599,_23623_,generated_control,tier0,tier1,12.343621,0.811752,0.959873
2,600,_18722_,generated_control,tier0,tier1,8.266338,0.811963,0.960130
2,601,_16370_,generated_control,tier0,tier1,15.100513,0.812173,0.960387
2,602,_17621_,generated_control,tier0,tier1,18.847039,0.812384,0.960644
2,603,_16871_,generated_control,tier0,tier1,22.733300,0.812594,0.960902
2,604,_24846_,generated_control,tier1,tier0,17.780410,0.812384,0.960644
2,605,_16604_,generated_control,tier0,tier1,17.297849,0.812594,0.960902
2,606,_22542_,generated_control,tier0,tier1,5.140212,0.812805,0.961159
2,607,_16368_,generated_control,tier0,tier1,19.736824,0.813016,0.961416
2,608,_22930_,generated_control,tier1,tier0,8.177616,0.812805,0.961159
2,609,_24304_,generated_control,tier1,tier0,17.675483,0.812594,0.960902
2,610,_16362_,generated_control,tier0,tier1,17.044031,0.812805,0.961159
2,611,_16013_,generated_control,tier0,tier1,3.374363,0.813016,0.961416
2,612,_16159_,generated_control,tier0,tier1,9.454092,0.813226,0.961674
2,613,_19045_,generated_control,tier0,tier1,3.400582,0.813437,0.961931
2,614,_16909_,generated_control,tier0,tier1,23.424439,0.813648,0.962189
2,615,_16376_,generated_control,tier0,tier1,21.422656,0.813859,0.962446
2,616,_18680_,generated_control,tier1,tier0,7.179092,0.813648,0.962189
2,617,_21639_,generated_control,tier1,tier0,0.768592,0.813437,0.961931
2,618,_23283_,generated_control,tier1,tier0,7.279832,0.813226,0.961674
2,619,_16347_,generated_control,tier0,tier1,13.116431,0.813437,0.961931
2,620,_16348_,generated_control,tier0,tier1,17.651123,0.813648,0.962189
2,621,_20034_,generated_control,tier0,tier1,0.542019,0.813859,0.962446
2,622,_14615_,generated_control,tier1,tier0,7.238319,0.813648,0.962189
2,623,_19455_,generated_control,tier0,tier1,3.444662,0.813859,0.962446
2,624,_19526_,generated_control,tier0,tier1,3.432062,0.814070,0.962704
2,625,_18033_,generated_control,tier1,tier0,17.146060,0.813859,0.962446
2,626,_13942_,generated_control,tier1,tier0,8.428276,0.813648,0.962189
2,627,_19073_,generated_control,tier1,tier0,16.245997,0.813437,0.961931
2,628,_19544_,generated_control,tier1,tier0,0.251117,0.813226,0.961674
2,629,_19918_,generated_control,tier1,tier0,0.452004,0.813016,0.961416
2,630,_17326_,load_store,tier1,tier0,1.857445,0.812805,0.961210
2,631,_17325_,load_store,tier1,tier0,7.974560,0.812594,0.961005
2,632,_15371_,generated_datapath,tier1,tier0,7.482658,0.812384,0.960799
2,633,_16566_,generated_datapath,tier1,tier0,0.941470,0.812173,0.960593
2,634,_15773_,generated_datapath,tier1,tier0,3.495929,0.811963,0.960387
2,635,_15836_,generated_datapath,tier1,tier0,3.405718,0.811752,0.960182
2,636,_15976_,generated_datapath,tier1,tier0,3.486360,0.811542,0.959976
2,637,_15170_,generated_datapath,tier1,tier0,3.206917,0.811332,0.959770
2,638,_15192_,generated_datapath,tier1,tier0,3.205254,0.811121,0.959565
2,639,_15219_,generated_datapath,tier1,tier0,3.639877,0.810911,0.959359
2,640,_15286_,generated_datapath,tier1,tier0,3.207796,0.810701,0.959154
2,641,_15353_,generated_datapath,tier1,tier0,7.603812,0.810491,0.958948
2,642,_15175_,generated_datapath,tier1,tier0,3.321308,0.810281,0.958743
2,643,_15937_,generated_datapath,tier1,tier0,3.569374,0.810071,0.958538
2,644,_505_,generated_datapath,tier1,tier0,5.027275,0.809861,0.958332
2,645,_15351_,generated_datapath,tier1,tier0,3.455039,0.809651,0.958127
2,646,_466_,generated_datapath,tier1,tier0,19.338808,0.809441,0.957922
2,647,_15177_,generated_datapath,tier1,tier0,3.550286,0.809231,0.957717
2,648,_15210_,generated_datapath,tier1,tier0,3.554690,0.809021,0.957511
2,649,_15311_,generated_datapath,tier1,tier0,3.569348,0.808812,0.957306
2,650,_15331_,generated_datapath,tier1,tier0,3.582012,0.808602,0.957101
2,651,_18761_,generated_datapath,tier1,tier0,3.619739,0.808392,0.956896
2,652,_15179_,generated_datapath,tier1,tier0,3.612191,0.808183,0.956691
2,653,_18695_,generated_datapath,tier1,tier0,1.956404,0.807973,0.956486
2,654,_24246_,generated_datapath,tier1,tier0,9.368743,0.807764,0.956282
2,655,_18106_,generated_datapath,tier0,tier1,0.865776,0.807973,0.956486
2,656,_15650_,generated_control,tier0,tier1,8.679661,0.808183,0.956691
2,657,_18217_,generated_control,tier0,tier1,6.052572,0.808392,0.956896
2,658,_24039_,generated_control,tier1,tier0,8.011242,0.808183,0.956691
2,659,_16719_,generated_control,tier0,tier1,6.357425,0.808392,0.956896
2,660,_24019_,generated_control,tier1,tier0,5.666353,0.808183,0.956691
2,661,_15036_,generated_control,tier0,tier1,6.959848,0.808392,0.956896
2,662,_16011_,generated_control,tier0,tier1,0.520158,0.808602,0.957101
2,663,_15160_,generated_control,tier0,tier1,15.684947,0.808812,0.957306
2,664,_15443_,generated_control,tier0,tier1,15.658800,0.809021,0.957511
2,665,_14946_,generated_control,tier0,tier1,2.182729,0.809231,0.957717
2,666,_15044_,generated_control,tier0,tier1,1.109062,0.809441,0.957922
2,667,_22825_,generated_control,tier0,tier1,2.196612,0.809651,0.958127
2,668,_16544_,generated_control,tier0,tier1,9.590093,0.809861,0.958332
2,669,_19558_,generated_control,tier1,tier0,3.626100,0.809651,0.958127
2,670,_22640_,generated_control,tier0,tier1,9.924848,0.809861,0.958332
2,671,_14954_,generated_control,tier0,tier1,3.633675,0.810071,0.958538
2,672,_22687_,generated_control,tier0,tier1,10.085645,0.810281,0.958743
2,673,_22696_,generated_control,tier0,tier1,6.449022,0.810491,0.958948
2,674,_22705_,generated_control,tier0,tier1,6.475865,0.810701,0.959154
2,675,_16550_,generated_control,tier0,tier1,3.773007,0.810911,0.959359
2,676,_16883_,generated_control,tier0,tier1,2.733804,0.811121,0.959565
2,677,_18754_,generated_control,tier0,tier1,12.339644,0.811332,0.959770
2,678,_23150_,generated_control,tier0,tier1,5.556595,0.811542,0.959976
2,679,_15215_,generated_control,tier0,tier1,4.076155,0.811752,0.960182
2,680,_18955_,generated_control,tier0,tier1,15.004048,0.811963,0.960387
2,681,_19271_,generated_control,tier0,tier1,15.107591,0.812173,0.960593
2,682,_24951_,generated_control,tier0,tier1,12.912899,0.812384,0.960799
2,683,_16410_,generated_control,tier0,tier1,14.008111,0.812594,0.961005
2,684,_16699_,generated_control,tier0,tier1,13.233355,0.812805,0.961210
2,685,_23592_,generated_control,tier0,tier1,7.165129,0.813016,0.961416
2,686,_23967_,generated_control,tier1,tier0,4.856580,0.812805,0.961210
2,687,_19046_,generated_control,tier0,tier1,10.733173,0.813016,0.961416
2,688,_23605_,generated_control,tier0,tier1,7.735790,0.813226,0.961622
2,689,_19049_,generated_control,tier0,tier1,6.322285,0.813437,0.961828
2,690,_23613_,generated_control,tier0,tier1,6.893121,0.813648,0.962034
2,691,_16979_,generated_control,tier1,tier0,11.521159,0.813437,0.961828
2,692,_23617_,generated_control,tier0,tier1,7.567943,0.813648,0.962034
2,693,_19263_,generated_control,tier0,tier1,10.760245,0.813859,0.962240
2,694,_16756_,generated_control,tier0,tier1,15.901829,0.814070,0.962446
2,695,_19161_,generated_control,tier0,tier1,8.421541,0.814281,0.962653
2,696,_19210_,generated_control,tier0,tier1,3.896172,0.814492,0.962859
2,697,_19450_,generated_control,tier0,tier1,3.250429,0.814703,0.963065
2,698,_16984_,generated_control,tier1,tier0,11.459353,0.814492,0.962859
2,699,_22158_,generated_control,tier0,tier1,4.389433,0.814703,0.963065
2,700,_24804_,generated_control,tier0,tier1,2.630505,0.814914,0.963271
2,701,_19222_,generated_control,tier0,tier1,15.117927,0.815125,0.963478
2,702,_23596_,generated_control,tier0,tier1,7.700754,0.815336,0.963684
2,703,_23600_,generated_control,tier0,tier1,7.685950,0.815548,0.963891
2,704,_16755_,generated_control,tier0,tier1,15.123161,0.815759,0.964097
2,705,_21779_,generated_control,tier0,tier1,6.839165,0.815970,0.964304
2,706,_21786_,generated_control,tier0,tier1,6.825591,0.816182,0.964510
2,707,_21788_,generated_control,tier0,tier1,6.820000,0.816393,0.964717
2,708,_21791_,generated_control,tier0,tier1,6.815489,0.816605,0.964923
2,709,_21793_,generated_control,tier0,tier1,6.834282,0.816816,0.965130
2,710,_21795_,generated_control,tier0,tier1,6.801974,0.817028,0.965337
2,711,_21799_,generated_control,tier0,tier1,6.781461,0.817239,0.965544
2,712,_21805_,generated_control,tier0,tier1,6.830034,0.817451,0.965750
2,713,_21807_,generated_control,tier0,tier1,6.829273,0.817663,0.965957
2,714,_21811_,generated_control,tier0,tier1,6.828660,0.817875,0.966164
2,715,_21815_,generated_control,tier0,tier1,6.797096,0.818086,0.966371
2,716,_21817_,generated_control,tier0,tier1,6.827592,0.818298,0.966578
2,717,_21819_,generated_control,tier0,tier1,6.833856,0.818510,0.966785
2,718,_21821_,generated_control,tier0,tier1,6.822816,0.818722,0.966992
2,719,_23609_,generated_control,tier0,tier1,7.705871,0.818934,0.967199
2,720,_24476_,generated_control,tier0,tier1,5.242336,0.819146,0.967406
2,721,_24480_,generated_control,tier0,tier1,5.200739,0.819359,0.967614
2,722,_24483_,generated_control,tier0,tier1,5.252555,0.819571,0.967821
2,723,_24486_,generated_control,tier0,tier1,5.235314,0.819783,0.968028
2,724,_24489_,generated_control,tier0,tier1,5.273251,0.819995,0.968236
2,725,_24492_,generated_control,tier0,tier1,5.275897,0.820208,0.968443
2,726,_24495_,generated_control,tier0,tier1,5.262345,0.820420,0.968650
2,727,_24498_,generated_control,tier0,tier1,5.260739,0.820633,0.968858
2,728,_24501_,generated_control,tier0,tier1,5.225684,0.820845,0.969065
2,729,_16900_,generated_control,tier0,tier1,15.796244,0.821058,0.969273
2,730,_23630_,generated_control,tier0,tier1,7.745380,0.821270,0.969481
2,731,_21775_,generated_control,tier0,tier1,6.054660,0.821483,0.969688
2,732,_14239_,generated_control,tier1,tier0,5.747615,0.821270,0.969481
2,733,_23317_,generated_control,tier1,tier0,9.528995,0.821058,0.969273
2,734,_17232_,generated_control,tier1,tier0,2.484564,0.820845,0.969065
2,735,_20649_,generated_control,tier0,tier1,6.140229,0.821058,0.969273
2,736,_18032_,generated_control,tier1,tier0,15.858953,0.820845,0.969065
2,737,_18756_,generated_control,tier0,tier1,11.646283,0.821058,0.969273
2,738,_18947_,generated_control,tier0,tier1,16.139762,0.821270,0.969481
2,739,_24729_,generated_control,tier0,tier1,5.332058,0.821483,0.969688
2,740,_15096_,generated_control,tier0,tier1,0.753188,0.821695,0.969896
2,741,_15246_,generated_control,tier0,tier1,4.040662,0.821908,0.970104
2,742,_23151_,generated_control,tier0,tier1,2.687327,0.822121,0.970311
2,743,_23158_,generated_control,tier0,tier1,8.777396,0.822334,0.970519
2,744,_23164_,generated_control,tier0,tier1,8.777537,0.822547,0.970727
2,745,_23170_,generated_control,tier0,tier1,8.791884,0.822760,0.970935
2,746,_19109_,generated_control,tier0,tier1,8.116201,0.822973,0.971143
2,747,_22130_,generated_control,tier1,tier0,23.038489,0.822760,0.970935
2,748,_24435_,generated_control,tier1,tier0,15.603028,0.822547,0.970727
2,749,_24437_,generated_control,tier1,tier0,6.534565,0.822334,0.970519
2,750,_24464_,generated_control,tier1,tier0,12.903862,0.822121,0.970311
2,751,_17191_,generated_control,tier1,tier0,7.988477,0.821908,0.970104
2,752,_23420_,generated_control,tier0,tier1,5.431482,0.822121,0.970311
2,753,_23550_,generated_control,tier0,tier1,1.193005,0.822334,0.970519
2,754,_16469_,generated_control,tier0,tier1,13.429664,0.822547,0.970727
2,755,_16857_,generated_control,tier0,tier1,15.392130,0.822760,0.970935
2,756,_23530_,generated_control,tier0,tier1,2.728276,0.822973,0.971143
2,757,_23273_,generated_control,tier0,tier1,3.134395,0.823186,0.971351
2,758,_15058_,generated_control,tier0,tier1,12.568754,0.823399,0.971559
2,759,_17708_,generated_control,tier0,tier1,14.303498,0.823612,0.971767
2,760,_20594_,generated_control,tier0,tier1,5.225827,0.823825,0.971975
2,761,_24684_,generated_control,tier0,tier1,4.758734,0.824038,0.972183
2,762,_22738_,generated_control,tier0,tier1,10.836323,0.824252,0.972392
2,763,_16208_,generated_control,tier0,tier1,13.564031,0.824465,0.972600
2,764,_16733_,generated_control,tier0,tier1,14.045929,0.824678,0.972808
2,765,_23363_,generated_control,tier0,tier1,5.420887,0.824892,0.973017
2,766,_17086_,generated_control,tier0,tier1,4.742249,0.825105,0.973225
2,767,_19159_,generated_control,tier0,tier1,16.144024,0.825319,0.973433
2,768,_22092_,generated_control,tier0,tier1,20.060665,0.825532,0.973642
2,769,_22162_,generated_control,tier0,tier1,15.564725,0.825746,0.973850
2,770,_16633_,generated_control,tier0,tier1,4.309501,0.825960,0.974059
2,771,_17737_,generated_control,tier0,tier1,21.458568,0.826173,0.974268
2,772,_17738_,generated_control,tier0,tier1,6.381960,0.826387,0.974476
2,773,_16218_,generated_control,tier0,tier1,15.116867,0.826601,0.974685
2,774,_19224_,generated_control,tier0,tier1,4.990794,0.826815,0.974894
2,775,_22753_,generated_control,tier0,tier1,0.582495,0.827029,0.975102
2,776,_22796_,generated_control,tier0,tier1,0.652972,0.827243,0.975311
2,777,_23565_,generated_control,tier0,tier1,2.735415,0.827457,0.975520
2,778,_16776_,generated_control,tier0,tier1,4.891348,0.827671,0.975729
2,779,_17347_,generated_control,tier0,tier1,1.720184,0.827885,0.975938
2,780,_16396_,generated_control,tier0,tier1,15.536869,0.828099,0.976147
2,781,_15057_,generated_control,tier0,tier1,12.466170,0.828314,0.976356
2,782,_16626_,generated_control,tier0,tier1,12.517787,0.828528,0.976565
2,783,_16716_,generated_control,tier0,tier1,7.181913,0.828742,0.976774
2,784,_22752_,generated_control,tier0,tier1,8.598395,0.828957,0.976984
2,785,_23023_,generated_control,tier0,tier1,10.875761,0.829171,0.977193
2,786,_23161_,generated_control,tier0,tier1,13.617913,0.829386,0.977402
2,787,_23394_,generated_control,tier0,tier1,5.403423,0.829600,0.977611
2,788,_23445_,generated_control,tier0,tier1,5.399039,0.829815,0.977821
2,789,_17608_,generated_control,tier0,tier1,17.930022,0.830029,0.978030
2,790,_22795_,generated_control,tier0,tier1,8.183587,0.830244,0.978240
2,791,_22926_,generated_control,tier0,tier1,1.637719,0.830459,0.978449
2,792,_23453_,generated_control,tier0,tier1,13.687357,0.830674,0.978659
2,793,_19485_,generated_control,tier0,tier1,5.486871,0.830888,0.978868
2,794,_20641_,generated_control,tier0,tier1,6.010048,0.831103,0.979078
2,795,_15897_,generated_control,tier0,tier1,6.375220,0.831318,0.979288
2,796,_23292_,generated_control,tier0,tier1,2.834889,0.831533,0.979497
2,797,_19059_,generated_control,tier0,tier1,6.602405,0.831748,0.979707
2,798,_23503_,generated_control,tier0,tier1,3.810118,0.831963,0.979917
2,799,_17818_,generated_control,tier0,tier1,15.814451,0.832179,0.980127
2,800,_18908_,generated_control,tier0,tier1,11.109398,0.832394,0.980337
2,801,_18929_,generated_control,tier0,tier1,11.121361,0.832609,0.980547
2,802,_14320_,generated_control,tier0,tier1,12.982818,0.832824,0.980756
2,803,_21990_,generated_control,tier0,tier1,0.437262,0.833040,0.980967
2,804,_21993_,generated_control,tier0,tier1,0.414335,0.833255,0.981177
2,805,_22916_,generated_control,tier0,tier1,11.098772,0.833470,0.981387
2,806,_23155_,generated_control,tier0,tier1,2.629922,0.833686,0.981597
2,807,_23167_,generated_control,tier0,tier1,24.788415,0.833901,0.981807
2,808,_23173_,generated_control,tier0,tier1,2.621199,0.834117,0.982017
2,809,_23178_,generated_control,tier0,tier1,2.634536,0.834333,0.982228
2,810,_23533_,generated_control,tier0,tier1,2.789219,0.834548,0.982438
2,811,_24160_,generated_control,tier0,tier1,4.965960,0.834764,0.982648
2,812,_16825_,generated_control,tier0,tier1,15.779130,0.834980,0.982859
2,813,_19300_,generated_control,tier0,tier1,13.574269,0.835196,0.983069
2,814,_15649_,generated_control,tier0,tier1,10.155396,0.835412,0.983280
2,815,_17348_,generated_control,tier0,tier1,10.477262,0.835628,0.983490
2,816,_23199_,generated_control,tier0,tier1,4.455385,0.835844,0.983701
2,817,_23240_,generated_control,tier0,tier1,4.464044,0.836060,0.983912
2,818,_17953_,generated_control,tier0,tier1,13.146828,0.836276,0.984122
2,819,_16474_,generated_control,tier0,tier1,15.042718,0.836492,0.984333
2,820,_22560_,generated_control,tier0,tier1,6.161740,0.836708,0.984544
2,821,_15327_,generated_control,tier0,tier1,10.704956,0.836925,0.984755
2,822,_22877_,generated_control,tier0,tier1,0.331773,0.837141,0.984966
2,823,_22634_,generated_control,tier0,tier1,9.207316,0.837357,0.985177
2,824,_15694_,generated_control,tier0,tier1,7.529578,0.837574,0.985387
2,825,_17736_,generated_control,tier0,tier1,8.226460,0.837790,0.985599
2,826,_18637_,generated_control,tier0,tier1,17.105574,0.838007,0.985810
2,827,_18971_,generated_control,tier0,tier1,1.687298,0.838223,0.986021
2,828,_19086_,generated_control,tier0,tier1,6.004488,0.838440,0.986232
2,829,_19363_,generated_control,tier0,tier1,0.515110,0.838656,0.986443
2,830,_19746_,generated_control,tier0,tier1,5.975443,0.838873,0.986654
2,831,_19786_,generated_control,tier0,tier1,10.695423,0.839090,0.986866
2,832,_22910_,generated_control,tier0,tier1,10.993825,0.839307,0.987077
2,833,_22917_,generated_control,tier0,tier1,4.829049,0.839524,0.987288
2,834,_23038_,generated_control,tier0,tier1,0.326184,0.839741,0.987500
2,835,_23201_,generated_control,tier0,tier1,0.475259,0.839958,0.987711
2,836,_23242_,generated_control,tier0,tier1,0.479984,0.840175,0.987923
2,837,_15001_,generated_control,tier0,tier1,3.826918,0.840392,0.988134
2,838,_15097_,generated_control,tier0,tier1,4.936377,0.840609,0.988346
2,839,_19611_,generated_control,tier0,tier1,14.356015,0.840826,0.988557
2,840,_15569_,generated_control,tier0,tier1,14.042573,0.841043,0.988769
2,841,_23263_,generated_control,tier0,tier1,2.558575,0.841260,0.988981
2,842,_16854_,generated_control,tier0,tier1,13.585066,0.841478,0.989193
2,843,_14148_,generated_control,tier0,tier1,9.055047,0.841695,0.989404
2,844,_22721_,generated_control,tier0,tier1,14.065128,0.841913,0.989616
2,845,_16577_,generated_control,tier0,tier1,14.864825,0.842130,0.989828
2,846,_14353_,generated_control,tier0,tier1,4.441457,0.842348,0.990040
2,847,_14361_,generated_control,tier0,tier1,4.441787,0.842565,0.990252
2,848,_14369_,generated_control,tier0,tier1,4.443436,0.842783,0.990464
2,849,_15040_,generated_control,tier0,tier1,12.314943,0.843001,0.990676
2,850,_19329_,generated_control,tier0,tier1,11.919211,0.843218,0.990889
2,851,_19610_,generated_control,tier0,tier1,11.918268,0.843436,0.991101
2,852,_19621_,generated_control,tier0,tier1,11.884484,0.843654,0.991313
2,853,_19652_,generated_control,tier0,tier1,11.918151,0.843872,0.991525
2,854,_19687_,generated_control,tier0,tier1,11.918213,0.844090,0.991738
2,855,_19749_,generated_control,tier0,tier1,11.918272,0.844308,0.991950
2,856,_19757_,generated_control,tier0,tier1,11.873835,0.844526,0.992162
2,857,_19888_,generated_control,tier0,tier1,12.040682,0.844744,0.992375
2,858,_19956_,generated_control,tier0,tier1,12.041236,0.844962,0.992587
2,859,_19993_,generated_control,tier0,tier1,12.020337,0.845180,0.992800
2,860,_20017_,generated_control,tier0,tier1,12.014662,0.845399,0.993012
2,861,_20040_,generated_control,tier0,tier1,11.962647,0.845617,0.993225
2,862,_20051_,generated_control,tier0,tier1,12.040632,0.845835,0.993438
2,863,_23299_,generated_control,tier0,tier1,0.541404,0.846054,0.993650
2,864,_23327_,generated_control,tier0,tier1,0.718947,0.846272,0.993863
2,865,_17673_,generated_control,tier0,tier1,38.402955,0.846491,0.994076
2,866,_22854_,generated_control,tier0,tier1,3.263269,0.846709,0.994289
2,867,_16112_,generated_control,tier0,tier1,12.670162,0.846928,0.994502
2,868,_21978_,generated_control,tier0,tier1,0.644444,0.847147,0.994715
2,869,_23303_,generated_control,tier0,tier1,11.833870,0.847365,0.994928
2,870,_23212_,generated_control,tier0,tier1,27.189943,0.847584,0.995141
2,871,_22645_,generated_control,tier0,tier1,18.168175,0.847803,0.995354
2,872,_23239_,generated_control,tier0,tier1,5.439244,0.848022,0.995567
2,873,_17667_,generated_control,tier0,tier1,33.624124,0.848241,0.995780
2,874,_15774_,generated_control,tier0,tier1,12.969924,0.848460,0.995993
2,875,_17669_,generated_control,tier0,tier1,34.042200,0.848679,0.996207
2,876,_23332_,generated_control,tier0,tier1,16.380081,0.848898,0.996420
2,877,_17625_,generated_control,tier0,tier1,5.917395,0.849117,0.996633
2,878,_19256_,generated_control,tier0,tier1,14.473225,0.849336,0.996847
2,879,_19448_,generated_control,tier0,tier1,13.471601,0.849555,0.997060
2,880,_15095_,generated_control,tier0,tier1,4.749407,0.849775,0.997274
2,881,_18988_,generated_control,tier0,tier1,15.549658,0.849994,0.997487
2,882,_18998_,generated_control,tier0,tier1,11.186421,0.850213,0.997701
2,883,_19079_,generated_control,tier0,tier1,14.914757,0.850433,0.997915
2,884,_19112_,generated_control,tier0,tier1,15.626427,0.850652,0.998128
2,885,_19136_,generated_control,tier0,tier1,14.883083,0.850872,0.998342
2,886,_19214_,generated_control,tier0,tier1,15.653473,0.851092,0.998556
2,887,_19355_,generated_control,tier0,tier1,14.879381,0.851311,0.998770
2,888,_19539_,generated_control,tier0,tier1,14.893209,0.851531,0.998983
2,889,_19702_,generated_control,tier0,tier1,7.822555,0.851751,0.999197
2,890,_19809_,generated_control,tier0,tier1,7.831968,0.851971,0.999411
2,891,_19837_,generated_control,tier0,tier1,7.806976,0.852190,0.999625
2,892,_23231_,generated_control,tier0,tier1,9.145091,0.852410,0.999839
2,893,_22712_,generated_control,tier0,tier1,3.036918,0.852630,0.999946
2,894,_22729_,generated_control,tier0,tier1,3.001699,0.852850,0.999732
2,895,_22740_,generated_control,tier0,tier1,3.007103,0.853070,0.999518
2,896,_22773_,generated_control,tier0,tier1,3.004128,0.853291,0.999304
2,897,_22782_,generated_control,tier0,tier1,2.982021,0.853511,0.999090
2,898,_23378_,generated_control,tier0,tier1,21.057113,0.853731,0.998877
2,899,_23403_,generated_control,tier0,tier1,21.068967,0.853951,0.998663
2,900,_23436_,generated_control,tier0,tier1,21.064140,0.854172,0.998449
2,901,_17763_,generated_control,tier0,tier1,30.115502,0.854392,0.998235
2,902,_18161_,generated_control,tier0,tier1,2.132529,0.854612,0.998021
2,903,_17902_,generated_control,tier0,tier1,25.494395,0.854833,0.997808
2,904,_18991_,generated_control,tier0,tier1,5.503689,0.855054,0.997594
2,905,_22166_,generated_control,tier0,tier1,13.904366,0.855274,0.997381
2,906,_22635_,generated_control,tier0,tier1,13.706571,0.855495,0.997167
2,907,_22654_,generated_control,tier0,tier1,24.783700,0.855715,0.996954
2,908,_22664_,generated_control,tier0,tier1,13.690862,0.855936,0.996740
2,909,_22673_,generated_control,tier0,tier1,13.691543,0.856157,0.996527
2,910,_22682_,generated_control,tier0,tier1,2.603981,0.856378,0.996313
2,911,_22804_,generated_control,tier0,tier1,13.723975,0.856599,0.996100
2,912,_22895_,generated_control,tier0,tier1,11.019867,0.856820,0.995887
2,913,_23184_,generated_control,tier0,tier1,5.652694,0.857041,0.995674
2,914,_23198_,generated_control,tier0,tier1,5.591991,0.857262,0.995460
2,915,_23205_,generated_control,tier0,tier1,5.665278,0.857483,0.995247
2,916,_23217_,generated_control,tier0,tier1,16.735039,0.857704,0.995034
2,917,_23221_,generated_control,tier0,tier1,5.667090,0.857925,0.994821
2,918,_23246_,generated_control,tier0,tier1,5.668426,0.858147,0.994608
2,919,_23252_,generated_control,tier0,tier1,16.800044,0.858368,0.994395
2,920,_24593_,generated_control,tier0,tier1,16.764112,0.858589,0.994182
2,921,_23268_,generated_control,tier0,tier1,6.140377,0.858811,0.993970
2,922,_22813_,generated_control,tier0,tier1,3.077451,0.859032,0.993757
2,923,_17817_,generated_control,tier0,tier1,34.353175,0.859254,0.993544
2,924,_22762_,generated_control,tier0,tier1,25.430756,0.859476,0.993331
2,925,_17626_,generated_control,tier0,tier1,1.477097,0.859697,0.993119
2,926,_17753_,generated_control,tier0,tier1,13.194970,0.859919,0.992906
2,927,_15333_,generated_control,tier0,tier1,6.632549,0.860141,0.992694
2,928,_15407_,generated_control,tier0,tier1,3.875354,0.860363,0.992481
2,929,_15408_,generated_control,tier0,tier1,12.381282,0.860584,0.992269
2,930,_16223_,generated_control,tier0,tier1,13.186822,0.860806,0.992056
2,931,_17866_,generated_control,tier0,tier1,14.287854,0.861028,0.991844
2,932,_19110_,generated_control,tier0,tier1,3.148059,0.861250,0.991631
2,933,_22344_,generated_control,tier0,tier1,3.744570,0.861472,0.991419
2,934,_22533_,generated_control,tier0,tier1,12.523628,0.861695,0.991207
2,935,_23484_,generated_control,tier0,tier1,16.121529,0.861917,0.990995
2,936,_16018_,generated_control,tier0,tier1,13.654591,0.862139,0.990782
2,937,_14979_,generated_control,tier0,tier1,12.703951,0.862361,0.990570
2,938,_18370_,generated_control,tier0,tier1,0.523041,0.862584,0.990358
2,939,_17668_,generated_control,tier0,tier1,30.430689,0.862806,0.990146
2,940,_17801_,generated_control,tier0,tier1,38.051183,0.863028,0.989934
2,941,_23338_,generated_control,tier0,tier1,16.408054,0.863251,0.989722
2,942,_17646_,generated_control,tier0,tier1,27.794456,0.863473,0.989510
2,943,_16354_,generated_control,tier0,tier1,13.678985,0.863696,0.989299
2,944,_15721_,generated_control,tier0,tier1,3.971478,0.863919,0.989087
2,945,_19817_,generated_control,tier0,tier1,7.289710,0.864141,0.988875
2,946,_16753_,generated_control,tier0,tier1,8.662043,0.864364,0.988663
2,947,_23190_,generated_control,tier0,tier1,5.643647,0.864587,0.988452
2,948,_17807_,generated_control,tier0,tier1,38.340908,0.864810,0.988240
2,949,_22692_,generated_control,tier0,tier1,14.115617,0.865033,0.988028
2,950,_22701_,generated_control,tier0,tier1,14.121616,0.865256,0.987817
2,951,_23322_,generated_control,tier0,tier1,22.571433,0.865479,0.987605
2,952,_15667_,generated_control,tier0,tier1,8.512193,0.865702,0.987394
2,953,_24165_,generated_control,tier0,tier1,21.731640,0.865925,0.987183
2,954,_24170_,generated_control,tier0,tier1,21.725558,0.866148,0.986971
2,955,_24203_,generated_control,tier0,tier1,21.735455,0.866372,0.986760
2,956,_18895_,generated_control,tier0,tier1,15.675011,0.866595,0.986549
2,957,_16963_,generated_control,tier0,tier1,8.709238,0.866818,0.986337
2,958,_18153_,generated_control,tier0,tier1,6.250577,0.867042,0.986126
2,959,_18192_,generated_control,tier0,tier1,6.255893,0.867265,0.985915
2,960,_18224_,generated_control,tier0,tier1,6.260502,0.867489,0.985704
2,961,_18268_,generated_control,tier0,tier1,6.269380,0.867712,0.985493
2,962,_18284_,generated_control,tier0,tier1,6.173585,0.867936,0.985282
2,963,_18292_,generated_control,tier0,tier1,6.201534,0.868160,0.985071
2,964,_22834_,generated_control,tier0,tier1,8.526006,0.868383,0.984860
2,965,_17351_,generated_control,tier0,tier1,5.391783,0.868607,0.984649
2,966,_18824_,generated_control,tier0,tier1,16.051959,0.868831,0.984438
2,967,_14384_,generated_control,tier0,tier1,4.901109,0.869055,0.984228
2,968,_19883_,generated_control,tier0,tier1,2.830353,0.869279,0.984017
2,969,_19949_,generated_control,tier0,tier1,2.831289,0.869503,0.983806
2,970,_19987_,generated_control,tier0,tier1,2.830646,0.869727,0.983596
2,971,_20012_,generated_control,tier0,tier1,2.830901,0.869951,0.983385
2,972,_20035_,generated_control,tier0,tier1,2.747255,0.870175,0.983175
2,973,_20046_,generated_control,tier0,tier1,2.823498,0.870399,0.982964
2,974,_20071_,generated_control,tier0,tier1,4.763397,0.870624,0.982754
2,975,_22289_,generated_control,tier0,tier1,4.684920,0.870848,0.982543
2,976,_16132_,generated_control,tier0,tier1,13.508709,0.871072,0.982333
2,977,_14941_,generated_control,tier0,tier1,15.196743,0.871297,0.982122
2,978,_15147_,generated_control,tier0,tier1,15.038992,0.871521,0.981912
2,979,_17264_,generated_control,tier0,tier1,3.838530,0.871746,0.981702
2,980,_16968_,generated_control,tier0,tier1,8.569151,0.871970,0.981492
2,981,_17774_,generated_control,tier0,tier1,27.001036,0.872195,0.981282
2,982,_18679_,generated_control,tier0,tier1,5.088606,0.872420,0.981072
2,983,_24219_,generated_control,tier0,tier1,21.997390,0.872644,0.980861
2,984,_22843_,generated_control,tier0,tier1,18.389964,0.872869,0.980651
2,985,_16912_,generated_control,tier0,tier1,15.647835,0.873094,0.980442
2,986,_17996_,generated_control,tier0,tier1,31.194127,0.873319,0.980232
2,987,_17655_,generated_control,tier0,tier1,20.036347,0.873544,0.980022
2,988,_16545_,generated_control,tier0,tier1,17.702418,0.873769,0.979812
2,989,_17940_,generated_control,tier0,tier1,21.686280,0.873994,0.979602
2,990,_23637_,generated_control,tier0,tier1,24.907692,0.874219,0.979392
2,991,_15046_,generated_control,tier0,tier1,14.966761,0.874444,0.979183
2,992,_16471_,generated_control,tier0,tier1,13.075975,0.874670,0.978973
2,993,_17647_,generated_control,tier0,tier1,27.670024,0.874895,0.978763
2,994,_24597_,generated_control,tier0,tier1,14.645650,0.875120,0.978554
2,995,_15659_,generated_control,tier0,tier1,4.315176,0.875346,0.978344
2,996,_18183_,generated_control,tier0,tier1,1.877965,0.875571,0.978135
2,997,_17950_,generated_control,tier0,tier1,21.846779,0.875797,0.977925
2,998,_14267_,generated_control,tier0,tier1,3.937237,0.876022,0.977716
2,999,_16010_,generated_control,tier0,tier1,5.146648,0.876248,0.977507
2,1000,_17742_,generated_control,tier0,tier1,4.209359,0.876473,0.977297
2,1001,_17679_,generated_control,tier0,tier1,31.742236,0.876699,0.977088
2,1002,_16405_,generated_control,tier0,tier1,15.800018,0.876925,0.976879
2,1003,_18588_,generated_control,tier0,tier1,11.080407,0.877151,0.976670
2,1004,_18237_,generated_control,tier0,tier1,11.906739,0.877377,0.976461
2,1005,_18245_,generated_control,tier0,tier1,11.888961,0.877603,0.976252
2,1006,_16209_,generated_control,tier0,tier1,11.605306,0.877829,0.976043
2,1007,_17732_,generated_control,tier0,tier1,27.082883,0.878055,0.975834
2,1008,_17865_,generated_control,tier0,tier1,25.583271,0.878281,0.975625
2,1009,_16473_,generated_control,tier0,tier1,14.657163,0.878507,0.975416
2,1010,_20074_,generated_control,tier0,tier1,15.285760,0.878733,0.975207
2,1011,_19848_,generated_control,tier0,tier1,10.919876,0.878959,0.974998
2,1012,_15400_,generated_control,tier0,tier1,6.935858,0.879186,0.974789
2,1013,_17824_,generated_control,tier0,tier1,20.950335,0.879412,0.974581
2,1014,_17766_,generated_control,tier0,tier1,12.469233,0.879639,0.974372
2,1015,_399_,generated_control,tier0,tier1,7.769291,0.879865,0.974163
2,1016,_18852_,generated_control,tier0,tier1,8.943934,0.880092,0.973955
2,1017,_18191_,generated_control,tier0,tier1,1.851788,0.880318,0.973746
2,1018,_15899_,generated_control,tier0,tier1,6.388156,0.880545,0.973538
2,1019,_17764_,generated_control,tier0,tier1,37.719407,0.880772,0.973329
2,1020,_17674_,generated_control,tier0,tier1,30.180784,0.880998,0.973121
2,1021,_16769_,generated_control,tier0,tier1,18.648543,0.881225,0.972912
2,1022,_17670_,generated_control,tier0,tier1,25.799450,0.881452,0.972704
2,1023,_16402_,generated_control,tier0,tier1,14.861310,0.881679,0.972496
2,1024,_15100_,generated_control,tier0,tier1,12.623339,0.881906,0.972287
2,1025,_16860_,generated_control,tier0,tier1,17.963437,0.882133,0.972079
2,1026,_16652_,generated_control,tier0,tier1,13.867434,0.882360,0.971871
2,1027,_15564_,generated_control,tier0,tier1,4.328309,0.882587,0.971663
2,1028,_24809_,generated_control,tier0,tier1,20.602971,0.882814,0.971455
2,1029,_18702_,generated_control,tier0,tier1,10.335520,0.883042,0.971247
2,1030,_22429_,generated_control,tier0,tier1,19.244367,0.883269,0.971039
2,1031,_17474_,generated_control,tier0,tier1,37.453065,0.883496,0.970831
2,1032,_15401_,generated_control,tier0,tier1,3.921663,0.883724,0.970623
2,1033,_18176_,generated_control,tier0,tier1,1.501146,0.883951,0.970415
2,1034,_18208_,generated_control,tier0,tier1,9.103718,0.884179,0.970207
2,1035,_17677_,generated_control,tier0,tier1,14.025314,0.884406,0.970000
2,1036,_17783_,generated_control,tier0,tier1,13.155904,0.884634,0.969792
2,1037,_18893_,generated_control,tier0,tier1,16.309784,0.884862,0.969584
2,1038,_15243_,generated_control,tier0,tier1,0.823501,0.885089,0.969377
2,1039,_17739_,generated_control,tier0,tier1,34.390835,0.885317,0.969169
2,1040,_14983_,generated_control,tier0,tier1,11.642053,0.885545,0.968962
2,1041,_14984_,generated_control,tier0,tier1,11.468530,0.885773,0.968754
2,1042,_15683_,generated_control,tier0,tier1,12.506029,0.886001,0.968547
2,1043,_15726_,generated_control,tier0,tier1,4.938718,0.886229,0.968339
2,1044,_16467_,generated_control,tier0,tier1,12.572444,0.886457,0.968132
2,1045,_16898_,generated_control,tier0,tier1,17.122168,0.886685,0.967925
2,1046,_17340_,generated_control,tier0,tier1,6.737471,0.886913,0.967717
2,1047,_17387_,generated_control,tier0,tier1,0.322210,0.887142,0.967510
2,1048,_18666_,generated_control,tier0,tier1,4.187468,0.887370,0.967303
2,1049,_23510_,generated_control,tier0,tier1,12.980694,0.887598,0.967096
2,1050,_23514_,generated_control,tier0,tier1,12.980975,0.887827,0.966889
2,1051,_23518_,generated_control,tier0,tier1,12.981224,0.888055,0.966682
2,1052,_23523_,generated_control,tier0,tier1,12.980945,0.888284,0.966475
2,1053,_23539_,generated_control,tier0,tier1,12.981142,0.888512,0.966268
2,1054,_23552_,generated_control,tier0,tier1,12.981264,0.888741,0.966061
2,1055,_23562_,generated_control,tier0,tier1,12.981027,0.888970,0.965854
2,1056,_23585_,generated_control,tier0,tier1,12.980860,0.889198,0.965647
2,1057,_23589_,generated_control,tier0,tier1,12.981117,0.889427,0.965440
2,1058,_23627_,generated_control,tier0,tier1,12.981441,0.889656,0.965233
2,1059,_17507_,generated_control,tier0,tier1,10.913391,0.889885,0.965027
2,1060,_18220_,generated_control,tier0,tier1,20.039045,0.890114,0.964820
2,1061,_18253_,generated_control,tier0,tier1,20.056604,0.890343,0.964613
2,1062,_18263_,generated_control,tier0,tier1,20.038785,0.890572,0.964407
2,1063,_18280_,generated_control,tier0,tier1,20.054087,0.890801,0.964200
2,1064,_18304_,generated_control,tier0,tier1,20.041817,0.891030,0.963994
2,1065,_18312_,generated_control,tier0,tier1,20.062389,0.891260,0.963787
2,1066,_13560_,generated_control,tier0,tier1,0.358715,0.891489,0.963581
2,1067,_13913_,generated_control,tier0,tier1,0.407034,0.891718,0.963375
2,1068,_13989_,generated_control,tier0,tier1,0.460156,0.891948,0.963168
2,1069,_15317_,generated_control,tier0,tier1,3.681990,0.892177,0.962962
2,1070,_15631_,generated_control,tier0,tier1,3.680388,0.892407,0.962756
2,1071,_15913_,generated_control,tier0,tier1,3.677511,0.892636,0.962550
2,1072,_15951_,generated_control,tier0,tier1,3.696841,0.892866,0.962343
2,1073,_16050_,generated_control,tier0,tier1,3.713075,0.893095,0.962137
2,1074,_16298_,generated_control,tier0,tier1,3.680234,0.893325,0.961931
2,1075,_18572_,generated_control,tier0,tier1,3.820705,0.893555,0.961725
2,1076,_23077_,generated_control,tier0,tier1,5.172574,0.893785,0.961519
2,1077,_17761_,generated_control,tier0,tier1,12.992550,0.894015,0.961313
2,1078,_17805_,generated_control,tier0,tier1,24.455988,0.894245,0.961107
2,1079,_16059_,generated_control,tier0,tier1,16.878578,0.894475,0.960902
2,1080,_14994_,generated_control,tier0,tier1,10.297520,0.894705,0.960696
2,1081,_17729_,generated_control,tier0,tier1,15.474217,0.894935,0.960490
2,1082,_17869_,generated_control,tier0,tier1,17.741238,0.895165,0.960284
2,1083,_23665_,generated_control,tier0,tier1,2.557409,0.895395,0.960079
2,1084,_23668_,generated_control,tier0,tier1,2.517364,0.895626,0.959873
2,1085,_23671_,generated_control,tier0,tier1,8.924324,0.895856,0.959667
2,1086,_23674_,generated_control,tier0,tier1,8.925281,0.896087,0.959462
2,1087,_23677_,generated_control,tier0,tier1,2.587661,0.896317,0.959256
2,1088,_23680_,generated_control,tier0,tier1,2.592497,0.896548,0.959051
2,1089,_23683_,generated_control,tier0,tier1,8.924907,0.896778,0.958846
2,1090,_23686_,generated_control,tier0,tier1,2.576052,0.897009,0.958640
2,1091,_23689_,generated_control,tier0,tier1,2.541837,0.897239,0.958435
2,1092,_23692_,generated_control,tier0,tier1,15.370924,0.897470,0.958230
2,1093,_23695_,generated_control,tier0,tier1,8.924999,0.897701,0.958024
2,1094,_23698_,generated_control,tier0,tier1,8.924933,0.897932,0.957819
2,1095,_23701_,generated_control,tier0,tier1,8.925677,0.898163,0.957614
2,1096,_17671_,generated_control,tier0,tier1,25.471755,0.898394,0.957409
2,1097,_17782_,generated_control,tier0,tier1,13.262044,0.898625,0.957204
2,1098,_15987_,generated_control,tier0,tier1,3.823845,0.898856,0.956999
2,1099,_15988_,generated_control,tier0,tier1,12.537095,0.899087,0.956794
2,1100,_17676_,generated_control,tier0,tier1,34.273118,0.899318,0.956589
2,1101,_14958_,generated_control,tier0,tier1,9.398756,0.899549,0.956384
2,1102,_18667_,generated_control,tier0,tier1,8.680944,0.899781,0.956179
2,1103,_17653_,generated_control,tier0,tier1,20.561993,0.900012,0.955974
2,1104,_17687_,generated_control,tier0,tier1,32.632895,0.900244,0.955770
2,1105,_14071_,generated_control,tier0,tier1,5.364642,0.900475,0.955565
2,1106,_16836_,generated_control,tier0,tier1,18.616174,0.900707,0.955360
2,1107,_19409_,generated_control,tier0,tier1,4.087100,0.900938,0.955156
2,1108,_16321_,generated_control,tier0,tier1,15.413266,0.901170,0.954951
2,1109,_20027_,generated_control,tier0,tier1,7.625551,0.901402,0.954746
2,1110,_17734_,generated_control,tier0,tier1,8.440778,0.901633,0.954542
2,1111,_20005_,generated_control,tier0,tier1,7.222824,0.901865,0.954337
2,1112,_16761_,generated_control,tier0,tier1,18.319928,0.902097,0.954133
2,1113,_14324_,generated_control,tier0,tier1,0.963217,0.902329,0.953929
2,1114,_17831_,generated_control,tier0,tier1,23.608924,0.902561,0.953724
2,1115,_17003_,generated_control,tier0,tier1,8.262989,0.902793,0.953520
2,1116,_19851_,generated_control,tier0,tier1,5.324652,0.903025,0.953316
2,1117,_19895_,generated_control,tier0,tier1,5.355008,0.903257,0.953112
2,1118,_18788_,generated_control,tier0,tier1,8.699274,0.903490,0.952907
2,1119,_16754_,generated_control,tier0,tier1,12.729998,0.903722,0.952703
2,1120,_17271_,generated_control,tier0,tier1,0.666228,0.903954,0.952499
2,1121,_17756_,generated_control,tier0,tier1,26.206636,0.904187,0.952295
2,1122,_18063_,generated_control,tier0,tier1,8.611962,0.904419,0.952091
2,1123,_19302_,generated_control,tier0,tier1,16.851851,0.904651,0.951887
2,1124,_24608_,generated_control,tier0,tier1,2.553283,0.904884,0.951683
2,1125,_14952_,generated_control,tier0,tier1,14.098810,0.905117,0.951479
2,1126,_17654_,generated_control,tier0,tier1,25.735937,0.905349,0.951276
2,1127,_17743_,generated_control,tier0,tier1,13.723796,0.905582,0.951072
2,1128,_17384_,generated_control,tier0,tier1,6.198761,0.905815,0.950868
2,1129,_17884_,generated_control,tier0,tier1,12.644118,0.906048,0.950664
2,1130,_14995_,generated_control,tier0,tier1,7.450901,0.906281,0.950461
2,1131,_17391_,generated_control,tier0,tier1,5.386720,0.906514,0.950257
2,1132,_19301_,generated_control,tier0,tier1,10.070813,0.906747,0.950053
2,1133,_24815_,generated_control,tier0,tier1,20.694287,0.906980,0.949850
2,1134,_17804_,generated_control,tier0,tier1,27.834061,0.907213,0.949646
2,1135,_17735_,generated_control,tier0,tier1,34.108098,0.907446,0.949443
2,1136,_16613_,generated_control,tier0,tier1,10.724483,0.907679,0.949240
2,1137,_15658_,generated_control,tier0,tier1,13.697567,0.907912,0.949036
2,1138,_16113_,generated_control,tier0,tier1,13.873926,0.908146,0.948833
2,1139,_17722_,generated_control,tier0,tier1,25.883826,0.908379,0.948630
2,1140,_17911_,generated_control,tier0,tier1,21.661030,0.908613,0.948426
2,1141,_22544_,generated_control,tier0,tier1,13.780959,0.908846,0.948223
2,1142,_16815_,generated_control,tier0,tier1,8.268688,0.909080,0.948020
2,1143,_17688_,generated_control,tier0,tier1,22.914764,0.909313,0.947817
2,1144,_15898_,generated_control,tier0,tier1,9.029497,0.909547,0.947614
2,1145,_13857_,generated_control,tier0,tier1,8.365555,0.909781,0.947411
2,1146,_16798_,generated_control,tier0,tier1,8.099601,0.910015,0.947208
2,1147,_16799_,generated_control,tier0,tier1,12.433550,0.910249,0.947005
2,1148,_14072_,generated_control,tier0,tier1,13.494266,0.910482,0.946802
2,1149,_19481_,generated_control,tier0,tier1,17.443149,0.910716,0.946599
2,1150,_17672_,generated_control,tier0,tier1,8.594236,0.910951,0.946396
2,1151,_18945_,generated_control,tier0,tier1,10.953447,0.911185,0.946194
2,1152,_17343_,generated_control,tier0,tier1,22.095332,0.911419,0.945991
2,1153,_17933_,generated_control,tier0,tier1,19.105082,0.911653,0.945788
2,1154,_18897_,generated_control,tier0,tier1,17.512964,0.911887,0.945586
2,1155,_17854_,generated_control,tier0,tier1,12.827277,0.912122,0.945383
2,1156,_15294_,generated_control,tier0,tier1,15.398211,0.912356,0.945181
2,1157,_15576_,generated_control,tier0,tier1,13.331278,0.912590,0.944978
2,1158,_18589_,generated_control,tier0,tier1,7.788214,0.912825,0.944776
2,1159,_19629_,generated_control,tier0,tier1,16.805484,0.913059,0.944573
2,1160,_17731_,generated_control,tier0,tier1,29.226051,0.913294,0.944371
2,1161,_15247_,generated_control,tier0,tier1,7.469879,0.913529,0.944168
2,1162,_17656_,generated_control,tier0,tier1,29.950479,0.913763,0.943966
2,1163,_17917_,generated_control,tier0,tier1,12.627932,0.913998,0.943764
2,1164,_17928_,generated_control,tier0,tier1,12.691444,0.914233,0.943562
2,1165,_23364_,generated_control,tier0,tier1,10.030642,0.914468,0.943359
2,1166,_23395_,generated_control,tier0,tier1,10.008221,0.914703,0.943157
2,1167,_23421_,generated_control,tier0,tier1,10.024948,0.914938,0.942955
2,1168,_23446_,generated_control,tier0,tier1,10.006929,0.915173,0.942753
2,1169,_23504_,generated_control,tier0,tier1,9.959822,0.915408,0.942551
2,1170,_13603_,generated_control,tier0,tier1,11.555104,0.915643,0.942349
2,1171,_13641_,generated_control,tier0,tier1,20.577802,0.915879,0.942147
2,1172,_13916_,generated_control,tier0,tier1,20.529097,0.916114,0.941945
2,1173,_13954_,generated_control,tier0,tier1,8.576889,0.916349,0.941744
2,1174,_13993_,generated_control,tier0,tier1,20.541990,0.916585,0.941542
2,1175,_14032_,generated_control,tier0,tier1,20.539300,0.916820,0.941340
2,1176,_14075_,generated_control,tier0,tier1,20.557799,0.917056,0.941138
2,1177,_25058_,generated_control,tier0,tier1,20.518158,0.917291,0.940937
2,1178,_13674_,generated_control,tier0,tier1,7.365493,0.917527,0.940735
2,1179,_17561_,generated_control,tier0,tier1,18.535113,0.917763,0.940533
2,1180,_17678_,generated_control,tier0,tier1,25.759188,0.917999,0.940332
2,1181,_19691_,generated_control,tier0,tier1,1.147773,0.918234,0.940130
2,1182,_13636_,generated_control,tier0,tier1,1.883381,0.918470,0.939929
2,1183,_15023_,generated_control,tier0,tier1,12.566022,0.918706,0.939727
2,1184,_15451_,generated_control,tier0,tier1,3.610603,0.918942,0.939526
2,1185,_15469_,generated_control,tier0,tier1,8.356055,0.919178,0.939325
2,1186,_15486_,generated_control,tier0,tier1,12.423015,0.919414,0.939123
2,1187,_15487_,generated_control,tier0,tier1,12.423061,0.919651,0.938922
2,1188,_15606_,generated_control,tier0,tier1,3.789714,0.919887,0.938721
2,1189,_15607_,generated_control,tier0,tier1,12.441095,0.920123,0.938520
2,1190,_16587_,generated_control,tier0,tier1,10.765076,0.920359,0.938319
2,1191,_16878_,generated_control,tier0,tier1,12.574430,0.920596,0.938118
2,1192,_16879_,generated_control,tier0,tier1,12.574448,0.920832,0.937917
2,1193,_16960_,generated_control,tier0,tier1,12.546575,0.921069,0.937716
2,1194,_16961_,generated_control,tier0,tier1,12.546621,0.921305,0.937515
2,1195,_17619_,generated_control,tier0,tier1,14.006104,0.921542,0.937314
2,1196,_18015_,generated_control,tier0,tier1,8.346601,0.921779,0.937113
2,1197,_18851_,generated_control,tier0,tier1,10.642334,0.922016,0.936912
2,1198,_19560_,generated_control,tier0,tier1,16.933261,0.922252,0.936711
2,1199,_18062_,generated_control,tier0,tier1,3.524202,0.922489,0.936510
2,1200,_19070_,generated_control,tier0,tier1,4.820682,0.922726,0.936310
2,1201,_19122_,generated_control,tier0,tier1,5.316959,0.922963,0.936109
2,1202,_19169_,generated_control,tier0,tier1,14.390714,0.923200,0.935908
2,1203,_15123_,generated_control,tier0,tier1,12.797055,0.923437,0.935708
2,1204,_17078_,generated_control,tier0,tier1,5.883318,0.923674,0.935507
2,1205,_19796_,generated_control,tier0,tier1,11.973930,0.923912,0.935307
2,1206,_19907_,generated_control,tier0,tier1,11.926442,0.924149,0.935106
2,1207,_19931_,generated_control,tier0,tier1,11.963418,0.924386,0.934906
2,1208,_16862_,generated_control,tier0,tier1,18.403383,0.924624,0.934706
2,1209,_18596_,generated_control,tier0,tier1,17.251713,0.924861,0.934505
2,1210,_14951_,generated_control,tier0,tier1,14.379016,0.925099,0.934305
2,1211,_17733_,generated_control,tier0,tier1,12.200328,0.925336,0.934105
2,1212,_23426_,generated_control,tier0,tier1,11.035600,0.925574,0.933904
2,1213,_23458_,generated_control,tier0,tier1,8.903139,0.925812,0.933704
2,1214,_23475_,generated_control,tier0,tier1,17.880381,0.926049,0.933504
2,1215,_19518_,generated_control,tier0,tier1,16.690335,0.926287,0.933304
2,1216,_19007_,generated_control,tier0,tier1,15.597831,0.926525,0.933104
2,1217,_19218_,generated_control,tier0,tier1,15.578719,0.926763,0.932904
2,1218,_19372_,generated_control,tier0,tier1,15.711947,0.927001,0.932704
2,1219,_24154_,generated_control,tier0,tier1,18.145021,0.927239,0.932504
2,1220,_24182_,generated_control,tier0,tier1,18.167996,0.927477,0.932304
2,1221,_24187_,generated_control,tier0,tier1,18.243762,0.927715,0.932104
2,1222,_24197_,generated_control,tier0,tier1,18.139765,0.927954,0.931905
2,1223,_24213_,generated_control,tier0,tier1,18.082405,0.928192,0.931705
2,1224,_24248_,generated_control,tier0,tier1,9.091093,0.928430,0.931505
2,1225,_24254_,generated_control,tier0,tier1,18.041610,0.928669,0.931305
2,1226,_24274_,generated_control,tier0,tier1,9.115164,0.928907,0.931106
2,1227,_16480_,generated_control,tier0,tier1,17.660968,0.929146,0.930906
2,1228,_16661_,generated_control,tier0,tier1,17.648108,0.929384,0.930707
2,1229,_13952_,generated_control,tier0,tier1,15.656189,0.929623,0.930507
2,1230,_13991_,generated_control,tier0,tier1,15.658436,0.929861,0.930308
2,1231,_14030_,generated_control,tier0,tier1,15.647691,0.930100,0.930108
2,1232,_13710_,generated_control,tier0,tier1,4.932190,0.930339,0.929909
2,1233,_15504_,generated_control,tier0,tier1,12.404338,0.930578,0.929709
2,1234,_15505_,generated_control,tier0,tier1,12.404360,0.930817,0.929510
2,1235,_15851_,generated_control,tier0,tier1,12.804143,0.931056,0.929311
2,1236,_15852_,generated_control,tier0,tier1,12.804248,0.931295,0.929112
2,1237,_16119_,generated_control,tier0,tier1,12.574601,0.931534,0.928913
2,1238,_16120_,generated_control,tier0,tier1,12.574647,0.931773,0.928713
2,1239,_16189_,generated_control,tier0,tier1,12.596722,0.932012,0.928514
2,1240,_16190_,generated_control,tier0,tier1,12.596808,0.932252,0.928315
2,1241,_16437_,generated_control,tier0,tier1,12.441986,0.932491,0.928116
2,1242,_16438_,generated_control,tier0,tier1,12.441914,0.932730,0.927917
2,1243,_16520_,generated_control,tier0,tier1,12.401254,0.932970,0.927718
2,1244,_16521_,generated_control,tier0,tier1,12.401221,0.933209,0.927519
2,1245,_15474_,generated_control,tier0,tier1,14.586674,0.933449,0.927321
2,1246,_17879_,generated_control,tier0,tier1,19.691389,0.933689,0.927122
2,1247,_24031_,generated_control,tier0,tier1,10.293270,0.933928,0.926923
2,1248,_15098_,generated_control,tier0,tier1,10.231401,0.934168,0.926724
2,1249,_17505_,generated_control,tier0,tier1,4.020450,0.934408,0.926526
2,1250,_17989_,generated_control,tier0,tier1,22.776141,0.934648,0.926327
2,1251,_13525_,generated_control,tier0,tier1,20.346204,0.934888,0.926128
2,1252,_17843_,generated_control,tier0,tier1,19.191192,0.935128,0.925930
2,1253,_18941_,generated_control,tier0,tier1,15.406369,0.935368,0.925731
2,1254,_24337_,generated_control,tier0,tier1,7.114310,0.935608,0.925533
2,1255,_14073_,generated_control,tier0,tier1,11.124582,0.935848,0.925334
2,1256,_22176_,generated_control,tier0,tier1,7.089021,0.936088,0.925136
2,1257,_13746_,generated_control,tier0,tier1,8.418314,0.936329,0.924938
2,1258,_19108_,generated_control,tier0,tier1,7.513844,0.936569,0.924739
2,1259,_13914_,generated_control,tier0,tier1,20.337148,0.936809,0.924541
2,1260,_18002_,generated_control,tier0,tier1,13.419609,0.937050,0.924343
2,1261,_18003_,generated_control,tier0,tier1,16.502629,0.937290,0.924145
2,1262,_15565_,generated_control,tier0,tier1,6.148407,0.937531,0.923946
2,1263,_16730_,generated_control,tier0,tier1,14.680913,0.937772,0.923748
2,1264,_22442_,generated_control,tier0,tier1,14.279772,0.938012,0.923550
2,1265,_14274_,generated_control,tier0,tier1,11.016254,0.938253,0.923352
2,1266,_14616_,generated_control,tier0,tier1,11.084644,0.938494,0.923154
2,1267,_19128_,generated_control,tier0,tier1,11.161217,0.938735,0.922956
2,1268,_17862_,generated_control,tier0,tier1,10.972037,0.938976,0.922758
2,1269,_18026_,generated_control,tier0,tier1,19.629872,0.939217,0.922560
2,1270,_15024_,generated_control,tier0,tier1,1.560891,0.939458,0.922363
2,1271,_15574_,generated_control,tier0,tier1,14.307460,0.939699,0.922165
2,1272,_15613_,generated_control,tier0,tier1,11.300459,0.939940,0.921967
2,1273,_20065_,generated_control,tier0,tier1,15.652305,0.940182,0.921769
2,1274,_17745_,generated_control,tier0,tier1,14.190752,0.940423,0.921572
2,1275,_17430_,generated_control,tier0,tier1,6.218998,0.940664,0.921374
2,1276,_14948_,generated_control,tier0,tier1,17.555642,0.940906,0.921176
2,1277,_16514_,generated_control,tier0,tier1,17.811305,0.941147,0.920979
2,1278,_15714_,generated_control,tier0,tier1,13.452856,0.941389,0.920781
2,1279,_22306_,generated_control,tier0,tier1,15.425497,0.941630,0.920584
2,1280,_22354_,generated_control,tier0,tier1,15.412674,0.941872,0.920387
2,1281,_22347_,generated_control,tier0,tier1,6.852047,0.942114,0.920189
2,1282,clkbuf_leaf_21__05563_,clock_reset,tier0,tier1,0.023244,0.942356,0.920041
2,1283,input145,trap_debug,tier1,tier0,5.121692,0.942114,0.920189
2,1284,input162,trap_debug,tier1,tier0,0.320980,0.941872,0.920337
2,1285,input38,fetch,tier1,tier0,0.321006,0.941630,0.920485
2,1286,place3970,generated_control,tier1,tier0,3.958428,0.941389,0.920633
2,1287,rebuffer4209,generated_control,tier0,tier1,8.946065,0.941630,0.920485
2,1288,rebuffer4208,generated_control,tier0,tier1,8.832573,0.941872,0.920337
2,1289,place3331,generated_control,tier0,tier1,0.679790,0.942114,0.920189
2,1290,place3814,generated_control,tier0,tier1,8.758200,0.942356,0.920041
2,1291,place3434,generated_control,tier1,tier0,3.778921,0.942114,0.920189
2,1292,place3825,generated_control,tier0,tier1,7.413095,0.942356,0.920041
2,summary,,,,,13802.450991,0.942356,0.920041
3,1,_24477_,generated_datapath,tier1,tier0,9.996338,0.942114,0.920436
3,2,_24487_,generated_datapath,tier1,tier0,14.586428,0.941872,0.920831
3,3,_24496_,generated_datapath,tier1,tier0,14.588108,0.941630,0.921226
3,4,_24505_,generated_datapath,tier1,tier0,14.744987,0.941389,0.921621
3,5,_24508_,generated_datapath,tier1,tier0,8.653012,0.941147,0.922016
3,6,_19838_,generated_datapath,tier1,tier0,2.141782,0.940906,0.922412
3,7,_19978_,generated_datapath,tier1,tier0,6.529060,0.940664,0.922808
3,8,_19411_,generated_control,tier0,tier1,1.049452,0.940906,0.922412
3,9,_19916_,generated_datapath,tier1,tier0,6.902628,0.940664,0.922758
3,10,_19572_,generated_datapath,tier1,tier0,1.161118,0.940423,0.923105
3,11,_19640_,generated_datapath,tier1,tier0,10.140690,0.940182,0.923451
3,12,_19358_,generated_datapath,tier1,tier0,21.594603,0.939940,0.923798
3,13,_19359_,generated_datapath,tier1,tier0,0.847784,0.939699,0.924145
3,14,_19707_,generated_datapath,tier1,tier0,27.370270,0.939458,0.924491
3,15,_17403_,generated_datapath,tier1,tier0,0.584859,0.939217,0.924838
3,16,_19841_,generated_datapath,tier1,tier0,20.872323,0.938976,0.925185
3,17,_19127_,generated_datapath,tier0,tier1,3.230674,0.939217,0.924838
3,18,_532_,generated_datapath,tier1,tier0,6.575638,0.938976,0.925185
3,19,_19677_,generated_datapath,tier1,tier0,1.599386,0.938735,0.925533
3,20,_18774_,generated_datapath,tier1,tier0,13.201767,0.938494,0.925880
3,21,_14269_,generated_datapath,tier1,tier0,23.626591,0.938253,0.926228
3,22,_18189_,unclassified,tier0,tier1,6.031241,0.938494,0.925880
3,23,_22559_,unclassified,tier0,tier1,3.800443,0.938735,0.925533
3,24,_16008_,unclassified,tier0,tier1,5.934685,0.938976,0.925185
3,25,load_store_unit_i.addr_last_o[28]$_DFFE_PN0P_,load_store,tier0,tier1,4.119230,0.939217,0.924888
3,26,cs_registers_i.u_mepc_csr.rd_data_o[3]$_DFFE_PN0P_,csr,tier1,tier0,2.761540,0.938976,0.925185
3,27,_13549_,generated_datapath,tier1,tier0,1.876827,0.938735,0.925483
3,28,_13616_,generated_datapath,tier1,tier0,1.967773,0.938494,0.925781
3,29,_13624_,generated_datapath,tier1,tier0,1.969391,0.938253,0.926079
3,30,_13654_,generated_datapath,tier1,tier0,1.879793,0.938012,0.926377
3,31,_13662_,generated_datapath,tier1,tier0,1.880352,0.937772,0.926675
3,32,_13764_,generated_datapath,tier1,tier0,1.908725,0.937531,0.926973
3,33,_13772_,generated_datapath,tier1,tier0,1.908125,0.937290,0.927271
3,34,_13902_,generated_datapath,tier1,tier0,1.791750,0.937050,0.927569
3,35,_13978_,generated_datapath,tier1,tier0,1.791228,0.936809,0.927867
3,36,_22025_,generated_datapath,tier1,tier0,1.887441,0.936569,0.928166
3,37,_22127_,generated_datapath,tier1,tier0,1.887674,0.936329,0.928465
3,38,_23843_,generated_datapath,tier1,tier0,1.797978,0.936088,0.928763
3,39,_22472_,generated_datapath,tier1,tier0,3.454858,0.935848,0.929062
3,40,_22561_,generated_datapath,tier1,tier0,3.454368,0.935608,0.929361
3,41,_13691_,generated_datapath,tier1,tier0,2.738623,0.935368,0.929660
3,42,_13699_,generated_datapath,tier1,tier0,2.773443,0.935128,0.929959
3,43,_13727_,generated_datapath,tier1,tier0,2.738306,0.934888,0.930258
3,44,_13735_,generated_datapath,tier1,tier0,2.775595,0.934648,0.930557
3,45,_13838_,generated_datapath,tier1,tier0,2.737004,0.934408,0.930856
3,46,_13846_,generated_datapath,tier1,tier0,2.758705,0.934168,0.931156
3,47,_14010_,generated_datapath,tier1,tier0,2.826489,0.933928,0.931455
3,48,_14018_,generated_datapath,tier1,tier0,2.826344,0.933689,0.931755
3,49,_22880_,generated_datapath,tier1,tier0,15.238030,0.933449,0.932054
3,50,_22967_,generated_datapath,tier1,tier0,15.354892,0.933209,0.932354
3,51,_13542_,generated_datapath,tier1,tier0,11.972099,0.932970,0.932654
3,52,_13704_,generated_datapath,tier1,tier0,3.282559,0.932730,0.932954
3,53,_13740_,generated_datapath,tier1,tier0,3.282229,0.932491,0.933254
3,54,_13851_,generated_datapath,tier1,tier0,3.282427,0.932252,0.933554
3,55,_23014_,generated_datapath,tier1,tier0,3.188416,0.932012,0.933854
3,56,_19946_,generated_datapath,tier1,tier0,2.354220,0.931773,0.934155
3,57,_24859_,generated_datapath,tier1,tier0,13.164005,0.931534,0.934455
3,58,_25032_,generated_datapath,tier1,tier0,13.252869,0.931295,0.934756
3,59,_25041_,generated_datapath,tier1,tier0,13.252258,0.931056,0.935056
3,60,_19281_,generated_datapath,tier1,tier0,5.569085,0.930817,0.935357
3,61,_19995_,generated_datapath,tier1,tier0,2.357252,0.930578,0.935658
3,62,_24744_,generated_datapath,tier1,tier0,10.731565,0.930339,0.935959
3,63,_24924_,generated_datapath,tier1,tier0,10.457114,0.930100,0.936260
3,64,_25046_,generated_datapath,tier1,tier0,10.413597,0.929861,0.936561
3,65,_18087_,generated_datapath,tier1,tier0,10.875521,0.929623,0.936862
3,66,_23903_,generated_datapath,tier1,tier0,1.663176,0.929384,0.937163
3,67,_23954_,generated_datapath,tier1,tier0,16.714940,0.929146,0.937464
3,68,_23995_,generated_datapath,tier1,tier0,7.580921,0.928907,0.937766
3,69,_24097_,generated_datapath,tier1,tier0,2.340588,0.928669,0.938067
3,70,_18099_,generated_datapath,tier1,tier0,14.249587,0.928430,0.938369
3,71,_24054_,generated_datapath,tier1,tier0,5.837688,0.928192,0.938671
3,72,_24090_,generated_datapath,tier1,tier0,6.084590,0.927954,0.938972
3,73,_14450_,generated_datapath,tier1,tier0,20.693518,0.927715,0.939274
3,74,_23926_,generated_datapath,tier1,tier0,23.359421,0.927477,0.939576
3,75,_23969_,generated_datapath,tier1,tier0,1.127726,0.927239,0.939879
3,76,_14398_,generated_datapath,tier1,tier0,2.407925,0.927001,0.940181
3,77,_14494_,generated_datapath,tier1,tier0,11.050116,0.926763,0.940483
3,78,_24080_,generated_datapath,tier1,tier0,8.611780,0.926525,0.940785
3,79,_24084_,generated_datapath,tier1,tier0,4.524724,0.926287,0.941088
3,80,_23917_,generated_datapath,tier1,tier0,1.233695,0.926049,0.941390
3,81,_20872_,generated_datapath,tier1,tier0,3.800145,0.925812,0.941693
3,82,_20972_,generated_datapath,tier1,tier0,8.471347,0.925574,0.941996
3,83,_23271_,generated_datapath,tier1,tier0,21.705600,0.925336,0.942299
3,84,_23357_,generated_datapath,tier1,tier0,13.031478,0.925099,0.942602
3,85,_23405_,generated_datapath,tier1,tier0,21.540279,0.924861,0.942905
3,86,_24250_,generated_datapath,tier0,tier1,3.146537,0.925099,0.942602
3,87,_24276_,generated_datapath,tier0,tier1,3.144842,0.925336,0.942299
3,88,_14466_,generated_datapath,tier1,tier0,2.635773,0.925099,0.942602
3,89,_14467_,generated_datapath,tier1,tier0,15.636639,0.924861,0.942905
3,90,_14170_,generated_datapath,tier1,tier0,11.824229,0.924624,0.943208
3,91,_19676_,generated_datapath,tier1,tier0,23.007413,0.924386,0.943511
3,92,_21019_,generated_datapath,tier1,tier0,7.522758,0.924149,0.943814
3,93,_19601_,generated_datapath,tier1,tier0,6.077146,0.923912,0.944118
3,94,_23461_,generated_datapath,tier0,tier1,8.365247,0.924149,0.943814
3,95,_24319_,generated_datapath,tier1,tier0,1.836544,0.923912,0.944118
3,96,_14161_,generated_datapath,tier1,tier0,6.840132,0.923674,0.944421
3,97,_14232_,generated_datapath,tier1,tier0,2.235737,0.923437,0.944725
3,98,_14306_,generated_datapath,tier1,tier0,11.239271,0.923200,0.945029
3,99,_19741_,generated_datapath,tier1,tier0,9.910590,0.922963,0.945332
3,100,_524_,generated_datapath,tier1,tier0,4.979340,0.922726,0.945636
3,101,_18853_,generated_datapath,tier1,tier0,5.642190,0.922489,0.945940
3,102,_24305_,generated_datapath,tier1,tier0,1.930918,0.922252,0.946244
3,103,_19074_,generated_datapath,tier1,tier0,0.540091,0.922016,0.946549
3,104,_24466_,generated_datapath,tier1,tier0,12.001389,0.921779,0.946853
3,105,_25010_,generated_datapath,tier1,tier0,11.995349,0.921542,0.947157
3,106,_18230_,generated_datapath,tier1,tier0,4.536258,0.921305,0.947462
3,107,_18274_,generated_datapath,tier1,tier0,4.527473,0.921069,0.947766
3,108,_18290_,generated_datapath,tier1,tier0,4.525887,0.920832,0.948071
3,109,_17542_,generated_datapath,tier1,tier0,4.636940,0.920596,0.948376
3,110,_19940_,generated_datapath,tier1,tier0,21.869668,0.920359,0.948681
3,111,_18222_,generated_datapath,tier1,tier0,4.486012,0.920123,0.948985
3,112,_18239_,generated_datapath,tier1,tier0,4.509672,0.919887,0.949290
3,113,_18247_,generated_datapath,tier1,tier0,4.493728,0.919651,0.949596
3,114,_18256_,generated_datapath,tier1,tier0,4.581845,0.919414,0.949901
3,115,_18266_,generated_datapath,tier1,tier0,4.483494,0.919178,0.950206
3,116,_18282_,generated_datapath,tier1,tier0,4.494609,0.918942,0.950512
3,117,_17409_,generated_datapath,tier1,tier0,4.882512,0.918706,0.950817
3,118,_14397_,generated_datapath,tier1,tier0,6.958210,0.918470,0.951123
3,119,_14493_,generated_datapath,tier1,tier0,11.462803,0.918234,0.951428
3,120,_18306_,generated_datapath,tier1,tier0,4.357599,0.917999,0.951734
3,121,_18314_,generated_datapath,tier1,tier0,4.355101,0.917763,0.952040
3,122,_19140_,generated_datapath,tier1,tier0,3.016197,0.917527,0.952346
3,123,_19132_,generated_datapath,tier1,tier0,3.267603,0.917291,0.952652
3,124,_19537_,generated_datapath,tier1,tier0,3.226406,0.917056,0.952958
3,125,_19874_,generated_datapath,tier1,tier0,9.528954,0.916820,0.953265
3,126,_19083_,generated_datapath,tier1,tier0,15.657314,0.916585,0.953571
3,127,_19873_,generated_datapath,tier1,tier0,2.999299,0.916349,0.953878
3,128,_19753_,generated_datapath,tier0,tier1,8.801923,0.916585,0.953571
3,129,_499_,generated_datapath,tier1,tier0,25.469085,0.916349,0.953878
3,130,_23930_,generated_datapath,tier1,tier0,9.908754,0.916114,0.954184
3,131,_23979_,generated_datapath,tier1,tier0,30.043270,0.915879,0.954491
3,132,_23941_,generated_datapath,tier1,tier0,5.264030,0.915643,0.954798
3,133,_14216_,generated_datapath,tier1,tier0,2.422202,0.915408,0.955104
3,134,_18113_,generated_datapath,tier1,tier0,2.269460,0.915173,0.955411
3,135,_14546_,generated_datapath,tier1,tier0,3.255811,0.914938,0.955718
3,136,_18084_,generated_datapath,tier1,tier0,21.788630,0.914703,0.956026
3,137,_18104_,generated_datapath,tier1,tier0,21.630348,0.914468,0.956333
3,138,_14224_,generated_datapath,tier1,tier0,2.238397,0.914233,0.956640
3,139,_22322_,generated_datapath,tier0,tier1,3.548359,0.914468,0.956333
3,140,_22370_,generated_datapath,tier0,tier1,3.501094,0.914703,0.956026
3,141,_22411_,generated_datapath,tier0,tier1,3.456471,0.914938,0.955718
3,142,_22418_,generated_datapath,tier0,tier1,3.458025,0.915173,0.955411
3,143,_14182_,generated_datapath,tier1,tier0,3.665839,0.914938,0.955718
3,144,_19545_,generated_datapath,tier1,tier0,3.659308,0.914703,0.956026
3,145,_14183_,generated_datapath,tier1,tier0,16.793784,0.914468,0.956333
3,146,_20062_,generated_datapath,tier1,tier0,4.830147,0.914233,0.956640
3,147,_14276_,generated_datapath,tier1,tier0,20.471292,0.913998,0.956948
3,148,_13963_,generated_datapath,tier0,tier1,1.413653,0.914233,0.956640
3,149,_14002_,generated_datapath,tier0,tier1,1.372001,0.914468,0.956333
3,150,_13831_,generated_datapath,tier0,tier1,0.765426,0.914703,0.956026
3,151,_19948_,generated_datapath,tier0,tier1,12.007216,0.914938,0.955718
3,152,_22440_,generated_datapath,tier0,tier1,4.141041,0.915173,0.955411
3,153,_19364_,generated_control,tier0,tier1,4.423133,0.915408,0.955104
3,154,_16594_,generated_control,tier0,tier1,8.846674,0.915643,0.954798
3,155,_16647_,generated_control,tier0,tier1,8.830079,0.915879,0.954491
3,156,_19575_,generated_control,tier1,tier0,3.827254,0.915643,0.954798
3,157,_19678_,generated_control,tier1,tier0,5.165560,0.915408,0.955104
3,158,_17410_,generated_control,tier1,tier0,14.179501,0.915173,0.955411
3,159,_19602_,generated_control,tier1,tier0,4.898019,0.914938,0.955718
3,160,_19743_,generated_control,tier1,tier0,4.969375,0.914703,0.956026
3,161,_19875_,generated_control,tier1,tier0,14.045166,0.914468,0.956333
3,162,_19289_,unclassified,tier0,tier1,2.126041,0.914703,0.956026
3,163,_19195_,unclassified,tier0,tier1,12.674301,0.914938,0.955718
3,164,_19325_,unclassified,tier0,tier1,12.350231,0.915173,0.955411
3,165,_17863_,unclassified,tier0,tier1,30.839037,0.915408,0.955104
3,166,_16349_,unclassified,tier0,tier1,14.267243,0.915643,0.954798
3,167,_19111_,unclassified,tier0,tier1,22.494905,0.915879,0.954491
3,168,_17556_,unclassified,tier0,tier1,0.374598,0.916114,0.954184
3,169,_24582_,unclassified,tier0,tier1,7.778648,0.916349,0.953878
3,170,_23091_,generated_datapath,tier1,tier0,8.938111,0.916114,0.954133
3,171,_23095_,generated_datapath,tier1,tier0,9.177680,0.915879,0.954389
3,172,_23105_,generated_datapath,tier1,tier0,9.163982,0.915643,0.954644
3,173,_23110_,generated_datapath,tier1,tier0,9.172168,0.915408,0.954900
3,174,_23115_,generated_datapath,tier1,tier0,9.164678,0.915173,0.955156
3,175,_13941_,generated_datapath,tier1,tier0,8.309726,0.914938,0.955411
3,176,_24343_,generated_datapath,tier1,tier0,4.049359,0.914703,0.955667
3,177,_23466_,generated_datapath,tier1,tier0,8.044316,0.914468,0.955923
3,178,_25033_,generated_datapath,tier1,tier0,8.985614,0.914233,0.956179
3,179,_287_,generated_datapath,tier1,tier0,6.768430,0.913998,0.956435
3,180,_298_,generated_datapath,tier1,tier0,2.613068,0.913763,0.956691
3,181,_655_,generated_datapath,tier1,tier0,6.755359,0.913529,0.956948
3,182,_19947_,generated_datapath,tier1,tier0,8.828150,0.913294,0.957204
3,183,_23361_,generated_datapath,tier1,tier0,8.774040,0.913059,0.957460
3,184,_24866_,generated_datapath,tier1,tier0,8.632372,0.912825,0.957717
3,185,_25042_,generated_datapath,tier1,tier0,8.720646,0.912590,0.957973
3,186,_18257_,generated_datapath,tier1,tier0,20.125358,0.912356,0.958230
3,187,_18299_,generated_datapath,tier1,tier0,20.143531,0.912122,0.958486
3,188,_22267_,generated_datapath,tier1,tier0,8.967692,0.911887,0.958743
3,189,_18065_,generated_datapath,tier1,tier0,5.394307,0.911653,0.959000
3,190,_15812_,generated_datapath,tier0,tier1,19.353685,0.911887,0.958743
3,191,_17066_,generated_datapath,tier1,tier0,6.599352,0.911653,0.959000
3,192,_14977_,generated_datapath,tier1,tier0,3.054215,0.911419,0.959256
3,193,_15156_,generated_datapath,tier1,tier0,10.469006,0.911185,0.959513
3,194,_24802_,generated_datapath,tier0,tier1,2.412552,0.911419,0.959256
3,195,_15612_,generated_datapath,tier1,tier0,10.706337,0.911185,0.959513
3,196,_15536_,generated_datapath,tier1,tier0,9.626561,0.910951,0.959770
3,197,_15070_,generated_datapath,tier1,tier0,9.643812,0.910716,0.960027
3,198,_15107_,generated_datapath,tier1,tier0,0.833126,0.910482,0.960284
3,199,_23079_,generated_datapath,tier1,tier0,4.614317,0.910249,0.960542
3,200,_23083_,generated_datapath,tier1,tier0,0.467628,0.910015,0.960799
3,201,_14998_,generated_datapath,tier1,tier0,0.982740,0.909781,0.961056
3,202,_20879_,generated_datapath,tier1,tier0,8.865410,0.909547,0.961313
3,203,_20978_,generated_datapath,tier1,tier0,8.846864,0.909313,0.961571
3,204,_24155_,generated_datapath,tier1,tier0,2.017334,0.909080,0.961828
3,205,_15850_,generated_datapath,tier1,tier0,3.233389,0.908846,0.962086
3,206,_15921_,generated_datapath,tier1,tier0,3.348203,0.908613,0.962343
3,207,_16006_,generated_datapath,tier1,tier0,3.195934,0.908379,0.962601
3,208,_16073_,generated_datapath,tier1,tier0,3.309019,0.908146,0.962859
3,209,_285_,generated_datapath,tier1,tier0,2.757677,0.907912,0.963117
3,210,_293_,generated_datapath,tier1,tier0,3.160452,0.907679,0.963375
3,211,_318_,generated_datapath,tier1,tier0,2.763186,0.907446,0.963633
3,212,_373_,generated_datapath,tier1,tier0,2.918530,0.907213,0.963891
3,213,_608_,generated_datapath,tier1,tier0,7.391082,0.906980,0.964149
3,214,_653_,generated_datapath,tier1,tier0,6.868015,0.906747,0.964407
3,215,_13638_,generated_datapath,tier0,tier1,2.131295,0.906980,0.964149
3,216,_19393_,generated_datapath,tier0,tier1,4.761224,0.907213,0.963891
3,217,_18376_,generated_datapath,tier1,tier0,11.939718,0.906980,0.964149
3,218,_23544_,generated_datapath,tier1,tier0,3.537662,0.906747,0.964407
3,219,_23558_,generated_datapath,tier1,tier0,3.540226,0.906514,0.964665
3,220,_23576_,generated_datapath,tier1,tier0,3.571273,0.906281,0.964923
3,221,_609_,generated_datapath,tier1,tier0,2.731191,0.906048,0.965182
3,222,_619_,generated_datapath,tier1,tier0,6.880387,0.905815,0.965440
3,223,_14190_,generated_datapath,tier1,tier0,1.892032,0.905582,0.965699
3,224,_18111_,generated_datapath,tier1,tier0,9.126375,0.905349,0.965957
3,225,_304_,generated_datapath,tier1,tier0,3.205150,0.905117,0.966216
3,226,_315_,generated_datapath,tier1,tier0,3.200617,0.904884,0.966475
3,227,_326_,generated_datapath,tier1,tier0,3.154994,0.904651,0.966733
3,228,_338_,generated_datapath,tier1,tier0,7.441310,0.904419,0.966992
3,229,_360_,generated_datapath,tier1,tier0,3.199484,0.904187,0.967251
3,230,_361_,generated_datapath,tier1,tier0,7.169739,0.903954,0.967510
3,231,_372_,generated_datapath,tier1,tier0,7.302408,0.903722,0.967769
3,232,_384_,generated_datapath,tier1,tier0,3.165423,0.903490,0.968028
3,233,_587_,generated_datapath,tier1,tier0,11.590512,0.903257,0.968287
3,234,_628_,generated_datapath,tier1,tier0,3.205099,0.903025,0.968547
3,235,_650_,generated_datapath,tier1,tier0,3.184026,0.902793,0.968806
3,236,_14236_,generated_datapath,tier1,tier0,18.030909,0.902561,0.969065
3,237,_18085_,generated_datapath,tier1,tier0,9.673412,0.902329,0.969325
3,238,_23082_,generated_datapath,tier1,tier0,9.223038,0.902097,0.969584
3,239,_549_,generated_datapath,tier1,tier0,7.116523,0.901865,0.969844
3,240,_558_,generated_datapath,tier1,tier0,7.125656,0.901633,0.970104
3,241,_588_,generated_datapath,tier1,tier0,7.034056,0.901402,0.970363
3,242,_596_,generated_datapath,tier1,tier0,7.059620,0.901170,0.970623
3,243,_21429_,generated_datapath,tier1,tier0,6.455315,0.900938,0.970883
3,244,_21227_,generated_datapath,tier1,tier0,7.307797,0.900707,0.971143
3,245,_23344_,generated_datapath,tier0,tier1,6.436342,0.900938,0.970883
3,246,_396_,generated_datapath,tier1,tier0,3.013305,0.900707,0.971143
3,247,_20004_,generated_datapath,tier0,tier1,4.581440,0.900938,0.970883
3,248,_24249_,generated_datapath,tier1,tier0,30.282870,0.900707,0.971143
3,249,_15591_,generated_datapath,tier0,tier1,0.774361,0.900938,0.970883
3,250,_24145_,generated_datapath,tier1,tier0,8.985799,0.900707,0.971143
3,251,_24161_,generated_datapath,tier1,tier0,6.177497,0.900475,0.971403
3,252,_24227_,generated_datapath,tier1,tier0,15.274077,0.900244,0.971663
3,253,_24262_,generated_datapath,tier1,tier0,9.018432,0.900012,0.971923
3,254,_24269_,generated_datapath,tier1,tier0,15.414741,0.899781,0.972183
3,255,_24281_,generated_datapath,tier1,tier0,15.435962,0.899549,0.972444
3,256,_24290_,generated_datapath,tier1,tier0,9.031082,0.899318,0.972704
3,257,_24297_,generated_datapath,tier1,tier0,15.248929,0.899087,0.972964
3,258,_24311_,generated_datapath,tier1,tier0,15.361104,0.898856,0.973225
3,259,_24322_,generated_datapath,tier1,tier0,8.957075,0.898625,0.973485
3,260,_24333_,generated_datapath,tier1,tier0,15.310741,0.898394,0.973746
3,261,_24340_,generated_datapath,tier1,tier0,15.389861,0.898163,0.974007
3,262,_350_,generated_datapath,tier1,tier0,2.892338,0.897932,0.974268
3,263,_21296_,generated_datapath,tier1,tier0,7.435960,0.897701,0.974528
3,264,_24438_,generated_datapath,tier1,tier0,30.653231,0.897470,0.974789
3,265,_24463_,generated_datapath,tier1,tier0,24.709791,0.897239,0.975050
3,266,_24434_,generated_datapath,tier1,tier0,25.155329,0.897009,0.975311
3,267,_23509_,generated_datapath,tier1,tier0,0.002888,0.896778,0.975572
3,268,_24450_,generated_datapath,tier1,tier0,31.326323,0.896548,0.975834
3,269,_24452_,generated_datapath,tier1,tier0,31.351112,0.896317,0.976095
3,270,_22128_,generated_datapath,tier1,tier0,7.651345,0.896087,0.976356
3,271,_24456_,generated_datapath,tier1,tier0,20.195885,0.895856,0.976617
3,272,_24465_,generated_datapath,tier1,tier0,8.926140,0.895626,0.976879
3,273,_19087_,generated_datapath,tier0,tier1,5.984445,0.895856,0.976617
3,274,_21633_,generated_datapath,tier1,tier0,7.892919,0.895626,0.976879
3,275,_23118_,generated_datapath,tier1,tier0,12.299617,0.895395,0.977140
3,276,_24440_,generated_datapath,tier1,tier0,9.175284,0.895165,0.977402
3,277,_18372_,generated_datapath,tier1,tier0,14.105116,0.894935,0.977664
3,278,_19064_,generated_datapath,tier0,tier1,1.084938,0.895165,0.977402
3,279,_23078_,generated_datapath,tier1,tier0,0.531330,0.894935,0.977664
3,280,_447_,generated_datapath,tier1,tier0,17.606090,0.894705,0.977925
3,281,_638_,generated_datapath,tier1,tier0,13.333098,0.894475,0.978187
3,282,_23534_,generated_datapath,tier1,tier0,1.636373,0.894245,0.978449
3,283,_24376_,generated_datapath,tier1,tier0,20.655949,0.894015,0.978711
3,284,_24378_,generated_datapath,tier1,tier0,31.752611,0.893785,0.978973
3,285,_24384_,generated_datapath,tier1,tier0,31.712664,0.893555,0.979235
3,286,_24388_,generated_datapath,tier1,tier0,9.564559,0.893325,0.979497
3,287,_24390_,generated_datapath,tier1,tier0,31.721949,0.893095,0.979759
3,288,_24396_,generated_datapath,tier1,tier0,31.863531,0.892866,0.980022
3,289,_24399_,generated_datapath,tier1,tier0,31.922957,0.892636,0.980284
3,290,_23891_,generated_datapath,tier1,tier0,29.877338,0.892407,0.980547
3,291,_24854_,generated_datapath,tier1,tier0,31.523028,0.892177,0.980809
3,292,_14193_,generated_datapath,tier1,tier0,8.013362,0.891948,0.981072
3,293,_16985_,generated_datapath,tier1,tier0,18.464401,0.891718,0.981334
3,294,_23830_,generated_datapath,tier1,tier0,8.664546,0.891489,0.981597
3,295,_23837_,generated_datapath,tier1,tier0,30.820819,0.891260,0.981860
3,296,_23844_,generated_datapath,tier1,tier0,30.780450,0.891030,0.982122
3,297,_23849_,generated_datapath,tier1,tier0,19.703453,0.890801,0.982385
3,298,_23851_,generated_datapath,tier1,tier0,30.788380,0.890572,0.982648
3,299,_23860_,generated_datapath,tier1,tier0,30.990698,0.890343,0.982911
3,300,_22181_,generated_datapath,tier1,tier0,6.966099,0.890114,0.983175
3,301,_22194_,generated_datapath,tier1,tier0,7.055023,0.889885,0.983438
3,302,_22204_,generated_datapath,tier1,tier0,6.965752,0.889656,0.983701
3,303,_22210_,generated_datapath,tier1,tier0,6.966330,0.889427,0.983964
3,304,_22216_,generated_datapath,tier1,tier0,6.966054,0.889198,0.984228
3,305,_22234_,generated_datapath,tier1,tier0,6.966521,0.888970,0.984491
3,306,_22241_,generated_datapath,tier1,tier0,6.966333,0.888741,0.984755
3,307,_16940_,generated_datapath,tier1,tier0,3.676877,0.888512,0.985018
3,308,_16955_,generated_datapath,tier1,tier0,3.667561,0.888284,0.985282
3,309,_16958_,generated_datapath,tier1,tier0,3.653288,0.888055,0.985546
3,310,_17197_,generated_datapath,tier1,tier0,8.301185,0.887827,0.985810
3,311,_23761_,generated_datapath,tier1,tier0,15.992646,0.887598,0.986073
3,312,_23765_,generated_datapath,tier1,tier0,4.901696,0.887370,0.986337
3,313,_24367_,generated_datapath,tier1,tier0,28.676954,0.887142,0.986601
3,314,_24371_,generated_datapath,tier1,tier0,17.582372,0.886913,0.986866
3,315,_24374_,generated_datapath,tier1,tier0,6.483489,0.886685,0.987130
3,316,_23826_,generated_datapath,tier1,tier0,29.587705,0.886457,0.987394
3,317,_23833_,generated_datapath,tier1,tier0,18.482973,0.886229,0.987658
3,318,_23835_,generated_datapath,tier1,tier0,29.538930,0.886001,0.987923
3,319,_23858_,generated_datapath,tier1,tier0,29.666247,0.885773,0.988187
3,320,_23318_,generated_datapath,tier1,tier0,7.265733,0.885545,0.988452
3,321,_24420_,generated_datapath,tier1,tier0,6.905861,0.885317,0.988716
3,322,_24427_,generated_datapath,tier1,tier0,16.102845,0.885089,0.988981
3,323,_23882_,generated_datapath,tier1,tier0,18.537940,0.884862,0.989246
3,324,_24415_,generated_datapath,tier1,tier0,29.060871,0.884634,0.989510
3,325,_24580_,generated_datapath,tier1,tier0,2.025227,0.884406,0.989775
3,326,_22279_,generated_datapath,tier1,tier0,3.230278,0.884179,0.990040
3,327,_23876_,generated_datapath,tier1,tier0,29.969136,0.883951,0.990305
3,328,_23889_,generated_datapath,tier1,tier0,15.172780,0.883724,0.990570
3,329,_23809_,generated_datapath,tier1,tier0,27.465337,0.883496,0.990835
3,330,_24386_,generated_datapath,tier1,tier0,10.148405,0.883269,0.991101
3,331,_24413_,generated_datapath,tier1,tier0,28.658934,0.883042,0.991366
3,332,_15837_,generated_datapath,tier1,tier0,8.083560,0.882814,0.991631
3,333,_15843_,generated_datapath,tier1,tier0,7.930778,0.882587,0.991897
3,334,_15971_,generated_datapath,tier1,tier0,8.106196,0.882360,0.992162
3,335,_17285_,generated_datapath,tier1,tier0,3.358848,0.882133,0.992428
3,336,_23874_,generated_datapath,tier1,tier0,29.512537,0.881906,0.992694
3,337,_24369_,generated_datapath,tier1,tier0,16.066921,0.881679,0.992959
3,338,_22200_,generated_datapath,tier1,tier0,25.992253,0.881452,0.993225
3,339,_22213_,generated_datapath,tier1,tier0,25.992213,0.881225,0.993491
3,340,_23763_,generated_datapath,tier1,tier0,16.861447,0.880998,0.993757
3,341,_18718_,generated_datapath,tier1,tier0,3.666462,0.880772,0.994023
3,342,_23846_,generated_datapath,tier1,tier0,19.698552,0.880545,0.994289
3,343,_24683_,generated_datapath,tier1,tier0,20.262277,0.880318,0.994555
3,344,_24860_,generated_datapath,tier1,tier0,5.789188,0.880092,0.994821
3,345,_19657_,generated_datapath,tier1,tier0,3.622003,0.879865,0.995088
3,346,_15392_,generated_datapath,tier1,tier0,3.628949,0.879639,0.995354
3,347,_18685_,generated_datapath,tier1,tier0,3.702787,0.879412,0.995620
3,348,_23884_,generated_datapath,tier1,tier0,29.745248,0.879186,0.995887
3,349,_24422_,generated_datapath,tier1,tier0,28.809812,0.878959,0.996153
3,350,_24679_,generated_datapath,tier1,tier0,26.671382,0.878733,0.996420
3,351,_17263_,generated_datapath,tier1,tier0,3.596330,0.878507,0.996687
3,352,_22270_,generated_datapath,tier1,tier0,15.408438,0.878281,0.996954
3,353,_23878_,generated_datapath,tier1,tier0,18.607195,0.878055,0.997220
3,354,_24417_,generated_datapath,tier1,tier0,28.395383,0.877829,0.997487
3,355,_18398_,generated_datapath,tier1,tier0,3.289645,0.877603,0.997754
3,356,_19081_,generated_datapath,tier1,tier0,7.975814,0.877377,0.998021
3,357,_19138_,generated_datapath,tier1,tier0,7.976138,0.877151,0.998289
3,358,_23531_,generated_datapath,tier1,tier0,6.138227,0.876925,0.998556
3,359,_23817_,generated_datapath,tier1,tier0,27.263183,0.876699,0.998823
3,360,_17716_,generated_datapath,tier1,tier0,0.329752,0.876473,0.999090
3,361,_17204_,generated_datapath,tier1,tier0,5.159048,0.876248,0.999358
3,362,_22276_,generated_datapath,tier1,tier0,10.099618,0.876022,0.999625
3,363,_24573_,generated_datapath,tier1,tier0,23.529066,0.875797,0.999893
3,364,_18697_,generated_datapath,tier1,tier0,3.697939,0.875571,0.999839
3,365,_18152_,generated_datapath,tier1,tier0,22.743644,0.875346,0.999572
3,366,_18732_,generated_datapath,tier1,tier0,2.970270,0.875120,0.999304
3,367,_23789_,generated_datapath,tier1,tier0,25.330286,0.874895,0.999037
3,368,_23887_,generated_datapath,tier1,tier0,13.941766,0.874670,0.998770
3,369,_19014_,generated_datapath,tier1,tier0,4.345560,0.874444,0.998502
3,370,_19227_,generated_datapath,tier1,tier0,4.347462,0.874219,0.998235
3,371,_19414_,generated_datapath,tier1,tier0,8.886238,0.873994,0.997968
3,372,_23805_,generated_datapath,tier1,tier0,21.886446,0.873769,0.997701
3,373,_24425_,generated_datapath,tier1,tier0,17.600068,0.873544,0.997434
3,374,_17705_,generated_datapath,tier1,tier0,0.239000,0.873319,0.997167
3,375,_14194_,generated_datapath,tier1,tier0,6.574494,0.873094,0.996900
3,376,_17017_,generated_datapath,tier1,tier0,9.843104,0.872869,0.996633
3,377,_18074_,generated_datapath,tier1,tier0,11.997436,0.872644,0.996367
3,378,_18783_,generated_datapath,tier1,tier0,8.289710,0.872420,0.996100
3,379,_22138_,generated_datapath,tier1,tier0,14.159585,0.872195,0.995834
3,380,_22147_,generated_datapath,tier1,tier0,14.230300,0.871970,0.995567
3,381,_22155_,generated_datapath,tier1,tier0,14.248924,0.871746,0.995301
3,382,_22160_,generated_datapath,tier1,tier0,14.255949,0.871521,0.995034
3,383,_22168_,generated_datapath,tier1,tier0,14.083788,0.871297,0.994768
3,384,_24779_,generated_datapath,tier1,tier0,14.302526,0.871072,0.994502
3,385,_419_,generated_datapath,tier1,tier0,9.083316,0.870848,0.994236
3,386,_17685_,generated_datapath,tier1,tier0,0.335828,0.870624,0.993970
3,387,_18386_,generated_datapath,tier1,tier0,13.424728,0.870399,0.993704
3,388,_17346_,generated_datapath,tier1,tier0,6.147617,0.870175,0.993438
3,389,_18709_,generated_datapath,tier1,tier0,8.330721,0.869951,0.993172
3,390,_18740_,generated_datapath,tier1,tier0,8.294099,0.869727,0.992906
3,391,_17890_,generated_datapath,tier1,tier0,10.646427,0.869503,0.992640
3,392,_18950_,generated_datapath,tier1,tier0,8.129995,0.869279,0.992375
3,393,_19867_,generated_datapath,tier1,tier0,8.192741,0.869055,0.992109
3,394,_19909_,generated_datapath,tier1,tier0,8.178244,0.868831,0.991844
3,395,_20069_,generated_datapath,tier1,tier0,8.158016,0.868607,0.991578
3,396,_18182_,generated_datapath,tier1,tier0,18.234072,0.868383,0.991313
3,397,_18190_,generated_datapath,tier1,tier0,18.184922,0.868160,0.991048
3,398,_17695_,generated_datapath,tier1,tier0,0.290132,0.867936,0.990782
3,399,_17700_,generated_datapath,tier1,tier0,0.294304,0.867712,0.990517
3,400,_14318_,generated_datapath,tier1,tier0,5.313724,0.867489,0.990252
3,401,_18021_,generated_datapath,tier1,tier0,10.683899,0.867265,0.989987
3,402,_19798_,generated_datapath,tier1,tier0,3.520463,0.867042,0.989722
3,403,_18075_,generated_datapath,tier1,tier0,11.187518,0.866818,0.989457
3,404,_23521_,generated_datapath,tier1,tier0,1.064161,0.866595,0.989193
3,405,_19933_,generated_datapath,tier1,tier0,8.976045,0.866372,0.988928
3,406,_20002_,generated_datapath,tier1,tier0,8.975818,0.866148,0.988663
3,407,_17726_,generated_datapath,tier1,tier0,0.320777,0.865925,0.988399
3,408,_24898_,generated_datapath,tier1,tier0,26.607981,0.865702,0.988134
3,409,_22284_,generated_datapath,tier1,tier0,0.626277,0.865479,0.987870
3,410,_18777_,generated_datapath,tier1,tier0,8.276080,0.865256,0.987605
3,411,_13876_,generated_datapath,tier1,tier0,17.178474,0.865033,0.987341
3,412,_18140_,generated_datapath,tier1,tier0,7.742795,0.864810,0.987077
3,413,_24583_,generated_datapath,tier1,tier0,12.716835,0.864587,0.986813
3,414,_24586_,generated_datapath,tier1,tier0,17.429624,0.864364,0.986549
3,415,_18167_,generated_datapath,tier1,tier0,22.801431,0.864141,0.986285
3,416,_22288_,generated_datapath,tier1,tier0,10.304834,0.863919,0.986021
3,417,_17178_,generated_datapath,tier1,tier0,13.616642,0.863696,0.985757
3,418,_18415_,generated_datapath,tier1,tier0,22.728289,0.863473,0.985493
3,419,_23767_,generated_datapath,tier1,tier0,28.346168,0.863251,0.985229
3,420,_23782_,generated_datapath,tier1,tier0,28.333978,0.863028,0.984966
3,421,_18699_,generated_datapath,tier1,tier0,12.180784,0.862806,0.984702
3,422,_18792_,generated_datapath,tier1,tier0,12.202286,0.862584,0.984438
3,423,_18797_,generated_datapath,tier1,tier0,12.153786,0.862361,0.984175
3,424,_18804_,generated_datapath,tier1,tier0,12.211913,0.862139,0.983912
3,425,_18807_,generated_datapath,tier1,tier0,12.188198,0.861917,0.983648
3,426,_18742_,generated_datapath,tier1,tier0,12.843884,0.861695,0.983385
3,427,_18816_,generated_datapath,tier1,tier0,17.355845,0.861472,0.983122
3,428,_17231_,generated_datapath,tier1,tier0,18.592120,0.861250,0.982859
3,429,_17462_,generated_datapath,tier1,tier0,15.344141,0.861028,0.982596
3,430,_17645_,generated_datapath,tier1,tier0,15.328496,0.860806,0.982333
3,431,_17651_,generated_datapath,tier1,tier0,15.322496,0.860584,0.982070
3,432,_17665_,generated_datapath,tier1,tier0,15.305012,0.860363,0.981807
3,433,_17712_,generated_datapath,tier1,tier0,15.379096,0.860141,0.981544
3,434,_17721_,generated_datapath,tier1,tier0,15.378220,0.859919,0.981282
3,435,_17922_,generated_datapath,tier1,tier0,10.712622,0.859697,0.981019
3,436,_16156_,generated_datapath,tier1,tier0,8.202333,0.859476,0.980756
3,437,_18114_,generated_datapath,tier1,tier0,12.314234,0.859254,0.980494
3,438,_23480_,generated_datapath,tier1,tier0,6.343065,0.859032,0.980232
3,439,_18888_,generated_datapath,tier1,tier0,11.572079,0.858811,0.979969
3,440,_18405_,generated_datapath,tier1,tier0,22.727205,0.858589,0.979707
3,441,_23815_,generated_datapath,tier1,tier0,28.050320,0.858368,0.979445
3,442,_18646_,generated_datapath,tier1,tier0,8.947247,0.858147,0.979183
3,443,_17064_,generated_datapath,tier1,tier0,8.136422,0.857925,0.978921
3,444,_24579_,generated_datapath,tier1,tier0,21.940253,0.857704,0.978659
3,445,_18160_,generated_datapath,tier1,tier0,22.683992,0.857483,0.978397
3,446,_18417_,generated_datapath,tier1,tier0,22.709312,0.857262,0.978135
3,447,_18425_,generated_datapath,tier1,tier0,22.638448,0.857041,0.977873
3,448,_17383_,generated_datapath,tier1,tier0,5.614000,0.856820,0.977611
3,449,_18557_,generated_datapath,tier1,tier0,11.764251,0.856599,0.977350
3,450,_19121_,generated_datapath,tier1,tier0,8.874156,0.856378,0.977088
3,451,_19167_,generated_datapath,tier1,tier0,8.874335,0.856157,0.976827
3,452,_23807_,generated_datapath,tier1,tier0,28.320472,0.855936,0.976565
3,453,_24689_,generated_datapath,tier1,tier0,9.228860,0.855715,0.976304
3,454,_354_,generated_datapath,tier1,tier0,7.667946,0.855495,0.976043
3,455,_17328_,generated_datapath,tier1,tier0,3.463701,0.855274,0.975781
3,456,_18409_,generated_datapath,tier1,tier0,21.999200,0.855054,0.975520
3,457,_17217_,generated_datapath,tier1,tier0,11.524785,0.854833,0.975259
3,458,_17640_,generated_datapath,tier1,tier0,10.768216,0.854612,0.974998
3,459,_18813_,generated_datapath,tier1,tier0,21.275209,0.854392,0.974737
3,460,_18689_,generated_datapath,tier1,tier0,17.328848,0.854172,0.974476
3,461,_18729_,generated_datapath,tier1,tier0,12.929406,0.853951,0.974215
3,462,_23068_,generated_datapath,tier1,tier0,2.740031,0.853731,0.973955
3,463,_18600_,generated_datapath,tier1,tier0,14.241271,0.853511,0.973694
3,464,_14457_,generated_datapath,tier1,tier0,6.847609,0.853291,0.973433
3,465,_18931_,generated_datapath,tier1,tier0,21.489402,0.853070,0.973173
3,466,_17976_,generated_datapath,tier1,tier0,10.553150,0.852850,0.972912
3,467,_18790_,generated_datapath,tier1,tier0,21.237117,0.852630,0.972652
3,468,_14345_,generated_datapath,tier1,tier0,2.515628,0.852410,0.972392
3,469,_14134_,generated_datapath,tier1,tier0,18.406281,0.852190,0.972131
3,470,_18759_,generated_datapath,tier1,tier0,17.815413,0.851971,0.971871
3,471,_23811_,generated_datapath,tier1,tier0,28.119359,0.851751,0.971611
3,472,_18766_,generated_datapath,tier1,tier0,20.439773,0.851531,0.971351
3,473,_18926_,generated_datapath,tier1,tier0,20.328881,0.851311,0.971091
3,474,_23821_,generated_datapath,tier1,tier0,21.922897,0.851092,0.970831
3,475,_14456_,generated_datapath,tier1,tier0,20.453904,0.850872,0.970571
3,476,_14146_,generated_datapath,tier1,tier0,7.718273,0.850652,0.970311
3,477,_24784_,generated_datapath,tier1,tier0,7.870684,0.850433,0.970052
3,478,_23045_,generated_datapath,tier1,tier0,10.175292,0.850213,0.969792
3,479,_17208_,generated_datapath,tier1,tier0,11.253078,0.849994,0.969532
3,480,_17488_,generated_datapath,tier1,tier0,5.480066,0.849775,0.969273
3,481,_22292_,generated_datapath,tier1,tier0,9.382422,0.849555,0.969013
3,482,_17616_,generated_datapath,tier1,tier0,8.174993,0.849336,0.968754
3,483,_18412_,generated_datapath,tier1,tier0,22.749068,0.849117,0.968495
3,484,_18763_,generated_datapath,tier1,tier0,21.510074,0.848898,0.968236
3,485,_14344_,generated_datapath,tier1,tier0,21.358735,0.848679,0.967976
3,486,_15628_,generated_datapath,tier1,tier0,7.975659,0.848460,0.967717
3,487,_17063_,generated_datapath,tier1,tier0,19.240763,0.848241,0.967458
3,488,_17192_,generated_datapath,tier1,tier0,14.092134,0.848022,0.967199
3,489,_23067_,generated_datapath,tier1,tier0,22.813564,0.847803,0.966940
3,490,_23819_,generated_datapath,tier1,tier0,21.894519,0.847584,0.966682
3,491,_23104_,generated_datapath,tier1,tier0,12.032156,0.847365,0.966423
3,492,_412_,generated_datapath,tier1,tier0,7.577659,0.847147,0.966164
3,493,_23117_,generated_datapath,tier1,tier0,27.640501,0.846928,0.965906
3,494,_14387_,generated_datapath,tier1,tier0,3.007213,0.846709,0.965647
3,495,_18692_,generated_datapath,tier1,tier0,13.870400,0.846491,0.965388
3,496,_18545_,generated_datapath,tier1,tier0,11.455978,0.846272,0.965130
3,497,_14294_,generated_datapath,tier1,tier0,20.561201,0.846054,0.964872
3,498,_14138_,generated_datapath,tier1,tier0,16.526597,0.845835,0.964613
3,499,_17219_,generated_datapath,tier1,tier0,13.274226,0.845617,0.964355
3,500,_14487_,generated_datapath,tier1,tier0,8.423767,0.845399,0.964097
3,501,_17030_,generated_datapath,tier1,tier0,3.310189,0.845180,0.963839
3,502,_17546_,generated_datapath,tier1,tier0,13.540700,0.844962,0.963581
3,503,_18319_,generated_datapath,tier1,tier0,13.305388,0.844744,0.963323
3,504,_23529_,generated_datapath,tier1,tier0,13.442170,0.844526,0.963065
3,505,_23571_,generated_datapath,tier1,tier0,13.388664,0.844308,0.962807
3,506,_23594_,generated_datapath,tier1,tier0,13.465125,0.844090,0.962550
3,507,_23598_,generated_datapath,tier1,tier0,13.461092,0.843872,0.962292
3,508,_23603_,generated_datapath,tier1,tier0,13.448996,0.843654,0.962034
3,509,_23615_,generated_datapath,tier1,tier0,13.410473,0.843436,0.961777
3,510,_23632_,generated_datapath,tier1,tier0,13.430387,0.843218,0.961519
3,511,_18829_,generated_datapath,tier1,tier0,4.553779,0.843001,0.961262
3,512,_19053_,generated_datapath,tier1,tier0,16.006186,0.842783,0.961005
3,513,_14207_,generated_datapath,tier1,tier0,0.869845,0.842565,0.960747
3,514,_14386_,generated_datapath,tier1,tier0,12.162856,0.842348,0.960490
3,515,_18391_,generated_datapath,tier1,tier0,16.782257,0.842130,0.960233
3,516,_23061_,generated_datapath,tier1,tier0,25.788271,0.841913,0.959976
3,517,_17209_,generated_datapath,tier1,tier0,20.376256,0.841695,0.959719
3,518,_18670_,generated_datapath,tier1,tier0,15.412040,0.841478,0.959462
3,519,_18121_,generated_datapath,tier1,tier0,11.008211,0.841260,0.959205
3,520,_18737_,generated_datapath,tier1,tier0,9.407851,0.841043,0.958948
3,521,_18901_,generated_datapath,tier1,tier0,18.278367,0.840826,0.958692
3,522,_18933_,generated_datapath,tier1,tier0,22.975237,0.840609,0.958435
3,523,_18937_,generated_datapath,tier1,tier0,23.144972,0.840392,0.958178
3,524,_17053_,generated_datapath,tier1,tier0,16.742481,0.840175,0.957922
3,525,_24687_,generated_datapath,tier1,tier0,22.434856,0.839958,0.957665
3,526,_18096_,generated_datapath,tier1,tier0,18.079327,0.839741,0.957409
3,527,_24681_,generated_datapath,tier1,tier0,4.936987,0.839524,0.957153
3,528,_23624_,generated_datapath,tier1,tier0,13.496514,0.839307,0.956896
3,529,_17198_,generated_datapath,tier1,tier0,8.137668,0.839090,0.956640
3,530,_17294_,generated_datapath,tier1,tier0,9.966575,0.838873,0.956384
3,531,_17360_,generated_datapath,tier1,tier0,0.417041,0.838656,0.956128
3,532,_18070_,generated_datapath,tier1,tier0,20.972093,0.838440,0.955872
3,533,_23051_,generated_datapath,tier1,tier0,12.508368,0.838223,0.955616
3,534,_23089_,generated_datapath,tier1,tier0,21.209051,0.838007,0.955360
3,535,_23464_,generated_datapath,tier1,tier0,7.864682,0.837790,0.955104
3,536,_24864_,generated_datapath,tier1,tier0,10.994355,0.837574,0.954849
3,537,_22474_,generated_datapath,tier1,tier0,4.415046,0.837357,0.954593
3,538,_18701_,generated_datapath,tier1,tier0,13.935545,0.837141,0.954337
3,539,_18906_,generated_datapath,tier1,tier0,22.906846,0.836925,0.954082
3,540,_23026_,generated_datapath,tier1,tier0,12.455967,0.836708,0.953826
3,541,_17489_,generated_datapath,tier1,tier0,24.192662,0.836492,0.953571
3,542,_14612_,generated_datapath,tier1,tier0,7.490764,0.836276,0.953316
3,543,_18058_,generated_datapath,tier1,tier0,8.640656,0.836060,0.953060
3,544,_24685_,generated_datapath,tier1,tier0,16.875171,0.835844,0.952805
3,545,_14087_,generated_datapath,tier1,tier0,25.060145,0.835628,0.952550
3,546,_18564_,generated_datapath,tier1,tier0,11.079744,0.835412,0.952295
3,547,_14118_,generated_datapath,tier1,tier0,26.420365,0.835196,0.952040
3,548,_18204_,generated_datapath,tier1,tier0,17.048112,0.834980,0.951785
3,549,_22103_,generated_datapath,tier1,tier0,8.424658,0.834764,0.951530
3,550,_18379_,generated_datapath,tier1,tier0,17.854689,0.834548,0.951276
3,551,_18858_,generated_datapath,tier1,tier0,14.812471,0.834333,0.951021
3,552,_23779_,generated_datapath,tier1,tier0,24.592484,0.834117,0.950766
3,553,_24885_,generated_datapath,tier1,tier0,25.886751,0.833901,0.950512
3,554,_24968_,generated_datapath,tier1,tier0,5.888900,0.833686,0.950257
3,555,_14122_,generated_datapath,tier1,tier0,36.543217,0.833470,0.950003
3,556,_14137_,generated_datapath,tier1,tier0,16.936339,0.833255,0.949748
3,557,_14382_,generated_datapath,tier1,tier0,1.020477,0.833040,0.949494
3,558,_18602_,generated_datapath,tier1,tier0,17.390867,0.832824,0.949240
3,559,_18650_,generated_datapath,tier1,tier0,18.009076,0.832609,0.948985
3,560,_17222_,generated_datapath,tier1,tier0,18.864217,0.832394,0.948731
3,561,_18753_,generated_datapath,tier1,tier0,13.964409,0.832179,0.948477
3,562,_22892_,generated_datapath,tier1,tier0,25.193338,0.831963,0.948223
3,563,_22913_,generated_datapath,tier1,tier0,11.454582,0.831748,0.947969
3,564,_17206_,generated_datapath,tier1,tier0,20.488663,0.831533,0.947715
3,565,_24347_,generated_datapath,tier1,tier0,22.869658,0.831318,0.947462
3,566,_23080_,generated_datapath,tier1,tier0,20.268427,0.831103,0.947208
3,567,_14444_,generated_datapath,tier1,tier0,17.081097,0.830888,0.946954
3,568,_18105_,generated_datapath,tier1,tier0,14.632222,0.830674,0.946701
3,569,_22283_,generated_datapath,tier1,tier0,20.394211,0.830459,0.946447
3,570,_17138_,generated_datapath,tier1,tier0,18.551111,0.830244,0.946194
3,571,_17049_,generated_datapath,tier1,tier0,29.023972,0.830029,0.945940
3,572,_17022_,generated_datapath,tier1,tier0,16.389505,0.829815,0.945687
3,573,_17193_,generated_datapath,tier1,tier0,22.564551,0.829600,0.945434
3,574,_17270_,generated_datapath,tier1,tier0,8.829176,0.829386,0.945181
3,575,_17332_,generated_datapath,tier1,tier0,0.540239,0.829171,0.944927
3,576,_18721_,generated_datapath,tier1,tier0,1.826104,0.828957,0.944674
3,577,_18755_,generated_datapath,tier1,tier0,1.837804,0.828742,0.944421
3,578,_18786_,generated_datapath,tier1,tier0,6.270323,0.828528,0.944168
3,579,_22754_,generated_datapath,tier1,tier0,7.871531,0.828314,0.943916
3,580,_23007_,generated_datapath,tier1,tier0,16.979641,0.828099,0.943663
3,581,_19884_,generated_datapath,tier1,tier0,7.071995,0.827885,0.943410
3,582,_19951_,generated_datapath,tier1,tier0,7.071371,0.827671,0.943157
3,583,_19988_,generated_datapath,tier1,tier0,7.028644,0.827457,0.942905
3,584,_20013_,generated_datapath,tier1,tier0,7.071652,0.827243,0.942652
3,585,_20036_,generated_datapath,tier1,tier0,7.096985,0.827029,0.942400
3,586,_20047_,generated_datapath,tier1,tier0,7.071677,0.826815,0.942147
3,587,_19260_,generated_datapath,tier1,tier0,0.451486,0.826601,0.941895
3,588,_18560_,generated_datapath,tier1,tier0,16.965583,0.826387,0.941643
3,589,_18727_,generated_datapath,tier1,tier0,22.508520,0.826173,0.941390
3,590,_19850_,generated_datapath,tier1,tier0,16.095907,0.825960,0.941138
3,591,_17380_,generated_datapath,tier1,tier0,19.134418,0.825746,0.940886
3,592,_14123_,generated_datapath,tier1,tier0,28.785935,0.825532,0.940634
3,593,_18902_,generated_datapath,tier1,tier0,8.640351,0.825319,0.940382
3,594,_17137_,generated_datapath,tier1,tier0,18.626299,0.825105,0.940130
3,595,_14162_,generated_datapath,tier1,tier0,7.553839,0.824892,0.939879
3,596,_24987_,generated_datapath,tier1,tier0,10.567162,0.824678,0.939627
3,597,_14422_,generated_datapath,tier1,tier0,7.762154,0.824465,0.939375
3,598,_14147_,generated_datapath,tier1,tier0,17.228941,0.824252,0.939123
3,599,_22797_,generated_datapath,tier1,tier0,8.264684,0.824038,0.938872
3,600,_14469_,generated_datapath,tier1,tier0,16.985140,0.823825,0.938620
3,601,_19847_,generated_datapath,tier1,tier0,12.593662,0.823612,0.938369
3,602,_19894_,generated_datapath,tier1,tier0,16.110123,0.823399,0.938118
3,603,_19898_,generated_datapath,tier1,tier0,12.868095,0.823186,0.937866
3,604,_24922_,generated_datapath,tier1,tier0,1.767219,0.822973,0.937615
3,605,_18647_,generated_datapath,tier1,tier0,15.594955,0.822760,0.937364
3,606,_17106_,generated_datapath,tier1,tier0,15.298294,0.822547,0.937113
3,607,_18960_,generated_datapath,tier1,tier0,18.464679,0.822334,0.936862
3,608,_24926_,generated_datapath,tier1,tier0,15.335645,0.822121,0.936611
3,609,_18452_,generated_datapath,tier1,tier0,16.338699,0.821908,0.936360
3,610,_24978_,generated_datapath,tier1,tier0,1.864077,0.821695,0.936109
3,611,_14307_,generated_datapath,tier1,tier0,17.271225,0.821483,0.935858
3,612,_18426_,generated_datapath,tier1,tier0,16.643147,0.821270,0.935608
3,613,_22928_,generated_datapath,tier1,tier0,22.886597,0.821058,0.935357
3,614,_19145_,generated_datapath,tier1,tier0,10.477363,0.820845,0.935106
3,615,_23905_,generated_datapath,tier1,tier0,24.855656,0.820633,0.934856
3,616,_23919_,generated_datapath,tier1,tier0,29.415385,0.820420,0.934605
3,617,_23932_,generated_datapath,tier1,tier0,29.413397,0.820208,0.934355
3,618,_23947_,generated_datapath,tier1,tier0,29.386056,0.819995,0.934105
3,619,_23960_,generated_datapath,tier1,tier0,29.388536,0.819783,0.933854
3,620,_23976_,generated_datapath,tier1,tier0,29.477956,0.819571,0.933604
3,621,_23989_,generated_datapath,tier1,tier0,29.414392,0.819359,0.933354
3,622,_14110_,generated_datapath,tier1,tier0,32.702268,0.819146,0.933104
3,623,_22998_,generated_datapath,tier1,tier0,16.532111,0.818934,0.932854
3,624,_24937_,generated_datapath,tier1,tier0,10.912727,0.818722,0.932604
3,625,_17101_,generated_datapath,tier1,tier0,8.553939,0.818510,0.932354
3,626,_17102_,generated_datapath,tier1,tier0,23.877779,0.818298,0.932104
3,627,_24577_,generated_datapath,tier1,tier0,21.178462,0.818086,0.931855
3,628,_24973_,generated_datapath,tier1,tier0,21.110661,0.817875,0.931605
3,629,_22982_,generated_datapath,tier1,tier0,16.458193,0.817663,0.931355
3,630,_14399_,generated_datapath,tier1,tier0,19.107679,0.817451,0.931106
3,631,_14495_,generated_datapath,tier1,tier0,19.102248,0.817239,0.930856
3,632,_19887_,generated_datapath,tier1,tier0,14.193907,0.817028,0.930607
3,633,_19955_,generated_datapath,tier1,tier0,14.193274,0.816816,0.930358
3,634,_19992_,generated_datapath,tier1,tier0,14.193177,0.816605,0.930108
3,635,_20016_,generated_datapath,tier1,tier0,14.193537,0.816393,0.929859
3,636,_20039_,generated_datapath,tier1,tier0,14.253190,0.816182,0.929610
3,637,_20050_,generated_datapath,tier1,tier0,14.193277,0.815970,0.929361
3,638,_24919_,generated_datapath,tier1,tier0,9.327822,0.815759,0.929112
3,639,_17157_,generated_datapath,tier1,tier0,22.192887,0.815548,0.928863
3,640,_14244_,generated_datapath,tier1,tier0,18.303901,0.815336,0.928614
3,641,_14177_,generated_datapath,tier1,tier0,17.347993,0.815125,0.928365
3,642,_14478_,generated_datapath,tier1,tier0,26.803346,0.814914,0.928116
3,643,_17442_,generated_datapath,tier1,tier0,13.172259,0.814703,0.927867
3,644,_18631_,generated_datapath,tier1,tier0,20.872960,0.814492,0.927619
3,645,_23040_,generated_datapath,tier1,tier0,16.527852,0.814281,0.927370
3,646,_24977_,generated_datapath,tier1,tier0,20.047736,0.814070,0.927122
3,647,_17134_,generated_datapath,tier1,tier0,12.924765,0.813859,0.926873
3,648,_17467_,generated_datapath,tier1,tier0,16.106118,0.813648,0.926625
3,649,_17472_,generated_datapath,tier1,tier0,16.126014,0.813437,0.926377
3,650,_17660_,generated_datapath,tier1,tier0,16.124857,0.813226,0.926128
3,651,_22780_,generated_datapath,tier1,tier0,22.132041,0.813016,0.925880
3,652,_17141_,generated_datapath,tier1,tier0,12.269485,0.812805,0.925632
3,653,_24889_,generated_datapath,tier1,tier0,12.152589,0.812594,0.925384
3,654,_17215_,generated_datapath,tier1,tier0,8.697053,0.812384,0.925136
3,655,_17124_,generated_datapath,tier1,tier0,24.548145,0.812173,0.924888
3,656,_19578_,generated_datapath,tier1,tier0,10.963768,0.811963,0.924640
3,657,_19646_,generated_datapath,tier1,tier0,19.961538,0.811752,0.924392
3,658,_14068_,generated_datapath,tier1,tier0,13.580763,0.811542,0.924145
3,659,_19275_,generated_datapath,tier1,tier0,18.175000,0.811332,0.923897
3,660,_22707_,generated_datapath,tier1,tier0,8.229334,0.811121,0.923649
3,661,_22736_,generated_datapath,tier1,tier0,8.250079,0.810911,0.923402
3,662,_14143_,generated_datapath,tier1,tier0,18.556480,0.810701,0.923154
3,663,_15611_,generated_datapath,tier1,tier0,17.660356,0.810491,0.922907
3,664,_17299_,generated_datapath,tier1,tier0,7.944483,0.810281,0.922659
3,665,_18548_,generated_datapath,tier1,tier0,0.011944,0.810071,0.922412
3,666,_22057_,generated_datapath,tier1,tier0,17.743818,0.809861,0.922165
3,667,_17501_,generated_datapath,tier1,tier0,23.031144,0.809651,0.921918
3,668,_18459_,generated_datapath,tier1,tier0,19.859994,0.809441,0.921670
3,669,_15053_,generated_datapath,tier1,tier0,17.836684,0.809231,0.921423
3,670,_14107_,generated_datapath,tier1,tier0,13.015488,0.809021,0.921176
3,671,_17581_,generated_datapath,tier1,tier0,10.874443,0.808812,0.920930
3,672,_23747_,generated_datapath,tier1,tier0,27.065858,0.808602,0.920683
3,673,_14050_,generated_datapath,tier1,tier0,17.190650,0.808392,0.920436
3,674,_15134_,generated_datapath,tier1,tier0,3.804970,0.808183,0.920189
3,675,_24615_,generated_control,tier0,tier1,5.451792,0.808392,0.920436
3,676,_20053_,generated_control,tier1,tier0,9.778360,0.808183,0.920189
3,677,_22554_,generated_control,tier0,tier1,6.616455,0.808392,0.920436
3,678,_22427_,generated_control,tier0,tier1,5.237556,0.808602,0.920683
3,679,_18865_,generated_control,tier0,tier1,0.788251,0.808812,0.920930
3,680,_19034_,generated_control,tier0,tier1,0.787392,0.809021,0.921176
3,681,_19094_,generated_control,tier0,tier1,0.860184,0.809231,0.921423
3,682,_19102_,generated_control,tier0,tier1,0.788311,0.809441,0.921670
3,683,_19192_,generated_control,tier0,tier1,0.904064,0.809651,0.921918
3,684,_19200_,generated_control,tier0,tier1,0.798769,0.809861,0.922165
3,685,_19616_,generated_control,tier0,tier1,4.754998,0.810071,0.922412
3,686,_19654_,generated_control,tier0,tier1,4.753682,0.810281,0.922659
3,687,_19751_,generated_control,tier0,tier1,4.769123,0.810491,0.922907
3,688,_19819_,generated_control,tier0,tier1,10.695215,0.810701,0.923154
3,689,_24930_,generated_control,tier0,tier1,1.405825,0.810911,0.923402
3,690,_24956_,generated_control,tier0,tier1,1.405850,0.811121,0.923649
3,691,_16549_,generated_control,tier0,tier1,16.292305,0.811332,0.923897
3,692,_16603_,generated_control,tier0,tier1,2.964635,0.811542,0.924145
3,693,_16023_,generated_control,tier0,tier1,0.040126,0.811752,0.924392
3,694,_21773_,generated_control,tier1,tier0,15.015812,0.811542,0.924145
3,695,_13708_,generated_control,tier1,tier0,2.163865,0.811332,0.923897
3,696,_13744_,generated_control,tier1,tier0,8.479199,0.811121,0.923649
3,697,_13855_,generated_control,tier1,tier0,8.460807,0.810911,0.923402
3,698,_23066_,generated_control,tier1,tier0,8.261601,0.810701,0.923154
3,699,_18882_,generated_control,tier1,tier0,0.095659,0.810491,0.922907
3,700,_19996_,generated_control,tier0,tier1,4.436922,0.810701,0.923154
3,701,_19581_,generated_control,tier1,tier0,4.659279,0.810491,0.922907
3,702,_20042_,generated_control,tier0,tier1,4.050947,0.810701,0.923154
3,703,_19114_,generated_control,tier0,tier1,5.051152,0.810911,0.923402
3,704,_19208_,generated_control,tier0,tier1,5.056716,0.811121,0.923649
3,705,_19257_,generated_control,tier0,tier1,4.913929,0.811332,0.923897
3,706,_19203_,generated_control,tier1,tier0,0.100924,0.811121,0.923649
3,707,_19250_,generated_control,tier1,tier0,0.110146,0.810911,0.923402
3,708,_14196_,generated_control,tier0,tier1,0.245839,0.811121,0.923649
3,709,_18787_,generated_control,tier0,tier1,10.627263,0.811332,0.923897
3,710,_17308_,generated_control,tier1,tier0,2.136530,0.811121,0.923649
3,711,_21094_,generated_control,tier1,tier0,9.358949,0.810911,0.923402
3,712,_24869_,generated_control,tier0,tier1,5.602946,0.811121,0.923649
3,713,_16138_,generated_control,tier0,tier1,8.043106,0.811332,0.923897
3,714,_23623_,generated_control,tier1,tier0,1.492381,0.811121,0.923649
3,715,_17123_,generated_control,tier1,tier0,7.205262,0.810911,0.923402
3,716,_22826_,generated_control,tier0,tier1,1.417251,0.811121,0.923649
3,717,_17361_,generated_control,tier1,tier0,2.332304,0.810911,0.923402
3,718,_22787_,generated_control,tier1,tier0,0.262366,0.810701,0.923154
3,719,_13618_,generated_control,tier1,tier0,7.242279,0.810491,0.922907
3,720,_13626_,generated_control,tier1,tier0,7.260526,0.810281,0.922659
3,721,_13656_,generated_control,tier1,tier0,7.216322,0.810071,0.922412
3,722,_13664_,generated_control,tier1,tier0,7.197848,0.809861,0.922165
3,723,_13766_,generated_control,tier1,tier0,7.224374,0.809651,0.921918
3,724,_13774_,generated_control,tier1,tier0,7.244034,0.809441,0.921670
3,725,_14012_,generated_control,tier1,tier0,7.211730,0.809231,0.921423
3,726,_14020_,generated_control,tier1,tier0,7.195523,0.809021,0.921176
3,727,_19950_,generated_control,tier1,tier0,9.338981,0.808812,0.920930
3,728,_20884_,generated_control,tier1,tier0,9.217255,0.808602,0.920683
3,729,_20982_,generated_control,tier1,tier0,9.217097,0.808392,0.920436
3,730,_22035_,generated_control,tier1,tier0,0.810802,0.808183,0.920189
3,731,_16137_,generated_control,tier0,tier1,9.992091,0.808392,0.920436
3,732,_530_,generated_control,tier1,tier0,4.788807,0.808183,0.920189
3,733,_15351_,generated_datapath,tier0,tier1,5.050275,0.808392,0.920387
3,734,_471_,generated_datapath,tier1,tier0,9.150390,0.808183,0.920189
3,735,_24650_,generated_datapath,tier0,tier1,10.152132,0.808392,0.920387
3,736,_16777_,generated_datapath,tier0,tier1,4.966245,0.808602,0.920584
3,737,_15402_,generated_datapath,tier0,tier1,9.571320,0.808812,0.920781
3,738,_15668_,generated_datapath,tier0,tier1,9.573906,0.809021,0.920979
3,739,_14996_,generated_datapath,tier0,tier1,5.388162,0.809231,0.921176
3,740,_15248_,generated_datapath,tier0,tier1,5.232579,0.809441,0.921374
3,741,_19451_,generated_control,tier0,tier1,2.025924,0.809651,0.921572
3,742,_24652_,generated_control,tier0,tier1,4.356522,0.809861,0.921769
3,743,_16110_,generated_control,tier0,tier1,3.039575,0.810071,0.921967
3,744,_16252_,generated_control,tier0,tier1,2.142479,0.810281,0.922165
3,745,_18242_,generated_control,tier0,tier1,5.953255,0.810491,0.922363
3,746,_24056_,generated_control,tier1,tier0,8.072843,0.810281,0.922165
3,747,_23921_,generated_control,tier0,tier1,6.942109,0.810491,0.922363
3,748,_23944_,generated_control,tier0,tier1,6.953791,0.810701,0.922560
3,749,_13536_,generated_control,tier0,tier1,3.799531,0.810911,0.922758
3,750,_13889_,generated_control,tier0,tier1,3.800274,0.811121,0.922956
3,751,_13965_,generated_control,tier0,tier1,3.799013,0.811332,0.923154
3,752,_16179_,generated_control,tier0,tier1,2.058500,0.811542,0.923352
3,753,_23916_,generated_control,tier1,tier0,5.614901,0.811332,0.923154
3,754,_24005_,generated_control,tier1,tier0,5.617841,0.811121,0.922956
3,755,_16588_,generated_control,tier0,tier1,13.054273,0.811332,0.923154
3,756,_23367_,generated_control,tier0,tier1,0.344296,0.811542,0.923352
3,757,_23422_,generated_control,tier0,tier1,0.337062,0.811752,0.923550
3,758,_24079_,generated_control,tier1,tier0,2.368279,0.811542,0.923352
3,759,_24082_,generated_control,tier1,tier0,2.275183,0.811332,0.923154
3,760,_24096_,generated_control,tier1,tier0,2.261978,0.811121,0.922956
3,761,_14946_,generated_control,tier1,tier0,2.558102,0.810911,0.922758
3,762,_18862_,generated_control,tier0,tier1,7.607034,0.811121,0.922956
3,763,_23396_,generated_control,tier0,tier1,0.430324,0.811332,0.923154
3,764,_23447_,generated_control,tier0,tier1,0.404232,0.811542,0.923352
3,765,_22639_,generated_control,tier1,tier0,7.144644,0.811332,0.923154
3,766,_22686_,generated_control,tier1,tier0,7.104858,0.811121,0.922956
3,767,_22695_,generated_control,tier1,tier0,7.105811,0.810911,0.922758
3,768,_15986_,generated_control,tier0,tier1,8.224488,0.811121,0.922956
3,769,_19009_,generated_control,tier1,tier0,3.415326,0.810911,0.922758
3,770,_18200_,generated_control,tier0,tier1,3.169518,0.811121,0.922956
3,771,_17929_,generated_control,tier0,tier1,9.951156,0.811332,0.923154
3,772,_23906_,generated_control,tier1,tier0,6.815630,0.811121,0.922956
3,773,_17926_,generated_control,tier0,tier1,9.914702,0.811332,0.923154
3,774,_18720_,generated_control,tier1,tier0,7.768286,0.811121,0.922956
3,775,_16024_,generated_control,tier0,tier1,13.003756,0.811332,0.923154
3,776,_23908_,generated_control,tier0,tier1,3.851145,0.811542,0.923352
3,777,_23200_,generated_control,tier0,tier1,5.758424,0.811752,0.923550
3,778,_23241_,generated_control,tier0,tier1,5.752721,0.811963,0.923748
3,779,_23427_,generated_control,tier0,tier1,0.521529,0.812173,0.923946
3,780,_23506_,generated_control,tier0,tier1,0.532770,0.812384,0.924145
3,781,_14955_,generated_control,tier0,tier1,12.365670,0.812594,0.924343
3,782,_16141_,generated_control,tier0,tier1,12.008708,0.812805,0.924541
3,783,_18754_,generated_control,tier1,tier0,0.871352,0.812594,0.924343
3,784,_23146_,generated_control,tier0,tier1,0.451513,0.812805,0.924541
3,785,_23196_,generated_control,tier0,tier1,0.652922,0.813016,0.924739
3,786,_23237_,generated_control,tier0,tier1,0.644774,0.813226,0.924938
3,787,_23929_,generated_control,tier1,tier0,4.846239,0.813016,0.924739
3,788,_23939_,generated_control,tier1,tier0,17.538269,0.812805,0.924541
3,789,_15954_,generated_control,tier0,tier1,6.128388,0.813016,0.924739
3,790,_15989_,generated_control,tier0,tier1,13.024036,0.813226,0.924938
3,791,_19554_,generated_control,tier1,tier0,7.532999,0.813016,0.924739
3,792,_15722_,generated_control,tier0,tier1,13.372589,0.813226,0.924938
3,793,_16775_,generated_control,tier0,tier1,15.767048,0.813437,0.925136
3,794,_15823_,generated_control,tier0,tier1,5.088483,0.813648,0.925334
3,795,_14383_,generated_control,tier1,tier0,5.105766,0.813437,0.925136
3,796,_19225_,generated_control,tier0,tier1,3.538637,0.813648,0.925334
3,797,_19212_,generated_control,tier0,tier1,3.764564,0.813859,0.925533
3,798,_17586_,generated_control,tier0,tier1,3.698034,0.814070,0.925731
3,799,_17355_,generated_control,tier0,tier1,15.981519,0.814281,0.925930
3,800,_17607_,generated_control,tier0,tier1,3.713491,0.814492,0.926128
3,801,_18889_,generated_control,tier1,tier0,8.687928,0.814281,0.925930
3,802,_17107_,generated_control,tier1,tier0,6.107413,0.814070,0.925731
3,803,_17580_,generated_control,tier1,tier0,6.043655,0.813859,0.925533
3,804,_17825_,generated_control,tier0,tier1,20.981673,0.814070,0.925731
3,805,_17675_,generated_control,tier0,tier1,26.370262,0.814281,0.925930
3,806,_18784_,generated_control,tier1,tier0,0.803918,0.814070,0.925731
3,807,_23550_,generated_control,tier1,tier0,3.238279,0.813859,0.925533
3,808,_23530_,generated_control,tier1,tier0,6.290805,0.813648,0.925334
3,809,_24684_,generated_control,tier1,tier0,17.429213,0.813437,0.925136
3,810,_22753_,generated_control,tier1,tier0,1.849213,0.813226,0.924938
3,811,_22796_,generated_control,tier1,tier0,1.919689,0.813016,0.924739
3,812,_23345_,generated_control,tier0,tier1,1.603643,0.813226,0.924938
3,813,_17347_,generated_control,tier1,tier0,4.093167,0.813016,0.924739
3,814,_18861_,generated_control,tier0,tier1,5.948589,0.813226,0.924938
3,815,_18946_,generated_control,tier0,tier1,8.182641,0.813437,0.925136
3,816,_15911_,generated_control,tier0,tier1,3.676572,0.813648,0.925334
3,817,_15912_,generated_control,tier0,tier1,12.304693,0.813859,0.925533
3,818,_16048_,generated_control,tier0,tier1,3.706431,0.814070,0.925731
3,819,_16049_,generated_control,tier0,tier1,12.484508,0.814281,0.925930
3,820,_16296_,generated_control,tier0,tier1,3.710768,0.814492,0.926128
3,821,_16297_,generated_control,tier0,tier1,12.142196,0.814703,0.926327
3,822,_23533_,generated_control,tier1,tier0,6.218193,0.814492,0.926128
3,823,_24160_,generated_control,tier1,tier0,26.280701,0.814281,0.925930
3,824,_17972_,generated_control,tier0,tier1,20.578911,0.814492,0.926128
3,825,_19124_,generated_control,tier0,tier1,0.231577,0.814703,0.926327
3,826,_18612_,generated_control,tier0,tier1,2.881981,0.814914,0.926526
3,827,_18991_,generated_control,tier1,tier0,3.685017,0.814703,0.926327
3,828,_17316_,generated_control,tier0,tier1,13.907162,0.814914,0.926526
3,829,_15724_,generated_control,tier0,tier1,3.890366,0.815125,0.926724
3,830,_15822_,generated_control,tier0,tier1,12.382625,0.815336,0.926923
3,831,_24165_,generated_control,tier1,tier0,0.393130,0.815125,0.926724
3,832,_24170_,generated_control,tier1,tier0,0.379821,0.814914,0.926526
3,833,_24203_,generated_control,tier1,tier0,0.409242,0.814703,0.926327
3,834,_22439_,generated_control,tier0,tier1,9.052610,0.814914,0.926526
3,835,_17264_,generated_control,tier1,tier0,4.839112,0.814703,0.926327
3,836,_16968_,generated_control,tier1,tier0,0.336501,0.814492,0.926128
3,837,_24219_,generated_control,tier1,tier0,0.606714,0.814281,0.925930
3,838,_18588_,generated_control,tier1,tier0,0.236257,0.814070,0.925731
3,839,_19063_,generated_control,tier0,tier1,14.301071,0.814281,0.925930
3,840,_15243_,generated_control,tier1,tier0,3.623011,0.814070,0.925731
3,841,_18572_,generated_control,tier1,tier0,4.832818,0.813859,0.925533
3,842,_24873_,generated_control,tier0,tier1,1.829415,0.814070,0.925731
3,843,_19851_,generated_control,tier1,tier0,3.879086,0.813859,0.925533
3,844,_19895_,generated_control,tier1,tier0,3.856555,0.813648,0.925334
3,845,_17271_,generated_control,tier1,tier0,3.891704,0.813437,0.925136
3,846,_18063_,generated_control,tier1,tier0,4.834367,0.813226,0.924938
3,847,_17384_,generated_control,tier1,tier0,2.734916,0.813016,0.924739
3,848,_18062_,generated_control,tier1,tier0,5.480967,0.812805,0.924541
3,849,_15669_,generated_control,tier0,tier1,3.789367,0.813016,0.924739
3,850,_24031_,generated_control,tier1,tier0,10.907643,0.812805,0.924541
3,851,_16246_,generated_control,tier0,tier1,13.856222,0.813016,0.924739
3,852,_16852_,generated_control,tier0,tier1,4.797903,0.813226,0.924938
3,853,_17852_,generated_control,tier0,tier1,8.331636,0.813437,0.925136
3,854,_19726_,generated_control,tier0,tier1,18.840338,0.813648,0.925334
3,855,_19827_,generated_control,tier0,tier1,18.849712,0.813859,0.925533
3,856,_22563_,generated_control,tier0,tier1,3.477645,0.814070,0.925731
3,857,_19123_,generated_control,tier0,tier1,10.107682,0.814281,0.925930
3,858,_22432_,generated_control,tier0,tier1,13.378241,0.814492,0.926128
3,859,_22536_,generated_control,tier0,tier1,3.502185,0.814703,0.926327
3,860,_22540_,generated_control,tier0,tier1,14.401626,0.814914,0.926526
3,861,_22296_,generated_control,tier0,tier1,9.766135,0.815125,0.926724
3,862,_15614_,generated_control,tier0,tier1,15.800009,0.815336,0.926923
3,863,_15034_,generated_control,tier0,tier1,12.797869,0.815548,0.927122
3,864,_15045_,generated_control,tier0,tier1,5.335315,0.815759,0.927321
3,865,_18594_,generated_control,tier0,tier1,7.054693,0.815970,0.927519
3,866,_19021_,generated_control,tier0,tier1,4.381921,0.816182,0.927718
3,867,_15540_,generated_control,tier0,tier1,14.577354,0.816393,0.927917
3,868,_14947_,generated_control,tier0,tier1,17.781521,0.816605,0.928116
3,869,_18575_,generated_control,tier0,tier1,5.800863,0.816816,0.928315
3,870,_22555_,generated_control,tier0,tier1,1.385882,0.817028,0.928514
3,871,_17633_,generated_control,tier0,tier1,1.632955,0.817239,0.928713
3,872,_15130_,generated_control,tier0,tier1,3.898608,0.817451,0.928913
3,873,_19336_,generated_control,tier0,tier1,12.105782,0.817663,0.929112
3,874,_19385_,generated_control,tier0,tier1,17.853081,0.817875,0.929311
3,875,_14823_,generated_control,tier0,tier1,14.727626,0.818086,0.929510
3,876,_15440_,generated_control,tier0,tier1,15.492195,0.818298,0.929709
3,877,_16851_,generated_control,tier0,tier1,11.705130,0.818510,0.929909
3,878,_17443_,generated_control,tier0,tier1,0.267534,0.818722,0.930108
3,879,_19149_,generated_control,tier0,tier1,11.072310,0.818934,0.930308
3,880,_19476_,generated_control,tier0,tier1,11.066345,0.819146,0.930507
3,881,_16907_,generated_control,tier0,tier1,12.061821,0.819359,0.930707
3,882,_15206_,generated_control,tier0,tier1,11.512409,0.819571,0.930906
3,883,_19097_,generated_control,tier0,tier1,13.369336,0.819783,0.931106
3,884,_17985_,generated_control,tier0,tier1,13.786287,0.819995,0.931305
3,885,_13878_,generated_control,tier0,tier1,5.608253,0.820208,0.931505
3,886,_19891_,generated_control,tier0,tier1,10.317366,0.820420,0.931705
3,887,_19959_,generated_control,tier0,tier1,10.193301,0.820633,0.931905
3,888,_14613_,generated_control,tier0,tier1,0.458639,0.820845,0.932104
3,889,_17691_,generated_control,tier0,tier1,13.710106,0.821058,0.932304
3,890,_15661_,generated_control,tier0,tier1,12.423646,0.821270,0.932504
3,891,_19714_,generated_control,tier0,tier1,4.669361,0.821483,0.932704
3,892,_17627_,generated_control,tier0,tier1,16.204450,0.821695,0.932904
3,893,_22343_,generated_control,tier0,tier1,18.810823,0.821908,0.933104
3,894,_15368_,generated_control,tier0,tier1,4.016805,0.822121,0.933304
3,895,_15397_,generated_control,tier0,tier1,12.546982,0.822334,0.933504
3,896,_15191_,generated_control,tier0,tier1,4.035880,0.822547,0.933704
3,897,_15193_,generated_control,tier0,tier1,4.137079,0.822760,0.933904
3,898,_15209_,generated_control,tier0,tier1,4.033393,0.822973,0.934105
3,899,_15403_,generated_control,tier0,tier1,12.840040,0.823186,0.934305
3,900,_15423_,generated_control,tier0,tier1,12.650473,0.823399,0.934505
3,901,_15482_,generated_control,tier0,tier1,12.827678,0.823612,0.934706
3,902,_15528_,generated_control,tier0,tier1,12.634236,0.823825,0.934906
3,903,_15849_,generated_control,tier0,tier1,12.631078,0.824038,0.935106
3,904,_15864_,generated_control,tier0,tier1,12.709332,0.824252,0.935307
3,905,_15997_,generated_control,tier0,tier1,12.725657,0.824465,0.935507
3,906,_16787_,generated_control,tier0,tier1,12.928352,0.824678,0.935708
3,907,_473_,generated_control,tier0,tier1,4.046034,0.824892,0.935908
3,908,_15298_,generated_control,tier0,tier1,4.318486,0.825105,0.936109
3,909,_16813_,generated_control,tier0,tier1,13.384627,0.825319,0.936310
3,910,_427_,generated_control,tier0,tier1,8.446141,0.825532,0.936510
3,911,_508_,generated_control,tier0,tier1,4.038892,0.825746,0.936711
3,912,_516_,generated_control,tier0,tier1,4.024184,0.825960,0.936912
3,913,_15133_,generated_control,tier0,tier1,4.085874,0.826173,0.937113
3,914,_13896_,generated_control,tier0,tier1,4.284361,0.826387,0.937314
3,915,_13972_,generated_control,tier0,tier1,4.240378,0.826601,0.937515
3,916,_15086_,generated_control,tier0,tier1,8.508490,0.826815,0.937716
3,917,_16927_,generated_control,tier0,tier1,4.183388,0.827029,0.937917
3,918,_16928_,generated_control,tier0,tier1,4.139718,0.827243,0.938118
3,919,_17752_,generated_control,tier0,tier1,16.612757,0.827457,0.938319
3,920,_17780_,generated_control,tier0,tier1,0.865158,0.827671,0.938520
3,921,_18574_,generated_control,tier0,tier1,4.179662,0.827885,0.938721
3,922,_19772_,generated_control,tier0,tier1,13.718738,0.828099,0.938922
3,923,_16140_,generated_control,tier0,tier1,13.286934,0.828314,0.939123
3,924,_24879_,generated_control,tier0,tier1,11.390812,0.828528,0.939325
3,925,clkbuf_leaf_17__05563_,clock_reset,tier0,tier1,0.427598,0.828742,0.939476
3,926,clkbuf_leaf_14__05563_,clock_reset,tier0,tier1,1.252207,0.828957,0.939627
3,927,clkbuf_leaf_69__05563_,clock_reset,tier0,tier1,0.239141,0.829171,0.939778
3,928,_17888_,clock_reset,tier0,tier1,9.803047,0.829386,0.939929
3,929,_17920_,clock_reset,tier0,tier1,9.787131,0.829600,0.940080
3,930,_17974_,clock_reset,tier0,tier1,9.803235,0.829815,0.940231
3,931,_18019_,clock_reset,tier0,tier1,9.823282,0.830029,0.940382
3,932,clkbuf_leaf_4__05563_,clock_reset,tier0,tier1,0.658334,0.830244,0.940533
3,933,_13990_,clock_reset,tier0,tier1,16.833910,0.830459,0.940685
3,934,clkbuf_leaf_27_clk_i_regs,clock_reset,tier0,tier1,0.058262,0.830674,0.940836
3,935,clkbuf_leaf_61_clk_i_regs,clock_reset,tier0,tier1,0.069595,0.830888,0.940987
3,936,clkbuf_leaf_63_clk_i_regs,clock_reset,tier0,tier1,0.064005,0.831103,0.941138
3,937,clkbuf_leaf_16_clk_i_regs,clock_reset,tier0,tier1,0.133856,0.831318,0.941290
3,938,clkbuf_leaf_1__05563_,clock_reset,tier0,tier1,0.360614,0.831533,0.941441
3,939,clkbuf_leaf_20_clk_i_regs,clock_reset,tier0,tier1,0.095488,0.831748,0.941592
3,940,clkbuf_leaf_29_clk_i_regs,clock_reset,tier0,tier1,0.050198,0.831963,0.941744
3,941,clkbuf_leaf_33_clk_i_regs,clock_reset,tier0,tier1,0.094903,0.832179,0.941895
3,942,clkbuf_leaf_67__05563_,clock_reset,tier0,tier1,0.359890,0.832394,0.942046
3,943,clkbuf_leaf_46_clk_i_regs,clock_reset,tier0,tier1,0.068057,0.832609,0.942198
3,944,clkbuf_leaf_74_clk_i_regs,clock_reset,tier0,tier1,0.026560,0.832824,0.942349
3,945,clkbuf_leaf_16__05563_,clock_reset,tier0,tier1,1.879498,0.833040,0.942501
3,946,clkbuf_leaf_0_clk_i_regs,clock_reset,tier0,tier1,0.276359,0.833255,0.942652
3,947,clkbuf_leaf_34_clk_i_regs,clock_reset,tier0,tier1,0.348532,0.833470,0.942804
3,948,clkbuf_leaf_47_clk_i_regs,clock_reset,tier0,tier1,0.316348,0.833686,0.942955
3,949,clkbuf_leaf_53_clk_i_regs,clock_reset,tier0,tier1,0.304937,0.833901,0.943107
3,950,clkbuf_leaf_60_clk_i_regs,clock_reset,tier0,tier1,0.343267,0.834117,0.943258
3,951,clkbuf_leaf_65_clk_i_regs,clock_reset,tier0,tier1,0.288190,0.834333,0.943410
3,952,clkbuf_leaf_69_clk_i_regs,clock_reset,tier0,tier1,0.306376,0.834548,0.943562
3,953,clkbuf_leaf_75_clk_i_regs,clock_reset,tier0,tier1,0.278254,0.834764,0.943713
3,954,clkbuf_leaf_9_clk_i_regs,clock_reset,tier0,tier1,0.298091,0.834980,0.943865
3,955,clkbuf_leaf_77_clk_i_regs,clock_reset,tier0,tier1,0.531042,0.835196,0.944017
3,956,clkbuf_leaf_2__05563_,clock_reset,tier0,tier1,0.860023,0.835412,0.944168
3,957,clkbuf_leaf_32_clk_i_regs,clock_reset,tier0,tier1,0.573179,0.835628,0.944320
3,958,_17641_,clock_reset,tier0,tier1,10.922641,0.835844,0.944472
3,959,clkbuf_leaf_13_clk_i_regs,clock_reset,tier0,tier1,0.559472,0.836060,0.944624
3,960,_15696_,clock_reset,tier0,tier1,6.892749,0.836276,0.944776
3,961,clkbuf_leaf_21_clk_i_regs,clock_reset,tier0,tier1,0.851321,0.836492,0.944927
3,962,clkbuf_leaf_12_clk_i_regs,clock_reset,tier0,tier1,0.808300,0.836708,0.945079
3,963,clkbuf_leaf_49_clk_i_regs,clock_reset,tier0,tier1,1.057822,0.836925,0.945231
3,964,clkbuf_leaf_66_clk_i_regs,clock_reset,tier0,tier1,1.016313,0.837141,0.945383
3,965,clkbuf_leaf_70_clk_i_regs,clock_reset,tier0,tier1,1.242192,0.837357,0.945535
3,966,clkbuf_leaf_76_clk_i_regs,clock_reset,tier0,tier1,12.820713,0.837574,0.945687
3,967,clkbuf_leaf_30_clk_i_regs,clock_reset,tier0,tier1,0.607473,0.837790,0.945839
3,968,clkbuf_leaf_31_clk_i_regs,clock_reset,tier0,tier1,0.611055,0.838007,0.945991
3,969,clkbuf_leaf_38_clk_i_regs,clock_reset,tier0,tier1,22.571290,0.838223,0.946143
3,970,clkbuf_leaf_15_clk_i_regs,clock_reset,tier0,tier1,1.087915,0.838440,0.946295
3,971,clkbuf_leaf_3_clk_i_regs,clock_reset,tier0,tier1,1.062733,0.838656,0.946447
3,972,clkbuf_leaf_64_clk_i_regs,clock_reset,tier0,tier1,1.071567,0.838873,0.946599
3,973,_17666_,clock_reset,tier0,tier1,26.765935,0.839090,0.946751
3,974,clkbuf_leaf_51_clk_i_regs,clock_reset,tier0,tier1,1.343073,0.839307,0.946904
3,975,clkbuf_leaf_54_clk_i_regs,clock_reset,tier0,tier1,1.311002,0.839524,0.947056
3,976,clkbuf_leaf_56_clk_i_regs,clock_reset,tier0,tier1,1.321271,0.839741,0.947208
3,977,clkbuf_leaf_19_clk_i_regs,clock_reset,tier0,tier1,1.611279,0.839958,0.947360
3,978,clkbuf_leaf_3__05563_,clock_reset,tier0,tier1,1.899942,0.840175,0.947512
3,979,clkbuf_leaf_39_clk_i_regs,clock_reset,tier0,tier1,1.323097,0.840392,0.947665
3,980,clkbuf_leaf_72_clk_i_regs,clock_reset,tier0,tier1,24.439843,0.840609,0.947817
3,981,_17468_,clock_reset,tier0,tier1,10.048794,0.840826,0.947969
3,982,clkbuf_leaf_11_clk_i_regs,clock_reset,tier0,tier1,1.549761,0.841043,0.948122
3,983,clkbuf_leaf_14_clk_i_regs,clock_reset,tier0,tier1,1.587965,0.841260,0.948274
3,984,clkbuf_leaf_1_clk_i_regs,clock_reset,tier0,tier1,1.553542,0.841478,0.948426
3,985,clkbuf_leaf_22_clk_i_regs,clock_reset,tier0,tier1,1.830975,0.841695,0.948579
3,986,clkbuf_leaf_55_clk_i_regs,clock_reset,tier0,tier1,22.714353,0.841913,0.948731
3,987,clkbuf_leaf_8_clk_i_regs,clock_reset,tier0,tier1,1.557902,0.842130,0.948884
3,988,_15634_,clock_reset,tier0,tier1,17.611353,0.842348,0.949036
3,989,clkbuf_leaf_58_clk_i_regs,clock_reset,tier0,tier1,1.163939,0.842565,0.949189
3,990,clkbuf_leaf_59_clk_i_regs,clock_reset,tier0,tier1,22.246446,0.842783,0.949341
3,991,clkbuf_leaf_62_clk_i_regs,clock_reset,tier0,tier1,22.267044,0.843001,0.949494
3,992,clkbuf_leaf_2_clk_i_regs,clock_reset,tier0,tier1,23.004914,0.843218,0.949646
3,993,clkbuf_leaf_4_clk_i_regs,clock_reset,tier0,tier1,23.025021,0.843436,0.949799
3,994,clkbuf_leaf_7_clk_i_regs,clock_reset,tier0,tier1,23.009258,0.843654,0.949952
3,995,_17661_,clock_reset,tier0,tier1,27.101675,0.843872,0.950104
3,996,_17652_,clock_reset,tier0,tier1,25.929999,0.844090,0.950257
3,997,clkbuf_leaf_0__05563_,clock_reset,tier0,tier1,23.671489,0.844308,0.950410
3,998,clkbuf_leaf_15__05563_,clock_reset,tier0,tier1,23.673356,0.844526,0.950563
3,999,clkbuf_leaf_23_clk_i_regs,clock_reset,tier0,tier1,1.877914,0.844744,0.950715
3,1000,_17463_,clock_reset,tier0,tier1,26.645811,0.844962,0.950868
3,1001,_17473_,clock_reset,tier0,tier1,0.546881,0.845180,0.951021
3,1002,_25012_,clock_reset,tier0,tier1,7.071903,0.845399,0.951174
3,1003,clkbuf_leaf_52_clk_i_regs,clock_reset,tier0,tier1,23.010251,0.845617,0.951327
3,1004,clkbuf_leaf_5_clk_i_regs,clock_reset,tier0,tier1,23.064079,0.845835,0.951479
3,1005,_15685_,clock_reset,tier0,tier1,17.342066,0.846054,0.951632
3,1006,_15687_,clock_reset,tier0,tier1,17.352566,0.846272,0.951785
3,1007,clkbuf_leaf_10_clk_i_regs,clock_reset,tier0,tier1,23.308311,0.846491,0.951938
3,1008,clkbuf_leaf_6_clk_i_regs,clock_reset,tier0,tier1,23.310839,0.846709,0.952091
3,1009,_15680_,clock_reset,tier0,tier1,17.594599,0.846928,0.952244
3,1010,_17701_,clock_reset,tier0,tier1,21.520176,0.847147,0.952397
3,1011,_16734_,clock_reset,tier0,tier1,17.527266,0.847365,0.952550
3,1012,_16841_,clock_reset,tier0,tier1,17.336084,0.847584,0.952703
3,1013,_15662_,clock_reset,tier0,tier1,17.838439,0.847803,0.952856
3,1014,_15670_,clock_reset,tier0,tier1,17.813743,0.848022,0.953009
3,1015,_17696_,clock_reset,tier0,tier1,21.834630,0.848241,0.953163
3,1016,_17717_,clock_reset,tier0,tier1,21.922157,0.848460,0.953316
3,1017,_24678_,clock_reset,tier0,tier1,20.674324,0.848679,0.953469
3,1018,_17686_,clock_reset,tier0,tier1,21.867624,0.848898,0.953622
3,1019,_15678_,clock_reset,tier0,tier1,18.035560,0.849117,0.953775
3,1020,_17727_,clock_reset,tier0,tier1,21.963744,0.849336,0.953929
3,1021,_24638_,clock_reset,tier0,tier1,24.148644,0.849555,0.954082
3,1022,_16726_,clock_reset,tier0,tier1,17.671841,0.849775,0.954235
3,1023,_17706_,clock_reset,tier0,tier1,22.259925,0.849994,0.954389
3,1024,_17475_,clock_reset,tier0,tier1,18.297151,0.850213,0.954542
3,1025,_15821_,clock_reset,tier0,tier1,18.365747,0.850433,0.954695
3,1026,_15425_,clock_reset,tier0,tier1,18.565721,0.850652,0.954849
3,1027,_514_,clock_reset,tier0,tier1,8.189063,0.850872,0.955002
3,1028,_15803_,clock_reset,tier0,tier1,18.590535,0.851092,0.955156
3,1029,_15981_,clock_reset,tier0,tier1,18.503879,0.851311,0.955309
3,1030,_16250_,clock_reset,tier0,tier1,18.561023,0.851531,0.955463
3,1031,_16279_,clock_reset,tier0,tier1,18.551577,0.851751,0.955616
3,1032,_16286_,clock_reset,tier0,tier1,18.582230,0.851971,0.955770
3,1033,_16384_,clock_reset,tier0,tier1,18.704019,0.852190,0.955923
3,1034,_16425_,clock_reset,tier0,tier1,18.587307,0.852410,0.956077
3,1035,_16494_,clock_reset,tier0,tier1,18.585640,0.852630,0.956230
3,1036,_16574_,clock_reset,tier0,tier1,18.542537,0.852850,0.956384
3,1037,_332_,clock_reset,tier0,tier1,8.872283,0.853070,0.956538
3,1038,output202,register_file,tier1,tier0,4.417993,0.852850,0.956384
3,1039,output210,register_file,tier1,tier0,4.428636,0.852630,0.956230
3,1040,input44,register_file,tier0,tier1,9.201938,0.852850,0.956384
3,1041,input45,register_file,tier0,tier1,9.202031,0.853070,0.956538
3,1042,input46,register_file,tier0,tier1,9.201594,0.853291,0.956691
3,1043,input48,register_file,tier0,tier1,9.202266,0.853511,0.956845
3,1044,input73,register_file,tier0,tier1,9.209760,0.853731,0.956999
3,1045,input74,register_file,tier0,tier1,9.285739,0.853951,0.957153
3,1046,output172,load_store,tier0,tier1,7.619619,0.854172,0.957306
3,1047,output191,load_store,tier0,tier1,7.555233,0.854392,0.957460
3,1048,input150,trap_debug,tier1,tier0,5.068467,0.854172,0.957306
3,1049,input151,trap_debug,tier1,tier0,5.064712,0.853951,0.957153
3,1050,input163,trap_debug,tier1,tier0,4.945882,0.853731,0.956999
3,1051,place3688,generated_control,tier0,tier1,8.205013,0.853951,0.957153
3,1052,place3826,generated_control,tier0,tier1,0.638013,0.854172,0.957306
3,1053,place3827,generated_control,tier0,tier1,13.259645,0.854392,0.957460
3,1054,place3828,generated_control,tier0,tier1,0.678033,0.854612,0.957614
3,1055,place3835,generated_control,tier0,tier1,2.912614,0.854833,0.957768
3,1056,place3836,generated_control,tier0,tier1,0.597960,0.855054,0.957922
3,1057,place4032,generated_control,tier1,tier0,3.653693,0.854833,0.957768
3,1058,place3896,generated_control,tier0,tier1,0.630344,0.855054,0.957922
3,1059,place3469,generated_control,tier0,tier1,2.461537,0.855274,0.958076
3,1060,place3624,generated_control,tier0,tier1,4.055465,0.855495,0.958230
3,1061,place3737,generated_control,tier0,tier1,9.916886,0.855715,0.958384
3,1062,place3784,generated_control,tier0,tier1,8.383331,0.855936,0.958538
3,1063,place3738,generated_control,tier0,tier1,9.172163,0.856157,0.958692
3,1064,place3748,generated_control,tier0,tier1,7.730479,0.856378,0.958846
3,1065,place3410,generated_control,tier0,tier1,0.548368,0.856599,0.959000
3,1066,place3717,generated_control,tier0,tier1,2.972030,0.856820,0.959154
3,1067,place3585,generated_control,tier0,tier1,1.034654,0.857041,0.959308
3,1068,place3563,generated_control,tier0,tier1,2.142728,0.857262,0.959462
3,1069,place3392,generated_control,tier0,tier1,2.348005,0.857483,0.959616
3,1070,place3394,generated_control,tier0,tier1,0.769011,0.857704,0.959770
3,1071,place3398,generated_control,tier0,tier1,2.461684,0.857925,0.959924
3,1072,place3431,generated_control,tier0,tier1,0.783655,0.858147,0.960079
3,1073,place3402,generated_control,tier0,tier1,2.320472,0.858368,0.960233
3,1074,place3615,generated_control,tier0,tier1,4.016370,0.858589,0.960387
3,1075,place3695,generated_control,tier0,tier1,8.431169,0.858811,0.960542
3,1076,place3907,generated_control,tier0,tier1,0.887540,0.859032,0.960696
3,1077,rebuffer4199,generated_control,tier0,tier1,0.649810,0.859254,0.960850
3,1078,place3636,generated_control,tier0,tier1,11.808561,0.859476,0.961005
3,1079,place3151,generated_control,tier0,tier1,0.716247,0.859697,0.961159
3,1080,place3606,generated_control,tier0,tier1,0.560217,0.859919,0.961313
3,1081,place3711,generated_control,tier0,tier1,0.667782,0.860141,0.961468
3,1082,place3712,generated_control,tier0,tier1,6.571507,0.860363,0.961622
3,1083,place3718,generated_control,tier0,tier1,0.707730,0.860584,0.961777
3,1084,place3719,generated_control,tier0,tier1,7.578745,0.860806,0.961931
3,1085,place3722,generated_control,tier0,tier1,4.014079,0.861028,0.962086
3,1086,place3724,generated_control,tier0,tier1,7.585379,0.861250,0.962240
3,1087,place3829,generated_control,tier0,tier1,7.707362,0.861472,0.962395
3,1088,place3830,generated_control,tier0,tier1,8.449986,0.861695,0.962550
3,1089,place3831,generated_control,tier0,tier1,0.664507,0.861917,0.962704
3,1090,place3832,generated_control,tier0,tier1,3.992768,0.862139,0.962859
3,1091,place3833,generated_control,tier0,tier1,8.514808,0.862361,0.963014
3,1092,place3834,generated_control,tier0,tier1,7.527773,0.862584,0.963168
3,1093,place3837,generated_control,tier0,tier1,3.984361,0.862806,0.963323
3,1094,place3220,generated_control,tier0,tier1,6.205135,0.863028,0.963478
3,1095,place4160,generated_control,tier0,tier1,0.108080,0.863251,0.963633
3,1096,place3863,generated_control,tier0,tier1,12.406675,0.863473,0.963787
3,1097,place3158,generated_control,tier0,tier1,5.739279,0.863696,0.963942
3,1098,place4156,generated_control,tier0,tier1,0.513932,0.863919,0.964097
3,1099,place3734,generated_control,tier0,tier1,10.913496,0.864141,0.964252
3,1100,place4020,generated_control,tier0,tier1,20.033807,0.864364,0.964407
3,1101,place3157,generated_control,tier0,tier1,10.192313,0.864587,0.964562
3,1102,place3741,generated_control,tier0,tier1,5.510019,0.864810,0.964717
3,1103,place3564,generated_control,tier0,tier1,3.020094,0.865033,0.964872
3,1104,place4162,generated_control,tier0,tier1,0.886068,0.865256,0.965027
3,1105,place3282,generated_control,tier0,tier1,6.063118,0.865479,0.965182
3,1106,place3322,generated_control,tier0,tier1,2.400067,0.865702,0.965337
3,1107,place3343,generated_control,tier0,tier1,2.922305,0.865925,0.965492
3,1108,place3390,generated_control,tier0,tier1,2.371089,0.866148,0.965647
3,1109,place3608,generated_control,tier0,tier1,4.094341,0.866372,0.965802
3,1110,place3874,generated_control,tier0,tier1,0.819457,0.866595,0.965957
3,1111,place3342,generated_control,tier0,tier1,10.562186,0.866818,0.966112
3,1112,place3565,generated_control,tier0,tier1,1.288044,0.867042,0.966268
3,1113,place3640,generated_control,tier0,tier1,9.286509,0.867265,0.966423
3,1114,place3693,generated_control,tier0,tier1,1.315178,0.867489,0.966578
3,1115,place3921,generated_control,tier0,tier1,8.334294,0.867712,0.966733
3,1116,place3634,generated_control,tier0,tier1,8.856011,0.867936,0.966889
3,1117,place4028,generated_control,tier0,tier1,1.368245,0.868160,0.967044
3,1118,place3281,generated_control,tier0,tier1,17.372297,0.868383,0.967199
3,1119,place3300,generated_control,tier0,tier1,2.399393,0.868607,0.967355
3,1120,place3766,generated_control,tier0,tier1,8.517732,0.868831,0.967510
3,1121,place3983,generated_control,tier0,tier1,11.452749,0.869055,0.967665
3,1122,place3290,generated_control,tier0,tier1,3.091446,0.869279,0.967821
3,1123,place3815,generated_control,tier0,tier1,11.185699,0.869503,0.967976
3,1124,place3280,generated_control,tier0,tier1,22.228829,0.869727,0.968132
3,1125,place3323,generated_control,tier0,tier1,2.518850,0.869951,0.968287
3,1126,place3341,generated_control,tier0,tier1,2.371495,0.870175,0.968443
3,1127,place3438,generated_control,tier0,tier1,2.429689,0.870399,0.968599
3,1128,place3446,generated_control,tier0,tier1,2.388838,0.870624,0.968754
3,1129,place3465,generated_control,tier0,tier1,2.423932,0.870848,0.968910
3,1130,place3918,generated_control,tier0,tier1,0.919108,0.871072,0.969065
3,1131,place3299,generated_control,tier0,tier1,16.967344,0.871297,0.969221
3,1132,place3105,generated_control,tier0,tier1,4.078715,0.871521,0.969377
3,1133,place3336,generated_control,tier0,tier1,0.902373,0.871746,0.969532
3,1134,place3844,generated_control,tier0,tier1,0.820838,0.871970,0.969688
3,1135,place3846,generated_control,tier0,tier1,0.858042,0.872195,0.969844
3,1136,place3298,generated_control,tier0,tier1,19.614063,0.872420,0.970000
3,1137,place3561,generated_control,tier0,tier1,1.283205,0.872644,0.970156
3,1138,place3635,generated_control,tier0,tier1,9.125108,0.872869,0.970311
3,1139,place4011,generated_control,tier0,tier1,1.228745,0.873094,0.970467
3,1140,place4122,generated_control,tier0,tier1,0.007927,0.873319,0.970623
3,1141,place3637,generated_control,tier0,tier1,10.337866,0.873544,0.970779
3,1142,place3401,generated_control,tier0,tier1,6.211725,0.873769,0.970935
3,1143,place3092,generated_control,tier0,tier1,4.190856,0.873994,0.971091
3,1144,place3339,generated_control,tier0,tier1,2.394255,0.874219,0.971247
3,1145,place3396,generated_control,tier0,tier1,0.772494,0.874444,0.971403
3,1146,place3433,generated_control,tier0,tier1,2.437382,0.874670,0.971559
3,1147,place3472,generated_control,tier0,tier1,2.437921,0.874895,0.971715
3,1148,place3622,generated_control,tier0,tier1,4.178966,0.875120,0.971871
3,1149,place3687,generated_control,tier0,tier1,8.478240,0.875346,0.972027
3,1150,place3122,generated_control,tier0,tier1,0.979379,0.875571,0.972183
3,1151,place3123,generated_control,tier0,tier1,7.653661,0.875797,0.972340
3,1152,place3125,generated_control,tier0,tier1,7.526845,0.876022,0.972496
3,1153,place3132,generated_control,tier0,tier1,1.075567,0.876248,0.972652
3,1154,place3273,generated_control,tier0,tier1,7.767527,0.876473,0.972808
3,1155,place3274,generated_control,tier0,tier1,7.777757,0.876699,0.972964
3,1156,place3729,generated_control,tier0,tier1,8.432001,0.876925,0.973121
3,1157,place3981,generated_control,tier0,tier1,1.955776,0.877151,0.973277
3,1158,place3732,generated_control,tier0,tier1,4.764828,0.877377,0.973433
3,1159,place3924,generated_control,tier0,tier1,4.398982,0.877603,0.973590
3,1160,place3927,generated_control,tier0,tier1,8.560026,0.877829,0.973746
3,1161,place3328,generated_control,tier0,tier1,2.376955,0.878055,0.973902
3,1162,place3436,generated_control,tier0,tier1,2.496696,0.878281,0.974059
3,1163,place3607,generated_control,tier0,tier1,4.199540,0.878507,0.974215
3,1164,place3791,generated_control,tier0,tier1,8.617199,0.878733,0.974372
3,1165,place3923,generated_control,tier0,tier1,7.123332,0.878959,0.974528
3,1166,place3639,generated_control,tier0,tier1,8.951394,0.879186,0.974685
3,1167,place3676,generated_control,tier0,tier1,3.215405,0.879412,0.974841
3,1168,place3330,generated_control,tier0,tier1,2.428888,0.879639,0.974998
3,1169,place3726,generated_control,tier0,tier1,0.785269,0.879865,0.975155
3,1170,place3820,generated_control,tier0,tier1,7.664470,0.880092,0.975311
3,1171,place3839,generated_control,tier0,tier1,7.734690,0.880318,0.975468
3,1172,place3882,generated_control,tier0,tier1,0.940817,0.880545,0.975625
3,1173,place3730,generated_control,tier0,tier1,8.597230,0.880772,0.975781
3,1174,place3694,generated_control,tier0,tier1,9.780181,0.880998,0.975938
3,1175,place3590,generated_control,tier0,tier1,6.535322,0.881225,0.976095
3,1176,place3440,generated_control,tier0,tier1,2.764431,0.881452,0.976252
3,1177,place3801,generated_control,tier0,tier1,9.125306,0.881679,0.976408
3,1178,place3808,generated_control,tier0,tier1,3.264870,0.881906,0.976565
3,1179,place4123,generated_control,tier0,tier1,4.867455,0.882133,0.976722
3,1180,place3685,generated_control,tier0,tier1,14.796065,0.882360,0.976879
3,1181,place3928,generated_control,tier0,tier1,8.160222,0.882587,0.977036
3,1182,place3926,generated_control,tier0,tier1,9.218727,0.882814,0.977193
3,1183,place4130,generated_control,tier0,tier1,10.288750,0.883042,0.977350
3,1184,place3671,generated_control,tier0,tier1,4.435452,0.883269,0.977507
3,1185,place3914,generated_control,tier0,tier1,1.751710,0.883496,0.977664
3,1186,place3559,generated_control,tier0,tier1,2.202457,0.883724,0.977821
3,1187,place3855,generated_control,tier0,tier1,20.711241,0.883951,0.977978
3,1188,place3922,generated_control,tier0,tier1,8.360755,0.884179,0.978135
3,1189,place3754,generated_control,tier0,tier1,9.732604,0.884406,0.978292
3,1190,place3767,generated_control,tier0,tier1,8.587470,0.884634,0.978449
3,1191,place3327,generated_control,tier0,tier1,0.939608,0.884862,0.978606
3,1192,place3389,generated_control,tier0,tier1,0.915469,0.885089,0.978763
3,1193,place3425,generated_control,tier0,tier1,0.870600,0.885317,0.978921
3,1194,place3580,generated_control,tier0,tier1,13.142642,0.885545,0.979078
3,1195,place3750,generated_control,tier0,tier1,4.116348,0.885773,0.979235
3,1196,place3303,generated_control,tier0,tier1,11.297959,0.886001,0.979392
3,1197,place3575,generated_control,tier0,tier1,12.043063,0.886229,0.979550
3,1198,place4178,generated_control,tier0,tier1,1.557964,0.886457,0.979707
3,1199,place4019,generated_control,tier0,tier1,12.822271,0.886685,0.979864
3,1200,place3818,generated_control,tier0,tier1,3.466748,0.886913,0.980022
3,1201,place3535,generated_control,tier0,tier1,6.009290,0.887142,0.980179
3,1202,place3503,generated_control,tier0,tier1,7.971106,0.887370,0.980337
3,1203,place3562,generated_control,tier0,tier1,4.245416,0.887598,0.980494
3,1204,place3751,generated_control,tier0,tier1,10.875695,0.887827,0.980651
3,1205,place3776,generated_control,tier0,tier1,3.316358,0.888055,0.980809
3,1206,place3792,generated_control,tier0,tier1,8.866684,0.888284,0.980967
3,1207,place4026,generated_control,tier0,tier1,4.488555,0.888512,0.981124
3,1208,place3949,generated_control,tier0,tier1,5.762627,0.888741,0.981282
3,1209,place3560,generated_control,tier0,tier1,2.403397,0.888970,0.981439
3,1210,place3492,generated_control,tier0,tier1,5.731223,0.889198,0.981597
3,1211,place3763,generated_control,tier0,tier1,8.816862,0.889427,0.981755
3,1212,place3478,generated_control,tier0,tier1,5.878087,0.889656,0.981912
3,1213,place3599,generated_control,tier0,tier1,14.063747,0.889885,0.982070
3,1214,place3468,generated_control,tier0,tier1,2.441249,0.890114,0.982228
3,1215,place4129,generated_control,tier0,tier1,13.514188,0.890343,0.982385
3,1216,place3800,generated_control,tier0,tier1,9.916879,0.890572,0.982543
3,1217,place4000,generated_control,tier0,tier1,1.045046,0.890801,0.982701
3,1218,place3856,generated_control,tier0,tier1,21.211804,0.891030,0.982859
3,1219,place3118,generated_control,tier0,tier1,0.247880,0.891260,0.983017
3,1220,place3620,generated_control,tier0,tier1,8.844631,0.891489,0.983175
3,1221,place3625,generated_control,tier0,tier1,8.843529,0.891718,0.983332
3,1222,place3644,generated_control,tier0,tier1,8.947717,0.891948,0.983490
3,1223,place3764,generated_control,tier0,tier1,9.911159,0.892177,0.983648
3,1224,place3785,generated_control,tier0,tier1,8.599280,0.892407,0.983806
3,1225,place3910,generated_control,tier0,tier1,7.790546,0.892636,0.983964
3,1226,place3260,generated_control,tier0,tier1,4.321901,0.892866,0.984122
3,1227,place3284,generated_control,tier0,tier1,4.221471,0.893095,0.984280
3,1228,place3658,generated_control,tier0,tier1,8.828123,0.893325,0.984438
3,1229,place3682,generated_control,tier0,tier1,7.408254,0.893555,0.984597
3,1230,place3683,generated_control,tier0,tier1,7.463440,0.893785,0.984755
3,1231,place3686,generated_control,tier0,tier1,7.371726,0.894015,0.984913
3,1232,place3796,generated_control,tier0,tier1,4.531900,0.894245,0.985071
3,1233,place3866,generated_control,tier0,tier1,4.510981,0.894475,0.985229
3,1234,place3851,generated_control,tier0,tier1,3.551427,0.894705,0.985387
3,1235,place3353,generated_control,tier0,tier1,5.926738,0.894935,0.985546
3,1236,place3771,generated_control,tier0,tier1,4.084552,0.895165,0.985704
3,1237,place3813,generated_control,tier0,tier1,9.868384,0.895395,0.985862
3,1238,place3302,generated_control,tier0,tier1,14.042625,0.895626,0.986021
3,1239,place3600,generated_control,tier0,tier1,6.756113,0.895856,0.986179
3,1240,place3659,generated_control,tier0,tier1,4.325889,0.896087,0.986337
3,1241,place3850,generated_control,tier0,tier1,6.677598,0.896317,0.986496
3,1242,place3915,generated_control,tier0,tier1,7.401082,0.896548,0.986654
3,1243,place3082,generated_control,tier0,tier1,0.560616,0.896778,0.986813
3,1244,place3545,generated_control,tier0,tier1,1.329307,0.897009,0.986971
3,1245,place3743,generated_control,tier0,tier1,8.253122,0.897239,0.987130
3,1246,place3772,generated_control,tier0,tier1,3.098094,0.897470,0.987288
3,1247,place3798,generated_control,tier0,tier1,5.228539,0.897701,0.987447
3,1248,place3760,generated_control,tier0,tier1,10.095879,0.897932,0.987605
3,1249,place3867,generated_control,tier0,tier1,3.133886,0.898163,0.987764
3,1250,place3920,generated_control,tier0,tier1,3.242653,0.898394,0.987923
3,1251,place3672,generated_control,tier0,tier1,0.801236,0.898625,0.988081
3,1252,place3253,generated_control,tier0,tier1,14.578478,0.898856,0.988240
3,1253,place4128,generated_control,tier0,tier1,16.061555,0.899087,0.988399
3,1254,place3790,generated_control,tier0,tier1,8.821653,0.899318,0.988557
3,1255,place3911,generated_control,tier0,tier1,2.266385,0.899549,0.988716
3,1256,place4126,generated_control,tier0,tier1,19.543755,0.899781,0.988875
3,1257,place3849,generated_control,tier0,tier1,18.143725,0.900012,0.989034
3,1258,place4078,generated_control,tier0,tier1,0.904310,0.900244,0.989193
3,1259,place4127,generated_control,tier0,tier1,19.403084,0.900475,0.989352
3,1260,place3592,generated_control,tier0,tier1,3.538884,0.900707,0.989510
3,1261,place3812,generated_control,tier0,tier1,8.646480,0.900938,0.989669
3,1262,place3919,generated_control,tier0,tier1,3.826182,0.901170,0.989828
3,1263,place4009,generated_control,tier0,tier1,0.518128,0.901402,0.989987
3,1264,place3992,generated_control,tier0,tier1,3.844871,0.901633,0.990146
3,1265,place3755,generated_control,tier0,tier1,10.292112,0.901865,0.990305
3,1266,place3777,generated_control,tier0,tier1,9.887519,0.902097,0.990464
3,1267,place3962,generated_control,tier0,tier1,0.346798,0.902329,0.990623
3,1268,place3147,generated_control,tier0,tier1,7.946857,0.902561,0.990782
3,1269,place3448,generated_control,tier0,tier1,4.415189,0.902793,0.990942
3,1270,place3449,generated_control,tier0,tier1,8.041012,0.903025,0.991101
3,1271,place3450,generated_control,tier0,tier1,8.016567,0.903257,0.991260
3,1272,place3451,generated_control,tier0,tier1,8.095126,0.903490,0.991419
3,1273,place3936,generated_control,tier0,tier1,0.718224,0.903722,0.991578
3,1274,place3504,generated_control,tier0,tier1,0.738437,0.903954,0.991738
3,1275,place3598,generated_control,tier0,tier1,7.392008,0.904187,0.991897
3,1276,place3670,generated_control,tier0,tier1,7.804186,0.904419,0.992056
3,1277,place3797,generated_control,tier0,tier1,9.661892,0.904651,0.992215
3,1278,place3807,generated_control,tier0,tier1,9.025846,0.904884,0.992375
3,1279,place3809,generated_control,tier0,tier1,9.913456,0.905117,0.992534
3,1280,place3810,generated_control,tier0,tier1,8.825290,0.905349,0.992694
3,1281,place4146,generated_control,tier0,tier1,23.460340,0.905582,0.992853
3,1282,place3749,generated_control,tier0,tier1,1.084666,0.905815,0.993012
3,1283,place3774,generated_control,tier0,tier1,9.667552,0.906048,0.993172
3,1284,place3864,generated_control,tier0,tier1,0.977816,0.906281,0.993331
3,1285,place4008,generated_control,tier0,tier1,0.589193,0.906514,0.993491
3,1286,place3642,generated_control,tier0,tier1,8.774687,0.906747,0.993650
3,1287,place3643,generated_control,tier0,tier1,8.768326,0.906980,0.993810
3,1288,place3696,generated_control,tier0,tier1,8.728868,0.907213,0.993970
3,1289,place3698,generated_control,tier0,tier1,8.836975,0.907446,0.994129
3,1290,place3699,generated_control,tier0,tier1,8.802896,0.907679,0.994289
3,1291,place3086,generated_control,tier0,tier1,1.704826,0.907912,0.994449
3,1292,place3537,generated_control,tier0,tier1,4.398760,0.908146,0.994608
3,1293,place3578,generated_control,tier0,tier1,0.156003,0.908379,0.994768
3,1294,place3765,generated_control,tier0,tier1,4.118816,0.908613,0.994928
3,1295,place3775,generated_control,tier0,tier1,9.606844,0.908846,0.995088
3,1296,place3941,generated_control,tier0,tier1,0.818656,0.909080,0.995247
3,1297,place3793,generated_control,tier0,tier1,10.618279,0.909313,0.995407
3,1298,place3996,generated_control,tier0,tier1,2.909681,0.909547,0.995567
3,1299,place3107,generated_control,tier0,tier1,6.448357,0.909781,0.995727
3,1300,place3736,generated_control,tier0,tier1,1.113801,0.910015,0.995887
3,1301,place3769,generated_control,tier0,tier1,2.503359,0.910249,0.996047
3,1302,place3782,generated_control,tier0,tier1,8.676959,0.910482,0.996207
3,1303,place3786,generated_control,tier0,tier1,8.711033,0.910716,0.996367
3,1304,place3789,generated_control,tier0,tier1,4.124059,0.910951,0.996527
3,1305,place3803,generated_control,tier0,tier1,9.380888,0.911185,0.996687
3,1306,place3859,generated_control,tier0,tier1,0.870294,0.911419,0.996847
3,1307,place3862,generated_control,tier0,tier1,8.220548,0.911653,0.997007
3,1308,place3969,generated_control,tier0,tier1,0.742968,0.911887,0.997167
3,1309,place3657,generated_control,tier0,tier1,10.284222,0.912122,0.997327
3,1310,place3995,generated_control,tier0,tier1,4.751024,0.912356,0.997487
3,1311,place3243,generated_control,tier0,tier1,6.159808,0.912590,0.997648
3,1312,place3779,generated_control,tier0,tier1,1.886828,0.912825,0.997808
3,1313,place3496,generated_control,tier0,tier1,3.110436,0.913059,0.997968
3,1314,place4148,generated_control,tier0,tier1,27.782256,0.913294,0.998128
3,1315,place3081,generated_control,tier0,tier1,4.783915,0.913529,0.998289
3,1316,place3899,generated_control,tier0,tier1,5.185615,0.913763,0.998449
3,1317,place3788,generated_control,tier0,tier1,8.644234,0.913998,0.998609
3,1318,place3557,generated_control,tier0,tier1,8.598408,0.914233,0.998770
3,1319,place3799,generated_control,tier0,tier1,8.000917,0.914468,0.998930
3,1320,place3731,generated_control,tier0,tier1,13.934038,0.914703,0.999090
3,1321,place3697,generated_control,tier0,tier1,9.070868,0.914938,0.999251
3,1322,place3735,generated_control,tier0,tier1,8.127067,0.915173,0.999411
3,1323,place3781,generated_control,tier0,tier1,8.813060,0.915408,0.999572
3,1324,place3885,generated_control,tier0,tier1,9.378944,0.915643,0.999732
3,1325,place3811,generated_control,tier0,tier1,6.660126,0.915879,0.999893
3,1326,place3583,generated_control,tier0,tier1,8.363334,0.916114,0.999946
3,1327,place3768,generated_control,tier0,tier1,8.623418,0.916349,0.999786
3,1328,place3497,generated_control,tier0,tier1,11.582841,0.916585,0.999625
3,1329,place3626,generated_control,tier0,tier1,12.768992,0.916820,0.999465
3,1330,place4177,generated_control,tier0,tier1,28.153027,0.917056,0.999304
3,1331,place3241,generated_control,tier0,tier1,9.664434,0.917291,0.999144
3,1332,place3752,generated_control,tier0,tier1,0.880001,0.917527,0.998983
3,1333,place3753,generated_control,tier0,tier1,9.236017,0.917763,0.998823
3,1334,place3778,generated_control,tier0,tier1,0.858031,0.917999,0.998663
3,1335,place3806,generated_control,tier0,tier1,8.805513,0.918234,0.998502
3,1336,place4149,generated_control,tier0,tier1,29.717593,0.918470,0.998342
3,1337,place3982,generated_control,tier0,tier1,5.450299,0.918706,0.998182
3,1338,place3668,generated_control,tier0,tier1,11.832367,0.918942,0.998021
3,1339,place3942,generated_control,tier0,tier1,2.580313,0.919178,0.997861
3,1340,place3964,generated_control,tier0,tier1,9.139667,0.919414,0.997701
3,1341,place3967,generated_control,tier0,tier1,9.139692,0.919651,0.997541
3,1342,place4012,generated_control,tier0,tier1,0.244581,0.919887,0.997381
3,1343,place3538,generated_control,tier0,tier1,2.698857,0.920123,0.997220
3,1344,place3567,generated_control,tier0,tier1,2.611363,0.920359,0.997060
3,1345,place3570,generated_control,tier0,tier1,2.664556,0.920596,0.996900
3,1346,place3756,generated_control,tier0,tier1,10.571704,0.920832,0.996740
3,1347,place3757,generated_control,tier0,tier1,1.479091,0.921069,0.996580
3,1348,place3909,generated_control,tier0,tier1,0.699689,0.921305,0.996420
3,1349,place3961,generated_control,tier0,tier1,1.243524,0.921542,0.996260
3,1350,place3968,generated_control,tier0,tier1,3.942718,0.921779,0.996100
3,1351,place3633,generated_control,tier0,tier1,9.357184,0.922016,0.995940
3,1352,place3758,generated_control,tier0,tier1,1.681223,0.922252,0.995780
3,1353,place3759,generated_control,tier0,tier1,1.678006,0.922489,0.995620
3,1354,place3761,generated_control,tier0,tier1,10.762221,0.922726,0.995460
3,1355,place3762,generated_control,tier0,tier1,1.674044,0.922963,0.995301
3,1356,place3770,generated_control,tier0,tier1,1.662956,0.923200,0.995141
3,1357,place3773,generated_control,tier0,tier1,10.735363,0.923437,0.994981
3,1358,place3802,generated_control,tier0,tier1,1.619107,0.923674,0.994821
3,1359,place3954,generated_control,tier0,tier1,19.147472,0.923912,0.994662
3,1360,place3079,generated_control,tier0,tier1,7.011905,0.924149,0.994502
3,1361,place3848,generated_control,tier0,tier1,2.635543,0.924386,0.994342
3,1362,place3860,generated_control,tier0,tier1,3.428069,0.924624,0.994182
3,1363,place3955,generated_control,tier0,tier1,9.490113,0.924861,0.994023
3,1364,place4172,generated_control,tier0,tier1,26.229552,0.925099,0.993863
3,1365,place3591,generated_control,tier0,tier1,19.211480,0.925336,0.993704
3,1366,place3861,generated_control,tier0,tier1,11.402473,0.925574,0.993544
3,1367,place3087,generated_control,tier0,tier1,12.680225,0.925812,0.993385
3,1368,place3579,generated_control,tier0,tier1,19.230819,0.926049,0.993225
3,1369,place4173,generated_control,tier0,tier1,28.053289,0.926287,0.993066
3,1370,place4176,generated_control,tier0,tier1,28.543843,0.926525,0.992906
3,1371,place3952,generated_control,tier0,tier1,8.737435,0.926763,0.992747
3,1372,place4152,generated_control,tier0,tier1,24.189450,0.927001,0.992587
3,1373,place3088,generated_control,tier0,tier1,5.571549,0.927239,0.992428
3,1374,place3103,generated_control,tier0,tier1,5.815199,0.927477,0.992269
3,1375,place3139,generated_control,tier0,tier1,5.642145,0.927715,0.992109
3,1376,place4174,generated_control,tier0,tier1,30.528797,0.927954,0.991950
3,1377,place4175,generated_control,tier0,tier1,31.129299,0.928192,0.991791
3,1378,place3077,generated_control,tier0,tier1,21.084379,0.928430,0.991631
3,1379,place3627,generated_control,tier0,tier1,3.270660,0.928669,0.991472
3,1380,place4158,generated_control,tier0,tier1,26.017567,0.928907,0.991313
3,1381,place4170,generated_control,tier0,tier1,26.358835,0.929146,0.991154
3,1382,place4154,generated_control,tier0,tier1,28.404242,0.929384,0.990995
3,1383,place4159,generated_control,tier0,tier1,29.390943,0.929623,0.990835
3,1384,place4155,generated_control,tier0,tier1,29.788728,0.929861,0.990676
3,1385,place3076,generated_control,tier0,tier1,20.038405,0.930100,0.990517
3,1386,place3242,generated_control,tier0,tier1,16.226461,0.930339,0.990358
3,1387,place4147,generated_control,tier0,tier1,25.448909,0.930578,0.990199
3,1388,place4151,generated_control,tier0,tier1,27.663502,0.930817,0.990040
3,1389,place4169,generated_control,tier0,tier1,29.977893,0.931056,0.989881
3,1390,place4161,generated_control,tier0,tier1,30.962022,0.931295,0.989722
3,1391,place3098,generated_control,tier0,tier1,13.933131,0.931534,0.989563
3,1392,place3111,generated_control,tier0,tier1,4.600376,0.931773,0.989404
3,1393,place3112,generated_control,tier0,tier1,13.768537,0.932012,0.989246
3,1394,place3113,generated_control,tier0,tier1,4.429122,0.932252,0.989087
3,1395,place3114,generated_control,tier0,tier1,13.805094,0.932491,0.988928
3,1396,place3116,generated_control,tier0,tier1,13.925999,0.932730,0.988769
3,1397,place3129,generated_control,tier0,tier1,4.404148,0.932970,0.988610
3,1398,place3140,generated_control,tier0,tier1,2.978447,0.933209,0.988452
3,1399,place3141,generated_control,tier0,tier1,13.946521,0.933449,0.988293
3,1400,place3142,generated_control,tier0,tier1,13.781831,0.933689,0.988134
3,1401,place3229,generated_control,tier0,tier1,13.888779,0.933928,0.987976
3,1402,place3254,generated_control,tier0,tier1,10.204441,0.934168,0.987817
3,1403,place3584,generated_control,tier0,tier1,9.627544,0.934408,0.987658
3,1404,place3725,generated_control,tier0,tier1,10.401318,0.934648,0.987500
3,1405,place3780,generated_control,tier0,tier1,1.194038,0.934888,0.987341
3,1406,place3787,generated_control,tier0,tier1,9.348916,0.935128,0.987183
3,1407,place3794,generated_control,tier0,tier1,8.913755,0.935368,0.987024
3,1408,place3795,generated_control,tier0,tier1,0.959284,0.935608,0.986866
3,1409,place3804,generated_control,tier0,tier1,0.833958,0.935848,0.986707
3,1410,place3805,generated_control,tier0,tier1,0.790864,0.936088,0.986549
3,1411,place3984,generated_control,tier0,tier1,15.401975,0.936329,0.986390
3,1412,place3089,generated_control,tier0,tier1,13.081988,0.936569,0.986232
3,1413,place3090,generated_control,tier0,tier1,13.005208,0.936809,0.986073
3,1414,place3096,generated_control,tier0,tier1,13.057864,0.937050,0.985915
3,1415,place3097,generated_control,tier0,tier1,13.054610,0.937290,0.985757
3,1416,place3099,generated_control,tier0,tier1,13.038280,0.937531,0.985599
3,1417,place3100,generated_control,tier0,tier1,12.997420,0.937772,0.985440
3,1418,place3115,generated_control,tier0,tier1,12.847285,0.938012,0.985282
3,1419,place3117,generated_control,tier0,tier1,13.049233,0.938253,0.985124
3,1420,place3188,generated_control,tier0,tier1,5.396342,0.938494,0.984966
3,1421,place3573,generated_control,tier0,tier1,8.381061,0.938735,0.984807
3,1422,place3883,generated_control,tier0,tier1,0.882491,0.938976,0.984649
3,1423,place3930,generated_control,tier0,tier1,9.108561,0.939217,0.984491
3,1424,place3783,generated_control,tier0,tier1,8.885306,0.939458,0.984333
3,1425,place3202,generated_control,tier0,tier1,4.435334,0.939699,0.984175
3,1426,place3474,generated_control,tier0,tier1,8.730166,0.939940,0.984017
3,1427,place3485,generated_control,tier0,tier1,8.613125,0.940182,0.983859
3,1428,place3689,generated_control,tier0,tier1,8.645134,0.940423,0.983701
3,1429,place3690,generated_control,tier0,tier1,8.652542,0.940664,0.983543
3,1430,place3691,generated_control,tier0,tier1,8.612734,0.940906,0.983385
3,1431,place3692,generated_control,tier0,tier1,8.644914,0.941147,0.983227
3,1432,place3080,generated_control,tier0,tier1,9.295352,0.941389,0.983069
3,1433,place3119,generated_control,tier0,tier1,9.228621,0.941630,0.982911
3,1434,place3124,generated_control,tier0,tier1,9.151539,0.941872,0.982754
3,1435,place3131,generated_control,tier0,tier1,9.240666,0.942114,0.982596
3,1436,place3134,generated_control,tier0,tier1,9.127897,0.942356,0.982438
3,1437,place3144,generated_control,tier0,tier1,9.232290,0.942597,0.982280
3,1438,place3145,generated_control,tier0,tier1,9.198610,0.942839,0.982122
3,1439,place3146,generated_control,tier0,tier1,9.223341,0.943081,0.981965
3,1440,place3189,generated_control,tier0,tier1,9.255602,0.943323,0.981807
3,1441,place3230,generated_control,tier0,tier1,9.037141,0.943565,0.981649
3,1442,input103,generated_control,tier0,tier1,4.442109,0.943808,0.981492
3,1443,input109,generated_control,tier0,tier1,4.423407,0.944050,0.981334
3,1444,input79,generated_control,tier0,tier1,4.434485,0.944292,0.981177
3,1445,input83,generated_control,tier0,tier1,4.433948,0.944534,0.981019
3,1446,input86,generated_control,tier0,tier1,4.443478,0.944777,0.980861
3,1447,input87,generated_control,tier0,tier1,4.442557,0.945019,0.980704
3,1448,input88,generated_control,tier0,tier1,4.443003,0.945262,0.980547
3,1449,input90,generated_control,tier0,tier1,4.443731,0.945504,0.980389
3,1450,input92,generated_control,tier0,tier1,4.435078,0.945747,0.980232
3,1451,input93,generated_control,tier0,tier1,4.434783,0.945990,0.980074
3,1452,input94,generated_control,tier0,tier1,4.435074,0.946233,0.979917
3,1453,input95,generated_control,tier0,tier1,4.435631,0.946475,0.979759
3,1454,input98,generated_control,tier0,tier1,4.440382,0.946718,0.979602
3,1455,input99,generated_control,tier0,tier1,4.439668,0.946961,0.979445
3,1456,output197,generated_control,tier0,tier1,5.756064,0.947204,0.979288
3,1457,output198,generated_control,tier0,tier1,4.511808,0.947447,0.979130
3,1458,output199,generated_control,tier0,tier1,5.702693,0.947690,0.978973
3,1459,output200,generated_control,tier0,tier1,5.692056,0.947934,0.978816
3,1460,place3576,generated_control,tier0,tier1,0.831554,0.948177,0.978659
3,1461,place3133,generated_control,tier0,tier1,8.191576,0.948420,0.978501
3,1462,place3135,generated_control,tier0,tier1,9.158372,0.948664,0.978344
3,1463,place3136,generated_control,tier0,tier1,8.195680,0.948907,0.978187
3,1464,place3148,generated_control,tier0,tier1,8.265236,0.949150,0.978030
3,1465,place3149,generated_control,tier0,tier1,8.198969,0.949394,0.977873
3,1466,place3452,generated_control,tier0,tier1,9.394881,0.949638,0.977716
3,1467,place3101,generated_control,tier0,tier1,8.612043,0.949881,0.977559
3,1468,place3130,generated_control,tier0,tier1,8.578487,0.950125,0.977402
3,1469,place3078,generated_control,tier0,tier1,13.484613,0.950369,0.977245
3,1470,place3104,generated_control,tier0,tier1,13.478762,0.950613,0.977088
3,1471,place3261,generated_control,tier0,tier1,13.365617,0.950857,0.976931
3,1472,place3265,generated_control,tier0,tier1,13.400334,0.951101,0.976774
3,1473,clkload0,clock_reset,tier0,tier1,7.162756,0.951345,0.976670
3,1474,clkload1,clock_reset,tier0,tier1,7.132918,0.951589,0.976565
3,1475,clkload142,clock_reset,tier0,tier1,6.823253,0.951833,0.976461
3,1476,clkload2,clock_reset,tier0,tier1,8.127445,0.952077,0.976356
3,1477,clkload3,clock_reset,tier0,tier1,7.199512,0.952321,0.976252
3,1478,clkload4,clock_reset,tier0,tier1,8.118513,0.952566,0.976147
3,1479,clkload5,clock_reset,tier0,tier1,8.171535,0.952810,0.976043
3,1480,clkload6,clock_reset,tier0,tier1,7.202367,0.953055,0.975938
3,1481,clkload85,clock_reset,tier0,tier1,13.877603,0.953299,0.975834
3,1482,clkload91,clock_reset,tier0,tier1,12.252089,0.953544,0.975729
3,1483,clkload88,clock_reset,tier0,tier1,11.976213,0.953788,0.975625
3,1484,clkload83,clock_reset,tier0,tier1,13.416840,0.954033,0.975520
3,1485,clkload99,clock_reset,tier0,tier1,14.860730,0.954278,0.975416
3,1486,clkload52,clock_reset,tier0,tier1,12.926072,0.954523,0.975311
3,1487,clkload19,clock_reset,tier0,tier1,12.957283,0.954768,0.975207
3,1488,clkload32,clock_reset,tier0,tier1,12.875553,0.955013,0.975102
3,1489,clkload65,clock_reset,tier0,tier1,12.891012,0.955258,0.974998
3,1490,clkload122,clock_reset,tier0,tier1,12.522494,0.955503,0.974894
3,1491,clkload14,clock_reset,tier0,tier1,12.919380,0.955748,0.974789
3,1492,clkload21,clock_reset,tier0,tier1,12.330147,0.955993,0.974685
3,1493,clkload23,clock_reset,tier0,tier1,12.292468,0.956238,0.974581
3,1494,clkload38,clock_reset,tier0,tier1,13.116447,0.956484,0.974476
3,1495,clkload46,clock_reset,tier0,tier1,12.470691,0.956729,0.974372
3,1496,clkload96,clock_reset,tier0,tier1,12.442563,0.956974,0.974268
3,1497,clkload12,clock_reset,tier0,tier1,13.266738,0.957220,0.974163
3,1498,clkload24,clock_reset,tier0,tier1,12.506103,0.957465,0.974059
3,1499,clkload93,clock_reset,tier0,tier1,12.683402,0.957711,0.973955
3,1500,clkload15,clock_reset,tier0,tier1,12.716705,0.957957,0.973850
3,1501,clkload17,clock_reset,tier0,tier1,12.728042,0.958203,0.973746
3,1502,clkload18,clock_reset,tier0,tier1,12.722455,0.958448,0.973642
3,1503,clkload20,clock_reset,tier0,tier1,12.733663,0.958694,0.973538
3,1504,clkload37,clock_reset,tier0,tier1,12.789979,0.958940,0.973433
3,1505,clkload13,clock_reset,tier0,tier1,13.676807,0.959186,0.973329
3,1506,clkload16,clock_reset,tier0,tier1,13.683905,0.959432,0.973225
3,1507,clkload22,clock_reset,tier0,tier1,13.697372,0.959678,0.973121
3,1508,clkload25,clock_reset,tier0,tier1,13.690677,0.959925,0.973017
3,1509,clkload31,clock_reset,tier0,tier1,13.695877,0.960171,0.972912
3,1510,clkload41,clock_reset,tier0,tier1,13.705262,0.960417,0.972808
3,1511,clkload47,clock_reset,tier0,tier1,13.818305,0.960664,0.972704
3,1512,clkload8,clock_reset,tier0,tier1,13.675613,0.960910,0.972600
3,1513,clkload33,clock_reset,tier0,tier1,13.139194,0.961157,0.972496
3,1514,clkload35,clock_reset,tier0,tier1,13.183903,0.961403,0.972392
3,1515,clkload42,clock_reset,tier0,tier1,13.908860,0.961650,0.972287
3,1516,clkload45,clock_reset,tier0,tier1,13.953307,0.961896,0.972183
3,1517,clkload49,clock_reset,tier0,tier1,13.914921,0.962143,0.972079
3,1518,clkload30,clock_reset,tier0,tier1,14.115903,0.962390,0.971975
3,1519,clkload36,clock_reset,tier0,tier1,13.386181,0.962637,0.971871
3,1520,clkload57,clock_reset,tier0,tier1,14.104599,0.962884,0.971767
3,1521,clkload60,clock_reset,tier0,tier1,14.110988,0.963131,0.971663
3,1522,clkload71,clock_reset,tier0,tier1,13.370216,0.963378,0.971559
3,1523,clkload28,clock_reset,tier0,tier1,14.313699,0.963625,0.971455
3,1524,clkload34,clock_reset,tier0,tier1,13.562705,0.963872,0.971351
3,1525,clkload44,clock_reset,tier0,tier1,13.599619,0.964119,0.971247
3,1526,clkload59,clock_reset,tier0,tier1,14.303547,0.964367,0.971143
3,1527,clkload68,clock_reset,tier0,tier1,14.312245,0.964614,0.971039
3,1528,clkload72,clock_reset,tier0,tier1,14.321083,0.964861,0.970935
3,1529,clkload81,clock_reset,tier0,tier1,13.663951,0.965109,0.970831
3,1530,clkload11,clock_reset,tier0,tier1,13.752387,0.965357,0.970727
3,1531,clkload26,clock_reset,tier0,tier1,13.765888,0.965604,0.970623
3,1532,clkload50,clock_reset,tier0,tier1,13.787038,0.965852,0.970519
3,1533,clkload61,clock_reset,tier0,tier1,13.762774,0.966100,0.970415
3,1534,clkload7,clock_reset,tier0,tier1,13.774337,0.966347,0.970311
3,1535,clkload9,clock_reset,tier0,tier1,13.742269,0.966595,0.970207
3,1536,clkload10,clock_reset,tier0,tier1,13.959648,0.966843,0.970104
3,1537,clkload27,clock_reset,tier0,tier1,13.971701,0.967091,0.970000
3,1538,clkload40,clock_reset,tier0,tier1,13.984802,0.967339,0.969896
3,1539,clkload43,clock_reset,tier0,tier1,14.014979,0.967587,0.969792
3,1540,clkload54,clock_reset,tier0,tier1,13.970187,0.967836,0.969688
3,1541,clkload55,clock_reset,tier0,tier1,13.981934,0.968084,0.969584
3,1542,clkload62,clock_reset,tier0,tier1,13.971980,0.968332,0.969481
3,1543,clkload66,clock_reset,tier0,tier1,13.983417,0.968580,0.969377
3,1544,clkload70,clock_reset,tier0,tier1,13.979706,0.968829,0.969273
3,1545,clkload39,clock_reset,tier0,tier1,14.179929,0.969077,0.969169
3,1546,clkload64,clock_reset,tier0,tier1,14.914894,0.969326,0.969065
3,1547,clkload67,clock_reset,tier0,tier1,14.172903,0.969575,0.968962
3,1548,clkload69,clock_reset,tier0,tier1,14.193013,0.969823,0.968858
3,1549,clkload48,clock_reset,tier0,tier1,14.428488,0.970072,0.968754
3,1550,clkload82,clock_reset,tier0,tier1,14.540389,0.970321,0.968650
3,1551,clkload29,clock_reset,tier0,tier1,14.598915,0.970570,0.968547
3,1552,clkload51,clock_reset,tier0,tier1,14.613265,0.970819,0.968443
3,1553,clkload56,clock_reset,tier0,tier1,14.595789,0.971068,0.968339
3,1554,clkload58,clock_reset,tier0,tier1,14.787525,0.971317,0.968236
3,1555,clkload63,clock_reset,tier0,tier1,14.784963,0.971566,0.968132
3,1556,clkload73,generated_control,tier0,tier1,10.328409,0.971815,0.968028
3,1557,clkload104,generated_control,tier0,tier1,15.228629,0.972064,0.967925
3,1558,clkload100,generated_control,tier0,tier1,15.502315,0.972314,0.967821
3,1559,clkload150,generated_control,tier0,tier1,13.917094,0.972563,0.967717
3,1560,clkload87,generated_control,tier0,tier1,13.817629,0.972812,0.967614
3,1561,clkload90,generated_control,tier0,tier1,13.990923,0.973062,0.967510
3,1562,clkload95,generated_control,tier0,tier1,13.906568,0.973311,0.967406
3,1563,clkload97,generated_control,tier0,tier1,13.901359,0.973561,0.967303
3,1564,clkload89,generated_control,tier0,tier1,13.963371,0.973811,0.967199
3,1565,clkload94,generated_control,tier0,tier1,13.806813,0.974060,0.967096
3,1566,clkload80,generated_control,tier0,tier1,14.792765,0.974310,0.966992
3,1567,clkload86,generated_control,tier0,tier1,14.791980,0.974560,0.966889
3,summary,,,,,15545.572452,0.974560,0.966889
4,1,_18871_,generated_datapath,tier1,tier0,7.052095,0.974310,0.967303
4,2,_19411_,generated_control,tier1,tier0,7.845134,0.974060,0.967717
4,3,_19842_,generated_datapath,tier1,tier0,8.063697,0.973811,0.968080
4,4,_589_,generated_datapath,tier1,tier0,0.216603,0.973561,0.968443
4,5,_599_,generated_datapath,tier1,tier0,16.267513,0.973311,0.968806
4,6,_14199_,generated_datapath,tier0,tier1,6.942533,0.973561,0.968443
4,7,_18138_,generated_datapath,tier1,tier0,3.395115,0.973311,0.968806
4,8,_19704_,generated_datapath,tier1,tier0,24.126688,0.973062,0.969169
4,9,_14993_,unclassified,tier0,tier1,4.561670,0.973311,0.968806
4,10,_17220_,unclassified,tier1,tier0,28.740837,0.973062,0.969169
4,11,_20063_,unclassified,tier1,tier0,5.691448,0.972812,0.969532
4,12,if_stage_i.instr_rdata_id_o[7]$_DFFE_PP_,register_file,tier0,tier1,3.114673,0.973062,0.969221
4,13,cs_registers_i.u_mtval_csr.rd_data_o[2]$_DFFE_PN0P_,csr,tier1,tier0,4.617985,0.972812,0.969532
4,14,_13629_,generated_datapath,tier1,tier0,9.950873,0.972563,0.969844
4,15,_13667_,generated_datapath,tier1,tier0,9.865017,0.972314,0.970156
4,16,_13777_,generated_datapath,tier1,tier0,9.893762,0.972064,0.970467
4,17,_13895_,generated_datapath,tier1,tier0,1.189614,0.971815,0.970779
4,18,_13907_,generated_datapath,tier1,tier0,9.907336,0.971566,0.971091
4,19,_13971_,generated_datapath,tier1,tier0,1.190968,0.971317,0.971403
4,20,_13983_,generated_datapath,tier1,tier0,9.906066,0.971068,0.971715
4,21,_22192_,generated_datapath,tier1,tier0,9.875425,0.970819,0.972027
4,22,_22601_,generated_datapath,tier1,tier0,9.991540,0.970570,0.972340
4,23,_23728_,generated_datapath,tier1,tier0,10.188797,0.970321,0.972652
4,24,_23886_,generated_datapath,tier1,tier0,9.913707,0.970072,0.972964
4,25,_13554_,generated_datapath,tier1,tier0,8.444827,0.969823,0.973277
4,26,_14023_,generated_datapath,tier1,tier0,8.405402,0.969575,0.973590
4,27,_24037_,generated_datapath,tier1,tier0,30.190639,0.969326,0.973902
4,28,_24064_,generated_datapath,tier1,tier0,16.012659,0.969077,0.974215
4,29,_24057_,generated_datapath,tier1,tier0,30.998318,0.968829,0.974528
4,30,_14158_,generated_datapath,tier1,tier0,20.359511,0.968580,0.974841
4,31,_14305_,generated_datapath,tier1,tier0,20.369036,0.968332,0.975155
4,32,_14442_,generated_datapath,tier1,tier0,2.776341,0.968084,0.975468
4,33,_17451_,generated_datapath,tier1,tier0,0.742132,0.967836,0.975781
4,34,_14420_,generated_datapath,tier1,tier0,2.534327,0.967587,0.976095
4,35,_24077_,generated_datapath,tier1,tier0,22.812278,0.967339,0.976408
4,36,_19542_,generated_datapath,tier1,tier0,4.341025,0.967091,0.976722
4,37,_24034_,generated_datapath,tier1,tier0,22.609653,0.966843,0.977036
4,38,_24040_,generated_datapath,tier1,tier0,31.060425,0.966595,0.977350
4,39,_24044_,generated_datapath,tier1,tier0,22.591926,0.966347,0.977664
4,40,_24048_,generated_datapath,tier1,tier0,22.584184,0.966100,0.977978
4,41,_24067_,generated_datapath,tier1,tier0,22.587094,0.965852,0.978292
4,42,_24157_,generated_datapath,tier1,tier0,5.876231,0.965604,0.978606
4,43,_24250_,generated_datapath,tier1,tier0,6.025749,0.965357,0.978921
4,44,_14365_,generated_datapath,tier1,tier0,3.070811,0.965109,0.979235
4,45,_19703_,generated_datapath,tier1,tier0,24.477548,0.964861,0.979550
4,46,_15725_,generated_datapath,tier1,tier0,1.090380,0.964614,0.979864
4,47,_19782_,generated_datapath,tier1,tier0,6.096522,0.964367,0.980179
4,48,_24263_,generated_datapath,tier1,tier0,1.673809,0.964119,0.980494
4,49,_24270_,generated_datapath,tier1,tier0,1.792887,0.963872,0.980809
4,50,_24282_,generated_datapath,tier1,tier0,1.810478,0.963625,0.981124
4,51,_24312_,generated_datapath,tier1,tier0,1.833066,0.963378,0.981439
4,52,_24334_,generated_datapath,tier1,tier0,1.852867,0.963131,0.981755
4,53,_24341_,generated_datapath,tier1,tier0,1.822511,0.962884,0.982070
4,54,_14203_,generated_datapath,tier1,tier0,10.934053,0.962637,0.982385
4,55,_14357_,generated_datapath,tier1,tier0,1.889566,0.962390,0.982701
4,56,_14373_,generated_datapath,tier1,tier0,2.035644,0.962143,0.983017
4,57,_14379_,generated_datapath,tier1,tier0,10.866693,0.961896,0.983332
4,58,_18298_,generated_datapath,tier1,tier0,4.358549,0.961650,0.983648
4,59,_14443_,generated_datapath,tier1,tier0,1.947633,0.961403,0.983964
4,60,_14421_,generated_datapath,tier1,tier0,7.263432,0.961157,0.984280
4,61,_14221_,generated_datapath,tier1,tier0,2.675585,0.960910,0.984597
4,62,_18134_,generated_datapath,tier1,tier0,6.076089,0.960664,0.984913
4,63,_14213_,generated_datapath,tier1,tier0,7.961019,0.960417,0.985229
4,64,_14229_,generated_datapath,tier1,tier0,12.960005,0.960171,0.985546
4,65,_23958_,generated_datapath,tier1,tier0,21.285241,0.959925,0.985862
4,66,_23909_,generated_datapath,tier1,tier0,21.122149,0.959678,0.986179
4,67,_19830_,generated_datapath,tier1,tier0,1.281643,0.959432,0.986496
4,68,_18186_,generated_datapath,tier1,tier0,2.666973,0.959186,0.986813
4,69,_19968_,generated_datapath,tier1,tier0,1.221731,0.958940,0.987130
4,70,_15299_,generated_datapath,tier0,tier1,5.822724,0.959186,0.986813
4,71,_19574_,generated_datapath,tier1,tier0,27.778595,0.958940,0.987130
4,72,_423_,generated_datapath,tier1,tier0,7.267939,0.958694,0.987447
4,73,_17108_,generated_datapath,tier1,tier0,12.337368,0.958448,0.987764
4,74,_19150_,generated_datapath,tier0,tier1,12.331630,0.958694,0.987447
4,75,_19477_,generated_datapath,tier0,tier1,3.082693,0.958940,0.987130
4,76,_22538_,generated_datapath,tier0,tier1,8.925362,0.959186,0.986813
4,77,_16267_,generated_control,tier0,tier1,20.347066,0.959432,0.986496
4,78,_17321_,generated_control,tier1,tier0,3.105890,0.959186,0.986813
4,79,_19624_,generated_control,tier0,tier1,1.129883,0.959432,0.986496
4,80,_19761_,generated_control,tier0,tier1,10.109753,0.959678,0.986179
4,81,_16593_,generated_control,tier0,tier1,12.265896,0.959925,0.985862
4,82,_16646_,generated_control,tier0,tier1,21.077948,0.960171,0.985546
4,83,_18875_,generated_control,tier1,tier0,5.036808,0.959925,0.985862
4,84,_19783_,generated_control,tier1,tier0,4.991109,0.959678,0.986179
4,85,_22237_,unclassified,tier1,tier0,0.530201,0.959432,0.986496
4,86,_22260_,unclassified,tier1,tier0,0.740190,0.959186,0.986813
4,87,_24780_,unclassified,tier1,tier0,0.517278,0.958940,0.987130
4,88,_22273_,unclassified,tier1,tier0,1.117956,0.958694,0.987447
4,89,_22197_,unclassified,tier1,tier0,0.779264,0.958448,0.987764
4,90,_18561_,unclassified,tier1,tier0,7.771196,0.958203,0.988081
4,91,_22557_,unclassified,tier0,tier1,2.639474,0.958448,0.987764
4,92,_19126_,unclassified,tier0,tier1,2.290005,0.958694,0.987447
4,93,_24582_,unclassified,tier1,tier0,11.066103,0.958448,0.987764
4,94,_18092_,decode_control,tier0,tier1,3.096313,0.958694,0.987500
4,95,_22914_,generated_datapath,tier1,tier0,3.269513,0.958448,0.987764
4,96,_23054_,generated_datapath,tier1,tier0,7.806785,0.958203,0.988028
4,97,_309_,generated_datapath,tier1,tier0,2.700944,0.957957,0.988293
4,98,_561_,generated_datapath,tier1,tier0,16.686160,0.957711,0.988557
4,99,_14614_,generated_datapath,tier0,tier1,1.094956,0.957957,0.988293
4,100,_513_,generated_datapath,tier1,tier0,0.931758,0.957711,0.988557
4,101,_15106_,generated_datapath,tier1,tier0,9.478207,0.957465,0.988822
4,102,_13637_,generated_datapath,tier0,tier1,6.859705,0.957711,0.988557
4,103,_14998_,generated_datapath,tier0,tier1,8.210699,0.957957,0.988293
4,104,_316_,generated_datapath,tier1,tier0,6.893134,0.957711,0.988557
4,105,_327_,generated_datapath,tier1,tier0,6.828005,0.957465,0.988822
4,106,_339_,generated_datapath,tier1,tier0,6.879286,0.957220,0.989087
4,107,_629_,generated_datapath,tier1,tier0,2.743114,0.956974,0.989352
4,108,_639_,generated_datapath,tier1,tier0,2.748138,0.956729,0.989616
4,109,_651_,generated_datapath,tier1,tier0,10.919397,0.956484,0.989881
4,110,_15750_,generated_datapath,tier1,tier0,3.223432,0.956238,0.990146
4,111,_643_,generated_datapath,tier1,tier0,7.129188,0.955993,0.990411
4,112,_18593_,generated_datapath,tier1,tier0,0.955924,0.955748,0.990676
4,113,_19675_,generated_datapath,tier1,tier0,8.071768,0.955503,0.990942
4,114,_296_,generated_datapath,tier1,tier0,2.753878,0.955258,0.991207
4,115,_329_,generated_datapath,tier1,tier0,2.812529,0.955013,0.991472
4,116,_387_,generated_datapath,tier1,tier0,2.757167,0.954768,0.991738
4,117,_395_,generated_datapath,tier1,tier0,11.403549,0.954523,0.992003
4,118,_409_,generated_datapath,tier1,tier0,7.335701,0.954278,0.992269
4,119,_630_,generated_datapath,tier1,tier0,6.948272,0.954033,0.992534
4,120,_641_,generated_datapath,tier1,tier0,11.044356,0.953788,0.992800
4,121,_19393_,generated_datapath,tier1,tier0,4.137588,0.953544,0.993066
4,122,_18563_,generated_datapath,tier1,tier0,16.435729,0.953299,0.993331
4,123,_283_,generated_datapath,tier1,tier0,11.011900,0.953055,0.993597
4,124,_385_,generated_datapath,tier1,tier0,6.955412,0.952810,0.993863
4,125,_19715_,generated_datapath,tier0,tier1,13.603928,0.953055,0.993597
4,126,_23492_,generated_datapath,tier1,tier0,3.155752,0.952810,0.993863
4,127,_22642_,generated_datapath,tier1,tier0,13.893313,0.952566,0.994129
4,128,_18133_,generated_datapath,tier1,tier0,3.736282,0.952321,0.994395
4,129,_18076_,generated_datapath,tier1,tier0,8.043740,0.952077,0.994662
4,130,_331_,generated_datapath,tier1,tier0,1.026994,0.951833,0.994928
4,131,_17135_,generated_datapath,tier1,tier0,3.402898,0.951589,0.995194
4,132,_17503_,generated_datapath,tier1,tier0,10.482581,0.951345,0.995460
4,133,_410_,generated_datapath,tier1,tier0,7.065910,0.951101,0.995727
4,134,_23509_,generated_datapath,tier0,tier1,0.002097,0.951345,0.995460
4,135,_22251_,generated_datapath,tier1,tier0,3.540127,0.951101,0.995727
4,136,_22263_,generated_datapath,tier1,tier0,8.016195,0.950857,0.995993
4,137,_22248_,generated_datapath,tier1,tier0,3.561165,0.950613,0.996260
4,138,_18719_,generated_datapath,tier1,tier0,10.012677,0.950369,0.996527
4,139,_23551_,generated_datapath,tier1,tier0,0.006465,0.950125,0.996794
4,140,_14366_,generated_datapath,tier1,tier0,8.700447,0.949881,0.997060
4,141,_22219_,generated_datapath,tier1,tier0,8.619314,0.949638,0.997327
4,142,_18628_,generated_datapath,tier1,tier0,6.442122,0.949394,0.997594
4,143,_14317_,generated_datapath,tier1,tier0,18.409499,0.949150,0.997861
4,144,_22233_,generated_datapath,tier1,tier0,7.979134,0.948907,0.998128
4,145,_22809_,generated_datapath,tier1,tier0,2.932935,0.948664,0.998395
4,146,_23566_,generated_datapath,tier1,tier0,1.921228,0.948420,0.998663
4,147,_14346_,generated_datapath,tier1,tier0,13.744195,0.948177,0.998930
4,148,_22515_,generated_datapath,tier1,tier0,8.308723,0.947934,0.999197
4,149,_14144_,generated_datapath,tier1,tier0,8.202057,0.947690,0.999465
4,150,_22215_,generated_datapath,tier1,tier0,8.645506,0.947447,0.999732
4,151,_22223_,generated_datapath,tier1,tier0,8.547480,0.947204,1.000000
4,152,_18107_,generated_datapath,tier1,tier0,3.251449,0.946961,0.999732
4,153,_15392_,generated_datapath,tier0,tier1,1.047540,0.947204,1.000000
4,154,_14246_,generated_datapath,tier1,tier0,5.894199,0.946961,0.999732
4,155,_18891_,generated_datapath,tier1,tier0,11.525401,0.946718,0.999465
4,156,_14145_,generated_datapath,tier1,tier0,17.086721,0.946475,0.999197
4,157,_18618_,generated_datapath,tier1,tier0,6.203510,0.946233,0.998930
4,158,_22689_,generated_datapath,tier1,tier0,8.097722,0.945990,0.998663
4,159,_22698_,generated_datapath,tier1,tier0,8.108389,0.945747,0.998395
4,160,_19010_,generated_datapath,tier1,tier0,1.164358,0.945504,0.998128
4,161,_22551_,generated_datapath,tier1,tier0,17.801384,0.945262,0.997861
4,162,_24970_,generated_datapath,tier1,tier0,1.587242,0.945019,0.997594
4,163,_14612_,generated_datapath,tier0,tier1,2.101885,0.945262,0.997861
4,164,_24988_,generated_datapath,tier1,tier0,1.648032,0.945019,0.997594
4,165,_17300_,generated_datapath,tier1,tier0,12.412345,0.944777,0.997327
4,166,_15134_,generated_datapath,tier0,tier1,18.824887,0.945019,0.997594
4,167,_24023_,generated_datapath,tier1,tier0,8.975080,0.944777,0.997327
4,168,_17272_,generated_datapath,tier1,tier0,7.674415,0.944534,0.997060
4,169,_24647_,generated_datapath,tier1,tier0,2.897917,0.944292,0.996794
4,170,_17132_,generated_datapath,tier1,tier0,17.936440,0.944050,0.996527
4,171,_22295_,generated_datapath,tier1,tier0,24.150915,0.943808,0.996260
4,172,_17041_,generated_datapath,tier1,tier0,18.664924,0.943565,0.995993
4,173,_24245_,generated_datapath,tier1,tier0,8.133762,0.943323,0.995727
4,174,_24230_,generated_datapath,tier1,tier0,2.419575,0.943081,0.995460
4,175,_14085_,generated_datapath,tier1,tier0,17.318859,0.942839,0.995194
4,176,_17043_,generated_datapath,tier1,tier0,17.506807,0.942597,0.994928
4,177,_18559_,generated_datapath,tier1,tier0,20.251443,0.942356,0.994662
4,178,_23752_,generated_datapath,tier1,tier0,18.701933,0.942114,0.994395
4,179,_14095_,generated_datapath,tier1,tier0,17.094691,0.941872,0.994129
4,180,_18060_,generated_datapath,tier1,tier0,10.471363,0.941630,0.993863
4,181,_24107_,generated_datapath,tier1,tier0,20.431237,0.941389,0.993597
4,182,_14914_,generated_datapath,tier1,tier0,8.721227,0.941147,0.993331
4,183,_22226_,generated_datapath,tier1,tier0,18.089133,0.940906,0.993066
4,184,_17167_,generated_datapath,tier1,tier0,18.112957,0.940664,0.992800
4,185,_17291_,generated_datapath,tier1,tier0,18.065739,0.940423,0.992534
4,186,_18622_,generated_datapath,tier1,tier0,13.020254,0.940182,0.992269
4,187,_16253_,generated_control,tier0,tier1,15.096895,0.940423,0.992534
4,188,_22807_,generated_control,tier1,tier0,2.294756,0.940182,0.992269
4,189,_18986_,generated_control,tier1,tier0,5.255757,0.939940,0.992003
4,190,_19689_,generated_control,tier0,tier1,16.623065,0.940182,0.992269
4,191,_16335_,generated_control,tier0,tier1,6.318433,0.940423,0.992534
4,192,_19890_,generated_control,tier0,tier1,3.405197,0.940664,0.992800
4,193,_19958_,generated_control,tier0,tier1,3.444339,0.940906,0.993066
4,194,_22535_,generated_control,tier0,tier1,3.629576,0.941147,0.993331
4,195,_20060_,generated_control,tier1,tier0,6.146566,0.940906,0.993066
4,196,_21105_,generated_control,tier1,tier0,15.177385,0.940664,0.992800
4,197,_22593_,generated_control,tier0,tier1,1.912607,0.940906,0.993066
4,198,_23623_,generated_control,tier0,tier1,4.576511,0.941147,0.993331
4,199,_14367_,generated_control,tier1,tier0,2.896425,0.940906,0.993066
4,200,_22139_,generated_control,tier1,tier0,0.777283,0.940664,0.992800
4,201,_22481_,generated_control,tier1,tier0,7.114364,0.940423,0.992534
4,202,_22570_,generated_control,tier1,tier0,7.093999,0.940182,0.992269
4,203,_23366_,generated_control,tier1,tier0,15.888161,0.939940,0.992003
4,204,_25034_,generated_control,tier1,tier0,15.846544,0.939699,0.991738
4,205,_25043_,generated_control,tier1,tier0,15.822588,0.939458,0.991472
4,206,_461_,generated_control,tier1,tier0,0.722165,0.939217,0.991207
4,207,_14225_,generated_control,tier1,tier0,0.458930,0.938976,0.990942
4,208,_14325_,generated_control,tier0,tier1,3.674867,0.939217,0.991207
4,209,_17194_,generated_control,tier1,tier0,20.192606,0.938976,0.990942
4,210,_17388_,generated_control,tier1,tier0,4.278049,0.938735,0.990676
4,211,_24901_,generated_control,tier1,tier0,2.688110,0.938494,0.990411
4,212,_14385_,generated_control,tier1,tier0,10.248719,0.938253,0.990146
4,213,_18039_,generated_control,tier1,tier0,15.296989,0.938012,0.989881
4,214,_14486_,generated_control,tier1,tier0,1.519435,0.937772,0.989616
4,215,_14176_,generated_control,tier1,tier0,17.411324,0.937531,0.989352
4,216,_19080_,generated_control,tier1,tier0,1.412753,0.937290,0.989087
4,217,_19137_,generated_control,tier1,tier0,1.496688,0.937050,0.988822
4,218,_19540_,generated_control,tier1,tier0,10.480128,0.936809,0.988557
4,219,_23852_,generated_control,tier1,tier0,8.249771,0.936569,0.988293
4,220,_24350_,generated_control,tier1,tier0,17.145973,0.936329,0.988028
4,221,_24875_,generated_control,tier1,tier0,16.995486,0.936088,0.987764
4,222,_14233_,generated_control,tier1,tier0,0.209522,0.935848,0.987500
4,223,_14217_,generated_control,tier1,tier0,9.444076,0.935608,0.987235
4,224,_19084_,generated_control,tier1,tier0,0.402561,0.935368,0.986971
4,225,_19141_,generated_control,tier1,tier0,0.356436,0.935128,0.986707
4,226,_17142_,csr,tier1,tier0,12.731681,0.934888,0.986496
4,227,_18591_,multdiv,tier1,tier0,16.145471,0.934648,0.986285
4,228,_18645_,multdiv,tier1,tier0,16.311492,0.934408,0.986073
4,229,_24111_,fetch,tier0,tier1,5.739823,0.934648,0.986285
4,230,_15373_,generated_datapath,tier1,tier0,2.829956,0.934408,0.986073
4,231,_15847_,generated_datapath,tier1,tier0,2.846273,0.934168,0.985862
4,232,_16749_,generated_datapath,tier1,tier0,2.842768,0.933928,0.985651
4,233,_16807_,generated_datapath,tier1,tier0,2.839605,0.933689,0.985440
4,234,_15192_,generated_datapath,tier0,tier1,5.349630,0.933928,0.985651
4,235,_17491_,generated_datapath,tier0,tier1,7.975699,0.934168,0.985862
4,236,_469_,generated_datapath,tier1,tier0,9.137365,0.933928,0.985651
4,237,_15210_,generated_datapath,tier0,tier1,5.127046,0.934168,0.985862
4,238,_18761_,generated_datapath,tier0,tier1,0.808060,0.934408,0.986073
4,239,_15958_,generated_datapath,tier0,tier1,4.962776,0.934648,0.986285
4,240,_16600_,generated_datapath,tier0,tier1,13.474799,0.934888,0.986496
4,241,_15217_,generated_datapath,tier0,tier1,0.817559,0.935128,0.986707
4,242,_15369_,generated_datapath,tier0,tier1,5.112786,0.935368,0.986918
4,243,_429_,generated_datapath,tier1,tier0,0.647387,0.935128,0.986707
4,244,_18760_,generated_datapath,tier0,tier1,0.172860,0.935368,0.986918
4,245,_504_,generated_datapath,tier1,tier0,4.969615,0.935128,0.986707
4,246,_18106_,generated_datapath,tier1,tier0,8.324879,0.934888,0.986496
4,247,_19589_,generated_control,tier0,tier1,0.601571,0.935128,0.986707
4,248,_19970_,generated_control,tier0,tier1,0.771625,0.935368,0.986918
4,249,_19099_,generated_control,tier0,tier1,2.372947,0.935608,0.987130
4,250,_19273_,generated_control,tier0,tier1,8.661803,0.935848,0.987341
4,251,_24063_,generated_control,tier1,tier0,4.048325,0.935608,0.987130
4,252,_16811_,generated_control,tier0,tier1,11.866346,0.935848,0.987341
4,253,_24033_,generated_control,tier1,tier0,16.540588,0.935608,0.987130
4,254,_24043_,generated_control,tier1,tier0,4.102868,0.935368,0.986918
4,255,_24047_,generated_control,tier1,tier0,4.032752,0.935128,0.986707
4,256,_24066_,generated_control,tier1,tier0,4.039869,0.934888,0.986496
4,257,_24074_,generated_control,tier1,tier0,4.018195,0.934648,0.986285
4,258,_23994_,generated_control,tier1,tier0,11.547695,0.934408,0.986073
4,259,_24229_,generated_control,tier1,tier0,5.162910,0.934168,0.985862
4,260,_24244_,generated_control,tier1,tier0,5.104731,0.933928,0.985651
4,261,_23145_,generated_control,tier0,tier1,2.460402,0.934168,0.985862
4,262,_15857_,generated_control,tier0,tier1,2.378955,0.934408,0.986073
4,263,_14946_,generated_control,tier0,tier1,0.926587,0.934648,0.986285
4,264,_17565_,generated_control,tier0,tier1,2.852160,0.934888,0.986496
4,265,_23908_,generated_control,tier1,tier0,4.902968,0.934648,0.986285
4,266,_18996_,generated_control,tier1,tier0,0.714615,0.934408,0.986073
4,267,_23957_,generated_control,tier1,tier0,4.827982,0.934168,0.985862
4,268,_19922_,generated_control,tier0,tier1,3.940868,0.934408,0.986073
4,269,_18623_,generated_control,tier1,tier0,14.607664,0.934168,0.985862
4,270,_19337_,generated_control,tier0,tier1,2.034752,0.934408,0.986073
4,271,_18626_,generated_control,tier1,tier0,3.898196,0.934168,0.985862
4,272,_14925_,generated_control,tier0,tier1,0.568750,0.934408,0.986073
4,273,_18619_,generated_control,tier1,tier0,1.980260,0.934168,0.985862
4,274,_21777_,generated_control,tier0,tier1,3.692654,0.934408,0.986073
4,275,_21784_,generated_control,tier0,tier1,3.674325,0.934648,0.986285
4,276,_21797_,generated_control,tier0,tier1,3.667853,0.934888,0.986496
4,277,_21803_,generated_control,tier0,tier1,3.629672,0.935128,0.986707
4,278,_21809_,generated_control,tier0,tier1,3.651239,0.935368,0.986918
4,279,_21813_,generated_control,tier0,tier1,3.619821,0.935608,0.987130
4,280,_21823_,generated_control,tier0,tier1,3.624536,0.935848,0.987341
4,281,_21825_,generated_control,tier0,tier1,3.644853,0.936088,0.987553
4,282,_21827_,generated_control,tier0,tier1,3.694471,0.936329,0.987764
4,283,_21829_,generated_control,tier0,tier1,3.657552,0.936569,0.987976
4,284,_21835_,generated_control,tier0,tier1,3.626535,0.936809,0.988187
4,285,_20079_,generated_control,tier0,tier1,3.193105,0.937050,0.988399
4,286,_15956_,generated_control,tier0,tier1,12.385512,0.937290,0.988610
4,287,_17797_,generated_control,tier0,tier1,6.362482,0.937531,0.988822
4,288,_23565_,generated_control,tier1,tier0,6.236852,0.937290,0.988610
4,289,_18823_,generated_control,tier0,tier1,12.612795,0.937531,0.988822
4,290,_17632_,generated_control,tier0,tier1,1.034477,0.937772,0.989034
4,291,_14967_,generated_control,tier0,tier1,4.137313,0.938012,0.989246
4,292,_19098_,generated_control,tier0,tier1,2.664068,0.938253,0.989457
4,293,_14353_,generated_control,tier1,tier0,5.524548,0.938012,0.989246
4,294,_14361_,generated_control,tier1,tier0,12.229529,0.937772,0.989034
4,295,_14369_,generated_control,tier1,tier0,5.522670,0.937531,0.988822
4,296,_18679_,generated_control,tier1,tier0,3.733087,0.937290,0.988610
4,297,_17003_,generated_control,tier1,tier0,4.971981,0.937050,0.988399
4,298,_22428_,generated_control,tier0,tier1,8.689734,0.937290,0.988610
4,299,_18778_,generated_control,tier0,tier1,3.580457,0.937531,0.988822
4,300,_15216_,generated_control,tier0,tier1,12.757578,0.937772,0.989034
4,301,_427_,generated_control,tier1,tier0,4.587116,0.937531,0.988822
4,302,_13896_,generated_control,tier1,tier0,4.696957,0.937290,0.988610
4,303,_13972_,generated_control,tier1,tier0,4.738625,0.937050,0.988399
4,304,clkbuf_leaf_91__05563_,clock_reset,tier0,tier1,19.996040,0.937290,0.988557
4,305,clkbuf_leaf_24_clk_i_regs,clock_reset,tier0,tier1,20.440211,0.937531,0.988716
4,306,clkbuf_leaf_78_clk_i_regs,clock_reset,tier0,tier1,21.015596,0.937772,0.988875
4,307,clkbuf_leaf_28_clk_i_regs,clock_reset,tier0,tier1,20.502542,0.938012,0.989034
4,308,clkbuf_leaf_17_clk_i_regs,clock_reset,tier0,tier1,21.050185,0.938253,0.989193
4,309,clkbuf_leaf_36_clk_i_regs,clock_reset,tier0,tier1,20.951926,0.938494,0.989352
4,310,clkbuf_leaf_26_clk_i_regs,clock_reset,tier0,tier1,20.363161,0.938735,0.989510
4,311,clkbuf_leaf_35_clk_i_regs,clock_reset,tier0,tier1,21.506143,0.938976,0.989669
4,312,clkbuf_leaf_67_clk_i_regs,clock_reset,tier0,tier1,20.921589,0.939217,0.989828
4,313,clkbuf_leaf_68_clk_i_regs,clock_reset,tier0,tier1,22.712187,0.939458,0.989987
4,314,clkbuf_leaf_73_clk_i_regs,clock_reset,tier0,tier1,22.718577,0.939699,0.990146
4,315,clkbuf_leaf_18_clk_i_regs,clock_reset,tier0,tier1,21.842016,0.939940,0.990305
4,316,clkbuf_leaf_71_clk_i_regs,clock_reset,tier0,tier1,22.960627,0.940182,0.990464
4,317,_16144_,clock_reset,tier0,tier1,21.247595,0.940423,0.990623
4,318,_514_,clock_reset,tier1,tier0,11.920339,0.940182,0.990464
4,319,output208,register_file,tier1,tier0,4.364116,0.939940,0.990305
4,320,output214,register_file,tier1,tier0,4.381495,0.939699,0.990146
4,321,place3263,generated_control,tier1,tier0,9.839188,0.939458,0.989987
4,322,place3723,generated_control,tier0,tier1,0.631284,0.939699,0.990146
4,323,place3838,generated_control,tier0,tier1,0.582456,0.939940,0.990305
4,324,place3479,generated_control,tier0,tier1,0.197164,0.940182,0.990464
4,325,place4011,generated_control,tier1,tier0,8.739765,0.939940,0.990305
4,326,place3665,generated_control,tier0,tier1,8.822715,0.940182,0.990464
4,327,place3353,generated_control,tier1,tier0,15.379685,0.939940,0.990305
4,328,place3545,generated_control,tier1,tier0,8.328436,0.939699,0.990146
4,329,place4009,generated_control,tier1,tier0,9.710109,0.939458,0.989987
4,330,place3504,generated_control,tier1,tier0,3.648742,0.939217,0.989828
4,331,place4008,generated_control,tier1,tier0,9.639633,0.938976,0.989669
4,332,place4012,generated_control,tier1,tier0,9.287870,0.938735,0.989510
4,333,place3930,generated_control,tier1,tier0,0.317858,0.938494,0.989352
4,334,place3202,generated_control,tier1,tier0,0.147506,0.938253,0.989193
4,335,place3821,generated_control,tier0,tier1,0.007044,0.938494,0.989352
4,summary,,,,,2770.634223,0.938494,0.989352
