module,instance,cell_type,cell_category,architecture_class,semantic_group,architecture_confidence,net_count,unique_neighbor_count,neighbor_hit_count,control_neighbor_fraction,datapath_neighbor_fraction,sequential_neighbor_fraction,same_group_neighbor_fraction,opposite_group_neighbor_fraction,mixed_group_net_fraction,high_fanout_net_fraction,boundary_likelihood_score,semantic_context_score,top_neighbor_architecture_class,top_neighbor_semantic_group
serv_synth_wrapper,_466_,sky130_fd_sc_hd__mux2_2,combinational,generated_control,control,1,4,46,46,0.826087,0.173913,0.043478,0.826087,0.173913,0.250000,0.250000,0.211957,0.878261,generated_control,control
serv_synth_wrapper,_467_,sky130_fd_sc_hd__mux2_2,combinational,generated_control,control,1,4,46,46,0.826087,0.173913,0.043478,0.826087,0.173913,0.250000,0.250000,0.211957,0.878261,generated_control,control
serv_synth_wrapper,_468_,sky130_fd_sc_hd__mux2_2,combinational,generated_control,control,1,4,46,46,0.826087,0.173913,0.043478,0.826087,0.173913,0.250000,0.250000,0.211957,0.878261,generated_control,control
serv_synth_wrapper,_469_,sky130_fd_sc_hd__mux2_2,combinational,generated_control,control,1,4,46,46,0.826087,0.173913,0.043478,0.826087,0.173913,0.250000,0.250000,0.211957,0.878261,generated_control,control
serv_synth_wrapper,_470_,sky130_fd_sc_hd__mux2_2,combinational,generated_control,control,1,4,47,47,0.829787,0.170213,0.042553,0.829787,0.170213,0.250000,0.250000,0.210106,0.880851,generated_control,control
serv_synth_wrapper,_472_,sky130_fd_sc_hd__mux2_2,combinational,generated_control,control,1,4,46,46,0.826087,0.173913,0.043478,0.826087,0.173913,0.250000,0.250000,0.211957,0.878261,generated_control,control
serv_synth_wrapper,_473_,sky130_fd_sc_hd__mux2_2,combinational,generated_control,control,1,4,46,46,0.826087,0.173913,0.043478,0.826087,0.173913,0.250000,0.250000,0.211957,0.878261,generated_control,control
serv_synth_wrapper,_474_,sky130_fd_sc_hd__mux2_2,combinational,generated_control,control,1,4,46,46,0.826087,0.173913,0.043478,0.826087,0.173913,0.250000,0.250000,0.211957,0.878261,generated_control,control
serv_synth_wrapper,_475_,sky130_fd_sc_hd__mux2_2,combinational,generated_control,control,1,4,46,46,0.826087,0.173913,0.043478,0.826087,0.173913,0.250000,0.250000,0.211957,0.878261,generated_control,control
serv_synth_wrapper,_476_,sky130_fd_sc_hd__mux2_2,combinational,generated_control,control,1,4,46,46,0.826087,0.173913,0.043478,0.826087,0.173913,0.250000,0.250000,0.211957,0.878261,generated_control,control
serv_synth_wrapper,_477_,sky130_fd_sc_hd__mux2_2,combinational,generated_control,control,1,4,46,46,0.826087,0.173913,0.043478,0.826087,0.173913,0.250000,0.250000,0.211957,0.878261,generated_control,control
serv_synth_wrapper,_478_,sky130_fd_sc_hd__mux2_2,combinational,generated_control,control,1,4,46,46,0.826087,0.173913,0.043478,0.826087,0.173913,0.250000,0.250000,0.211957,0.878261,generated_control,control
serv_synth_wrapper,_479_,sky130_fd_sc_hd__mux2_2,combinational,generated_control,control,1,4,47,47,0.829787,0.170213,0.042553,0.829787,0.170213,0.250000,0.250000,0.210106,0.880851,generated_control,control
serv_synth_wrapper,_480_,sky130_fd_sc_hd__mux2_2,combinational,generated_control,control,1,4,46,46,0.826087,0.173913,0.043478,0.826087,0.173913,0.250000,0.250000,0.211957,0.878261,generated_control,control
serv_synth_wrapper,_481_,sky130_fd_sc_hd__mux2_2,combinational,generated_control,control,1,4,46,46,0.826087,0.173913,0.043478,0.826087,0.173913,0.250000,0.250000,0.211957,0.878261,generated_control,control
serv_synth_wrapper,_483_,sky130_fd_sc_hd__mux2_2,combinational,generated_control,control,1,4,46,46,0.826087,0.173913,0.043478,0.826087,0.173913,0.250000,0.250000,0.211957,0.878261,generated_control,control
serv_synth_wrapper,_484_,sky130_fd_sc_hd__mux2_2,combinational,generated_control,control,1,4,46,46,0.826087,0.173913,0.043478,0.826087,0.173913,0.250000,0.250000,0.211957,0.878261,generated_control,control
serv_synth_wrapper,_485_,sky130_fd_sc_hd__mux2_2,combinational,generated_control,control,1,4,46,46,0.826087,0.173913,0.043478,0.826087,0.173913,0.250000,0.250000,0.211957,0.878261,generated_control,control
serv_synth_wrapper,_486_,sky130_fd_sc_hd__mux2_2,combinational,generated_control,control,1,4,46,46,0.826087,0.173913,0.043478,0.826087,0.173913,0.250000,0.250000,0.211957,0.878261,generated_control,control
serv_synth_wrapper,_487_,sky130_fd_sc_hd__mux2_2,combinational,generated_control,control,1,4,46,46,0.826087,0.173913,0.043478,0.826087,0.173913,0.250000,0.250000,0.211957,0.878261,generated_control,control
serv_synth_wrapper,_488_,sky130_fd_sc_hd__mux2_2,combinational,generated_control,control,1,4,46,46,0.826087,0.173913,0.043478,0.826087,0.173913,0.250000,0.250000,0.211957,0.878261,generated_control,control
serv_synth_wrapper,_495_,sky130_fd_sc_hd__nor2b_1,combinational,decode_control,control,8,3,42,43,0.790698,0.162791,0.023256,0.790698,0.162791,0.666667,0.666667,0.414729,0.844186,decode_control,control
serv_synth_wrapper,_499_,sky130_fd_sc_hd__nor2_1,combinational,csr,control,9,3,16,18,0.833333,0.111111,0.111111,0.833333,0.111111,0.666667,0.333333,0.338889,0.872222,csr,control
serv_synth_wrapper,_500_,sky130_fd_sc_hd__nor2_2,combinational,decode_control,control,8,3,32,40,0.700000,0.300000,0.050000,0.700000,0.300000,1.000000,0.666667,0.600000,0.790000,decode_control,control
serv_synth_wrapper,_502_,sky130_fd_sc_hd__a211o_1,combinational,decode_control,control,8,5,67,80,0.750000,0.200000,0.037500,0.750000,0.200000,0.800000,0.800000,0.500000,0.815000,decode_control,control
serv_synth_wrapper,_503_,sky130_fd_sc_hd__o21ai_0,combinational,generated_datapath,datapath,2,4,28,30,0.833333,0.133333,0.000000,0.133333,0.833333,0.750000,0.250000,0.716667,0.386667,generated_control,control
serv_synth_wrapper,_504_,sky130_fd_sc_hd__nand2_1,combinational,generated_control,control,1,3,10,11,0.454545,0.545455,0.000000,0.454545,0.545455,0.666667,0.000000,0.506061,0.618182,execute_alu,datapath
serv_synth_wrapper,_505_,sky130_fd_sc_hd__nor3_1,combinational,generated_control,control,1,4,25,32,0.593750,0.312500,0.062500,0.593750,0.312500,0.750000,0.500000,0.493750,0.696875,generated_control,control
serv_synth_wrapper,_506_,sky130_fd_sc_hd__or3_1,combinational,generated_control,control,1,4,16,16,0.750000,0.250000,0.187500,0.750000,0.250000,0.750000,0.000000,0.387500,0.825000,generated_control,control
serv_synth_wrapper,_507_,sky130_fd_sc_hd__nor3_1,combinational,generated_control,control,1,4,11,12,0.583333,0.416667,0.166667,0.583333,0.416667,0.750000,0.000000,0.470833,0.708333,generated_control,control
serv_synth_wrapper,_508_,sky130_fd_sc_hd__xor2_1,combinational,generated_datapath,datapath,2,3,5,5,0.800000,0.200000,0.200000,0.200000,0.800000,0.333333,0.000000,0.516667,0.402500,generated_control,control
serv_synth_wrapper,_510_,sky130_fd_sc_hd__and4_1,combinational,generated_control,control,1,5,31,47,0.659574,0.234043,0.085106,0.659574,0.234043,0.800000,0.800000,0.517021,0.740426,generated_control,control
serv_synth_wrapper,_511_,sky130_fd_sc_hd__nand2_1,combinational,generated_control,control,1,3,32,32,0.750000,0.218750,0.000000,0.750000,0.218750,0.333333,0.333333,0.276042,0.818750,generated_control,control
serv_synth_wrapper,_512_,sky130_fd_sc_hd__or3_1,combinational,csr,control,9,4,35,38,0.868421,0.078947,0.052632,0.868421,0.078947,0.500000,0.500000,0.289474,0.897368,csr,control
serv_synth_wrapper,_513_,sky130_fd_sc_hd__o41ai_4,combinational,csr,control,9,6,26,31,0.677419,0.290323,0.064516,0.677419,0.290323,0.666667,0.166667,0.403495,0.767742,csr,control
serv_synth_wrapper,_514_,sky130_fd_sc_hd__inv_1,inverter,decode_control,control,8,2,28,28,0.642857,0.357143,0.035714,0.642857,0.357143,1.000000,1.000000,0.678571,0.750000,decode_control,control
serv_synth_wrapper,_515_,sky130_fd_sc_hd__nand2_1,combinational,generated_control,control,1,3,32,32,0.656250,0.281250,0.000000,0.656250,0.281250,0.666667,0.666667,0.473958,0.746875,decode_control,control
serv_synth_wrapper,_516_,sky130_fd_sc_hd__a21oi_2,combinational,generated_datapath,datapath,2,4,22,22,0.590909,0.363636,0.000000,0.363636,0.590909,0.750000,0.250000,0.595455,0.545455,generated_control,control
serv_synth_wrapper,_517_,sky130_fd_sc_hd__mux2i_1,combinational,generated_control,control,1,4,17,17,0.588235,0.352941,0.058824,0.588235,0.352941,0.250000,0.250000,0.301471,0.700000,generated_control,control
serv_synth_wrapper,_518_,sky130_fd_sc_hd__a41o_1,combinational,unclassified,unknown,0,6,22,27,0.703704,0.259259,0.074074,0.037037,0.000000,0.500000,0.333333,0.225000,0.318519,generated_control,control
serv_synth_wrapper,_519_,sky130_fd_sc_hd__nand2_1,combinational,generated_control,control,1,3,43,44,0.795455,0.204545,0.000000,0.795455,0.204545,0.333333,0.333333,0.268939,0.856818,generated_control,control
serv_synth_wrapper,_520_,sky130_fd_sc_hd__o21ai_0,combinational,generated_datapath,datapath,2,4,44,45,0.822222,0.155556,0.022222,0.155556,0.822222,0.250000,0.250000,0.536111,0.404444,generated_control,control
serv_synth_wrapper,_522_,sky130_fd_sc_hd__nor2_1,combinational,generated_control,control,1,3,11,11,0.636364,0.363636,0.181818,0.636364,0.363636,0.666667,0.000000,0.415152,0.745455,generated_control,control
serv_synth_wrapper,_523_,sky130_fd_sc_hd__nand2_1,combinational,generated_control,control,1,3,4,4,0.250000,0.750000,0.000000,0.250000,0.750000,0.000000,0.000000,0.375000,0.425000,generated_datapath,datapath
serv_synth_wrapper,_524_,sky130_fd_sc_hd__xor2_1,combinational,generated_datapath,datapath,2,3,6,6,1.000000,0.000000,0.166667,0.000000,1.000000,0.000000,0.000000,0.500000,0.275000,generated_control,control
serv_synth_wrapper,_525_,sky130_fd_sc_hd__nand2_1,combinational,generated_control,control,1,3,12,13,0.461538,0.538462,0.000000,0.461538,0.538462,0.333333,0.333333,0.435897,0.623077,generated_datapath,datapath
serv_synth_wrapper,_526_,sky130_fd_sc_hd__o21ai_0,combinational,generated_datapath,datapath,2,4,15,16,0.625000,0.375000,0.062500,0.375000,0.625000,0.500000,0.250000,0.525000,0.562500,generated_control,control
serv_synth_wrapper,_527_,sky130_fd_sc_hd__nand2_1,combinational,generated_control,control,1,3,43,44,0.795455,0.204545,0.000000,0.795455,0.204545,0.333333,0.333333,0.268939,0.856818,generated_control,control
serv_synth_wrapper,_528_,sky130_fd_sc_hd__o21ai_0,combinational,generated_datapath,datapath,2,4,44,45,0.822222,0.177778,0.022222,0.177778,0.822222,0.250000,0.250000,0.536111,0.424444,generated_control,control
serv_synth_wrapper,_529_,sky130_fd_sc_hd__xnor2_1,combinational,generated_datapath,datapath,2,3,7,8,0.875000,0.125000,0.125000,0.125000,0.875000,0.333333,0.000000,0.554167,0.375000,generated_control,control
serv_synth_wrapper,_530_,sky130_fd_sc_hd__mux2i_1,combinational,generated_control,control,1,4,17,17,0.529412,0.470588,0.058824,0.529412,0.470588,0.500000,0.250000,0.447794,0.670588,generated_control,control
serv_synth_wrapper,_531_,sky130_fd_sc_hd__nand2_1,combinational,generated_control,control,1,3,43,44,0.795455,0.204545,0.000000,0.795455,0.204545,0.333333,0.333333,0.268939,0.856818,generated_control,control
serv_synth_wrapper,_532_,sky130_fd_sc_hd__o21ai_0,combinational,generated_datapath,datapath,2,4,44,45,0.844444,0.155556,0.022222,0.155556,0.844444,0.250000,0.250000,0.547222,0.408889,generated_control,control
serv_synth_wrapper,_533_,sky130_fd_sc_hd__xnor2_1,combinational,generated_datapath,datapath,2,3,8,8,0.750000,0.250000,0.125000,0.250000,0.750000,0.666667,0.000000,0.608333,0.475000,generated_control,control
serv_synth_wrapper,_534_,sky130_fd_sc_hd__nand2_1,combinational,generated_control,control,1,3,12,13,0.461538,0.538462,0.000000,0.461538,0.538462,0.333333,0.333333,0.435897,0.623077,generated_datapath,datapath
serv_synth_wrapper,_535_,sky130_fd_sc_hd__o21ai_0,combinational,generated_datapath,datapath,2,4,17,18,0.666667,0.333333,0.055556,0.333333,0.666667,0.500000,0.250000,0.545833,0.533333,generated_control,control
serv_synth_wrapper,_536_,sky130_fd_sc_hd__nand2_1,combinational,generated_control,control,1,3,43,44,0.795455,0.204545,0.000000,0.795455,0.204545,0.333333,0.333333,0.268939,0.856818,generated_control,control
serv_synth_wrapper,_537_,sky130_fd_sc_hd__o21ai_0,combinational,generated_datapath,datapath,2,4,44,45,0.822222,0.177778,0.022222,0.177778,0.822222,0.250000,0.250000,0.536111,0.424444,generated_control,control
serv_synth_wrapper,_538_,sky130_fd_sc_hd__nand2_1,combinational,generated_control,control,1,3,12,13,0.461538,0.538462,0.000000,0.461538,0.538462,0.333333,0.333333,0.435897,0.623077,generated_datapath,datapath
serv_synth_wrapper,_539_,sky130_fd_sc_hd__o21ai_0,combinational,generated_datapath,datapath,2,4,17,18,0.666667,0.333333,0.055556,0.333333,0.666667,0.500000,0.250000,0.545833,0.533333,generated_control,control
serv_synth_wrapper,_540_,sky130_fd_sc_hd__nand2_1,combinational,generated_control,control,1,3,43,44,0.795455,0.204545,0.000000,0.795455,0.204545,0.333333,0.333333,0.268939,0.856818,generated_control,control
serv_synth_wrapper,_541_,sky130_fd_sc_hd__o21ai_0,combinational,generated_datapath,datapath,2,4,44,45,0.822222,0.177778,0.022222,0.177778,0.822222,0.250000,0.250000,0.536111,0.424444,generated_control,control
serv_synth_wrapper,_542_,sky130_fd_sc_hd__nand2_1,combinational,generated_control,control,1,3,16,17,0.647059,0.352941,0.058824,0.647059,0.352941,0.333333,0.333333,0.343137,0.752941,generated_control,control
serv_synth_wrapper,_543_,sky130_fd_sc_hd__o21ai_0,combinational,generated_datapath,datapath,2,4,16,17,0.705882,0.294118,0.058824,0.294118,0.705882,0.250000,0.250000,0.477941,0.505882,generated_control,control
serv_synth_wrapper,_544_,sky130_fd_sc_hd__nand2_1,combinational,generated_control,control,1,3,43,44,0.795455,0.204545,0.000000,0.795455,0.204545,0.333333,0.333333,0.268939,0.856818,generated_control,control
serv_synth_wrapper,_545_,sky130_fd_sc_hd__o21ai_0,combinational,generated_datapath,datapath,2,4,44,45,0.822222,0.177778,0.022222,0.177778,0.822222,0.250000,0.250000,0.536111,0.424444,generated_control,control
serv_synth_wrapper,_546_,sky130_fd_sc_hd__inv_1,inverter,decode_control,control,8,2,15,15,0.866667,0.133333,0.066667,0.866667,0.133333,0.500000,0.500000,0.316667,0.906667,decode_control,control
serv_synth_wrapper,_547_,sky130_fd_sc_hd__inv_1,inverter,generated_control,control,1,2,7,7,0.714286,0.285714,0.142857,0.714286,0.285714,0.000000,0.000000,0.142857,0.787500,generated_control,control
serv_synth_wrapper,_549_,sky130_fd_sc_hd__inv_1,inverter,generated_control,control,1,2,3,3,0.333333,0.666667,0.333333,0.333333,0.666667,0.000000,0.000000,0.333333,0.470833,generated_datapath,datapath
serv_synth_wrapper,_552_,sky130_fd_sc_hd__nand2_1,combinational,generated_control,control,1,3,43,44,0.659091,0.340909,0.204545,0.659091,0.340909,0.333333,0.333333,0.337121,0.761364,generated_control,control
serv_synth_wrapper,_553_,sky130_fd_sc_hd__o21ai_0,combinational,generated_datapath,datapath,2,4,45,46,0.695652,0.304348,0.217391,0.304348,0.695652,0.500000,0.250000,0.560326,0.513043,generated_control,control
serv_synth_wrapper,_554_,sky130_fd_sc_hd__inv_1,inverter,generated_control,control,1,2,2,2,0.000000,1.000000,0.000000,0.000000,1.000000,0.000000,0.000000,0.500000,0.225000,generated_datapath,datapath
serv_synth_wrapper,_555_,sky130_fd_sc_hd__inv_1,inverter,generated_control,control,1,2,5,5,0.200000,0.800000,0.200000,0.200000,0.800000,0.500000,0.000000,0.575000,0.402500,generated_datapath,datapath
serv_synth_wrapper,_557_,sky130_fd_sc_hd__mux2_2,combinational,register_file,datapath,10,4,27,27,0.407407,0.518519,0.185185,0.518519,0.407407,0.250000,0.250000,0.328704,0.648148,generated_datapath,datapath
serv_synth_wrapper,_558_,sky130_fd_sc_hd__or2_2,combinational,decode_control,control,8,3,32,39,0.743590,0.256410,0.051282,0.743590,0.256410,1.000000,0.666667,0.578205,0.820513,decode_control,control
serv_synth_wrapper,_559_,sky130_fd_sc_hd__nand2_1,combinational,generated_control,control,1,3,37,47,0.787234,0.127660,0.021277,0.787234,0.127660,0.666667,0.666667,0.397163,0.834043,generated_control,control
serv_synth_wrapper,_560_,sky130_fd_sc_hd__nor4_4,combinational,decode_control,control,8,5,41,42,0.785714,0.190476,0.023810,0.785714,0.190476,0.600000,0.200000,0.335238,0.845238,generated_control,control
serv_synth_wrapper,_561_,sky130_fd_sc_hd__or3_1,combinational,csr,control,9,4,25,28,0.857143,0.107143,0.071429,0.857143,0.107143,0.250000,0.500000,0.216071,0.892857,csr,control
serv_synth_wrapper,_563_,sky130_fd_sc_hd__nor2_1,combinational,generated_control,control,1,3,35,37,0.513514,0.405405,0.081081,0.513514,0.405405,0.666667,0.666667,0.536036,0.643243,generated_control,control
serv_synth_wrapper,_564_,sky130_fd_sc_hd__and2_1,combinational,generated_control,control,1,3,8,8,0.875000,0.125000,0.125000,0.875000,0.125000,0.000000,0.000000,0.062500,0.912500,generated_control,control
serv_synth_wrapper,_565_,sky130_fd_sc_hd__and2_1,combinational,generated_control,control,1,3,8,8,0.875000,0.125000,0.125000,0.875000,0.125000,0.000000,0.000000,0.062500,0.912500,generated_control,control
serv_synth_wrapper,_566_,sky130_fd_sc_hd__and2_1,combinational,generated_control,control,1,3,8,8,0.875000,0.125000,0.125000,0.875000,0.125000,0.000000,0.000000,0.062500,0.912500,generated_control,control
serv_synth_wrapper,_567_,sky130_fd_sc_hd__inv_1,inverter,generated_control,control,1,2,4,4,0.500000,0.500000,0.250000,0.500000,0.500000,0.000000,0.000000,0.250000,0.600000,generated_datapath,datapath
serv_synth_wrapper,_569_,sky130_fd_sc_hd__nor3_1,combinational,csr,control,9,4,24,28,0.857143,0.071429,0.071429,0.857143,0.071429,0.250000,0.500000,0.198214,0.885714,csr,control
serv_synth_wrapper,_571_,sky130_fd_sc_hd__nand3_1,combinational,decode_control,control,8,4,35,39,0.615385,0.333333,0.128205,0.615385,0.333333,0.250000,0.500000,0.329167,0.720513,decode_control,control
serv_synth_wrapper,_572_,sky130_fd_sc_hd__o211ai_1,combinational,generated_datapath,datapath,2,5,36,37,0.513514,0.378378,0.081081,0.378378,0.513514,0.600000,0.400000,0.526757,0.543243,generated_control,control
serv_synth_wrapper,_573_,sky130_fd_sc_hd__nor2b_1,combinational,decode_control,control,8,3,13,13,0.769231,0.230769,0.153846,0.769231,0.230769,0.666667,0.000000,0.348718,0.838462,decode_control,control
serv_synth_wrapper,_574_,sky130_fd_sc_hd__o21ai_0,combinational,generated_datapath,datapath,2,4,34,37,0.513514,0.378378,0.081081,0.378378,0.513514,0.750000,0.500000,0.594257,0.543243,generated_control,control
serv_synth_wrapper,_575_,sky130_fd_sc_hd__o31a_1,combinational,unclassified,unknown,0,5,35,38,0.526316,0.447368,0.105263,0.026316,0.000000,0.400000,0.400000,0.200000,0.313158,generated_control,control
serv_synth_wrapper,_576_,sky130_fd_sc_hd__inv_1,inverter,generated_control,control,1,2,3,3,0.333333,0.666667,0.333333,0.333333,0.666667,0.000000,0.000000,0.333333,0.470833,generated_datapath,datapath
serv_synth_wrapper,_577_,sky130_fd_sc_hd__inv_1,inverter,generated_control,control,1,2,3,3,0.333333,0.666667,0.333333,0.333333,0.666667,0.000000,0.000000,0.333333,0.470833,generated_datapath,datapath
serv_synth_wrapper,_578_,sky130_fd_sc_hd__o311ai_0,combinational,decode_control,control,8,6,76,109,0.761468,0.192661,0.027523,0.761468,0.192661,0.833333,0.833333,0.512997,0.823853,decode_control,control
serv_synth_wrapper,_579_,sky130_fd_sc_hd__nor2_1,combinational,decode_control,control,8,3,13,13,0.846154,0.153846,0.076923,0.846154,0.153846,0.333333,0.333333,0.243590,0.892308,decode_control,control
serv_synth_wrapper,_580_,sky130_fd_sc_hd__nor2_1,combinational,generated_control,control,1,3,7,7,0.857143,0.142857,0.000000,0.857143,0.142857,0.333333,0.000000,0.188095,0.887500,decode_control,control
serv_synth_wrapper,_581_,sky130_fd_sc_hd__nor2_1,combinational,generated_control,control,1,3,15,15,0.600000,0.333333,0.000000,0.600000,0.333333,1.000000,0.333333,0.566667,0.706667,generated_control,control
serv_synth_wrapper,_585_,sky130_fd_sc_hd__nor2_1,combinational,generated_control,control,1,3,31,32,0.750000,0.218750,0.000000,0.750000,0.218750,0.666667,0.333333,0.392708,0.818750,decode_control,control
serv_synth_wrapper,_586_,sky130_fd_sc_hd__nand4_1,combinational,decode_control,control,8,5,49,59,0.779661,0.135593,0.033898,0.779661,0.135593,0.800000,0.600000,0.437797,0.828814,generated_control,control
serv_synth_wrapper,_587_,sky130_fd_sc_hd__nand3_1,combinational,generated_control,control,1,4,33,39,0.487179,0.435897,0.076923,0.487179,0.435897,0.750000,0.500000,0.555449,0.625641,generated_datapath,control
serv_synth_wrapper,_588_,sky130_fd_sc_hd__o22ai_1,combinational,generated_datapath,datapath,2,5,29,32,0.437500,0.500000,0.093750,0.500000,0.437500,0.800000,0.200000,0.528750,0.637500,generated_datapath,datapath
serv_synth_wrapper,_589_,sky130_fd_sc_hd__inv_1,inverter,generated_control,control,1,2,3,3,0.333333,0.666667,0.333333,0.333333,0.666667,0.000000,0.000000,0.333333,0.470833,generated_datapath,datapath
serv_synth_wrapper,_590_,sky130_fd_sc_hd__o22ai_1,combinational,generated_datapath,datapath,2,5,29,32,0.437500,0.500000,0.093750,0.500000,0.437500,0.800000,0.200000,0.528750,0.637500,generated_datapath,datapath
serv_synth_wrapper,_591_,sky130_fd_sc_hd__inv_1,inverter,generated_control,control,1,2,3,3,0.333333,0.666667,0.333333,0.333333,0.666667,0.000000,0.000000,0.333333,0.470833,generated_datapath,datapath
serv_synth_wrapper,_592_,sky130_fd_sc_hd__inv_1,inverter,generated_control,control,1,2,3,3,0.333333,0.666667,0.333333,0.333333,0.666667,0.000000,0.000000,0.333333,0.470833,generated_datapath,datapath
serv_synth_wrapper,_593_,sky130_fd_sc_hd__o22ai_1,combinational,generated_datapath,datapath,2,5,29,32,0.437500,0.500000,0.093750,0.500000,0.437500,0.800000,0.200000,0.528750,0.637500,generated_datapath,datapath
serv_synth_wrapper,_594_,sky130_fd_sc_hd__nand2_1,combinational,generated_control,control,1,3,7,7,0.714286,0.142857,0.142857,0.714286,0.142857,0.333333,0.000000,0.188095,0.758929,generated_control,control
serv_synth_wrapper,_595_,sky130_fd_sc_hd__nor2_1,combinational,generated_control,control,1,3,8,8,0.875000,0.125000,0.000000,0.875000,0.125000,0.333333,0.000000,0.179167,0.912500,decode_control,control
serv_synth_wrapper,_596_,sky130_fd_sc_hd__nand3_1,combinational,decode_control,control,8,4,14,18,0.888889,0.055556,0.111111,0.888889,0.055556,0.250000,0.250000,0.152778,0.911111,decode_control,control
serv_synth_wrapper,_597_,sky130_fd_sc_hd__nor2_1,combinational,generated_control,control,1,3,26,27,0.444444,0.444444,0.148148,0.444444,0.444444,0.333333,0.333333,0.388889,0.588889,generated_datapath,datapath
serv_synth_wrapper,_598_,sky130_fd_sc_hd__a41oi_1,combinational,unclassified,unknown,0,6,33,36,0.583333,0.388889,0.083333,0.027778,0.000000,0.333333,0.333333,0.166667,0.313889,generated_control,control
serv_synth_wrapper,_599_,sky130_fd_sc_hd__a22oi_1,combinational,decode_control,control,8,5,23,25,0.800000,0.160000,0.080000,0.800000,0.160000,0.600000,0.400000,0.350000,0.852000,decode_control,control
serv_synth_wrapper,_600_,sky130_fd_sc_hd__a21oi_1,combinational,generated_datapath,datapath,2,4,7,8,0.875000,0.125000,0.000000,0.125000,0.875000,0.250000,0.000000,0.525000,0.375000,decode_control,control
serv_synth_wrapper,_601_,sky130_fd_sc_hd__nor2_1,combinational,generated_control,control,1,3,11,11,0.454545,0.454545,0.000000,0.454545,0.454545,0.333333,0.333333,0.393939,0.600000,generated_control,control
serv_synth_wrapper,_602_,sky130_fd_sc_hd__nor2_1,combinational,csr,control,9,3,27,28,0.464286,0.464286,0.142857,0.464286,0.464286,0.333333,0.333333,0.398810,0.610714,generated_datapath,datapath
serv_synth_wrapper,_603_,sky130_fd_sc_hd__a21oi_1,combinational,generated_datapath,datapath,2,4,26,27,0.481481,0.444444,0.111111,0.444444,0.481481,0.250000,0.250000,0.365741,0.596296,generated_datapath,control
serv_synth_wrapper,_604_,sky130_fd_sc_hd__mux2_2,combinational,generated_control,control,1,4,46,46,0.826087,0.173913,0.043478,0.826087,0.173913,0.250000,0.250000,0.211957,0.878261,generated_control,control
serv_synth_wrapper,_605_,sky130_fd_sc_hd__nand3_1,combinational,generated_control,control,1,4,33,34,0.382353,0.558824,0.147059,0.382353,0.558824,0.750000,0.250000,0.579412,0.555882,generated_datapath,datapath
serv_synth_wrapper,_606_,sky130_fd_sc_hd__xnor2_1,combinational,generated_datapath,datapath,2,3,4,4,0.750000,0.250000,0.000000,0.250000,0.750000,0.333333,0.000000,0.491667,0.425000,generated_control,control
serv_synth_wrapper,_609_,sky130_fd_sc_hd__inv_1,inverter,generated_control,control,1,2,15,15,0.800000,0.133333,0.066667,0.800000,0.133333,0.500000,0.500000,0.316667,0.846667,generated_control,control
serv_synth_wrapper,_610_,sky130_fd_sc_hd__nor2_1,combinational,decode_control,control,8,3,38,47,0.744681,0.234043,0.021277,0.744681,0.234043,0.666667,0.666667,0.450355,0.817021,decode_control,control
serv_synth_wrapper,_611_,sky130_fd_sc_hd__nor2_1,combinational,generated_control,control,1,3,5,5,0.800000,0.200000,0.000000,0.800000,0.200000,0.000000,0.000000,0.100000,0.822500,generated_control,control
serv_synth_wrapper,_612_,sky130_fd_sc_hd__mux2_2,combinational,register_file,datapath,10,4,10,11,0.454545,0.545455,0.272727,0.545455,0.454545,0.500000,0.000000,0.402273,0.681818,generated_control,datapath
serv_synth_wrapper,_614_,sky130_fd_sc_hd__o21ai_0,combinational,decode_control,control,8,4,45,63,0.730159,0.253968,0.031746,0.730159,0.253968,1.000000,0.750000,0.589484,0.807937,decode_control,control
serv_synth_wrapper,_615_,sky130_fd_sc_hd__nand2_1,combinational,generated_control,control,1,3,7,8,0.625000,0.375000,0.000000,0.625000,0.375000,0.666667,0.000000,0.420833,0.725000,generated_control,control
serv_synth_wrapper,_616_,sky130_fd_sc_hd__o21a_1,combinational,decode_control,control,8,4,44,62,0.725806,0.258065,0.032258,0.725806,0.258065,0.750000,0.750000,0.504032,0.804839,decode_control,control
serv_synth_wrapper,_618_,sky130_fd_sc_hd__nand2b_1,combinational,execute_alu,datapath,9,3,18,20,0.200000,0.800000,0.050000,0.800000,0.200000,0.666667,0.666667,0.433333,0.860000,execute_alu,datapath
serv_synth_wrapper,_619_,sky130_fd_sc_hd__o211ai_1,combinational,execute_alu,datapath,9,5,53,71,0.690141,0.295775,0.028169,0.295775,0.690141,0.800000,0.800000,0.745070,0.504225,decode_control,control
serv_synth_wrapper,_620_,sky130_fd_sc_hd__nand2b_1,combinational,execute_alu,datapath,9,3,17,19,0.157895,0.842105,0.052632,0.842105,0.157895,0.666667,0.666667,0.412281,0.889474,execute_alu,datapath
serv_synth_wrapper,_621_,sky130_fd_sc_hd__o211ai_1,combinational,generated_datapath,datapath,2,5,9,11,0.727273,0.272727,0.000000,0.272727,0.727273,0.600000,0.000000,0.573636,0.490909,generated_control,control
serv_synth_wrapper,_622_,sky130_fd_sc_hd__mux2i_1,combinational,generated_control,control,1,4,7,8,0.500000,0.500000,0.000000,0.500000,0.500000,0.250000,0.000000,0.337500,0.637500,generated_control,datapath
serv_synth_wrapper,_623_,sky130_fd_sc_hd__nor3_4,combinational,generated_control,control,1,4,29,40,0.625000,0.275000,0.075000,0.625000,0.275000,1.000000,0.750000,0.600000,0.717500,generated_control,control
serv_synth_wrapper,_624_,sky130_fd_sc_hd__a21oi_1,combinational,execute_alu,datapath,9,4,14,17,0.647059,0.352941,0.117647,0.352941,0.647059,0.500000,0.000000,0.498529,0.547059,generated_control,control
serv_synth_wrapper,_625_,sky130_fd_sc_hd__nor4_1,combinational,execute_alu,datapath,9,5,41,51,0.705882,0.274510,0.019608,0.274510,0.705882,0.400000,0.400000,0.552941,0.488235,decode_control,control
serv_synth_wrapper,_626_,sky130_fd_sc_hd__a21oi_1,combinational,generated_datapath,datapath,2,4,6,6,0.500000,0.500000,0.000000,0.500000,0.500000,0.250000,0.000000,0.337500,0.625000,generated_control,control
serv_synth_wrapper,_627_,sky130_fd_sc_hd__nor3b_1,combinational,decode_control,control,8,4,43,62,0.725806,0.258065,0.032258,0.725806,0.258065,0.750000,0.750000,0.504032,0.804839,decode_control,control
serv_synth_wrapper,_628_,sky130_fd_sc_hd__a21oi_1,combinational,generated_datapath,datapath,2,4,34,36,0.722222,0.250000,0.000000,0.250000,0.722222,0.500000,0.500000,0.611111,0.469444,generated_control,control
serv_synth_wrapper,_629_,sky130_fd_sc_hd__and2_1,combinational,generated_control,control,1,3,8,9,0.555556,0.444444,0.000000,0.555556,0.444444,0.666667,0.000000,0.455556,0.688889,generated_control,control
serv_synth_wrapper,_630_,sky130_fd_sc_hd__nor3_1,combinational,generated_control,control,1,4,16,16,0.750000,0.187500,0.062500,0.750000,0.187500,0.250000,0.250000,0.218750,0.812500,generated_control,control
serv_synth_wrapper,_631_,sky130_fd_sc_hd__nand2_1,combinational,generated_control,control,1,3,5,6,0.333333,0.666667,0.000000,0.333333,0.666667,0.333333,0.000000,0.450000,0.495833,execute_alu,datapath
serv_synth_wrapper,_632_,sky130_fd_sc_hd__nor3_1,combinational,generated_control,control,1,4,38,46,0.717391,0.260870,0.021739,0.717391,0.260870,0.750000,0.500000,0.467935,0.797826,decode_control,control
serv_synth_wrapper,_633_,sky130_fd_sc_hd__a21oi_1,combinational,decode_control,control,8,4,41,51,0.725490,0.254902,0.019608,0.725490,0.254902,0.750000,0.500000,0.464951,0.803922,decode_control,control
serv_synth_wrapper,_634_,sky130_fd_sc_hd__nor4_1,combinational,generated_control,control,1,5,16,16,0.812500,0.125000,0.062500,0.812500,0.125000,0.200000,0.200000,0.162500,0.856250,generated_control,control
serv_synth_wrapper,_635_,sky130_fd_sc_hd__nand3b_1,combinational,generated_control,control,1,4,35,37,0.810811,0.135135,0.027027,0.810811,0.135135,0.750000,0.500000,0.405068,0.856757,generated_control,control
serv_synth_wrapper,_636_,sky130_fd_sc_hd__mux2i_1,combinational,generated_control,control,1,4,9,9,0.777778,0.111111,0.222222,0.777778,0.111111,0.250000,0.000000,0.143056,0.822222,generated_control,control
serv_synth_wrapper,_637_,sky130_fd_sc_hd__nand3_1,combinational,generated_control,control,1,4,57,71,0.760563,0.169014,0.014085,0.760563,0.169014,0.750000,0.750000,0.459507,0.818310,generated_control,control
serv_synth_wrapper,_638_,sky130_fd_sc_hd__nand2_1,combinational,generated_control,control,1,3,7,7,0.714286,0.142857,0.142857,0.714286,0.142857,0.333333,0.000000,0.188095,0.758929,generated_control,control
serv_synth_wrapper,_639_,sky130_fd_sc_hd__mux2_2,combinational,generated_control,control,1,4,14,14,0.785714,0.071429,0.000000,0.785714,0.071429,0.250000,0.000000,0.123214,0.821429,generated_control,control
serv_synth_wrapper,_640_,sky130_fd_sc_hd__mux2i_1,combinational,generated_control,control,1,4,7,7,0.714286,0.142857,0.000000,0.714286,0.142857,0.250000,0.000000,0.158929,0.758929,generated_control,control
serv_synth_wrapper,_641_,sky130_fd_sc_hd__inv_1,inverter,execute_alu,datapath,9,2,9,9,0.111111,0.888889,0.000000,0.888889,0.111111,0.000000,0.500000,0.130556,0.922222,execute_alu,datapath
serv_synth_wrapper,_642_,sky130_fd_sc_hd__a31oi_1,combinational,decode_control,control,8,5,45,63,0.730159,0.253968,0.031746,0.730159,0.253968,0.600000,0.600000,0.426984,0.807937,decode_control,control
serv_synth_wrapper,_643_,sky130_fd_sc_hd__nand3_1,combinational,generated_control,control,1,4,5,6,0.500000,0.500000,0.000000,0.500000,0.500000,0.250000,0.000000,0.337500,0.612500,execute_alu,datapath
serv_synth_wrapper,_644_,sky130_fd_sc_hd__nor2b_1,combinational,execute_alu,datapath,9,3,28,29,0.586207,0.413793,0.068966,0.413793,0.586207,0.666667,0.666667,0.626437,0.589655,decode_control,control
serv_synth_wrapper,_645_,sky130_fd_sc_hd__xnor2_1,combinational,execute_alu,datapath,9,3,10,10,0.100000,0.900000,0.000000,0.900000,0.100000,0.000000,0.333333,0.100000,0.930000,execute_alu,datapath
serv_synth_wrapper,_646_,sky130_fd_sc_hd__nor2_1,combinational,decode_control,control,8,3,23,23,0.782609,0.217391,0.043478,0.782609,0.217391,0.333333,0.333333,0.275362,0.847826,decode_control,control
serv_synth_wrapper,_647_,sky130_fd_sc_hd__nand4_4,combinational,generated_control,control,1,5,33,50,0.640000,0.240000,0.080000,0.640000,0.240000,1.000000,1.000000,0.620000,0.724000,generated_control,control
serv_synth_wrapper,_648_,sky130_fd_sc_hd__nand3_1,combinational,generated_control,control,1,4,15,16,0.750000,0.125000,0.062500,0.750000,0.125000,0.500000,0.250000,0.275000,0.800000,generated_control,control
serv_synth_wrapper,_649_,sky130_fd_sc_hd__nand2_1,combinational,generated_control,control,1,3,17,18,0.666667,0.222222,0.055556,0.666667,0.222222,0.666667,0.333333,0.394444,0.744444,generated_control,control
serv_synth_wrapper,_650_,sky130_fd_sc_hd__o311ai_4,combinational,unclassified,unknown,0,6,30,32,0.781250,0.218750,0.031250,0.000000,0.000000,0.666667,0.333333,0.283333,0.300000,generated_control,control
serv_synth_wrapper,_651_,sky130_fd_sc_hd__mux2_4,combinational,generated_control,control,1,4,8,8,0.375000,0.500000,0.000000,0.375000,0.500000,0.250000,0.000000,0.337500,0.537500,execute_alu,datapath
serv_synth_wrapper,_652_,sky130_fd_sc_hd__nand3_2,combinational,generated_control,control,1,4,36,43,0.744186,0.232558,0.023256,0.744186,0.232558,0.500000,0.500000,0.366279,0.816279,decode_control,control
serv_synth_wrapper,_653_,sky130_fd_sc_hd__nor2_1,combinational,execute_alu,datapath,9,3,17,17,0.235294,0.764706,0.000000,0.764706,0.235294,0.333333,0.666667,0.334314,0.835294,execute_alu,datapath
serv_synth_wrapper,_654_,sky130_fd_sc_hd__o21ai_0,combinational,generated_datapath,datapath,2,4,19,19,0.684211,0.315789,0.052632,0.315789,0.684211,0.250000,0.250000,0.467105,0.521053,decode_control,control
serv_synth_wrapper,_655_,sky130_fd_sc_hd__a31oi_2,combinational,decode_control,control,8,5,18,18,0.722222,0.277778,0.055556,0.722222,0.277778,0.200000,0.200000,0.238889,0.805556,decode_control,control
serv_synth_wrapper,_656_,sky130_fd_sc_hd__clkinv_1,clock_buffer,clock_reset,control,3,2,33,33,0.696970,0.212121,0.000000,0.696970,0.212121,1.000000,1.000000,0.606061,0.769697,generated_control,control
serv_synth_wrapper,_657_,sky130_fd_sc_hd__nor3_1,combinational,generated_control,control,1,4,28,29,0.655172,0.310345,0.034483,0.655172,0.310345,1.000000,0.500000,0.580172,0.751724,generated_control,control
serv_synth_wrapper,_658_,sky130_fd_sc_hd__o21a_1,combinational,generated_datapath,datapath,2,4,22,26,0.730769,0.269231,0.076923,0.269231,0.730769,0.750000,0.250000,0.665385,0.488462,generated_control,control
serv_synth_wrapper,_659_,sky130_fd_sc_hd__nor4_2,combinational,generated_control,control,1,5,22,23,0.695652,0.260870,0.173913,0.695652,0.260870,0.600000,0.200000,0.370435,0.778261,generated_control,control
serv_synth_wrapper,_660_,sky130_fd_sc_hd__nor2_2,combinational,generated_control,control,1,3,19,20,0.600000,0.300000,0.000000,0.600000,0.300000,1.000000,0.333333,0.550000,0.700000,generated_control,control
serv_synth_wrapper,_661_,sky130_fd_sc_hd__a31oi_1,combinational,unclassified,unknown,0,5,47,48,0.687500,0.270833,0.020833,0.041667,0.000000,0.800000,0.400000,0.340000,0.320833,generated_control,control
serv_synth_wrapper,_662_,sky130_fd_sc_hd__and2_1,combinational,generated_control,control,1,3,29,30,0.700000,0.200000,0.000000,0.700000,0.200000,0.333333,0.333333,0.266667,0.770000,generated_control,control
serv_synth_wrapper,_663_,sky130_fd_sc_hd__nand2_1,combinational,generated_control,control,1,3,30,31,0.741935,0.161290,0.000000,0.741935,0.161290,1.000000,0.333333,0.480645,0.800000,generated_control,control
serv_synth_wrapper,_664_,sky130_fd_sc_hd__or4_1,combinational,generated_control,control,1,5,54,62,0.629032,0.274194,0.016129,0.629032,0.274194,0.800000,0.600000,0.507097,0.720968,generated_control,control
serv_synth_wrapper,_665_,sky130_fd_sc_hd__o21ai_0,combinational,generated_datapath,datapath,2,4,24,24,0.750000,0.250000,0.125000,0.250000,0.750000,0.500000,0.500000,0.625000,0.475000,generated_control,control
serv_synth_wrapper,_666_,sky130_fd_sc_hd__a21oi_1,combinational,generated_datapath,datapath,2,4,49,49,0.775510,0.183673,0.000000,0.183673,0.775510,0.500000,0.250000,0.600255,0.420408,generated_control,control
serv_synth_wrapper,_667_,sky130_fd_sc_hd__o31ai_2,combinational,unclassified,unknown,0,5,11,11,0.545455,0.363636,0.000000,0.090909,0.000000,0.400000,0.000000,0.140000,0.345455,generated_control,control
serv_synth_wrapper,_668_,sky130_fd_sc_hd__a21oi_1,combinational,decode_control,control,8,4,37,41,0.707317,0.292683,0.097561,0.707317,0.292683,1.000000,0.500000,0.571341,0.795122,decode_control,control
serv_synth_wrapper,_669_,sky130_fd_sc_hd__nor4_1,combinational,generated_control,control,1,5,42,54,0.722222,0.203704,0.018519,0.722222,0.203704,1.000000,0.400000,0.511852,0.790741,generated_control,control
serv_synth_wrapper,_670_,sky130_fd_sc_hd__nand2_1,combinational,generated_control,control,1,3,8,9,0.555556,0.333333,0.000000,0.555556,0.333333,0.666667,0.000000,0.400000,0.666667,generated_control,control
serv_synth_wrapper,_672_,sky130_fd_sc_hd__nor2_1,combinational,generated_control,control,1,3,70,70,0.714286,0.285714,0.128571,0.714286,0.285714,0.666667,0.666667,0.476190,0.800000,generated_control,control
serv_synth_wrapper,_673_,sky130_fd_sc_hd__nand2_1,combinational,generated_control,control,1,3,8,8,1.000000,0.000000,0.000000,1.000000,0.000000,0.000000,0.000000,0.000000,1.000000,generated_control,control
serv_synth_wrapper,_674_,sky130_fd_sc_hd__nor4_1,combinational,generated_control,control,1,5,9,15,0.733333,0.200000,0.066667,0.733333,0.200000,0.400000,0.000000,0.240000,0.800000,generated_control,control
serv_synth_wrapper,_675_,sky130_fd_sc_hd__xnor2_1,combinational,generated_datapath,datapath,2,3,8,8,0.625000,0.375000,0.125000,0.375000,0.625000,0.666667,0.000000,0.545833,0.562500,generated_control,control
serv_synth_wrapper,_676_,sky130_fd_sc_hd__nor4_1,combinational,generated_control,control,1,5,9,15,0.733333,0.200000,0.066667,0.733333,0.200000,0.400000,0.000000,0.240000,0.800000,generated_control,control
serv_synth_wrapper,_677_,sky130_fd_sc_hd__nor4_1,combinational,generated_control,control,1,5,31,38,0.552632,0.368421,0.105263,0.552632,0.368421,0.600000,0.200000,0.424211,0.671053,generated_control,control
serv_synth_wrapper,_679_,sky130_fd_sc_hd__nor2b_1,combinational,generated_control,control,1,3,28,28,1.000000,0.000000,0.071429,1.000000,0.000000,0.000000,0.333333,0.050000,1.000000,generated_control,control
serv_synth_wrapper,_680_,sky130_fd_sc_hd__nor2b_1,combinational,generated_control,control,1,3,28,28,1.000000,0.000000,0.071429,1.000000,0.000000,0.000000,0.333333,0.050000,1.000000,generated_control,control
serv_synth_wrapper,_681_,sky130_fd_sc_hd__nor2b_1,combinational,generated_control,control,1,3,28,28,1.000000,0.000000,0.071429,1.000000,0.000000,0.000000,0.333333,0.050000,1.000000,generated_control,control
serv_synth_wrapper,_682_,sky130_fd_sc_hd__nor2b_1,combinational,generated_control,control,1,3,28,28,1.000000,0.000000,0.071429,1.000000,0.000000,0.000000,0.333333,0.050000,1.000000,generated_control,control
serv_synth_wrapper,_683_,sky130_fd_sc_hd__nor2b_1,combinational,generated_control,control,1,3,28,28,1.000000,0.000000,0.071429,1.000000,0.000000,0.000000,0.333333,0.050000,1.000000,generated_control,control
serv_synth_wrapper,_684_,sky130_fd_sc_hd__nor2b_1,combinational,generated_control,control,1,3,28,28,1.000000,0.000000,0.071429,1.000000,0.000000,0.000000,0.333333,0.050000,1.000000,generated_control,control
serv_synth_wrapper,_685_,sky130_fd_sc_hd__nor2b_1,combinational,generated_control,control,1,3,28,28,1.000000,0.000000,0.071429,1.000000,0.000000,0.000000,0.333333,0.050000,1.000000,generated_control,control
serv_synth_wrapper,_686_,sky130_fd_sc_hd__nor2b_1,combinational,generated_control,control,1,3,28,28,1.000000,0.000000,0.071429,1.000000,0.000000,0.000000,0.333333,0.050000,1.000000,generated_control,control
serv_synth_wrapper,_687_,sky130_fd_sc_hd__nor2b_1,combinational,generated_control,control,1,3,28,28,1.000000,0.000000,0.071429,1.000000,0.000000,0.000000,0.333333,0.050000,1.000000,generated_control,control
serv_synth_wrapper,_688_,sky130_fd_sc_hd__nor2b_1,combinational,generated_control,control,1,3,28,28,1.000000,0.000000,0.071429,1.000000,0.000000,0.000000,0.333333,0.050000,1.000000,generated_control,control
serv_synth_wrapper,_690_,sky130_fd_sc_hd__nor2b_1,combinational,generated_control,control,1,3,28,28,1.000000,0.000000,0.071429,1.000000,0.000000,0.000000,0.333333,0.050000,1.000000,generated_control,control
serv_synth_wrapper,_691_,sky130_fd_sc_hd__nor2b_1,combinational,generated_control,control,1,3,28,28,1.000000,0.000000,0.071429,1.000000,0.000000,0.000000,0.333333,0.050000,1.000000,generated_control,control
serv_synth_wrapper,_692_,sky130_fd_sc_hd__nor2b_1,combinational,generated_control,control,1,3,28,28,1.000000,0.000000,0.071429,1.000000,0.000000,0.000000,0.333333,0.050000,1.000000,generated_control,control
serv_synth_wrapper,_693_,sky130_fd_sc_hd__nor2b_1,combinational,generated_control,control,1,3,28,28,1.000000,0.000000,0.071429,1.000000,0.000000,0.000000,0.333333,0.050000,1.000000,generated_control,control
serv_synth_wrapper,_694_,sky130_fd_sc_hd__nor2b_1,combinational,generated_control,control,1,3,28,28,1.000000,0.000000,0.071429,1.000000,0.000000,0.000000,0.333333,0.050000,1.000000,generated_control,control
serv_synth_wrapper,_695_,sky130_fd_sc_hd__nor2b_1,combinational,generated_control,control,1,3,28,28,1.000000,0.000000,0.071429,1.000000,0.000000,0.000000,0.333333,0.050000,1.000000,generated_control,control
serv_synth_wrapper,_696_,sky130_fd_sc_hd__nor2b_1,combinational,generated_control,control,1,3,28,28,1.000000,0.000000,0.071429,1.000000,0.000000,0.000000,0.333333,0.050000,1.000000,generated_control,control
serv_synth_wrapper,_697_,sky130_fd_sc_hd__nor2b_1,combinational,generated_control,control,1,3,28,28,1.000000,0.000000,0.071429,1.000000,0.000000,0.000000,0.333333,0.050000,1.000000,generated_control,control
serv_synth_wrapper,_698_,sky130_fd_sc_hd__nor2b_1,combinational,generated_control,control,1,3,28,28,1.000000,0.000000,0.071429,1.000000,0.000000,0.000000,0.333333,0.050000,1.000000,generated_control,control
serv_synth_wrapper,_699_,sky130_fd_sc_hd__nor2b_1,combinational,generated_control,control,1,3,28,28,1.000000,0.000000,0.071429,1.000000,0.000000,0.000000,0.333333,0.050000,1.000000,generated_control,control
serv_synth_wrapper,_701_,sky130_fd_sc_hd__nor2b_1,combinational,generated_control,control,1,3,28,28,1.000000,0.000000,0.071429,1.000000,0.000000,0.000000,0.333333,0.050000,1.000000,generated_control,control
serv_synth_wrapper,_702_,sky130_fd_sc_hd__nor2b_1,combinational,generated_control,control,1,3,28,28,1.000000,0.000000,0.071429,1.000000,0.000000,0.000000,0.333333,0.050000,1.000000,generated_control,control
serv_synth_wrapper,_703_,sky130_fd_sc_hd__nor2b_1,combinational,generated_control,control,1,3,28,28,1.000000,0.000000,0.071429,1.000000,0.000000,0.000000,0.333333,0.050000,1.000000,generated_control,control
serv_synth_wrapper,_704_,sky130_fd_sc_hd__nor2b_1,combinational,generated_control,control,1,3,28,28,1.000000,0.000000,0.071429,1.000000,0.000000,0.000000,0.333333,0.050000,1.000000,generated_control,control
serv_synth_wrapper,_705_,sky130_fd_sc_hd__nor2b_1,combinational,generated_control,control,1,3,28,28,0.785714,0.214286,0.071429,0.785714,0.214286,0.333333,0.333333,0.273810,0.850000,generated_control,control
serv_synth_wrapper,_706_,sky130_fd_sc_hd__nor2b_1,combinational,generated_control,control,1,3,28,28,0.785714,0.214286,0.071429,0.785714,0.214286,0.333333,0.333333,0.273810,0.850000,generated_control,control
serv_synth_wrapper,_707_,sky130_fd_sc_hd__nor2b_1,combinational,generated_control,control,1,3,28,28,0.785714,0.214286,0.071429,0.785714,0.214286,0.333333,0.333333,0.273810,0.850000,generated_control,control
serv_synth_wrapper,_708_,sky130_fd_sc_hd__nor2b_1,combinational,generated_control,control,1,3,28,28,0.785714,0.214286,0.071429,0.785714,0.214286,0.333333,0.333333,0.273810,0.850000,generated_control,control
serv_synth_wrapper,_709_,sky130_fd_sc_hd__nor2b_1,combinational,generated_control,control,1,3,28,28,0.785714,0.214286,0.071429,0.785714,0.214286,0.333333,0.333333,0.273810,0.850000,generated_control,control
serv_synth_wrapper,_710_,sky130_fd_sc_hd__nor2b_1,combinational,generated_control,control,1,3,28,28,0.785714,0.214286,0.071429,0.785714,0.214286,0.333333,0.333333,0.273810,0.850000,generated_control,control
serv_synth_wrapper,_711_,sky130_fd_sc_hd__nor2b_1,combinational,generated_control,control,1,3,28,28,0.785714,0.214286,0.071429,0.785714,0.214286,0.333333,0.333333,0.273810,0.850000,generated_control,control
serv_synth_wrapper,_712_,sky130_fd_sc_hd__nor2b_1,combinational,generated_control,control,1,3,27,27,0.740741,0.259259,0.037037,0.740741,0.259259,0.333333,0.333333,0.296296,0.818519,generated_control,control
serv_synth_wrapper,_713_,sky130_fd_sc_hd__nor2b_1,combinational,generated_control,control,1,3,27,27,0.740741,0.259259,0.037037,0.740741,0.259259,0.333333,0.333333,0.296296,0.818519,generated_control,control
serv_synth_wrapper,_714_,sky130_fd_sc_hd__nor2b_1,combinational,generated_control,control,1,3,29,29,0.758621,0.241379,0.068966,0.758621,0.241379,0.666667,0.333333,0.404023,0.831034,generated_control,control
serv_synth_wrapper,_715_,sky130_fd_sc_hd__nor2b_1,combinational,generated_control,control,1,3,33,33,0.727273,0.272727,0.060606,0.727273,0.272727,0.666667,0.333333,0.419697,0.809091,generated_control,control
serv_synth_wrapper,_716_,sky130_fd_sc_hd__a21oi_1,combinational,generated_datapath,datapath,2,4,15,17,0.588235,0.352941,0.000000,0.352941,0.588235,0.500000,0.000000,0.469118,0.535294,generated_control,control
serv_synth_wrapper,_717_,sky130_fd_sc_hd__a21oi_1,combinational,generated_datapath,datapath,2,4,18,19,0.789474,0.105263,0.105263,0.105263,0.789474,0.250000,0.500000,0.557237,0.352632,generated_control,control
serv_synth_wrapper,_719_,sky130_fd_sc_hd__a21oi_1,combinational,generated_datapath,datapath,2,4,28,29,0.724138,0.275862,0.034483,0.275862,0.724138,0.250000,0.250000,0.487069,0.493103,generated_control,control
serv_synth_wrapper,_721_,sky130_fd_sc_hd__mux2_2,combinational,csr,control,9,4,18,19,0.894737,0.105263,0.473684,0.894737,0.105263,0.500000,0.250000,0.265132,0.926316,generated_control,control
serv_synth_wrapper,_722_,sky130_fd_sc_hd__mux2_2,combinational,generated_control,control,1,4,45,45,0.688889,0.311111,0.244444,0.688889,0.311111,0.250000,0.250000,0.280556,0.782222,generated_control,control
serv_synth_wrapper,_723_,sky130_fd_sc_hd__mux2_2,combinational,generated_control,control,1,4,45,45,0.688889,0.311111,0.244444,0.688889,0.311111,0.250000,0.250000,0.280556,0.782222,generated_control,control
serv_synth_wrapper,_724_,sky130_fd_sc_hd__mux2_2,combinational,generated_control,control,1,4,16,17,0.941176,0.058824,0.529412,0.941176,0.058824,0.250000,0.250000,0.154412,0.958824,generated_control,control
serv_synth_wrapper,_725_,sky130_fd_sc_hd__inv_1,inverter,generated_control,control,1,2,3,3,0.666667,0.333333,0.333333,0.666667,0.333333,0.000000,0.000000,0.166667,0.704167,generated_control,control
serv_synth_wrapper,_726_,sky130_fd_sc_hd__nand2_1,combinational,generated_control,control,1,3,43,45,0.644444,0.355556,0.200000,0.644444,0.355556,0.333333,0.333333,0.344444,0.751111,generated_control,control
serv_synth_wrapper,_727_,sky130_fd_sc_hd__o21ai_0,combinational,generated_datapath,datapath,2,4,44,46,0.695652,0.304348,0.217391,0.304348,0.695652,0.500000,0.250000,0.560326,0.513043,generated_control,control
serv_synth_wrapper,_728_,sky130_fd_sc_hd__nand2_1,combinational,generated_control,control,1,3,43,44,0.659091,0.340909,0.204545,0.659091,0.340909,0.333333,0.333333,0.337121,0.761364,generated_control,control
serv_synth_wrapper,_729_,sky130_fd_sc_hd__o21ai_0,combinational,generated_datapath,datapath,2,4,45,46,0.695652,0.304348,0.217391,0.304348,0.695652,0.500000,0.250000,0.560326,0.513043,generated_control,control
serv_synth_wrapper,_730_,sky130_fd_sc_hd__mux2_2,combinational,generated_control,control,1,4,45,45,0.688889,0.311111,0.244444,0.688889,0.311111,0.250000,0.250000,0.280556,0.782222,generated_control,control
serv_synth_wrapper,_731_,sky130_fd_sc_hd__nand2_1,combinational,generated_control,control,1,3,43,44,0.659091,0.340909,0.204545,0.659091,0.340909,0.333333,0.333333,0.337121,0.761364,generated_control,control
serv_synth_wrapper,_732_,sky130_fd_sc_hd__o21ai_0,combinational,generated_datapath,datapath,2,4,45,46,0.695652,0.304348,0.217391,0.304348,0.695652,0.500000,0.250000,0.560326,0.513043,generated_control,control
serv_synth_wrapper,_733_,sky130_fd_sc_hd__nand2_1,combinational,generated_control,control,1,3,43,44,0.659091,0.340909,0.204545,0.659091,0.340909,0.333333,0.333333,0.337121,0.761364,generated_control,control
serv_synth_wrapper,_734_,sky130_fd_sc_hd__o21ai_0,combinational,generated_datapath,datapath,2,4,45,46,0.695652,0.304348,0.217391,0.304348,0.695652,0.500000,0.250000,0.560326,0.513043,generated_control,control
serv_synth_wrapper,_735_,sky130_fd_sc_hd__inv_1,inverter,generated_control,control,1,2,5,5,0.600000,0.400000,0.200000,0.600000,0.400000,0.500000,0.000000,0.375000,0.682500,generated_control,control
serv_synth_wrapper,_736_,sky130_fd_sc_hd__mux2_2,combinational,generated_control,control,1,4,45,45,0.688889,0.311111,0.244444,0.688889,0.311111,0.250000,0.250000,0.280556,0.782222,generated_control,control
serv_synth_wrapper,_737_,sky130_fd_sc_hd__inv_1,inverter,decode_control,control,8,2,5,5,0.800000,0.200000,0.200000,0.800000,0.200000,0.500000,0.000000,0.275000,0.822500,decode_control,control
serv_synth_wrapper,_738_,sky130_fd_sc_hd__mux2_2,combinational,generated_control,control,1,4,45,45,0.688889,0.311111,0.244444,0.688889,0.311111,0.250000,0.250000,0.280556,0.782222,generated_control,control
serv_synth_wrapper,_739_,sky130_fd_sc_hd__xor2_1,combinational,generated_datapath,datapath,2,3,5,5,0.200000,0.800000,0.200000,0.800000,0.200000,0.333333,0.000000,0.216667,0.822500,generated_datapath,datapath
serv_synth_wrapper,_740_,sky130_fd_sc_hd__nand2_1,combinational,generated_control,control,1,3,43,44,0.659091,0.340909,0.204545,0.659091,0.340909,0.333333,0.333333,0.337121,0.761364,generated_control,control
serv_synth_wrapper,_741_,sky130_fd_sc_hd__o21ai_0,combinational,generated_datapath,datapath,2,4,45,46,0.695652,0.304348,0.217391,0.304348,0.695652,0.500000,0.250000,0.560326,0.513043,generated_control,control
serv_synth_wrapper,_742_,sky130_fd_sc_hd__inv_1,inverter,generated_control,control,1,2,2,2,0.500000,0.500000,0.500000,0.500000,0.500000,0.000000,0.000000,0.250000,0.575000,generated_datapath,datapath
serv_synth_wrapper,_743_,sky130_fd_sc_hd__o21ai_0,combinational,generated_datapath,datapath,2,4,44,46,0.695652,0.304348,0.217391,0.304348,0.695652,0.500000,0.250000,0.560326,0.513043,generated_control,control
serv_synth_wrapper,_744_,sky130_fd_sc_hd__nand2_1,combinational,generated_control,control,1,3,43,45,0.644444,0.355556,0.200000,0.644444,0.355556,0.333333,0.333333,0.344444,0.751111,generated_control,control
serv_synth_wrapper,_745_,sky130_fd_sc_hd__o21ai_0,combinational,generated_datapath,datapath,2,4,45,47,0.680851,0.319149,0.212766,0.319149,0.680851,0.750000,0.250000,0.640426,0.523404,generated_control,control
serv_synth_wrapper,_746_,sky130_fd_sc_hd__mux2_2,combinational,generated_control,control,1,4,17,17,0.941176,0.058824,0.470588,0.941176,0.058824,0.250000,0.250000,0.154412,0.958824,generated_control,control
serv_synth_wrapper,_747_,sky130_fd_sc_hd__nand2_1,combinational,generated_control,control,1,3,17,18,0.555556,0.444444,0.111111,0.555556,0.444444,0.666667,0.333333,0.505556,0.688889,generated_datapath,control
serv_synth_wrapper,_748_,sky130_fd_sc_hd__a21oi_1,combinational,generated_datapath,datapath,2,4,51,52,0.673077,0.307692,0.173077,0.307692,0.673077,0.500000,0.250000,0.549038,0.511538,generated_control,control
serv_synth_wrapper,_749_,sky130_fd_sc_hd__o21a_1,combinational,generated_datapath,datapath,2,4,9,11,0.454545,0.545455,0.000000,0.545455,0.454545,0.500000,0.000000,0.402273,0.681818,generated_datapath,datapath
serv_synth_wrapper,_750_,sky130_fd_sc_hd__nor2_1,combinational,generated_control,control,1,3,26,26,0.730769,0.269231,0.000000,0.730769,0.269231,0.333333,0.333333,0.301282,0.811538,generated_control,control
serv_synth_wrapper,_751_,sky130_fd_sc_hd__o211ai_1,combinational,generated_datapath,datapath,2,5,10,12,0.333333,0.666667,0.000000,0.666667,0.333333,0.400000,0.000000,0.306667,0.766667,generated_datapath,datapath
serv_synth_wrapper,_752_,sky130_fd_sc_hd__a21oi_1,combinational,generated_datapath,datapath,2,4,28,29,0.724138,0.275862,0.034483,0.275862,0.724138,0.250000,0.250000,0.487069,0.493103,generated_control,control
serv_synth_wrapper,_753_,sky130_fd_sc_hd__nand2_1,combinational,generated_control,control,1,3,4,4,0.000000,1.000000,0.000000,0.000000,1.000000,0.000000,0.000000,0.500000,0.250000,generated_datapath,datapath
serv_synth_wrapper,_754_,sky130_fd_sc_hd__xor2_1,combinational,generated_datapath,datapath,2,3,5,5,0.600000,0.400000,0.200000,0.400000,0.600000,0.333333,0.000000,0.416667,0.542500,generated_control,control
serv_synth_wrapper,_755_,sky130_fd_sc_hd__nor4_1,combinational,generated_control,control,1,5,9,15,0.733333,0.200000,0.066667,0.733333,0.200000,0.400000,0.000000,0.240000,0.800000,generated_control,control
serv_synth_wrapper,_756_,sky130_fd_sc_hd__nor2b_1,combinational,generated_control,control,1,3,26,26,0.769231,0.230769,0.038462,0.769231,0.230769,0.333333,0.333333,0.282051,0.838462,generated_control,control
serv_synth_wrapper,_757_,sky130_fd_sc_hd__and2_1,combinational,generated_control,control,1,3,26,26,0.384615,0.538462,0.153846,0.384615,0.538462,0.333333,0.333333,0.435897,0.553846,generated_datapath,datapath
serv_synth_wrapper,_758_,sky130_fd_sc_hd__inv_1,inverter,generated_control,control,1,2,21,21,0.857143,0.095238,0.285714,0.857143,0.095238,1.000000,1.000000,0.547619,0.890476,generated_control,control
serv_synth_wrapper,_759_,sky130_fd_sc_hd__and3_1,combinational,csr,control,9,4,6,6,1.000000,0.000000,0.333333,1.000000,0.000000,0.000000,0.000000,0.000000,0.975000,csr,control
serv_synth_wrapper,_760_,sky130_fd_sc_hd__nor2_1,combinational,csr,control,9,3,9,10,0.800000,0.100000,0.100000,0.800000,0.100000,0.333333,0.333333,0.216667,0.840000,generated_control,control
serv_synth_wrapper,_761_,sky130_fd_sc_hd__a22oi_1,combinational,csr,control,9,5,19,20,0.900000,0.050000,0.050000,0.900000,0.050000,0.200000,0.400000,0.155000,0.920000,csr,control
serv_synth_wrapper,_762_,sky130_fd_sc_hd__nor2_1,combinational,generated_control,control,1,3,26,26,0.769231,0.230769,0.000000,0.769231,0.230769,0.333333,0.333333,0.282051,0.838462,generated_control,control
serv_synth_wrapper,_763_,sky130_fd_sc_hd__nor4_1,combinational,decode_control,control,8,5,17,22,0.954545,0.045455,0.136364,0.954545,0.045455,0.200000,0.200000,0.122727,0.968182,decode_control,control
serv_synth_wrapper,_764_,sky130_fd_sc_hd__nor2b_1,combinational,generated_control,control,1,3,15,21,0.571429,0.285714,0.095238,0.571429,0.285714,1.000000,0.666667,0.592857,0.671429,generated_control,control
serv_synth_wrapper,_765_,sky130_fd_sc_hd__a21o_1,combinational,generated_datapath,datapath,2,4,18,20,0.700000,0.200000,0.100000,0.200000,0.700000,0.500000,0.250000,0.562500,0.420000,generated_control,control
serv_synth_wrapper,_766_,sky130_fd_sc_hd__a22oi_1,combinational,csr,control,9,5,16,17,0.647059,0.294118,0.117647,0.647059,0.294118,0.400000,0.200000,0.317059,0.741176,generated_control,control
serv_synth_wrapper,_767_,sky130_fd_sc_hd__nor2_1,combinational,generated_control,control,1,3,14,14,0.642857,0.285714,0.071429,0.642857,0.285714,0.333333,0.333333,0.309524,0.735714,generated_control,control
serv_synth_wrapper,_768_,sky130_fd_sc_hd__inv_2,inverter,execute_alu,datapath,9,2,19,19,0.210526,0.684211,0.052632,0.684211,0.210526,0.500000,1.000000,0.430263,0.757895,execute_alu,datapath
serv_synth_wrapper,_769_,sky130_fd_sc_hd__nor2_1,combinational,decode_control,control,8,3,13,15,0.933333,0.066667,0.066667,0.933333,0.066667,0.333333,0.333333,0.200000,0.953333,decode_control,control
serv_synth_wrapper,_770_,sky130_fd_sc_hd__nand3_1,combinational,execute_alu,datapath,9,4,18,19,0.421053,0.526316,0.105263,0.526316,0.421053,0.000000,0.250000,0.248026,0.657895,execute_alu,datapath
serv_synth_wrapper,_771_,sky130_fd_sc_hd__a22oi_1,combinational,csr,control,9,5,15,15,0.866667,0.133333,0.133333,0.866667,0.133333,0.200000,0.000000,0.136667,0.906667,generated_control,control
serv_synth_wrapper,_772_,sky130_fd_sc_hd__nor2_1,combinational,generated_control,control,1,3,4,4,0.250000,0.500000,0.000000,0.250000,0.500000,0.000000,0.000000,0.250000,0.375000,execute_alu,datapath
serv_synth_wrapper,_773_,sky130_fd_sc_hd__a221oi_2,combinational,generated_datapath,datapath,2,6,13,13,0.769231,0.230769,0.000000,0.230769,0.769231,0.166667,0.000000,0.442949,0.461538,generated_control,control
serv_synth_wrapper,_774_,sky130_fd_sc_hd__mux2_2,combinational,csr,control,9,4,39,39,0.615385,0.358974,0.051282,0.615385,0.358974,0.250000,0.500000,0.341987,0.725641,decode_control,control
serv_synth_wrapper,_775_,sky130_fd_sc_hd__nand2_1,combinational,generated_control,control,1,3,7,7,0.714286,0.285714,0.000000,0.714286,0.285714,0.333333,0.000000,0.259524,0.787500,decode_control,control
serv_synth_wrapper,_776_,sky130_fd_sc_hd__xnor2_1,combinational,decode_control,control,8,3,23,23,0.739130,0.260870,0.043478,0.739130,0.260870,0.333333,0.333333,0.297101,0.817391,decode_control,control
serv_synth_wrapper,_777_,sky130_fd_sc_hd__a22oi_1,combinational,generated_datapath,datapath,2,5,22,22,0.727273,0.272727,0.045455,0.272727,0.727273,0.400000,0.200000,0.533636,0.490909,decode_control,control
serv_synth_wrapper,_778_,sky130_fd_sc_hd__nor2_1,combinational,generated_control,control,1,3,17,24,0.666667,0.250000,0.083333,0.666667,0.250000,0.666667,0.666667,0.458333,0.750000,generated_control,control
serv_synth_wrapper,_779_,sky130_fd_sc_hd__nand4_1,combinational,decode_control,control,8,5,18,23,0.652174,0.217391,0.130435,0.652174,0.217391,0.400000,0.400000,0.308696,0.730435,generated_control,control
serv_synth_wrapper,_780_,sky130_fd_sc_hd__nor4_1,combinational,decode_control,control,8,5,15,20,1.000000,0.000000,0.100000,1.000000,0.000000,0.000000,0.200000,0.030000,1.000000,decode_control,control
serv_synth_wrapper,_781_,sky130_fd_sc_hd__mux2i_1,combinational,csr,control,9,4,7,7,0.714286,0.285714,0.142857,0.714286,0.285714,0.250000,0.000000,0.230357,0.787500,csr,control
serv_synth_wrapper,_782_,sky130_fd_sc_hd__nor2_1,combinational,generated_control,control,1,3,26,26,0.769231,0.230769,0.000000,0.769231,0.230769,0.333333,0.333333,0.282051,0.838462,generated_control,control
serv_synth_wrapper,_783_,sky130_fd_sc_hd__nand2_1,combinational,generated_control,control,1,3,18,19,0.684211,0.157895,0.000000,0.684211,0.157895,0.666667,0.666667,0.412281,0.747368,generated_control,control
serv_synth_wrapper,_784_,sky130_fd_sc_hd__o21ai_0,combinational,generated_datapath,datapath,2,4,15,19,0.789474,0.210526,0.105263,0.210526,0.789474,0.750000,0.000000,0.657237,0.447368,generated_control,control
serv_synth_wrapper,_785_,sky130_fd_sc_hd__nand3_1,combinational,generated_control,control,1,4,10,10,0.500000,0.500000,0.000000,0.500000,0.500000,0.250000,0.000000,0.337500,0.650000,generated_control,datapath
serv_synth_wrapper,_786_,sky130_fd_sc_hd__nand2_1,combinational,generated_control,control,1,3,14,17,0.705882,0.294118,0.058824,0.705882,0.294118,0.666667,0.000000,0.380392,0.794118,generated_control,control
serv_synth_wrapper,_787_,sky130_fd_sc_hd__nor2b_1,combinational,fetch,control,8,3,5,6,1.000000,0.000000,0.166667,1.000000,0.000000,0.000000,0.000000,0.000000,0.962500,fetch,control
serv_synth_wrapper,_788_,sky130_fd_sc_hd__a31oi_1,combinational,fetch,control,8,5,8,11,1.000000,0.000000,0.090909,1.000000,0.000000,0.000000,0.000000,0.000000,1.000000,fetch,control
serv_synth_wrapper,_789_,sky130_fd_sc_hd__or2_2,combinational,generated_control,control,1,3,4,4,0.750000,0.250000,0.000000,0.750000,0.250000,0.000000,0.000000,0.125000,0.775000,generated_control,control
serv_synth_wrapper,_790_,sky130_fd_sc_hd__a21oi_1,combinational,generated_datapath,datapath,2,4,28,28,0.821429,0.178571,0.035714,0.178571,0.821429,0.250000,0.250000,0.535714,0.425000,generated_control,control
serv_synth_wrapper,_791_,sky130_fd_sc_hd__xnor2_1,combinational,generated_datapath,datapath,2,3,14,14,0.714286,0.214286,0.071429,0.214286,0.714286,0.333333,0.333333,0.523810,0.435714,generated_control,control
serv_synth_wrapper,_792_,sky130_fd_sc_hd__nor2_1,combinational,generated_control,control,1,3,27,27,0.740741,0.259259,0.037037,0.740741,0.259259,0.333333,0.333333,0.296296,0.818519,generated_control,control
serv_synth_wrapper,_793_,sky130_fd_sc_hd__inv_1,inverter,generated_control,control,1,2,6,6,0.333333,0.500000,0.000000,0.333333,0.500000,0.500000,0.000000,0.425000,0.475000,generated_datapath,datapath
serv_synth_wrapper,_794_,sky130_fd_sc_hd__nand2_1,combinational,generated_control,control,1,3,16,16,0.687500,0.187500,0.062500,0.687500,0.187500,0.666667,0.333333,0.377083,0.756250,generated_control,control
serv_synth_wrapper,_795_,sky130_fd_sc_hd__a21oi_1,combinational,generated_datapath,datapath,2,4,27,27,0.814815,0.185185,0.000000,0.185185,0.814815,0.250000,0.250000,0.532407,0.429630,generated_control,control
serv_synth_wrapper,_796_,sky130_fd_sc_hd__nand2b_1,combinational,generated_control,control,1,3,9,11,0.363636,0.636364,0.000000,0.363636,0.636364,0.666667,0.000000,0.551515,0.554545,generated_datapath,datapath
serv_synth_wrapper,_797_,sky130_fd_sc_hd__nand2_1,combinational,decode_control,control,8,3,12,12,0.750000,0.166667,0.083333,0.750000,0.166667,0.333333,0.333333,0.250000,0.808333,generated_control,control
serv_synth_wrapper,_798_,sky130_fd_sc_hd__a21oi_1,combinational,generated_datapath,datapath,2,4,27,27,0.814815,0.185185,0.000000,0.185185,0.814815,0.250000,0.250000,0.532407,0.429630,generated_control,control
serv_synth_wrapper,_799_,sky130_fd_sc_hd__nor2b_1,combinational,generated_control,control,1,3,29,29,0.793103,0.206897,0.068966,0.793103,0.206897,0.333333,0.333333,0.270115,0.855172,generated_control,control
serv_synth_wrapper,_800_,sky130_fd_sc_hd__o211ai_1,combinational,execute_alu,datapath,9,5,13,14,0.357143,0.642857,0.000000,0.642857,0.357143,0.200000,0.200000,0.278571,0.750000,execute_alu,datapath
serv_synth_wrapper,_801_,sky130_fd_sc_hd__a211oi_1,combinational,generated_datapath,datapath,2,5,41,43,0.767442,0.139535,0.069767,0.139535,0.767442,0.400000,0.400000,0.583721,0.379070,generated_control,control
serv_synth_wrapper,_802_,sky130_fd_sc_hd__nand2_1,combinational,execute_alu,datapath,9,3,18,19,0.000000,1.000000,0.052632,1.000000,0.000000,0.000000,0.666667,0.100000,1.000000,execute_alu,datapath
serv_synth_wrapper,_803_,sky130_fd_sc_hd__o21ai_0,combinational,execute_alu,datapath,9,4,12,13,0.000000,1.000000,0.076923,1.000000,0.000000,0.000000,0.250000,0.037500,1.000000,execute_alu,datapath
serv_synth_wrapper,_804_,sky130_fd_sc_hd__xnor2_1,combinational,execute_alu,datapath,9,3,8,8,0.250000,0.625000,0.000000,0.625000,0.250000,0.333333,0.000000,0.241667,0.712500,execute_alu,datapath
serv_synth_wrapper,_805_,sky130_fd_sc_hd__o21a_1,combinational,execute_alu,datapath,9,4,20,20,0.500000,0.500000,0.100000,0.500000,0.500000,0.500000,0.500000,0.500000,0.650000,execute_alu,datapath
serv_synth_wrapper,_807_,sky130_fd_sc_hd__inv_1,inverter,generated_control,control,1,2,2,2,0.000000,0.500000,0.000000,0.000000,0.500000,0.000000,0.000000,0.250000,0.125000,generated_datapath,datapath
serv_synth_wrapper,_808_,sky130_fd_sc_hd__and2_1,combinational,generated_control,control,1,3,13,16,0.562500,0.375000,0.062500,0.562500,0.375000,0.666667,0.000000,0.420833,0.681250,generated_control,control
serv_synth_wrapper,_809_,sky130_fd_sc_hd__a311oi_1,combinational,unclassified,unknown,0,6,41,51,0.803922,0.156863,0.019608,0.039216,0.000000,0.500000,0.333333,0.225000,0.319608,generated_control,control
serv_synth_wrapper,_810_,sky130_fd_sc_hd__nor2b_1,combinational,generated_control,control,1,3,29,30,0.700000,0.233333,0.000000,0.700000,0.233333,0.333333,0.333333,0.283333,0.776667,generated_control,control
serv_synth_wrapper,_811_,sky130_fd_sc_hd__nand2_1,combinational,generated_control,control,1,3,10,10,0.600000,0.200000,0.100000,0.600000,0.200000,0.333333,0.000000,0.216667,0.680000,csr,control
serv_synth_wrapper,_812_,sky130_fd_sc_hd__o311ai_0,combinational,execute_alu,datapath,9,6,46,47,0.553191,0.361702,0.042553,0.361702,0.553191,0.500000,0.500000,0.526596,0.536170,generated_control,control
serv_synth_wrapper,_813_,sky130_fd_sc_hd__o21ai_2,combinational,generated_datapath,datapath,2,4,4,4,0.750000,0.250000,0.000000,0.250000,0.750000,0.000000,0.000000,0.375000,0.425000,generated_control,control
serv_synth_wrapper,_814_,sky130_fd_sc_hd__and2_1,combinational,generated_control,control,1,3,34,34,0.970588,0.029412,0.882353,0.970588,0.029412,0.000000,0.333333,0.064706,0.979412,pipeline_state,control
serv_synth_wrapper,_815_,sky130_fd_sc_hd__nand2_1,combinational,generated_control,control,1,3,6,6,0.666667,0.333333,0.500000,0.666667,0.333333,0.333333,0.000000,0.283333,0.741667,generated_datapath,control
serv_synth_wrapper,_816_,sky130_fd_sc_hd__nand2_1,combinational,generated_control,control,1,3,9,10,0.400000,0.600000,0.000000,0.400000,0.600000,0.666667,0.000000,0.533333,0.580000,generated_datapath,datapath
serv_synth_wrapper,_817_,sky130_fd_sc_hd__o21ai_0,combinational,generated_datapath,datapath,2,4,10,11,0.727273,0.272727,0.090909,0.272727,0.727273,0.250000,0.000000,0.451136,0.490909,generated_control,control
serv_synth_wrapper,_818_,sky130_fd_sc_hd__nor2_1,combinational,generated_control,control,1,3,40,41,0.878049,0.121951,0.731707,0.878049,0.121951,0.333333,0.333333,0.227642,0.914634,pipeline_state,control
serv_synth_wrapper,_819_,sky130_fd_sc_hd__a21oi_1,combinational,generated_datapath,datapath,2,4,11,12,0.666667,0.333333,0.166667,0.333333,0.666667,0.500000,0.000000,0.508333,0.533333,generated_datapath,control
serv_synth_wrapper,_820_,sky130_fd_sc_hd__nand2_1,combinational,generated_control,control,1,3,10,10,0.700000,0.300000,0.100000,0.700000,0.300000,0.333333,0.000000,0.266667,0.790000,generated_control,control
serv_synth_wrapper,_821_,sky130_fd_sc_hd__nand2_1,combinational,generated_control,control,1,3,4,4,0.750000,0.250000,0.250000,0.750000,0.250000,0.333333,0.000000,0.241667,0.775000,generated_control,control
serv_synth_wrapper,_822_,sky130_fd_sc_hd__nor2_1,combinational,generated_control,control,1,3,16,20,0.700000,0.300000,0.150000,0.700000,0.300000,0.666667,0.333333,0.433333,0.790000,generated_control,control
serv_synth_wrapper,_823_,sky130_fd_sc_hd__a22oi_1,combinational,generated_datapath,datapath,2,5,31,43,0.744186,0.209302,0.116279,0.209302,0.744186,0.800000,0.600000,0.742093,0.437209,generated_control,control
serv_synth_wrapper,_824_,sky130_fd_sc_hd__nor2_1,combinational,generated_control,control,1,3,24,25,0.640000,0.320000,0.120000,0.640000,0.320000,0.666667,0.666667,0.493333,0.740000,generated_control,control
serv_synth_wrapper,_825_,sky130_fd_sc_hd__o221a_2,combinational,execute_alu,datapath,9,6,19,19,0.263158,0.631579,0.052632,0.631579,0.263158,0.166667,0.166667,0.214912,0.721053,execute_alu,datapath
serv_synth_wrapper,_826_,sky130_fd_sc_hd__or2_2,combinational,generated_control,control,1,3,67,68,0.867647,0.132353,0.352941,0.867647,0.132353,0.666667,0.666667,0.399510,0.907353,generated_control,control
serv_synth_wrapper,_827_,sky130_fd_sc_hd__mux4_2,combinational,generated_control,control,1,7,29,33,0.818182,0.181818,0.212121,0.818182,0.181818,0.285714,0.142857,0.212338,0.872727,generated_control,control
serv_synth_wrapper,_828_,sky130_fd_sc_hd__or3_1,combinational,generated_control,control,1,4,62,63,0.777778,0.222222,0.126984,0.777778,0.222222,0.750000,0.750000,0.486111,0.844444,generated_control,control
serv_synth_wrapper,_829_,sky130_fd_sc_hd__mux2_2,combinational,generated_control,control,1,4,49,49,0.755102,0.224490,0.020408,0.755102,0.224490,0.500000,0.250000,0.324745,0.824490,generated_control,control
serv_synth_wrapper,_830_,sky130_fd_sc_hd__nand2_1,combinational,generated_control,control,1,3,43,44,0.795455,0.204545,0.000000,0.795455,0.204545,0.333333,0.333333,0.268939,0.856818,generated_control,control
serv_synth_wrapper,_831_,sky130_fd_sc_hd__o21ai_0,combinational,generated_datapath,datapath,2,4,45,46,0.826087,0.173913,0.021739,0.173913,0.826087,0.500000,0.250000,0.625543,0.421739,generated_control,control
serv_synth_wrapper,_832_,sky130_fd_sc_hd__and3_1,combinational,execute_alu,datapath,9,4,17,18,0.333333,0.666667,0.055556,0.666667,0.333333,0.250000,0.250000,0.291667,0.766667,execute_alu,datapath
serv_synth_wrapper,_833_,sky130_fd_sc_hd__and3_1,combinational,execute_alu,datapath,9,4,17,18,0.333333,0.666667,0.055556,0.666667,0.333333,0.250000,0.250000,0.291667,0.766667,execute_alu,datapath
serv_synth_wrapper,_834_,sky130_fd_sc_hd__inv_1,inverter,generated_control,control,1,2,4,4,0.500000,0.500000,0.000000,0.500000,0.500000,0.500000,0.000000,0.425000,0.600000,generated_control,control
serv_synth_wrapper,_835_,sky130_fd_sc_hd__nand3_1,combinational,decode_control,control,8,4,43,54,0.796296,0.129630,0.037037,0.796296,0.129630,0.500000,0.750000,0.352315,0.842593,decode_control,control
serv_synth_wrapper,_836_,sky130_fd_sc_hd__o221ai_1,combinational,generated_datapath,datapath,2,6,45,59,0.830508,0.084746,0.033898,0.084746,0.830508,0.500000,0.500000,0.665254,0.342373,generated_control,control
serv_synth_wrapper,_837_,sky130_fd_sc_hd__o21a_1,combinational,decode_control,control,8,4,7,7,0.857143,0.142857,0.142857,0.857143,0.142857,0.000000,0.000000,0.071429,0.887500,decode_control,control
serv_synth_wrapper,_838_,sky130_fd_sc_hd__nand2_1,combinational,generated_control,control,1,3,15,15,0.866667,0.133333,0.400000,0.866667,0.133333,0.333333,0.333333,0.233333,0.906667,generated_control,control
serv_synth_wrapper,_839_,sky130_fd_sc_hd__o21ai_0,combinational,generated_datapath,datapath,2,4,46,46,0.695652,0.304348,0.217391,0.304348,0.695652,0.500000,0.250000,0.560326,0.513043,generated_control,control
serv_synth_wrapper,_840_,sky130_fd_sc_hd__and3_1,combinational,decode_control,control,8,4,39,42,0.857143,0.119048,0.047619,0.857143,0.119048,0.500000,0.750000,0.347024,0.895238,decode_control,control
serv_synth_wrapper,_841_,sky130_fd_sc_hd__a21o_1,combinational,generated_datapath,datapath,2,4,23,34,0.705882,0.176471,0.088235,0.176471,0.705882,0.750000,0.750000,0.727941,0.400000,generated_control,control
serv_synth_wrapper,_842_,sky130_fd_sc_hd__nand2_1,combinational,generated_control,control,1,3,3,4,0.750000,0.250000,0.000000,0.750000,0.250000,0.000000,0.000000,0.125000,0.762500,decode_control,control
serv_synth_wrapper,_843_,sky130_fd_sc_hd__nand2_1,combinational,generated_control,control,1,3,42,42,0.928571,0.071429,0.738095,0.928571,0.071429,0.666667,0.333333,0.319048,0.950000,pipeline_state,control
serv_synth_wrapper,_844_,sky130_fd_sc_hd__o22ai_1,combinational,decode_control,control,8,5,8,9,0.777778,0.111111,0.000000,0.777778,0.111111,0.200000,0.000000,0.125556,0.822222,generated_control,control
serv_synth_wrapper,_845_,sky130_fd_sc_hd__mux2_2,combinational,generated_control,control,1,4,46,46,0.826087,0.173913,0.043478,0.826087,0.173913,0.250000,0.250000,0.211957,0.878261,generated_control,control
serv_synth_wrapper,_846_,sky130_fd_sc_hd__mux2_2,combinational,generated_control,control,1,4,16,17,0.941176,0.058824,0.529412,0.941176,0.058824,0.250000,0.250000,0.154412,0.958824,generated_control,control
serv_synth_wrapper,_847_,sky130_fd_sc_hd__inv_1,inverter,csr,control,9,2,2,2,1.000000,0.000000,0.500000,1.000000,0.000000,0.000000,0.000000,0.000000,0.925000,generated_control,control
serv_synth_wrapper,_848_,sky130_fd_sc_hd__nor2_1,combinational,generated_control,control,1,3,10,10,0.700000,0.200000,0.000000,0.700000,0.200000,0.333333,0.333333,0.266667,0.770000,generated_control,control
serv_synth_wrapper,_849_,sky130_fd_sc_hd__o21a_1,combinational,generated_datapath,datapath,2,4,12,13,0.692308,0.153846,0.000000,0.153846,0.692308,0.500000,0.250000,0.558654,0.376923,generated_control,control
serv_synth_wrapper,_850_,sky130_fd_sc_hd__nand2_1,combinational,generated_control,control,1,3,17,17,0.705882,0.176471,0.000000,0.705882,0.176471,0.333333,0.333333,0.254902,0.770588,generated_control,control
serv_synth_wrapper,_851_,sky130_fd_sc_hd__inv_1,inverter,generated_control,control,1,2,4,4,0.750000,0.000000,0.250000,0.750000,0.000000,0.000000,0.000000,0.000000,0.725000,generated_control,control
serv_synth_wrapper,_852_,sky130_fd_sc_hd__mux2_2,combinational,generated_control,control,1,4,46,46,0.826087,0.173913,0.043478,0.826087,0.173913,0.250000,0.250000,0.211957,0.878261,generated_control,control
serv_synth_wrapper,_853_,sky130_fd_sc_hd__nand3_1,combinational,generated_control,control,1,4,19,19,0.684211,0.263158,0.052632,0.684211,0.263158,0.750000,0.250000,0.431579,0.768421,generated_control,control
serv_synth_wrapper,_854_,sky130_fd_sc_hd__nand3_1,combinational,generated_control,control,1,4,13,13,0.769231,0.076923,0.076923,0.769231,0.076923,0.250000,0.250000,0.163462,0.807692,generated_control,control
serv_synth_wrapper,_855_,sky130_fd_sc_hd__o41ai_1,combinational,unclassified,unknown,0,6,31,42,0.738095,0.238095,0.166667,0.023810,0.000000,0.666667,0.500000,0.308333,0.311905,generated_control,control
serv_synth_wrapper,_856_,sky130_fd_sc_hd__inv_1,inverter,generated_control,control,1,2,5,5,1.000000,0.000000,0.000000,1.000000,0.000000,0.000000,0.000000,0.000000,0.962500,csr,control
serv_synth_wrapper,_857_,sky130_fd_sc_hd__nand3_1,combinational,generated_control,control,1,4,21,23,0.608696,0.260870,0.000000,0.608696,0.260870,1.000000,0.500000,0.555435,0.700000,generated_control,control
serv_synth_wrapper,_858_,sky130_fd_sc_hd__o21ai_0,combinational,decode_control,control,8,4,14,14,0.928571,0.071429,0.142857,0.928571,0.071429,0.250000,0.250000,0.160714,0.950000,decode_control,control
serv_synth_wrapper,_859_,sky130_fd_sc_hd__a211o_1,combinational,csr,control,9,5,29,30,0.766667,0.166667,0.133333,0.766667,0.166667,0.400000,0.600000,0.313333,0.823333,csr,control
serv_synth_wrapper,_860_,sky130_fd_sc_hd__inv_1,inverter,csr,control,9,2,2,2,1.000000,0.000000,0.500000,1.000000,0.000000,0.000000,0.000000,0.000000,0.925000,csr,control
serv_synth_wrapper,_861_,sky130_fd_sc_hd__nor2_1,combinational,csr,control,9,3,13,15,1.000000,0.000000,0.066667,1.000000,0.000000,0.000000,0.333333,0.050000,1.000000,csr,control
serv_synth_wrapper,_862_,sky130_fd_sc_hd__o221ai_1,combinational,csr,control,9,6,35,36,0.805556,0.111111,0.083333,0.805556,0.111111,0.166667,0.166667,0.138889,0.847222,generated_control,control
serv_synth_wrapper,_863_,sky130_fd_sc_hd__inv_1,inverter,csr,control,9,2,2,2,1.000000,0.000000,0.500000,1.000000,0.000000,0.000000,0.000000,0.000000,0.925000,csr,control
serv_synth_wrapper,_864_,sky130_fd_sc_hd__o21ai_0,combinational,csr,control,9,4,9,10,1.000000,0.000000,0.200000,1.000000,0.000000,0.000000,0.000000,0.000000,1.000000,csr,control
serv_synth_wrapper,_865_,sky130_fd_sc_hd__nand3_1,combinational,decode_control,control,8,4,12,13,0.846154,0.153846,0.076923,0.846154,0.153846,0.500000,0.000000,0.251923,0.892308,generated_control,control
serv_synth_wrapper,_866_,sky130_fd_sc_hd__nand2_1,combinational,generated_control,control,1,3,11,11,0.636364,0.181818,0.090909,0.636364,0.181818,0.333333,0.333333,0.257576,0.709091,csr,control
serv_synth_wrapper,_867_,sky130_fd_sc_hd__nand2b_1,combinational,csr,control,9,3,12,12,0.916667,0.083333,0.083333,0.916667,0.083333,0.333333,0.333333,0.208333,0.941667,csr,control
serv_synth_wrapper,_868_,sky130_fd_sc_hd__nor2_1,combinational,decode_control,control,8,3,26,26,0.846154,0.076923,0.038462,0.846154,0.076923,0.333333,0.333333,0.205128,0.876923,decode_control,control
serv_synth_wrapper,_869_,sky130_fd_sc_hd__a21oi_1,combinational,generated_datapath,datapath,2,4,47,54,0.722222,0.148148,0.018519,0.148148,0.722222,0.500000,0.500000,0.611111,0.377778,generated_control,control
serv_synth_wrapper,_870_,sky130_fd_sc_hd__o31ai_1,combinational,unclassified,unknown,0,5,19,21,0.666667,0.285714,0.000000,0.047619,0.000000,0.400000,0.400000,0.200000,0.323810,generated_control,control
serv_synth_wrapper,_871_,sky130_fd_sc_hd__nand2_1,combinational,generated_control,control,1,3,16,18,0.555556,0.277778,0.055556,0.555556,0.277778,0.666667,0.666667,0.472222,0.655556,generated_control,control
serv_synth_wrapper,_872_,sky130_fd_sc_hd__nor4_1,combinational,generated_control,control,1,5,47,63,0.746032,0.174603,0.031746,0.746032,0.174603,0.800000,0.600000,0.457302,0.806349,generated_control,control
serv_synth_wrapper,_873_,sky130_fd_sc_hd__o21ai_0,combinational,generated_datapath,datapath,2,4,22,24,0.750000,0.125000,0.250000,0.125000,0.750000,0.250000,0.500000,0.537500,0.362500,generated_control,control
serv_synth_wrapper,_874_,sky130_fd_sc_hd__nand3_1,combinational,generated_control,control,1,4,20,22,0.727273,0.227273,0.045455,0.727273,0.227273,0.500000,0.250000,0.326136,0.800000,generated_control,control
serv_synth_wrapper,_875_,sky130_fd_sc_hd__nand2_1,combinational,execute_alu,datapath,9,3,12,12,0.166667,0.833333,0.083333,0.833333,0.166667,0.000000,0.333333,0.133333,0.883333,execute_alu,datapath
serv_synth_wrapper,_876_,sky130_fd_sc_hd__nand2_1,combinational,generated_control,control,1,3,14,14,0.785714,0.142857,0.357143,0.785714,0.142857,0.333333,0.333333,0.238095,0.835714,pipeline_state,control
serv_synth_wrapper,_877_,sky130_fd_sc_hd__mux2i_1,combinational,generated_control,control,1,4,27,29,0.724138,0.241379,0.068966,0.724138,0.241379,0.750000,0.500000,0.458190,0.800000,generated_control,control
serv_synth_wrapper,_878_,sky130_fd_sc_hd__nor2_1,combinational,generated_control,control,1,3,24,24,0.791667,0.166667,0.000000,0.791667,0.166667,0.333333,0.333333,0.250000,0.845833,generated_control,control
serv_synth_wrapper,_879_,sky130_fd_sc_hd__nand2_1,combinational,execute_alu,datapath,9,3,13,13,0.153846,0.846154,0.076923,0.846154,0.153846,0.333333,0.333333,0.243590,0.892308,execute_alu,datapath
serv_synth_wrapper,_880_,sky130_fd_sc_hd__nand2_1,combinational,generated_control,control,1,3,14,14,0.785714,0.142857,0.357143,0.785714,0.142857,0.333333,0.333333,0.238095,0.835714,pipeline_state,control
serv_synth_wrapper,_881_,sky130_fd_sc_hd__inv_1,inverter,generated_control,control,1,2,2,2,0.500000,0.500000,0.000000,0.500000,0.500000,0.000000,0.000000,0.250000,0.575000,generated_datapath,datapath
serv_synth_wrapper,_882_,sky130_fd_sc_hd__nor2_1,combinational,generated_control,control,1,3,15,16,0.625000,0.312500,0.062500,0.625000,0.312500,0.666667,0.333333,0.439583,0.725000,generated_control,control
serv_synth_wrapper,_883_,sky130_fd_sc_hd__a211oi_1,combinational,generated_datapath,datapath,2,5,56,58,0.724138,0.275862,0.189655,0.275862,0.724138,0.400000,0.400000,0.562069,0.493103,generated_control,control
serv_synth_wrapper,_884_,sky130_fd_sc_hd__a21oi_1,combinational,generated_datapath,datapath,2,4,44,45,0.688889,0.311111,0.222222,0.311111,0.688889,0.250000,0.250000,0.469444,0.517778,generated_control,control
serv_synth_wrapper,_885_,sky130_fd_sc_hd__o21ai_0,combinational,generated_datapath,datapath,2,4,47,49,0.693878,0.285714,0.183673,0.285714,0.693878,0.500000,0.250000,0.559439,0.495918,generated_control,control
serv_synth_wrapper,_886_,sky130_fd_sc_hd__nor2_1,combinational,generated_control,control,1,3,7,7,0.714286,0.142857,0.000000,0.714286,0.142857,0.333333,0.000000,0.188095,0.758929,generated_control,control
serv_synth_wrapper,_887_,sky130_fd_sc_hd__nor2_1,combinational,generated_control,control,1,3,8,8,0.750000,0.125000,0.000000,0.750000,0.125000,0.333333,0.000000,0.179167,0.800000,generated_control,control
serv_synth_wrapper,_888_,sky130_fd_sc_hd__nand2_1,combinational,generated_control,control,1,3,4,4,1.000000,0.000000,0.250000,1.000000,0.000000,0.000000,0.000000,0.000000,0.950000,generated_control,control
serv_synth_wrapper,_889_,sky130_fd_sc_hd__o21ai_0,combinational,decode_control,control,8,4,18,21,0.857143,0.142857,0.095238,0.857143,0.142857,0.250000,0.500000,0.233929,0.900000,decode_control,control
serv_synth_wrapper,_890_,sky130_fd_sc_hd__o32ai_1,combinational,decode_control,control,8,6,20,23,0.826087,0.173913,0.130435,0.826087,0.173913,0.166667,0.333333,0.195290,0.878261,decode_control,control
serv_synth_wrapper,_891_,sky130_fd_sc_hd__nand2_1,combinational,generated_control,control,1,3,43,44,0.659091,0.340909,0.204545,0.659091,0.340909,0.333333,0.333333,0.337121,0.761364,generated_control,control
serv_synth_wrapper,_892_,sky130_fd_sc_hd__o21ai_0,combinational,generated_datapath,datapath,2,4,44,45,0.711111,0.288889,0.222222,0.288889,0.711111,0.250000,0.250000,0.480556,0.502222,generated_control,control
serv_synth_wrapper,_893_,sky130_fd_sc_hd__nand2_1,combinational,generated_control,control,1,3,11,11,0.818182,0.090909,0.090909,0.818182,0.090909,0.333333,0.333333,0.212121,0.854545,generated_control,control
serv_synth_wrapper,_894_,sky130_fd_sc_hd__nand2_1,combinational,generated_control,control,1,3,44,44,0.681818,0.318182,0.204545,0.681818,0.318182,0.333333,0.333333,0.325758,0.777273,generated_control,control
serv_synth_wrapper,_895_,sky130_fd_sc_hd__nand2_1,combinational,generated_control,control,1,3,4,4,1.000000,0.000000,0.250000,1.000000,0.000000,0.000000,0.000000,0.000000,0.950000,generated_control,control
serv_synth_wrapper,_896_,sky130_fd_sc_hd__nand2_1,combinational,generated_control,control,1,3,44,44,0.681818,0.318182,0.204545,0.681818,0.318182,0.333333,0.333333,0.325758,0.777273,generated_control,control
serv_synth_wrapper,_897_,sky130_fd_sc_hd__nand2_1,combinational,generated_control,control,1,3,4,4,1.000000,0.000000,0.250000,1.000000,0.000000,0.000000,0.000000,0.000000,0.950000,generated_control,control
serv_synth_wrapper,_898_,sky130_fd_sc_hd__nor2b_1,combinational,generated_control,control,1,3,27,27,0.703704,0.259259,0.074074,0.703704,0.259259,0.666667,0.666667,0.462963,0.785185,decode_control,control
serv_synth_wrapper,_899_,sky130_fd_sc_hd__o21ai_1,combinational,pipeline_state,control,6,4,24,24,0.625000,0.333333,0.083333,0.625000,0.333333,0.500000,0.500000,0.416667,0.729167,generated_control,control
serv_synth_wrapper,_900_,sky130_fd_sc_hd__inv_1,inverter,generated_control,control,1,2,14,14,0.571429,0.428571,0.142857,0.571429,0.428571,0.500000,0.500000,0.464286,0.700000,generated_datapath,control
serv_synth_wrapper,_901_,sky130_fd_sc_hd__nor2_1,combinational,generated_control,control,1,3,24,24,0.666667,0.333333,0.083333,0.666667,0.333333,0.666667,0.333333,0.450000,0.766667,decode_control,control
serv_synth_wrapper,_902_,sky130_fd_sc_hd__o21ai_0,combinational,generated_datapath,datapath,2,4,11,13,0.538462,0.461538,0.000000,0.461538,0.538462,0.750000,0.250000,0.569231,0.623077,generated_control,control
serv_synth_wrapper,_903_,sky130_fd_sc_hd__o21ai_0,combinational,generated_datapath,datapath,2,4,17,18,0.666667,0.333333,0.055556,0.333333,0.666667,0.750000,0.250000,0.633333,0.533333,generated_control,control
serv_synth_wrapper,_904_,sky130_fd_sc_hd__o21ai_0,combinational,generated_datapath,datapath,2,4,22,23,0.652174,0.347826,0.086957,0.347826,0.652174,0.750000,0.500000,0.663587,0.543478,generated_control,control
serv_synth_wrapper,_905_,sky130_fd_sc_hd__nor2_1,combinational,generated_control,control,1,3,6,6,0.666667,0.166667,0.333333,0.666667,0.166667,0.000000,0.000000,0.083333,0.708333,generated_control,control
serv_synth_wrapper,_906_,sky130_fd_sc_hd__nor3_1,combinational,generated_control,control,1,4,10,10,0.900000,0.100000,0.300000,0.900000,0.100000,0.000000,0.000000,0.050000,0.930000,generated_control,control
serv_synth_wrapper,_907_,sky130_fd_sc_hd__a21oi_1,combinational,generated_datapath,datapath,2,4,5,5,0.600000,0.400000,0.000000,0.400000,0.600000,0.250000,0.000000,0.387500,0.542500,generated_control,control
serv_synth_wrapper,_908_,sky130_fd_sc_hd__a21oi_1,combinational,generated_datapath,datapath,2,4,18,18,0.666667,0.277778,0.000000,0.277778,0.666667,0.500000,0.250000,0.545833,0.483333,generated_control,control
serv_synth_wrapper,_909_,sky130_fd_sc_hd__nor2_1,combinational,generated_control,control,1,3,10,10,0.300000,0.500000,0.000000,0.300000,0.500000,0.333333,0.333333,0.416667,0.470000,generated_datapath,datapath
serv_synth_wrapper,_910_,sky130_fd_sc_hd__nor2_1,combinational,generated_control,control,1,3,13,13,0.461538,0.384615,0.000000,0.461538,0.384615,0.666667,0.333333,0.475641,0.592308,generated_control,control
serv_synth_wrapper,_911_,sky130_fd_sc_hd__and4b_1,combinational,fetch,control,8,5,37,51,0.803922,0.117647,0.019608,0.803922,0.117647,0.400000,0.400000,0.258824,0.847059,generated_control,control
serv_synth_wrapper,_912_,sky130_fd_sc_hd__a21oi_1,combinational,fetch,control,8,4,26,27,0.703704,0.185185,0.037037,0.703704,0.185185,0.250000,0.250000,0.217593,0.770370,generated_control,control
serv_synth_wrapper,_913_,sky130_fd_sc_hd__nand2_1,combinational,pipeline_state,control,6,3,5,5,1.000000,0.000000,0.200000,1.000000,0.000000,0.000000,0.000000,0.000000,0.962500,pipeline_state,control
serv_synth_wrapper,_914_,sky130_fd_sc_hd__or3b_2,combinational,pipeline_state,control,6,4,30,31,0.774194,0.193548,0.064516,0.774194,0.193548,0.250000,0.250000,0.221774,0.835484,decode_control,control
serv_synth_wrapper,_915_,sky130_fd_sc_hd__a211o_1,combinational,decode_control,control,8,5,32,33,0.878788,0.090909,0.030303,0.878788,0.090909,0.200000,0.400000,0.175455,0.909091,decode_control,control
serv_synth_wrapper,_916_,sky130_fd_sc_hd__o211a_1,combinational,generated_datapath,datapath,2,5,12,12,0.583333,0.250000,0.000000,0.250000,0.583333,0.200000,0.000000,0.361667,0.441667,generated_control,control
serv_synth_wrapper,_917_,sky130_fd_sc_hd__a31o_2,combinational,unclassified,unknown,0,5,33,39,0.641026,0.230769,0.025641,0.128205,0.000000,0.600000,0.400000,0.270000,0.364103,generated_control,control
serv_synth_wrapper,_918_,sky130_fd_sc_hd__xnor2_1,combinational,execute_alu,datapath,9,3,13,14,0.214286,0.714286,0.071429,0.714286,0.214286,0.666667,0.333333,0.390476,0.785714,execute_alu,datapath
serv_synth_wrapper,_919_,sky130_fd_sc_hd__nand3_1,combinational,execute_alu,datapath,9,4,32,34,0.558824,0.411765,0.058824,0.411765,0.558824,0.750000,0.500000,0.616912,0.582353,decode_control,control
serv_synth_wrapper,_920_,sky130_fd_sc_hd__o21ai_0,combinational,generated_datapath,datapath,2,4,18,18,0.666667,0.333333,0.055556,0.333333,0.666667,0.250000,0.250000,0.458333,0.533333,decode_control,control
serv_synth_wrapper,_921_,sky130_fd_sc_hd__a32oi_1,combinational,execute_alu,datapath,9,6,30,32,0.656250,0.312500,0.062500,0.312500,0.656250,0.333333,0.166667,0.469792,0.512500,decode_control,control
serv_synth_wrapper,_922_,sky130_fd_sc_hd__nor2_1,combinational,generated_control,control,1,3,27,28,0.678571,0.285714,0.000000,0.678571,0.285714,0.333333,0.333333,0.309524,0.767857,decode_control,control
serv_synth_wrapper,_923_,sky130_fd_sc_hd__a21oi_1,combinational,generated_datapath,datapath,2,4,28,29,0.724138,0.206897,0.000000,0.206897,0.724138,0.250000,0.250000,0.487069,0.431034,generated_control,control
serv_synth_wrapper,_924_,sky130_fd_sc_hd__o311a_1,combinational,unclassified,unknown,0,6,34,40,0.625000,0.250000,0.025000,0.125000,0.000000,0.500000,0.333333,0.225000,0.362500,generated_control,control
serv_synth_wrapper,_925_,sky130_fd_sc_hd__a31oi_1,combinational,fetch,control,8,5,34,39,0.692308,0.179487,0.025641,0.692308,0.179487,0.400000,0.400000,0.289744,0.758974,generated_control,control
serv_synth_wrapper,_926_,sky130_fd_sc_hd__o22ai_1,combinational,register_file,datapath,10,5,6,6,0.500000,0.166667,0.166667,0.166667,0.500000,0.000000,0.000000,0.250000,0.325000,unclassified,control
serv_synth_wrapper,_927_,sky130_fd_sc_hd__nand2_1,combinational,generated_control,control,1,3,14,14,0.642857,0.285714,0.071429,0.642857,0.285714,0.333333,0.333333,0.309524,0.735714,generated_control,control
serv_synth_wrapper,_928_,sky130_fd_sc_hd__nand2_1,combinational,register_file,datapath,10,3,5,5,0.800000,0.200000,0.200000,0.200000,0.800000,0.000000,0.000000,0.400000,0.402500,generated_control,control
serv_synth_wrapper,_929_,sky130_fd_sc_hd__o211ai_1,combinational,generated_datapath,datapath,2,5,21,24,0.666667,0.208333,0.041667,0.208333,0.666667,0.400000,0.200000,0.503333,0.420833,generated_control,control
serv_synth_wrapper,_930_,sky130_fd_sc_hd__nor3_1,combinational,generated_control,control,1,4,36,46,0.760870,0.152174,0.021739,0.760870,0.152174,0.500000,0.500000,0.326087,0.815217,generated_control,control
serv_synth_wrapper,_931_,sky130_fd_sc_hd__nor2b_1,combinational,generated_control,control,1,3,27,27,0.777778,0.222222,0.037037,0.777778,0.222222,0.333333,0.333333,0.277778,0.844444,generated_control,control
serv_synth_wrapper,_932_,sky130_fd_sc_hd__nand3b_1,combinational,generated_control,control,1,4,41,42,0.619048,0.309524,0.071429,0.619048,0.309524,0.750000,0.500000,0.492262,0.719048,generated_control,control
serv_synth_wrapper,_933_,sky130_fd_sc_hd__nor2_1,combinational,csr,control,9,3,10,10,0.800000,0.200000,0.100000,0.800000,0.200000,0.333333,0.000000,0.216667,0.860000,csr,control
serv_synth_wrapper,_934_,sky130_fd_sc_hd__o21ai_0,combinational,csr,control,9,4,17,17,0.705882,0.294118,0.058824,0.705882,0.294118,0.250000,0.000000,0.234559,0.794118,csr,control
serv_synth_wrapper,_935_,sky130_fd_sc_hd__a21oi_1,combinational,generated_datapath,datapath,2,4,3,3,1.000000,0.000000,0.000000,0.000000,1.000000,0.000000,0.000000,0.500000,0.237500,csr,control
serv_synth_wrapper,_936_,sky130_fd_sc_hd__and2_1,combinational,decode_control,control,8,3,11,11,0.818182,0.181818,0.090909,0.818182,0.181818,0.333333,0.000000,0.207576,0.872727,generated_control,control
serv_synth_wrapper,_937_,sky130_fd_sc_hd__o21bai_2,combinational,generated_datapath,datapath,2,4,42,42,0.690476,0.261905,0.000000,0.261905,0.690476,0.750000,0.500000,0.682738,0.473810,generated_control,control
serv_synth_wrapper,_938_,sky130_fd_sc_hd__nand2_1,combinational,generated_control,control,1,3,13,13,0.846154,0.076923,0.153846,0.846154,0.076923,0.333333,0.333333,0.205128,0.876923,generated_control,control
serv_synth_wrapper,_939_,sky130_fd_sc_hd__a22o_1,combinational,generated_datapath,datapath,2,5,28,30,0.500000,0.433333,0.233333,0.433333,0.500000,0.400000,0.200000,0.420000,0.590000,generated_datapath,control
serv_synth_wrapper,_940_,sky130_fd_sc_hd__mux2_2,combinational,register_file,datapath,10,4,28,28,0.392857,0.535714,0.178571,0.535714,0.392857,0.250000,0.250000,0.321429,0.660714,generated_datapath,datapath
serv_synth_wrapper,_941_,sky130_fd_sc_hd__a21boi_0,combinational,generated_datapath,datapath,2,4,34,37,0.594595,0.324324,0.081081,0.324324,0.594595,0.250000,0.500000,0.459797,0.510811,generated_control,control
serv_synth_wrapper,_942_,sky130_fd_sc_hd__mux2_2,combinational,register_file,datapath,10,4,29,29,0.379310,0.551724,0.241379,0.551724,0.379310,0.250000,0.250000,0.314655,0.672414,generated_datapath,datapath
serv_synth_wrapper,_943_,sky130_fd_sc_hd__inv_1,inverter,generated_control,control,1,2,5,5,0.800000,0.200000,0.000000,0.800000,0.200000,0.000000,0.000000,0.100000,0.822500,generated_control,control
serv_synth_wrapper,_944_,sky130_fd_sc_hd__mux2_2,combinational,generated_control,control,1,4,47,47,0.702128,0.297872,0.234043,0.702128,0.297872,0.250000,0.250000,0.273936,0.791489,generated_control,control
serv_synth_wrapper,_945_,sky130_fd_sc_hd__mux2_2,combinational,generated_control,control,1,4,47,47,0.702128,0.297872,0.234043,0.702128,0.297872,0.250000,0.250000,0.273936,0.791489,generated_control,control
serv_synth_wrapper,_946_,sky130_fd_sc_hd__mux2_2,combinational,generated_control,control,1,4,47,47,0.702128,0.297872,0.234043,0.702128,0.297872,0.250000,0.250000,0.273936,0.791489,generated_control,control
serv_synth_wrapper,_947_,sky130_fd_sc_hd__inv_1,inverter,generated_control,control,1,2,7,7,0.285714,0.714286,0.142857,0.285714,0.714286,0.500000,0.000000,0.532143,0.487500,generated_datapath,datapath
serv_synth_wrapper,_948_,sky130_fd_sc_hd__fa_1,combinational,generated_datapath,datapath,2,5,5,5,0.600000,0.200000,0.200000,0.200000,0.600000,0.000000,0.000000,0.300000,0.362500,generated_control,control
serv_synth_wrapper,_949_,sky130_fd_sc_hd__fa_1,combinational,fetch,control,8,5,9,9,0.888889,0.111111,0.222222,0.888889,0.111111,0.000000,0.000000,0.055556,0.922222,fetch,control
serv_synth_wrapper,_950_,sky130_fd_sc_hd__fa_1,combinational,fetch,control,8,5,7,7,0.857143,0.142857,0.142857,0.857143,0.142857,0.000000,0.000000,0.071429,0.887500,fetch,control
serv_synth_wrapper,_951_,sky130_fd_sc_hd__fa_1,combinational,execute_alu,datapath,9,5,18,20,0.050000,0.950000,0.100000,0.950000,0.050000,0.200000,0.400000,0.155000,0.965000,execute_alu,datapath
serv_synth_wrapper,_952_,sky130_fd_sc_hd__ha_1,combinational,generated_datapath,datapath,2,4,14,14,0.642857,0.285714,0.071429,0.285714,0.642857,0.250000,0.250000,0.446429,0.485714,generated_control,control
serv_synth_wrapper,_953_,sky130_fd_sc_hd__ha_1,combinational,generated_datapath,datapath,2,4,16,21,0.666667,0.190476,0.095238,0.190476,0.666667,0.500000,0.500000,0.583333,0.404762,generated_control,control
serv_synth_wrapper,_954_,sky130_fd_sc_hd__ha_1,combinational,generated_datapath,datapath,2,4,6,6,0.666667,0.333333,0.000000,0.333333,0.666667,0.500000,0.000000,0.508333,0.508333,generated_control,control
serv_synth_wrapper,_955_,sky130_fd_sc_hd__ha_1,combinational,generated_datapath,datapath,2,4,6,6,0.500000,0.500000,0.000000,0.500000,0.500000,0.500000,0.000000,0.425000,0.625000,generated_control,control
serv_synth_wrapper,_956_,sky130_fd_sc_hd__ha_1,combinational,generated_datapath,datapath,2,4,9,9,0.666667,0.333333,0.222222,0.333333,0.666667,0.500000,0.000000,0.508333,0.533333,generated_control,control
serv_synth_wrapper,_957_,sky130_fd_sc_hd__ha_1,combinational,generated_datapath,datapath,2,4,12,12,0.916667,0.083333,0.000000,0.083333,0.916667,0.250000,0.000000,0.545833,0.358333,generated_control,control
serv_synth_wrapper,_958_,sky130_fd_sc_hd__ha_1,combinational,decode_control,control,8,4,12,12,0.833333,0.166667,0.083333,0.833333,0.166667,0.250000,0.250000,0.208333,0.883333,decode_control,control
serv_synth_wrapper,_959_,sky130_fd_sc_hd__ha_1,combinational,decode_control,control,8,4,13,13,1.000000,0.000000,0.153846,1.000000,0.000000,0.000000,0.250000,0.037500,1.000000,decode_control,control
serv_synth_wrapper,_960_,sky130_fd_sc_hd__ha_1,combinational,generated_datapath,datapath,2,4,30,31,0.451613,0.483871,0.129032,0.483871,0.451613,0.750000,0.250000,0.525806,0.625806,generated_datapath,datapath
serv_synth_wrapper,_962__1,sky130_fd_sc_hd__conb_1,combinational,unclassified,unknown,0,1,0,0,0.000000,0.000000,0.000000,0.000000,0.000000,0.000000,0.000000,0.000000,0.200000,none,none
serv_synth_wrapper,_963__2,sky130_fd_sc_hd__conb_1,combinational,unclassified,unknown,0,1,0,0,0.000000,0.000000,0.000000,0.000000,0.000000,0.000000,0.000000,0.000000,0.200000,none,none
serv_synth_wrapper,clkbuf_0_clk,sky130_fd_sc_hd__clkbuf_16,clock_buffer,clock_reset,control,11,2,16,16,1.000000,0.000000,1.000000,1.000000,0.000000,0.000000,0.500000,0.075000,1.000000,clock_reset,control
serv_synth_wrapper,clkbuf_4_0_0_clk,sky130_fd_sc_hd__clkbuf_16,clock_buffer,clock_reset,control,3,2,34,34,1.000000,0.000000,1.000000,1.000000,0.000000,0.000000,1.000000,0.150000,1.000000,clock_reset,control
serv_synth_wrapper,clkbuf_4_10_0_clk,sky130_fd_sc_hd__clkbuf_16,clock_buffer,clock_reset,control,3,2,31,31,1.000000,0.000000,0.967742,1.000000,0.000000,0.000000,1.000000,0.150000,1.000000,clock_reset,control
serv_synth_wrapper,clkbuf_4_11_0_clk,sky130_fd_sc_hd__clkbuf_16,clock_buffer,clock_reset,control,3,2,26,26,0.961538,0.038462,0.961538,0.961538,0.038462,0.500000,1.000000,0.344231,0.973077,clock_reset,control
serv_synth_wrapper,clkbuf_4_12_0_clk,sky130_fd_sc_hd__clkbuf_16,clock_buffer,clock_reset,control,3,2,24,24,0.875000,0.125000,1.000000,0.875000,0.125000,0.500000,1.000000,0.387500,0.912500,clock_reset,control
serv_synth_wrapper,clkbuf_4_13_0_clk,sky130_fd_sc_hd__clkbuf_16,clock_buffer,clock_reset,control,3,2,26,26,1.000000,0.000000,0.961538,1.000000,0.000000,0.000000,1.000000,0.150000,1.000000,clock_reset,control
serv_synth_wrapper,clkbuf_4_14_0_clk,sky130_fd_sc_hd__clkbuf_16,clock_buffer,clock_reset,control,3,2,26,26,0.769231,0.230769,0.961538,0.769231,0.230769,0.500000,1.000000,0.440385,0.838462,clock_reset,control
serv_synth_wrapper,clkbuf_4_15_0_clk,sky130_fd_sc_hd__clkbuf_16,clock_buffer,clock_reset,control,3,2,30,30,0.966667,0.033333,1.000000,0.966667,0.033333,0.500000,1.000000,0.341667,0.976667,clock_reset,control
serv_synth_wrapper,clkbuf_4_1_0_clk,sky130_fd_sc_hd__clkbuf_16,clock_buffer,clock_reset,control,3,2,27,27,1.000000,0.000000,0.962963,1.000000,0.000000,0.000000,1.000000,0.150000,1.000000,clock_reset,control
serv_synth_wrapper,clkbuf_4_2_0_clk,sky130_fd_sc_hd__clkbuf_16,clock_buffer,clock_reset,control,3,2,29,29,1.000000,0.000000,1.000000,1.000000,0.000000,0.000000,1.000000,0.150000,1.000000,clock_reset,control
serv_synth_wrapper,clkbuf_4_3_0_clk,sky130_fd_sc_hd__clkbuf_16,clock_buffer,clock_reset,control,3,2,26,26,1.000000,0.000000,0.961538,1.000000,0.000000,0.000000,1.000000,0.150000,1.000000,clock_reset,control
serv_synth_wrapper,clkbuf_4_4_0_clk,sky130_fd_sc_hd__clkbuf_16,clock_buffer,clock_reset,control,3,2,29,29,1.000000,0.000000,1.000000,1.000000,0.000000,0.000000,1.000000,0.150000,1.000000,clock_reset,control
serv_synth_wrapper,clkbuf_4_5_0_clk,sky130_fd_sc_hd__clkbuf_16,clock_buffer,clock_reset,control,3,2,30,30,1.000000,0.000000,1.000000,1.000000,0.000000,0.000000,1.000000,0.150000,1.000000,clock_reset,control
serv_synth_wrapper,clkbuf_4_6_0_clk,sky130_fd_sc_hd__clkbuf_16,clock_buffer,clock_reset,control,3,2,29,29,1.000000,0.000000,1.000000,1.000000,0.000000,0.000000,1.000000,0.150000,1.000000,clock_reset,control
serv_synth_wrapper,clkbuf_4_7_0_clk,sky130_fd_sc_hd__clkbuf_16,clock_buffer,clock_reset,control,3,2,34,34,1.000000,0.000000,1.000000,1.000000,0.000000,0.000000,1.000000,0.150000,1.000000,clock_reset,control
serv_synth_wrapper,clkbuf_4_8_0_clk,sky130_fd_sc_hd__clkbuf_16,clock_buffer,clock_reset,control,3,2,28,28,1.000000,0.000000,0.964286,1.000000,0.000000,0.000000,1.000000,0.150000,1.000000,clock_reset,control
serv_synth_wrapper,clkbuf_4_9_0_clk,sky130_fd_sc_hd__clkbuf_16,clock_buffer,clock_reset,control,3,2,23,23,1.000000,0.000000,1.000000,1.000000,0.000000,0.000000,0.500000,0.075000,1.000000,clock_reset,control
serv_synth_wrapper,clkload0,sky130_fd_sc_hd__clkbuf_1,clock_buffer,clock_reset,control,3,1,18,18,1.000000,0.000000,1.000000,1.000000,0.000000,0.000000,1.000000,0.150000,1.000000,pipeline_state,control
serv_synth_wrapper,clkload1,sky130_fd_sc_hd__inv_6,inverter,generated_control,control,1,1,11,11,1.000000,0.000000,1.000000,1.000000,0.000000,0.000000,1.000000,0.150000,1.000000,decode_control,control
serv_synth_wrapper,clkload10,sky130_fd_sc_hd__inv_8,inverter,generated_control,control,1,1,10,10,0.900000,0.100000,1.000000,0.900000,0.100000,1.000000,1.000000,0.550000,0.930000,pipeline_state,control
serv_synth_wrapper,clkload11,sky130_fd_sc_hd__clkinv_8,clock_buffer,clock_reset,control,3,1,8,8,0.625000,0.375000,1.000000,0.625000,0.375000,1.000000,1.000000,0.687500,0.737500,execute_alu,control
serv_synth_wrapper,clkload12,sky130_fd_sc_hd__inv_8,inverter,generated_control,control,1,1,10,10,1.000000,0.000000,1.000000,1.000000,0.000000,0.000000,1.000000,0.150000,1.000000,pipeline_state,control
serv_synth_wrapper,clkload13,sky130_fd_sc_hd__inv_8,inverter,generated_control,control,1,1,10,10,0.400000,0.600000,1.000000,0.400000,0.600000,1.000000,1.000000,0.800000,0.580000,register_file,datapath
serv_synth_wrapper,clkload14,sky130_fd_sc_hd__clkinvlp_4,clock_buffer,clock_reset,control,3,1,14,14,0.928571,0.071429,1.000000,0.928571,0.071429,1.000000,1.000000,0.535714,0.950000,pipeline_state,control
serv_synth_wrapper,clkload2,sky130_fd_sc_hd__clkinv_4,clock_buffer,clock_reset,control,3,1,13,13,1.000000,0.000000,1.000000,1.000000,0.000000,0.000000,1.000000,0.150000,1.000000,pipeline_state,control
serv_synth_wrapper,clkload3,sky130_fd_sc_hd__inv_8,inverter,generated_control,control,1,1,10,10,1.000000,0.000000,1.000000,1.000000,0.000000,0.000000,1.000000,0.150000,1.000000,pipeline_state,control
serv_synth_wrapper,clkload4,sky130_fd_sc_hd__clkinv_4,clock_buffer,clock_reset,control,3,1,13,13,1.000000,0.000000,1.000000,1.000000,0.000000,0.000000,1.000000,0.150000,1.000000,decode_control,control
serv_synth_wrapper,clkload5,sky130_fd_sc_hd__clkinvlp_4,clock_buffer,clock_reset,control,3,1,14,14,1.000000,0.000000,1.000000,1.000000,0.000000,0.000000,1.000000,0.150000,1.000000,decode_control,control
serv_synth_wrapper,clkload6,sky130_fd_sc_hd__clkinv_4,clock_buffer,clock_reset,control,3,1,13,13,1.000000,0.000000,1.000000,1.000000,0.000000,0.000000,1.000000,0.150000,1.000000,csr,control
serv_synth_wrapper,clkload7,sky130_fd_sc_hd__inv_6,inverter,generated_control,control,1,1,12,12,1.000000,0.000000,1.000000,1.000000,0.000000,0.000000,1.000000,0.150000,1.000000,pipeline_state,control
serv_synth_wrapper,clkload8,sky130_fd_sc_hd__clkinv_8,clock_buffer,clock_reset,control,3,1,7,7,1.000000,0.000000,1.000000,1.000000,0.000000,0.000000,0.000000,0.000000,0.987500,pipeline_state,control
serv_synth_wrapper,clkload9,sky130_fd_sc_hd__bufinv_16,buffer,generated_control,control,1,1,15,15,1.000000,0.000000,1.000000,1.000000,0.000000,0.000000,1.000000,0.150000,1.000000,pipeline_state,control
serv_synth_wrapper,cpu.alu.add_cy_r$_DFF_P_,sky130_fd_sc_hd__dfxtp_1,sequential,execute_alu,datapath,9,3,9,9,0.666667,0.333333,0.888889,0.333333,0.666667,0.333333,0.333333,0.500000,0.533333,execute_alu,control
serv_synth_wrapper,cpu.alu.cmp_r$_DFFE_PP_,sky130_fd_sc_hd__edfxtp_1,sequential,execute_alu,datapath,9,4,22,22,0.454545,0.545455,0.409091,0.545455,0.454545,0.000000,0.500000,0.302273,0.681818,execute_alu,datapath
serv_synth_wrapper,cpu.bufreg.c_r$_DFF_P_,sky130_fd_sc_hd__dfxtp_1,sequential,pipeline_state,control,3,3,8,8,0.875000,0.125000,0.875000,0.875000,0.125000,0.000000,0.000000,0.062500,0.912500,pipeline_state,control
serv_synth_wrapper,cpu.bufreg.data[0]$_DFFE_PP_,sky130_fd_sc_hd__edfxtp_1,sequential,pipeline_state,control,3,4,22,28,0.750000,0.250000,0.321429,0.750000,0.250000,0.750000,0.250000,0.425000,0.825000,generated_control,control
serv_synth_wrapper,cpu.bufreg.data[10]$_DFFE_PP_,sky130_fd_sc_hd__edfxtp_1,sequential,pipeline_state,control,3,4,38,47,0.978723,0.021277,0.851064,0.978723,0.021277,0.250000,0.500000,0.173138,0.985106,pipeline_state,control
serv_synth_wrapper,cpu.bufreg.data[11]$_DFFE_PP_,sky130_fd_sc_hd__edfxtp_1,sequential,pipeline_state,control,3,4,37,52,1.000000,0.000000,0.865385,1.000000,0.000000,0.000000,0.500000,0.075000,1.000000,pipeline_state,control
serv_synth_wrapper,cpu.bufreg.data[12]$_DFFE_PP_,sky130_fd_sc_hd__edfxtp_1,sequential,pipeline_state,control,3,4,37,52,1.000000,0.000000,0.865385,1.000000,0.000000,0.000000,0.500000,0.075000,1.000000,pipeline_state,control
serv_synth_wrapper,cpu.bufreg.data[13]$_DFFE_PP_,sky130_fd_sc_hd__edfxtp_1,sequential,pipeline_state,control,3,4,37,52,1.000000,0.000000,0.865385,1.000000,0.000000,0.000000,0.500000,0.075000,1.000000,pipeline_state,control
serv_synth_wrapper,cpu.bufreg.data[14]$_DFFE_PP_,sky130_fd_sc_hd__edfxtp_1,sequential,pipeline_state,control,3,4,37,52,1.000000,0.000000,0.865385,1.000000,0.000000,0.000000,0.500000,0.075000,1.000000,pipeline_state,control
serv_synth_wrapper,cpu.bufreg.data[15]$_DFFE_PP_,sky130_fd_sc_hd__edfxtp_1,sequential,pipeline_state,control,3,4,37,52,1.000000,0.000000,0.865385,1.000000,0.000000,0.000000,0.500000,0.075000,1.000000,pipeline_state,control
serv_synth_wrapper,cpu.bufreg.data[16]$_DFFE_PP_,sky130_fd_sc_hd__edfxtp_1,sequential,pipeline_state,control,3,4,37,52,1.000000,0.000000,0.865385,1.000000,0.000000,0.000000,0.500000,0.075000,1.000000,pipeline_state,control
serv_synth_wrapper,cpu.bufreg.data[17]$_DFFE_PP_,sky130_fd_sc_hd__edfxtp_1,sequential,pipeline_state,control,3,4,37,52,1.000000,0.000000,0.865385,1.000000,0.000000,0.000000,0.500000,0.075000,1.000000,pipeline_state,control
serv_synth_wrapper,cpu.bufreg.data[18]$_DFFE_PP_,sky130_fd_sc_hd__edfxtp_1,sequential,pipeline_state,control,3,4,37,52,1.000000,0.000000,0.865385,1.000000,0.000000,0.000000,0.500000,0.075000,1.000000,pipeline_state,control
serv_synth_wrapper,cpu.bufreg.data[19]$_DFFE_PP_,sky130_fd_sc_hd__edfxtp_1,sequential,pipeline_state,control,3,4,37,52,1.000000,0.000000,0.865385,1.000000,0.000000,0.000000,0.500000,0.075000,1.000000,pipeline_state,control
serv_synth_wrapper,cpu.bufreg.data[1]$_DFFE_PP_,sky130_fd_sc_hd__edfxtp_1,sequential,pipeline_state,control,3,4,20,22,0.772727,0.227273,0.409091,0.772727,0.227273,0.500000,0.250000,0.326136,0.840909,generated_control,control
serv_synth_wrapper,cpu.bufreg.data[20]$_DFFE_PP_,sky130_fd_sc_hd__edfxtp_1,sequential,pipeline_state,control,3,4,37,52,1.000000,0.000000,0.865385,1.000000,0.000000,0.000000,0.500000,0.075000,1.000000,pipeline_state,control
serv_synth_wrapper,cpu.bufreg.data[21]$_DFFE_PP_,sky130_fd_sc_hd__edfxtp_1,sequential,pipeline_state,control,3,4,37,52,1.000000,0.000000,0.865385,1.000000,0.000000,0.000000,0.500000,0.075000,1.000000,pipeline_state,control
serv_synth_wrapper,cpu.bufreg.data[22]$_DFFE_PP_,sky130_fd_sc_hd__edfxtp_1,sequential,pipeline_state,control,3,4,41,49,1.000000,0.000000,0.857143,1.000000,0.000000,0.000000,0.500000,0.075000,1.000000,pipeline_state,control
serv_synth_wrapper,cpu.bufreg.data[23]$_DFFE_PP_,sky130_fd_sc_hd__edfxtp_1,sequential,pipeline_state,control,3,4,37,52,1.000000,0.000000,0.865385,1.000000,0.000000,0.000000,0.500000,0.075000,1.000000,pipeline_state,control
serv_synth_wrapper,cpu.bufreg.data[24]$_DFFE_PP_,sky130_fd_sc_hd__edfxtp_1,sequential,pipeline_state,control,3,4,37,52,1.000000,0.000000,0.865385,1.000000,0.000000,0.000000,0.500000,0.075000,1.000000,pipeline_state,control
serv_synth_wrapper,cpu.bufreg.data[25]$_DFFE_PP_,sky130_fd_sc_hd__edfxtp_1,sequential,pipeline_state,control,3,4,41,49,1.000000,0.000000,0.857143,1.000000,0.000000,0.000000,0.500000,0.075000,1.000000,pipeline_state,control
serv_synth_wrapper,cpu.bufreg.data[26]$_DFFE_PP_,sky130_fd_sc_hd__edfxtp_1,sequential,pipeline_state,control,3,4,41,49,1.000000,0.000000,0.857143,1.000000,0.000000,0.000000,0.500000,0.075000,1.000000,pipeline_state,control
serv_synth_wrapper,cpu.bufreg.data[27]$_DFFE_PP_,sky130_fd_sc_hd__edfxtp_1,sequential,pipeline_state,control,3,4,41,49,1.000000,0.000000,0.857143,1.000000,0.000000,0.000000,0.500000,0.075000,1.000000,pipeline_state,control
serv_synth_wrapper,cpu.bufreg.data[28]$_DFFE_PP_,sky130_fd_sc_hd__edfxtp_1,sequential,pipeline_state,control,3,4,41,49,1.000000,0.000000,0.857143,1.000000,0.000000,0.000000,0.500000,0.075000,1.000000,pipeline_state,control
serv_synth_wrapper,cpu.bufreg.data[29]$_DFFE_PP_,sky130_fd_sc_hd__edfxtp_1,sequential,pipeline_state,control,3,4,41,49,1.000000,0.000000,0.857143,1.000000,0.000000,0.000000,0.500000,0.075000,1.000000,pipeline_state,control
serv_synth_wrapper,cpu.bufreg.data[2]$_DFFE_PP_,sky130_fd_sc_hd__edfxtp_1,sequential,pipeline_state,control,3,4,39,47,0.978723,0.021277,0.829787,0.978723,0.021277,0.250000,0.500000,0.173138,0.985106,pipeline_state,control
serv_synth_wrapper,cpu.bufreg.data[30]$_DFFE_PP_,sky130_fd_sc_hd__edfxtp_1,sequential,pipeline_state,control,3,4,42,50,1.000000,0.000000,0.840000,1.000000,0.000000,0.000000,0.500000,0.075000,1.000000,pipeline_state,control
serv_synth_wrapper,cpu.bufreg.data[31]$_DFFE_PP_,sky130_fd_sc_hd__edfxtp_1,sequential,pipeline_state,control,3,4,43,44,0.977273,0.022727,0.840909,0.977273,0.022727,0.000000,0.250000,0.048864,0.984091,pipeline_state,control
serv_synth_wrapper,cpu.bufreg.data[3]$_DFFE_PP_,sky130_fd_sc_hd__edfxtp_1,sequential,pipeline_state,control,3,4,38,47,0.978723,0.021277,0.851064,0.978723,0.021277,0.250000,0.500000,0.173138,0.985106,pipeline_state,control
serv_synth_wrapper,cpu.bufreg.data[4]$_DFFE_PP_,sky130_fd_sc_hd__edfxtp_1,sequential,pipeline_state,control,3,4,38,47,0.978723,0.021277,0.851064,0.978723,0.021277,0.250000,0.500000,0.173138,0.985106,pipeline_state,control
serv_synth_wrapper,cpu.bufreg.data[5]$_DFFE_PP_,sky130_fd_sc_hd__edfxtp_1,sequential,pipeline_state,control,3,4,38,47,0.978723,0.021277,0.851064,0.978723,0.021277,0.250000,0.500000,0.173138,0.985106,pipeline_state,control
serv_synth_wrapper,cpu.bufreg.data[6]$_DFFE_PP_,sky130_fd_sc_hd__edfxtp_1,sequential,pipeline_state,control,3,4,38,47,0.978723,0.021277,0.851064,0.978723,0.021277,0.250000,0.500000,0.173138,0.985106,pipeline_state,control
serv_synth_wrapper,cpu.bufreg.data[7]$_DFFE_PP_,sky130_fd_sc_hd__edfxtp_1,sequential,pipeline_state,control,3,4,38,47,0.978723,0.021277,0.851064,0.978723,0.021277,0.250000,0.500000,0.173138,0.985106,pipeline_state,control
serv_synth_wrapper,cpu.bufreg.data[8]$_DFFE_PP_,sky130_fd_sc_hd__edfxtp_1,sequential,pipeline_state,control,3,4,37,52,1.000000,0.000000,0.865385,1.000000,0.000000,0.000000,0.500000,0.075000,1.000000,pipeline_state,control
serv_synth_wrapper,cpu.bufreg.data[9]$_DFFE_PP_,sky130_fd_sc_hd__edfxtp_1,sequential,pipeline_state,control,3,4,38,47,0.978723,0.021277,0.851064,0.978723,0.021277,0.250000,0.500000,0.173138,0.985106,pipeline_state,control
serv_synth_wrapper,cpu.bufreg2.dhi[0]$_DFFE_PP_,sky130_fd_sc_hd__edfxtp_1,sequential,pipeline_state,control,3,4,25,27,0.962963,0.037037,0.740741,0.962963,0.037037,0.000000,0.500000,0.093519,0.974074,pipeline_state,control
serv_synth_wrapper,cpu.bufreg2.dhi[1]$_DFFE_PP_,sky130_fd_sc_hd__edfxtp_1,sequential,pipeline_state,control,3,4,24,26,0.923077,0.076923,0.769231,0.923077,0.076923,0.250000,0.500000,0.200962,0.946154,pipeline_state,control
serv_synth_wrapper,cpu.bufreg2.dhi[2]$_DFFE_PP_,sky130_fd_sc_hd__edfxtp_1,sequential,pipeline_state,control,3,4,23,26,0.884615,0.115385,0.692308,0.884615,0.115385,0.250000,0.500000,0.220192,0.919231,pipeline_state,control
serv_synth_wrapper,cpu.bufreg2.dhi[3]$_DFFE_PP_,sky130_fd_sc_hd__edfxtp_1,sequential,pipeline_state,control,3,4,23,26,0.884615,0.115385,0.692308,0.884615,0.115385,0.250000,0.500000,0.220192,0.919231,pipeline_state,control
serv_synth_wrapper,cpu.bufreg2.dhi[4]$_DFFE_PP_,sky130_fd_sc_hd__edfxtp_1,sequential,pipeline_state,control,3,4,20,20,0.900000,0.100000,0.700000,0.900000,0.100000,0.250000,0.250000,0.175000,0.930000,pipeline_state,control
serv_synth_wrapper,cpu.bufreg2.dhi[5]$_DFFE_PP_,sky130_fd_sc_hd__edfxtp_1,sequential,pipeline_state,control,3,4,23,25,0.880000,0.120000,0.800000,0.880000,0.120000,0.250000,0.500000,0.222500,0.916000,pipeline_state,control
serv_synth_wrapper,cpu.bufreg2.dhi[6]$_DFFE_PP_,sky130_fd_sc_hd__edfxtp_1,sequential,pipeline_state,control,3,4,20,23,1.000000,0.000000,0.782609,1.000000,0.000000,0.000000,0.500000,0.075000,1.000000,pipeline_state,control
serv_synth_wrapper,cpu.bufreg2.dhi[7]$_DFFE_PP_,sky130_fd_sc_hd__edfxtp_1,sequential,pipeline_state,control,3,4,20,23,1.000000,0.000000,0.782609,1.000000,0.000000,0.000000,0.500000,0.075000,1.000000,pipeline_state,control
serv_synth_wrapper,cpu.bufreg2.dlo[0]$_DFFE_PP_,sky130_fd_sc_hd__edfxtp_1,sequential,pipeline_state,control,3,4,33,40,1.000000,0.000000,0.900000,1.000000,0.000000,0.000000,0.500000,0.075000,1.000000,pipeline_state,control
serv_synth_wrapper,cpu.bufreg2.dlo[10]$_DFFE_PP_,sky130_fd_sc_hd__edfxtp_1,sequential,pipeline_state,control,3,4,30,45,1.000000,0.000000,0.911111,1.000000,0.000000,0.000000,0.500000,0.075000,1.000000,pipeline_state,control
serv_synth_wrapper,cpu.bufreg2.dlo[11]$_DFFE_PP_,sky130_fd_sc_hd__edfxtp_1,sequential,pipeline_state,control,3,4,30,45,1.000000,0.000000,0.911111,1.000000,0.000000,0.000000,0.500000,0.075000,1.000000,pipeline_state,control
serv_synth_wrapper,cpu.bufreg2.dlo[12]$_DFFE_PP_,sky130_fd_sc_hd__edfxtp_1,sequential,pipeline_state,control,3,4,30,45,1.000000,0.000000,0.911111,1.000000,0.000000,0.000000,0.500000,0.075000,1.000000,pipeline_state,control
serv_synth_wrapper,cpu.bufreg2.dlo[13]$_DFFE_PP_,sky130_fd_sc_hd__edfxtp_1,sequential,pipeline_state,control,3,4,30,45,1.000000,0.000000,0.911111,1.000000,0.000000,0.000000,0.500000,0.075000,1.000000,pipeline_state,control
serv_synth_wrapper,cpu.bufreg2.dlo[14]$_DFFE_PP_,sky130_fd_sc_hd__edfxtp_1,sequential,pipeline_state,control,3,4,30,45,1.000000,0.000000,0.911111,1.000000,0.000000,0.000000,0.500000,0.075000,1.000000,pipeline_state,control
serv_synth_wrapper,cpu.bufreg2.dlo[15]$_DFFE_PP_,sky130_fd_sc_hd__edfxtp_1,sequential,pipeline_state,control,3,4,30,45,1.000000,0.000000,0.911111,1.000000,0.000000,0.000000,0.500000,0.075000,1.000000,pipeline_state,control
serv_synth_wrapper,cpu.bufreg2.dlo[16]$_DFFE_PP_,sky130_fd_sc_hd__edfxtp_1,sequential,pipeline_state,control,3,4,31,46,1.000000,0.000000,0.891304,1.000000,0.000000,0.000000,0.500000,0.075000,1.000000,pipeline_state,control
serv_synth_wrapper,cpu.bufreg2.dlo[17]$_DFFE_PP_,sky130_fd_sc_hd__edfxtp_1,sequential,pipeline_state,control,3,4,30,45,1.000000,0.000000,0.911111,1.000000,0.000000,0.000000,0.500000,0.075000,1.000000,pipeline_state,control
serv_synth_wrapper,cpu.bufreg2.dlo[18]$_DFFE_PP_,sky130_fd_sc_hd__edfxtp_1,sequential,pipeline_state,control,3,4,30,45,1.000000,0.000000,0.911111,1.000000,0.000000,0.000000,0.500000,0.075000,1.000000,pipeline_state,control
serv_synth_wrapper,cpu.bufreg2.dlo[19]$_DFFE_PP_,sky130_fd_sc_hd__edfxtp_1,sequential,pipeline_state,control,3,4,30,45,1.000000,0.000000,0.911111,1.000000,0.000000,0.000000,0.500000,0.075000,1.000000,pipeline_state,control
serv_synth_wrapper,cpu.bufreg2.dlo[1]$_DFFE_PP_,sky130_fd_sc_hd__edfxtp_1,sequential,pipeline_state,control,3,4,33,40,1.000000,0.000000,0.900000,1.000000,0.000000,0.000000,0.500000,0.075000,1.000000,pipeline_state,control
serv_synth_wrapper,cpu.bufreg2.dlo[20]$_DFFE_PP_,sky130_fd_sc_hd__edfxtp_1,sequential,pipeline_state,control,3,4,30,45,1.000000,0.000000,0.911111,1.000000,0.000000,0.000000,0.500000,0.075000,1.000000,pipeline_state,control
serv_synth_wrapper,cpu.bufreg2.dlo[21]$_DFFE_PP_,sky130_fd_sc_hd__edfxtp_1,sequential,pipeline_state,control,3,4,30,45,1.000000,0.000000,0.911111,1.000000,0.000000,0.000000,0.500000,0.075000,1.000000,pipeline_state,control
serv_synth_wrapper,cpu.bufreg2.dlo[22]$_DFFE_PP_,sky130_fd_sc_hd__edfxtp_1,sequential,pipeline_state,control,3,4,30,45,1.000000,0.000000,0.911111,1.000000,0.000000,0.000000,0.500000,0.075000,1.000000,pipeline_state,control
serv_synth_wrapper,cpu.bufreg2.dlo[23]$_DFFE_PP_,sky130_fd_sc_hd__edfxtp_1,sequential,pipeline_state,control,3,4,30,45,0.977778,0.022222,0.911111,0.977778,0.022222,0.000000,0.500000,0.086111,0.984444,pipeline_state,control
serv_synth_wrapper,cpu.bufreg2.dlo[2]$_DFFE_PP_,sky130_fd_sc_hd__edfxtp_1,sequential,pipeline_state,control,3,4,33,40,1.000000,0.000000,0.900000,1.000000,0.000000,0.000000,0.500000,0.075000,1.000000,pipeline_state,control
serv_synth_wrapper,cpu.bufreg2.dlo[3]$_DFFE_PP_,sky130_fd_sc_hd__edfxtp_1,sequential,pipeline_state,control,3,4,33,40,1.000000,0.000000,0.900000,1.000000,0.000000,0.000000,0.500000,0.075000,1.000000,pipeline_state,control
serv_synth_wrapper,cpu.bufreg2.dlo[4]$_DFFE_PP_,sky130_fd_sc_hd__edfxtp_1,sequential,pipeline_state,control,3,4,33,40,1.000000,0.000000,0.900000,1.000000,0.000000,0.000000,0.500000,0.075000,1.000000,pipeline_state,control
serv_synth_wrapper,cpu.bufreg2.dlo[5]$_DFFE_PP_,sky130_fd_sc_hd__edfxtp_1,sequential,pipeline_state,control,3,4,30,45,1.000000,0.000000,0.911111,1.000000,0.000000,0.000000,0.500000,0.075000,1.000000,pipeline_state,control
serv_synth_wrapper,cpu.bufreg2.dlo[6]$_DFFE_PP_,sky130_fd_sc_hd__edfxtp_1,sequential,pipeline_state,control,3,4,30,45,1.000000,0.000000,0.911111,1.000000,0.000000,0.000000,0.500000,0.075000,1.000000,pipeline_state,control
serv_synth_wrapper,cpu.bufreg2.dlo[7]$_DFFE_PP_,sky130_fd_sc_hd__edfxtp_1,sequential,pipeline_state,control,3,4,33,40,1.000000,0.000000,0.900000,1.000000,0.000000,0.000000,0.500000,0.075000,1.000000,pipeline_state,control
serv_synth_wrapper,cpu.bufreg2.dlo[8]$_DFFE_PP_,sky130_fd_sc_hd__edfxtp_1,sequential,pipeline_state,control,3,4,34,41,1.000000,0.000000,0.878049,1.000000,0.000000,0.000000,0.500000,0.075000,1.000000,pipeline_state,control
serv_synth_wrapper,cpu.bufreg2.dlo[9]$_DFFE_PP_,sky130_fd_sc_hd__edfxtp_1,sequential,pipeline_state,control,3,4,33,40,1.000000,0.000000,0.900000,1.000000,0.000000,0.000000,0.500000,0.075000,1.000000,pipeline_state,control
serv_synth_wrapper,cpu.ctrl.o_ibus_adr[0]$_SDFFCE_PP0P_,sky130_fd_sc_hd__edfxtp_1,sequential,decode_control,control,8,4,39,50,1.000000,0.000000,0.880000,1.000000,0.000000,0.000000,0.500000,0.075000,1.000000,decode_control,control
serv_synth_wrapper,cpu.ctrl.o_ibus_adr[10]$_SDFFCE_PP0P_,sky130_fd_sc_hd__edfxtp_1,sequential,decode_control,control,8,4,37,49,1.000000,0.000000,0.918367,1.000000,0.000000,0.000000,0.500000,0.075000,1.000000,decode_control,control
serv_synth_wrapper,cpu.ctrl.o_ibus_adr[11]$_SDFFCE_PP0P_,sky130_fd_sc_hd__edfxtp_1,sequential,decode_control,control,8,4,37,49,1.000000,0.000000,0.918367,1.000000,0.000000,0.000000,0.500000,0.075000,1.000000,decode_control,control
serv_synth_wrapper,cpu.ctrl.o_ibus_adr[12]$_SDFFCE_PP0P_,sky130_fd_sc_hd__edfxtp_1,sequential,decode_control,control,8,4,37,49,1.000000,0.000000,0.918367,1.000000,0.000000,0.000000,0.500000,0.075000,1.000000,decode_control,control
serv_synth_wrapper,cpu.ctrl.o_ibus_adr[13]$_SDFFCE_PP0P_,sky130_fd_sc_hd__edfxtp_1,sequential,decode_control,control,8,4,37,49,1.000000,0.000000,0.918367,1.000000,0.000000,0.000000,0.500000,0.075000,1.000000,decode_control,control
serv_synth_wrapper,cpu.ctrl.o_ibus_adr[14]$_SDFFCE_PP0P_,sky130_fd_sc_hd__edfxtp_1,sequential,decode_control,control,8,4,37,49,1.000000,0.000000,0.918367,1.000000,0.000000,0.000000,0.500000,0.075000,1.000000,decode_control,control
serv_synth_wrapper,cpu.ctrl.o_ibus_adr[15]$_SDFFCE_PP0P_,sky130_fd_sc_hd__edfxtp_1,sequential,decode_control,control,8,4,37,49,1.000000,0.000000,0.918367,1.000000,0.000000,0.000000,0.500000,0.075000,1.000000,decode_control,control
serv_synth_wrapper,cpu.ctrl.o_ibus_adr[16]$_SDFFCE_PP0P_,sky130_fd_sc_hd__edfxtp_1,sequential,decode_control,control,8,4,37,49,1.000000,0.000000,0.918367,1.000000,0.000000,0.000000,0.500000,0.075000,1.000000,decode_control,control
serv_synth_wrapper,cpu.ctrl.o_ibus_adr[17]$_SDFFCE_PP0P_,sky130_fd_sc_hd__edfxtp_1,sequential,decode_control,control,8,4,37,49,1.000000,0.000000,0.918367,1.000000,0.000000,0.000000,0.500000,0.075000,1.000000,decode_control,control
serv_synth_wrapper,cpu.ctrl.o_ibus_adr[18]$_SDFFCE_PP0P_,sky130_fd_sc_hd__edfxtp_1,sequential,decode_control,control,8,4,37,48,1.000000,0.000000,0.916667,1.000000,0.000000,0.000000,0.500000,0.075000,1.000000,decode_control,control
serv_synth_wrapper,cpu.ctrl.o_ibus_adr[19]$_SDFFCE_PP0P_,sky130_fd_sc_hd__edfxtp_1,sequential,decode_control,control,8,4,37,48,1.000000,0.000000,0.916667,1.000000,0.000000,0.000000,0.500000,0.075000,1.000000,decode_control,control
serv_synth_wrapper,cpu.ctrl.o_ibus_adr[1]$_SDFFCE_PP0P_,sky130_fd_sc_hd__edfxtp_1,sequential,decode_control,control,8,4,37,48,1.000000,0.000000,0.916667,1.000000,0.000000,0.000000,0.500000,0.075000,1.000000,decode_control,control
serv_synth_wrapper,cpu.ctrl.o_ibus_adr[20]$_SDFFCE_PP0P_,sky130_fd_sc_hd__edfxtp_1,sequential,decode_control,control,8,4,37,48,1.000000,0.000000,0.916667,1.000000,0.000000,0.000000,0.500000,0.075000,1.000000,decode_control,control
serv_synth_wrapper,cpu.ctrl.o_ibus_adr[21]$_SDFFCE_PP0P_,sky130_fd_sc_hd__edfxtp_1,sequential,decode_control,control,8,4,37,48,1.000000,0.000000,0.916667,1.000000,0.000000,0.000000,0.500000,0.075000,1.000000,decode_control,control
serv_synth_wrapper,cpu.ctrl.o_ibus_adr[22]$_SDFFCE_PP0P_,sky130_fd_sc_hd__edfxtp_1,sequential,decode_control,control,8,4,37,48,1.000000,0.000000,0.916667,1.000000,0.000000,0.000000,0.500000,0.075000,1.000000,decode_control,control
serv_synth_wrapper,cpu.ctrl.o_ibus_adr[23]$_SDFFCE_PP0P_,sky130_fd_sc_hd__edfxtp_1,sequential,decode_control,control,8,4,37,48,1.000000,0.000000,0.916667,1.000000,0.000000,0.000000,0.500000,0.075000,1.000000,decode_control,control
serv_synth_wrapper,cpu.ctrl.o_ibus_adr[24]$_SDFFCE_PP0P_,sky130_fd_sc_hd__edfxtp_1,sequential,decode_control,control,8,4,40,46,1.000000,0.000000,0.891304,1.000000,0.000000,0.000000,0.500000,0.075000,1.000000,decode_control,control
serv_synth_wrapper,cpu.ctrl.o_ibus_adr[25]$_SDFFCE_PP0P_,sky130_fd_sc_hd__edfxtp_1,sequential,decode_control,control,8,4,40,46,1.000000,0.000000,0.891304,1.000000,0.000000,0.000000,0.500000,0.075000,1.000000,decode_control,control
serv_synth_wrapper,cpu.ctrl.o_ibus_adr[26]$_SDFFCE_PP0P_,sky130_fd_sc_hd__edfxtp_1,sequential,decode_control,control,8,4,40,46,1.000000,0.000000,0.891304,1.000000,0.000000,0.000000,0.500000,0.075000,1.000000,decode_control,control
serv_synth_wrapper,cpu.ctrl.o_ibus_adr[27]$_SDFFCE_PP0P_,sky130_fd_sc_hd__edfxtp_1,sequential,decode_control,control,8,4,40,46,1.000000,0.000000,0.891304,1.000000,0.000000,0.000000,0.500000,0.075000,1.000000,decode_control,control
serv_synth_wrapper,cpu.ctrl.o_ibus_adr[28]$_SDFFCE_PP0P_,sky130_fd_sc_hd__edfxtp_1,sequential,decode_control,control,8,4,40,46,1.000000,0.000000,0.891304,1.000000,0.000000,0.000000,0.500000,0.075000,1.000000,decode_control,control
serv_synth_wrapper,cpu.ctrl.o_ibus_adr[29]$_SDFFCE_PP0P_,sky130_fd_sc_hd__edfxtp_1,sequential,decode_control,control,8,4,40,46,1.000000,0.000000,0.891304,1.000000,0.000000,0.000000,0.500000,0.075000,1.000000,decode_control,control
serv_synth_wrapper,cpu.ctrl.o_ibus_adr[2]$_SDFFCE_PP0P_,sky130_fd_sc_hd__edfxtp_1,sequential,decode_control,control,8,4,37,48,1.000000,0.000000,0.916667,1.000000,0.000000,0.000000,0.500000,0.075000,1.000000,decode_control,control
serv_synth_wrapper,cpu.ctrl.o_ibus_adr[30]$_SDFFCE_PP0P_,sky130_fd_sc_hd__edfxtp_1,sequential,decode_control,control,8,4,40,46,1.000000,0.000000,0.891304,1.000000,0.000000,0.000000,0.500000,0.075000,1.000000,decode_control,control
serv_synth_wrapper,cpu.ctrl.o_ibus_adr[31]$_SDFFCE_PP0P_,sky130_fd_sc_hd__edfxtp_1,sequential,decode_control,control,8,4,37,48,0.979167,0.020833,0.916667,0.979167,0.020833,0.000000,0.500000,0.085417,0.985417,decode_control,control
serv_synth_wrapper,cpu.ctrl.o_ibus_adr[3]$_SDFFCE_PP0P_,sky130_fd_sc_hd__edfxtp_1,sequential,decode_control,control,8,4,37,48,1.000000,0.000000,0.916667,1.000000,0.000000,0.000000,0.500000,0.075000,1.000000,decode_control,control
serv_synth_wrapper,cpu.ctrl.o_ibus_adr[4]$_SDFFCE_PP0P_,sky130_fd_sc_hd__edfxtp_1,sequential,decode_control,control,8,4,37,48,1.000000,0.000000,0.916667,1.000000,0.000000,0.000000,0.500000,0.075000,1.000000,decode_control,control
serv_synth_wrapper,cpu.ctrl.o_ibus_adr[5]$_SDFFCE_PP0P_,sky130_fd_sc_hd__edfxtp_1,sequential,decode_control,control,8,4,37,49,1.000000,0.000000,0.918367,1.000000,0.000000,0.000000,0.500000,0.075000,1.000000,decode_control,control
serv_synth_wrapper,cpu.ctrl.o_ibus_adr[6]$_SDFFCE_PP0P_,sky130_fd_sc_hd__edfxtp_1,sequential,decode_control,control,8,4,37,49,1.000000,0.000000,0.918367,1.000000,0.000000,0.000000,0.500000,0.075000,1.000000,decode_control,control
serv_synth_wrapper,cpu.ctrl.o_ibus_adr[7]$_SDFFCE_PP0P_,sky130_fd_sc_hd__edfxtp_1,sequential,decode_control,control,8,4,37,49,1.000000,0.000000,0.918367,1.000000,0.000000,0.000000,0.500000,0.075000,1.000000,decode_control,control
serv_synth_wrapper,cpu.ctrl.o_ibus_adr[8]$_SDFFCE_PP0P_,sky130_fd_sc_hd__edfxtp_1,sequential,decode_control,control,8,4,37,49,1.000000,0.000000,0.918367,1.000000,0.000000,0.000000,0.500000,0.075000,1.000000,decode_control,control
serv_synth_wrapper,cpu.ctrl.o_ibus_adr[9]$_SDFFCE_PP0P_,sky130_fd_sc_hd__edfxtp_1,sequential,decode_control,control,8,4,37,49,1.000000,0.000000,0.918367,1.000000,0.000000,0.000000,0.500000,0.075000,1.000000,decode_control,control
serv_synth_wrapper,cpu.ctrl.pc_plus_4_cy_r$_DFF_P_,sky130_fd_sc_hd__dfxtp_1,sequential,fetch,control,8,3,14,14,1.000000,0.000000,0.928571,1.000000,0.000000,0.000000,0.333333,0.050000,1.000000,csr,control
serv_synth_wrapper,cpu.ctrl.pc_plus_offset_cy_r$_DFF_P_,sky130_fd_sc_hd__dfxtp_1,sequential,fetch,control,8,3,9,9,0.666667,0.333333,0.888889,0.666667,0.333333,0.333333,0.333333,0.333333,0.766667,clock_reset,control
serv_synth_wrapper,cpu.decode.funct3[0]$_DFFE_PP_,sky130_fd_sc_hd__edfxtp_1,sequential,decode_control,control,8,4,42,44,0.863636,0.136364,0.431818,0.863636,0.136364,0.750000,0.750000,0.443182,0.904545,decode_control,control
serv_synth_wrapper,cpu.decode.funct3[1]$_DFFE_PP_,sky130_fd_sc_hd__edfxtp_1,sequential,decode_control,control,8,4,47,49,0.857143,0.142857,0.387755,0.857143,0.142857,0.750000,0.750000,0.446429,0.900000,decode_control,control
serv_synth_wrapper,cpu.decode.funct3[2]$_DFFE_PP_,sky130_fd_sc_hd__edfxtp_1,sequential,execute_alu,datapath,9,4,23,24,0.875000,0.125000,0.541667,0.125000,0.875000,0.250000,0.500000,0.600000,0.387500,generated_control,control
serv_synth_wrapper,cpu.decode.imm30$_DFFE_PP_,sky130_fd_sc_hd__edfxtp_1,sequential,decode_control,control,8,4,57,58,0.724138,0.275862,0.379310,0.724138,0.275862,0.750000,0.500000,0.475431,0.806897,generated_control,control
serv_synth_wrapper,cpu.decode.op20$_DFFE_PP_,sky130_fd_sc_hd__edfxtp_1,sequential,decode_control,control,8,4,64,65,0.769231,0.230769,0.338462,0.769231,0.230769,0.500000,0.750000,0.402885,0.838462,generated_control,control
serv_synth_wrapper,cpu.decode.op21$_DFFE_PP_,sky130_fd_sc_hd__edfxtp_1,sequential,decode_control,control,8,4,57,57,0.736842,0.263158,0.298246,0.736842,0.263158,0.500000,0.500000,0.381579,0.815789,generated_control,control
serv_synth_wrapper,cpu.decode.op22$_DFFE_PP_,sky130_fd_sc_hd__edfxtp_1,sequential,decode_control,control,8,4,58,62,0.774194,0.225806,0.419355,0.774194,0.225806,0.250000,0.500000,0.275403,0.841935,generated_control,control
serv_synth_wrapper,cpu.decode.op26$_DFFE_PP_,sky130_fd_sc_hd__edfxtp_1,sequential,decode_control,control,8,4,61,65,0.784615,0.215385,0.400000,0.784615,0.215385,0.250000,0.500000,0.270192,0.849231,generated_control,control
serv_synth_wrapper,cpu.decode.opcode[0]$_DFFE_PP_,sky130_fd_sc_hd__edfxtp_1,sequential,decode_control,control,8,4,31,33,0.787879,0.212121,0.424242,0.787879,0.212121,0.500000,0.750000,0.393561,0.851515,decode_control,control
serv_synth_wrapper,cpu.decode.opcode[1]$_DFFE_PP_,sky130_fd_sc_hd__edfxtp_1,sequential,decode_control,control,8,4,25,27,0.740741,0.259259,0.518519,0.740741,0.259259,0.500000,0.500000,0.379630,0.818519,generated_control,control
serv_synth_wrapper,cpu.decode.opcode[2]$_DFFE_PP_,sky130_fd_sc_hd__edfxtp_1,sequential,decode_control,control,8,4,58,62,0.774194,0.225806,0.419355,0.774194,0.225806,0.250000,0.500000,0.275403,0.841935,generated_control,control
serv_synth_wrapper,cpu.decode.opcode[3]$_DFFE_PP_,sky130_fd_sc_hd__edfxtp_1,sequential,decode_control,control,8,4,69,73,0.767123,0.219178,0.356164,0.767123,0.219178,0.500000,0.750000,0.397089,0.834247,generated_control,control
serv_synth_wrapper,cpu.decode.opcode[4]$_DFFE_PP_,sky130_fd_sc_hd__edfxtp_1,sequential,decode_control,control,8,4,58,62,0.774194,0.225806,0.419355,0.774194,0.225806,0.250000,0.500000,0.275403,0.841935,generated_control,control
serv_synth_wrapper,cpu.gen_csr.csr.mcause31$_DFFE_PP_,sky130_fd_sc_hd__edfxtp_1,sequential,csr,control,9,4,10,10,0.700000,0.300000,0.800000,0.700000,0.300000,0.250000,0.250000,0.275000,0.790000,clock_reset,control
serv_synth_wrapper,cpu.gen_csr.csr.mcause3_0[0]$_DFFE_PP_,sky130_fd_sc_hd__edfxtp_1,sequential,csr,control,9,4,16,19,0.947368,0.000000,0.842105,0.947368,0.000000,0.000000,0.250000,0.037500,0.952632,csr,control
serv_synth_wrapper,cpu.gen_csr.csr.mcause3_0[1]$_DFFE_PP_,sky130_fd_sc_hd__edfxtp_1,sequential,csr,control,9,4,16,19,0.947368,0.000000,0.842105,0.947368,0.000000,0.000000,0.250000,0.037500,0.952632,csr,control
serv_synth_wrapper,cpu.gen_csr.csr.mcause3_0[2]$_DFFE_PP_,sky130_fd_sc_hd__edfxtp_1,sequential,csr,control,9,4,16,19,0.947368,0.000000,0.842105,0.947368,0.000000,0.000000,0.250000,0.037500,0.952632,csr,control
serv_synth_wrapper,cpu.gen_csr.csr.mcause3_0[3]$_DFFE_PP_,sky130_fd_sc_hd__edfxtp_1,sequential,csr,control,9,4,16,19,0.947368,0.000000,0.842105,0.947368,0.000000,0.000000,0.250000,0.037500,0.952632,csr,control
serv_synth_wrapper,cpu.gen_csr.csr.mie_mtie$_SDFFE_PP0P_,sky130_fd_sc_hd__dfxtp_1,sequential,csr,control,9,3,15,15,1.000000,0.000000,0.866667,1.000000,0.000000,0.000000,0.333333,0.050000,1.000000,csr,control
serv_synth_wrapper,cpu.gen_csr.csr.mstatus_mie$_DFFE_PP_,sky130_fd_sc_hd__edfxtp_1,sequential,csr,control,9,4,21,21,1.000000,0.000000,0.857143,1.000000,0.000000,0.000000,0.250000,0.037500,1.000000,pipeline_state,control
serv_synth_wrapper,cpu.gen_csr.csr.mstatus_mpie$_DFFE_PP_,sky130_fd_sc_hd__edfxtp_1,sequential,csr,control,9,4,20,20,1.000000,0.000000,0.900000,1.000000,0.000000,0.000000,0.250000,0.037500,1.000000,pipeline_state,control
serv_synth_wrapper,cpu.gen_csr.csr.o_new_irq$_SDFFE_PP0P_,sky130_fd_sc_hd__dfxtp_1,sequential,csr,control,9,3,22,22,1.000000,0.000000,0.590909,1.000000,0.000000,0.000000,0.666667,0.100000,1.000000,csr,control
serv_synth_wrapper,cpu.gen_csr.csr.timer_irq_r$_DFFE_PP_,sky130_fd_sc_hd__edfxtp_1,sequential,csr,control,9,4,56,56,0.750000,0.250000,0.375000,0.750000,0.250000,0.250000,0.500000,0.287500,0.825000,generated_control,control
serv_synth_wrapper,cpu.immdec.gen_immdec_w_eq_1.imm11_7[0]$_DFFE_PP_,sky130_fd_sc_hd__edfxtp_1,sequential,pipeline_state,control,3,4,23,27,0.925926,0.037037,0.814815,0.925926,0.037037,0.000000,0.250000,0.056019,0.940741,pipeline_state,control
serv_synth_wrapper,cpu.immdec.gen_immdec_w_eq_1.imm11_7[1]$_DFFE_PP_,sky130_fd_sc_hd__edfxtp_1,sequential,pipeline_state,control,3,4,22,26,1.000000,0.000000,0.846154,1.000000,0.000000,0.000000,0.250000,0.037500,1.000000,pipeline_state,control
serv_synth_wrapper,cpu.immdec.gen_immdec_w_eq_1.imm11_7[2]$_DFFE_PP_,sky130_fd_sc_hd__edfxtp_1,sequential,pipeline_state,control,3,4,23,27,1.000000,0.000000,0.814815,1.000000,0.000000,0.000000,0.250000,0.037500,1.000000,pipeline_state,control
serv_synth_wrapper,cpu.immdec.gen_immdec_w_eq_1.imm11_7[3]$_DFFE_PP_,sky130_fd_sc_hd__edfxtp_1,sequential,pipeline_state,control,3,4,23,27,1.000000,0.000000,0.814815,1.000000,0.000000,0.000000,0.250000,0.037500,1.000000,pipeline_state,control
serv_synth_wrapper,cpu.immdec.gen_immdec_w_eq_1.imm11_7[4]$_DFFE_PP_,sky130_fd_sc_hd__edfxtp_1,sequential,pipeline_state,control,3,4,23,27,1.000000,0.000000,0.814815,1.000000,0.000000,0.000000,0.250000,0.037500,1.000000,pipeline_state,control
serv_synth_wrapper,cpu.immdec.gen_immdec_w_eq_1.imm19_12_20[0]$_DFFE_PP_,sky130_fd_sc_hd__edfxtp_1,sequential,pipeline_state,control,3,4,19,21,0.952381,0.047619,0.809524,0.952381,0.047619,0.000000,0.500000,0.098810,0.966667,pipeline_state,control
serv_synth_wrapper,cpu.immdec.gen_immdec_w_eq_1.imm19_12_20[1]$_DFFE_PP_,sky130_fd_sc_hd__edfxtp_1,sequential,pipeline_state,control,3,4,20,25,0.960000,0.040000,0.880000,0.960000,0.040000,0.250000,0.500000,0.182500,0.972000,pipeline_state,control
serv_synth_wrapper,cpu.immdec.gen_immdec_w_eq_1.imm19_12_20[2]$_DFFE_PP_,sky130_fd_sc_hd__edfxtp_1,sequential,pipeline_state,control,3,4,20,25,0.960000,0.040000,0.880000,0.960000,0.040000,0.250000,0.500000,0.182500,0.972000,pipeline_state,control
serv_synth_wrapper,cpu.immdec.gen_immdec_w_eq_1.imm19_12_20[3]$_DFFE_PP_,sky130_fd_sc_hd__edfxtp_1,sequential,pipeline_state,control,3,4,20,25,0.960000,0.040000,0.880000,0.960000,0.040000,0.250000,0.500000,0.182500,0.972000,pipeline_state,control
serv_synth_wrapper,cpu.immdec.gen_immdec_w_eq_1.imm19_12_20[4]$_DFFE_PP_,sky130_fd_sc_hd__edfxtp_1,sequential,csr,control,9,4,22,27,0.962963,0.037037,0.814815,0.962963,0.037037,0.250000,0.500000,0.181019,0.974074,pipeline_state,control
serv_synth_wrapper,cpu.immdec.gen_immdec_w_eq_1.imm19_12_20[5]$_DFFE_PP_,sky130_fd_sc_hd__edfxtp_1,sequential,pipeline_state,control,3,4,20,22,0.954545,0.045455,0.772727,0.954545,0.045455,0.000000,0.500000,0.097727,0.968182,pipeline_state,control
serv_synth_wrapper,cpu.immdec.gen_immdec_w_eq_1.imm19_12_20[6]$_DFFE_PP_,sky130_fd_sc_hd__edfxtp_1,sequential,pipeline_state,control,3,4,20,25,0.920000,0.080000,0.880000,0.920000,0.080000,0.250000,0.500000,0.202500,0.944000,pipeline_state,control
serv_synth_wrapper,cpu.immdec.gen_immdec_w_eq_1.imm19_12_20[7]$_DFFE_PP_,sky130_fd_sc_hd__edfxtp_1,sequential,pipeline_state,control,3,4,20,25,0.920000,0.080000,0.880000,0.920000,0.080000,0.250000,0.500000,0.202500,0.944000,pipeline_state,control
serv_synth_wrapper,cpu.immdec.gen_immdec_w_eq_1.imm19_12_20[8]$_DFFE_PP_,sky130_fd_sc_hd__edfxtp_1,sequential,pipeline_state,control,3,4,19,21,0.952381,0.047619,0.809524,0.952381,0.047619,0.000000,0.500000,0.098810,0.966667,pipeline_state,control
serv_synth_wrapper,cpu.immdec.gen_immdec_w_eq_1.imm24_20[0]$_DFFE_PP_,sky130_fd_sc_hd__edfxtp_1,sequential,pipeline_state,control,3,4,16,20,0.900000,0.100000,0.650000,0.900000,0.100000,0.250000,0.250000,0.175000,0.930000,pipeline_state,control
serv_synth_wrapper,cpu.immdec.gen_immdec_w_eq_1.imm24_20[1]$_DFFE_PP_,sky130_fd_sc_hd__edfxtp_1,sequential,pipeline_state,control,3,4,14,18,0.944444,0.055556,0.722222,0.944444,0.055556,0.000000,0.250000,0.065278,0.961111,pipeline_state,control
serv_synth_wrapper,cpu.immdec.gen_immdec_w_eq_1.imm24_20[2]$_DFFE_PP_,sky130_fd_sc_hd__edfxtp_1,sequential,pipeline_state,control,3,4,13,17,0.941176,0.058824,0.764706,0.941176,0.058824,0.000000,0.250000,0.066912,0.958824,pipeline_state,control
serv_synth_wrapper,cpu.immdec.gen_immdec_w_eq_1.imm24_20[3]$_DFFE_PP_,sky130_fd_sc_hd__edfxtp_1,sequential,pipeline_state,control,3,4,13,17,0.941176,0.058824,0.764706,0.941176,0.058824,0.000000,0.250000,0.066912,0.958824,pipeline_state,control
serv_synth_wrapper,cpu.immdec.gen_immdec_w_eq_1.imm24_20[4]$_DFFE_PP_,sky130_fd_sc_hd__edfxtp_1,sequential,pipeline_state,control,3,4,13,17,1.000000,0.000000,0.764706,1.000000,0.000000,0.000000,0.250000,0.037500,1.000000,pipeline_state,control
serv_synth_wrapper,cpu.immdec.gen_immdec_w_eq_1.imm30_25[0]$_DFFE_PP_,sky130_fd_sc_hd__edfxtp_1,sequential,pipeline_state,control,3,4,21,26,0.961538,0.038462,0.884615,0.961538,0.038462,0.250000,0.250000,0.144231,0.973077,pipeline_state,control
serv_synth_wrapper,cpu.immdec.gen_immdec_w_eq_1.imm30_25[1]$_DFFE_PP_,sky130_fd_sc_hd__edfxtp_1,sequential,pipeline_state,control,3,4,21,26,0.961538,0.038462,0.884615,0.961538,0.038462,0.250000,0.250000,0.144231,0.973077,pipeline_state,control
serv_synth_wrapper,cpu.immdec.gen_immdec_w_eq_1.imm30_25[2]$_DFFE_PP_,sky130_fd_sc_hd__edfxtp_1,sequential,pipeline_state,control,3,4,21,26,0.961538,0.038462,0.884615,0.961538,0.038462,0.250000,0.250000,0.144231,0.973077,pipeline_state,control
serv_synth_wrapper,cpu.immdec.gen_immdec_w_eq_1.imm30_25[3]$_DFFE_PP_,sky130_fd_sc_hd__edfxtp_1,sequential,pipeline_state,control,3,4,21,26,0.961538,0.038462,0.884615,0.961538,0.038462,0.250000,0.250000,0.144231,0.973077,pipeline_state,control
serv_synth_wrapper,cpu.immdec.gen_immdec_w_eq_1.imm30_25[4]$_DFFE_PP_,sky130_fd_sc_hd__edfxtp_1,sequential,pipeline_state,control,3,4,21,26,0.961538,0.038462,0.884615,0.961538,0.038462,0.250000,0.250000,0.144231,0.973077,pipeline_state,control
serv_synth_wrapper,cpu.immdec.gen_immdec_w_eq_1.imm30_25[5]$_DFFE_PP_,sky130_fd_sc_hd__edfxtp_1,sequential,pipeline_state,control,3,4,21,26,0.923077,0.076923,0.884615,0.923077,0.076923,0.250000,0.250000,0.163462,0.946154,pipeline_state,control
serv_synth_wrapper,cpu.immdec.gen_immdec_w_eq_1.imm31$_DFFE_PP_,sky130_fd_sc_hd__edfxtp_1,sequential,pipeline_state,control,3,4,22,24,0.708333,0.291667,0.583333,0.708333,0.291667,0.500000,0.500000,0.395833,0.795833,generated_control,control
serv_synth_wrapper,cpu.immdec.gen_immdec_w_eq_1.imm7$_DFFE_PP_,sky130_fd_sc_hd__edfxtp_1,sequential,pipeline_state,control,3,4,10,10,0.700000,0.300000,0.800000,0.700000,0.300000,0.250000,0.250000,0.275000,0.790000,clock_reset,control
serv_synth_wrapper,cpu.mem_if.signbit$_DFFE_PP_,sky130_fd_sc_hd__edfxtp_1,sequential,pipeline_state,control,9,4,10,11,1.000000,0.000000,0.636364,1.000000,0.000000,0.000000,0.000000,0.000000,1.000000,pipeline_state,control
serv_synth_wrapper,cpu.state.gen_cnt_w_eq_1.cnt_lsb[0]$_SDFF_PP0_,sky130_fd_sc_hd__dfxtp_1,sequential,pipeline_state,control,3,3,18,18,0.777778,0.222222,0.500000,0.777778,0.222222,0.333333,0.333333,0.277778,0.844444,pipeline_state,control
serv_synth_wrapper,cpu.state.gen_cnt_w_eq_1.cnt_lsb[1]$_SDFF_PP0_,sky130_fd_sc_hd__dfxtp_1,sequential,pipeline_state,control,3,3,17,17,0.941176,0.058824,0.764706,0.941176,0.058824,0.333333,0.333333,0.196078,0.958824,csr,control
serv_synth_wrapper,cpu.state.gen_cnt_w_eq_1.cnt_lsb[2]$_SDFF_PP0_,sky130_fd_sc_hd__dfxtp_1,sequential,pipeline_state,control,3,3,17,17,1.000000,0.000000,0.764706,1.000000,0.000000,0.000000,0.333333,0.050000,1.000000,csr,control
serv_synth_wrapper,cpu.state.gen_cnt_w_eq_1.cnt_lsb[3]$_SDFF_PP0_,sky130_fd_sc_hd__dfxtp_1,sequential,pipeline_state,control,3,3,23,23,0.869565,0.086957,0.565217,0.869565,0.086957,0.333333,0.666667,0.260145,0.900000,csr,control
serv_synth_wrapper,cpu.state.gen_csr.misalign_trap_sync_r$_DFFE_PP_,sky130_fd_sc_hd__edfxtp_1,sequential,csr,control,9,4,18,18,1.000000,0.000000,0.555556,1.000000,0.000000,0.000000,0.250000,0.037500,1.000000,pipeline_state,control
serv_synth_wrapper,cpu.state.ibus_cyc$_DFFE_PP_,sky130_fd_sc_hd__edfxtp_1,sequential,pipeline_state,control,3,4,14,14,1.000000,0.000000,0.785714,1.000000,0.000000,0.000000,0.250000,0.037500,1.000000,decode_control,control
serv_synth_wrapper,cpu.state.init_done$_SDFFE_PP0P_,sky130_fd_sc_hd__dfxtp_1,sequential,pipeline_state,control,3,3,17,17,0.882353,0.058824,0.529412,0.882353,0.058824,0.333333,0.333333,0.196078,0.905882,pipeline_state,control
serv_synth_wrapper,cpu.state.o_cnt[2]$_SDFF_PP0_,sky130_fd_sc_hd__dfxtp_1,sequential,pipeline_state,control,3,3,24,24,0.791667,0.125000,0.541667,0.791667,0.125000,0.333333,0.666667,0.279167,0.837500,csr,control
serv_synth_wrapper,cpu.state.o_cnt[3]$_SDFF_PP0_,sky130_fd_sc_hd__dfxtp_1,sequential,pipeline_state,control,3,3,22,22,0.818182,0.136364,0.409091,0.818182,0.136364,0.333333,0.666667,0.284848,0.863636,generated_control,control
serv_synth_wrapper,cpu.state.o_cnt[4]$_SDFF_PP0_,sky130_fd_sc_hd__dfxtp_1,sequential,pipeline_state,control,3,3,23,23,0.826087,0.130435,0.391304,0.826087,0.130435,0.333333,0.666667,0.281884,0.869565,generated_control,control
serv_synth_wrapper,cpu.state.o_ctrl_jump$_SDFFE_PP0P_,sky130_fd_sc_hd__dfxtp_1,sequential,decode_control,control,8,3,13,13,1.000000,0.000000,0.692308,1.000000,0.000000,0.000000,0.333333,0.050000,1.000000,pipeline_state,control
serv_synth_wrapper,input10,sky130_fd_sc_hd__clkdlybuf4s50_1,buffer,generated_control,control,1,2,1,1,1.000000,0.000000,0.000000,1.000000,0.000000,0.000000,0.000000,0.000000,0.912500,generated_control,control
serv_synth_wrapper,input11,sky130_fd_sc_hd__clkdlybuf4s50_1,buffer,generated_control,control,1,2,1,1,1.000000,0.000000,0.000000,1.000000,0.000000,0.000000,0.000000,0.000000,0.912500,generated_control,control
serv_synth_wrapper,input12,sky130_fd_sc_hd__clkdlybuf4s50_1,buffer,generated_control,control,1,2,1,1,1.000000,0.000000,0.000000,1.000000,0.000000,0.000000,0.000000,0.000000,0.912500,generated_control,control
serv_synth_wrapper,input13,sky130_fd_sc_hd__clkdlybuf4s50_1,buffer,generated_control,control,1,2,1,1,1.000000,0.000000,0.000000,1.000000,0.000000,0.000000,0.000000,0.000000,0.912500,generated_control,control
serv_synth_wrapper,input14,sky130_fd_sc_hd__clkdlybuf4s50_1,buffer,generated_control,control,1,2,1,1,1.000000,0.000000,0.000000,1.000000,0.000000,0.000000,0.000000,0.000000,0.912500,generated_control,control
serv_synth_wrapper,input15,sky130_fd_sc_hd__clkdlybuf4s50_1,buffer,generated_control,control,1,2,1,1,1.000000,0.000000,0.000000,1.000000,0.000000,0.000000,0.000000,0.000000,0.912500,generated_control,control
serv_synth_wrapper,input16,sky130_fd_sc_hd__clkdlybuf4s50_1,buffer,generated_control,control,1,2,1,1,1.000000,0.000000,0.000000,1.000000,0.000000,0.000000,0.000000,0.000000,0.912500,generated_control,control
serv_synth_wrapper,input17,sky130_fd_sc_hd__clkdlybuf4s50_1,buffer,generated_control,control,1,2,1,1,1.000000,0.000000,0.000000,1.000000,0.000000,0.000000,0.000000,0.000000,0.912500,generated_control,control
serv_synth_wrapper,input18,sky130_fd_sc_hd__clkdlybuf4s50_1,buffer,generated_control,control,1,2,1,1,1.000000,0.000000,0.000000,1.000000,0.000000,0.000000,0.000000,0.000000,0.912500,generated_control,control
serv_synth_wrapper,input19,sky130_fd_sc_hd__clkdlybuf4s50_1,buffer,generated_control,control,1,2,1,1,1.000000,0.000000,0.000000,1.000000,0.000000,0.000000,0.000000,0.000000,0.912500,generated_control,control
serv_synth_wrapper,input20,sky130_fd_sc_hd__clkdlybuf4s50_1,buffer,generated_control,control,1,2,1,1,1.000000,0.000000,0.000000,1.000000,0.000000,0.000000,0.000000,0.000000,0.912500,generated_control,control
serv_synth_wrapper,input21,sky130_fd_sc_hd__clkdlybuf4s50_1,buffer,generated_control,control,1,2,1,1,1.000000,0.000000,0.000000,1.000000,0.000000,0.000000,0.000000,0.000000,0.912500,generated_control,control
serv_synth_wrapper,input22,sky130_fd_sc_hd__clkdlybuf4s50_1,buffer,generated_control,control,1,2,1,1,1.000000,0.000000,0.000000,1.000000,0.000000,0.000000,0.000000,0.000000,0.912500,generated_control,control
serv_synth_wrapper,input23,sky130_fd_sc_hd__clkdlybuf4s50_1,buffer,generated_control,control,1,2,1,1,1.000000,0.000000,0.000000,1.000000,0.000000,0.000000,0.000000,0.000000,0.912500,generated_control,control
serv_synth_wrapper,input24,sky130_fd_sc_hd__clkdlybuf4s50_1,buffer,generated_control,control,1,2,1,1,1.000000,0.000000,0.000000,1.000000,0.000000,0.000000,0.000000,0.000000,0.912500,generated_control,control
serv_synth_wrapper,input25,sky130_fd_sc_hd__clkdlybuf4s50_1,buffer,generated_control,control,1,2,1,1,1.000000,0.000000,0.000000,1.000000,0.000000,0.000000,0.000000,0.000000,0.912500,generated_control,control
serv_synth_wrapper,input26,sky130_fd_sc_hd__clkdlybuf4s50_1,buffer,generated_control,control,1,2,1,1,1.000000,0.000000,0.000000,1.000000,0.000000,0.000000,0.000000,0.000000,0.912500,generated_control,control
serv_synth_wrapper,input27,sky130_fd_sc_hd__clkdlybuf4s50_1,buffer,generated_control,control,1,2,1,1,1.000000,0.000000,0.000000,1.000000,0.000000,0.000000,0.000000,0.000000,0.912500,generated_control,control
serv_synth_wrapper,input28,sky130_fd_sc_hd__clkdlybuf4s50_1,buffer,generated_control,control,1,2,1,1,1.000000,0.000000,0.000000,1.000000,0.000000,0.000000,0.000000,0.000000,0.912500,generated_control,control
serv_synth_wrapper,input29,sky130_fd_sc_hd__clkdlybuf4s50_1,buffer,generated_control,control,1,2,1,1,1.000000,0.000000,0.000000,1.000000,0.000000,0.000000,0.000000,0.000000,0.912500,generated_control,control
serv_synth_wrapper,input3,sky130_fd_sc_hd__clkdlybuf4s50_1,buffer,generated_control,control,1,2,1,1,1.000000,0.000000,0.000000,1.000000,0.000000,0.000000,0.000000,0.000000,0.912500,generated_control,control
serv_synth_wrapper,input30,sky130_fd_sc_hd__clkdlybuf4s50_1,buffer,generated_control,control,1,2,1,1,1.000000,0.000000,0.000000,1.000000,0.000000,0.000000,0.000000,0.000000,0.912500,generated_control,control
serv_synth_wrapper,input31,sky130_fd_sc_hd__clkdlybuf4s50_1,buffer,generated_control,control,1,2,1,1,1.000000,0.000000,0.000000,1.000000,0.000000,0.000000,0.000000,0.000000,0.912500,generated_control,control
serv_synth_wrapper,input32,sky130_fd_sc_hd__clkdlybuf4s50_1,buffer,generated_control,control,1,2,1,1,1.000000,0.000000,0.000000,1.000000,0.000000,0.000000,0.000000,0.000000,0.912500,generated_control,control
serv_synth_wrapper,input33,sky130_fd_sc_hd__clkdlybuf4s50_1,buffer,generated_control,control,1,2,1,1,1.000000,0.000000,0.000000,1.000000,0.000000,0.000000,0.000000,0.000000,0.912500,generated_control,control
serv_synth_wrapper,input34,sky130_fd_sc_hd__clkdlybuf4s50_1,buffer,generated_control,control,1,2,1,1,1.000000,0.000000,0.000000,1.000000,0.000000,0.000000,0.000000,0.000000,0.912500,generated_control,control
serv_synth_wrapper,input35,sky130_fd_sc_hd__clkdlybuf4s50_1,buffer,generated_control,control,1,2,1,1,1.000000,0.000000,0.000000,1.000000,0.000000,0.000000,0.000000,0.000000,0.912500,generated_control,control
serv_synth_wrapper,input36,sky130_fd_sc_hd__clkdlybuf4s50_1,buffer,generated_control,control,1,2,13,13,0.923077,0.076923,0.461538,0.923077,0.076923,0.500000,0.500000,0.288462,0.946154,generated_control,control
serv_synth_wrapper,input37,sky130_fd_sc_hd__clkdlybuf4s50_1,buffer,generated_control,control,1,2,1,1,1.000000,0.000000,0.000000,1.000000,0.000000,0.000000,0.000000,0.000000,0.912500,generated_control,control
serv_synth_wrapper,input38,sky130_fd_sc_hd__clkdlybuf4s50_1,buffer,generated_control,control,1,2,1,1,1.000000,0.000000,0.000000,1.000000,0.000000,0.000000,0.000000,0.000000,0.912500,generated_control,control
serv_synth_wrapper,input39,sky130_fd_sc_hd__clkdlybuf4s50_1,buffer,generated_control,control,1,2,2,2,1.000000,0.000000,0.500000,1.000000,0.000000,0.000000,0.000000,0.000000,0.925000,generated_control,control
serv_synth_wrapper,input4,sky130_fd_sc_hd__clkdlybuf4s50_1,buffer,generated_control,control,1,2,1,1,1.000000,0.000000,0.000000,1.000000,0.000000,0.000000,0.000000,0.000000,0.912500,generated_control,control
serv_synth_wrapper,input40,sky130_fd_sc_hd__clkdlybuf4s50_1,buffer,generated_control,control,1,2,2,2,1.000000,0.000000,0.500000,1.000000,0.000000,0.000000,0.000000,0.000000,0.925000,generated_control,control
serv_synth_wrapper,input41,sky130_fd_sc_hd__clkdlybuf4s50_1,buffer,generated_control,control,1,2,2,2,0.500000,0.500000,0.500000,0.500000,0.500000,0.500000,0.000000,0.425000,0.575000,csr,control
serv_synth_wrapper,input42,sky130_fd_sc_hd__clkdlybuf4s50_1,buffer,generated_control,control,1,2,1,1,1.000000,0.000000,0.000000,1.000000,0.000000,0.000000,0.000000,0.000000,0.912500,generated_control,control
serv_synth_wrapper,input43,sky130_fd_sc_hd__clkdlybuf4s50_1,buffer,generated_control,control,1,2,1,1,1.000000,0.000000,0.000000,1.000000,0.000000,0.000000,0.000000,0.000000,0.912500,generated_control,control
serv_synth_wrapper,input44,sky130_fd_sc_hd__clkdlybuf4s50_1,buffer,generated_control,control,1,2,1,1,1.000000,0.000000,0.000000,1.000000,0.000000,0.000000,0.000000,0.000000,0.912500,generated_control,control
serv_synth_wrapper,input45,sky130_fd_sc_hd__clkdlybuf4s50_1,buffer,generated_control,control,1,2,1,1,1.000000,0.000000,0.000000,1.000000,0.000000,0.000000,0.000000,0.000000,0.912500,generated_control,control
serv_synth_wrapper,input46,sky130_fd_sc_hd__clkdlybuf4s50_1,buffer,generated_control,control,1,2,1,1,1.000000,0.000000,0.000000,1.000000,0.000000,0.000000,0.000000,0.000000,0.912500,generated_control,control
serv_synth_wrapper,input47,sky130_fd_sc_hd__clkdlybuf4s50_1,buffer,generated_control,control,1,2,1,1,1.000000,0.000000,0.000000,1.000000,0.000000,0.000000,0.000000,0.000000,0.912500,generated_control,control
serv_synth_wrapper,input48,sky130_fd_sc_hd__clkdlybuf4s50_1,buffer,generated_control,control,1,2,1,1,1.000000,0.000000,0.000000,1.000000,0.000000,0.000000,0.000000,0.000000,0.912500,generated_control,control
serv_synth_wrapper,input49,sky130_fd_sc_hd__clkdlybuf4s50_1,buffer,generated_control,control,1,2,1,1,1.000000,0.000000,0.000000,1.000000,0.000000,0.000000,0.000000,0.000000,0.912500,generated_control,control
serv_synth_wrapper,input5,sky130_fd_sc_hd__clkdlybuf4s50_1,buffer,generated_control,control,1,2,1,1,1.000000,0.000000,0.000000,1.000000,0.000000,0.000000,0.000000,0.000000,0.912500,generated_control,control
serv_synth_wrapper,input50,sky130_fd_sc_hd__clkdlybuf4s50_1,buffer,generated_control,control,1,2,1,1,1.000000,0.000000,0.000000,1.000000,0.000000,0.000000,0.000000,0.000000,0.912500,generated_control,control
serv_synth_wrapper,input51,sky130_fd_sc_hd__clkdlybuf4s50_1,buffer,generated_control,control,1,2,1,1,1.000000,0.000000,0.000000,1.000000,0.000000,0.000000,0.000000,0.000000,0.912500,generated_control,control
serv_synth_wrapper,input52,sky130_fd_sc_hd__clkdlybuf4s50_1,buffer,generated_control,control,1,2,1,1,1.000000,0.000000,0.000000,1.000000,0.000000,0.000000,0.000000,0.000000,0.912500,generated_control,control
serv_synth_wrapper,input53,sky130_fd_sc_hd__clkdlybuf4s50_1,buffer,generated_control,control,1,2,1,1,1.000000,0.000000,0.000000,1.000000,0.000000,0.000000,0.000000,0.000000,0.912500,generated_control,control
serv_synth_wrapper,input54,sky130_fd_sc_hd__clkdlybuf4s50_1,buffer,generated_control,control,1,2,1,1,1.000000,0.000000,0.000000,1.000000,0.000000,0.000000,0.000000,0.000000,0.912500,generated_control,control
serv_synth_wrapper,input55,sky130_fd_sc_hd__clkdlybuf4s50_1,buffer,generated_control,control,1,2,1,1,1.000000,0.000000,0.000000,1.000000,0.000000,0.000000,0.000000,0.000000,0.912500,generated_control,control
serv_synth_wrapper,input56,sky130_fd_sc_hd__clkdlybuf4s50_1,buffer,generated_control,control,1,2,1,1,1.000000,0.000000,0.000000,1.000000,0.000000,0.000000,0.000000,0.000000,0.912500,generated_control,control
serv_synth_wrapper,input57,sky130_fd_sc_hd__clkdlybuf4s50_1,buffer,generated_control,control,1,2,1,1,1.000000,0.000000,1.000000,1.000000,0.000000,0.000000,0.000000,0.000000,0.912500,decode_control,control
serv_synth_wrapper,input58,sky130_fd_sc_hd__clkdlybuf4s50_1,buffer,generated_control,control,1,2,1,1,1.000000,0.000000,0.000000,1.000000,0.000000,0.000000,0.000000,0.000000,0.912500,generated_control,control
serv_synth_wrapper,input59,sky130_fd_sc_hd__clkdlybuf4s50_1,buffer,generated_control,control,1,2,0,0,0.000000,0.000000,0.000000,0.000000,0.000000,0.000000,0.000000,0.000000,0.200000,none,none
serv_synth_wrapper,input6,sky130_fd_sc_hd__clkdlybuf4s50_1,buffer,generated_control,control,1,2,1,1,1.000000,0.000000,0.000000,1.000000,0.000000,0.000000,0.000000,0.000000,0.912500,generated_control,control
serv_synth_wrapper,input60,sky130_fd_sc_hd__clkdlybuf4s50_1,buffer,generated_control,control,1,2,1,1,1.000000,0.000000,1.000000,1.000000,0.000000,0.000000,0.000000,0.000000,0.912500,decode_control,control
serv_synth_wrapper,input61,sky130_fd_sc_hd__clkdlybuf4s50_1,buffer,generated_control,control,1,2,1,1,1.000000,0.000000,1.000000,1.000000,0.000000,0.000000,0.000000,0.000000,0.912500,decode_control,control
serv_synth_wrapper,input62,sky130_fd_sc_hd__clkdlybuf4s50_1,buffer,generated_control,control,1,2,1,1,1.000000,0.000000,1.000000,1.000000,0.000000,0.000000,0.000000,0.000000,0.912500,decode_control,control
serv_synth_wrapper,input63,sky130_fd_sc_hd__clkdlybuf4s50_1,buffer,generated_control,control,1,2,1,1,1.000000,0.000000,1.000000,1.000000,0.000000,0.000000,0.000000,0.000000,0.912500,decode_control,control
serv_synth_wrapper,input64,sky130_fd_sc_hd__clkdlybuf4s50_1,buffer,generated_control,control,1,2,1,1,1.000000,0.000000,0.000000,1.000000,0.000000,0.000000,0.000000,0.000000,0.912500,generated_control,control
serv_synth_wrapper,input65,sky130_fd_sc_hd__clkdlybuf4s50_1,buffer,generated_control,control,1,2,1,1,1.000000,0.000000,0.000000,1.000000,0.000000,0.000000,0.000000,0.000000,0.912500,generated_control,control
serv_synth_wrapper,input66,sky130_fd_sc_hd__clkdlybuf4s50_1,buffer,generated_control,control,1,2,1,1,1.000000,0.000000,0.000000,1.000000,0.000000,0.000000,0.000000,0.000000,0.912500,generated_control,control
serv_synth_wrapper,input67,sky130_fd_sc_hd__clkdlybuf4s50_1,buffer,register_file,datapath,10,2,2,2,0.000000,1.000000,0.000000,1.000000,0.000000,0.000000,0.000000,0.000000,0.925000,register_file,datapath
serv_synth_wrapper,input68,sky130_fd_sc_hd__clkdlybuf4s50_1,buffer,register_file,datapath,10,2,1,1,1.000000,0.000000,0.000000,0.000000,1.000000,0.000000,0.000000,0.500000,0.212500,generated_control,control
serv_synth_wrapper,input69,sky130_fd_sc_hd__clkdlybuf4s50_1,buffer,generated_control,control,1,2,25,25,1.000000,0.000000,0.000000,1.000000,0.000000,0.000000,0.500000,0.075000,1.000000,generated_control,control
serv_synth_wrapper,input7,sky130_fd_sc_hd__clkdlybuf4s50_1,buffer,generated_control,control,1,2,1,1,1.000000,0.000000,0.000000,1.000000,0.000000,0.000000,0.000000,0.000000,0.912500,generated_control,control
serv_synth_wrapper,input70,sky130_fd_sc_hd__clkdlybuf4s50_1,buffer,trap_debug,control,7,2,1,1,1.000000,0.000000,0.000000,1.000000,0.000000,0.000000,0.000000,0.000000,0.912500,csr,control
serv_synth_wrapper,input8,sky130_fd_sc_hd__clkdlybuf4s50_1,buffer,generated_control,control,1,2,1,1,1.000000,0.000000,0.000000,1.000000,0.000000,0.000000,0.000000,0.000000,0.912500,generated_control,control
serv_synth_wrapper,input9,sky130_fd_sc_hd__clkdlybuf4s50_1,buffer,generated_control,control,1,2,1,1,1.000000,0.000000,0.000000,1.000000,0.000000,0.000000,0.000000,0.000000,0.912500,generated_control,control
serv_synth_wrapper,output100,sky130_fd_sc_hd__clkdlybuf4s50_1,buffer,generated_control,control,1,2,2,2,1.000000,0.000000,1.000000,1.000000,0.000000,0.000000,0.000000,0.000000,0.925000,pipeline_state,control
serv_synth_wrapper,output101,sky130_fd_sc_hd__clkdlybuf4s50_1,buffer,generated_control,control,1,2,1,1,1.000000,0.000000,0.000000,1.000000,0.000000,0.000000,0.000000,0.000000,0.912500,generated_control,control
serv_synth_wrapper,output102,sky130_fd_sc_hd__clkdlybuf4s50_1,buffer,generated_control,control,1,2,2,2,1.000000,0.000000,0.500000,1.000000,0.000000,0.000000,0.000000,0.000000,0.925000,generated_control,control
serv_synth_wrapper,output103,sky130_fd_sc_hd__clkdlybuf4s50_1,buffer,generated_control,control,1,2,2,2,1.000000,0.000000,0.500000,1.000000,0.000000,0.000000,0.000000,0.000000,0.925000,generated_control,control
serv_synth_wrapper,output104,sky130_fd_sc_hd__clkdlybuf4s50_1,buffer,generated_control,control,1,2,2,2,1.000000,0.000000,0.500000,1.000000,0.000000,0.000000,0.000000,0.000000,0.925000,generated_control,control
serv_synth_wrapper,output105,sky130_fd_sc_hd__clkdlybuf4s50_1,buffer,generated_control,control,1,2,2,2,1.000000,0.000000,0.500000,1.000000,0.000000,0.000000,0.000000,0.000000,0.925000,generated_control,control
serv_synth_wrapper,output106,sky130_fd_sc_hd__clkdlybuf4s50_1,buffer,generated_control,control,1,2,2,2,1.000000,0.000000,0.500000,1.000000,0.000000,0.000000,0.000000,0.000000,0.925000,generated_control,control
serv_synth_wrapper,output107,sky130_fd_sc_hd__clkdlybuf4s50_1,buffer,generated_control,control,1,2,2,2,1.000000,0.000000,0.500000,1.000000,0.000000,0.000000,0.000000,0.000000,0.925000,generated_control,control
serv_synth_wrapper,output108,sky130_fd_sc_hd__clkdlybuf4s50_1,buffer,generated_control,control,1,2,2,2,1.000000,0.000000,0.500000,1.000000,0.000000,0.000000,0.000000,0.000000,0.925000,generated_control,control
serv_synth_wrapper,output109,sky130_fd_sc_hd__clkdlybuf4s50_1,buffer,generated_control,control,1,2,3,3,1.000000,0.000000,0.333333,1.000000,0.000000,0.000000,0.000000,0.000000,0.937500,generated_control,control
serv_synth_wrapper,output110,sky130_fd_sc_hd__clkdlybuf4s50_1,buffer,generated_control,control,1,2,2,2,1.000000,0.000000,0.500000,1.000000,0.000000,0.000000,0.000000,0.000000,0.925000,generated_control,control
serv_synth_wrapper,output111,sky130_fd_sc_hd__clkdlybuf4s50_1,buffer,generated_control,control,1,2,2,2,1.000000,0.000000,0.500000,1.000000,0.000000,0.000000,0.000000,0.000000,0.925000,generated_control,control
serv_synth_wrapper,output112,sky130_fd_sc_hd__clkdlybuf4s50_1,buffer,generated_control,control,1,2,2,2,1.000000,0.000000,0.500000,1.000000,0.000000,0.000000,0.000000,0.000000,0.925000,generated_control,control
serv_synth_wrapper,output113,sky130_fd_sc_hd__clkdlybuf4s50_1,buffer,generated_control,control,1,2,2,2,1.000000,0.000000,0.500000,1.000000,0.000000,0.000000,0.000000,0.000000,0.925000,generated_control,control
serv_synth_wrapper,output114,sky130_fd_sc_hd__clkdlybuf4s50_1,buffer,generated_control,control,1,2,2,2,1.000000,0.000000,0.500000,1.000000,0.000000,0.000000,0.000000,0.000000,0.925000,generated_control,control
serv_synth_wrapper,output115,sky130_fd_sc_hd__clkdlybuf4s50_1,buffer,generated_control,control,1,2,2,2,1.000000,0.000000,0.500000,1.000000,0.000000,0.000000,0.000000,0.000000,0.925000,generated_control,control
serv_synth_wrapper,output116,sky130_fd_sc_hd__clkdlybuf4s50_1,buffer,generated_control,control,1,2,2,2,1.000000,0.000000,0.500000,1.000000,0.000000,0.000000,0.000000,0.000000,0.925000,generated_control,control
serv_synth_wrapper,output117,sky130_fd_sc_hd__clkdlybuf4s50_1,buffer,generated_control,control,1,2,2,2,1.000000,0.000000,0.500000,1.000000,0.000000,0.000000,0.000000,0.000000,0.925000,generated_control,control
serv_synth_wrapper,output118,sky130_fd_sc_hd__clkdlybuf4s50_1,buffer,generated_control,control,1,2,5,5,1.000000,0.000000,0.200000,1.000000,0.000000,0.000000,0.000000,0.000000,0.962500,generated_control,control
serv_synth_wrapper,output119,sky130_fd_sc_hd__clkdlybuf4s50_1,buffer,generated_control,control,1,2,4,4,0.750000,0.250000,0.250000,0.750000,0.250000,0.500000,0.000000,0.300000,0.775000,generated_control,control
serv_synth_wrapper,output120,sky130_fd_sc_hd__clkdlybuf4s50_1,buffer,generated_control,control,1,2,5,5,0.600000,0.400000,0.200000,0.600000,0.400000,0.500000,0.000000,0.375000,0.682500,generated_control,control
serv_synth_wrapper,output121,sky130_fd_sc_hd__clkdlybuf4s50_1,buffer,generated_control,control,1,2,5,5,0.600000,0.400000,0.200000,0.600000,0.400000,0.500000,0.000000,0.375000,0.682500,generated_control,control
serv_synth_wrapper,output122,sky130_fd_sc_hd__clkdlybuf4s50_1,buffer,generated_control,control,1,2,4,4,0.750000,0.250000,0.250000,0.750000,0.250000,0.500000,0.000000,0.300000,0.775000,generated_control,control
serv_synth_wrapper,output123,sky130_fd_sc_hd__clkdlybuf4s50_1,buffer,generated_control,control,1,2,3,3,0.333333,0.666667,0.333333,0.333333,0.666667,0.500000,0.000000,0.508333,0.470833,generated_datapath,datapath
serv_synth_wrapper,output124,sky130_fd_sc_hd__clkdlybuf4s50_1,buffer,generated_control,control,1,2,2,2,1.000000,0.000000,0.500000,1.000000,0.000000,0.000000,0.000000,0.000000,0.925000,generated_control,control
serv_synth_wrapper,output125,sky130_fd_sc_hd__clkdlybuf4s50_1,buffer,generated_control,control,1,2,2,2,1.000000,0.000000,0.500000,1.000000,0.000000,0.000000,0.000000,0.000000,0.925000,generated_control,control
serv_synth_wrapper,output126,sky130_fd_sc_hd__clkdlybuf4s50_1,buffer,generated_control,control,1,2,2,2,1.000000,0.000000,0.500000,1.000000,0.000000,0.000000,0.000000,0.000000,0.925000,generated_control,control
serv_synth_wrapper,output127,sky130_fd_sc_hd__clkdlybuf4s50_1,buffer,generated_control,control,1,2,2,2,1.000000,0.000000,0.500000,1.000000,0.000000,0.000000,0.000000,0.000000,0.925000,generated_control,control
serv_synth_wrapper,output128,sky130_fd_sc_hd__clkdlybuf4s50_1,buffer,generated_control,control,1,2,2,2,1.000000,0.000000,0.500000,1.000000,0.000000,0.000000,0.000000,0.000000,0.925000,generated_control,control
serv_synth_wrapper,output129,sky130_fd_sc_hd__clkdlybuf4s50_1,buffer,generated_control,control,1,2,2,2,1.000000,0.000000,0.500000,1.000000,0.000000,0.000000,0.000000,0.000000,0.925000,generated_control,control
serv_synth_wrapper,output130,sky130_fd_sc_hd__clkdlybuf4s50_1,buffer,generated_control,control,1,2,2,2,1.000000,0.000000,0.500000,1.000000,0.000000,0.000000,0.000000,0.000000,0.925000,generated_control,control
serv_synth_wrapper,output131,sky130_fd_sc_hd__clkdlybuf4s50_1,buffer,generated_control,control,1,2,2,2,1.000000,0.000000,0.500000,1.000000,0.000000,0.000000,0.000000,0.000000,0.925000,generated_control,control
serv_synth_wrapper,output132,sky130_fd_sc_hd__clkdlybuf4s50_1,buffer,generated_control,control,1,2,3,3,1.000000,0.000000,0.333333,1.000000,0.000000,0.000000,0.000000,0.000000,0.937500,generated_control,control
serv_synth_wrapper,output133,sky130_fd_sc_hd__clkdlybuf4s50_1,buffer,generated_control,control,1,2,2,2,1.000000,0.000000,0.500000,1.000000,0.000000,0.000000,0.000000,0.000000,0.925000,generated_control,control
serv_synth_wrapper,output134,sky130_fd_sc_hd__clkdlybuf4s50_1,buffer,generated_control,control,1,2,1,1,1.000000,0.000000,0.000000,1.000000,0.000000,0.000000,0.000000,0.000000,0.912500,generated_control,control
serv_synth_wrapper,output135,sky130_fd_sc_hd__clkdlybuf4s50_1,buffer,generated_control,control,1,2,1,1,0.000000,1.000000,0.000000,0.000000,1.000000,0.000000,0.000000,0.500000,0.212500,generated_datapath,datapath
serv_synth_wrapper,output136,sky130_fd_sc_hd__clkdlybuf4s50_1,buffer,generated_control,control,1,2,1,1,0.000000,1.000000,0.000000,0.000000,1.000000,0.000000,0.000000,0.500000,0.212500,generated_datapath,datapath
serv_synth_wrapper,output137,sky130_fd_sc_hd__clkdlybuf4s50_1,buffer,generated_control,control,1,2,1,1,0.000000,1.000000,0.000000,0.000000,1.000000,0.000000,0.000000,0.500000,0.212500,generated_datapath,datapath
serv_synth_wrapper,output138,sky130_fd_sc_hd__clkdlybuf4s50_1,buffer,generated_control,control,1,2,12,12,0.750000,0.166667,0.083333,0.750000,0.166667,0.500000,0.500000,0.333333,0.808333,generated_control,control
serv_synth_wrapper,output139,sky130_fd_sc_hd__clkdlybuf4s50_1,buffer,generated_control,control,1,2,4,4,1.000000,0.000000,0.250000,1.000000,0.000000,0.000000,0.000000,0.000000,0.950000,decode_control,control
serv_synth_wrapper,output140,sky130_fd_sc_hd__clkdlybuf4s50_1,buffer,generated_control,control,1,2,2,2,1.000000,0.000000,0.500000,1.000000,0.000000,0.000000,0.000000,0.000000,0.925000,generated_control,control
serv_synth_wrapper,output141,sky130_fd_sc_hd__clkdlybuf4s50_1,buffer,generated_control,control,1,2,2,2,1.000000,0.000000,0.500000,1.000000,0.000000,0.000000,0.000000,0.000000,0.925000,generated_control,control
serv_synth_wrapper,output142,sky130_fd_sc_hd__clkdlybuf4s50_1,buffer,generated_control,control,1,2,2,2,1.000000,0.000000,0.500000,1.000000,0.000000,0.000000,0.000000,0.000000,0.925000,generated_control,control
serv_synth_wrapper,output143,sky130_fd_sc_hd__clkdlybuf4s50_1,buffer,generated_control,control,1,2,2,2,1.000000,0.000000,0.500000,1.000000,0.000000,0.000000,0.000000,0.000000,0.925000,generated_control,control
serv_synth_wrapper,output144,sky130_fd_sc_hd__clkdlybuf4s50_1,buffer,generated_control,control,1,2,2,2,1.000000,0.000000,0.500000,1.000000,0.000000,0.000000,0.000000,0.000000,0.925000,generated_control,control
serv_synth_wrapper,output145,sky130_fd_sc_hd__clkdlybuf4s50_1,buffer,generated_control,control,1,2,2,2,1.000000,0.000000,0.500000,1.000000,0.000000,0.000000,0.000000,0.000000,0.925000,generated_control,control
serv_synth_wrapper,output146,sky130_fd_sc_hd__clkdlybuf4s50_1,buffer,generated_control,control,1,2,2,2,1.000000,0.000000,0.500000,1.000000,0.000000,0.000000,0.000000,0.000000,0.925000,generated_control,control
serv_synth_wrapper,output147,sky130_fd_sc_hd__clkdlybuf4s50_1,buffer,generated_control,control,1,2,2,2,1.000000,0.000000,0.500000,1.000000,0.000000,0.000000,0.000000,0.000000,0.925000,generated_control,control
serv_synth_wrapper,output148,sky130_fd_sc_hd__clkdlybuf4s50_1,buffer,generated_control,control,1,2,2,2,1.000000,0.000000,0.500000,1.000000,0.000000,0.000000,0.000000,0.000000,0.925000,generated_control,control
serv_synth_wrapper,output149,sky130_fd_sc_hd__clkdlybuf4s50_1,buffer,generated_control,control,1,2,2,2,1.000000,0.000000,0.500000,1.000000,0.000000,0.000000,0.000000,0.000000,0.925000,generated_control,control
serv_synth_wrapper,output150,sky130_fd_sc_hd__clkdlybuf4s50_1,buffer,generated_control,control,1,2,2,2,1.000000,0.000000,0.500000,1.000000,0.000000,0.000000,0.000000,0.000000,0.925000,generated_control,control
serv_synth_wrapper,output151,sky130_fd_sc_hd__clkdlybuf4s50_1,buffer,generated_control,control,1,2,2,2,1.000000,0.000000,0.500000,1.000000,0.000000,0.000000,0.000000,0.000000,0.925000,generated_control,control
serv_synth_wrapper,output152,sky130_fd_sc_hd__clkdlybuf4s50_1,buffer,generated_control,control,1,2,2,2,1.000000,0.000000,0.500000,1.000000,0.000000,0.000000,0.000000,0.000000,0.925000,generated_control,control
serv_synth_wrapper,output153,sky130_fd_sc_hd__clkdlybuf4s50_1,buffer,generated_control,control,1,2,2,2,1.000000,0.000000,0.500000,1.000000,0.000000,0.000000,0.000000,0.000000,0.925000,generated_control,control
serv_synth_wrapper,output154,sky130_fd_sc_hd__clkdlybuf4s50_1,buffer,generated_control,control,1,2,2,2,1.000000,0.000000,0.500000,1.000000,0.000000,0.000000,0.000000,0.000000,0.925000,generated_control,control
serv_synth_wrapper,output155,sky130_fd_sc_hd__clkdlybuf4s50_1,buffer,generated_control,control,1,2,2,2,1.000000,0.000000,0.500000,1.000000,0.000000,0.000000,0.000000,0.000000,0.925000,generated_control,control
serv_synth_wrapper,output156,sky130_fd_sc_hd__clkdlybuf4s50_1,buffer,generated_control,control,1,2,2,2,1.000000,0.000000,0.500000,1.000000,0.000000,0.000000,0.000000,0.000000,0.925000,generated_control,control
serv_synth_wrapper,output157,sky130_fd_sc_hd__clkdlybuf4s50_1,buffer,generated_control,control,1,2,2,2,1.000000,0.000000,0.500000,1.000000,0.000000,0.000000,0.000000,0.000000,0.925000,generated_control,control
serv_synth_wrapper,output158,sky130_fd_sc_hd__clkdlybuf4s50_1,buffer,generated_control,control,1,2,2,2,1.000000,0.000000,0.500000,1.000000,0.000000,0.000000,0.000000,0.000000,0.925000,generated_control,control
serv_synth_wrapper,output159,sky130_fd_sc_hd__clkdlybuf4s50_1,buffer,generated_control,control,1,2,2,2,1.000000,0.000000,0.500000,1.000000,0.000000,0.000000,0.000000,0.000000,0.925000,generated_control,control
serv_synth_wrapper,output160,sky130_fd_sc_hd__clkdlybuf4s50_1,buffer,generated_control,control,1,2,2,2,1.000000,0.000000,0.500000,1.000000,0.000000,0.000000,0.000000,0.000000,0.925000,generated_control,control
serv_synth_wrapper,output161,sky130_fd_sc_hd__clkdlybuf4s50_1,buffer,generated_control,control,1,2,2,2,1.000000,0.000000,0.500000,1.000000,0.000000,0.000000,0.000000,0.000000,0.925000,generated_control,control
serv_synth_wrapper,output162,sky130_fd_sc_hd__clkdlybuf4s50_1,buffer,generated_control,control,1,2,2,2,1.000000,0.000000,0.500000,1.000000,0.000000,0.000000,0.000000,0.000000,0.925000,generated_control,control
serv_synth_wrapper,output163,sky130_fd_sc_hd__clkdlybuf4s50_1,buffer,generated_control,control,1,2,2,2,1.000000,0.000000,0.500000,1.000000,0.000000,0.000000,0.000000,0.000000,0.925000,generated_control,control
serv_synth_wrapper,output164,sky130_fd_sc_hd__clkdlybuf4s50_1,buffer,generated_control,control,1,2,2,2,1.000000,0.000000,0.500000,1.000000,0.000000,0.000000,0.000000,0.000000,0.925000,generated_control,control
serv_synth_wrapper,output165,sky130_fd_sc_hd__clkdlybuf4s50_1,buffer,generated_control,control,1,2,2,2,1.000000,0.000000,0.500000,1.000000,0.000000,0.000000,0.000000,0.000000,0.925000,generated_control,control
serv_synth_wrapper,output166,sky130_fd_sc_hd__clkdlybuf4s50_1,buffer,generated_control,control,1,2,2,2,1.000000,0.000000,0.500000,1.000000,0.000000,0.000000,0.000000,0.000000,0.925000,generated_control,control
serv_synth_wrapper,output167,sky130_fd_sc_hd__clkdlybuf4s50_1,buffer,generated_control,control,1,2,2,2,1.000000,0.000000,0.500000,1.000000,0.000000,0.000000,0.000000,0.000000,0.925000,generated_control,control
serv_synth_wrapper,output168,sky130_fd_sc_hd__clkdlybuf4s50_1,buffer,generated_control,control,1,2,2,2,1.000000,0.000000,0.500000,1.000000,0.000000,0.000000,0.000000,0.000000,0.925000,generated_control,control
serv_synth_wrapper,output169,sky130_fd_sc_hd__clkdlybuf4s50_1,buffer,generated_control,control,1,2,2,2,1.000000,0.000000,0.500000,1.000000,0.000000,0.000000,0.000000,0.000000,0.925000,generated_control,control
serv_synth_wrapper,output170,sky130_fd_sc_hd__clkdlybuf4s50_1,buffer,generated_control,control,1,2,2,2,1.000000,0.000000,0.500000,1.000000,0.000000,0.000000,0.000000,0.000000,0.925000,generated_control,control
serv_synth_wrapper,output171,sky130_fd_sc_hd__clkdlybuf4s50_1,buffer,generated_control,control,1,2,1,1,1.000000,0.000000,0.000000,1.000000,0.000000,0.000000,0.000000,0.000000,0.912500,generated_control,control
serv_synth_wrapper,output172,sky130_fd_sc_hd__clkdlybuf4s50_1,buffer,register_file,datapath,10,2,4,4,0.500000,0.500000,0.250000,0.500000,0.500000,0.500000,0.000000,0.425000,0.600000,generated_control,control
serv_synth_wrapper,output173,sky130_fd_sc_hd__clkdlybuf4s50_1,buffer,register_file,datapath,10,2,5,5,0.600000,0.400000,0.200000,0.400000,0.600000,0.500000,0.000000,0.475000,0.542500,generated_control,control
serv_synth_wrapper,output174,sky130_fd_sc_hd__clkdlybuf4s50_1,buffer,register_file,datapath,10,2,3,3,0.666667,0.333333,0.333333,0.333333,0.666667,0.500000,0.000000,0.508333,0.470833,generated_control,control
serv_synth_wrapper,output175,sky130_fd_sc_hd__clkdlybuf4s50_1,buffer,register_file,datapath,10,2,3,3,0.333333,0.666667,0.333333,0.666667,0.333333,0.500000,0.000000,0.341667,0.704167,generated_datapath,datapath
serv_synth_wrapper,output176,sky130_fd_sc_hd__clkdlybuf4s50_1,buffer,register_file,datapath,10,2,1,1,0.000000,1.000000,0.000000,1.000000,0.000000,0.000000,0.000000,0.000000,0.912500,generated_datapath,datapath
serv_synth_wrapper,output177,sky130_fd_sc_hd__clkdlybuf4s50_1,buffer,register_file,datapath,10,2,1,1,0.000000,0.000000,0.000000,0.000000,0.000000,0.000000,0.000000,0.000000,0.012500,unclassified,unknown
serv_synth_wrapper,output178,sky130_fd_sc_hd__clkdlybuf4s50_1,buffer,register_file,datapath,10,2,1,1,0.000000,1.000000,0.000000,1.000000,0.000000,0.000000,0.000000,0.000000,0.912500,generated_datapath,datapath
serv_synth_wrapper,output179,sky130_fd_sc_hd__clkdlybuf4s50_1,buffer,register_file,datapath,10,2,1,1,0.000000,1.000000,0.000000,1.000000,0.000000,0.000000,0.000000,0.000000,0.912500,generated_datapath,datapath
serv_synth_wrapper,output180,sky130_fd_sc_hd__clkdlybuf4s50_1,buffer,register_file,datapath,10,2,1,1,0.000000,1.000000,0.000000,1.000000,0.000000,0.000000,0.000000,0.000000,0.912500,generated_datapath,datapath
serv_synth_wrapper,output181,sky130_fd_sc_hd__clkdlybuf4s50_1,buffer,register_file,datapath,10,2,1,1,0.000000,1.000000,0.000000,1.000000,0.000000,0.000000,0.000000,0.000000,0.912500,generated_datapath,datapath
serv_synth_wrapper,output182,sky130_fd_sc_hd__clkdlybuf4s50_1,buffer,register_file,datapath,10,2,4,4,0.500000,0.500000,0.250000,0.500000,0.500000,0.500000,0.000000,0.425000,0.600000,generated_control,control
serv_synth_wrapper,output183,sky130_fd_sc_hd__clkdlybuf4s50_1,buffer,register_file,datapath,10,2,2,2,0.500000,0.500000,0.000000,0.500000,0.500000,0.500000,0.000000,0.425000,0.575000,generated_control,control
serv_synth_wrapper,output184,sky130_fd_sc_hd__clkdlybuf4s50_1,buffer,register_file,datapath,10,2,1,1,1.000000,0.000000,0.000000,0.000000,1.000000,0.000000,0.000000,0.500000,0.212500,generated_control,control
serv_synth_wrapper,output185,sky130_fd_sc_hd__clkdlybuf4s50_1,buffer,register_file,datapath,10,2,1,1,0.000000,1.000000,0.000000,1.000000,0.000000,0.000000,0.000000,0.000000,0.912500,generated_datapath,datapath
serv_synth_wrapper,output186,sky130_fd_sc_hd__clkdlybuf4s50_1,buffer,register_file,datapath,10,2,1,1,0.000000,0.000000,0.000000,0.000000,0.000000,0.000000,0.000000,0.000000,0.012500,unclassified,unknown
serv_synth_wrapper,output187,sky130_fd_sc_hd__clkdlybuf4s50_1,buffer,register_file,datapath,10,2,1,1,0.000000,1.000000,0.000000,1.000000,0.000000,0.000000,0.000000,0.000000,0.912500,generated_datapath,datapath
serv_synth_wrapper,output188,sky130_fd_sc_hd__clkdlybuf4s50_1,buffer,register_file,datapath,10,2,1,1,1.000000,0.000000,0.000000,0.000000,1.000000,0.000000,0.000000,0.500000,0.212500,generated_control,control
serv_synth_wrapper,output189,sky130_fd_sc_hd__clkdlybuf4s50_1,buffer,register_file,datapath,10,2,1,1,1.000000,0.000000,0.000000,0.000000,1.000000,0.000000,0.000000,0.500000,0.212500,generated_control,control
serv_synth_wrapper,output190,sky130_fd_sc_hd__clkdlybuf4s50_1,buffer,register_file,datapath,10,2,1,1,1.000000,0.000000,0.000000,0.000000,1.000000,0.000000,0.000000,0.500000,0.212500,generated_control,control
serv_synth_wrapper,output191,sky130_fd_sc_hd__clkdlybuf4s50_1,buffer,register_file,datapath,10,2,1,1,1.000000,0.000000,0.000000,0.000000,1.000000,0.000000,0.000000,0.500000,0.212500,generated_control,control
serv_synth_wrapper,output192,sky130_fd_sc_hd__clkdlybuf4s50_1,buffer,register_file,datapath,10,2,1,1,0.000000,1.000000,0.000000,1.000000,0.000000,0.000000,0.000000,0.000000,0.912500,register_file,datapath
serv_synth_wrapper,output193,sky130_fd_sc_hd__clkdlybuf4s50_1,buffer,register_file,datapath,10,2,1,1,0.000000,1.000000,0.000000,1.000000,0.000000,0.000000,0.000000,0.000000,0.912500,register_file,datapath
serv_synth_wrapper,output194,sky130_fd_sc_hd__clkdlybuf4s50_1,buffer,generated_control,control,1,2,1,1,0.000000,1.000000,0.000000,0.000000,1.000000,0.000000,0.000000,0.500000,0.212500,generated_datapath,datapath
serv_synth_wrapper,output71,sky130_fd_sc_hd__clkdlybuf4s50_1,buffer,generated_control,control,1,2,2,2,1.000000,0.000000,1.000000,1.000000,0.000000,0.000000,0.000000,0.000000,0.925000,pipeline_state,control
serv_synth_wrapper,output72,sky130_fd_sc_hd__clkdlybuf4s50_1,buffer,generated_control,control,1,2,2,2,1.000000,0.000000,1.000000,1.000000,0.000000,0.000000,0.000000,0.000000,0.925000,pipeline_state,control
serv_synth_wrapper,output73,sky130_fd_sc_hd__clkdlybuf4s50_1,buffer,generated_control,control,1,2,2,2,1.000000,0.000000,1.000000,1.000000,0.000000,0.000000,0.000000,0.000000,0.925000,pipeline_state,control
serv_synth_wrapper,output74,sky130_fd_sc_hd__clkdlybuf4s50_1,buffer,generated_control,control,1,2,2,2,1.000000,0.000000,1.000000,1.000000,0.000000,0.000000,0.000000,0.000000,0.925000,pipeline_state,control
serv_synth_wrapper,output75,sky130_fd_sc_hd__clkdlybuf4s50_1,buffer,generated_control,control,1,2,2,2,1.000000,0.000000,1.000000,1.000000,0.000000,0.000000,0.000000,0.000000,0.925000,pipeline_state,control
serv_synth_wrapper,output76,sky130_fd_sc_hd__clkdlybuf4s50_1,buffer,generated_control,control,1,2,2,2,1.000000,0.000000,1.000000,1.000000,0.000000,0.000000,0.000000,0.000000,0.925000,pipeline_state,control
serv_synth_wrapper,output77,sky130_fd_sc_hd__clkdlybuf4s50_1,buffer,generated_control,control,1,2,2,2,1.000000,0.000000,1.000000,1.000000,0.000000,0.000000,0.000000,0.000000,0.925000,pipeline_state,control
serv_synth_wrapper,output78,sky130_fd_sc_hd__clkdlybuf4s50_1,buffer,generated_control,control,1,2,2,2,1.000000,0.000000,1.000000,1.000000,0.000000,0.000000,0.000000,0.000000,0.925000,pipeline_state,control
serv_synth_wrapper,output79,sky130_fd_sc_hd__clkdlybuf4s50_1,buffer,generated_control,control,1,2,2,2,1.000000,0.000000,1.000000,1.000000,0.000000,0.000000,0.000000,0.000000,0.925000,pipeline_state,control
serv_synth_wrapper,output80,sky130_fd_sc_hd__clkdlybuf4s50_1,buffer,generated_control,control,1,2,2,2,1.000000,0.000000,1.000000,1.000000,0.000000,0.000000,0.000000,0.000000,0.925000,pipeline_state,control
serv_synth_wrapper,output81,sky130_fd_sc_hd__clkdlybuf4s50_1,buffer,generated_control,control,1,2,2,2,1.000000,0.000000,1.000000,1.000000,0.000000,0.000000,0.000000,0.000000,0.925000,pipeline_state,control
serv_synth_wrapper,output82,sky130_fd_sc_hd__clkdlybuf4s50_1,buffer,generated_control,control,1,2,2,2,1.000000,0.000000,1.000000,1.000000,0.000000,0.000000,0.000000,0.000000,0.925000,pipeline_state,control
serv_synth_wrapper,output83,sky130_fd_sc_hd__clkdlybuf4s50_1,buffer,generated_control,control,1,2,2,2,1.000000,0.000000,1.000000,1.000000,0.000000,0.000000,0.000000,0.000000,0.925000,pipeline_state,control
serv_synth_wrapper,output84,sky130_fd_sc_hd__clkdlybuf4s50_1,buffer,generated_control,control,1,2,2,2,1.000000,0.000000,1.000000,1.000000,0.000000,0.000000,0.000000,0.000000,0.925000,pipeline_state,control
serv_synth_wrapper,output85,sky130_fd_sc_hd__clkdlybuf4s50_1,buffer,generated_control,control,1,2,2,2,1.000000,0.000000,1.000000,1.000000,0.000000,0.000000,0.000000,0.000000,0.925000,pipeline_state,control
serv_synth_wrapper,output86,sky130_fd_sc_hd__clkdlybuf4s50_1,buffer,generated_control,control,1,2,2,2,1.000000,0.000000,1.000000,1.000000,0.000000,0.000000,0.000000,0.000000,0.925000,pipeline_state,control
serv_synth_wrapper,output87,sky130_fd_sc_hd__clkdlybuf4s50_1,buffer,generated_control,control,1,2,2,2,1.000000,0.000000,1.000000,1.000000,0.000000,0.000000,0.000000,0.000000,0.925000,pipeline_state,control
serv_synth_wrapper,output88,sky130_fd_sc_hd__clkdlybuf4s50_1,buffer,generated_control,control,1,2,2,2,1.000000,0.000000,1.000000,1.000000,0.000000,0.000000,0.000000,0.000000,0.925000,pipeline_state,control
serv_synth_wrapper,output89,sky130_fd_sc_hd__clkdlybuf4s50_1,buffer,generated_control,control,1,2,2,2,1.000000,0.000000,1.000000,1.000000,0.000000,0.000000,0.000000,0.000000,0.925000,pipeline_state,control
serv_synth_wrapper,output90,sky130_fd_sc_hd__clkdlybuf4s50_1,buffer,generated_control,control,1,2,2,2,1.000000,0.000000,1.000000,1.000000,0.000000,0.000000,0.000000,0.000000,0.925000,pipeline_state,control
serv_synth_wrapper,output91,sky130_fd_sc_hd__clkdlybuf4s50_1,buffer,generated_control,control,1,2,2,2,1.000000,0.000000,0.500000,1.000000,0.000000,0.000000,0.000000,0.000000,0.925000,generated_control,control
serv_synth_wrapper,output92,sky130_fd_sc_hd__clkdlybuf4s50_1,buffer,generated_control,control,1,2,2,2,1.000000,0.000000,1.000000,1.000000,0.000000,0.000000,0.000000,0.000000,0.925000,pipeline_state,control
serv_synth_wrapper,output93,sky130_fd_sc_hd__clkdlybuf4s50_1,buffer,generated_control,control,1,2,3,3,1.000000,0.000000,0.666667,1.000000,0.000000,0.000000,0.000000,0.000000,0.937500,pipeline_state,control
serv_synth_wrapper,output94,sky130_fd_sc_hd__clkdlybuf4s50_1,buffer,generated_control,control,1,2,2,2,1.000000,0.000000,1.000000,1.000000,0.000000,0.000000,0.000000,0.000000,0.925000,pipeline_state,control
serv_synth_wrapper,output95,sky130_fd_sc_hd__clkdlybuf4s50_1,buffer,generated_control,control,1,2,2,2,1.000000,0.000000,1.000000,1.000000,0.000000,0.000000,0.000000,0.000000,0.925000,pipeline_state,control
serv_synth_wrapper,output96,sky130_fd_sc_hd__clkdlybuf4s50_1,buffer,generated_control,control,1,2,2,2,1.000000,0.000000,1.000000,1.000000,0.000000,0.000000,0.000000,0.000000,0.925000,pipeline_state,control
serv_synth_wrapper,output97,sky130_fd_sc_hd__clkdlybuf4s50_1,buffer,generated_control,control,1,2,2,2,1.000000,0.000000,1.000000,1.000000,0.000000,0.000000,0.000000,0.000000,0.925000,pipeline_state,control
serv_synth_wrapper,output98,sky130_fd_sc_hd__clkdlybuf4s50_1,buffer,generated_control,control,1,2,2,2,1.000000,0.000000,1.000000,1.000000,0.000000,0.000000,0.000000,0.000000,0.925000,pipeline_state,control
serv_synth_wrapper,output99,sky130_fd_sc_hd__clkdlybuf4s50_1,buffer,generated_control,control,1,2,2,2,1.000000,0.000000,1.000000,1.000000,0.000000,0.000000,0.000000,0.000000,0.925000,pipeline_state,control
serv_synth_wrapper,place203,sky130_fd_sc_hd__buf_4,buffer,generated_control,control,1,2,34,34,0.970588,0.029412,0.882353,0.970588,0.029412,0.000000,0.500000,0.089706,0.979412,pipeline_state,control
serv_synth_wrapper,place204,sky130_fd_sc_hd__buf_4,buffer,generated_control,control,1,2,10,10,0.900000,0.000000,0.900000,0.900000,0.000000,0.000000,0.500000,0.075000,0.910000,pipeline_state,control
serv_synth_wrapper,place205,sky130_fd_sc_hd__buf_4,buffer,generated_control,control,1,2,33,33,0.969697,0.030303,0.969697,0.969697,0.030303,0.000000,0.500000,0.090152,0.978788,decode_control,control
serv_synth_wrapper,place206,sky130_fd_sc_hd__buf_4,buffer,generated_control,control,1,2,10,10,0.400000,0.400000,0.000000,0.400000,0.400000,0.500000,0.500000,0.450000,0.540000,generated_control,control
serv_synth_wrapper,place207,sky130_fd_sc_hd__buf_4,buffer,generated_control,control,1,2,24,24,0.708333,0.166667,0.083333,0.708333,0.166667,0.500000,0.500000,0.333333,0.770833,generated_control,control
serv_synth_wrapper,place208,sky130_fd_sc_hd__buf_4,buffer,decode_control,control,8,2,22,22,0.863636,0.090909,0.045455,0.863636,0.090909,0.500000,0.500000,0.295455,0.895455,generated_control,control
serv_synth_wrapper,place209,sky130_fd_sc_hd__buf_4,buffer,execute_alu,datapath,9,2,27,27,0.740741,0.222222,0.037037,0.222222,0.740741,0.500000,0.500000,0.620370,0.448148,decode_control,control
serv_synth_wrapper,place210,sky130_fd_sc_hd__buf_4,buffer,generated_control,control,1,2,50,50,0.880000,0.120000,0.000000,0.880000,0.120000,0.500000,1.000000,0.385000,0.916000,generated_control,control
serv_synth_wrapper,place211,sky130_fd_sc_hd__buf_4,buffer,generated_control,control,1,2,55,55,0.727273,0.272727,0.272727,0.727273,0.272727,1.000000,1.000000,0.636364,0.809091,generated_control,control
serv_synth_wrapper,place212,sky130_fd_sc_hd__buf_4,buffer,generated_control,control,1,2,43,43,0.813953,0.186047,0.000000,0.813953,0.186047,0.500000,0.500000,0.343023,0.869767,generated_control,control
serv_synth_wrapper,rf_ram_if.rcnt[0]$_SDFF_PP0_,sky130_fd_sc_hd__dfxtp_1,sequential,pipeline_state,control,3,3,34,35,0.600000,0.342857,0.314286,0.600000,0.342857,0.333333,0.666667,0.388095,0.708571,generated_datapath,control
serv_synth_wrapper,rf_ram_if.rcnt[1]$_SDFF_PP0_,sky130_fd_sc_hd__dfxtp_1,sequential,pipeline_state,control,3,3,16,16,0.750000,0.250000,0.625000,0.750000,0.250000,0.333333,0.333333,0.291667,0.825000,decode_control,control
serv_synth_wrapper,rf_ram_if.rcnt[2]$_SDFF_PP0_,sky130_fd_sc_hd__dfxtp_1,sequential,pipeline_state,control,3,3,16,16,0.812500,0.187500,0.562500,0.812500,0.187500,0.333333,0.333333,0.260417,0.868750,pipeline_state,control
serv_synth_wrapper,rf_ram_if.rcnt[3]$_SDFF_PP0_,sky130_fd_sc_hd__dfxtp_1,sequential,pipeline_state,control,3,3,22,22,0.909091,0.090909,0.818182,0.909091,0.090909,0.333333,0.333333,0.212121,0.936364,pipeline_state,control
serv_synth_wrapper,rf_ram_if.rcnt[4]$_SDFF_PP0_,sky130_fd_sc_hd__dfxtp_1,sequential,pipeline_state,control,3,3,17,17,0.823529,0.176471,0.764706,0.823529,0.176471,0.000000,0.333333,0.138235,0.876471,pipeline_state,control
serv_synth_wrapper,rf_ram_if.rdata0[0]$_DFF_P_,sky130_fd_sc_hd__dfxtp_1,sequential,register_file,datapath,10,3,23,23,0.652174,0.347826,0.608696,0.347826,0.652174,0.333333,0.666667,0.542754,0.543478,execute_alu,control
serv_synth_wrapper,rf_ram_if.rdata0[1]$_SDFF_PN0_,sky130_fd_sc_hd__dfxtp_1,sequential,register_file,datapath,10,3,12,12,0.500000,0.500000,0.750000,0.500000,0.500000,0.333333,0.333333,0.416667,0.650000,register_file,control
serv_synth_wrapper,rf_ram_if.rdata1$_DFFE_PP_,sky130_fd_sc_hd__edfxtp_1,sequential,register_file,datapath,10,4,13,14,0.428571,0.571429,0.714286,0.571429,0.428571,0.500000,0.250000,0.426786,0.700000,register_file,datapath
serv_synth_wrapper,rf_ram_if.rgnt$_SDFF_PP0_,sky130_fd_sc_hd__dfxtp_1,sequential,pipeline_state,control,3,3,11,11,0.909091,0.090909,0.818182,0.909091,0.090909,0.000000,0.333333,0.095455,0.936364,pipeline_state,control
serv_synth_wrapper,rf_ram_if.rreq_r$_SDFF_PP0_,sky130_fd_sc_hd__dfxtp_1,sequential,pipeline_state,control,3,3,12,12,1.000000,0.000000,0.833333,1.000000,0.000000,0.000000,0.333333,0.050000,1.000000,decode_control,control
serv_synth_wrapper,rf_ram_if.rtrig1$_DFF_P_,sky130_fd_sc_hd__dfxtp_1,sequential,pipeline_state,control,3,3,17,17,0.764706,0.235294,0.882353,0.764706,0.235294,0.333333,0.333333,0.284314,0.835294,pipeline_state,control
serv_synth_wrapper,rf_ram_if.wdata0_r[0]$_DFF_P_,sky130_fd_sc_hd__dfxtp_1,sequential,register_file,datapath,10,3,13,13,0.384615,0.615385,0.769231,0.615385,0.384615,0.333333,0.333333,0.358974,0.730769,register_file,datapath
serv_synth_wrapper,rf_ram_if.wdata0_r[1]$_DFF_P_,sky130_fd_sc_hd__dfxtp_1,sequential,register_file,datapath,10,3,11,11,0.545455,0.454545,0.818182,0.454545,0.545455,0.333333,0.333333,0.439394,0.618182,register_file,control
serv_synth_wrapper,rf_ram_if.wdata1_r[0]$_DFF_P_,sky130_fd_sc_hd__dfxtp_1,sequential,register_file,datapath,10,3,12,13,0.384615,0.615385,0.769231,0.615385,0.384615,0.333333,0.333333,0.358974,0.730769,register_file,datapath
serv_synth_wrapper,rf_ram_if.wdata1_r[1]$_DFF_P_,sky130_fd_sc_hd__dfxtp_1,sequential,register_file,datapath,10,3,11,13,0.384615,0.615385,0.846154,0.615385,0.384615,0.333333,0.333333,0.358974,0.730769,register_file,datapath
serv_synth_wrapper,rf_ram_if.wdata1_r[2]$_DFF_P_,sky130_fd_sc_hd__dfxtp_1,sequential,register_file,datapath,10,3,11,12,0.416667,0.583333,0.833333,0.583333,0.416667,0.333333,0.333333,0.375000,0.708333,register_file,datapath
serv_synth_wrapper,rf_ram_if.wen0_r$_DFFE_PP_,sky130_fd_sc_hd__edfxtp_1,sequential,pipeline_state,control,3,4,32,33,0.454545,0.484848,0.303030,0.454545,0.484848,0.500000,0.500000,0.492424,0.606061,generated_datapath,datapath
serv_synth_wrapper,rf_ram_if.wen1_r$_DFFE_PP_,sky130_fd_sc_hd__edfxtp_1,sequential,pipeline_state,control,3,4,38,39,0.589744,0.358974,0.410256,0.589744,0.358974,0.500000,0.500000,0.429487,0.702564,generated_datapath,control
