instance,architecture_unit,physical_observability_bucket,physical_confidence_weight,physical_scoring_recommendation,placed,placement_region,mean_net_hpwl_um,max_net_hpwl_um,total_net_hpwl_um,max_net_fanout,clock_reset_net_count,long_net_exposure_score,fanout_exposure_score,clock_reset_exposure_score,raw_physical_score,physical_context_score
_466_,generated_control,high,1.000,use_physical_features,1,south_west,35.450,122.180,141.800,43,0,0.468517,0.708333,0.000000,0.495110,0.495110
_467_,generated_control,high,1.000,use_physical_features,1,south_west,35.125,122.180,140.500,43,0,0.467707,0.708333,0.000000,0.494770,0.494770
_468_,generated_control,high,1.000,use_physical_features,1,south_west,38.735,122.180,154.940,43,0,0.476702,0.708333,0.000000,0.498548,0.498548
_469_,generated_control,high,1.000,use_physical_features,1,south_west,32.950,122.180,131.800,43,0,0.462287,0.708333,0.000000,0.492494,0.492494
_470_,generated_control,high,1.000,use_physical_features,1,south_west,45.005,122.180,180.020,43,0,0.532326,0.708333,0.000000,0.521910,0.521910
_472_,generated_control,high,1.000,use_physical_features,1,south_west,33.065,122.180,132.260,43,0,0.462574,0.708333,0.000000,0.492614,0.492614
_473_,generated_control,high,1.000,use_physical_features,1,south_west,33.170,122.180,132.680,43,0,0.462836,0.708333,0.000000,0.492724,0.492724
_474_,generated_control,high,1.000,use_physical_features,1,south_west,36.140,122.180,144.560,43,0,0.470236,0.708333,0.000000,0.495833,0.495833
_475_,generated_control,high,1.000,use_physical_features,1,south_west,33.870,122.180,135.480,43,0,0.464580,0.708333,0.000000,0.493457,0.493457
_476_,generated_control,high,1.000,use_physical_features,1,south_west,33.535,122.180,134.140,43,0,0.463745,0.708333,0.000000,0.493106,0.493106
_477_,generated_control,high,1.000,use_physical_features,1,south_west,32.930,122.180,131.720,43,0,0.462238,0.708333,0.000000,0.492473,0.492473
_478_,generated_control,high,1.000,use_physical_features,1,south_center,34.865,122.180,139.460,43,0,0.467059,0.708333,0.000000,0.494498,0.494498
_479_,generated_control,high,1.000,use_physical_features,1,south_center,33.860,122.180,135.440,43,0,0.464555,0.708333,0.000000,0.493446,0.493446
_480_,generated_control,high,1.000,use_physical_features,1,south_west,39.895,122.180,159.580,43,0,0.479593,0.708333,0.000000,0.499762,0.499762
_481_,generated_control,high,1.000,use_physical_features,1,south_west,33.505,122.180,134.020,43,0,0.463670,0.708333,0.000000,0.493075,0.493075
_483_,generated_control,high,1.000,use_physical_features,1,south_west,35.095,122.180,140.380,43,0,0.467632,0.708333,0.000000,0.494739,0.494739
_484_,generated_control,high,1.000,use_physical_features,1,south_west,33.840,122.180,135.360,43,0,0.464505,0.708333,0.000000,0.493425,0.493425
_485_,generated_control,high,1.000,use_physical_features,1,south_center,33.045,122.180,132.180,43,0,0.462524,0.708333,0.000000,0.492593,0.492593
_486_,generated_control,high,1.000,use_physical_features,1,south_center,36.685,122.180,146.740,43,0,0.471594,0.708333,0.000000,0.496403,0.496403
_487_,generated_control,high,1.000,use_physical_features,1,south_center,33.160,122.180,132.640,43,0,0.462811,0.708333,0.000000,0.492714,0.492714
_488_,generated_control,high,1.000,use_physical_features,1,south_center,32.950,122.180,131.800,43,0,0.462287,0.708333,0.000000,0.492494,0.492494
_495_,decode_control,low,0.350,use_only_for_diagnostics,1,middle_center,60.380,85.640,181.140,22,0,0.431286,0.449225,0.000000,0.406923,0.142423
_499_,csr,medium,0.700,use_with_confidence_weight,1,middle_center,36.380,75.680,109.140,10,0,0.358703,0.209496,0.000000,0.309314,0.216520
_500_,decode_control,low,0.350,use_only_for_diagnostics,1,middle_center,67.613,94.540,202.840,21,0,0.469584,0.434109,0.000000,0.418776,0.146572
_502_,decode_control,low,0.350,use_only_for_diagnostics,1,middle_center,75.324,103.120,376.620,27,0,0.681730,0.641473,0.000000,0.565939,0.198079
_503_,generated_datapath,high,1.000,use_physical_features,1,middle_center,33.080,85.640,132.320,22,0,0.360874,0.390891,0.000000,0.361017,0.361017
_504_,generated_control,high,1.000,use_physical_features,1,middle_center,27.400,68.940,82.200,8,0,0.283154,0.120930,0.000000,0.252785,0.252785
_505_,generated_control,high,1.000,use_physical_features,1,middle_center,46.940,68.940,187.760,13,0,0.428913,0.313178,0.000000,0.367833,0.367833
_506_,generated_control,high,1.000,use_physical_features,1,south_center,22.360,33.760,89.440,6,0,0.229714,0.090698,0.000000,0.221875,0.221875
_507_,generated_control,high,1.000,use_physical_features,1,south_center,15.250,29.580,61.000,6,0,0.160359,0.090698,0.000000,0.192746,0.192746
_508_,generated_datapath,high,1.000,use_physical_features,1,south_center,13.487,33.180,40.460,4,0,0.157587,0.060465,0.000000,0.183117,0.183117
_510_,generated_control,high,1.000,use_physical_features,1,middle_center,54.756,55.600,273.780,13,0,0.525357,0.429845,0.000000,0.441006,0.441006
_511_,generated_control,high,1.000,use_physical_features,1,middle_center,55.360,102.320,166.080,27,0,0.468346,0.466473,0.000000,0.427318,0.427318
_512_,csr,medium,0.700,use_with_confidence_weight,1,middle_center,48.120,85.640,192.480,22,0,0.478351,0.449225,0.000000,0.426690,0.298683
_513_,csr,medium,0.700,use_with_confidence_weight,1,middle_center,34.000,75.680,204.000,10,0,0.457796,0.209496,0.000000,0.350933,0.245653
_514_,decode_control,low,0.350,use_only_for_diagnostics,1,middle_east,71.070,83.580,142.140,21,0,0.401256,0.434109,0.000000,0.390078,0.136527
_515_,generated_control,high,1.000,use_physical_features,1,middle_center,52.960,85.640,158.880,22,0,0.417419,0.449225,0.000000,0.401099,0.401099
_516_,generated_datapath,high,1.000,use_physical_features,1,south_center,31.675,59.140,126.700,12,0,0.323590,0.239729,0.000000,0.303032,0.303032
_517_,generated_control,high,1.000,use_physical_features,1,south_center,27.780,44.720,111.120,12,0,0.313735,0.239729,0.000000,0.298893,0.298893
_518_,unclassified,high,1.000,use_physical_features,1,middle_center,30.687,55.600,184.120,11,0,0.389503,0.282946,0.000000,0.342816,0.342816
_519_,generated_control,high,1.000,use_physical_features,1,south_center,43.320,122.180,129.960,43,0,0.461141,0.708333,0.000000,0.492013,0.492013
_520_,generated_datapath,high,1.000,use_physical_features,1,south_center,36.110,122.180,144.440,43,0,0.470161,0.708333,0.000000,0.495801,0.495801
_522_,generated_control,high,1.000,use_physical_features,1,south_center,18.253,29.580,54.760,6,0,0.156472,0.090698,0.000000,0.191113,0.191113
_523_,generated_control,high,1.000,use_physical_features,1,south_center,7.320,16.480,21.960,3,0,0.059565,0.045349,0.000000,0.137715,0.137715
_524_,generated_datapath,high,1.000,use_physical_features,1,south_center,8.213,18.660,24.640,5,0,0.067304,0.075581,0.000000,0.149430,0.149430
_525_,generated_control,high,1.000,use_physical_features,1,south_center,19.047,44.720,57.140,12,0,0.200108,0.239729,0.000000,0.251169,0.251169
_526_,generated_datapath,high,1.000,use_physical_features,1,south_center,22.340,44.720,89.360,12,0,0.260180,0.239729,0.000000,0.276399,0.276399
_527_,generated_control,high,1.000,use_physical_features,1,south_center,48.313,122.180,144.940,43,0,0.470473,0.708333,0.000000,0.495932,0.495932
_528_,generated_datapath,high,1.000,use_physical_features,1,south_center,34.185,122.180,136.740,43,0,0.465365,0.708333,0.000000,0.493787,0.493787
_529_,generated_datapath,high,1.000,use_physical_features,1,south_center,14.267,29.580,42.800,6,0,0.149021,0.090698,0.000000,0.187984,0.187984
_530_,generated_control,high,1.000,use_physical_features,1,south_center,17.905,44.720,71.620,12,0,0.209128,0.239729,0.000000,0.254958,0.254958
_531_,generated_control,high,1.000,use_physical_features,1,south_center,48.913,122.180,146.740,43,0,0.471594,0.708333,0.000000,0.496403,0.496403
_532_,generated_datapath,high,1.000,use_physical_features,1,south_center,33.620,122.180,134.480,43,0,0.463957,0.708333,0.000000,0.493195,0.493195
_533_,generated_datapath,high,1.000,use_physical_features,1,south_center,16.353,21.080,49.060,6,0,0.089254,0.090698,0.000000,0.162882,0.162882
_534_,generated_control,high,1.000,use_physical_features,1,south_center,19.507,44.720,58.520,12,0,0.200968,0.239729,0.000000,0.251530,0.251530
_535_,generated_datapath,high,1.000,use_physical_features,1,south_center,19.945,44.720,79.780,12,0,0.254212,0.239729,0.000000,0.273893,0.273893
_536_,generated_control,high,1.000,use_physical_features,1,south_center,45.147,122.180,135.440,43,0,0.464555,0.708333,0.000000,0.493446,0.493446
_537_,generated_datapath,high,1.000,use_physical_features,1,south_center,33.620,122.180,134.480,43,0,0.463957,0.708333,0.000000,0.493195,0.493195
_538_,generated_control,high,1.000,use_physical_features,1,south_center,15.980,44.720,47.940,12,0,0.194377,0.239729,0.000000,0.248762,0.248762
_539_,generated_datapath,high,1.000,use_physical_features,1,south_center,17.820,44.720,71.280,12,0,0.208917,0.239729,0.000000,0.254869,0.254869
_540_,generated_control,high,1.000,use_physical_features,1,south_center,48.007,122.180,144.020,43,0,0.469900,0.708333,0.000000,0.495691,0.495691
_541_,generated_datapath,high,1.000,use_physical_features,1,south_center,33.390,122.180,133.560,43,0,0.463384,0.708333,0.000000,0.492955,0.492955
_542_,generated_control,high,1.000,use_physical_features,1,south_center,28.280,44.720,84.840,12,0,0.257364,0.239729,0.000000,0.275217,0.275217
_543_,generated_datapath,high,1.000,use_physical_features,1,south_center,20.510,44.720,82.040,12,0,0.255620,0.239729,0.000000,0.274484,0.274484
_544_,generated_control,high,1.000,use_physical_features,1,south_center,48.607,122.180,145.820,43,0,0.471021,0.708333,0.000000,0.496162,0.496162
_545_,generated_datapath,high,1.000,use_physical_features,1,south_center,34.185,122.180,136.740,43,0,0.465365,0.708333,0.000000,0.493787,0.493787
_546_,decode_control,low,0.350,use_only_for_diagnostics,1,north_center,60.620,74.300,121.240,10,0,0.362398,0.209496,0.000000,0.310866,0.108803
_547_,generated_control,high,1.000,use_physical_features,1,south_center,38.690,43.620,77.380,6,0,0.249654,0.090698,0.000000,0.230250,0.230250
_549_,generated_control,high,1.000,use_physical_features,1,north_east,7.820,15.640,15.640,3,0,0.053289,0.045349,0.000000,0.135079,0.135079
_552_,generated_control,high,1.000,use_physical_features,1,north_east,55.847,157.500,167.540,43,0,0.582892,0.708333,0.000000,0.543148,0.543148
_553_,generated_datapath,high,1.000,use_physical_features,1,north_east,43.630,157.500,174.520,43,0,0.587240,0.708333,0.000000,0.544974,0.544974
_554_,generated_control,high,1.000,use_physical_features,1,south_west,5.730,7.780,11.460,2,0,0.028801,0.030233,0.000000,0.120561,0.120561
_555_,generated_control,high,1.000,use_physical_features,1,south_west,16.710,17.020,33.420,4,0,0.068207,0.060465,0.000000,0.145577,0.145577
_557_,register_file,medium,0.700,use_with_confidence_weight,1,middle_east,45.930,179.580,183.720,25,0,0.654448,0.436240,0.000000,0.497016,0.347911
_558_,decode_control,low,0.350,use_only_for_diagnostics,1,middle_center,67.600,94.540,202.800,21,0,0.469559,0.434109,0.000000,0.418765,0.146568
_559_,generated_control,high,1.000,use_physical_features,1,north_center,67.327,103.120,201.980,24,0,0.492938,0.479457,0.000000,0.441282,0.441282
_560_,decode_control,low,0.350,use_only_for_diagnostics,1,north_center,43.228,102.320,216.140,27,0,0.539531,0.466473,0.000000,0.457216,0.160025
_561_,csr,medium,0.700,use_with_confidence_weight,1,middle_center,63.035,83.800,252.140,10,0,0.550393,0.267829,0.000000,0.406157,0.284310
_563_,generated_control,high,1.000,use_physical_features,1,north_center,97.040,179.580,291.120,25,0,0.801353,0.494574,0.000000,0.575049,0.575049
_564_,generated_control,high,1.000,use_physical_features,1,north_center,15.033,27.740,45.100,5,0,0.145331,0.075581,0.000000,0.182202,0.182202
_565_,generated_control,high,1.000,use_physical_features,1,north_center,15.773,27.740,47.320,5,0,0.146714,0.075581,0.000000,0.182783,0.182783
_566_,generated_control,high,1.000,use_physical_features,1,north_center,14.853,27.740,44.560,5,0,0.144994,0.075581,0.000000,0.182060,0.182060
_567_,generated_control,high,1.000,use_physical_features,1,north_center,6.400,9.160,12.800,3,0,0.033478,0.045349,0.000000,0.126758,0.126758
_569_,csr,medium,0.700,use_with_confidence_weight,1,middle_center,57.805,75.680,231.220,10,0,0.514752,0.267829,0.000000,0.391188,0.273832
_571_,decode_control,low,0.350,use_only_for_diagnostics,1,north_center,72.325,179.580,289.300,25,0,0.800219,0.494574,0.000000,0.574573,0.201100
_572_,generated_datapath,high,1.000,use_physical_features,1,north_center,55.772,179.580,278.860,25,0,0.793716,0.494574,0.000000,0.571841,0.571841
_573_,decode_control,low,0.350,use_only_for_diagnostics,1,north_center,33.507,52.580,100.520,6,0,0.289016,0.090698,0.000000,0.246782,0.086374
_574_,generated_datapath,high,1.000,use_physical_features,1,north_center,70.635,179.580,282.540,25,0,0.756008,0.494574,0.000000,0.556004,0.556004
_575_,unclassified,high,1.000,use_physical_features,1,north_center,64.216,179.580,321.080,25,0,0.820017,0.494574,0.000000,0.582888,0.582888
_576_,generated_control,high,1.000,use_physical_features,1,north_east,5.980,11.960,11.960,3,0,0.040750,0.045349,0.000000,0.129813,0.129813
_577_,generated_control,high,1.000,use_physical_features,1,north_east,2.970,5.940,5.940,3,0,0.020239,0.045349,0.000000,0.121198,0.121198
_578_,decode_control,low,0.350,use_only_for_diagnostics,1,middle_center,80.263,103.120,481.580,27,0,0.787114,0.699806,0.000000,0.626534,0.219287
_579_,decode_control,low,0.350,use_only_for_diagnostics,1,north_center,24.360,55.300,73.080,10,0,0.239496,0.209496,0.000000,0.259247,0.090736
_580_,generated_control,high,1.000,use_physical_features,1,north_center,13.693,20.540,41.080,5,0,0.082780,0.075581,0.000000,0.155930,0.155930
_581_,generated_control,high,1.000,use_physical_features,1,north_center,50.273,83.800,150.820,10,0,0.407275,0.209496,0.000000,0.329715,0.329715
_585_,generated_control,high,1.000,use_physical_features,1,middle_center,45.053,102.320,135.160,27,0,0.409085,0.466473,0.000000,0.402428,0.402428
_586_,decode_control,low,0.350,use_only_for_diagnostics,1,north_center,61.556,103.120,307.780,24,0,0.638846,0.537791,0.000000,0.518897,0.181614
_587_,generated_control,high,1.000,use_physical_features,1,north_east,78.060,179.580,312.240,25,0,0.814510,0.494574,0.000000,0.580575,0.580575
_588_,generated_datapath,high,1.000,use_physical_features,1,north_east,42.952,179.580,214.760,25,0,0.673785,0.436240,0.000000,0.505137,0.505137
_589_,generated_control,high,1.000,use_physical_features,1,north_east,5.960,11.920,11.920,3,0,0.040614,0.045349,0.000000,0.129756,0.129756
_590_,generated_datapath,high,1.000,use_physical_features,1,north_east,45.244,179.580,226.220,25,0,0.680924,0.436240,0.000000,0.508135,0.508135
_591_,generated_control,high,1.000,use_physical_features,1,north_east,6.670,13.340,13.340,3,0,0.045452,0.045349,0.000000,0.131788,0.131788
_592_,generated_control,high,1.000,use_physical_features,1,north_east,8.220,16.440,16.440,3,0,0.056015,0.045349,0.000000,0.136224,0.136224
_593_,generated_datapath,high,1.000,use_physical_features,1,north_east,45.060,179.580,225.300,25,0,0.680351,0.436240,0.000000,0.507895,0.507895
_594_,generated_control,high,1.000,use_physical_features,1,north_east,20.960,46.480,62.880,5,0,0.208584,0.075581,0.000000,0.208768,0.208768
_595_,generated_control,high,1.000,use_physical_features,1,north_center,10.767,13.220,32.300,4,0,0.056929,0.060465,0.000000,0.140841,0.140841
_596_,decode_control,low,0.350,use_only_for_diagnostics,1,north_center,31.875,55.300,127.500,10,0,0.313396,0.209496,0.000000,0.290285,0.101600
_597_,generated_control,high,1.000,use_physical_features,1,north_east,69.327,179.580,207.980,25,0,0.669561,0.436240,0.000000,0.503363,0.503363
_598_,unclassified,high,1.000,use_physical_features,1,north_east,50.680,179.580,304.080,25,0,0.769426,0.494574,0.000000,0.561640,0.561640
_599_,decode_control,low,0.350,use_only_for_diagnostics,1,north_center,36.320,72.540,181.600,10,0,0.435099,0.267829,0.000000,0.357734,0.125207
_600_,generated_datapath,high,1.000,use_physical_features,1,north_center,6.390,10.920,25.560,4,0,0.046327,0.060465,0.000000,0.136388,0.136388
_601_,generated_control,high,1.000,use_physical_features,1,north_center,31.267,83.800,93.800,10,0,0.331755,0.209496,0.000000,0.297996,0.297996
_602_,csr,medium,0.700,use_with_confidence_weight,1,north_center,73.400,179.580,220.200,25,0,0.717173,0.436240,0.000000,0.523360,0.366352
_603_,generated_datapath,high,1.000,use_physical_features,1,north_center,53.410,179.580,213.640,25,0,0.673087,0.436240,0.000000,0.504844,0.504844
_604_,generated_control,high,1.000,use_physical_features,1,south_west,36.735,122.180,146.940,43,0,0.471719,0.708333,0.000000,0.496455,0.496455
_605_,generated_control,high,1.000,use_physical_features,1,middle_west,61.080,179.580,244.320,25,0,0.732199,0.436240,0.000000,0.529671,0.529671
_606_,generated_datapath,high,1.000,use_physical_features,1,middle_west,10.360,16.400,31.080,3,0,0.065023,0.045349,0.000000,0.140007,0.140007
_609_,generated_control,high,1.000,use_physical_features,1,middle_east,77.820,91.360,155.640,13,0,0.431327,0.254845,0.000000,0.352514,0.352514
_610_,decode_control,low,0.350,use_only_for_diagnostics,1,middle_east,62.427,102.320,187.280,27,0,0.481553,0.524806,0.000000,0.449198,0.157219
_611_,generated_control,high,1.000,use_physical_features,1,middle_east,24.913,64.280,74.740,4,0,0.265532,0.060465,0.000000,0.228454,0.228454
_612_,register_file,medium,0.700,use_with_confidence_weight,1,middle_east,26.655,75.200,106.620,6,0,0.315796,0.090698,0.000000,0.258030,0.180621
_614_,decode_control,low,0.350,use_only_for_diagnostics,1,middle_east,72.160,102.320,288.640,27,0,0.584695,0.583140,0.000000,0.508851,0.178098
_615_,generated_control,high,1.000,use_physical_features,1,middle_east,28.260,75.200,84.780,6,0,0.302191,0.090698,0.000000,0.252316,0.252316
_616_,decode_control,low,0.350,use_only_for_diagnostics,1,middle_east,70.800,102.320,283.200,27,0,0.581306,0.583140,0.000000,0.507428,0.177600
_618_,execute_alu,high,1.000,use_physical_features,1,middle_east,38.600,64.720,115.800,9,0,0.332336,0.252713,0.000000,0.310341,0.310341
_619_,execute_alu,high,1.000,use_physical_features,1,middle_east,64.848,102.320,324.240,27,0,0.646872,0.641473,0.000000,0.551299,0.551299
_620_,execute_alu,high,1.000,use_physical_features,1,middle_east,37.080,64.720,111.240,9,0,0.329495,0.252713,0.000000,0.309148,0.309148
_621_,generated_datapath,high,1.000,use_physical_features,1,middle_east,8.040,14.140,40.200,5,0,0.064412,0.075581,0.000000,0.148216,0.148216
_622_,generated_control,high,1.000,use_physical_features,1,middle_east,22.115,75.200,88.460,6,0,0.304484,0.090698,0.000000,0.253278,0.253278
_623_,generated_control,high,1.000,use_physical_features,1,middle_center,53.665,55.600,214.660,13,0,0.448528,0.371512,0.000000,0.392405,0.392405
_624_,execute_alu,high,1.000,use_physical_features,1,middle_center,36.170,61.860,144.680,8,0,0.342364,0.120930,0.000000,0.277653,0.277653
_625_,execute_alu,high,1.000,use_physical_features,1,middle_east,48.716,102.320,243.580,27,0,0.516625,0.524806,0.000000,0.463928,0.463928
_626_,generated_datapath,high,1.000,use_physical_features,1,middle_east,9.665,15.020,38.660,3,0,0.065903,0.045349,0.000000,0.140377,0.140377
_627_,decode_control,low,0.350,use_only_for_diagnostics,1,middle_east,70.685,102.320,282.740,27,0,0.581020,0.583140,0.000000,0.507307,0.177558
_628_,generated_datapath,high,1.000,use_physical_features,1,middle_east,42.155,102.320,168.620,27,0,0.469929,0.524806,0.000000,0.444316,0.444316
_629_,generated_control,high,1.000,use_physical_features,1,middle_east,11.713,14.140,35.140,5,0,0.061260,0.075581,0.000000,0.146892,0.146892
_630_,generated_control,high,1.000,use_physical_features,1,middle_east,28.195,91.360,112.780,13,0,0.364628,0.254845,0.000000,0.324500,0.324500
_631_,generated_control,high,1.000,use_physical_features,1,middle_east,6.093,9.580,18.280,4,0,0.038061,0.060465,0.000000,0.132916,0.132916
_632_,generated_control,high,1.000,use_physical_features,1,middle_east,53.325,102.320,213.300,27,0,0.497762,0.524806,0.000000,0.456006,0.456006
_633_,decode_control,low,0.350,use_only_for_diagnostics,1,middle_east,50.805,102.320,203.220,27,0,0.491483,0.524806,0.000000,0.453368,0.158679
_634_,generated_control,high,1.000,use_physical_features,1,middle_east,21.024,91.360,105.120,13,0,0.359856,0.254845,0.000000,0.322496,0.322496
_635_,generated_control,high,1.000,use_physical_features,1,middle_center,51.320,91.360,205.280,22,0,0.462250,0.449225,0.000000,0.419928,0.419928
_636_,generated_control,high,1.000,use_physical_features,1,middle_center,22.310,41.000,89.240,5,0,0.249747,0.075581,0.000000,0.226057,0.226057
_637_,generated_control,high,1.000,use_physical_features,1,middle_east,73.460,103.120,293.840,27,0,0.590162,0.583140,0.000000,0.511147,0.511147
_638_,generated_control,high,1.000,use_physical_features,1,middle_east,17.807,41.000,53.420,6,0,0.187433,0.090698,0.000000,0.204117,0.204117
_639_,generated_control,high,1.000,use_physical_features,1,middle_center,37.170,55.600,148.680,6,0,0.367426,0.090698,0.000000,0.279714,0.279714
_640_,generated_control,high,1.000,use_physical_features,1,middle_east,15.665,43.460,62.660,4,0,0.200039,0.060465,0.000000,0.200946,0.200946
_641_,execute_alu,high,1.000,use_physical_features,1,middle_east,19.160,36.940,38.320,9,0,0.166723,0.194380,0.000000,0.224450,0.224450
_642_,decode_control,low,0.350,use_only_for_diagnostics,1,middle_east,56.824,102.320,284.120,27,0,0.581879,0.583140,0.000000,0.507668,0.177684
_643_,generated_control,high,1.000,use_physical_features,1,middle_east,7.060,9.540,28.240,3,0,0.044154,0.045349,0.000000,0.131242,0.131242
_644_,execute_alu,high,1.000,use_physical_features,1,middle_east,50.353,83.580,151.060,21,0,0.406812,0.434109,0.000000,0.392412,0.392412
_645_,execute_alu,high,1.000,use_physical_features,1,middle_east,14.753,36.940,44.260,9,0,0.170423,0.194380,0.000000,0.226004,0.226004
_646_,decode_control,low,0.350,use_only_for_diagnostics,1,middle_east,34.247,83.580,102.740,21,0,0.336711,0.375775,0.000000,0.346636,0.121323
_647_,generated_control,high,1.000,use_physical_features,1,middle_center,58.636,75.000,293.180,13,0,0.591457,0.488178,0.000000,0.485102,0.485102
_648_,generated_control,high,1.000,use_physical_features,1,middle_center,46.670,75.000,186.680,9,0,0.445113,0.194380,0.000000,0.341374,0.341374
_649_,generated_control,high,1.000,use_physical_features,1,middle_east,58.740,91.360,176.220,13,0,0.444147,0.254845,0.000000,0.357899,0.357899
_650_,unclassified,high,1.000,use_physical_features,1,middle_center,52.327,91.360,313.960,13,0,0.609953,0.313178,0.000000,0.443870,0.443870
_651_,generated_control,high,1.000,use_physical_features,1,middle_east,28.000,90.540,112.000,6,0,0.361859,0.090698,0.000000,0.277376,0.277376
_652_,generated_control,high,1.000,use_physical_features,1,middle_east,52.770,102.320,211.080,27,0,0.496379,0.524806,0.000000,0.455425,0.455425
_653_,execute_alu,high,1.000,use_physical_features,1,middle_east,32.293,58.560,96.880,9,0,0.303398,0.252713,0.000000,0.298187,0.298187
_654_,generated_datapath,high,1.000,use_physical_features,1,middle_east,28.645,94.540,114.580,16,0,0.374603,0.300194,0.000000,0.341387,0.341387
_655_,decode_control,low,0.350,use_only_for_diagnostics,1,middle_east,32.484,74.300,162.420,10,0,0.388051,0.209496,0.000000,0.321640,0.112574
_656_,clock_reset,high,1.000,use_physical_features,1,north_center,101.090,103.120,202.180,24,0,0.493062,0.479457,0.000000,0.441334,0.441334
_657_,generated_control,high,1.000,use_physical_features,1,middle_center,65.905,99.060,263.620,11,0,0.560032,0.282946,0.000000,0.414438,0.414438
_658_,generated_datapath,high,1.000,use_physical_features,1,middle_west,43.445,71.220,173.780,13,0,0.386552,0.254845,0.000000,0.333709,0.333709
_659_,generated_control,high,1.000,use_physical_features,1,middle_center,31.280,61.860,156.400,10,0,0.349665,0.209496,0.000000,0.305518,0.305518
_660_,generated_control,high,1.000,use_physical_features,1,middle_center,57.013,75.000,171.040,9,0,0.435370,0.194380,0.000000,0.337282,0.337282
_661_,unclassified,high,1.000,use_physical_features,1,middle_center,52.472,102.320,262.360,27,0,0.608324,0.524806,0.000000,0.502442,0.502442
_662_,generated_control,high,1.000,use_physical_features,1,south_center,45.807,102.320,137.420,27,0,0.450493,0.466473,0.000000,0.419819,0.419819
_663_,generated_control,high,1.000,use_physical_features,1,middle_center,62.713,85.640,188.140,22,0,0.475647,0.390891,0.000000,0.409221,0.409221
_664_,generated_control,high,1.000,use_physical_features,1,middle_center,65.292,103.120,326.460,27,0,0.650482,0.583140,0.000000,0.536482,0.536482
_665_,generated_datapath,high,1.000,use_physical_features,1,middle_center,44.915,99.060,179.660,13,0,0.467729,0.313178,0.000000,0.384136,0.384136
_666_,generated_datapath,high,1.000,use_physical_features,1,middle_center,39.955,122.180,159.820,43,0,0.519742,0.708333,0.000000,0.516625,0.516625
_667_,unclassified,high,1.000,use_physical_features,1,middle_center,12.656,36.720,63.280,6,0,0.181659,0.090698,0.000000,0.201692,0.201692
_668_,decode_control,low,0.350,use_only_for_diagnostics,1,middle_center,53.040,83.580,212.160,21,0,0.484875,0.434109,0.000000,0.425198,0.148819
_669_,generated_control,high,1.000,use_physical_features,1,middle_center,50.308,103.120,251.540,24,0,0.563811,0.479457,0.000000,0.471049,0.471049
_670_,generated_control,high,1.000,use_physical_features,1,middle_center,21.247,31.200,63.740,6,0,0.206576,0.090698,0.000000,0.212157,0.212157
_672_,generated_control,high,1.000,use_physical_features,1,middle_center,91.460,157.500,274.380,43,0,0.689448,0.766667,0.000000,0.604235,0.604235
_673_,generated_control,high,1.000,use_physical_features,1,middle_center,13.220,22.380,39.660,5,0,0.087018,0.075581,0.000000,0.157710,0.157710
_674_,generated_control,high,1.000,use_physical_features,1,south_west,16.948,36.720,84.740,6,0,0.195027,0.090698,0.000000,0.207307,0.207307
_675_,generated_datapath,high,1.000,use_physical_features,1,south_west,14.947,24.760,44.840,6,0,0.096872,0.090698,0.000000,0.166081,0.166081
_676_,generated_control,high,1.000,use_physical_features,1,south_west,15.568,36.720,77.840,6,0,0.190729,0.090698,0.000000,0.205502,0.205502
_677_,generated_control,high,1.000,use_physical_features,1,south_west,50.572,179.580,252.860,25,0,0.737519,0.436240,0.000000,0.531905,0.531905
_679_,generated_control,high,1.000,use_physical_features,1,middle_west,27.920,81.000,83.760,26,0,0.317704,0.451357,0.000000,0.359816,0.359816
_680_,generated_control,high,1.000,use_physical_features,1,middle_west,31.433,81.000,94.300,26,0,0.324270,0.451357,0.000000,0.362573,0.362573
_681_,generated_control,high,1.000,use_physical_features,1,middle_west,30.653,81.000,91.960,26,0,0.322813,0.451357,0.000000,0.361961,0.361961
_682_,generated_control,high,1.000,use_physical_features,1,middle_west,29.887,81.000,89.660,26,0,0.321380,0.451357,0.000000,0.361359,0.361359
_683_,generated_control,high,1.000,use_physical_features,1,middle_west,28.060,81.000,84.180,26,0,0.317966,0.451357,0.000000,0.359926,0.359926
_684_,generated_control,high,1.000,use_physical_features,1,middle_west,28.380,81.000,85.140,26,0,0.318564,0.451357,0.000000,0.360177,0.360177
_685_,generated_control,high,1.000,use_physical_features,1,middle_west,28.227,81.000,84.680,26,0,0.318278,0.451357,0.000000,0.360056,0.360056
_686_,generated_control,high,1.000,use_physical_features,1,middle_west,28.533,81.000,85.600,26,0,0.318851,0.451357,0.000000,0.360297,0.360297
_687_,generated_control,high,1.000,use_physical_features,1,middle_west,28.060,81.000,84.180,26,0,0.317966,0.451357,0.000000,0.359926,0.359926
_688_,generated_control,high,1.000,use_physical_features,1,middle_west,28.687,81.000,86.060,26,0,0.319137,0.451357,0.000000,0.360417,0.360417
_690_,generated_control,high,1.000,use_physical_features,1,middle_west,28.687,81.000,86.060,26,0,0.319137,0.451357,0.000000,0.360417,0.360417
_691_,generated_control,high,1.000,use_physical_features,1,middle_west,27.907,81.000,83.720,26,0,0.317680,0.451357,0.000000,0.359805,0.359805
_692_,generated_control,high,1.000,use_physical_features,1,middle_west,28.227,81.000,84.680,26,0,0.318278,0.451357,0.000000,0.360056,0.360056
_693_,generated_control,high,1.000,use_physical_features,1,middle_west,28.673,81.000,86.020,26,0,0.319112,0.451357,0.000000,0.360407,0.360407
_694_,generated_control,high,1.000,use_physical_features,1,north_west,28.227,81.000,84.680,26,0,0.318278,0.451357,0.000000,0.360056,0.360056
_695_,generated_control,high,1.000,use_physical_features,1,north_west,28.827,81.000,86.480,26,0,0.319399,0.451357,0.000000,0.360527,0.360527
_696_,generated_control,high,1.000,use_physical_features,1,north_west,30.040,81.000,90.120,26,0,0.321666,0.451357,0.000000,0.361480,0.361480
_697_,generated_control,high,1.000,use_physical_features,1,north_west,28.367,81.000,85.100,26,0,0.318539,0.451357,0.000000,0.360166,0.360166
_698_,generated_control,high,1.000,use_physical_features,1,north_west,28.060,81.000,84.180,26,0,0.317966,0.451357,0.000000,0.359926,0.359926
_699_,generated_control,high,1.000,use_physical_features,1,north_west,28.227,81.000,84.680,26,0,0.318278,0.451357,0.000000,0.360056,0.360056
_701_,generated_control,high,1.000,use_physical_features,1,north_west,28.227,81.000,84.680,26,0,0.318278,0.451357,0.000000,0.360056,0.360056
_702_,generated_control,high,1.000,use_physical_features,1,north_west,31.740,81.000,95.220,26,0,0.324843,0.451357,0.000000,0.362814,0.362814
_703_,generated_control,high,1.000,use_physical_features,1,north_west,28.367,81.000,85.100,26,0,0.318539,0.451357,0.000000,0.360166,0.360166
_704_,generated_control,high,1.000,use_physical_features,1,north_west,32.940,81.000,98.820,26,0,0.327086,0.451357,0.000000,0.363756,0.363756
_705_,generated_control,high,1.000,use_physical_features,1,north_west,39.140,105.040,117.420,26,0,0.405607,0.451357,0.000000,0.396735,0.396735
_706_,generated_control,high,1.000,use_physical_features,1,north_west,37.593,105.040,112.780,26,0,0.402716,0.451357,0.000000,0.395521,0.395521
_707_,generated_control,high,1.000,use_physical_features,1,middle_west,38.080,105.040,114.240,26,0,0.403626,0.451357,0.000000,0.395903,0.395903
_708_,generated_control,high,1.000,use_physical_features,1,middle_west,36.073,105.040,108.220,26,0,0.399876,0.451357,0.000000,0.394328,0.394328
_709_,generated_control,high,1.000,use_physical_features,1,middle_west,36.227,105.040,108.680,26,0,0.400162,0.451357,0.000000,0.394448,0.394448
_710_,generated_control,high,1.000,use_physical_features,1,middle_west,37.593,105.040,112.780,26,0,0.402716,0.451357,0.000000,0.395521,0.395521
_711_,generated_control,high,1.000,use_physical_features,1,middle_west,36.547,105.040,109.640,26,0,0.400760,0.451357,0.000000,0.394699,0.394699
_712_,generated_control,high,1.000,use_physical_features,1,middle_center,37.300,105.040,111.900,26,0,0.402168,0.451357,0.000000,0.395291,0.395291
_713_,generated_control,high,1.000,use_physical_features,1,middle_center,35.780,105.040,107.340,26,0,0.399328,0.451357,0.000000,0.394097,0.394097
_714_,generated_control,high,1.000,use_physical_features,1,middle_center,40.367,105.040,121.100,26,0,0.407899,0.451357,0.000000,0.397698,0.397698
_715_,generated_control,high,1.000,use_physical_features,1,middle_west,55.633,105.040,166.900,26,0,0.476430,0.451357,0.000000,0.426481,0.426481
_716_,generated_datapath,high,1.000,use_physical_features,1,middle_west,36.115,71.220,144.460,7,0,0.368287,0.105814,0.000000,0.284309,0.284309
_717_,generated_datapath,high,1.000,use_physical_features,1,middle_center,37.365,75.000,149.460,10,0,0.381927,0.267829,0.000000,0.335401,0.335401
_719_,generated_datapath,high,1.000,use_physical_features,1,middle_west,32.995,105.040,131.980,26,0,0.414677,0.451357,0.000000,0.400544,0.400544
_721_,csr,medium,0.700,use_with_confidence_weight,1,north_east,35.265,77.860,141.060,14,0,0.424657,0.269961,0.000000,0.353945,0.247762
_722_,generated_control,high,1.000,use_physical_features,1,north_west,40.285,157.500,161.140,43,0,0.578905,0.708333,0.000000,0.541474,0.541474
_723_,generated_control,high,1.000,use_physical_features,1,north_west,40.745,157.500,162.980,43,0,0.580052,0.708333,0.000000,0.541955,0.541955
_724_,generated_control,high,1.000,use_physical_features,1,north_east,22.560,77.860,90.240,14,0,0.312999,0.269961,0.000000,0.307049,0.307049
_725_,generated_control,high,1.000,use_physical_features,1,north_east,7.280,9.120,14.560,3,0,0.034463,0.045349,0.000000,0.127172,0.127172
_726_,generated_control,high,1.000,use_physical_features,1,north_east,66.140,157.500,198.420,43,0,0.642129,0.708333,0.000000,0.568027,0.568027
_727_,generated_datapath,high,1.000,use_physical_features,1,north_east,44.720,157.500,178.880,43,0,0.589956,0.708333,0.000000,0.546115,0.546115
_728_,generated_control,high,1.000,use_physical_features,1,north_east,57.060,157.500,171.180,43,0,0.585160,0.708333,0.000000,0.544100,0.544100
_729_,generated_datapath,high,1.000,use_physical_features,1,north_east,43.505,157.500,174.020,43,0,0.586929,0.708333,0.000000,0.544843,0.544843
_730_,generated_control,high,1.000,use_physical_features,1,north_center,43.455,157.500,173.820,43,0,0.586804,0.708333,0.000000,0.544791,0.544791
_731_,generated_control,high,1.000,use_physical_features,1,north_center,61.913,157.500,185.740,43,0,0.594230,0.708333,0.000000,0.547910,0.547910
_732_,generated_datapath,high,1.000,use_physical_features,1,north_east,44.520,157.500,178.080,43,0,0.589458,0.708333,0.000000,0.545906,0.545906
_733_,generated_control,high,1.000,use_physical_features,1,north_center,57.227,157.500,171.680,43,0,0.585471,0.708333,0.000000,0.544231,0.544231
_734_,generated_datapath,high,1.000,use_physical_features,1,north_center,42.700,157.500,170.800,43,0,0.584923,0.708333,0.000000,0.544001,0.544001
_735_,generated_control,high,1.000,use_physical_features,1,south_center,15.020,25.940,30.040,5,0,0.130937,0.075581,0.000000,0.176157,0.176157
_736_,generated_control,high,1.000,use_physical_features,1,north_west,40.170,157.500,160.680,43,0,0.578619,0.708333,0.000000,0.541353,0.541353
_737_,decode_control,low,0.350,use_only_for_diagnostics,1,middle_east,19.100,24.060,38.200,4,0,0.090786,0.060465,0.000000,0.155060,0.054271
_738_,generated_control,high,1.000,use_physical_features,1,north_center,41.195,157.500,164.780,43,0,0.581173,0.708333,0.000000,0.542426,0.542426
_739_,generated_datapath,high,1.000,use_physical_features,1,south_west,10.820,14.140,32.460,4,0,0.059591,0.060465,0.000000,0.141958,0.141958
_740_,generated_control,high,1.000,use_physical_features,1,north_east,56.293,157.500,168.880,43,0,0.583727,0.708333,0.000000,0.543499,0.543499
_741_,generated_datapath,high,1.000,use_physical_features,1,north_east,41.770,157.500,167.080,43,0,0.582606,0.708333,0.000000,0.543028,0.543028
_742_,generated_control,high,1.000,use_physical_features,1,north_east,6.170,12.340,12.340,2,0,0.042045,0.030233,0.000000,0.126124,0.126124
_743_,generated_datapath,high,1.000,use_physical_features,1,north_east,46.445,157.500,185.780,43,0,0.594255,0.708333,0.000000,0.547920,0.547920
_744_,generated_control,high,1.000,use_physical_features,1,north_center,65.553,157.500,196.660,43,0,0.641032,0.708333,0.000000,0.567567,0.567567
_745_,generated_datapath,high,1.000,use_physical_features,1,north_center,50.535,157.500,202.140,43,0,0.644446,0.708333,0.000000,0.569001,0.569001
_746_,generated_control,high,1.000,use_physical_features,1,north_east,26.075,77.860,104.300,14,0,0.321757,0.269961,0.000000,0.310727,0.310727
_747_,generated_control,high,1.000,use_physical_features,1,middle_west,31.747,67.760,95.240,13,0,0.287992,0.254845,0.000000,0.292313,0.292313
_748_,generated_datapath,high,1.000,use_physical_features,1,middle_center,56.470,157.500,225.880,43,0,0.699235,0.708333,0.000000,0.592012,0.592012
_749_,generated_datapath,high,1.000,use_physical_features,1,middle_west,23.870,71.220,95.480,7,0,0.297775,0.105814,0.000000,0.254694,0.254694
_750_,generated_control,high,1.000,use_physical_features,1,middle_west,37.453,105.040,112.360,26,0,0.402455,0.451357,0.000000,0.395411,0.395411
_751_,generated_datapath,high,1.000,use_physical_features,1,middle_west,19.840,71.220,99.200,7,0,0.300093,0.105814,0.000000,0.255667,0.255667
_752_,generated_datapath,high,1.000,use_physical_features,1,middle_west,31.040,105.040,124.160,26,0,0.409806,0.451357,0.000000,0.398498,0.398498
_753_,generated_control,high,1.000,use_physical_features,1,south_west,7.307,15.520,21.920,3,0,0.056867,0.045349,0.000000,0.136582,0.136582
_754_,generated_datapath,high,1.000,use_physical_features,1,south_west,6.400,14.140,19.200,4,0,0.051330,0.060465,0.000000,0.138489,0.138489
_755_,generated_control,high,1.000,use_physical_features,1,south_west,15.300,36.720,76.500,6,0,0.189894,0.090698,0.000000,0.205151,0.205151
_756_,generated_control,high,1.000,use_physical_features,1,middle_west,37.467,105.040,112.400,26,0,0.402480,0.451357,0.000000,0.395421,0.395421
_757_,generated_control,high,1.000,use_physical_features,1,middle_east,62.007,179.580,186.020,25,0,0.655881,0.436240,0.000000,0.497617,0.497617
_758_,generated_control,high,1.000,use_physical_features,1,north_east,76.470,77.860,152.940,14,0,0.392057,0.328295,0.000000,0.356587,0.356587
_759_,csr,medium,0.700,use_with_confidence_weight,1,north_center,13.795,26.400,55.180,3,0,0.147879,0.045349,0.000000,0.174807,0.122365
_760_,csr,medium,0.700,use_with_confidence_weight,1,north_center,32.220,75.080,96.660,9,0,0.309258,0.194380,0.000000,0.284315,0.199020
_761_,csr,medium,0.700,use_with_confidence_weight,1,north_center,32.360,75.680,161.800,10,0,0.391507,0.267829,0.000000,0.339425,0.237598
_762_,generated_control,high,1.000,use_physical_features,1,north_center,35.473,105.040,106.420,26,0,0.398754,0.451357,0.000000,0.393857,0.393857
_763_,decode_control,low,0.350,use_only_for_diagnostics,1,middle_center,32.436,55.300,162.180,10,0,0.375000,0.209496,0.000000,0.316159,0.110656
_764_,generated_control,high,1.000,use_physical_features,1,middle_center,38.740,55.600,116.220,11,0,0.307205,0.282946,0.000000,0.308251,0.308251
_765_,generated_datapath,high,1.000,use_physical_features,1,middle_center,31.415,61.860,125.660,11,0,0.330515,0.224612,0.000000,0.301708,0.301708
_766_,csr,medium,0.700,use_with_confidence_weight,1,middle_center,18.492,53.260,92.460,12,0,0.285888,0.239729,0.000000,0.287197,0.201038
_767_,generated_control,high,1.000,use_physical_features,1,middle_center,20.667,53.720,62.000,13,0,0.228194,0.254845,0.000000,0.267198,0.267198
_768_,execute_alu,high,1.000,use_physical_features,1,north_center,102.220,103.540,204.440,11,0,0.495640,0.282946,0.000000,0.387393,0.387393
_769_,decode_control,low,0.350,use_only_for_diagnostics,1,middle_center,24.387,55.300,73.160,10,0,0.239545,0.209496,0.000000,0.259268,0.090744
_770_,execute_alu,high,1.000,use_physical_features,1,middle_center,39.930,103.540,159.720,11,0,0.467781,0.224612,0.000000,0.359360,0.359360
_771_,csr,medium,0.700,use_with_confidence_weight,1,middle_center,23.008,55.600,115.040,8,0,0.306470,0.120930,0.000000,0.262578,0.183804
_772_,generated_control,high,1.000,use_physical_features,1,middle_center,6.260,12.380,18.780,3,0,0.046168,0.045349,0.000000,0.132088,0.132088
_773_,generated_datapath,high,1.000,use_physical_features,1,middle_center,23.710,75.200,142.260,6,0,0.377998,0.090698,0.000000,0.284155,0.284155
_774_,csr,medium,0.700,use_with_confidence_weight,1,middle_center,52.385,102.320,209.540,27,0,0.535420,0.524806,0.000000,0.471822,0.330275
_775_,generated_control,high,1.000,use_physical_features,1,middle_center,13.427,24.680,40.280,5,0,0.093808,0.075581,0.000000,0.160562,0.160562
_776_,decode_control,low,0.350,use_only_for_diagnostics,1,middle_center,31.987,83.580,95.960,21,0,0.332488,0.375775,0.000000,0.344862,0.120702
_777_,generated_datapath,high,1.000,use_physical_features,1,middle_center,31.072,94.540,155.360,16,0,0.480007,0.300194,0.000000,0.385657,0.385657
_778_,generated_control,high,1.000,use_physical_features,1,middle_center,37.473,53.720,112.420,13,0,0.299603,0.313178,0.000000,0.313523,0.313523
_779_,decode_control,low,0.350,use_only_for_diagnostics,1,middle_center,30.064,55.600,150.320,11,0,0.368447,0.282946,0.000000,0.333973,0.116890
_780_,decode_control,low,0.350,use_only_for_diagnostics,1,north_center,26.704,55.300,133.520,10,0,0.317147,0.209496,0.000000,0.291860,0.102151
_781_,csr,medium,0.700,use_with_confidence_weight,1,north_center,14.660,26.560,58.640,4,0,0.150480,0.060465,0.000000,0.180132,0.126092
_782_,generated_control,high,1.000,use_physical_features,1,north_center,37.927,105.040,113.780,26,0,0.403339,0.451357,0.000000,0.395782,0.395782
_783_,generated_control,high,1.000,use_physical_features,1,middle_center,47.107,72.540,141.320,10,0,0.370006,0.267829,0.000000,0.330395,0.330395
_784_,generated_datapath,high,1.000,use_physical_features,1,middle_center,45.060,61.860,180.240,8,0,0.404516,0.120930,0.000000,0.303757,0.303757
_785_,generated_control,high,1.000,use_physical_features,1,middle_center,33.295,75.200,133.180,6,0,0.372342,0.090698,0.000000,0.281779,0.281779
_786_,generated_control,high,1.000,use_physical_features,1,middle_center,41.340,61.860,124.020,8,0,0.329493,0.120930,0.000000,0.272248,0.272248
_787_,fetch,small_sample,0.250,diagnostic_only,1,middle_center,14.180,26.940,42.540,4,0,0.141509,0.060465,0.000000,0.176364,0.044091
_788_,fetch,small_sample,0.250,diagnostic_only,1,middle_center,11.704,26.940,58.520,4,0,0.151463,0.060465,0.000000,0.180545,0.045136
_789_,generated_control,high,1.000,use_physical_features,1,middle_center,5.313,5.900,15.940,3,0,0.026357,0.045349,0.000000,0.123768,0.123768
_790_,generated_datapath,high,1.000,use_physical_features,1,middle_center,27.860,105.040,111.440,26,0,0.401882,0.451357,0.000000,0.395170,0.395170
_791_,generated_datapath,high,1.000,use_physical_features,1,middle_center,20.653,53.720,61.960,13,0,0.228169,0.254845,0.000000,0.267188,0.267188
_792_,generated_control,high,1.000,use_physical_features,1,middle_center,36.087,105.040,108.260,26,0,0.399901,0.451357,0.000000,0.394338,0.394338
_793_,generated_control,high,1.000,use_physical_features,1,middle_center,14.470,27.100,28.940,6,0,0.133482,0.090698,0.000000,0.181458,0.181458
_794_,generated_control,high,1.000,use_physical_features,1,middle_center,35.693,75.000,107.080,9,0,0.355526,0.194380,0.000000,0.303747,0.303747
_795_,generated_datapath,high,1.000,use_physical_features,1,middle_center,27.525,105.040,110.100,26,0,0.401047,0.451357,0.000000,0.394820,0.394820
_796_,generated_control,high,1.000,use_physical_features,1,middle_center,33.807,71.220,101.420,7,0,0.301476,0.105814,0.000000,0.256248,0.256248
_797_,decode_control,low,0.350,use_only_for_diagnostics,1,middle_center,35.053,75.000,105.160,9,0,0.354330,0.194380,0.000000,0.303245,0.106136
_798_,generated_datapath,high,1.000,use_physical_features,1,middle_center,29.460,105.040,117.840,26,0,0.405869,0.451357,0.000000,0.396845,0.396845
_799_,generated_control,high,1.000,use_physical_features,1,middle_center,40.967,105.040,122.900,26,0,0.409021,0.451357,0.000000,0.398169,0.398169
_800_,execute_alu,high,1.000,use_physical_features,1,middle_east,12.576,36.940,62.880,9,0,0.182022,0.194380,0.000000,0.230876,0.230876
_801_,generated_datapath,high,1.000,use_physical_features,1,middle_east,55.456,103.120,277.280,24,0,0.579846,0.479457,0.000000,0.477783,0.477783
_802_,execute_alu,high,1.000,use_physical_features,1,middle_east,47.287,103.540,141.860,11,0,0.456655,0.282946,0.000000,0.371020,0.371020
_803_,execute_alu,high,1.000,use_physical_features,1,middle_east,29.985,103.540,119.940,11,0,0.403000,0.224612,0.000000,0.332152,0.332152
_804_,execute_alu,high,1.000,use_physical_features,1,middle_east,36.247,90.540,108.740,6,0,0.359828,0.090698,0.000000,0.276523,0.276523
_805_,execute_alu,high,1.000,use_physical_features,1,middle_east,43.685,99.060,174.740,11,0,0.464664,0.282946,0.000000,0.374384,0.374384
_807_,generated_control,high,1.000,use_physical_features,1,middle_east,4.540,5.440,9.080,2,0,0.020803,0.030233,0.000000,0.117202,0.117202
_808_,generated_control,high,1.000,use_physical_features,1,middle_center,40.573,61.860,121.720,8,0,0.328061,0.120930,0.000000,0.271646,0.271646
_809_,unclassified,high,1.000,use_physical_features,1,middle_east,43.710,103.120,262.260,24,0,0.570489,0.479457,0.000000,0.473853,0.473853
_810_,generated_control,high,1.000,use_physical_features,1,middle_center,45.500,102.320,136.500,27,0,0.449920,0.466473,0.000000,0.419579,0.419579
_811_,generated_control,high,1.000,use_physical_features,1,middle_center,14.973,28.860,44.920,8,0,0.148337,0.120930,0.000000,0.196162,0.196162
_812_,execute_alu,high,1.000,use_physical_features,1,middle_center,51.227,103.540,307.360,24,0,0.599754,0.537791,0.000000,0.502478,0.502478
_813_,generated_datapath,high,1.000,use_physical_features,1,middle_center,4.350,6.440,17.400,2,0,0.028770,0.030233,0.000000,0.120549,0.120549
_814_,generated_control,high,1.000,use_physical_features,1,middle_center,5.620,11.840,16.860,34,0,0.043469,0.572287,0.000000,0.278497,0.278497
_815_,generated_control,high,1.000,use_physical_features,1,south_east,30.907,45.020,92.720,4,0,0.263108,0.060465,0.000000,0.227436,0.227436
_816_,generated_control,high,1.000,use_physical_features,1,south_east,23.980,59.140,71.940,8,0,0.249477,0.120930,0.000000,0.238641,0.238641
_817_,generated_datapath,high,1.000,use_physical_features,1,south_east,16.970,59.140,67.880,8,0,0.246948,0.120930,0.000000,0.237579,0.237579
_818_,generated_control,high,1.000,use_physical_features,1,south_center,24.120,59.140,72.360,34,0,0.249739,0.572287,0.000000,0.365131,0.365131
_819_,generated_datapath,high,1.000,use_physical_features,1,south_center,27.690,59.140,110.760,8,0,0.313660,0.120930,0.000000,0.265598,0.265598
_820_,generated_control,high,1.000,use_physical_features,1,middle_center,37.533,68.940,112.600,8,0,0.342092,0.120930,0.000000,0.277539,0.277539
_821_,generated_control,high,1.000,use_physical_features,1,south_center,2.440,4.140,7.320,3,0,0.016087,0.045349,0.000000,0.119454,0.119454
_822_,generated_control,high,1.000,use_physical_features,1,south_center,41.033,67.760,123.100,13,0,0.345348,0.254845,0.000000,0.316403,0.316403
_823_,generated_datapath,high,1.000,use_physical_features,1,middle_center,46.560,67.760,232.800,13,0,0.493685,0.371512,0.000000,0.411371,0.411371
_824_,generated_control,high,1.000,use_physical_features,1,middle_center,42.013,67.760,126.040,13,0,0.347179,0.313178,0.000000,0.333505,0.333505
_825_,execute_alu,high,1.000,use_physical_features,1,south_center,26.167,103.540,157.000,11,0,0.426087,0.224612,0.000000,0.341848,0.341848
_826_,generated_control,high,1.000,use_physical_features,1,south_center,46.820,122.180,140.460,43,0,0.467682,0.766667,0.000000,0.511093,0.511093
_827_,generated_control,high,1.000,use_physical_features,1,south_center,37.006,67.760,259.040,13,0,0.550031,0.254845,0.000000,0.402370,0.402370
_828_,generated_control,high,1.000,use_physical_features,1,south_center,46.295,122.180,185.180,43,0,0.535540,0.825000,0.000000,0.555927,0.555927
_829_,generated_control,high,1.000,use_physical_features,1,south_center,54.100,122.180,216.400,43,0,0.554989,0.708333,0.000000,0.531429,0.531429
_830_,generated_control,high,1.000,use_physical_features,1,south_west,46.793,122.180,140.380,43,0,0.467632,0.708333,0.000000,0.494739,0.494739
_831_,generated_datapath,high,1.000,use_physical_features,1,south_west,42.025,122.180,168.100,43,0,0.524900,0.708333,0.000000,0.518792,0.518792
_832_,execute_alu,high,1.000,use_physical_features,1,middle_center,44.040,103.540,176.160,11,0,0.478023,0.224612,0.000000,0.363661,0.363661
_833_,execute_alu,high,1.000,use_physical_features,1,middle_center,44.615,103.540,178.460,11,0,0.479455,0.224612,0.000000,0.364263,0.364263
_834_,generated_control,high,1.000,use_physical_features,1,middle_east,12.990,22.760,25.980,4,0,0.079554,0.060465,0.000000,0.150343,0.150343
_835_,decode_control,low,0.350,use_only_for_diagnostics,1,middle_center,61.810,103.120,247.240,24,0,0.561132,0.537791,0.000000,0.486257,0.170190
_836_,generated_datapath,high,1.000,use_physical_features,1,middle_center,48.667,103.120,292.000,24,0,0.589016,0.537791,0.000000,0.497968,0.497968
_837_,decode_control,low,0.350,use_only_for_diagnostics,1,middle_center,20.975,58.300,83.900,5,0,0.254589,0.075581,0.000000,0.228090,0.079832
_838_,generated_control,high,1.000,use_physical_features,1,north_east,29.300,77.860,87.900,14,0,0.311541,0.269961,0.000000,0.306436,0.306436
_839_,generated_datapath,high,1.000,use_physical_features,1,north_east,43.285,157.500,173.140,43,0,0.586381,0.708333,0.000000,0.544613,0.544613
_840_,decode_control,low,0.350,use_only_for_diagnostics,1,middle_center,66.120,99.060,264.480,22,0,0.560568,0.507558,0.000000,0.477555,0.167144
_841_,generated_datapath,high,1.000,use_physical_features,1,middle_center,43.405,55.600,173.620,13,0,0.382962,0.371512,0.000000,0.364867,0.364867
_842_,generated_control,high,1.000,use_physical_features,1,middle_center,5.967,11.040,17.900,3,0,0.041889,0.045349,0.000000,0.130291,0.130291
_843_,generated_control,high,1.000,use_physical_features,1,middle_center,29.200,53.960,87.600,34,0,0.244810,0.572287,0.000000,0.363060,0.363060
_844_,decode_control,low,0.350,use_only_for_diagnostics,1,middle_center,16.156,43.460,80.780,4,0,0.211326,0.060465,0.000000,0.205687,0.071991
_845_,generated_control,high,1.000,use_physical_features,1,south_west,40.115,122.180,160.460,43,0,0.480141,0.708333,0.000000,0.499993,0.499993
_846_,generated_control,high,1.000,use_physical_features,1,north_east,20.385,77.860,81.540,14,0,0.307579,0.269961,0.000000,0.304772,0.304772
_847_,csr,medium,0.700,use_with_confidence_weight,1,north_center,9.390,11.500,18.780,2,0,0.043718,0.030233,0.000000,0.126827,0.088779
_848_,generated_control,high,1.000,use_physical_features,1,north_center,29.200,72.540,87.600,9,0,0.296542,0.194380,0.000000,0.278974,0.278974
_849_,generated_datapath,high,1.000,use_physical_features,1,north_center,24.305,62.880,97.220,10,0,0.315638,0.209496,0.000000,0.291227,0.291227
_850_,generated_control,high,1.000,use_physical_features,1,middle_center,52.087,83.800,156.260,10,0,0.410664,0.209496,0.000000,0.331138,0.331138
_851_,generated_control,high,1.000,use_physical_features,1,north_center,11.400,16.860,22.800,4,0,0.061146,0.060465,0.000000,0.142612,0.142612
_852_,generated_control,high,1.000,use_physical_features,1,south_west,33.285,122.180,133.140,43,0,0.463122,0.708333,0.000000,0.492845,0.492845
_853_,generated_control,high,1.000,use_physical_features,1,middle_center,31.700,55.600,126.800,10,0,0.313796,0.209496,0.000000,0.290453,0.290453
_854_,generated_control,high,1.000,use_physical_features,1,north_center,24.390,72.540,97.560,9,0,0.302746,0.194380,0.000000,0.281580,0.281580
_855_,unclassified,high,1.000,use_physical_features,1,middle_center,31.970,55.600,191.820,13,0,0.394300,0.371512,0.000000,0.369629,0.369629
_856_,generated_control,high,1.000,use_physical_features,1,north_center,20.160,37.600,40.320,5,0,0.169806,0.075581,0.000000,0.192481,0.192481
_857_,generated_control,high,1.000,use_physical_features,1,middle_center,45.965,72.540,183.860,10,0,0.436507,0.267829,0.000000,0.358325,0.358325
_858_,decode_control,low,0.350,use_only_for_diagnostics,1,middle_center,19.975,55.300,79.900,10,0,0.243744,0.209496,0.000000,0.261031,0.091361
_859_,csr,medium,0.700,use_with_confidence_weight,1,middle_center,47.524,99.060,237.620,11,0,0.543835,0.341279,0.000000,0.423969,0.296778
_860_,csr,medium,0.700,use_with_confidence_weight,1,middle_center,2.050,4.100,4.100,2,0,0.013970,0.030233,0.000000,0.114332,0.080033
_861_,csr,medium,0.700,use_with_confidence_weight,1,middle_center,40.493,75.680,121.480,10,0,0.366390,0.209496,0.000000,0.312543,0.218780
_862_,csr,medium,0.700,use_with_confidence_weight,1,middle_center,39.127,103.120,234.760,24,0,0.553358,0.421124,0.000000,0.450325,0.315228
_863_,csr,medium,0.700,use_with_confidence_weight,1,middle_center,0.690,1.380,1.380,2,0,0.004702,0.030233,0.000000,0.110440,0.077308
_864_,csr,medium,0.700,use_with_confidence_weight,1,middle_center,16.160,55.060,64.640,7,0,0.233570,0.105814,0.000000,0.227727,0.159409
_865_,decode_control,low,0.350,use_only_for_diagnostics,1,middle_center,26.900,55.600,107.600,6,0,0.301835,0.090698,0.000000,0.252166,0.088258
_866_,generated_control,high,1.000,use_physical_features,1,middle_center,26.133,62.880,78.400,10,0,0.263914,0.209496,0.000000,0.269503,0.269503
_867_,csr,medium,0.700,use_with_confidence_weight,1,middle_center,32.520,75.680,97.560,10,0,0.311489,0.209496,0.000000,0.289484,0.202639
_868_,decode_control,low,0.350,use_only_for_diagnostics,1,middle_east,36.133,85.640,108.400,22,0,0.345973,0.390891,0.000000,0.354758,0.124165
_869_,generated_datapath,high,1.000,use_physical_features,1,middle_east,67.875,103.120,271.500,27,0,0.576245,0.524806,0.000000,0.488969,0.488969
_870_,unclassified,high,1.000,use_physical_features,1,north_east,40.300,100.900,201.500,10,0,0.486458,0.267829,0.000000,0.379304,0.379304
_871_,generated_control,high,1.000,use_physical_features,1,north_east,59.567,100.900,178.700,10,0,0.472254,0.267829,0.000000,0.373339,0.373339
_872_,generated_control,high,1.000,use_physical_features,1,north_center,68.724,103.120,343.620,24,0,0.661172,0.537791,0.000000,0.528274,0.528274
_873_,generated_datapath,high,1.000,use_physical_features,1,north_center,48.135,100.900,192.540,10,0,0.480876,0.267829,0.000000,0.376960,0.376960
_874_,generated_control,high,1.000,use_physical_features,1,north_center,38.340,91.360,153.360,13,0,0.429907,0.254845,0.000000,0.351917,0.351917
_875_,execute_alu,high,1.000,use_physical_features,1,north_center,36.340,103.540,109.020,11,0,0.396198,0.224612,0.000000,0.329295,0.329295
_876_,generated_control,high,1.000,use_physical_features,1,north_center,26.240,75.080,78.720,9,0,0.298082,0.194380,0.000000,0.279621,0.279621
_877_,generated_control,high,1.000,use_physical_features,1,north_center,60.135,99.060,240.540,13,0,0.545654,0.313178,0.000000,0.416865,0.416865
_878_,generated_control,high,1.000,use_physical_features,1,north_center,32.047,85.640,96.140,22,0,0.338336,0.390891,0.000000,0.351551,0.351551
_879_,execute_alu,high,1.000,use_physical_features,1,north_center,37.860,103.540,113.580,11,0,0.399038,0.224612,0.000000,0.330488,0.330488
_880_,generated_control,high,1.000,use_physical_features,1,north_center,25.933,75.080,77.800,9,0,0.297509,0.194380,0.000000,0.279380,0.279380
_881_,generated_control,high,1.000,use_physical_features,1,north_east,5.020,5.020,10.040,2,0,0.020231,0.030233,0.000000,0.116962,0.116962
_882_,generated_control,high,1.000,use_physical_features,1,north_east,47.147,99.060,141.440,11,0,0.443920,0.224612,0.000000,0.349338,0.349338
_883_,generated_datapath,high,1.000,use_physical_features,1,north_east,64.784,157.500,323.920,43,0,0.800309,0.766667,0.000000,0.650796,0.650796
_884_,generated_datapath,high,1.000,use_physical_features,1,north_east,46.875,157.500,187.500,43,0,0.635326,0.708333,0.000000,0.565170,0.565170
_885_,generated_datapath,high,1.000,use_physical_features,1,north_center,58.495,157.500,233.980,43,0,0.704281,0.708333,0.000000,0.594131,0.594131
_886_,generated_control,high,1.000,use_physical_features,1,middle_east,15.173,22.760,45.520,4,0,0.091727,0.060465,0.000000,0.155455,0.155455
_887_,generated_control,high,1.000,use_physical_features,1,north_east,20.053,41.000,60.160,6,0,0.191632,0.090698,0.000000,0.205881,0.205881
_888_,generated_control,high,1.000,use_physical_features,1,north_east,5.773,14.140,17.320,3,0,0.050159,0.045349,0.000000,0.133765,0.133765
_889_,decode_control,low,0.350,use_only_for_diagnostics,1,north_east,44.940,99.060,179.760,11,0,0.467792,0.282946,0.000000,0.375697,0.131494
_890_,decode_control,low,0.350,use_only_for_diagnostics,1,north_east,32.400,99.060,194.400,11,0,0.476912,0.282946,0.000000,0.379528,0.132835
_891_,generated_control,high,1.000,use_physical_features,1,middle_east,65.660,157.500,196.980,43,0,0.641232,0.708333,0.000000,0.567651,0.567651
_892_,generated_datapath,high,1.000,use_physical_features,1,north_east,43.025,157.500,172.100,43,0,0.585733,0.708333,0.000000,0.544341,0.544341
_893_,generated_control,high,1.000,use_physical_features,1,north_center,33.420,75.080,100.260,9,0,0.351500,0.194380,0.000000,0.302056,0.302056
_894_,generated_control,high,1.000,use_physical_features,1,north_center,56.893,157.500,170.680,43,0,0.584848,0.708333,0.000000,0.543970,0.543970
_895_,generated_control,high,1.000,use_physical_features,1,north_center,10.360,25.180,31.080,3,0,0.129469,0.045349,0.000000,0.167075,0.167075
_896_,generated_control,high,1.000,use_physical_features,1,north_center,55.680,157.500,167.040,43,0,0.582581,0.708333,0.000000,0.543017,0.543017
_897_,generated_control,high,1.000,use_physical_features,1,north_center,8.853,25.180,26.560,3,0,0.126654,0.045349,0.000000,0.165892,0.165892
_898_,generated_control,high,1.000,use_physical_features,1,middle_center,50.480,94.540,151.440,16,0,0.437565,0.358527,0.000000,0.384165,0.384165
_899_,pipeline_state,very_low,0.100,do_not_use_for_physical_scoring,1,middle_center,32.065,58.560,128.260,13,0,0.322947,0.313178,0.000000,0.323327,0.032333
_900_,generated_control,high,1.000,use_physical_features,1,south_center,35.490,67.760,70.980,13,0,0.272879,0.254845,0.000000,0.285966,0.285966
_901_,generated_control,high,1.000,use_physical_features,1,south_center,54.800,94.540,164.400,16,0,0.445638,0.300194,0.000000,0.371222,0.371222
_902_,generated_datapath,high,1.000,use_physical_features,1,south_center,20.330,58.560,81.320,9,0,0.253705,0.194380,0.000000,0.260983,0.260983
_903_,generated_datapath,high,1.000,use_physical_features,1,south_center,30.640,58.560,122.560,9,0,0.319396,0.194380,0.000000,0.288573,0.288573
_904_,generated_datapath,high,1.000,use_physical_features,1,south_center,37.260,67.760,149.040,13,0,0.361507,0.313178,0.000000,0.339523,0.339523
_905_,generated_control,high,1.000,use_physical_features,1,north_center,14.407,34.100,43.220,4,0,0.161868,0.060465,0.000000,0.184915,0.184915
_906_,generated_control,high,1.000,use_physical_features,1,north_center,15.250,21.380,61.000,4,0,0.097528,0.060465,0.000000,0.157892,0.157892
_907_,generated_datapath,high,1.000,use_physical_features,1,north_center,14.215,22.680,56.860,3,0,0.098568,0.045349,0.000000,0.154096,0.154096
_908_,generated_datapath,high,1.000,use_physical_features,1,middle_center,44.775,83.800,179.100,10,0,0.424892,0.209496,0.000000,0.337114,0.337114
_909_,generated_control,high,1.000,use_physical_features,1,middle_center,34.860,100.900,104.580,10,0,0.386081,0.209496,0.000000,0.320813,0.320813
_910_,generated_control,high,1.000,use_physical_features,1,middle_east,49.127,100.900,147.380,10,0,0.452744,0.209496,0.000000,0.348811,0.348811
_911_,fetch,small_sample,0.250,diagnostic_only,1,middle_center,42.972,103.120,214.860,24,0,0.500961,0.479457,0.000000,0.444652,0.111163
_912_,fetch,small_sample,0.250,diagnostic_only,1,middle_center,30.715,103.120,122.860,24,0,0.403650,0.421124,0.000000,0.387448,0.096862
_913_,pipeline_state,very_low,0.100,do_not_use_for_physical_scoring,1,south_center,17.973,34.260,53.920,4,0,0.168979,0.060465,0.000000,0.187901,0.018790
_914_,pipeline_state,very_low,0.100,do_not_use_for_physical_scoring,1,south_center,31.865,102.320,127.460,27,0,0.404288,0.466473,0.000000,0.400413,0.040041
_915_,decode_control,low,0.350,use_only_for_diagnostics,1,middle_center,39.352,85.640,196.760,22,0,0.481017,0.449225,0.000000,0.427810,0.149734
_916_,generated_datapath,high,1.000,use_physical_features,1,middle_center,22.316,46.940,111.580,7,0,0.320203,0.105814,0.000000,0.264113,0.264113
_917_,unclassified,high,1.000,use_physical_features,1,middle_center,47.692,103.120,238.460,24,0,0.555663,0.479457,0.000000,0.467626,0.467626
_918_,execute_alu,high,1.000,use_physical_features,1,middle_center,53.733,90.540,161.200,9,0,0.432508,0.194380,0.000000,0.336080,0.336080
_919_,execute_alu,high,1.000,use_physical_features,1,middle_east,60.170,90.540,240.680,21,0,0.522020,0.434109,0.000000,0.440799,0.440799
_920_,generated_datapath,high,1.000,use_physical_features,1,middle_east,26.950,94.540,107.800,16,0,0.370379,0.300194,0.000000,0.339614,0.339614
_921_,execute_alu,high,1.000,use_physical_features,1,middle_center,25.983,83.580,155.900,21,0,0.369827,0.375775,0.000000,0.360545,0.360545
_922_,generated_control,high,1.000,use_physical_features,1,middle_center,36.547,102.320,109.640,27,0,0.393187,0.466473,0.000000,0.395751,0.395751
_923_,generated_datapath,high,1.000,use_physical_features,1,middle_center,31.530,102.320,126.120,27,0,0.403453,0.466473,0.000000,0.400063,0.400063
_924_,unclassified,high,1.000,use_physical_features,1,middle_center,41.577,103.120,249.460,24,0,0.562515,0.479457,0.000000,0.470505,0.470505
_925_,fetch,small_sample,0.250,diagnostic_only,1,middle_center,38.612,103.120,193.060,24,0,0.487381,0.479457,0.000000,0.438948,0.109737
_926_,register_file,medium,0.700,use_with_confidence_weight,1,middle_center,7.748,21.800,38.740,3,0,0.084830,0.045349,0.000000,0.148326,0.103828
_927_,generated_control,high,1.000,use_physical_features,1,middle_center,47.827,83.800,143.480,10,0,0.402703,0.209496,0.000000,0.327794,0.327794
_928_,register_file,medium,0.700,use_with_confidence_weight,1,middle_center,7.753,21.880,23.260,4,0,0.075410,0.060465,0.000000,0.148602,0.104022
_929_,generated_datapath,high,1.000,use_physical_features,1,middle_center,33.540,100.900,167.700,10,0,0.465402,0.209496,0.000000,0.354128,0.354128
_930_,generated_control,high,1.000,use_physical_features,1,middle_center,51.960,103.120,207.840,24,0,0.496588,0.479457,0.000000,0.442815,0.442815
_931_,generated_control,high,1.000,use_physical_features,1,middle_west,41.733,105.040,125.200,26,0,0.410453,0.451357,0.000000,0.398770,0.398770
_932_,generated_control,high,1.000,use_physical_features,1,middle_center,61.320,103.120,245.280,24,0,0.559911,0.479457,0.000000,0.469411,0.469411
_933_,csr,medium,0.700,use_with_confidence_weight,1,middle_center,29.520,55.060,88.560,7,0,0.288471,0.105814,0.000000,0.250786,0.175550
_934_,csr,medium,0.700,use_with_confidence_weight,1,south_center,33.215,59.140,132.860,8,0,0.327427,0.120930,0.000000,0.271380,0.189966
_935_,generated_datapath,high,1.000,use_physical_features,1,middle_center,3.075,6.820,12.300,2,0,0.026651,0.030233,0.000000,0.119659,0.119659
_936_,decode_control,low,0.350,use_only_for_diagnostics,1,middle_center,24.987,52.080,74.960,8,0,0.231701,0.120930,0.000000,0.231175,0.080911
_937_,generated_datapath,high,1.000,use_physical_features,1,middle_center,71.215,105.040,284.860,26,0,0.589914,0.509690,0.000000,0.490477,0.490477
_938_,generated_control,high,1.000,use_physical_features,1,middle_center,38.900,75.000,116.700,9,0,0.361519,0.194380,0.000000,0.306264,0.306264
_939_,generated_datapath,high,1.000,use_physical_features,1,middle_east,51.736,179.580,258.680,25,0,0.701145,0.436240,0.000000,0.516628,0.516628
_940_,register_file,medium,0.700,use_with_confidence_weight,1,middle_east,46.610,179.580,186.440,25,0,0.656143,0.436240,0.000000,0.497727,0.348409
_941_,generated_datapath,high,1.000,use_physical_features,1,north_center,78.395,179.580,313.580,25,0,0.815344,0.494574,0.000000,0.580925,0.580925
_942_,register_file,medium,0.700,use_with_confidence_weight,1,middle_east,45.930,179.580,183.720,25,0,0.654448,0.436240,0.000000,0.497016,0.347911
_943_,generated_control,high,1.000,use_physical_features,1,north_center,15.460,27.740,30.920,5,0,0.136497,0.075581,0.000000,0.178492,0.178492
_944_,generated_control,high,1.000,use_physical_features,1,north_center,44.835,157.500,179.340,43,0,0.590243,0.708333,0.000000,0.546235,0.546235
_945_,generated_control,high,1.000,use_physical_features,1,north_center,44.500,157.500,178.000,43,0,0.589408,0.708333,0.000000,0.545885,0.545885
_946_,generated_control,high,1.000,use_physical_features,1,north_center,46.655,157.500,186.620,43,0,0.594778,0.708333,0.000000,0.548140,0.548140
_947_,generated_control,high,1.000,use_physical_features,1,south_west,22.690,24.760,45.380,6,0,0.097208,0.090698,0.000000,0.166223,0.166223
_948_,generated_datapath,high,1.000,use_physical_features,1,middle_center,8.292,16.820,41.460,2,0,0.072659,0.030233,0.000000,0.138982,0.138982
_949_,fetch,small_sample,0.250,diagnostic_only,1,middle_center,17.072,58.300,85.360,5,0,0.255498,0.075581,0.000000,0.228472,0.057118
_950_,fetch,small_sample,0.250,diagnostic_only,1,middle_center,10.248,15.980,51.240,4,0,0.076413,0.060465,0.000000,0.149024,0.037256
_951_,execute_alu,high,1.000,use_physical_features,1,middle_east,27.184,64.720,135.920,9,0,0.344870,0.252713,0.000000,0.315605,0.315605
_952_,generated_datapath,high,1.000,use_physical_features,1,middle_center,17.550,53.260,70.200,12,0,0.232022,0.239729,0.000000,0.264573,0.264573
_953_,generated_datapath,high,1.000,use_physical_features,1,middle_center,29.640,55.600,118.560,11,0,0.308663,0.282946,0.000000,0.308863,0.308863
_954_,generated_datapath,high,1.000,use_physical_features,1,south_center,16.395,43.620,65.580,3,0,0.202303,0.045349,0.000000,0.197665,0.197665
_955_,generated_datapath,high,1.000,use_physical_features,1,south_west,13.385,20.620,53.540,3,0,0.090764,0.045349,0.000000,0.150819,0.150819
_956_,generated_datapath,high,1.000,use_physical_features,1,south_west,11.585,24.760,46.340,6,0,0.097806,0.090698,0.000000,0.166474,0.166474
_957_,generated_datapath,high,1.000,use_physical_features,1,middle_center,24.350,46.940,97.400,7,0,0.231369,0.105814,0.000000,0.226803,0.226803
_958_,decode_control,low,0.350,use_only_for_diagnostics,1,middle_center,25.615,74.300,102.460,10,0,0.310699,0.209496,0.000000,0.289152,0.101203
_959_,decode_control,low,0.350,use_only_for_diagnostics,1,middle_center,23.145,74.300,92.580,10,0,0.304544,0.209496,0.000000,0.286567,0.100299
_960_,generated_datapath,high,1.000,use_physical_features,1,middle_west,59.920,179.580,239.680,25,0,0.729309,0.436240,0.000000,0.528457,0.528457
_962__1,unclassified,high,1.000,use_physical_features,1,south_east,0.000,0.000,0.000,1,0,0.000000,0.015116,0.000000,0.104233,0.104233
_963__2,unclassified,high,1.000,use_physical_features,1,south_east,0.000,0.000,0.000,1,0,0.000000,0.015116,0.000000,0.104233,0.104233
clkbuf_0_clk,clock_reset,high,1.000,use_physical_features,1,middle_center,85.020,170.040,170.040,17,2,0.619364,0.315310,1.000000,0.648420,0.648420
clkbuf_4_0_0_clk,clock_reset,high,1.000,use_physical_features,1,south_west,88.220,170.040,176.440,19,2,0.623351,0.403876,1.000000,0.674893,0.674893
clkbuf_4_10_0_clk,clock_reset,high,1.000,use_physical_features,1,south_east,92.150,170.040,184.300,17,2,0.628248,0.373643,1.000000,0.668484,0.668484
clkbuf_4_11_0_clk,clock_reset,high,1.000,use_physical_features,1,middle_east,107.170,170.040,214.340,17,2,0.686961,0.373643,1.000000,0.693144,0.693144
clkbuf_4_12_0_clk,clock_reset,high,1.000,use_physical_features,1,middle_east,108.590,170.040,217.180,17,2,0.688730,0.373643,1.000000,0.693887,0.693887
clkbuf_4_13_0_clk,clock_reset,high,1.000,use_physical_features,1,north_east,99.180,170.040,198.360,17,2,0.677006,0.373643,1.000000,0.688963,0.688963
clkbuf_4_14_0_clk,clock_reset,high,1.000,use_physical_features,1,middle_east,96.020,170.040,192.040,17,2,0.633069,0.373643,1.000000,0.670509,0.670509
clkbuf_4_15_0_clk,clock_reset,high,1.000,use_physical_features,1,middle_east,109.220,170.040,218.440,17,2,0.689515,0.373643,1.000000,0.694216,0.694216
clkbuf_4_1_0_clk,clock_reset,high,1.000,use_physical_features,1,middle_west,99.410,170.040,198.820,17,2,0.677293,0.373643,1.000000,0.689083,0.689083
clkbuf_4_2_0_clk,clock_reset,high,1.000,use_physical_features,1,south_center,86.380,170.040,172.760,17,2,0.621059,0.373643,1.000000,0.665465,0.665465
clkbuf_4_3_0_clk,clock_reset,high,1.000,use_physical_features,1,south_center,101.900,170.040,203.800,17,2,0.680395,0.373643,1.000000,0.690386,0.690386
clkbuf_4_4_0_clk,clock_reset,high,1.000,use_physical_features,1,middle_west,88.220,170.040,176.440,17,2,0.623351,0.373643,1.000000,0.666428,0.666428
clkbuf_4_5_0_clk,clock_reset,high,1.000,use_physical_features,1,north_west,88.890,170.040,177.780,17,2,0.624186,0.373643,1.000000,0.666778,0.666778
clkbuf_4_6_0_clk,clock_reset,high,1.000,use_physical_features,1,middle_center,104.620,170.040,209.240,17,2,0.683784,0.373643,1.000000,0.691809,0.691809
clkbuf_4_7_0_clk,clock_reset,high,1.000,use_physical_features,1,north_center,98.010,170.040,196.020,19,2,0.675549,0.403876,1.000000,0.696816,0.696816
clkbuf_4_8_0_clk,clock_reset,high,1.000,use_physical_features,1,south_east,86.380,170.040,172.760,17,2,0.621059,0.373643,1.000000,0.665465,0.665465
clkbuf_4_9_0_clk,clock_reset,high,1.000,use_physical_features,1,south_center,101.710,170.040,203.420,17,2,0.680158,0.315310,1.000000,0.673953,0.673953
clkload0,clock_reset,high,1.000,use_physical_features,1,south_west,6.400,6.400,6.400,19,1,0.021806,0.345543,1.000000,0.405911,0.405911
clkload1,generated_control,high,1.000,use_physical_features,1,south_west,28.780,28.780,28.780,12,1,0.138060,0.239729,1.000000,0.425109,0.425109
clkload10,generated_control,high,1.000,use_physical_features,1,south_east,44.300,44.300,44.300,11,1,0.190940,0.224612,1.000000,0.443086,0.443086
clkload11,clock_reset,high,1.000,use_physical_features,1,middle_east,47.140,47.140,47.140,9,1,0.200617,0.194380,1.000000,0.438685,0.438685
clkload12,generated_control,high,1.000,use_physical_features,1,north_east,28.320,28.320,28.320,11,1,0.136493,0.224612,1.000000,0.420218,0.420218
clkload13,generated_control,high,1.000,use_physical_features,1,middle_east,22.000,22.000,22.000,11,1,0.074959,0.224612,1.000000,0.394374,0.394374
clkload14,clock_reset,high,1.000,use_physical_features,1,middle_east,48.400,48.400,48.400,15,1,0.204910,0.285078,1.000000,0.465884,0.465884
clkload2,clock_reset,high,1.000,use_physical_features,1,south_center,2.720,2.720,2.720,14,1,0.009268,0.269961,1.000000,0.379482,0.379482
clkload3,generated_control,high,1.000,use_physical_features,1,middle_center,33.760,33.760,33.760,11,1,0.155028,0.224612,1.000000,0.428003,0.428003
clkload4,clock_reset,high,1.000,use_physical_features,1,middle_west,6.400,6.400,6.400,14,1,0.021806,0.269961,1.000000,0.384748,0.384748
clkload5,clock_reset,high,1.000,use_physical_features,1,middle_west,7.740,7.740,7.740,15,1,0.026372,0.285078,1.000000,0.390898,0.390898
clkload6,clock_reset,high,1.000,use_physical_features,1,middle_center,39.200,39.200,39.200,14,1,0.173563,0.269961,1.000000,0.448486,0.448486
clkload7,generated_control,high,1.000,use_physical_features,1,south_east,2.720,2.720,2.720,13,1,0.009268,0.254845,1.000000,0.375249,0.375249
clkload8,clock_reset,high,1.000,use_physical_features,1,south_center,33.380,33.380,33.380,8,1,0.153733,0.120930,1.000000,0.398428,0.398428
clkload9,generated_control,high,1.000,use_physical_features,1,south_east,14.260,14.260,14.260,16,1,0.048587,0.300194,1.000000,0.404461,0.404461
cpu.alu.add_cy_r$_DFF_P_,execute_alu,high,1.000,use_physical_features,1,middle_east,17.987,47.140,53.960,9,1,0.204865,0.194380,0.333333,0.307136,0.307136
cpu.alu.cmp_r$_DFFE_PP_,execute_alu,high,1.000,use_physical_features,1,middle_east,40.045,103.540,160.180,11,1,0.468068,0.282946,0.250000,0.425813,0.425813
cpu.bufreg.c_r$_DFF_P_,pipeline_state,very_low,0.100,do_not_use_for_physical_scoring,1,middle_center,12.493,33.380,37.480,8,1,0.156287,0.120930,0.333333,0.266168,0.026617
cpu.bufreg.data[0]$_DFFE_PP_,pipeline_state,very_low,0.100,do_not_use_for_physical_scoring,0,unplaced,38.775,67.760,155.100,13,1,0.405282,0.254845,0.250000,0.291575,0.029157
cpu.bufreg.data[10]$_DFFE_PP_,pipeline_state,very_low,0.100,do_not_use_for_physical_scoring,0,unplaced,14.035,44.300,56.140,34,1,0.198316,0.630620,0.250000,0.309866,0.030987
cpu.bufreg.data[11]$_DFFE_PP_,pipeline_state,very_low,0.100,do_not_use_for_physical_scoring,0,unplaced,6.525,14.260,26.100,34,1,0.055963,0.630620,0.250000,0.250078,0.025008
cpu.bufreg.data[12]$_DFFE_PP_,pipeline_state,very_low,0.100,do_not_use_for_physical_scoring,0,unplaced,6.525,14.260,26.100,34,1,0.055963,0.630620,0.250000,0.250078,0.025008
cpu.bufreg.data[13]$_DFFE_PP_,pipeline_state,very_low,0.100,do_not_use_for_physical_scoring,0,unplaced,6.525,14.260,26.100,34,1,0.055963,0.630620,0.250000,0.250078,0.025008
cpu.bufreg.data[14]$_DFFE_PP_,pipeline_state,very_low,0.100,do_not_use_for_physical_scoring,0,unplaced,6.525,14.260,26.100,34,1,0.055963,0.630620,0.250000,0.250078,0.025008
cpu.bufreg.data[15]$_DFFE_PP_,pipeline_state,very_low,0.100,do_not_use_for_physical_scoring,0,unplaced,6.525,14.260,26.100,34,1,0.055963,0.630620,0.250000,0.250078,0.025008
cpu.bufreg.data[16]$_DFFE_PP_,pipeline_state,very_low,0.100,do_not_use_for_physical_scoring,0,unplaced,6.525,14.260,26.100,34,1,0.055963,0.630620,0.250000,0.250078,0.025008
cpu.bufreg.data[17]$_DFFE_PP_,pipeline_state,very_low,0.100,do_not_use_for_physical_scoring,0,unplaced,6.525,14.260,26.100,34,1,0.055963,0.630620,0.250000,0.250078,0.025008
cpu.bufreg.data[18]$_DFFE_PP_,pipeline_state,very_low,0.100,do_not_use_for_physical_scoring,0,unplaced,6.525,14.260,26.100,34,1,0.055963,0.630620,0.250000,0.250078,0.025008
cpu.bufreg.data[19]$_DFFE_PP_,pipeline_state,very_low,0.100,do_not_use_for_physical_scoring,0,unplaced,6.525,14.260,26.100,34,1,0.055963,0.630620,0.250000,0.250078,0.025008
cpu.bufreg.data[1]$_DFFE_PP_,pipeline_state,very_low,0.100,do_not_use_for_physical_scoring,0,unplaced,25.285,67.760,101.140,13,1,0.331668,0.254845,0.250000,0.260657,0.026066
cpu.bufreg.data[20]$_DFFE_PP_,pipeline_state,very_low,0.100,do_not_use_for_physical_scoring,0,unplaced,6.525,14.260,26.100,34,1,0.055963,0.630620,0.250000,0.250078,0.025008
cpu.bufreg.data[21]$_DFFE_PP_,pipeline_state,very_low,0.100,do_not_use_for_physical_scoring,0,unplaced,6.525,14.260,26.100,34,1,0.055963,0.630620,0.250000,0.250078,0.025008
cpu.bufreg.data[22]$_DFFE_PP_,pipeline_state,very_low,0.100,do_not_use_for_physical_scoring,0,unplaced,3.640,11.840,14.560,34,1,0.042036,0.630620,0.250000,0.244229,0.024423
cpu.bufreg.data[23]$_DFFE_PP_,pipeline_state,very_low,0.100,do_not_use_for_physical_scoring,0,unplaced,6.525,14.260,26.100,34,1,0.055963,0.630620,0.250000,0.250078,0.025008
cpu.bufreg.data[24]$_DFFE_PP_,pipeline_state,very_low,0.100,do_not_use_for_physical_scoring,0,unplaced,6.525,14.260,26.100,34,1,0.055963,0.630620,0.250000,0.250078,0.025008
cpu.bufreg.data[25]$_DFFE_PP_,pipeline_state,very_low,0.100,do_not_use_for_physical_scoring,0,unplaced,3.640,11.840,14.560,34,1,0.042036,0.630620,0.250000,0.244229,0.024423
cpu.bufreg.data[26]$_DFFE_PP_,pipeline_state,very_low,0.100,do_not_use_for_physical_scoring,0,unplaced,3.640,11.840,14.560,34,1,0.042036,0.630620,0.250000,0.244229,0.024423
cpu.bufreg.data[27]$_DFFE_PP_,pipeline_state,very_low,0.100,do_not_use_for_physical_scoring,0,unplaced,3.640,11.840,14.560,34,1,0.042036,0.630620,0.250000,0.244229,0.024423
cpu.bufreg.data[28]$_DFFE_PP_,pipeline_state,very_low,0.100,do_not_use_for_physical_scoring,0,unplaced,3.640,11.840,14.560,34,1,0.042036,0.630620,0.250000,0.244229,0.024423
cpu.bufreg.data[29]$_DFFE_PP_,pipeline_state,very_low,0.100,do_not_use_for_physical_scoring,0,unplaced,3.640,11.840,14.560,34,1,0.042036,0.630620,0.250000,0.244229,0.024423
cpu.bufreg.data[2]$_DFFE_PP_,pipeline_state,very_low,0.100,do_not_use_for_physical_scoring,0,unplaced,24.155,44.300,96.620,34,1,0.263533,0.630620,0.250000,0.337257,0.033726
cpu.bufreg.data[30]$_DFFE_PP_,pipeline_state,very_low,0.100,do_not_use_for_physical_scoring,0,unplaced,14.895,45.020,59.580,34,1,0.202463,0.630620,0.250000,0.311608,0.031161
cpu.bufreg.data[31]$_DFFE_PP_,pipeline_state,very_low,0.100,do_not_use_for_physical_scoring,0,unplaced,22.560,45.020,90.240,34,1,0.261563,0.572287,0.250000,0.320097,0.032010
cpu.bufreg.data[3]$_DFFE_PP_,pipeline_state,very_low,0.100,do_not_use_for_physical_scoring,0,unplaced,14.035,44.300,56.140,34,1,0.198316,0.630620,0.250000,0.309866,0.030987
cpu.bufreg.data[4]$_DFFE_PP_,pipeline_state,very_low,0.100,do_not_use_for_physical_scoring,0,unplaced,14.035,44.300,56.140,34,1,0.198316,0.630620,0.250000,0.309866,0.030987
cpu.bufreg.data[5]$_DFFE_PP_,pipeline_state,very_low,0.100,do_not_use_for_physical_scoring,0,unplaced,14.035,44.300,56.140,34,1,0.198316,0.630620,0.250000,0.309866,0.030987
cpu.bufreg.data[6]$_DFFE_PP_,pipeline_state,very_low,0.100,do_not_use_for_physical_scoring,0,unplaced,14.035,44.300,56.140,34,1,0.198316,0.630620,0.250000,0.309866,0.030987
cpu.bufreg.data[7]$_DFFE_PP_,pipeline_state,very_low,0.100,do_not_use_for_physical_scoring,0,unplaced,14.035,44.300,56.140,34,1,0.198316,0.630620,0.250000,0.309866,0.030987
cpu.bufreg.data[8]$_DFFE_PP_,pipeline_state,very_low,0.100,do_not_use_for_physical_scoring,0,unplaced,6.525,14.260,26.100,34,1,0.055963,0.630620,0.250000,0.250078,0.025008
cpu.bufreg.data[9]$_DFFE_PP_,pipeline_state,very_low,0.100,do_not_use_for_physical_scoring,0,unplaced,14.035,44.300,56.140,34,1,0.198316,0.630620,0.250000,0.309866,0.030987
cpu.bufreg2.dhi[0]$_DFFE_PP_,pipeline_state,very_low,0.100,do_not_use_for_physical_scoring,0,unplaced,9.120,33.760,36.480,14,1,0.156722,0.328295,0.250000,0.207746,0.020775
cpu.bufreg2.dhi[1]$_DFFE_PP_,pipeline_state,very_low,0.100,do_not_use_for_physical_scoring,0,unplaced,7.165,25.940,28.660,14,1,0.130078,0.328295,0.250000,0.196555,0.019656
cpu.bufreg2.dhi[2]$_DFFE_PP_,pipeline_state,very_low,0.100,do_not_use_for_physical_scoring,0,unplaced,5.950,21.080,23.800,13,1,0.073519,0.313178,0.250000,0.168568,0.016857
cpu.bufreg2.dhi[3]$_DFFE_PP_,pipeline_state,very_low,0.100,do_not_use_for_physical_scoring,0,unplaced,8.075,29.580,32.300,13,1,0.142480,0.313178,0.250000,0.197532,0.019753
cpu.bufreg2.dhi[4]$_DFFE_PP_,pipeline_state,very_low,0.100,do_not_use_for_physical_scoring,0,unplaced,13.010,33.380,52.040,9,1,0.165357,0.194380,0.250000,0.173876,0.017388
cpu.bufreg2.dhi[5]$_DFFE_PP_,pipeline_state,very_low,0.100,do_not_use_for_physical_scoring,0,unplaced,8.975,33.180,35.900,14,1,0.154746,0.328295,0.250000,0.206916,0.020692
cpu.bufreg2.dhi[6]$_DFFE_PP_,pipeline_state,very_low,0.100,do_not_use_for_physical_scoring,0,unplaced,8.735,32.220,34.940,13,1,0.151475,0.313178,0.250000,0.201309,0.020131
cpu.bufreg2.dhi[7]$_DFFE_PP_,pipeline_state,very_low,0.100,do_not_use_for_physical_scoring,0,unplaced,2.405,6.900,9.620,13,1,0.025204,0.313178,0.250000,0.148276,0.014828
cpu.bufreg2.dlo[0]$_DFFE_PP_,pipeline_state,very_low,0.100,do_not_use_for_physical_scoring,0,unplaced,2.165,5.940,8.660,25,1,0.021933,0.494574,0.250000,0.197693,0.019769
cpu.bufreg2.dlo[10]$_DFFE_PP_,pipeline_state,very_low,0.100,do_not_use_for_physical_scoring,0,unplaced,2.395,6.400,9.580,25,1,0.023787,0.494574,0.250000,0.198471,0.019847
cpu.bufreg2.dlo[11]$_DFFE_PP_,pipeline_state,very_low,0.100,do_not_use_for_physical_scoring,0,unplaced,2.635,6.400,10.540,25,1,0.024385,0.494574,0.250000,0.198722,0.019872
cpu.bufreg2.dlo[12]$_DFFE_PP_,pipeline_state,very_low,0.100,do_not_use_for_physical_scoring,0,unplaced,2.740,6.400,10.960,25,1,0.024647,0.494574,0.250000,0.198832,0.019883
cpu.bufreg2.dlo[13]$_DFFE_PP_,pipeline_state,very_low,0.100,do_not_use_for_physical_scoring,0,unplaced,3.420,7.280,13.680,25,1,0.028791,0.494574,0.250000,0.200573,0.020057
cpu.bufreg2.dlo[14]$_DFFE_PP_,pipeline_state,very_low,0.100,do_not_use_for_physical_scoring,0,unplaced,2.520,6.400,10.080,25,1,0.024099,0.494574,0.250000,0.198602,0.019860
cpu.bufreg2.dlo[15]$_DFFE_PP_,pipeline_state,very_low,0.100,do_not_use_for_physical_scoring,0,unplaced,3.200,6.400,12.800,25,1,0.025793,0.494574,0.250000,0.199314,0.019931
cpu.bufreg2.dlo[16]$_DFFE_PP_,pipeline_state,very_low,0.100,do_not_use_for_physical_scoring,0,unplaced,14.920,53.280,59.680,25,1,0.225524,0.494574,0.250000,0.283201,0.028320
cpu.bufreg2.dlo[17]$_DFFE_PP_,pipeline_state,very_low,0.100,do_not_use_for_physical_scoring,0,unplaced,2.855,6.400,11.420,25,1,0.024933,0.494574,0.250000,0.198953,0.019895
cpu.bufreg2.dlo[18]$_DFFE_PP_,pipeline_state,very_low,0.100,do_not_use_for_physical_scoring,0,unplaced,5.470,15.480,21.880,25,1,0.056731,0.494574,0.250000,0.212308,0.021231
cpu.bufreg2.dlo[19]$_DFFE_PP_,pipeline_state,very_low,0.100,do_not_use_for_physical_scoring,0,unplaced,3.325,6.900,13.300,25,1,0.027497,0.494574,0.250000,0.200029,0.020003
cpu.bufreg2.dlo[1]$_DFFE_PP_,pipeline_state,very_low,0.100,do_not_use_for_physical_scoring,0,unplaced,1.705,4.100,6.820,25,1,0.015664,0.494574,0.250000,0.195060,0.019506
cpu.bufreg2.dlo[20]$_DFFE_PP_,pipeline_state,very_low,0.100,do_not_use_for_physical_scoring,0,unplaced,3.200,6.400,12.800,25,1,0.025793,0.494574,0.250000,0.199314,0.019931
cpu.bufreg2.dlo[21]$_DFFE_PP_,pipeline_state,very_low,0.100,do_not_use_for_physical_scoring,0,unplaced,6.995,21.580,27.980,25,1,0.077515,0.494574,0.250000,0.221037,0.022104
cpu.bufreg2.dlo[22]$_DFFE_PP_,pipeline_state,very_low,0.100,do_not_use_for_physical_scoring,0,unplaced,3.660,8.240,14.640,25,1,0.032062,0.494574,0.250000,0.201947,0.020195
cpu.bufreg2.dlo[23]$_DFFE_PP_,pipeline_state,very_low,0.100,do_not_use_for_physical_scoring,0,unplaced,5.700,16.400,22.800,25,1,0.059865,0.494574,0.250000,0.213624,0.021362
cpu.bufreg2.dlo[2]$_DFFE_PP_,pipeline_state,very_low,0.100,do_not_use_for_physical_scoring,0,unplaced,2.385,6.820,9.540,25,1,0.024932,0.494574,0.250000,0.198952,0.019895
cpu.bufreg2.dlo[3]$_DFFE_PP_,pipeline_state,very_low,0.100,do_not_use_for_physical_scoring,0,unplaced,2.270,6.360,9.080,25,1,0.023364,0.494574,0.250000,0.198294,0.019829
cpu.bufreg2.dlo[4]$_DFFE_PP_,pipeline_state,very_low,0.100,do_not_use_for_physical_scoring,0,unplaced,1.820,4.560,7.280,25,1,0.017231,0.494574,0.250000,0.195718,0.019572
cpu.bufreg2.dlo[5]$_DFFE_PP_,pipeline_state,very_low,0.100,do_not_use_for_physical_scoring,0,unplaced,3.650,8.200,14.600,25,1,0.031926,0.494574,0.250000,0.201890,0.020189
cpu.bufreg2.dlo[6]$_DFFE_PP_,pipeline_state,very_low,0.100,do_not_use_for_physical_scoring,0,unplaced,3.420,7.280,13.680,25,1,0.028791,0.494574,0.250000,0.200573,0.020057
cpu.bufreg2.dlo[7]$_DFFE_PP_,pipeline_state,very_low,0.100,do_not_use_for_physical_scoring,0,unplaced,4.120,13.760,16.480,25,1,0.048578,0.494574,0.250000,0.208883,0.020888
cpu.bufreg2.dlo[8]$_DFFE_PP_,pipeline_state,very_low,0.100,do_not_use_for_physical_scoring,0,unplaced,3.200,10.080,12.800,25,1,0.036039,0.494574,0.250000,0.203617,0.020362
cpu.bufreg2.dlo[9]$_DFFE_PP_,pipeline_state,very_low,0.100,do_not_use_for_physical_scoring,0,unplaced,2.280,6.400,9.120,25,1,0.023501,0.494574,0.250000,0.198351,0.019835
cpu.ctrl.o_ibus_adr[0]$_SDFFCE_PP0P_,decode_control,low,0.350,use_only_for_diagnostics,0,unplaced,16.175,58.300,64.700,33,1,0.242628,0.615504,0.250000,0.324245,0.113486
cpu.ctrl.o_ibus_adr[10]$_SDFFCE_PP0P_,decode_control,low,0.350,use_only_for_diagnostics,0,unplaced,5.490,14.220,21.960,33,1,0.053272,0.615504,0.250000,0.244715,0.085650
cpu.ctrl.o_ibus_adr[11]$_SDFFCE_PP0P_,decode_control,low,0.350,use_only_for_diagnostics,0,unplaced,2.855,7.740,11.420,33,1,0.028664,0.615504,0.250000,0.234380,0.082033
cpu.ctrl.o_ibus_adr[12]$_SDFFCE_PP0P_,decode_control,low,0.350,use_only_for_diagnostics,0,unplaced,2.855,7.740,11.420,33,1,0.028664,0.615504,0.250000,0.234380,0.082033
cpu.ctrl.o_ibus_adr[13]$_SDFFCE_PP0P_,decode_control,low,0.350,use_only_for_diagnostics,0,unplaced,2.730,7.740,10.920,33,1,0.028353,0.615504,0.250000,0.234249,0.081987
cpu.ctrl.o_ibus_adr[14]$_SDFFCE_PP0P_,decode_control,low,0.350,use_only_for_diagnostics,0,unplaced,2.960,7.740,11.840,33,1,0.028926,0.615504,0.250000,0.234490,0.082072
cpu.ctrl.o_ibus_adr[15]$_SDFFCE_PP0P_,decode_control,low,0.350,use_only_for_diagnostics,0,unplaced,4.215,9.120,16.860,33,1,0.035896,0.615504,0.250000,0.237417,0.083096
cpu.ctrl.o_ibus_adr[16]$_SDFFCE_PP0P_,decode_control,low,0.350,use_only_for_diagnostics,0,unplaced,3.305,7.740,13.220,33,1,0.029786,0.615504,0.250000,0.234851,0.082198
cpu.ctrl.o_ibus_adr[17]$_SDFFCE_PP0P_,decode_control,low,0.350,use_only_for_diagnostics,0,unplaced,2.855,7.740,11.420,33,1,0.028664,0.615504,0.250000,0.234380,0.082033
cpu.ctrl.o_ibus_adr[18]$_SDFFCE_PP0P_,decode_control,low,0.350,use_only_for_diagnostics,0,unplaced,2.855,6.400,11.420,33,1,0.024933,0.615504,0.250000,0.232813,0.081485
cpu.ctrl.o_ibus_adr[19]$_SDFFCE_PP0P_,decode_control,low,0.350,use_only_for_diagnostics,0,unplaced,2.520,6.400,10.080,33,1,0.024099,0.615504,0.250000,0.232463,0.081362
cpu.ctrl.o_ibus_adr[1]$_SDFFCE_PP0P_,decode_control,low,0.350,use_only_for_diagnostics,0,unplaced,2.750,6.400,11.000,33,1,0.024672,0.615504,0.250000,0.232703,0.081446
cpu.ctrl.o_ibus_adr[20]$_SDFFCE_PP0P_,decode_control,low,0.350,use_only_for_diagnostics,0,unplaced,2.280,6.400,9.120,33,1,0.023501,0.615504,0.250000,0.232211,0.081274
cpu.ctrl.o_ibus_adr[21]$_SDFFCE_PP0P_,decode_control,low,0.350,use_only_for_diagnostics,0,unplaced,2.865,6.400,11.460,33,1,0.024958,0.615504,0.250000,0.232824,0.081488
cpu.ctrl.o_ibus_adr[22]$_SDFFCE_PP0P_,decode_control,low,0.350,use_only_for_diagnostics,0,unplaced,2.865,6.400,11.460,33,1,0.024958,0.615504,0.250000,0.232824,0.081488
cpu.ctrl.o_ibus_adr[23]$_SDFFCE_PP0P_,decode_control,low,0.350,use_only_for_diagnostics,0,unplaced,2.395,6.400,9.580,33,1,0.023787,0.615504,0.250000,0.232332,0.081316
cpu.ctrl.o_ibus_adr[24]$_SDFFCE_PP0P_,decode_control,low,0.350,use_only_for_diagnostics,0,unplaced,8.345,28.780,33.380,33,1,0.140925,0.615504,0.250000,0.281530,0.098535
cpu.ctrl.o_ibus_adr[25]$_SDFFCE_PP0P_,decode_control,low,0.350,use_only_for_diagnostics,0,unplaced,8.115,28.780,32.460,33,1,0.140352,0.615504,0.250000,0.281289,0.098451
cpu.ctrl.o_ibus_adr[26]$_SDFFCE_PP0P_,decode_control,low,0.350,use_only_for_diagnostics,0,unplaced,8.230,28.780,32.920,33,1,0.140639,0.615504,0.250000,0.281409,0.098493
cpu.ctrl.o_ibus_adr[27]$_SDFFCE_PP0P_,decode_control,low,0.350,use_only_for_diagnostics,0,unplaced,7.990,28.780,31.960,33,1,0.140041,0.615504,0.250000,0.281158,0.098405
cpu.ctrl.o_ibus_adr[28]$_SDFFCE_PP0P_,decode_control,low,0.350,use_only_for_diagnostics,0,unplaced,9.360,28.780,37.440,33,1,0.143455,0.615504,0.250000,0.282592,0.098907
cpu.ctrl.o_ibus_adr[29]$_SDFFCE_PP0P_,decode_control,low,0.350,use_only_for_diagnostics,0,unplaced,9.935,28.780,39.740,33,1,0.144887,0.615504,0.250000,0.283194,0.099118
cpu.ctrl.o_ibus_adr[2]$_SDFFCE_PP0P_,decode_control,low,0.350,use_only_for_diagnostics,0,unplaced,3.535,7.740,14.140,33,1,0.030359,0.615504,0.250000,0.235092,0.082282
cpu.ctrl.o_ibus_adr[30]$_SDFFCE_PP0P_,decode_control,low,0.350,use_only_for_diagnostics,0,unplaced,10.520,28.780,42.080,33,1,0.146345,0.615504,0.250000,0.283806,0.099332
cpu.ctrl.o_ibus_adr[31]$_SDFFCE_PP0P_,decode_control,low,0.350,use_only_for_diagnostics,0,unplaced,2.290,6.400,9.160,33,1,0.023526,0.615504,0.250000,0.232222,0.081278
cpu.ctrl.o_ibus_adr[3]$_SDFFCE_PP0P_,decode_control,low,0.350,use_only_for_diagnostics,0,unplaced,2.510,6.400,10.040,33,1,0.024074,0.615504,0.250000,0.232452,0.081358
cpu.ctrl.o_ibus_adr[4]$_SDFFCE_PP0P_,decode_control,low,0.350,use_only_for_diagnostics,0,unplaced,2.395,6.400,9.580,33,1,0.023787,0.615504,0.250000,0.232332,0.081316
cpu.ctrl.o_ibus_adr[5]$_SDFFCE_PP0P_,decode_control,low,0.350,use_only_for_diagnostics,0,unplaced,4.235,9.200,16.940,33,1,0.036168,0.615504,0.250000,0.237532,0.083136
cpu.ctrl.o_ibus_adr[6]$_SDFFCE_PP0P_,decode_control,low,0.350,use_only_for_diagnostics,0,unplaced,3.870,7.740,15.480,33,1,0.031194,0.615504,0.250000,0.235442,0.082405
cpu.ctrl.o_ibus_adr[7]$_SDFFCE_PP0P_,decode_control,low,0.350,use_only_for_diagnostics,0,unplaced,5.030,12.380,20.120,33,1,0.047003,0.615504,0.250000,0.242082,0.084729
cpu.ctrl.o_ibus_adr[8]$_SDFFCE_PP0P_,decode_control,low,0.350,use_only_for_diagnostics,0,unplaced,6.390,17.820,25.560,33,1,0.065538,0.615504,0.250000,0.249867,0.087454
cpu.ctrl.o_ibus_adr[9]$_SDFFCE_PP0P_,decode_control,low,0.350,use_only_for_diagnostics,0,unplaced,2.960,7.740,11.840,33,1,0.028926,0.615504,0.250000,0.234490,0.082072
cpu.ctrl.pc_plus_4_cy_r$_DFF_P_,fetch,small_sample,0.250,diagnostic_only,1,middle_center,14.893,39.200,44.680,14,1,0.176977,0.269961,0.333333,0.316586,0.079147
cpu.ctrl.pc_plus_offset_cy_r$_DFF_P_,fetch,small_sample,0.250,diagnostic_only,1,middle_center,18.153,47.140,54.460,9,1,0.205177,0.194380,0.333333,0.307267,0.076817
cpu.decode.funct3[0]$_DFFE_PP_,decode_control,low,0.350,use_only_for_diagnostics,0,unplaced,58.295,94.540,233.180,16,1,0.528485,0.416860,0.250000,0.388684,0.136040
cpu.decode.funct3[1]$_DFFE_PP_,decode_control,low,0.350,use_only_for_diagnostics,0,unplaced,53.380,83.580,213.520,21,1,0.485722,0.492442,0.250000,0.391887,0.137160
cpu.decode.funct3[2]$_DFFE_PP_,execute_alu,high,1.000,use_physical_features,0,unplaced,38.830,77.860,155.320,14,1,0.433540,0.328295,0.250000,0.324009,0.324009
cpu.decode.imm30$_DFFE_PP_,decode_control,low,0.350,use_only_for_diagnostics,1,middle_east,62.250,157.500,249.000,43,1,0.713638,0.766667,0.250000,0.664394,0.232538
cpu.decode.op20$_DFFE_PP_,decode_control,low,0.350,use_only_for_diagnostics,1,north_east,65.300,157.500,261.200,43,1,0.721238,0.825000,0.250000,0.683920,0.239372
cpu.decode.op21$_DFFE_PP_,decode_control,low,0.350,use_only_for_diagnostics,1,north_center,56.035,157.500,224.140,43,1,0.698151,0.766667,0.250000,0.657890,0.230262
cpu.decode.op22$_DFFE_PP_,decode_control,low,0.350,use_only_for_diagnostics,1,north_center,52.930,157.500,211.720,43,1,0.690414,0.766667,0.250000,0.654641,0.229124
cpu.decode.op26$_DFFE_PP_,decode_control,low,0.350,use_only_for_diagnostics,1,north_center,59.015,157.500,236.060,43,1,0.705577,0.766667,0.250000,0.661009,0.231353
cpu.decode.opcode[0]$_DFFE_PP_,decode_control,low,0.350,use_only_for_diagnostics,0,unplaced,43.540,77.860,174.160,14,1,0.405276,0.386628,0.250000,0.328472,0.114965
cpu.decode.opcode[1]$_DFFE_PP_,decode_control,low,0.350,use_only_for_diagnostics,0,unplaced,28.500,77.860,114.000,14,1,0.327800,0.328295,0.250000,0.279598,0.097859
cpu.decode.opcode[2]$_DFFE_PP_,decode_control,low,0.350,use_only_for_diagnostics,0,unplaced,45.870,157.500,183.480,43,1,0.632822,0.766667,0.250000,0.530452,0.185658
cpu.decode.opcode[3]$_DFFE_PP_,decode_control,low,0.350,use_only_for_diagnostics,0,unplaced,68.710,157.500,274.840,43,1,0.729735,0.825000,0.250000,0.587489,0.205621
cpu.decode.opcode[4]$_DFFE_PP_,decode_control,low,0.350,use_only_for_diagnostics,0,unplaced,45.870,157.500,183.480,43,1,0.632822,0.766667,0.250000,0.530452,0.185658
cpu.gen_csr.csr.mcause31$_DFFE_PP_,csr,medium,0.700,use_with_confidence_weight,1,middle_center,14.765,47.140,59.060,9,1,0.208042,0.194380,0.250000,0.291804,0.204263
cpu.gen_csr.csr.mcause3_0[0]$_DFFE_PP_,csr,medium,0.700,use_with_confidence_weight,0,unplaced,9.800,39.200,39.200,14,1,0.173563,0.269961,0.250000,0.198486,0.138940
cpu.gen_csr.csr.mcause3_0[1]$_DFFE_PP_,csr,medium,0.700,use_with_confidence_weight,0,unplaced,9.800,39.200,39.200,14,1,0.173563,0.269961,0.250000,0.198486,0.138940
cpu.gen_csr.csr.mcause3_0[2]$_DFFE_PP_,csr,medium,0.700,use_with_confidence_weight,0,unplaced,9.800,39.200,39.200,14,1,0.173563,0.269961,0.250000,0.198486,0.138940
cpu.gen_csr.csr.mcause3_0[3]$_DFFE_PP_,csr,medium,0.700,use_with_confidence_weight,0,unplaced,9.800,39.200,39.200,14,1,0.173563,0.269961,0.250000,0.198486,0.138940
cpu.gen_csr.csr.mie_mtie$_SDFFE_PP0P_,csr,medium,0.700,use_with_confidence_weight,1,north_center,18.240,39.200,54.720,14,1,0.183231,0.269961,0.333333,0.319213,0.223449
cpu.gen_csr.csr.mstatus_mie$_DFFE_PP_,csr,medium,0.700,use_with_confidence_weight,1,north_center,13.775,26.400,55.100,19,1,0.187829,0.345543,0.250000,0.325640,0.227948
cpu.gen_csr.csr.mstatus_mpie$_DFFE_PP_,csr,medium,0.700,use_with_confidence_weight,1,north_center,10.855,25.980,43.420,19,1,0.139384,0.345543,0.250000,0.305293,0.213705
cpu.gen_csr.csr.o_new_irq$_SDFFE_PP0P_,csr,medium,0.700,use_with_confidence_weight,1,north_center,38.293,75.680,114.880,14,1,0.362278,0.328295,0.333333,0.410746,0.287522
cpu.gen_csr.csr.timer_irq_r$_DFFE_PP_,csr,medium,0.700,use_with_confidence_weight,1,north_west,53.535,157.500,214.140,43,1,0.651922,0.766667,0.250000,0.638474,0.446932
cpu.immdec.gen_immdec_w_eq_1.imm11_7[0]$_DFFE_PP_,pipeline_state,very_low,0.100,do_not_use_for_physical_scoring,0,unplaced,15.020,34.100,60.080,19,1,0.212371,0.345543,0.250000,0.235948,0.023595
cpu.immdec.gen_immdec_w_eq_1.imm11_7[1]$_DFFE_PP_,pipeline_state,very_low,0.100,do_not_use_for_physical_scoring,0,unplaced,7.405,25.980,29.620,19,1,0.130787,0.345543,0.250000,0.201683,0.020168
cpu.immdec.gen_immdec_w_eq_1.imm11_7[2]$_DFFE_PP_,pipeline_state,very_low,0.100,do_not_use_for_physical_scoring,0,unplaced,8.995,25.980,35.980,19,1,0.134749,0.345543,0.250000,0.203347,0.020335
cpu.immdec.gen_immdec_w_eq_1.imm11_7[3]$_DFFE_PP_,pipeline_state,very_low,0.100,do_not_use_for_physical_scoring,0,unplaced,10.815,25.980,43.260,19,1,0.139284,0.345543,0.250000,0.205251,0.020525
cpu.immdec.gen_immdec_w_eq_1.imm11_7[4]$_DFFE_PP_,pipeline_state,very_low,0.100,do_not_use_for_physical_scoring,0,unplaced,9.580,25.980,38.320,19,1,0.136207,0.345543,0.250000,0.203959,0.020396
cpu.immdec.gen_immdec_w_eq_1.imm19_12_20[0]$_DFFE_PP_,pipeline_state,very_low,0.100,do_not_use_for_physical_scoring,0,unplaced,7.080,28.320,28.320,11,1,0.136493,0.282946,0.250000,0.186552,0.018655
cpu.immdec.gen_immdec_w_eq_1.imm19_12_20[1]$_DFFE_PP_,pipeline_state,very_low,0.100,do_not_use_for_physical_scoring,0,unplaced,12.100,48.400,48.400,15,1,0.204910,0.343411,0.250000,0.232217,0.023222
cpu.immdec.gen_immdec_w_eq_1.imm19_12_20[2]$_DFFE_PP_,pipeline_state,very_low,0.100,do_not_use_for_physical_scoring,0,unplaced,12.100,48.400,48.400,15,1,0.204910,0.343411,0.250000,0.232217,0.023222
cpu.immdec.gen_immdec_w_eq_1.imm19_12_20[3]$_DFFE_PP_,pipeline_state,very_low,0.100,do_not_use_for_physical_scoring,0,unplaced,12.100,48.400,48.400,15,1,0.204910,0.343411,0.250000,0.232217,0.023222
cpu.immdec.gen_immdec_w_eq_1.imm19_12_20[4]$_DFFE_PP_,csr,medium,0.700,use_with_confidence_weight,0,unplaced,20.320,48.400,81.280,15,1,0.265392,0.343411,0.250000,0.257620,0.180334
cpu.immdec.gen_immdec_w_eq_1.imm19_12_20[5]$_DFFE_PP_,pipeline_state,very_low,0.100,do_not_use_for_physical_scoring,0,unplaced,10.740,28.320,42.960,11,1,0.145613,0.282946,0.250000,0.190382,0.019038
cpu.immdec.gen_immdec_w_eq_1.imm19_12_20[6]$_DFFE_PP_,pipeline_state,very_low,0.100,do_not_use_for_physical_scoring,0,unplaced,12.100,48.400,48.400,15,1,0.204910,0.343411,0.250000,0.232217,0.023222
cpu.immdec.gen_immdec_w_eq_1.imm19_12_20[7]$_DFFE_PP_,pipeline_state,very_low,0.100,do_not_use_for_physical_scoring,0,unplaced,12.100,48.400,48.400,15,1,0.204910,0.343411,0.250000,0.232217,0.023222
cpu.immdec.gen_immdec_w_eq_1.imm19_12_20[8]$_DFFE_PP_,pipeline_state,very_low,0.100,do_not_use_for_physical_scoring,0,unplaced,7.080,28.320,28.320,11,1,0.136493,0.282946,0.250000,0.186552,0.018655
cpu.immdec.gen_immdec_w_eq_1.imm24_20[0]$_DFFE_PP_,pipeline_state,very_low,0.100,do_not_use_for_physical_scoring,0,unplaced,17.330,41.000,69.320,11,1,0.237338,0.224612,0.250000,0.212573,0.021257
cpu.immdec.gen_immdec_w_eq_1.imm24_20[1]$_DFFE_PP_,pipeline_state,very_low,0.100,do_not_use_for_physical_scoring,0,unplaced,9.360,28.320,37.440,11,1,0.142174,0.224612,0.250000,0.172605,0.017260
cpu.immdec.gen_immdec_w_eq_1.imm24_20[2]$_DFFE_PP_,pipeline_state,very_low,0.100,do_not_use_for_physical_scoring,0,unplaced,7.080,28.320,28.320,11,1,0.136493,0.224612,0.250000,0.170218,0.017022
cpu.immdec.gen_immdec_w_eq_1.imm24_20[3]$_DFFE_PP_,pipeline_state,very_low,0.100,do_not_use_for_physical_scoring,0,unplaced,7.080,28.320,28.320,11,1,0.136493,0.224612,0.250000,0.170218,0.017022
cpu.immdec.gen_immdec_w_eq_1.imm24_20[4]$_DFFE_PP_,pipeline_state,very_low,0.100,do_not_use_for_physical_scoring,0,unplaced,7.080,28.320,28.320,11,1,0.136493,0.224612,0.250000,0.170218,0.017022
cpu.immdec.gen_immdec_w_eq_1.imm30_25[0]$_DFFE_PP_,pipeline_state,very_low,0.100,do_not_use_for_physical_scoring,0,unplaced,6.495,25.980,25.980,19,1,0.128520,0.345543,0.250000,0.200730,0.020073
cpu.immdec.gen_immdec_w_eq_1.imm30_25[1]$_DFFE_PP_,pipeline_state,very_low,0.100,do_not_use_for_physical_scoring,0,unplaced,6.495,25.980,25.980,19,1,0.128520,0.345543,0.250000,0.200730,0.020073
cpu.immdec.gen_immdec_w_eq_1.imm30_25[2]$_DFFE_PP_,pipeline_state,very_low,0.100,do_not_use_for_physical_scoring,0,unplaced,6.495,25.980,25.980,19,1,0.128520,0.345543,0.250000,0.200730,0.020073
cpu.immdec.gen_immdec_w_eq_1.imm30_25[3]$_DFFE_PP_,pipeline_state,very_low,0.100,do_not_use_for_physical_scoring,0,unplaced,6.495,25.980,25.980,19,1,0.128520,0.345543,0.250000,0.200730,0.020073
cpu.immdec.gen_immdec_w_eq_1.imm30_25[4]$_DFFE_PP_,pipeline_state,very_low,0.100,do_not_use_for_physical_scoring,0,unplaced,6.495,25.980,25.980,19,1,0.128520,0.345543,0.250000,0.200730,0.020073
cpu.immdec.gen_immdec_w_eq_1.imm30_25[5]$_DFFE_PP_,pipeline_state,very_low,0.100,do_not_use_for_physical_scoring,0,unplaced,6.495,25.980,25.980,19,1,0.128520,0.345543,0.250000,0.200730,0.020073
cpu.immdec.gen_immdec_w_eq_1.imm31$_DFFE_PP_,pipeline_state,very_low,0.100,do_not_use_for_physical_scoring,1,middle_east,27.380,77.860,109.520,14,1,0.325009,0.328295,0.250000,0.378426,0.037843
cpu.immdec.gen_immdec_w_eq_1.imm7$_DFFE_PP_,pipeline_state,very_low,0.100,do_not_use_for_physical_scoring,1,middle_east,14.755,47.140,59.020,9,1,0.208017,0.194380,0.250000,0.291794,0.029179
cpu.mem_if.signbit$_DFFE_PP_,pipeline_state,very_low,0.100,do_not_use_for_physical_scoring,1,south_center,13.835,33.380,55.340,8,1,0.167413,0.120930,0.250000,0.254174,0.025417
cpu.state.gen_cnt_w_eq_1.cnt_lsb[0]$_SDFF_PP0_,pipeline_state,very_low,0.100,do_not_use_for_physical_scoring,0,unplaced,31.873,61.860,95.620,11,1,0.311802,0.224612,0.333333,0.260515,0.026051
cpu.state.gen_cnt_w_eq_1.cnt_lsb[1]$_SDFF_PP0_,pipeline_state,very_low,0.100,do_not_use_for_physical_scoring,0,unplaced,18.420,39.200,55.260,14,1,0.183568,0.269961,0.333333,0.219354,0.021935
cpu.state.gen_cnt_w_eq_1.cnt_lsb[2]$_SDFF_PP0_,pipeline_state,very_low,0.100,do_not_use_for_physical_scoring,0,unplaced,19.020,39.200,57.060,14,1,0.184689,0.269961,0.333333,0.219825,0.021983
cpu.state.gen_cnt_w_eq_1.cnt_lsb[3]$_SDFF_PP0_,pipeline_state,very_low,0.100,do_not_use_for_physical_scoring,0,unplaced,31.600,55.600,94.800,14,1,0.293861,0.328295,0.333333,0.282011,0.028201
cpu.state.gen_csr.misalign_trap_sync_r$_DFFE_PP_,csr,medium,0.700,use_with_confidence_weight,1,middle_west,29.670,55.060,118.680,11,1,0.347234,0.224612,0.250000,0.358730,0.251111
cpu.state.ibus_cyc$_DFFE_PP_,pipeline_state,very_low,0.100,do_not_use_for_physical_scoring,1,middle_west,16.720,29.860,66.880,12,1,0.204801,0.239729,0.250000,0.303141,0.030314
cpu.state.init_done$_SDFFE_PP0P_,pipeline_state,very_low,0.100,do_not_use_for_physical_scoring,1,middle_center,20.873,33.760,62.620,11,1,0.213006,0.224612,0.333333,0.319021,0.031902
cpu.state.o_cnt[2]$_SDFF_PP0_,pipeline_state,very_low,0.100,do_not_use_for_physical_scoring,0,unplaced,31.600,55.600,94.800,14,1,0.293861,0.328295,0.333333,0.282011,0.028201
cpu.state.o_cnt[3]$_SDFF_PP0_,pipeline_state,very_low,0.100,do_not_use_for_physical_scoring,0,unplaced,29.007,53.260,87.020,12,1,0.282500,0.298062,0.333333,0.268774,0.026877
cpu.state.o_cnt[4]$_SDFF_PP0_,pipeline_state,very_low,0.100,do_not_use_for_physical_scoring,0,unplaced,29.160,53.720,87.480,13,1,0.284067,0.313178,0.333333,0.273665,0.027366
cpu.state.o_ctrl_jump$_SDFFE_PP0P_,decode_control,low,0.350,use_only_for_diagnostics,1,middle_center,20.233,33.760,60.700,11,1,0.211810,0.224612,0.333333,0.318518,0.111481
input10,generated_control,high,1.000,use_physical_features,1,south_west,2.280,4.560,4.560,2,0,0.015537,0.030233,0.000000,0.114991,0.114991
input11,generated_control,high,1.000,use_physical_features,1,south_west,2.300,4.600,4.600,2,0,0.015673,0.030233,0.000000,0.115048,0.115048
input12,generated_control,high,1.000,use_physical_features,1,south_west,8.640,17.280,17.280,2,0,0.058877,0.030233,0.000000,0.133193,0.133193
input13,generated_control,high,1.000,use_physical_features,1,south_west,5.710,11.420,11.420,2,0,0.038910,0.030233,0.000000,0.124808,0.124808
input14,generated_control,high,1.000,use_physical_features,1,south_west,6.610,13.220,13.220,2,0,0.045043,0.030233,0.000000,0.127383,0.127383
input15,generated_control,high,1.000,use_physical_features,1,south_center,8.870,17.740,17.740,2,0,0.060444,0.030233,0.000000,0.133852,0.133852
input16,generated_control,high,1.000,use_physical_features,1,south_west,1.590,3.180,3.180,2,0,0.010835,0.030233,0.000000,0.113016,0.113016
input17,generated_control,high,1.000,use_physical_features,1,south_west,1.360,2.720,2.720,2,0,0.009268,0.030233,0.000000,0.112358,0.112358
input18,generated_control,high,1.000,use_physical_features,1,south_west,10.940,21.880,21.880,2,0,0.074550,0.030233,0.000000,0.139776,0.139776
input19,generated_control,high,1.000,use_physical_features,1,south_west,7.950,15.900,15.900,2,0,0.054175,0.030233,0.000000,0.131219,0.131219
input20,generated_control,high,1.000,use_physical_features,1,south_center,7.050,14.100,14.100,2,0,0.048042,0.030233,0.000000,0.128643,0.128643
input21,generated_control,high,1.000,use_physical_features,1,south_center,7.050,14.100,14.100,2,0,0.048042,0.030233,0.000000,0.128643,0.128643
input22,generated_control,high,1.000,use_physical_features,1,south_center,2.070,4.140,4.140,2,0,0.014106,0.030233,0.000000,0.114390,0.114390
input23,generated_control,high,1.000,use_physical_features,1,south_center,7.970,15.940,15.940,2,0,0.054311,0.030233,0.000000,0.131276,0.131276
input24,generated_control,high,1.000,use_physical_features,1,south_center,5.920,11.840,11.840,2,0,0.040342,0.030233,0.000000,0.125409,0.125409
input25,generated_control,high,1.000,use_physical_features,1,south_center,1.840,3.680,3.680,2,0,0.012539,0.030233,0.000000,0.113731,0.113731
input26,generated_control,high,1.000,use_physical_features,1,south_center,1.820,3.640,3.640,2,0,0.012402,0.030233,0.000000,0.113674,0.113674
input27,generated_control,high,1.000,use_physical_features,1,south_center,1.360,2.720,2.720,2,0,0.009268,0.030233,0.000000,0.112358,0.112358
input28,generated_control,high,1.000,use_physical_features,1,south_center,1.840,3.680,3.680,2,0,0.012539,0.030233,0.000000,0.113731,0.113731
input29,generated_control,high,1.000,use_physical_features,1,south_center,4.310,8.620,8.620,2,0,0.029370,0.030233,0.000000,0.120801,0.120801
input3,generated_control,high,1.000,use_physical_features,1,south_west,2.070,4.140,4.140,2,0,0.014106,0.030233,0.000000,0.114390,0.114390
input30,generated_control,high,1.000,use_physical_features,1,south_west,5.000,10.000,10.000,2,0,0.034072,0.030233,0.000000,0.122775,0.122775
input31,generated_control,high,1.000,use_physical_features,1,south_west,2.280,4.560,4.560,2,0,0.015537,0.030233,0.000000,0.114991,0.114991
input32,generated_control,high,1.000,use_physical_features,1,south_west,11.820,23.640,23.640,2,0,0.080547,0.030233,0.000000,0.142295,0.142295
input33,generated_control,high,1.000,use_physical_features,1,south_center,1.590,3.180,3.180,2,0,0.010835,0.030233,0.000000,0.113016,0.113016
input34,generated_control,high,1.000,use_physical_features,1,south_center,5.440,10.880,10.880,2,0,0.037071,0.030233,0.000000,0.124035,0.124035
input35,generated_control,high,1.000,use_physical_features,1,south_west,3.180,6.360,6.360,2,0,0.021670,0.030233,0.000000,0.117566,0.117566
input36,generated_control,high,1.000,use_physical_features,1,north_east,38.930,77.860,77.860,14,0,0.305286,0.269961,0.000000,0.303809,0.303809
input37,generated_control,high,1.000,use_physical_features,1,north_center,4.080,8.160,8.160,2,0,0.027803,0.030233,0.000000,0.120142,0.120142
input38,generated_control,high,1.000,use_physical_features,1,north_center,4.080,8.160,8.160,2,0,0.027803,0.030233,0.000000,0.120142,0.120142
input39,generated_control,high,1.000,use_physical_features,1,north_east,6.190,12.380,12.380,3,0,0.042181,0.045349,0.000000,0.130414,0.130414
input4,generated_control,high,1.000,use_physical_features,1,south_center,3.180,6.360,6.360,2,0,0.021670,0.030233,0.000000,0.117566,0.117566
input40,generated_control,high,1.000,use_physical_features,1,north_east,1.840,3.680,3.680,3,0,0.012539,0.045349,0.000000,0.117964,0.117964
input41,generated_control,high,1.000,use_physical_features,1,north_east,15.160,30.320,30.320,3,0,0.143307,0.045349,0.000000,0.172887,0.172887
input42,generated_control,high,1.000,use_physical_features,1,north_east,5.900,11.800,11.800,2,0,0.040205,0.030233,0.000000,0.125351,0.125351
input43,generated_control,high,1.000,use_physical_features,1,north_east,3.870,7.740,7.740,2,0,0.026372,0.030233,0.000000,0.119541,0.119541
input44,generated_control,high,1.000,use_physical_features,1,north_east,4.330,8.660,8.660,2,0,0.029507,0.030233,0.000000,0.120858,0.120858
input45,generated_control,high,1.000,use_physical_features,1,north_east,4.560,9.120,9.120,2,0,0.031074,0.030233,0.000000,0.121516,0.121516
input46,generated_control,high,1.000,use_physical_features,1,north_east,2.510,5.020,5.020,2,0,0.017104,0.030233,0.000000,0.115649,0.115649
input47,generated_control,high,1.000,use_physical_features,1,north_east,12.490,24.980,24.980,2,0,0.125112,0.030233,0.000000,0.161012,0.161012
input48,generated_control,high,1.000,use_physical_features,1,north_center,12.050,24.100,24.100,2,0,0.082114,0.030233,0.000000,0.142953,0.142953
input49,generated_control,high,1.000,use_physical_features,1,north_center,6.400,12.800,12.800,2,0,0.043612,0.030233,0.000000,0.126782,0.126782
input5,generated_control,high,1.000,use_physical_features,1,south_west,3.910,7.820,7.820,2,0,0.026644,0.030233,0.000000,0.119656,0.119656
input50,generated_control,high,1.000,use_physical_features,1,north_east,3.870,7.740,7.740,2,0,0.026372,0.030233,0.000000,0.119541,0.119541
input51,generated_control,high,1.000,use_physical_features,1,north_center,3.640,7.280,7.280,2,0,0.024805,0.030233,0.000000,0.118883,0.118883
input52,generated_control,high,1.000,use_physical_features,1,north_center,8.160,16.320,16.320,2,0,0.055606,0.030233,0.000000,0.131820,0.131820
input53,generated_control,high,1.000,use_physical_features,1,north_center,3.640,7.280,7.280,2,0,0.024805,0.030233,0.000000,0.118883,0.118883
input54,generated_control,high,1.000,use_physical_features,1,north_west,1.590,3.180,3.180,2,0,0.010835,0.030233,0.000000,0.113016,0.113016
input55,generated_control,high,1.000,use_physical_features,1,north_west,1.820,3.640,3.640,2,0,0.012402,0.030233,0.000000,0.113674,0.113674
input56,generated_control,high,1.000,use_physical_features,1,north_west,2.740,5.480,5.480,2,0,0.018672,0.030233,0.000000,0.116307,0.116307
input57,generated_control,high,1.000,use_physical_features,1,middle_east,0.000,0.000,0.000,2,0,0.000000,0.030233,0.000000,0.108465,0.108465
input58,generated_control,high,1.000,use_physical_features,1,middle_east,14.260,28.520,28.520,2,0,0.137174,0.030233,0.000000,0.166078,0.166078
input59,generated_control,high,1.000,use_physical_features,1,middle_east,0.000,0.000,0.000,1,0,0.000000,0.015116,0.000000,0.104233,0.104233
input6,generated_control,high,1.000,use_physical_features,1,south_west,4.370,8.740,8.740,2,0,0.029779,0.030233,0.000000,0.120972,0.120972
input60,generated_control,high,1.000,use_physical_features,1,middle_east,0.000,0.000,0.000,2,0,0.000000,0.030233,0.000000,0.108465,0.108465
input61,generated_control,high,1.000,use_physical_features,1,north_center,0.000,0.000,0.000,2,0,0.000000,0.030233,0.000000,0.108465,0.108465
input62,generated_control,high,1.000,use_physical_features,1,north_center,0.000,0.000,0.000,2,0,0.000000,0.030233,0.000000,0.108465,0.108465
input63,generated_control,high,1.000,use_physical_features,1,north_west,0.000,0.000,0.000,2,0,0.000000,0.030233,0.000000,0.108465,0.108465
input64,generated_control,high,1.000,use_physical_features,1,north_center,1.840,3.680,3.680,2,0,0.012539,0.030233,0.000000,0.113731,0.113731
input65,generated_control,high,1.000,use_physical_features,1,north_center,9.560,19.120,19.120,2,0,0.065146,0.030233,0.000000,0.135826,0.135826
input66,generated_control,high,1.000,use_physical_features,1,north_center,2.280,4.560,4.560,2,0,0.015537,0.030233,0.000000,0.114991,0.114991
input67,register_file,medium,0.700,use_with_confidence_weight,1,middle_east,3.430,6.860,6.860,3,0,0.023374,0.045349,0.000000,0.122515,0.085760
input68,register_file,medium,0.700,use_with_confidence_weight,1,middle_east,3.220,6.440,6.440,2,0,0.021943,0.030233,0.000000,0.117681,0.082377
input69,clock_reset,high,1.000,use_physical_features,1,north_west,40.500,81.000,81.000,26,1,0.315985,0.451357,0.500000,0.459094,0.459094
input7,generated_control,high,1.000,use_physical_features,1,south_west,7.550,15.100,15.100,2,0,0.051449,0.030233,0.000000,0.130074,0.130074
input70,trap_debug,small_sample,0.250,diagnostic_only,1,north_center,3.870,7.740,7.740,2,0,0.026372,0.030233,0.000000,0.119541,0.029885
input8,generated_control,high,1.000,use_physical_features,1,south_west,3.410,6.820,6.820,2,0,0.023237,0.030233,0.000000,0.118225,0.118225
input9,generated_control,high,1.000,use_physical_features,1,south_west,1.840,3.680,3.680,2,0,0.012539,0.030233,0.000000,0.113731,0.113731
output100,generated_control,high,1.000,use_physical_features,1,south_east,0.000,0.000,0.000,3,0,0.000000,0.045349,0.000000,0.112698,0.112698
output101,generated_control,high,1.000,use_physical_features,1,south_center,6.360,12.720,12.720,2,0,0.043340,0.030233,0.000000,0.126668,0.126668
output102,generated_control,high,1.000,use_physical_features,1,south_center,2.970,5.940,5.940,3,0,0.020239,0.045349,0.000000,0.121198,0.121198
output103,generated_control,high,1.000,use_physical_features,1,south_west,1.590,3.180,3.180,3,0,0.010835,0.045349,0.000000,0.117248,0.117248
output104,generated_control,high,1.000,use_physical_features,1,south_west,2.070,4.140,4.140,3,0,0.014106,0.045349,0.000000,0.118622,0.118622
output105,generated_control,high,1.000,use_physical_features,1,south_west,2.280,4.560,4.560,3,0,0.015537,0.045349,0.000000,0.119223,0.119223
output106,generated_control,high,1.000,use_physical_features,1,south_west,3.640,7.280,7.280,3,0,0.024805,0.045349,0.000000,0.123116,0.123116
output107,generated_control,high,1.000,use_physical_features,1,south_west,1.840,3.680,3.680,3,0,0.012539,0.045349,0.000000,0.117964,0.117964
output108,generated_control,high,1.000,use_physical_features,1,south_west,3.200,6.400,6.400,3,0,0.021806,0.045349,0.000000,0.121856,0.121856
output109,generated_control,high,1.000,use_physical_features,1,south_west,26.640,53.280,53.280,4,0,0.221537,0.060465,0.000000,0.209976,0.209976
output110,generated_control,high,1.000,use_physical_features,1,south_west,2.510,5.020,5.020,3,0,0.017104,0.045349,0.000000,0.119881,0.119881
output111,generated_control,high,1.000,use_physical_features,1,south_west,7.740,15.480,15.480,3,0,0.052744,0.045349,0.000000,0.134850,0.134850
output112,generated_control,high,1.000,use_physical_features,1,south_west,3.450,6.900,6.900,3,0,0.023510,0.045349,0.000000,0.122572,0.122572
output113,generated_control,high,1.000,use_physical_features,1,south_center,2.050,4.100,4.100,3,0,0.013970,0.045349,0.000000,0.118565,0.118565
output114,generated_control,high,1.000,use_physical_features,1,south_west,3.200,6.400,6.400,3,0,0.021806,0.045349,0.000000,0.121856,0.121856
output115,generated_control,high,1.000,use_physical_features,1,south_west,10.790,21.580,21.580,3,0,0.073528,0.045349,0.000000,0.143579,0.143579
output116,generated_control,high,1.000,use_physical_features,1,south_west,4.120,8.240,8.240,3,0,0.028076,0.045349,0.000000,0.124489,0.124489
output117,generated_control,high,1.000,use_physical_features,1,south_west,8.200,16.400,16.400,3,0,0.055878,0.045349,0.000000,0.136167,0.136167
output118,generated_control,high,1.000,use_physical_features,1,south_center,16.880,33.760,33.760,6,0,0.155028,0.090698,0.000000,0.190507,0.190507
output119,generated_control,high,1.000,use_physical_features,1,south_center,12.970,25.940,25.940,5,0,0.128383,0.075581,0.000000,0.175084,0.175084
output120,generated_control,high,1.000,use_physical_features,1,south_center,10.540,21.080,21.080,6,0,0.071824,0.090698,0.000000,0.155562,0.155562
output121,generated_control,high,1.000,use_physical_features,1,south_center,14.790,29.580,29.580,6,0,0.140786,0.090698,0.000000,0.184525,0.184525
output122,generated_control,high,1.000,use_physical_features,1,south_center,9.330,18.660,18.660,5,0,0.063579,0.075581,0.000000,0.147866,0.147866
output123,generated_control,high,1.000,use_physical_features,1,south_center,16.590,33.180,33.180,4,0,0.153052,0.060465,0.000000,0.181212,0.181212
output124,generated_control,high,1.000,use_physical_features,1,south_center,3.410,6.820,6.820,3,0,0.023237,0.045349,0.000000,0.122457,0.122457
output125,generated_control,high,1.000,use_physical_features,1,south_center,16.110,32.220,32.220,3,0,0.149781,0.045349,0.000000,0.175606,0.175606
output126,generated_control,high,1.000,use_physical_features,1,south_center,3.450,6.900,6.900,3,0,0.023510,0.045349,0.000000,0.122572,0.122572
output127,generated_control,high,1.000,use_physical_features,1,south_center,3.180,6.360,6.360,3,0,0.021670,0.045349,0.000000,0.121799,0.121799
output128,generated_control,high,1.000,use_physical_features,1,south_center,2.280,4.560,4.560,3,0,0.015537,0.045349,0.000000,0.119223,0.119223
output129,generated_control,high,1.000,use_physical_features,1,south_west,4.100,8.200,8.200,3,0,0.027939,0.045349,0.000000,0.124432,0.124432
output130,generated_control,high,1.000,use_physical_features,1,south_west,3.640,7.280,7.280,3,0,0.024805,0.045349,0.000000,0.123116,0.123116
output131,generated_control,high,1.000,use_physical_features,1,south_west,6.880,13.760,13.760,3,0,0.046883,0.045349,0.000000,0.132389,0.132389
output132,generated_control,high,1.000,use_physical_features,1,south_center,5.040,10.080,10.080,4,0,0.034345,0.060465,0.000000,0.131355,0.131355
output133,generated_control,high,1.000,use_physical_features,1,south_center,3.200,6.400,6.400,3,0,0.021806,0.045349,0.000000,0.121856,0.121856
output134,generated_control,high,1.000,use_physical_features,1,south_center,0.690,1.380,1.380,2,0,0.004702,0.030233,0.000000,0.110440,0.110440
output135,generated_control,high,1.000,use_physical_features,1,south_center,3.410,6.820,6.820,2,0,0.023237,0.030233,0.000000,0.118225,0.118225
output136,generated_control,high,1.000,use_physical_features,1,south_center,3.410,6.820,6.820,2,0,0.023237,0.030233,0.000000,0.118225,0.118225
output137,generated_control,high,1.000,use_physical_features,1,south_center,1.820,3.640,3.640,2,0,0.012402,0.030233,0.000000,0.113674,0.113674
output138,generated_control,high,1.000,use_physical_features,1,middle_east,45.680,91.360,91.360,13,0,0.351284,0.254845,0.000000,0.318896,0.318896
output139,generated_control,high,1.000,use_physical_features,1,middle_west,29.150,58.300,58.300,5,0,0.238641,0.075581,0.000000,0.221392,0.221392
output140,generated_control,high,1.000,use_physical_features,1,north_west,7.110,14.220,14.220,3,0,0.048451,0.045349,0.000000,0.133047,0.133047
output141,generated_control,high,1.000,use_physical_features,1,north_west,1.840,3.680,3.680,3,0,0.012539,0.045349,0.000000,0.117964,0.117964
output142,generated_control,high,1.000,use_physical_features,1,north_west,1.840,3.680,3.680,3,0,0.012539,0.045349,0.000000,0.117964,0.117964
output143,generated_control,high,1.000,use_physical_features,1,north_west,1.590,3.180,3.180,3,0,0.010835,0.045349,0.000000,0.117248,0.117248
output144,generated_control,high,1.000,use_physical_features,1,north_west,2.050,4.100,4.100,3,0,0.013970,0.045349,0.000000,0.118565,0.118565
output145,generated_control,high,1.000,use_physical_features,1,north_west,4.560,9.120,9.120,3,0,0.031074,0.045349,0.000000,0.125749,0.125749
output146,generated_control,high,1.000,use_physical_features,1,north_west,2.740,5.480,5.480,3,0,0.018672,0.045349,0.000000,0.120540,0.120540
output147,generated_control,high,1.000,use_physical_features,1,north_west,1.840,3.680,3.680,3,0,0.012539,0.045349,0.000000,0.117964,0.117964
output148,generated_control,high,1.000,use_physical_features,1,middle_west,2.510,5.020,5.020,3,0,0.017104,0.045349,0.000000,0.119881,0.119881
output149,generated_control,high,1.000,use_physical_features,1,middle_west,1.840,3.680,3.680,3,0,0.012539,0.045349,0.000000,0.117964,0.117964
output150,generated_control,high,1.000,use_physical_features,1,middle_west,2.300,4.600,4.600,3,0,0.015673,0.045349,0.000000,0.119280,0.119280
output151,generated_control,high,1.000,use_physical_features,1,middle_west,1.360,2.720,2.720,3,0,0.009268,0.045349,0.000000,0.116590,0.116590
output152,generated_control,high,1.000,use_physical_features,1,middle_west,2.530,5.060,5.060,3,0,0.017241,0.045349,0.000000,0.119939,0.119939
output153,generated_control,high,1.000,use_physical_features,1,middle_west,2.530,5.060,5.060,3,0,0.017241,0.045349,0.000000,0.119939,0.119939
output154,generated_control,high,1.000,use_physical_features,1,middle_west,1.590,3.180,3.180,3,0,0.010835,0.045349,0.000000,0.117248,0.117248
output155,generated_control,high,1.000,use_physical_features,1,middle_west,2.300,4.600,4.600,3,0,0.015673,0.045349,0.000000,0.119280,0.119280
output156,generated_control,high,1.000,use_physical_features,1,middle_west,1.840,3.680,3.680,3,0,0.012539,0.045349,0.000000,0.117964,0.117964
output157,generated_control,high,1.000,use_physical_features,1,middle_west,2.070,4.140,4.140,3,0,0.014106,0.045349,0.000000,0.118622,0.118622
output158,generated_control,high,1.000,use_physical_features,1,middle_west,1.590,3.180,3.180,3,0,0.010835,0.045349,0.000000,0.117248,0.117248
output159,generated_control,high,1.000,use_physical_features,1,middle_west,4.330,8.660,8.660,3,0,0.029507,0.045349,0.000000,0.125090,0.125090
output160,generated_control,high,1.000,use_physical_features,1,middle_west,5.480,10.960,10.960,3,0,0.037343,0.045349,0.000000,0.128382,0.128382
output161,generated_control,high,1.000,use_physical_features,1,middle_west,3.870,7.740,7.740,3,0,0.026372,0.045349,0.000000,0.123774,0.123774
output162,generated_control,high,1.000,use_physical_features,1,middle_west,6.650,13.300,13.300,3,0,0.045316,0.045349,0.000000,0.131730,0.131730
output163,generated_control,high,1.000,use_physical_features,1,middle_west,1.380,2.760,2.760,3,0,0.009404,0.045349,0.000000,0.116647,0.116647
output164,generated_control,high,1.000,use_physical_features,1,middle_west,1.820,3.640,3.640,3,0,0.012402,0.045349,0.000000,0.117907,0.117907
output165,generated_control,high,1.000,use_physical_features,1,middle_west,1.590,3.180,3.180,3,0,0.010835,0.045349,0.000000,0.117248,0.117248
output166,generated_control,high,1.000,use_physical_features,1,middle_west,4.600,9.200,9.200,3,0,0.031346,0.045349,0.000000,0.125863,0.125863
output167,generated_control,high,1.000,use_physical_features,1,north_west,3.870,7.740,7.740,3,0,0.026372,0.045349,0.000000,0.123774,0.123774
output168,generated_control,high,1.000,use_physical_features,1,north_west,6.190,12.380,12.380,3,0,0.042181,0.045349,0.000000,0.130414,0.130414
output169,generated_control,high,1.000,use_physical_features,1,north_west,8.910,17.820,17.820,3,0,0.060717,0.045349,0.000000,0.138199,0.138199
output170,generated_control,high,1.000,use_physical_features,1,north_west,2.050,4.100,4.100,3,0,0.013970,0.045349,0.000000,0.118565,0.118565
output171,generated_control,high,1.000,use_physical_features,1,middle_west,5.960,11.920,11.920,2,0,0.040614,0.030233,0.000000,0.125523,0.125523
output172,register_file,medium,0.700,use_with_confidence_weight,1,middle_west,18.380,36.760,36.760,5,0,0.165250,0.075581,0.000000,0.190568,0.133397
output173,register_file,medium,0.700,use_with_confidence_weight,1,south_west,12.380,24.760,24.760,6,0,0.084363,0.090698,0.000000,0.160828,0.112579
output174,register_file,medium,0.700,use_with_confidence_weight,1,south_west,8.510,17.020,17.020,4,0,0.057991,0.060465,0.000000,0.141286,0.098901
output175,register_file,medium,0.700,use_with_confidence_weight,1,south_west,7.070,14.140,14.140,4,0,0.048178,0.060465,0.000000,0.137165,0.096016
output176,register_file,medium,0.700,use_with_confidence_weight,1,north_center,9.750,19.500,19.500,2,0,0.066441,0.030233,0.000000,0.136370,0.095459
output177,register_file,medium,0.700,use_with_confidence_weight,1,north_east,11.110,22.220,22.220,2,0,0.075709,0.030233,0.000000,0.140263,0.098184
output178,register_file,medium,0.700,use_with_confidence_weight,1,north_east,1.150,2.300,2.300,2,0,0.007837,0.030233,0.000000,0.111756,0.078230
output179,register_file,medium,0.700,use_with_confidence_weight,1,north_east,2.720,5.440,5.440,2,0,0.018535,0.030233,0.000000,0.116250,0.081375
output180,register_file,medium,0.700,use_with_confidence_weight,1,north_east,1.820,3.640,3.640,2,0,0.012402,0.030233,0.000000,0.113674,0.079572
output181,register_file,medium,0.700,use_with_confidence_weight,1,north_center,7.490,14.980,14.980,2,0,0.051040,0.030233,0.000000,0.129902,0.090931
output182,register_file,medium,0.700,use_with_confidence_weight,1,middle_west,18.380,36.760,36.760,5,0,0.165250,0.075581,0.000000,0.190568,0.133397
output183,register_file,medium,0.700,use_with_confidence_weight,1,south_west,10.310,20.620,20.620,3,0,0.070257,0.045349,0.000000,0.142206,0.099544
output184,register_file,medium,0.700,use_with_confidence_weight,1,south_west,1.840,3.680,3.680,2,0,0.012539,0.030233,0.000000,0.113731,0.079612
output185,register_file,medium,0.700,use_with_confidence_weight,1,south_west,4.790,9.580,9.580,2,0,0.032641,0.030233,0.000000,0.122174,0.085522
output186,register_file,medium,0.700,use_with_confidence_weight,1,north_center,7.030,14.060,14.060,2,0,0.047906,0.030233,0.000000,0.128585,0.090010
output187,register_file,medium,0.700,use_with_confidence_weight,1,north_center,12.700,25.400,25.400,2,0,0.126543,0.030233,0.000000,0.161613,0.113129
output188,register_file,medium,0.700,use_with_confidence_weight,1,north_center,3.410,6.820,6.820,2,0,0.023237,0.030233,0.000000,0.118225,0.082757
output189,register_file,medium,0.700,use_with_confidence_weight,1,north_center,1.150,2.300,2.300,2,0,0.007837,0.030233,0.000000,0.111756,0.078230
output190,register_file,medium,0.700,use_with_confidence_weight,1,north_center,2.510,5.020,5.020,2,0,0.017104,0.030233,0.000000,0.115649,0.080954
output191,register_file,medium,0.700,use_with_confidence_weight,1,north_center,1.590,3.180,3.180,2,0,0.010835,0.030233,0.000000,0.113016,0.079111
output192,register_file,medium,0.700,use_with_confidence_weight,1,middle_east,2.070,4.140,4.140,2,0,0.014106,0.030233,0.000000,0.114390,0.080073
output193,register_file,medium,0.700,use_with_confidence_weight,1,middle_east,2.070,4.140,4.140,2,0,0.014106,0.030233,0.000000,0.114390,0.080073
output194,generated_control,high,1.000,use_physical_features,1,middle_east,9.160,18.320,18.320,2,0,0.062420,0.030233,0.000000,0.134682,0.134682
output71,generated_control,high,1.000,use_physical_features,1,south_east,0.000,0.000,0.000,3,0,0.000000,0.045349,0.000000,0.112698,0.112698
output72,generated_control,high,1.000,use_physical_features,1,south_east,0.000,0.000,0.000,3,0,0.000000,0.045349,0.000000,0.112698,0.112698
output73,generated_control,high,1.000,use_physical_features,1,south_east,0.000,0.000,0.000,3,0,0.000000,0.045349,0.000000,0.112698,0.112698
output74,generated_control,high,1.000,use_physical_features,1,south_east,0.000,0.000,0.000,3,0,0.000000,0.045349,0.000000,0.112698,0.112698
output75,generated_control,high,1.000,use_physical_features,1,south_east,0.000,0.000,0.000,3,0,0.000000,0.045349,0.000000,0.112698,0.112698
output76,generated_control,high,1.000,use_physical_features,1,south_east,0.000,0.000,0.000,3,0,0.000000,0.045349,0.000000,0.112698,0.112698
output77,generated_control,high,1.000,use_physical_features,1,south_east,0.000,0.000,0.000,3,0,0.000000,0.045349,0.000000,0.112698,0.112698
output78,generated_control,high,1.000,use_physical_features,1,south_east,0.000,0.000,0.000,3,0,0.000000,0.045349,0.000000,0.112698,0.112698
output79,generated_control,high,1.000,use_physical_features,1,south_east,0.000,0.000,0.000,3,0,0.000000,0.045349,0.000000,0.112698,0.112698
output80,generated_control,high,1.000,use_physical_features,1,south_east,0.000,0.000,0.000,3,0,0.000000,0.045349,0.000000,0.112698,0.112698
output81,generated_control,high,1.000,use_physical_features,1,south_east,0.000,0.000,0.000,3,0,0.000000,0.045349,0.000000,0.112698,0.112698
output82,generated_control,high,1.000,use_physical_features,1,south_east,0.000,0.000,0.000,3,0,0.000000,0.045349,0.000000,0.112698,0.112698
output83,generated_control,high,1.000,use_physical_features,1,south_east,0.000,0.000,0.000,3,0,0.000000,0.045349,0.000000,0.112698,0.112698
output84,generated_control,high,1.000,use_physical_features,1,south_east,0.000,0.000,0.000,3,0,0.000000,0.045349,0.000000,0.112698,0.112698
output85,generated_control,high,1.000,use_physical_features,1,south_east,0.000,0.000,0.000,3,0,0.000000,0.045349,0.000000,0.112698,0.112698
output86,generated_control,high,1.000,use_physical_features,1,south_east,0.000,0.000,0.000,3,0,0.000000,0.045349,0.000000,0.112698,0.112698
output87,generated_control,high,1.000,use_physical_features,1,south_east,0.000,0.000,0.000,3,0,0.000000,0.045349,0.000000,0.112698,0.112698
output88,generated_control,high,1.000,use_physical_features,1,south_east,0.000,0.000,0.000,3,0,0.000000,0.045349,0.000000,0.112698,0.112698
output89,generated_control,high,1.000,use_physical_features,1,south_center,0.000,0.000,0.000,3,0,0.000000,0.045349,0.000000,0.112698,0.112698
output90,generated_control,high,1.000,use_physical_features,1,south_center,0.000,0.000,0.000,3,0,0.000000,0.045349,0.000000,0.112698,0.112698
output91,generated_control,high,1.000,use_physical_features,1,middle_east,20.240,40.480,40.480,3,0,0.177924,0.045349,0.000000,0.187426,0.187426
output92,generated_control,high,1.000,use_physical_features,1,south_center,0.000,0.000,0.000,3,0,0.000000,0.045349,0.000000,0.112698,0.112698
output93,generated_control,high,1.000,use_physical_features,1,south_center,22.510,45.020,45.020,4,0,0.193393,0.060465,0.000000,0.198155,0.198155
output94,generated_control,high,1.000,use_physical_features,1,middle_east,0.000,0.000,0.000,3,0,0.000000,0.045349,0.000000,0.112698,0.112698
output95,generated_control,high,1.000,use_physical_features,1,south_east,0.000,0.000,0.000,3,0,0.000000,0.045349,0.000000,0.112698,0.112698
output96,generated_control,high,1.000,use_physical_features,1,south_east,0.000,0.000,0.000,3,0,0.000000,0.045349,0.000000,0.112698,0.112698
output97,generated_control,high,1.000,use_physical_features,1,south_east,0.000,0.000,0.000,3,0,0.000000,0.045349,0.000000,0.112698,0.112698
output98,generated_control,high,1.000,use_physical_features,1,south_east,0.000,0.000,0.000,3,0,0.000000,0.045349,0.000000,0.112698,0.112698
output99,generated_control,high,1.000,use_physical_features,1,south_east,0.000,0.000,0.000,3,0,0.000000,0.045349,0.000000,0.112698,0.112698
place203,generated_control,high,1.000,use_physical_features,1,middle_center,9.140,11.840,18.280,34,0,0.044353,0.572287,0.000000,0.278869,0.278869
place204,generated_control,high,1.000,use_physical_features,1,north_east,3.200,6.400,6.400,10,0,0.021806,0.209496,0.000000,0.167818,0.167818
place205,generated_control,high,1.000,use_physical_features,1,middle_west,9.890,19.780,19.780,33,0,0.067395,0.557171,0.000000,0.284314,0.284314
place206,generated_control,high,1.000,use_physical_features,1,middle_center,52.960,100.900,105.920,10,0,0.386916,0.209496,0.000000,0.321164,0.321164
place207,generated_control,high,1.000,use_physical_features,1,north_center,51.560,103.120,103.120,24,0,0.391353,0.421124,0.000000,0.382283,0.382283
place208,decode_control,low,0.350,use_only_for_diagnostics,1,north_center,42.820,85.640,85.640,22,0,0.331795,0.390891,0.000000,0.348803,0.122081
place209,execute_alu,high,1.000,use_physical_features,1,north_east,51.160,102.320,102.320,27,0,0.388627,0.466473,0.000000,0.393836,0.393836
place210,generated_control,high,1.000,use_physical_features,1,middle_west,93.020,105.040,186.040,26,0,0.488354,0.509690,0.000000,0.447822,0.447822
place211,generated_control,high,1.000,use_physical_features,1,north_east,117.680,157.500,235.360,43,0,0.665141,0.766667,0.000000,0.594026,0.594026
place212,generated_control,high,1.000,use_physical_features,1,south_west,63.160,122.180,126.320,43,0,0.458874,0.708333,0.000000,0.491060,0.491060
rf_ram_if.rcnt[0]$_SDFF_PP0_,pipeline_state,very_low,0.100,do_not_use_for_physical_scoring,0,unplaced,71.113,179.580,213.340,25,1,0.712900,0.494574,0.333333,0.504565,0.050457
rf_ram_if.rcnt[1]$_SDFF_PP0_,pipeline_state,very_low,0.100,do_not_use_for_physical_scoring,0,unplaced,21.847,36.760,65.540,12,1,0.223178,0.239729,0.333333,0.227525,0.022753
rf_ram_if.rcnt[2]$_SDFF_PP0_,pipeline_state,very_low,0.100,do_not_use_for_physical_scoring,0,unplaced,19.507,33.760,58.520,11,1,0.170452,0.224612,0.333333,0.201148,0.020115
rf_ram_if.rcnt[3]$_SDFF_PP0_,pipeline_state,very_low,0.100,do_not_use_for_physical_scoring,0,unplaced,7.807,17.020,23.420,19,1,0.061978,0.345543,0.333333,0.189449,0.018945
rf_ram_if.rcnt[4]$_SDFF_PP0_,pipeline_state,very_low,0.100,do_not_use_for_physical_scoring,0,unplaced,5.620,14.140,16.860,14,1,0.049873,0.269961,0.333333,0.163202,0.016320
rf_ram_if.rdata0[0]$_DFF_P_,register_file,medium,0.700,use_with_confidence_weight,0,unplaced,37.707,64.720,113.120,15,1,0.330666,0.343411,0.333333,0.301702,0.211191
rf_ram_if.rdata0[1]$_SDFF_PN0_,register_file,medium,0.700,use_with_confidence_weight,0,unplaced,7.333,22.000,22.000,11,1,0.074959,0.224612,0.333333,0.161041,0.112729
rf_ram_if.rdata1$_DFFE_PP_,register_file,medium,0.700,use_with_confidence_weight,1,middle_east,11.640,22.000,46.560,11,1,0.090259,0.224612,0.250000,0.250800,0.175560
rf_ram_if.rgnt$_SDFF_PP0_,pipeline_state,very_low,0.100,do_not_use_for_physical_scoring,1,middle_west,13.860,33.760,41.580,11,1,0.159899,0.224612,0.333333,0.296716,0.029672
rf_ram_if.rreq_r$_SDFF_PP0_,pipeline_state,very_low,0.100,do_not_use_for_physical_scoring,1,middle_west,12.047,28.780,36.140,12,1,0.142645,0.239729,0.333333,0.293702,0.029370
rf_ram_if.rtrig1$_DFF_P_,pipeline_state,very_low,0.100,do_not_use_for_physical_scoring,1,middle_east,22.353,48.400,67.060,15,1,0.216534,0.285078,0.333333,0.337433,0.033743
rf_ram_if.wdata0_r[0]$_DFF_P_,register_file,medium,0.700,use_with_confidence_weight,0,unplaced,7.333,22.000,22.000,11,1,0.074959,0.224612,0.333333,0.161041,0.112729
rf_ram_if.wdata0_r[1]$_DFF_P_,register_file,medium,0.700,use_with_confidence_weight,0,unplaced,15.713,47.140,47.140,9,1,0.200617,0.194380,0.333333,0.205352,0.143746
rf_ram_if.wdata1_r[0]$_DFF_P_,register_file,medium,0.700,use_with_confidence_weight,0,unplaced,7.333,22.000,22.000,11,1,0.074959,0.224612,0.333333,0.161041,0.112729
rf_ram_if.wdata1_r[1]$_DFF_P_,register_file,medium,0.700,use_with_confidence_weight,0,unplaced,7.333,22.000,22.000,11,1,0.074959,0.224612,0.333333,0.161041,0.112729
rf_ram_if.wdata1_r[2]$_DFF_P_,register_file,medium,0.700,use_with_confidence_weight,0,unplaced,7.333,22.000,22.000,11,1,0.074959,0.224612,0.333333,0.161041,0.112729
rf_ram_if.wen0_r$_DFFE_PP_,pipeline_state,very_low,0.100,do_not_use_for_physical_scoring,1,middle_east,62.640,179.580,250.560,25,1,0.736086,0.494574,0.250000,0.597637,0.059764
rf_ram_if.wen1_r$_DFFE_PP_,pipeline_state,very_low,0.100,do_not_use_for_physical_scoring,1,middle_east,61.565,179.580,246.260,25,1,0.733408,0.494574,0.250000,0.596512,0.059651
