vertex_id,instance,architecture_unit,semantic_group,weight
1,_13512__1,unclassified,infrastructure,2
2,_13513__2,unclassified,infrastructure,2
3,_13514__3,load_store,datapath,2
4,_13515__4,load_store,datapath,2
5,_13516__5,fetch,control,2
6,_13517__6,fetch,control,2
7,_13518_,unclassified,infrastructure,8
8,_13518__10,unclassified,infrastructure,2
9,_13518__11,unclassified,infrastructure,2
10,_13518__12,unclassified,infrastructure,2
11,_13518__7,unclassified,infrastructure,2
12,_13518__8,unclassified,infrastructure,2
13,_13518__9,unclassified,infrastructure,2
14,_13519_,generated_control,infrastructure,5
15,_13520_,unclassified,infrastructure,6
16,_13521_,generated_control,infrastructure,8
17,_13522_,generated_control,infrastructure,8
18,_13523_,generated_control,infrastructure,8
19,_13524_,generated_control,infrastructure,5
20,_13525_,generated_control,infrastructure,4
21,_13526_,generated_datapath,infrastructure,5
22,_13527_,unclassified,infrastructure,6
23,_13528_,generated_datapath,infrastructure,5
24,_13529_,generated_datapath,infrastructure,5
25,_13530_,generated_control,infrastructure,5
26,_13531_,generated_control,infrastructure,5
27,_13532_,generated_datapath,infrastructure,6
28,_13533_,generated_control,infrastructure,5
29,_13534_,generated_datapath,infrastructure,6
30,_13535_,generated_datapath,infrastructure,5
31,_13536_,generated_control,infrastructure,4
32,_13537_,generated_control,infrastructure,5
33,_13538_,generated_control,infrastructure,5
34,_13539_,generated_datapath,infrastructure,6
35,_13540_,generated_control,infrastructure,5
36,_13541_,generated_control,infrastructure,5
37,_13542_,generated_datapath,infrastructure,6
38,_13543_,generated_control,infrastructure,4
39,_13544_,generated_control,infrastructure,5
40,_13545_,generated_control,infrastructure,4
41,_13546_,generated_control,infrastructure,5
42,_13547_,generated_control,infrastructure,5
43,_13548_,generated_control,infrastructure,5
44,_13549_,generated_datapath,infrastructure,6
45,_13550_,generated_datapath,infrastructure,5
46,_13551_,generated_control,infrastructure,5
47,_13552_,generated_control,infrastructure,5
48,_13553_,generated_control,infrastructure,5
49,_13554_,generated_datapath,infrastructure,6
50,_13555_,generated_control,infrastructure,5
51,_13556_,generated_control,infrastructure,5
52,_13557_,generated_datapath,infrastructure,6
53,_13558_,generated_control,infrastructure,5
54,_13559_,generated_datapath,infrastructure,6
55,_13560_,generated_control,infrastructure,4
56,_13561_,generated_datapath,infrastructure,5
57,_13562_,generated_datapath,infrastructure,5
58,_13563_,generated_datapath,infrastructure,5
59,_13564_,generated_datapath,infrastructure,5
60,_13565_,generated_datapath,infrastructure,5
61,_13566_,generated_control,infrastructure,5
62,_13567_,generated_control,infrastructure,5
63,_13568_,generated_datapath,infrastructure,6
64,_13569_,generated_control,infrastructure,5
65,_13570_,generated_datapath,infrastructure,6
66,_13571_,generated_datapath,infrastructure,5
67,_13572_,generated_control,infrastructure,4
68,_13573_,generated_control,infrastructure,5
69,_13574_,generated_control,infrastructure,4
70,_13575_,generated_control,infrastructure,5
71,_13576_,generated_control,infrastructure,5
72,_13577_,generated_control,infrastructure,5
73,_13578_,generated_datapath,infrastructure,6
74,_13579_,generated_datapath,infrastructure,5
75,_13580_,generated_control,infrastructure,5
76,_13581_,generated_control,infrastructure,5
77,_13582_,generated_control,infrastructure,4
78,_13583_,generated_control,infrastructure,5
79,_13584_,generated_control,infrastructure,5
80,_13585_,generated_control,infrastructure,5
81,_13586_,generated_datapath,infrastructure,6
82,_13587_,generated_datapath,infrastructure,5
83,_13588_,generated_control,infrastructure,5
84,_13589_,generated_control,infrastructure,5
85,_13590_,generated_control,infrastructure,5
86,_13591_,generated_datapath,infrastructure,6
87,_13592_,generated_control,infrastructure,5
88,_13593_,generated_control,infrastructure,5
89,_13594_,generated_datapath,infrastructure,6
90,_13595_,generated_control,infrastructure,5
91,_13596_,generated_control,infrastructure,5
92,_13597_,generated_control,infrastructure,4
93,_13598_,generated_datapath,infrastructure,5
94,_13599_,generated_datapath,infrastructure,5
95,_13600_,generated_datapath,infrastructure,5
96,_13601_,generated_control,infrastructure,4
97,_13602_,unclassified,infrastructure,6
98,_13603_,generated_control,infrastructure,4
99,_13604_,generated_control,infrastructure,5
100,_13605_,generated_control,infrastructure,5
101,_13606_,generated_datapath,infrastructure,6
102,_13607_,generated_control,infrastructure,5
103,_13608_,generated_datapath,infrastructure,6
104,_13609_,generated_datapath,infrastructure,5
105,_13610_,generated_control,infrastructure,4
106,_13611_,generated_control,infrastructure,5
107,_13612_,generated_control,infrastructure,4
108,_13613_,generated_control,infrastructure,5
109,_13614_,generated_control,infrastructure,5
110,_13615_,generated_control,infrastructure,5
111,_13616_,generated_datapath,infrastructure,6
112,_13617_,generated_datapath,infrastructure,5
113,_13618_,generated_control,infrastructure,5
114,_13619_,generated_control,infrastructure,5
115,_13620_,generated_control,infrastructure,4
116,_13621_,generated_control,infrastructure,5
117,_13622_,generated_control,infrastructure,5
118,_13623_,generated_control,infrastructure,5
119,_13624_,generated_datapath,infrastructure,6
120,_13625_,generated_datapath,infrastructure,5
121,_13626_,generated_control,infrastructure,5
122,_13627_,generated_control,infrastructure,5
123,_13628_,generated_control,infrastructure,5
124,_13629_,generated_datapath,infrastructure,6
125,_13630_,generated_control,infrastructure,5
126,_13631_,generated_control,infrastructure,5
127,_13632_,generated_datapath,infrastructure,6
128,_13633_,generated_control,infrastructure,5
129,_13634_,generated_control,infrastructure,5
130,_13635_,generated_control,infrastructure,4
131,_13636_,generated_control,infrastructure,4
132,_13637_,generated_datapath,infrastructure,5
133,_13638_,generated_datapath,infrastructure,5
134,_13639_,generated_control,infrastructure,4
135,_13640_,unclassified,infrastructure,6
136,_13641_,generated_control,infrastructure,4
137,_13642_,generated_control,infrastructure,5
138,_13643_,generated_control,infrastructure,5
139,_13644_,generated_datapath,infrastructure,6
140,_13645_,generated_control,infrastructure,5
141,_13646_,generated_datapath,infrastructure,6
142,_13647_,generated_datapath,infrastructure,5
143,_13648_,generated_control,infrastructure,4
144,_13649_,generated_control,infrastructure,5
145,_13650_,generated_control,infrastructure,4
146,_13651_,generated_control,infrastructure,5
147,_13652_,generated_control,infrastructure,5
148,_13653_,generated_control,infrastructure,5
149,_13654_,generated_datapath,infrastructure,6
150,_13655_,generated_datapath,infrastructure,5
151,_13656_,generated_control,infrastructure,5
152,_13657_,generated_control,infrastructure,5
153,_13658_,generated_control,infrastructure,4
154,_13659_,generated_control,infrastructure,5
155,_13660_,generated_control,infrastructure,5
156,_13661_,generated_control,infrastructure,5
157,_13662_,generated_datapath,infrastructure,6
158,_13663_,generated_datapath,infrastructure,5
159,_13664_,generated_control,infrastructure,5
160,_13665_,generated_control,infrastructure,5
161,_13666_,generated_control,infrastructure,5
162,_13667_,generated_datapath,infrastructure,6
163,_13668_,generated_control,infrastructure,5
164,_13669_,generated_control,infrastructure,5
165,_13670_,generated_datapath,infrastructure,6
166,_13671_,generated_control,infrastructure,5
167,_13672_,generated_control,infrastructure,5
168,_13673_,generated_control,infrastructure,4
169,_13674_,generated_control,infrastructure,4
170,_13675_,generated_datapath,infrastructure,5
171,_13676_,generated_datapath,infrastructure,5
172,_13677_,generated_control,infrastructure,4
173,_13678_,generated_control,infrastructure,5
174,_13679_,generated_control,infrastructure,4
175,_13680_,generated_control,infrastructure,5
176,_13681_,generated_control,infrastructure,5
177,_13682_,generated_datapath,infrastructure,6
178,_13683_,generated_control,infrastructure,5
179,_13684_,generated_datapath,infrastructure,6
180,_13685_,generated_datapath,infrastructure,5
181,_13686_,generated_control,infrastructure,5
182,_13687_,generated_control,infrastructure,4
183,_13688_,generated_control,infrastructure,5
184,_13689_,generated_control,infrastructure,5
185,_13690_,generated_control,infrastructure,5
186,_13691_,generated_datapath,infrastructure,6
187,_13692_,generated_datapath,infrastructure,5
188,_13693_,generated_control,infrastructure,5
189,_13694_,generated_control,infrastructure,5
190,_13695_,generated_control,infrastructure,4
191,_13696_,generated_control,infrastructure,5
192,_13697_,generated_control,infrastructure,5
193,_13698_,generated_control,infrastructure,5
194,_13699_,generated_datapath,infrastructure,6
195,_13700_,generated_datapath,infrastructure,5
196,_13701_,generated_control,infrastructure,5
197,_13702_,generated_control,infrastructure,5
198,_13703_,generated_control,infrastructure,5
199,_13704_,generated_datapath,infrastructure,6
200,_13705_,generated_control,infrastructure,5
201,_13706_,generated_control,infrastructure,5
202,_13707_,generated_datapath,infrastructure,6
203,_13708_,generated_control,infrastructure,5
204,_13709_,generated_datapath,infrastructure,6
205,_13710_,generated_control,infrastructure,4
206,_13711_,generated_datapath,infrastructure,5
207,_13712_,generated_datapath,infrastructure,5
208,_13713_,generated_datapath,infrastructure,5
209,_13714_,generated_datapath,infrastructure,5
210,_13715_,generated_datapath,infrastructure,5
211,_13716_,generated_control,infrastructure,5
212,_13717_,generated_control,infrastructure,5
213,_13718_,generated_datapath,infrastructure,6
214,_13719_,generated_control,infrastructure,5
215,_13720_,generated_datapath,infrastructure,6
216,_13721_,generated_datapath,infrastructure,5
217,_13722_,generated_control,infrastructure,5
218,_13723_,generated_control,infrastructure,4
219,_13724_,generated_control,infrastructure,5
220,_13725_,generated_control,infrastructure,5
221,_13726_,generated_control,infrastructure,5
222,_13727_,generated_datapath,infrastructure,6
223,_13728_,generated_datapath,infrastructure,5
224,_13729_,generated_control,infrastructure,5
225,_13730_,generated_control,infrastructure,5
226,_13731_,generated_control,infrastructure,4
227,_13732_,generated_control,infrastructure,5
228,_13733_,generated_control,infrastructure,5
229,_13734_,generated_control,infrastructure,5
230,_13735_,generated_datapath,infrastructure,6
231,_13736_,generated_datapath,infrastructure,5
232,_13737_,generated_control,infrastructure,5
233,_13738_,generated_control,infrastructure,5
234,_13739_,generated_control,infrastructure,5
235,_13740_,generated_datapath,infrastructure,6
236,_13741_,generated_control,infrastructure,5
237,_13742_,generated_control,infrastructure,5
238,_13743_,generated_datapath,infrastructure,6
239,_13744_,generated_control,infrastructure,5
240,_13745_,generated_datapath,infrastructure,6
241,_13746_,generated_control,infrastructure,4
242,_13747_,generated_datapath,infrastructure,5
243,_13748_,generated_datapath,infrastructure,5
244,_13749_,generated_datapath,infrastructure,5
245,_13750_,generated_control,infrastructure,4
246,_13751_,unclassified,infrastructure,6
247,_13752_,generated_control,infrastructure,5
248,_13753_,generated_control,infrastructure,5
249,_13754_,generated_datapath,infrastructure,6
250,_13755_,generated_control,infrastructure,5
251,_13756_,generated_datapath,infrastructure,6
252,_13757_,generated_datapath,infrastructure,5
253,_13758_,generated_control,infrastructure,4
254,_13759_,generated_control,infrastructure,5
255,_13760_,generated_control,infrastructure,4
256,_13761_,generated_control,infrastructure,5
257,_13762_,generated_control,infrastructure,5
258,_13763_,generated_control,infrastructure,5
259,_13764_,generated_datapath,infrastructure,6
260,_13765_,generated_datapath,infrastructure,5
261,_13766_,generated_control,infrastructure,5
262,_13767_,generated_control,infrastructure,5
263,_13768_,generated_control,infrastructure,4
264,_13769_,generated_control,infrastructure,5
265,_13770_,generated_control,infrastructure,5
266,_13771_,generated_control,infrastructure,5
267,_13772_,generated_datapath,infrastructure,6
268,_13773_,generated_datapath,infrastructure,5
269,_13774_,generated_control,infrastructure,5
270,_13775_,generated_control,infrastructure,5
271,_13776_,generated_control,infrastructure,5
272,_13777_,generated_datapath,infrastructure,6
273,_13778_,generated_control,infrastructure,5
274,_13779_,generated_control,infrastructure,5
275,_13780_,generated_datapath,infrastructure,6
276,_13781_,generated_control,infrastructure,5
277,_13782_,generated_control,infrastructure,5
278,_13783_,generated_control,infrastructure,4
279,_13784_,generated_datapath,infrastructure,5
280,_13785_,generated_datapath,infrastructure,5
281,_13786_,generated_datapath,infrastructure,5
282,_13787_,generated_control,infrastructure,4
283,_13788_,generated_control,infrastructure,5
284,_13789_,generated_control,infrastructure,4
285,_13790_,generated_control,infrastructure,5
286,_13791_,generated_control,infrastructure,5
287,_13792_,generated_datapath,infrastructure,6
288,_13793_,generated_control,infrastructure,5
289,_13794_,generated_datapath,infrastructure,6
290,_13795_,generated_datapath,infrastructure,5
291,_13796_,generated_control,infrastructure,4
292,_13797_,generated_control,infrastructure,5
293,_13798_,generated_control,infrastructure,4
294,_13799_,generated_control,infrastructure,5
295,_13800_,generated_control,infrastructure,5
296,_13801_,generated_control,infrastructure,5
297,_13802_,generated_datapath,infrastructure,6
298,_13803_,generated_datapath,infrastructure,5
299,_13804_,generated_control,infrastructure,5
300,_13805_,generated_control,infrastructure,5
301,_13806_,generated_control,infrastructure,4
302,_13807_,generated_control,infrastructure,5
303,_13808_,generated_control,infrastructure,5
304,_13809_,generated_control,infrastructure,5
305,_13810_,generated_datapath,infrastructure,6
306,_13811_,generated_datapath,infrastructure,5
307,_13812_,generated_control,infrastructure,5
308,_13813_,generated_control,infrastructure,5
309,_13814_,generated_control,infrastructure,5
310,_13815_,generated_datapath,infrastructure,6
311,_13816_,generated_control,infrastructure,5
312,_13817_,generated_control,infrastructure,5
313,_13818_,generated_datapath,infrastructure,6
314,_13819_,generated_control,infrastructure,5
315,_13820_,generated_control,infrastructure,5
316,_13821_,generated_control,infrastructure,4
317,_13822_,generated_datapath,infrastructure,5
318,_13823_,generated_datapath,infrastructure,5
319,_13824_,generated_datapath,infrastructure,5
320,_13825_,generated_control,infrastructure,4
321,_13826_,unclassified,infrastructure,6
322,_13827_,generated_control,infrastructure,5
323,_13828_,generated_control,infrastructure,5
324,_13829_,generated_datapath,infrastructure,6
325,_13830_,generated_control,infrastructure,5
326,_13831_,generated_datapath,infrastructure,6
327,_13832_,generated_datapath,infrastructure,5
328,_13833_,generated_control,infrastructure,5
329,_13834_,generated_control,infrastructure,4
330,_13835_,generated_control,infrastructure,5
331,_13836_,generated_control,infrastructure,5
332,_13837_,generated_control,infrastructure,5
333,_13838_,generated_datapath,infrastructure,6
334,_13839_,generated_datapath,infrastructure,5
335,_13840_,generated_control,infrastructure,5
336,_13841_,generated_control,infrastructure,5
337,_13842_,generated_control,infrastructure,4
338,_13843_,generated_control,infrastructure,5
339,_13844_,generated_control,infrastructure,5
340,_13845_,generated_control,infrastructure,5
341,_13846_,generated_datapath,infrastructure,6
342,_13847_,generated_datapath,infrastructure,5
343,_13848_,generated_control,infrastructure,5
344,_13849_,generated_control,infrastructure,5
345,_13850_,generated_control,infrastructure,5
346,_13851_,generated_datapath,infrastructure,6
347,_13852_,generated_control,infrastructure,5
348,_13853_,generated_control,infrastructure,5
349,_13854_,generated_datapath,infrastructure,6
350,_13855_,generated_control,infrastructure,5
351,_13856_,generated_datapath,infrastructure,6
352,_13857_,generated_control,infrastructure,4
353,_13858_,generated_datapath,infrastructure,5
354,_13859_,generated_datapath,infrastructure,5
355,_13860_,generated_datapath,infrastructure,5
356,_13861_,generated_datapath,infrastructure,5
357,_13862_,generated_datapath,infrastructure,5
358,_13863_,generated_control,infrastructure,8
359,_13864_,generated_control,infrastructure,8
360,_13865_,generated_control,infrastructure,5
361,_13866_,generated_control,infrastructure,8
362,_13867_,generated_control,infrastructure,8
363,_13868_,generated_control,infrastructure,8
364,_13869_,generated_control,infrastructure,8
365,_13870_,unclassified,infrastructure,6
366,_13871_,generated_control,infrastructure,5
367,_13872_,generated_control,infrastructure,8
368,_13873_,generated_datapath,infrastructure,6
369,_13874_,generated_control,infrastructure,8
370,_13875_,generated_datapath,infrastructure,6
371,_13876_,generated_datapath,infrastructure,5
372,_13877_,generated_control,infrastructure,5
373,_13878_,generated_control,infrastructure,4
374,_13879_,generated_datapath,infrastructure,5
375,_13880_,generated_datapath,infrastructure,5
376,_13881_,generated_datapath,infrastructure,5
377,_13882_,generated_datapath,infrastructure,5
378,_13883_,generated_control,infrastructure,5
379,_13884_,generated_control,infrastructure,5
380,_13885_,generated_datapath,infrastructure,6
381,_13886_,generated_control,infrastructure,5
382,_13887_,generated_datapath,infrastructure,6
383,_13888_,generated_datapath,infrastructure,5
384,_13889_,generated_control,infrastructure,4
385,_13890_,generated_control,infrastructure,5
386,_13891_,generated_control,infrastructure,5
387,_13892_,generated_datapath,infrastructure,6
388,_13893_,generated_control,infrastructure,5
389,_13894_,generated_control,infrastructure,5
390,_13895_,generated_datapath,infrastructure,6
391,_13896_,generated_control,infrastructure,4
392,_13897_,generated_control,infrastructure,5
393,_13898_,generated_control,infrastructure,4
394,_13899_,generated_control,infrastructure,5
395,_13900_,generated_control,infrastructure,5
396,_13901_,generated_control,infrastructure,5
397,_13902_,generated_datapath,infrastructure,6
398,_13903_,generated_datapath,infrastructure,5
399,_13904_,generated_control,infrastructure,5
400,_13905_,generated_control,infrastructure,5
401,_13906_,generated_control,infrastructure,5
402,_13907_,generated_datapath,infrastructure,6
403,_13908_,generated_control,infrastructure,5
404,_13909_,generated_control,infrastructure,5
405,_13910_,generated_datapath,infrastructure,6
406,_13911_,generated_control,infrastructure,5
407,_13912_,generated_datapath,infrastructure,6
408,_13913_,generated_control,infrastructure,4
409,_13914_,generated_control,infrastructure,4
410,_13915_,generated_datapath,infrastructure,5
411,_13916_,generated_control,infrastructure,4
412,_13917_,generated_datapath,infrastructure,5
413,_13918_,generated_control,infrastructure,4
414,_13919_,generated_control,infrastructure,5
415,_13920_,generated_control,infrastructure,4
416,_13921_,generated_control,infrastructure,5
417,_13922_,generated_control,infrastructure,5
418,_13923_,generated_datapath,infrastructure,6
419,_13924_,generated_control,infrastructure,5
420,_13925_,generated_datapath,infrastructure,6
421,_13926_,generated_datapath,infrastructure,5
422,_13927_,generated_control,infrastructure,4
423,_13928_,generated_control,infrastructure,5
424,_13929_,generated_control,infrastructure,5
425,_13930_,generated_datapath,infrastructure,6
426,_13931_,generated_control,infrastructure,5
427,_13932_,generated_control,infrastructure,5
428,_13933_,generated_datapath,infrastructure,6
429,_13934_,generated_control,infrastructure,4
430,_13935_,generated_control,infrastructure,5
431,_13936_,generated_control,infrastructure,4
432,_13937_,generated_control,infrastructure,5
433,_13938_,generated_control,infrastructure,5
434,_13939_,generated_control,infrastructure,5
435,_13940_,generated_datapath,infrastructure,6
436,_13941_,generated_datapath,infrastructure,5
437,_13942_,generated_control,infrastructure,5
438,_13943_,generated_control,infrastructure,5
439,_13944_,generated_control,infrastructure,5
440,_13945_,generated_datapath,infrastructure,6
441,_13946_,generated_control,infrastructure,5
442,_13947_,generated_control,infrastructure,5
443,_13948_,generated_datapath,infrastructure,6
444,_13949_,generated_control,infrastructure,5
445,_13950_,generated_datapath,infrastructure,6
446,_13951_,generated_control,infrastructure,4
447,_13952_,generated_control,infrastructure,4
448,_13953_,generated_datapath,infrastructure,5
449,_13954_,generated_control,infrastructure,4
450,_13955_,generated_datapath,infrastructure,5
451,_13956_,generated_control,infrastructure,4
452,_13957_,generated_control,infrastructure,5
453,_13958_,generated_control,infrastructure,4
454,_13959_,generated_control,infrastructure,5
455,_13960_,generated_control,infrastructure,5
456,_13961_,generated_datapath,infrastructure,6
457,_13962_,generated_control,infrastructure,5
458,_13963_,generated_datapath,infrastructure,6
459,_13964_,generated_datapath,infrastructure,5
460,_13965_,generated_control,infrastructure,4
461,_13966_,generated_control,infrastructure,5
462,_13967_,generated_control,infrastructure,5
463,_13968_,generated_datapath,infrastructure,6
464,_13969_,generated_control,infrastructure,5
465,_13970_,generated_control,infrastructure,5
466,_13971_,generated_datapath,infrastructure,6
467,_13972_,generated_control,infrastructure,4
468,_13973_,generated_control,infrastructure,5
469,_13974_,generated_control,infrastructure,4
470,_13975_,generated_control,infrastructure,5
471,_13976_,generated_control,infrastructure,5
472,_13977_,generated_control,infrastructure,5
473,_13978_,generated_datapath,infrastructure,6
474,_13979_,generated_datapath,infrastructure,5
475,_13980_,generated_control,infrastructure,5
476,_13981_,generated_control,infrastructure,5
477,_13982_,generated_control,infrastructure,5
478,_13983_,generated_datapath,infrastructure,6
479,_13984_,generated_control,infrastructure,5
480,_13985_,generated_control,infrastructure,5
481,_13986_,generated_datapath,infrastructure,6
482,_13987_,generated_control,infrastructure,5
483,_13988_,generated_datapath,infrastructure,6
484,_13989_,generated_control,infrastructure,4
485,_13990_,clock_reset,control,3
486,_13991_,generated_control,infrastructure,4
487,_13992_,generated_datapath,infrastructure,5
488,_13993_,generated_control,infrastructure,4
489,_13994_,generated_datapath,infrastructure,5
490,_13995_,generated_control,infrastructure,4
491,_13996_,generated_control,infrastructure,5
492,_13997_,generated_control,infrastructure,4
493,_13998_,generated_control,infrastructure,5
494,_13999_,generated_control,infrastructure,5
495,_14000_,generated_datapath,infrastructure,6
496,_14001_,generated_control,infrastructure,5
497,_14002_,generated_datapath,infrastructure,6
498,_14003_,generated_datapath,infrastructure,5
499,_14004_,generated_control,infrastructure,4
500,_14005_,generated_control,infrastructure,5
501,_14006_,generated_control,infrastructure,4
502,_14007_,generated_control,infrastructure,5
503,_14008_,generated_control,infrastructure,5
504,_14009_,generated_control,infrastructure,5
505,_14010_,generated_datapath,infrastructure,6
506,_14011_,generated_datapath,infrastructure,5
507,_14012_,generated_control,infrastructure,5
508,_14013_,generated_control,infrastructure,5
509,_14014_,generated_control,infrastructure,4
510,_14015_,generated_control,infrastructure,5
511,_14016_,generated_control,infrastructure,5
512,_14017_,generated_control,infrastructure,5
513,_14018_,generated_datapath,infrastructure,6
514,_14019_,generated_datapath,infrastructure,5
515,_14020_,generated_control,infrastructure,5
516,_14021_,generated_control,infrastructure,5
517,_14022_,generated_control,infrastructure,5
518,_14023_,generated_datapath,infrastructure,6
519,_14024_,generated_control,infrastructure,5
520,_14025_,generated_control,infrastructure,5
521,_14026_,generated_datapath,infrastructure,6
522,_14027_,generated_control,infrastructure,5
523,_14028_,generated_control,infrastructure,5
524,_14029_,generated_control,infrastructure,4
525,_14030_,generated_control,infrastructure,4
526,_14031_,generated_datapath,infrastructure,5
527,_14032_,generated_control,infrastructure,4
528,_14033_,generated_datapath,infrastructure,5
529,_14034_,generated_control,infrastructure,4
530,_14035_,generated_control,infrastructure,5
531,_14036_,generated_control,infrastructure,4
532,_14037_,generated_control,infrastructure,5
533,_14038_,generated_control,infrastructure,5
534,_14039_,generated_datapath,infrastructure,6
535,_14040_,generated_control,infrastructure,5
536,_14041_,generated_datapath,infrastructure,6
537,_14042_,generated_datapath,infrastructure,5
538,_14043_,generated_control,infrastructure,5
539,_14044_,generated_control,infrastructure,4
540,_14045_,generated_control,infrastructure,5
541,_14046_,generated_control,infrastructure,5
542,_14047_,generated_control,infrastructure,5
543,_14048_,generated_control,infrastructure,4
544,_14049_,generated_control,infrastructure,5
545,_14050_,generated_datapath,infrastructure,5
546,_14051_,generated_control,infrastructure,6
547,_14052_,generated_control,infrastructure,5
548,_14053_,generated_control,infrastructure,4
549,_14054_,generated_control,infrastructure,5
550,_14055_,generated_control,infrastructure,5
551,_14056_,generated_control,infrastructure,5
552,_14057_,generated_control,infrastructure,4
553,_14058_,generated_control,infrastructure,5
554,_14059_,generated_control,infrastructure,5
555,_14060_,generated_datapath,infrastructure,6
556,_14061_,generated_control,infrastructure,5
557,_14062_,generated_control,infrastructure,4
558,_14063_,generated_control,infrastructure,5
559,_14064_,generated_control,infrastructure,5
560,_14065_,generated_control,infrastructure,5
561,_14066_,generated_control,infrastructure,4
562,_14067_,generated_control,infrastructure,5
563,_14068_,generated_datapath,infrastructure,5
564,_14069_,generated_control,infrastructure,6
565,_14070_,unclassified,infrastructure,7
566,_14071_,generated_control,infrastructure,4
567,_14072_,generated_control,infrastructure,4
568,_14073_,generated_control,infrastructure,4
569,_14074_,generated_datapath,infrastructure,5
570,_14075_,generated_control,infrastructure,4
571,_14076_,generated_datapath,infrastructure,5
572,_14077_,generated_control,infrastructure,4
573,_14078_,unclassified,infrastructure,6
574,_14079_,generated_control,infrastructure,5
575,_14080_,generated_control,infrastructure,4
576,_14081_,generated_control,infrastructure,4
577,_14082_,generated_control,infrastructure,4
578,_14083_,generated_control,infrastructure,5
579,_14084_,generated_control,infrastructure,4
580,_14085_,generated_datapath,infrastructure,5
581,_14086_,generated_control,infrastructure,4
582,_14087_,generated_datapath,infrastructure,5
583,_14088_,generated_control,infrastructure,4
584,_14089_,generated_datapath,infrastructure,7
585,_14090_,generated_control,infrastructure,5
586,_14091_,generated_control,infrastructure,4
587,_14092_,generated_control,infrastructure,4
588,_14093_,generated_control,infrastructure,4
589,_14094_,generated_control,infrastructure,4
590,_14095_,generated_datapath,infrastructure,5
591,_14096_,generated_control,infrastructure,4
592,_14097_,generated_control,infrastructure,6
593,_14098_,unclassified,infrastructure,6
594,_14099_,unclassified,infrastructure,6
595,_14100_,unclassified,infrastructure,7
596,_14101_,generated_control,infrastructure,4
597,_14102_,generated_control,infrastructure,4
598,_14103_,generated_control,infrastructure,4
599,_14104_,generated_control,infrastructure,6
600,_14105_,generated_control,infrastructure,6
601,_14106_,generated_control,infrastructure,4
602,_14107_,generated_datapath,infrastructure,5
603,_14108_,unclassified,infrastructure,6
604,_14109_,generated_control,infrastructure,4
605,_14110_,generated_datapath,infrastructure,5
606,_14111_,unclassified,infrastructure,7
607,_14112_,unclassified,infrastructure,7
608,_14113_,generated_control,infrastructure,4
609,_14114_,generated_control,infrastructure,5
610,_14115_,generated_control,infrastructure,5
611,_14116_,generated_datapath,infrastructure,6
612,_14117_,generated_control,infrastructure,4
613,_14118_,generated_datapath,infrastructure,5
614,_14119_,unclassified,infrastructure,7
615,_14120_,generated_control,infrastructure,4
616,_14121_,generated_control,infrastructure,4
617,_14122_,generated_datapath,infrastructure,5
618,_14123_,generated_datapath,infrastructure,5
619,_14124_,generated_control,infrastructure,6
620,_14125_,generated_control,infrastructure,5
621,_14126_,unclassified,infrastructure,6
622,_14127_,generated_datapath,infrastructure,6
623,_14128_,clock_reset,control,3
624,_14129_,unclassified,infrastructure,7
625,_14130_,unclassified,infrastructure,7
626,_14131_,generated_control,infrastructure,4
627,_14132_,generated_control,infrastructure,4
628,_14133_,generated_control,infrastructure,5
629,_14134_,generated_datapath,infrastructure,5
630,_14135_,generated_control,infrastructure,4
631,_14136_,generated_datapath,infrastructure,6
632,_14137_,generated_datapath,infrastructure,5
633,_14138_,generated_datapath,infrastructure,5
634,_14139_,generated_control,infrastructure,4
635,_14140_,generated_control,infrastructure,4
636,_14141_,generated_control,infrastructure,4
637,_14142_,generated_datapath,infrastructure,6
638,_14143_,generated_datapath,infrastructure,5
639,_14144_,generated_datapath,infrastructure,5
640,_14145_,generated_datapath,infrastructure,5
641,_14146_,generated_datapath,infrastructure,5
642,_14147_,generated_datapath,infrastructure,5
643,_14148_,generated_control,infrastructure,4
644,_14149_,generated_control,infrastructure,4
645,_14150_,generated_control,infrastructure,5
646,_14151_,clock_reset,control,3
647,_14152_,generated_control,infrastructure,8
648,_14153_,generated_control,infrastructure,8
649,_14154_,generated_control,infrastructure,8
650,_14155_,generated_control,infrastructure,8
651,_14156_,generated_control,infrastructure,4
652,_14157_,generated_control,infrastructure,4
653,_14158_,generated_datapath,infrastructure,6
654,_14159_,generated_control,infrastructure,4
655,_14160_,generated_control,infrastructure,4
656,_14161_,generated_datapath,infrastructure,6
657,_14162_,generated_datapath,infrastructure,5
658,_14163_,generated_control,infrastructure,8
659,_14164_,generated_control,infrastructure,8
660,_14165_,generated_control,infrastructure,8
661,_14166_,generated_control,infrastructure,5
662,_14167_,generated_control,infrastructure,4
663,_14168_,generated_control,infrastructure,4
664,_14169_,generated_control,infrastructure,4
665,_14170_,generated_datapath,infrastructure,6
666,_14171_,generated_control,infrastructure,4
667,_14172_,generated_control,infrastructure,4
668,_14173_,generated_control,infrastructure,4
669,_14174_,generated_control,infrastructure,4
670,_14175_,generated_datapath,infrastructure,7
671,_14176_,generated_control,infrastructure,5
672,_14177_,generated_datapath,infrastructure,5
673,_14178_,clock_reset,control,3
674,_14179_,generated_control,infrastructure,6
675,_14180_,generated_control,infrastructure,6
676,_14181_,generated_control,infrastructure,4
677,_14182_,generated_datapath,infrastructure,6
678,_14183_,generated_datapath,infrastructure,6
679,_14184_,generated_control,infrastructure,5
680,_14185_,generated_control,infrastructure,4
681,_14186_,generated_control,infrastructure,5
682,_14187_,generated_control,infrastructure,5
683,_14188_,generated_control,infrastructure,6
684,_14189_,generated_control,infrastructure,6
685,_14190_,generated_datapath,infrastructure,5
686,_14191_,generated_control,infrastructure,5
687,_14192_,generated_control,infrastructure,6
688,_14193_,generated_datapath,infrastructure,5
689,_14194_,generated_datapath,infrastructure,5
690,_14195_,generated_control,infrastructure,4
691,_14196_,generated_control,infrastructure,5
692,_14197_,generated_control,infrastructure,5
693,_14198_,generated_datapath,infrastructure,6
694,_14199_,generated_datapath,infrastructure,7
695,_14200_,generated_datapath,infrastructure,7
696,_14201_,generated_control,infrastructure,5
697,_14202_,generated_control,infrastructure,5
698,_14203_,generated_datapath,infrastructure,6
699,_14204_,generated_control,infrastructure,5
700,_14205_,generated_control,infrastructure,4
701,_14206_,generated_datapath,infrastructure,6
702,_14207_,generated_datapath,infrastructure,5
703,_14208_,generated_control,infrastructure,4
704,_14209_,generated_control,infrastructure,4
705,_14210_,generated_control,infrastructure,4
706,_14211_,generated_control,infrastructure,5
707,_14212_,generated_control,infrastructure,5
708,_14213_,generated_datapath,infrastructure,6
709,_14214_,generated_control,infrastructure,5
710,_14215_,generated_control,infrastructure,5
711,_14216_,generated_datapath,infrastructure,6
712,_14217_,generated_control,infrastructure,5
713,_14218_,generated_control,infrastructure,4
714,_14219_,generated_control,infrastructure,5
715,_14220_,generated_control,infrastructure,5
716,_14221_,generated_datapath,infrastructure,6
717,_14222_,generated_control,infrastructure,5
718,_14223_,generated_control,infrastructure,5
719,_14224_,generated_datapath,infrastructure,6
720,_14225_,generated_control,infrastructure,5
721,_14226_,generated_control,infrastructure,4
722,_14227_,generated_control,infrastructure,5
723,_14228_,generated_control,infrastructure,5
724,_14229_,generated_datapath,infrastructure,6
725,_14230_,generated_control,infrastructure,5
726,_14231_,generated_control,infrastructure,5
727,_14232_,generated_datapath,infrastructure,6
728,_14233_,generated_control,infrastructure,5
729,_14234_,generated_datapath,infrastructure,6
730,_14235_,generated_control,infrastructure,4
731,_14236_,generated_datapath,infrastructure,5
732,_14237_,unclassified,infrastructure,7
733,_14238_,generated_control,infrastructure,4
734,_14239_,generated_control,infrastructure,4
735,_14240_,generated_datapath,infrastructure,6
736,_14241_,unclassified,infrastructure,6
737,_14242_,fetch,control,6
738,_14243_,generated_control,infrastructure,4
739,_14244_,generated_datapath,infrastructure,5
740,_14245_,generated_datapath,infrastructure,5
741,_14246_,generated_datapath,infrastructure,5
742,_14247_,generated_datapath,infrastructure,6
743,_14248_,generated_datapath,infrastructure,5
744,_14249_,generated_datapath,infrastructure,5
745,_14250_,generated_datapath,infrastructure,6
746,_14251_,generated_datapath,infrastructure,5
747,_14252_,generated_control,infrastructure,8
748,_14253_,generated_control,infrastructure,8
749,_14254_,generated_control,infrastructure,5
750,_14255_,generated_control,infrastructure,8
751,_14256_,generated_control,infrastructure,8
752,_14257_,generated_control,infrastructure,5
753,_14258_,generated_control,infrastructure,8
754,_14259_,generated_control,infrastructure,4
755,_14260_,generated_control,infrastructure,5
756,_14261_,generated_datapath,infrastructure,7
757,_14262_,generated_control,infrastructure,8
758,_14263_,generated_control,infrastructure,8
759,_14264_,generated_control,infrastructure,5
760,_14265_,generated_datapath,infrastructure,6
761,_14266_,unclassified,infrastructure,7
762,_14267_,generated_control,infrastructure,4
763,_14268_,fetch,control,4
764,_14269_,generated_datapath,infrastructure,7
765,_14270_,generated_datapath,infrastructure,6
766,_14271_,generated_control,infrastructure,5
767,_14272_,generated_datapath,infrastructure,6
768,_14273_,generated_datapath,infrastructure,7
769,_14274_,generated_control,infrastructure,4
770,_14275_,generated_datapath,infrastructure,6
771,_14276_,generated_datapath,infrastructure,6
772,_14277_,generated_control,infrastructure,8
773,_14278_,generated_control,infrastructure,8
774,_14279_,generated_control,infrastructure,8
775,_14280_,generated_control,infrastructure,8
776,_14281_,generated_datapath,infrastructure,6
777,_14282_,generated_datapath,infrastructure,6
778,_14283_,generated_control,infrastructure,5
779,_14284_,generated_control,infrastructure,8
780,_14285_,generated_control,infrastructure,8
781,_14286_,generated_control,infrastructure,8
782,_14287_,generated_control,infrastructure,5
783,_14288_,generated_datapath,infrastructure,6
784,_14289_,generated_control,infrastructure,4
785,_14290_,generated_datapath,infrastructure,7
786,_14291_,unclassified,infrastructure,6
787,_14292_,generated_control,infrastructure,4
788,_14293_,generated_control,infrastructure,4
789,_14294_,generated_datapath,infrastructure,5
790,_14295_,generated_control,infrastructure,4
791,_14296_,generated_datapath,infrastructure,6
792,_14297_,generated_datapath,infrastructure,7
793,_14298_,generated_datapath,infrastructure,7
794,_14299_,generated_datapath,infrastructure,6
795,_14300_,generated_control,infrastructure,4
796,_14301_,generated_control,infrastructure,8
797,_14302_,generated_control,infrastructure,8
798,_14303_,generated_control,infrastructure,8
799,_14304_,generated_control,infrastructure,8
800,_14305_,generated_datapath,infrastructure,6
801,_14306_,generated_datapath,infrastructure,6
802,_14307_,generated_datapath,infrastructure,5
803,_14308_,generated_control,infrastructure,8
804,_14309_,generated_control,infrastructure,8
805,_14310_,generated_control,infrastructure,8
806,_14311_,generated_control,infrastructure,5
807,_14312_,generated_datapath,infrastructure,6
808,_14313_,generated_control,infrastructure,4
809,_14314_,generated_datapath,infrastructure,7
810,_14315_,generated_control,infrastructure,6
811,_14316_,generated_control,infrastructure,4
812,_14317_,generated_datapath,infrastructure,5
813,_14318_,generated_datapath,infrastructure,5
814,_14319_,generated_control,infrastructure,4
815,_14320_,generated_control,infrastructure,4
816,_14321_,generated_datapath,infrastructure,6
817,_14322_,generated_datapath,infrastructure,6
818,_14323_,generated_datapath,infrastructure,7
819,_14324_,generated_control,infrastructure,4
820,_14325_,generated_control,infrastructure,5
821,_14326_,generated_control,infrastructure,4
822,_14327_,generated_control,infrastructure,5
823,_14328_,generated_control,infrastructure,5
824,_14329_,generated_control,infrastructure,8
825,_14330_,generated_control,infrastructure,8
826,_14331_,generated_control,infrastructure,8
827,_14332_,generated_control,infrastructure,8
828,_14333_,generated_datapath,infrastructure,6
829,_14334_,generated_datapath,infrastructure,6
830,_14335_,generated_control,infrastructure,4
831,_14336_,generated_control,infrastructure,8
832,_14337_,generated_control,infrastructure,8
833,_14338_,generated_control,infrastructure,8
834,_14339_,generated_control,infrastructure,5
835,_14340_,generated_datapath,infrastructure,6
836,_14341_,generated_control,infrastructure,4
837,_14342_,generated_datapath,infrastructure,7
838,_14343_,generated_control,infrastructure,6
839,_14344_,generated_datapath,infrastructure,5
840,_14345_,generated_datapath,infrastructure,5
841,_14346_,generated_datapath,infrastructure,5
842,_14347_,clock_reset,control,3
843,_14348_,generated_control,infrastructure,4
844,_14349_,generated_datapath,infrastructure,6
845,_14350_,generated_datapath,infrastructure,7
846,_14351_,generated_datapath,infrastructure,7
847,_14352_,generated_control,infrastructure,5
848,_14353_,generated_control,infrastructure,4
849,_14354_,generated_control,infrastructure,5
850,_14355_,generated_control,infrastructure,5
851,_14356_,generated_control,infrastructure,5
852,_14357_,generated_datapath,infrastructure,6
853,_14358_,generated_datapath,infrastructure,5
854,_14359_,generated_control,infrastructure,5
855,_14360_,generated_control,infrastructure,5
856,_14361_,generated_control,infrastructure,4
857,_14362_,generated_control,infrastructure,5
858,_14363_,generated_control,infrastructure,5
859,_14364_,generated_control,infrastructure,5
860,_14365_,generated_datapath,infrastructure,6
861,_14366_,generated_datapath,infrastructure,5
862,_14367_,generated_control,infrastructure,5
863,_14368_,generated_control,infrastructure,5
864,_14369_,generated_control,infrastructure,4
865,_14370_,generated_control,infrastructure,5
866,_14371_,generated_control,infrastructure,5
867,_14372_,generated_control,infrastructure,5
868,_14373_,generated_datapath,infrastructure,6
869,_14374_,generated_datapath,infrastructure,5
870,_14375_,generated_control,infrastructure,5
871,_14376_,generated_control,infrastructure,5
872,_14377_,generated_control,infrastructure,5
873,_14378_,generated_control,infrastructure,5
874,_14379_,generated_datapath,infrastructure,6
875,_14380_,generated_control,infrastructure,5
876,_14381_,generated_datapath,infrastructure,6
877,_14382_,generated_datapath,infrastructure,5
878,_14383_,generated_control,infrastructure,4
879,_14384_,generated_control,infrastructure,4
880,_14385_,generated_control,infrastructure,5
881,_14386_,generated_datapath,infrastructure,5
882,_14387_,generated_datapath,infrastructure,5
883,_14388_,generated_datapath,infrastructure,6
884,_14389_,generated_datapath,infrastructure,7
885,_14390_,generated_control,infrastructure,4
886,_14391_,generated_datapath,infrastructure,5
887,_14392_,generated_datapath,infrastructure,5
888,_14393_,generated_control,infrastructure,8
889,_14394_,generated_control,infrastructure,8
890,_14395_,generated_control,infrastructure,8
891,_14396_,generated_control,infrastructure,8
892,_14397_,generated_datapath,infrastructure,6
893,_14398_,generated_datapath,infrastructure,6
894,_14399_,generated_datapath,infrastructure,5
895,_14400_,generated_control,infrastructure,8
896,_14401_,generated_control,infrastructure,8
897,_14402_,generated_control,infrastructure,8
898,_14403_,generated_control,infrastructure,5
899,_14404_,generated_datapath,infrastructure,6
900,_14405_,generated_control,infrastructure,4
901,_14406_,generated_datapath,infrastructure,7
902,_14407_,generated_control,infrastructure,6
903,_14408_,generated_control,infrastructure,4
904,_14409_,generated_control,infrastructure,4
905,_14410_,generated_control,infrastructure,4
906,_14411_,unclassified,infrastructure,6
907,_14412_,generated_control,infrastructure,4
908,_14413_,generated_datapath,infrastructure,6
909,_14414_,generated_datapath,infrastructure,7
910,_14415_,generated_datapath,infrastructure,7
911,_14416_,generated_control,infrastructure,8
912,_14417_,generated_control,infrastructure,8
913,_14418_,generated_control,infrastructure,8
914,_14419_,generated_control,infrastructure,8
915,_14420_,generated_datapath,infrastructure,6
916,_14421_,generated_datapath,infrastructure,6
917,_14422_,generated_datapath,infrastructure,5
918,_14423_,generated_control,infrastructure,8
919,_14424_,generated_control,infrastructure,8
920,_14425_,generated_control,infrastructure,8
921,_14426_,generated_control,infrastructure,5
922,_14427_,generated_datapath,infrastructure,6
923,_14428_,generated_control,infrastructure,4
924,_14429_,generated_datapath,infrastructure,7
925,_14430_,generated_control,infrastructure,6
926,_14431_,generated_control,infrastructure,4
927,_14432_,generated_control,infrastructure,4
928,_14433_,unclassified,infrastructure,6
929,_14434_,generated_control,infrastructure,4
930,_14435_,generated_datapath,infrastructure,6
931,_14436_,generated_datapath,infrastructure,7
932,_14437_,generated_datapath,infrastructure,7
933,_14438_,generated_control,infrastructure,8
934,_14439_,generated_control,infrastructure,8
935,_14440_,generated_control,infrastructure,8
936,_14441_,generated_control,infrastructure,8
937,_14442_,generated_datapath,infrastructure,6
938,_14443_,generated_datapath,infrastructure,6
939,_14444_,generated_datapath,infrastructure,5
940,_14445_,generated_control,infrastructure,8
941,_14446_,generated_control,infrastructure,8
942,_14447_,generated_control,infrastructure,8
943,_14448_,generated_control,infrastructure,5
944,_14449_,generated_datapath,infrastructure,6
945,_14450_,generated_datapath,infrastructure,6
946,_14451_,generated_control,infrastructure,4
947,_14452_,generated_datapath,infrastructure,6
948,_14453_,generated_datapath,infrastructure,7
949,_14454_,generated_control,infrastructure,4
950,_14455_,generated_control,infrastructure,5
951,_14456_,generated_datapath,infrastructure,5
952,_14457_,generated_datapath,infrastructure,5
953,_14458_,generated_control,infrastructure,4
954,_14459_,generated_datapath,infrastructure,6
955,_14460_,generated_datapath,infrastructure,7
956,_14461_,generated_datapath,infrastructure,7
957,_14462_,generated_control,infrastructure,8
958,_14463_,generated_control,infrastructure,8
959,_14464_,generated_control,infrastructure,8
960,_14465_,generated_control,infrastructure,8
961,_14466_,generated_datapath,infrastructure,6
962,_14467_,generated_datapath,infrastructure,6
963,_14468_,generated_control,infrastructure,4
964,_14469_,generated_datapath,infrastructure,5
965,_14470_,generated_control,infrastructure,8
966,_14471_,generated_control,infrastructure,8
967,_14472_,generated_control,infrastructure,8
968,_14473_,generated_control,infrastructure,5
969,_14474_,generated_datapath,infrastructure,6
970,_14475_,generated_control,infrastructure,4
971,_14476_,generated_datapath,infrastructure,7
972,_14477_,generated_control,infrastructure,5
973,_14478_,generated_datapath,infrastructure,5
974,_14479_,generated_control,infrastructure,4
975,_14480_,unclassified,infrastructure,6
976,_14481_,generated_control,infrastructure,4
977,_14482_,generated_datapath,infrastructure,6
978,_14483_,generated_datapath,infrastructure,7
979,_14484_,generated_datapath,infrastructure,7
980,_14485_,generated_datapath,infrastructure,5
981,_14486_,generated_control,infrastructure,5
982,_14487_,generated_datapath,infrastructure,5
983,_14488_,unclassified,infrastructure,6
984,_14489_,generated_control,infrastructure,8
985,_14490_,generated_control,infrastructure,8
986,_14491_,generated_control,infrastructure,8
987,_14492_,generated_control,infrastructure,8
988,_14493_,generated_datapath,infrastructure,6
989,_14494_,generated_datapath,infrastructure,6
990,_14495_,generated_datapath,infrastructure,5
991,_14496_,generated_control,infrastructure,8
992,_14497_,generated_control,infrastructure,8
993,_14498_,generated_control,infrastructure,8
994,_14499_,generated_control,infrastructure,5
995,_14500_,generated_datapath,infrastructure,6
996,_14501_,generated_control,infrastructure,4
997,_14502_,generated_datapath,infrastructure,7
998,_14503_,generated_control,infrastructure,6
999,_14504_,generated_control,infrastructure,4
1000,_14505_,generated_control,infrastructure,5
1001,_14506_,generated_control,infrastructure,5
1002,_14507_,generated_control,infrastructure,4
1003,_14508_,generated_datapath,infrastructure,6
1004,_14509_,generated_datapath,infrastructure,7
1005,_14510_,generated_datapath,infrastructure,7
1006,_14511_,generated_control,infrastructure,8
1007,_14512_,generated_control,infrastructure,8
1008,_14513_,generated_control,infrastructure,8
1009,_14514_,generated_control,infrastructure,8
1010,_14515_,generated_control,infrastructure,8
1011,_14516_,generated_control,infrastructure,8
1012,_14517_,generated_control,infrastructure,5
1013,_14518_,generated_datapath,infrastructure,6
1014,_14519_,generated_control,infrastructure,8
1015,_14520_,generated_control,infrastructure,8
1016,_14521_,generated_control,infrastructure,8
1017,_14522_,generated_control,infrastructure,5
1018,_14523_,generated_control,infrastructure,4
1019,_14524_,generated_datapath,infrastructure,6
1020,_14525_,generated_control,infrastructure,6
1021,_14526_,unclassified,infrastructure,6
1022,_14527_,generated_datapath,infrastructure,6
1023,_14528_,generated_datapath,infrastructure,5
1024,_14529_,generated_datapath,infrastructure,5
1025,_14530_,generated_datapath,infrastructure,5
1026,_14531_,generated_datapath,infrastructure,6
1027,_14532_,generated_datapath,infrastructure,7
1028,_14533_,generated_datapath,infrastructure,5
1029,_14534_,generated_control,infrastructure,8
1030,_14535_,generated_control,infrastructure,8
1031,_14536_,generated_control,infrastructure,8
1032,_14537_,generated_control,infrastructure,8
1033,_14538_,generated_control,infrastructure,8
1034,_14539_,generated_control,infrastructure,8
1035,_14540_,generated_control,infrastructure,5
1036,_14541_,generated_datapath,infrastructure,6
1037,_14542_,generated_control,infrastructure,8
1038,_14543_,generated_control,infrastructure,8
1039,_14544_,generated_control,infrastructure,8
1040,_14545_,generated_control,infrastructure,5
1041,_14546_,generated_datapath,infrastructure,6
1042,_14547_,generated_datapath,infrastructure,5
1043,_14548_,generated_datapath,infrastructure,5
1044,_14549_,generated_datapath,infrastructure,5
1045,_14550_,generated_datapath,infrastructure,6
1046,_14551_,generated_datapath,infrastructure,7
1047,_14552_,generated_datapath,infrastructure,5
1048,_14553_,generated_control,infrastructure,8
1049,_14554_,generated_control,infrastructure,8
1050,_14555_,generated_control,infrastructure,8
1051,_14556_,generated_control,infrastructure,8
1052,_14557_,generated_control,infrastructure,8
1053,_14558_,generated_control,infrastructure,8
1054,_14559_,generated_control,infrastructure,5
1055,_14560_,generated_datapath,infrastructure,6
1056,_14561_,generated_control,infrastructure,8
1057,_14562_,generated_control,infrastructure,8
1058,_14563_,generated_control,infrastructure,8
1059,_14564_,generated_control,infrastructure,5
1060,_14565_,generated_datapath,infrastructure,6
1061,_14566_,generated_datapath,infrastructure,5
1062,_14567_,generated_datapath,infrastructure,5
1063,_14568_,generated_datapath,infrastructure,5
1064,_14569_,generated_datapath,infrastructure,6
1065,_14570_,generated_datapath,infrastructure,7
1066,_14571_,generated_datapath,infrastructure,5
1067,_14572_,generated_datapath,infrastructure,6
1068,_14573_,generated_control,infrastructure,8
1069,_14574_,generated_control,infrastructure,8
1070,_14575_,generated_control,infrastructure,5
1071,_14576_,generated_control,infrastructure,8
1072,_14577_,generated_control,infrastructure,8
1073,_14578_,generated_control,infrastructure,5
1074,_14579_,generated_control,infrastructure,5
1075,_14580_,generated_control,infrastructure,5
1076,_14581_,generated_control,infrastructure,5
1077,_14582_,generated_control,infrastructure,4
1078,_14583_,generated_control,infrastructure,8
1079,_14584_,generated_control,infrastructure,8
1080,_14585_,generated_control,infrastructure,8
1081,_14586_,generated_control,infrastructure,5
1082,_14587_,generated_control,infrastructure,8
1083,_14588_,generated_datapath,infrastructure,7
1084,_14589_,generated_datapath,infrastructure,6
1085,_14590_,generated_datapath,infrastructure,5
1086,_14591_,generated_control,infrastructure,4
1087,_14592_,unclassified,infrastructure,6
1088,_14593_,generated_datapath,infrastructure,5
1089,_14594_,generated_datapath,infrastructure,6
1090,_14595_,generated_control,infrastructure,5
1091,_14596_,generated_control,infrastructure,5
1092,_14597_,generated_control,infrastructure,5
1093,_14598_,generated_control,infrastructure,4
1094,_14599_,generated_control,infrastructure,8
1095,_14600_,generated_control,infrastructure,8
1096,_14601_,generated_control,infrastructure,8
1097,_14602_,generated_control,infrastructure,5
1098,_14603_,generated_control,infrastructure,8
1099,_14604_,generated_control,infrastructure,8
1100,_14605_,generated_control,infrastructure,5
1101,_14606_,generated_control,infrastructure,8
1102,_14607_,generated_control,infrastructure,8
1103,_14608_,generated_control,infrastructure,5
1104,_14609_,generated_control,infrastructure,8
1105,_14610_,clock_reset,control,3
1106,_14611_,generated_datapath,infrastructure,7
1107,_14612_,generated_datapath,infrastructure,5
1108,_14613_,generated_control,infrastructure,4
1109,_14614_,generated_datapath,infrastructure,5
1110,_14615_,generated_control,infrastructure,5
1111,_14616_,generated_control,infrastructure,4
1112,_14617_,generated_datapath,infrastructure,6
1113,_14618_,generated_control,infrastructure,8
1114,_14619_,generated_control,infrastructure,8
1115,_14620_,generated_control,infrastructure,5
1116,_14621_,generated_control,infrastructure,8
1117,_14622_,generated_control,infrastructure,8
1118,_14623_,generated_control,infrastructure,5
1119,_14624_,generated_control,infrastructure,5
1120,_14625_,generated_control,infrastructure,5
1121,_14626_,generated_control,infrastructure,5
1122,_14627_,generated_control,infrastructure,4
1123,_14628_,generated_control,infrastructure,8
1124,_14629_,generated_control,infrastructure,8
1125,_14630_,generated_control,infrastructure,8
1126,_14631_,generated_control,infrastructure,5
1127,_14632_,generated_control,infrastructure,8
1128,_14633_,generated_datapath,infrastructure,6
1129,_14634_,generated_datapath,infrastructure,5
1130,_14635_,generated_datapath,infrastructure,6
1131,_14636_,generated_datapath,infrastructure,7
1132,_14637_,generated_datapath,infrastructure,6
1133,_14638_,generated_datapath,infrastructure,5
1134,_14639_,generated_control,infrastructure,8
1135,_14640_,generated_control,infrastructure,8
1136,_14641_,generated_control,infrastructure,5
1137,_14642_,generated_control,infrastructure,8
1138,_14643_,generated_control,infrastructure,8
1139,_14644_,generated_control,infrastructure,5
1140,_14645_,generated_control,infrastructure,5
1141,_14646_,generated_control,infrastructure,5
1142,_14647_,generated_control,infrastructure,5
1143,_14648_,generated_control,infrastructure,4
1144,_14649_,generated_control,infrastructure,8
1145,_14650_,generated_control,infrastructure,8
1146,_14651_,generated_control,infrastructure,8
1147,_14652_,generated_control,infrastructure,5
1148,_14653_,generated_control,infrastructure,8
1149,_14654_,generated_datapath,infrastructure,6
1150,_14655_,generated_datapath,infrastructure,5
1151,_14656_,generated_datapath,infrastructure,5
1152,_14657_,generated_datapath,infrastructure,5
1153,_14658_,generated_datapath,infrastructure,6
1154,_14659_,generated_datapath,infrastructure,7
1155,_14660_,generated_datapath,infrastructure,5
1156,_14661_,generated_control,infrastructure,8
1157,_14662_,generated_control,infrastructure,8
1158,_14663_,generated_control,infrastructure,5
1159,_14664_,generated_control,infrastructure,8
1160,_14665_,generated_control,infrastructure,8
1161,_14666_,generated_control,infrastructure,5
1162,_14667_,generated_control,infrastructure,5
1163,_14668_,generated_control,infrastructure,5
1164,_14669_,generated_control,infrastructure,5
1165,_14670_,generated_control,infrastructure,5
1166,_14671_,generated_control,infrastructure,4
1167,_14672_,generated_control,infrastructure,8
1168,_14673_,generated_control,infrastructure,8
1169,_14674_,generated_control,infrastructure,8
1170,_14675_,generated_control,infrastructure,5
1171,_14676_,generated_control,infrastructure,5
1172,_14677_,generated_control,infrastructure,8
1173,_14678_,generated_control,infrastructure,5
1174,_14679_,generated_datapath,infrastructure,6
1175,_14680_,generated_datapath,infrastructure,5
1176,_14681_,generated_datapath,infrastructure,5
1177,_14682_,generated_datapath,infrastructure,5
1178,_14683_,generated_datapath,infrastructure,6
1179,_14684_,generated_datapath,infrastructure,7
1180,_14685_,generated_datapath,infrastructure,5
1181,_14686_,generated_control,infrastructure,8
1182,_14687_,generated_control,infrastructure,8
1183,_14688_,generated_control,infrastructure,5
1184,_14689_,generated_control,infrastructure,8
1185,_14690_,generated_control,infrastructure,8
1186,_14691_,generated_control,infrastructure,5
1187,_14692_,generated_control,infrastructure,5
1188,_14693_,generated_control,infrastructure,5
1189,_14694_,generated_control,infrastructure,5
1190,_14695_,generated_control,infrastructure,4
1191,_14696_,generated_control,infrastructure,8
1192,_14697_,generated_control,infrastructure,8
1193,_14698_,generated_control,infrastructure,8
1194,_14699_,generated_control,infrastructure,5
1195,_14700_,generated_control,infrastructure,8
1196,_14701_,generated_datapath,infrastructure,7
1197,_14702_,generated_datapath,infrastructure,5
1198,_14703_,generated_datapath,infrastructure,6
1199,_14704_,generated_datapath,infrastructure,7
1200,_14705_,generated_datapath,infrastructure,6
1201,_14706_,generated_datapath,infrastructure,5
1202,_14707_,generated_control,infrastructure,8
1203,_14708_,generated_control,infrastructure,8
1204,_14709_,generated_control,infrastructure,8
1205,_14710_,generated_control,infrastructure,8
1206,_14711_,generated_control,infrastructure,8
1207,_14712_,generated_control,infrastructure,8
1208,_14713_,generated_control,infrastructure,5
1209,_14714_,generated_datapath,infrastructure,6
1210,_14715_,generated_control,infrastructure,8
1211,_14716_,generated_control,infrastructure,8
1212,_14717_,generated_control,infrastructure,8
1213,_14718_,generated_control,infrastructure,5
1214,_14719_,generated_datapath,infrastructure,7
1215,_14720_,generated_datapath,infrastructure,5
1216,_14721_,generated_datapath,infrastructure,6
1217,_14722_,generated_datapath,infrastructure,7
1218,_14723_,generated_datapath,infrastructure,6
1219,_14724_,generated_datapath,infrastructure,5
1220,_14725_,generated_control,infrastructure,8
1221,_14726_,generated_control,infrastructure,8
1222,_14727_,generated_control,infrastructure,8
1223,_14728_,generated_control,infrastructure,8
1224,_14729_,generated_control,infrastructure,8
1225,_14730_,generated_control,infrastructure,8
1226,_14731_,generated_control,infrastructure,5
1227,_14732_,generated_datapath,infrastructure,6
1228,_14733_,generated_control,infrastructure,8
1229,_14734_,generated_control,infrastructure,8
1230,_14735_,generated_control,infrastructure,8
1231,_14736_,generated_control,infrastructure,5
1232,_14737_,generated_datapath,infrastructure,7
1233,_14738_,generated_datapath,infrastructure,5
1234,_14739_,generated_datapath,infrastructure,6
1235,_14740_,generated_datapath,infrastructure,7
1236,_14741_,generated_datapath,infrastructure,6
1237,_14742_,generated_datapath,infrastructure,5
1238,_14743_,generated_control,infrastructure,8
1239,_14744_,generated_control,infrastructure,8
1240,_14745_,generated_control,infrastructure,8
1241,_14746_,generated_control,infrastructure,8
1242,_14747_,generated_control,infrastructure,8
1243,_14748_,generated_control,infrastructure,4
1244,_14749_,generated_control,infrastructure,8
1245,_14750_,generated_control,infrastructure,5
1246,_14751_,generated_control,infrastructure,8
1247,_14752_,generated_control,infrastructure,4
1248,_14753_,generated_control,infrastructure,8
1249,_14754_,generated_control,infrastructure,4
1250,_14755_,generated_datapath,infrastructure,7
1251,_14756_,unclassified,infrastructure,6
1252,_14757_,generated_control,infrastructure,4
1253,_14758_,generated_control,infrastructure,5
1254,_14759_,generated_control,infrastructure,4
1255,_14760_,unclassified,infrastructure,6
1256,_14761_,generated_datapath,infrastructure,7
1257,_14762_,generated_datapath,infrastructure,5
1258,_14763_,generated_datapath,infrastructure,6
1259,_14764_,generated_datapath,infrastructure,7
1260,_14765_,generated_datapath,infrastructure,6
1261,_14766_,generated_datapath,infrastructure,5
1262,_14767_,generated_control,infrastructure,8
1263,_14768_,generated_control,infrastructure,8
1264,_14769_,generated_control,infrastructure,5
1265,_14770_,generated_control,infrastructure,8
1266,_14771_,generated_control,infrastructure,8
1267,_14772_,generated_control,infrastructure,5
1268,_14773_,generated_control,infrastructure,5
1269,_14774_,generated_control,infrastructure,5
1270,_14775_,generated_control,infrastructure,5
1271,_14776_,generated_control,infrastructure,4
1272,_14777_,generated_control,infrastructure,8
1273,_14778_,generated_control,infrastructure,8
1274,_14779_,generated_control,infrastructure,8
1275,_14780_,generated_control,infrastructure,5
1276,_14781_,generated_control,infrastructure,8
1277,_14782_,generated_datapath,infrastructure,7
1278,_14783_,generated_datapath,infrastructure,5
1279,_14784_,generated_datapath,infrastructure,6
1280,_14785_,generated_datapath,infrastructure,7
1281,_14786_,generated_datapath,infrastructure,6
1282,_14787_,generated_datapath,infrastructure,5
1283,_14788_,generated_control,infrastructure,8
1284,_14789_,generated_control,infrastructure,8
1285,_14790_,generated_control,infrastructure,5
1286,_14791_,generated_control,infrastructure,8
1287,_14792_,generated_control,infrastructure,8
1288,_14793_,generated_control,infrastructure,5
1289,_14794_,generated_control,infrastructure,5
1290,_14795_,generated_control,infrastructure,5
1291,_14796_,generated_control,infrastructure,5
1292,_14797_,generated_control,infrastructure,4
1293,_14798_,generated_control,infrastructure,8
1294,_14799_,generated_control,infrastructure,8
1295,_14800_,generated_control,infrastructure,8
1296,_14801_,generated_control,infrastructure,5
1297,_14802_,generated_control,infrastructure,8
1298,_14803_,generated_datapath,infrastructure,7
1299,_14804_,generated_datapath,infrastructure,5
1300,_14805_,generated_datapath,infrastructure,6
1301,_14806_,generated_datapath,infrastructure,7
1302,_14807_,generated_datapath,infrastructure,6
1303,_14808_,generated_datapath,infrastructure,5
1304,_14809_,generated_control,infrastructure,8
1305,_14810_,generated_control,infrastructure,5
1306,_14811_,generated_datapath,infrastructure,6
1307,_14812_,generated_control,infrastructure,8
1308,_14813_,generated_control,infrastructure,8
1309,_14814_,generated_control,infrastructure,8
1310,_14815_,generated_control,infrastructure,8
1311,_14816_,generated_control,infrastructure,8
1312,_14817_,generated_control,infrastructure,8
1313,_14818_,generated_control,infrastructure,8
1314,_14819_,generated_control,infrastructure,8
1315,_14820_,generated_control,infrastructure,5
1316,_14821_,generated_datapath,infrastructure,7
1317,_14822_,generated_datapath,infrastructure,5
1318,_14823_,generated_control,infrastructure,4
1319,_14824_,generated_datapath,infrastructure,6
1320,_14825_,generated_datapath,infrastructure,5
1321,_14826_,generated_datapath,infrastructure,5
1322,_14827_,generated_datapath,infrastructure,7
1323,_14828_,generated_control,infrastructure,8
1324,_14829_,generated_control,infrastructure,8
1325,_14830_,generated_control,infrastructure,8
1326,_14831_,generated_control,infrastructure,8
1327,_14832_,generated_control,infrastructure,8
1328,_14833_,generated_control,infrastructure,8
1329,_14834_,generated_control,infrastructure,5
1330,_14835_,generated_datapath,infrastructure,6
1331,_14836_,generated_control,infrastructure,8
1332,_14837_,generated_control,infrastructure,8
1333,_14838_,generated_control,infrastructure,8
1334,_14839_,generated_control,infrastructure,5
1335,_14840_,generated_datapath,infrastructure,7
1336,_14841_,generated_datapath,infrastructure,5
1337,_14842_,generated_datapath,infrastructure,6
1338,_14843_,generated_datapath,infrastructure,7
1339,_14844_,generated_datapath,infrastructure,6
1340,_14845_,generated_datapath,infrastructure,5
1341,_14846_,generated_control,infrastructure,8
1342,_14847_,generated_control,infrastructure,8
1343,_14848_,generated_control,infrastructure,8
1344,_14849_,generated_control,infrastructure,8
1345,_14850_,generated_control,infrastructure,8
1346,_14851_,generated_control,infrastructure,8
1347,_14852_,generated_control,infrastructure,5
1348,_14853_,generated_datapath,infrastructure,6
1349,_14854_,generated_control,infrastructure,8
1350,_14855_,generated_control,infrastructure,8
1351,_14856_,generated_control,infrastructure,8
1352,_14857_,generated_control,infrastructure,5
1353,_14858_,generated_datapath,infrastructure,7
1354,_14859_,generated_datapath,infrastructure,5
1355,_14860_,generated_datapath,infrastructure,6
1356,_14861_,generated_datapath,infrastructure,7
1357,_14862_,generated_datapath,infrastructure,6
1358,_14863_,generated_datapath,infrastructure,5
1359,_14864_,generated_control,infrastructure,8
1360,_14865_,generated_control,infrastructure,8
1361,_14866_,generated_control,infrastructure,8
1362,_14867_,generated_control,infrastructure,8
1363,_14868_,generated_control,infrastructure,8
1364,_14869_,generated_control,infrastructure,8
1365,_14870_,generated_control,infrastructure,5
1366,_14871_,generated_datapath,infrastructure,6
1367,_14872_,generated_control,infrastructure,8
1368,_14873_,generated_control,infrastructure,8
1369,_14874_,generated_control,infrastructure,8
1370,_14875_,generated_control,infrastructure,5
1371,_14876_,generated_datapath,infrastructure,7
1372,_14877_,generated_datapath,infrastructure,5
1373,_14878_,generated_datapath,infrastructure,6
1374,_14879_,generated_datapath,infrastructure,7
1375,_14880_,generated_datapath,infrastructure,6
1376,_14881_,generated_datapath,infrastructure,5
1377,_14882_,generated_control,infrastructure,8
1378,_14883_,generated_control,infrastructure,8
1379,_14884_,generated_control,infrastructure,8
1380,_14885_,generated_control,infrastructure,8
1381,_14886_,generated_control,infrastructure,8
1382,_14887_,generated_control,infrastructure,8
1383,_14888_,generated_control,infrastructure,5
1384,_14889_,generated_datapath,infrastructure,6
1385,_14890_,generated_control,infrastructure,8
1386,_14891_,generated_control,infrastructure,8
1387,_14892_,generated_control,infrastructure,8
1388,_14893_,generated_control,infrastructure,5
1389,_14894_,generated_datapath,infrastructure,7
1390,_14895_,generated_datapath,infrastructure,5
1391,_14896_,generated_datapath,infrastructure,6
1392,_14897_,generated_datapath,infrastructure,7
1393,_14898_,generated_datapath,infrastructure,6
1394,_14899_,generated_datapath,infrastructure,5
1395,_14900_,generated_control,infrastructure,8
1396,_14901_,generated_control,infrastructure,8
1397,_14902_,generated_control,infrastructure,8
1398,_14903_,generated_control,infrastructure,8
1399,_14904_,generated_control,infrastructure,8
1400,_14905_,generated_control,infrastructure,4
1401,_14906_,generated_control,infrastructure,8
1402,_14907_,generated_control,infrastructure,8
1403,_14908_,generated_control,infrastructure,4
1404,_14909_,generated_control,infrastructure,8
1405,_14910_,generated_control,infrastructure,4
1406,_14911_,generated_datapath,infrastructure,7
1407,_14912_,unclassified,infrastructure,6
1408,_14913_,generated_control,infrastructure,5
1409,_14914_,generated_datapath,infrastructure,5
1410,_14915_,generated_datapath,infrastructure,5
1411,_14916_,generated_datapath,infrastructure,5
1412,_14917_,generated_control,infrastructure,4
1413,_14918_,unclassified,infrastructure,6
1414,_14919_,clock_reset,control,3
1415,_14920_,generated_control,infrastructure,4
1416,_14921_,generated_datapath,infrastructure,6
1417,_14922_,generated_datapath,infrastructure,7
1418,_14923_,generated_datapath,infrastructure,7
1419,_14924_,generated_control,infrastructure,4
1420,_14925_,generated_control,infrastructure,4
1421,_14926_,generated_control,infrastructure,5
1422,_14927_,generated_control,infrastructure,4
1423,_14928_,generated_control,infrastructure,4
1424,_14929_,generated_datapath,infrastructure,6
1425,_14930_,generated_control,infrastructure,4
1426,_14931_,generated_control,infrastructure,4
1427,_14932_,generated_control,infrastructure,4
1428,_14933_,generated_control,infrastructure,4
1429,_14934_,generated_datapath,infrastructure,6
1430,_14935_,generated_datapath,infrastructure,6
1431,_14936_,generated_control,infrastructure,4
1432,_14937_,generated_control,infrastructure,4
1433,_14938_,generated_control,infrastructure,4
1434,_14939_,generated_datapath,infrastructure,5
1435,_14940_,generated_datapath,infrastructure,5
1436,_14941_,generated_control,infrastructure,4
1437,_14942_,generated_datapath,infrastructure,4
1438,_14943_,generated_control,infrastructure,5
1439,_14944_,generated_datapath,infrastructure,6
1440,_14945_,generated_datapath,infrastructure,5
1441,_14946_,generated_control,infrastructure,4
1442,_14947_,generated_control,infrastructure,4
1443,_14948_,generated_control,infrastructure,4
1444,_14949_,generated_datapath,infrastructure,5
1445,_14950_,generated_datapath,infrastructure,5
1446,_14951_,generated_control,infrastructure,4
1447,_14952_,generated_control,infrastructure,4
1448,_14953_,generated_datapath,infrastructure,6
1449,_14954_,generated_control,infrastructure,4
1450,_14955_,generated_control,infrastructure,4
1451,_14956_,generated_datapath,infrastructure,5
1452,_14957_,generated_datapath,infrastructure,5
1453,_14958_,generated_control,infrastructure,4
1454,_14959_,generated_datapath,infrastructure,5
1455,_14960_,generated_datapath,infrastructure,5
1456,_14961_,generated_control,infrastructure,4
1457,_14962_,generated_datapath,infrastructure,7
1458,_14963_,generated_datapath,infrastructure,6
1459,_14964_,generated_datapath,infrastructure,4
1460,_14965_,generated_datapath,infrastructure,5
1461,_14966_,generated_control,infrastructure,4
1462,_14967_,generated_control,infrastructure,4
1463,_14968_,generated_control,infrastructure,4
1464,_14969_,generated_control,infrastructure,4
1465,_14970_,generated_datapath,infrastructure,4
1466,_14971_,generated_datapath,infrastructure,4
1467,_14972_,generated_control,infrastructure,5
1468,_14973_,generated_datapath,infrastructure,5
1469,_14974_,generated_control,infrastructure,4
1470,_14975_,generated_control,infrastructure,4
1471,_14976_,generated_datapath,infrastructure,5
1472,_14977_,generated_datapath,infrastructure,5
1473,_14978_,generated_control,infrastructure,4
1474,_14979_,generated_control,infrastructure,4
1475,_14980_,generated_datapath,infrastructure,5
1476,_14981_,generated_control,infrastructure,5
1477,_14982_,generated_datapath,infrastructure,6
1478,_14983_,generated_control,infrastructure,4
1479,_14984_,generated_control,infrastructure,4
1480,_14985_,generated_datapath,infrastructure,4
1481,_14986_,generated_datapath,infrastructure,4
1482,_14987_,generated_datapath,infrastructure,4
1483,_14988_,generated_control,infrastructure,4
1484,_14989_,generated_control,infrastructure,4
1485,_14990_,generated_control,infrastructure,4
1486,_14991_,generated_control,infrastructure,5
1487,_14992_,generated_datapath,infrastructure,4
1488,_14993_,unclassified,infrastructure,7
1489,_14994_,generated_control,infrastructure,4
1490,_14995_,generated_control,infrastructure,4
1491,_14996_,generated_datapath,infrastructure,4
1492,_14997_,generated_datapath,infrastructure,5
1493,_14998_,generated_datapath,infrastructure,5
1494,_14999_,generated_datapath,infrastructure,5
1495,_15000_,generated_datapath,infrastructure,5
1496,_15001_,generated_control,infrastructure,4
1497,_15002_,generated_datapath,infrastructure,5
1498,_15003_,generated_control,infrastructure,5
1499,_15004_,generated_datapath,infrastructure,5
1500,_15005_,generated_datapath,infrastructure,6
1501,_15006_,generated_datapath,infrastructure,6
1502,_15007_,generated_datapath,infrastructure,5
1503,_15008_,generated_control,infrastructure,5
1504,_15009_,generated_datapath,infrastructure,5
1505,_15010_,generated_control,infrastructure,4
1506,_15011_,generated_datapath,infrastructure,6
1507,_15012_,generated_datapath,infrastructure,4
1508,_15013_,clock_reset,control,3
1509,_15014_,generated_control,infrastructure,4
1510,_15015_,generated_control,infrastructure,4
1511,_15016_,generated_control,infrastructure,4
1512,_15017_,generated_control,infrastructure,4
1513,_15018_,generated_control,infrastructure,4
1514,_15019_,generated_datapath,infrastructure,4
1515,_15020_,generated_control,infrastructure,5
1516,_15021_,generated_control,infrastructure,5
1517,_15022_,generated_datapath,infrastructure,5
1518,_15023_,generated_control,infrastructure,4
1519,_15024_,generated_control,infrastructure,4
1520,_15025_,generated_datapath,infrastructure,5
1521,_15026_,generated_datapath,infrastructure,5
1522,_15027_,generated_control,infrastructure,5
1523,_15028_,generated_control,infrastructure,4
1524,_15029_,generated_datapath,infrastructure,5
1525,_15030_,generated_datapath,infrastructure,6
1526,_15031_,generated_datapath,infrastructure,4
1527,_15032_,generated_datapath,infrastructure,4
1528,_15033_,generated_datapath,infrastructure,5
1529,_15034_,generated_control,infrastructure,4
1530,_15035_,generated_datapath,infrastructure,4
1531,_15036_,generated_control,infrastructure,4
1532,_15037_,generated_control,infrastructure,5
1533,_15038_,generated_control,infrastructure,5
1534,_15039_,generated_datapath,infrastructure,5
1535,_15040_,generated_control,infrastructure,4
1536,_15041_,generated_datapath,infrastructure,4
1537,_15042_,generated_datapath,infrastructure,4
1538,_15043_,generated_datapath,infrastructure,5
1539,_15044_,generated_control,infrastructure,4
1540,_15045_,generated_control,infrastructure,4
1541,_15046_,generated_control,infrastructure,4
1542,_15047_,generated_datapath,infrastructure,5
1543,_15048_,generated_datapath,infrastructure,5
1544,_15049_,generated_datapath,infrastructure,4
1545,_15050_,generated_datapath,infrastructure,4
1546,_15051_,generated_datapath,infrastructure,4
1547,_15052_,generated_datapath,infrastructure,4
1548,_15053_,generated_datapath,infrastructure,5
1549,_15054_,generated_datapath,infrastructure,4
1550,_15055_,generated_datapath,infrastructure,5
1551,_15056_,generated_datapath,infrastructure,5
1552,_15057_,generated_control,infrastructure,4
1553,_15058_,generated_control,infrastructure,4
1554,_15059_,generated_control,infrastructure,5
1555,_15060_,generated_datapath,infrastructure,5
1556,_15061_,generated_datapath,infrastructure,7
1557,_15062_,generated_datapath,infrastructure,5
1558,_15063_,generated_datapath,infrastructure,5
1559,_15064_,generated_datapath,infrastructure,5
1560,_15065_,generated_datapath,infrastructure,5
1561,_15066_,unclassified,infrastructure,6
1562,_15067_,generated_datapath,infrastructure,6
1563,_15068_,generated_control,infrastructure,4
1564,_15069_,generated_datapath,infrastructure,4
1565,_15070_,generated_datapath,infrastructure,5
1566,_15071_,generated_datapath,infrastructure,5
1567,_15072_,generated_datapath,infrastructure,5
1568,_15073_,generated_datapath,infrastructure,5
1569,_15074_,generated_datapath,infrastructure,5
1570,_15075_,generated_control,infrastructure,5
1571,_15076_,generated_control,infrastructure,4
1572,_15077_,generated_datapath,infrastructure,5
1573,_15078_,generated_datapath,infrastructure,6
1574,_15079_,generated_datapath,infrastructure,5
1575,_15080_,generated_datapath,infrastructure,5
1576,_15081_,generated_datapath,infrastructure,5
1577,_15082_,generated_datapath,infrastructure,4
1578,_15083_,generated_datapath,infrastructure,4
1579,_15084_,generated_datapath,infrastructure,4
1580,_15085_,generated_datapath,infrastructure,4
1581,_15086_,generated_control,infrastructure,4
1582,_15087_,generated_datapath,infrastructure,4
1583,_15088_,generated_datapath,infrastructure,5
1584,_15089_,generated_datapath,infrastructure,5
1585,_15090_,generated_datapath,infrastructure,5
1586,_15091_,generated_datapath,infrastructure,4
1587,_15092_,generated_datapath,infrastructure,4
1588,_15093_,generated_datapath,infrastructure,5
1589,_15094_,generated_datapath,infrastructure,5
1590,_15095_,generated_control,infrastructure,4
1591,_15096_,generated_control,infrastructure,4
1592,_15097_,generated_control,infrastructure,4
1593,_15098_,generated_control,infrastructure,4
1594,_15099_,generated_datapath,infrastructure,5
1595,_15100_,generated_control,infrastructure,4
1596,_15101_,generated_control,infrastructure,5
1597,_15102_,generated_datapath,infrastructure,5
1598,_15103_,generated_datapath,infrastructure,6
1599,_15104_,unclassified,infrastructure,7
1600,_15105_,generated_datapath,infrastructure,4
1601,_15106_,generated_datapath,infrastructure,5
1602,_15107_,generated_datapath,infrastructure,5
1603,_15108_,generated_datapath,infrastructure,5
1604,_15109_,generated_datapath,infrastructure,5
1605,_15110_,generated_datapath,infrastructure,5
1606,_15111_,generated_control,infrastructure,5
1607,_15112_,generated_datapath,infrastructure,6
1608,_15113_,generated_datapath,infrastructure,6
1609,_15114_,generated_datapath,infrastructure,5
1610,_15115_,generated_datapath,infrastructure,5
1611,_15116_,generated_datapath,infrastructure,5
1612,_15117_,generated_datapath,infrastructure,5
1613,_15118_,generated_datapath,infrastructure,5
1614,_15119_,clock_reset,control,3
1615,_15120_,generated_control,infrastructure,4
1616,_15121_,generated_datapath,infrastructure,4
1617,_15122_,generated_datapath,infrastructure,5
1618,_15123_,generated_control,infrastructure,4
1619,_15124_,generated_datapath,infrastructure,5
1620,_15125_,generated_datapath,infrastructure,4
1621,_15126_,generated_datapath,infrastructure,4
1622,_15127_,generated_control,infrastructure,5
1623,_15128_,generated_datapath,infrastructure,6
1624,_15129_,generated_datapath,infrastructure,5
1625,_15130_,generated_control,infrastructure,4
1626,_15131_,generated_datapath,infrastructure,5
1627,_15132_,unclassified,infrastructure,7
1628,_15133_,generated_control,infrastructure,4
1629,_15134_,generated_datapath,infrastructure,5
1630,_15135_,generated_datapath,infrastructure,4
1631,_15136_,generated_datapath,infrastructure,5
1632,_15137_,generated_datapath,infrastructure,6
1633,_15138_,generated_datapath,infrastructure,6
1634,_15139_,generated_datapath,infrastructure,5
1635,_15140_,generated_datapath,infrastructure,5
1636,_15141_,generated_datapath,infrastructure,5
1637,_15142_,generated_datapath,infrastructure,5
1638,_15143_,generated_datapath,infrastructure,5
1639,_15144_,generated_control,infrastructure,6
1640,_15145_,generated_datapath,infrastructure,6
1641,_15146_,generated_datapath,infrastructure,6
1642,_15147_,generated_control,infrastructure,4
1643,_15148_,generated_datapath,infrastructure,5
1644,_15149_,generated_datapath,infrastructure,6
1645,_15150_,generated_datapath,infrastructure,5
1646,_15151_,generated_datapath,infrastructure,4
1647,_15152_,generated_datapath,infrastructure,4
1648,_15153_,generated_datapath,infrastructure,4
1649,_15154_,generated_datapath,infrastructure,5
1650,_15155_,generated_datapath,infrastructure,5
1651,_15156_,generated_datapath,infrastructure,5
1652,_15157_,generated_datapath,infrastructure,5
1653,_15158_,generated_datapath,infrastructure,5
1654,_15159_,generated_control,infrastructure,5
1655,_15160_,generated_control,infrastructure,4
1656,_15161_,generated_datapath,infrastructure,5
1657,_15162_,generated_datapath,infrastructure,6
1658,_15163_,generated_datapath,infrastructure,5
1659,_15164_,generated_datapath,infrastructure,5
1660,_15165_,generated_datapath,infrastructure,5
1661,_15166_,generated_datapath,infrastructure,5
1662,_15167_,generated_datapath,infrastructure,5
1663,_15168_,clock_reset,control,3
1664,_15169_,generated_control,infrastructure,4
1665,_15170_,generated_datapath,infrastructure,4
1666,_15171_,generated_datapath,infrastructure,4
1667,_15172_,generated_datapath,infrastructure,4
1668,_15173_,generated_control,infrastructure,5
1669,_15174_,generated_datapath,infrastructure,4
1670,_15175_,generated_datapath,infrastructure,4
1671,_15176_,generated_control,infrastructure,4
1672,_15177_,generated_datapath,infrastructure,4
1673,_15178_,generated_control,infrastructure,4
1674,_15179_,generated_datapath,infrastructure,4
1675,_15180_,generated_datapath,infrastructure,5
1676,_15181_,generated_datapath,infrastructure,5
1677,_15182_,generated_datapath,infrastructure,5
1678,_15183_,generated_control,infrastructure,5
1679,_15184_,generated_datapath,infrastructure,6
1680,_15185_,generated_datapath,infrastructure,6
1681,_15186_,generated_datapath,infrastructure,5
1682,_15187_,generated_datapath,infrastructure,5
1683,_15188_,generated_datapath,infrastructure,5
1684,_15189_,generated_datapath,infrastructure,5
1685,_15190_,generated_datapath,infrastructure,5
1686,_15191_,generated_control,infrastructure,4
1687,_15192_,generated_datapath,infrastructure,4
1688,_15193_,generated_control,infrastructure,4
1689,_15194_,generated_datapath,infrastructure,4
1690,_15195_,generated_datapath,infrastructure,4
1691,_15196_,generated_datapath,infrastructure,5
1692,_15197_,generated_datapath,infrastructure,5
1693,_15198_,generated_datapath,infrastructure,5
1694,_15199_,generated_datapath,infrastructure,6
1695,_15200_,generated_datapath,infrastructure,5
1696,_15201_,generated_datapath,infrastructure,5
1697,_15202_,generated_datapath,infrastructure,5
1698,_15203_,generated_datapath,infrastructure,5
1699,_15204_,generated_datapath,infrastructure,5
1700,_15205_,generated_datapath,infrastructure,5
1701,_15206_,generated_control,infrastructure,4
1702,_15207_,generated_datapath,infrastructure,4
1703,_15208_,generated_datapath,infrastructure,4
1704,_15209_,generated_control,infrastructure,4
1705,_15210_,generated_datapath,infrastructure,4
1706,_15211_,generated_datapath,infrastructure,5
1707,_15212_,generated_control,infrastructure,4
1708,_15213_,generated_control,infrastructure,4
1709,_15214_,generated_control,infrastructure,4
1710,_15215_,generated_control,infrastructure,4
1711,_15216_,generated_control,infrastructure,4
1712,_15217_,generated_datapath,infrastructure,4
1713,_15218_,generated_control,infrastructure,4
1714,_15219_,generated_datapath,infrastructure,4
1715,_15220_,generated_datapath,infrastructure,5
1716,_15221_,generated_datapath,infrastructure,4
1717,_15222_,generated_datapath,infrastructure,4
1718,_15223_,generated_datapath,infrastructure,5
1719,_15224_,generated_datapath,infrastructure,5
1720,_15225_,generated_datapath,infrastructure,5
1721,_15226_,generated_control,infrastructure,5
1722,_15227_,generated_control,infrastructure,4
1723,_15228_,generated_datapath,infrastructure,5
1724,_15229_,generated_datapath,infrastructure,6
1725,_15230_,generated_datapath,infrastructure,4
1726,_15231_,generated_datapath,infrastructure,4
1727,_15232_,generated_datapath,infrastructure,5
1728,_15233_,generated_datapath,infrastructure,5
1729,_15234_,generated_datapath,infrastructure,4
1730,_15235_,generated_datapath,infrastructure,4
1731,_15236_,generated_datapath,infrastructure,5
1732,_15237_,clock_reset,control,3
1733,_15238_,generated_control,infrastructure,4
1734,_15239_,generated_datapath,infrastructure,4
1735,_15240_,generated_datapath,infrastructure,4
1736,_15241_,generated_datapath,infrastructure,4
1737,_15242_,generated_datapath,infrastructure,5
1738,_15243_,generated_control,infrastructure,4
1739,_15244_,generated_control,infrastructure,4
1740,_15245_,generated_control,infrastructure,4
1741,_15246_,generated_control,infrastructure,4
1742,_15247_,generated_control,infrastructure,4
1743,_15248_,generated_datapath,infrastructure,4
1744,_15249_,generated_datapath,infrastructure,5
1745,_15250_,generated_datapath,infrastructure,5
1746,_15251_,generated_datapath,infrastructure,5
1747,_15252_,generated_datapath,infrastructure,5
1748,_15253_,generated_datapath,infrastructure,6
1749,_15254_,generated_datapath,infrastructure,5
1750,_15255_,generated_datapath,infrastructure,5
1751,_15256_,generated_datapath,infrastructure,5
1752,_15257_,generated_datapath,infrastructure,5
1753,_15258_,generated_datapath,infrastructure,5
1754,_15259_,generated_datapath,infrastructure,5
1755,_15260_,generated_datapath,infrastructure,5
1756,_15261_,generated_control,infrastructure,5
1757,_15262_,generated_datapath,infrastructure,4
1758,_15263_,generated_control,infrastructure,4
1759,_15264_,generated_control,infrastructure,4
1760,_15265_,generated_control,infrastructure,4
1761,_15266_,generated_datapath,infrastructure,4
1762,_15267_,generated_datapath,infrastructure,4
1763,_15268_,generated_datapath,infrastructure,5
1764,_15269_,generated_datapath,infrastructure,4
1765,_15270_,generated_datapath,infrastructure,4
1766,_15271_,generated_datapath,infrastructure,5
1767,_15272_,generated_control,infrastructure,4
1768,_15273_,generated_datapath,infrastructure,5
1769,_15274_,generated_control,infrastructure,5
1770,_15275_,generated_control,infrastructure,4
1771,_15276_,generated_datapath,infrastructure,5
1772,_15277_,generated_datapath,infrastructure,6
1773,_15278_,generated_datapath,infrastructure,4
1774,_15279_,generated_datapath,infrastructure,4
1775,_15280_,generated_datapath,infrastructure,5
1776,_15281_,generated_datapath,infrastructure,5
1777,_15282_,generated_datapath,infrastructure,4
1778,_15283_,generated_datapath,infrastructure,4
1779,_15284_,generated_datapath,infrastructure,5
1780,_15285_,generated_control,infrastructure,4
1781,_15286_,generated_datapath,infrastructure,4
1782,_15287_,generated_datapath,infrastructure,4
1783,_15288_,generated_datapath,infrastructure,4
1784,_15289_,generated_datapath,infrastructure,6
1785,_15290_,generated_datapath,infrastructure,6
1786,_15291_,generated_datapath,infrastructure,4
1787,_15292_,generated_datapath,infrastructure,5
1788,_15293_,generated_datapath,infrastructure,5
1789,_15294_,generated_control,infrastructure,4
1790,_15295_,generated_datapath,infrastructure,5
1791,_15296_,generated_control,infrastructure,5
1792,_15297_,generated_datapath,infrastructure,7
1793,_15298_,generated_control,infrastructure,4
1794,_15299_,generated_datapath,infrastructure,6
1795,_15300_,generated_datapath,infrastructure,5
1796,_15301_,generated_datapath,infrastructure,5
1797,_15302_,generated_datapath,infrastructure,5
1798,_15303_,generated_datapath,infrastructure,6
1799,_15304_,generated_datapath,infrastructure,5
1800,_15305_,generated_datapath,infrastructure,5
1801,_15306_,generated_datapath,infrastructure,5
1802,_15307_,generated_datapath,infrastructure,5
1803,_15308_,generated_datapath,infrastructure,5
1804,_15309_,generated_datapath,infrastructure,5
1805,_15310_,generated_datapath,infrastructure,5
1806,_15311_,generated_datapath,infrastructure,4
1807,_15312_,clock_reset,control,3
1808,_15313_,generated_control,infrastructure,4
1809,_15314_,generated_datapath,infrastructure,4
1810,_15315_,generated_control,infrastructure,4
1811,_15316_,generated_control,infrastructure,4
1812,_15317_,generated_control,infrastructure,4
1813,_15318_,generated_datapath,infrastructure,4
1814,_15319_,generated_datapath,infrastructure,5
1815,_15320_,generated_datapath,infrastructure,5
1816,_15321_,generated_datapath,infrastructure,4
1817,_15322_,generated_datapath,infrastructure,4
1818,_15323_,generated_datapath,infrastructure,5
1819,_15324_,generated_datapath,infrastructure,5
1820,_15325_,generated_datapath,infrastructure,5
1821,_15326_,generated_datapath,infrastructure,5
1822,_15327_,generated_control,infrastructure,4
1823,_15328_,generated_datapath,infrastructure,5
1824,_15329_,clock_reset,control,3
1825,_15330_,generated_control,infrastructure,4
1826,_15331_,generated_datapath,infrastructure,4
1827,_15332_,generated_datapath,infrastructure,6
1828,_15333_,generated_control,infrastructure,4
1829,_15334_,generated_control,infrastructure,4
1830,_15335_,generated_datapath,infrastructure,4
1831,_15336_,generated_control,infrastructure,6
1832,_15337_,generated_datapath,infrastructure,5
1833,_15338_,generated_datapath,infrastructure,5
1834,_15339_,generated_datapath,infrastructure,6
1835,_15340_,generated_datapath,infrastructure,5
1836,_15341_,generated_datapath,infrastructure,4
1837,_15342_,generated_datapath,infrastructure,4
1838,_15343_,generated_datapath,infrastructure,5
1839,_15344_,generated_datapath,infrastructure,5
1840,_15345_,generated_datapath,infrastructure,5
1841,_15346_,generated_datapath,infrastructure,5
1842,_15347_,generated_datapath,infrastructure,4
1843,_15348_,generated_datapath,infrastructure,4
1844,_15349_,generated_datapath,infrastructure,5
1845,_15350_,generated_datapath,infrastructure,4
1846,_15351_,generated_datapath,infrastructure,4
1847,_15352_,generated_control,infrastructure,4
1848,_15353_,generated_datapath,infrastructure,4
1849,_15354_,generated_control,infrastructure,4
1850,_15355_,generated_datapath,infrastructure,5
1851,_15356_,generated_datapath,infrastructure,5
1852,_15357_,generated_datapath,infrastructure,5
1853,_15358_,generated_control,infrastructure,5
1854,_15359_,generated_control,infrastructure,4
1855,_15360_,generated_datapath,infrastructure,5
1856,_15361_,generated_datapath,infrastructure,6
1857,_15362_,generated_datapath,infrastructure,5
1858,_15363_,generated_datapath,infrastructure,5
1859,_15364_,generated_datapath,infrastructure,5
1860,_15365_,generated_datapath,infrastructure,4
1861,_15366_,generated_datapath,infrastructure,4
1862,_15367_,generated_datapath,infrastructure,5
1863,_15368_,generated_control,infrastructure,4
1864,_15369_,generated_datapath,infrastructure,4
1865,_15370_,generated_datapath,infrastructure,4
1866,_15371_,generated_datapath,infrastructure,4
1867,_15372_,generated_datapath,infrastructure,4
1868,_15373_,generated_datapath,infrastructure,4
1869,_15374_,generated_datapath,infrastructure,5
1870,_15375_,generated_datapath,infrastructure,5
1871,_15376_,generated_datapath,infrastructure,4
1872,_15377_,generated_datapath,infrastructure,4
1873,_15378_,generated_datapath,infrastructure,5
1874,_15379_,generated_datapath,infrastructure,5
1875,_15380_,generated_datapath,infrastructure,5
1876,_15381_,generated_datapath,infrastructure,6
1877,_15382_,generated_datapath,infrastructure,5
1878,_15383_,generated_datapath,infrastructure,5
1879,_15384_,generated_datapath,infrastructure,5
1880,_15385_,generated_datapath,infrastructure,5
1881,_15386_,generated_datapath,infrastructure,5
1882,_15387_,generated_datapath,infrastructure,5
1883,_15388_,generated_datapath,infrastructure,5
1884,_15389_,clock_reset,control,3
1885,_15390_,generated_datapath,infrastructure,4
1886,_15391_,generated_datapath,infrastructure,4
1887,_15392_,generated_datapath,infrastructure,5
1888,_15393_,generated_datapath,infrastructure,5
1889,_15394_,generated_datapath,infrastructure,5
1890,_15395_,generated_datapath,infrastructure,5
1891,_15396_,generated_datapath,infrastructure,5
1892,_15397_,generated_control,infrastructure,4
1893,_15398_,generated_datapath,infrastructure,4
1894,_15399_,generated_datapath,infrastructure,6
1895,_15400_,generated_control,infrastructure,4
1896,_15401_,generated_control,infrastructure,4
1897,_15402_,generated_datapath,infrastructure,4
1898,_15403_,generated_control,infrastructure,4
1899,_15404_,generated_datapath,infrastructure,4
1900,_15405_,generated_datapath,infrastructure,4
1901,_15406_,generated_datapath,infrastructure,4
1902,_15407_,generated_control,infrastructure,4
1903,_15408_,generated_control,infrastructure,4
1904,_15409_,generated_datapath,infrastructure,5
1905,_15410_,generated_datapath,infrastructure,5
1906,_15411_,generated_datapath,infrastructure,5
1907,_15412_,generated_datapath,infrastructure,5
1908,_15413_,generated_control,infrastructure,5
1909,_15414_,generated_datapath,infrastructure,5
1910,_15415_,generated_control,infrastructure,4
1911,_15416_,generated_datapath,infrastructure,5
1912,_15417_,generated_datapath,infrastructure,6
1913,_15418_,generated_datapath,infrastructure,5
1914,_15419_,generated_datapath,infrastructure,5
1915,_15420_,generated_datapath,infrastructure,5
1916,_15421_,generated_datapath,infrastructure,5
1917,_15422_,generated_datapath,infrastructure,5
1918,_15423_,generated_control,infrastructure,4
1919,_15424_,generated_datapath,infrastructure,4
1920,_15425_,clock_reset,control,3
1921,_15426_,generated_datapath,infrastructure,4
1922,_15427_,generated_datapath,infrastructure,4
1923,_15428_,generated_datapath,infrastructure,4
1924,_15429_,generated_datapath,infrastructure,4
1925,_15430_,generated_datapath,infrastructure,5
1926,_15431_,generated_control,infrastructure,4
1927,_15432_,generated_control,infrastructure,4
1928,_15433_,generated_datapath,infrastructure,5
1929,_15434_,generated_datapath,infrastructure,4
1930,_15435_,generated_datapath,infrastructure,4
1931,_15436_,generated_datapath,infrastructure,5
1932,_15437_,generated_datapath,infrastructure,5
1933,_15438_,generated_datapath,infrastructure,5
1934,_15439_,generated_datapath,infrastructure,5
1935,_15440_,generated_control,infrastructure,4
1936,_15441_,generated_datapath,infrastructure,5
1937,_15442_,generated_control,infrastructure,5
1938,_15443_,generated_control,infrastructure,4
1939,_15444_,generated_datapath,infrastructure,5
1940,_15445_,generated_datapath,infrastructure,6
1941,_15446_,generated_datapath,infrastructure,5
1942,_15447_,generated_datapath,infrastructure,5
1943,_15448_,generated_datapath,infrastructure,5
1944,_15449_,generated_datapath,infrastructure,5
1945,_15450_,generated_datapath,infrastructure,5
1946,_15451_,generated_control,infrastructure,4
1947,_15452_,generated_datapath,infrastructure,4
1948,_15453_,generated_datapath,infrastructure,4
1949,_15454_,generated_datapath,infrastructure,4
1950,_15455_,generated_datapath,infrastructure,5
1951,_15456_,generated_datapath,infrastructure,5
1952,_15457_,generated_datapath,infrastructure,5
1953,_15458_,generated_datapath,infrastructure,6
1954,_15459_,generated_datapath,infrastructure,5
1955,_15460_,generated_datapath,infrastructure,5
1956,_15461_,generated_datapath,infrastructure,5
1957,_15462_,generated_datapath,infrastructure,5
1958,_15463_,generated_datapath,infrastructure,5
1959,_15464_,generated_datapath,infrastructure,5
1960,_15465_,generated_datapath,infrastructure,4
1961,_15466_,generated_datapath,infrastructure,4
1962,_15467_,generated_datapath,infrastructure,5
1963,_15468_,generated_datapath,infrastructure,6
1964,_15469_,generated_control,infrastructure,4
1965,_15470_,generated_datapath,infrastructure,5
1966,_15471_,generated_datapath,infrastructure,5
1967,_15472_,generated_datapath,infrastructure,4
1968,_15473_,generated_datapath,infrastructure,4
1969,_15474_,generated_control,infrastructure,4
1970,_15475_,generated_control,infrastructure,5
1971,_15476_,generated_datapath,infrastructure,5
1972,_15477_,generated_datapath,infrastructure,5
1973,_15478_,generated_datapath,infrastructure,5
1974,_15479_,generated_datapath,infrastructure,5
1975,_15480_,generated_datapath,infrastructure,5
1976,_15481_,generated_datapath,infrastructure,5
1977,_15482_,generated_control,infrastructure,4
1978,_15483_,generated_datapath,infrastructure,4
1979,_15484_,generated_datapath,infrastructure,4
1980,_15485_,generated_datapath,infrastructure,4
1981,_15486_,generated_control,infrastructure,4
1982,_15487_,generated_control,infrastructure,4
1983,_15488_,generated_datapath,infrastructure,4
1984,_15489_,generated_datapath,infrastructure,4
1985,_15490_,generated_datapath,infrastructure,5
1986,_15491_,generated_datapath,infrastructure,5
1987,_15492_,generated_datapath,infrastructure,5
1988,_15493_,generated_datapath,infrastructure,4
1989,_15494_,generated_datapath,infrastructure,4
1990,_15495_,generated_datapath,infrastructure,5
1991,_15496_,generated_datapath,infrastructure,5
1992,_15497_,generated_datapath,infrastructure,6
1993,_15498_,generated_datapath,infrastructure,5
1994,_15499_,generated_datapath,infrastructure,5
1995,_15500_,generated_datapath,infrastructure,5
1996,_15501_,generated_datapath,infrastructure,5
1997,_15502_,generated_datapath,infrastructure,5
1998,_15503_,generated_datapath,infrastructure,5
1999,_15504_,generated_control,infrastructure,4
2000,_15505_,generated_control,infrastructure,4
2001,_15506_,generated_datapath,infrastructure,5
2002,_15507_,generated_datapath,infrastructure,5
2003,_15508_,generated_datapath,infrastructure,5
2004,_15509_,generated_datapath,infrastructure,5
2005,_15510_,generated_datapath,infrastructure,5
2006,_15511_,generated_datapath,infrastructure,5
2007,_15512_,generated_datapath,infrastructure,5
2008,_15513_,generated_datapath,infrastructure,5
2009,_15514_,generated_datapath,infrastructure,4
2010,_15515_,generated_datapath,infrastructure,4
2011,_15516_,generated_datapath,infrastructure,5
2012,_15517_,generated_datapath,infrastructure,4
2013,_15518_,generated_datapath,infrastructure,4
2014,_15519_,generated_datapath,infrastructure,6
2015,_15520_,generated_datapath,infrastructure,6
2016,_15521_,generated_control,infrastructure,4
2017,_15522_,generated_datapath,infrastructure,5
2018,_15523_,generated_datapath,infrastructure,5
2019,_15524_,generated_datapath,infrastructure,5
2020,_15525_,clock_reset,control,3
2021,_15526_,generated_datapath,infrastructure,5
2022,_15527_,generated_datapath,infrastructure,4
2023,_15528_,generated_control,infrastructure,4
2024,_15529_,generated_datapath,infrastructure,5
2025,_15530_,generated_datapath,infrastructure,4
2026,_15531_,generated_datapath,infrastructure,4
2027,_15532_,clock_reset,control,3
2028,_15533_,generated_datapath,infrastructure,5
2029,_15534_,generated_datapath,infrastructure,5
2030,_15535_,generated_datapath,infrastructure,5
2031,_15536_,generated_datapath,infrastructure,5
2032,_15537_,generated_datapath,infrastructure,5
2033,_15538_,generated_datapath,infrastructure,5
2034,_15539_,generated_control,infrastructure,4
2035,_15540_,generated_control,infrastructure,4
2036,_15541_,generated_datapath,infrastructure,5
2037,_15542_,generated_control,infrastructure,5
2038,_15543_,generated_datapath,infrastructure,5
2039,_15544_,generated_control,infrastructure,4
2040,_15545_,generated_datapath,infrastructure,5
2041,_15546_,generated_datapath,infrastructure,6
2042,_15547_,generated_datapath,infrastructure,5
2043,_15548_,generated_datapath,infrastructure,5
2044,_15549_,generated_datapath,infrastructure,5
2045,_15550_,generated_datapath,infrastructure,5
2046,_15551_,generated_datapath,infrastructure,5
2047,_15552_,generated_control,infrastructure,4
2048,_15553_,generated_datapath,infrastructure,4
2049,_15554_,generated_datapath,infrastructure,4
2050,_15555_,generated_datapath,infrastructure,4
2051,_15556_,clock_reset,control,3
2052,_15557_,generated_datapath,infrastructure,5
2053,_15558_,generated_datapath,infrastructure,4
2054,_15559_,generated_datapath,infrastructure,4
2055,_15560_,generated_datapath,infrastructure,5
2056,_15561_,generated_datapath,infrastructure,5
2057,_15562_,generated_datapath,infrastructure,4
2058,_15563_,generated_datapath,infrastructure,4
2059,_15564_,generated_control,infrastructure,4
2060,_15565_,generated_control,infrastructure,4
2061,_15566_,generated_datapath,infrastructure,5
2062,_15567_,generated_datapath,infrastructure,6
2063,_15568_,generated_datapath,infrastructure,5
2064,_15569_,generated_control,infrastructure,4
2065,_15570_,generated_control,infrastructure,5
2066,_15571_,generated_datapath,infrastructure,5
2067,_15572_,generated_datapath,infrastructure,6
2068,_15573_,unclassified,infrastructure,7
2069,_15574_,generated_control,infrastructure,4
2070,_15575_,generated_datapath,infrastructure,5
2071,_15576_,generated_control,infrastructure,4
2072,_15577_,generated_datapath,infrastructure,5
2073,_15578_,generated_datapath,infrastructure,5
2074,_15579_,generated_datapath,infrastructure,5
2075,_15580_,generated_datapath,infrastructure,5
2076,_15581_,generated_datapath,infrastructure,4
2077,_15582_,generated_datapath,infrastructure,4
2078,_15583_,generated_datapath,infrastructure,5
2079,_15584_,generated_datapath,infrastructure,5
2080,_15585_,generated_datapath,infrastructure,4
2081,_15586_,generated_datapath,infrastructure,4
2082,_15587_,generated_datapath,infrastructure,4
2083,_15588_,generated_datapath,infrastructure,4
2084,_15589_,generated_control,infrastructure,4
2085,_15590_,generated_control,infrastructure,4
2086,_15591_,generated_datapath,infrastructure,5
2087,_15592_,generated_datapath,infrastructure,5
2088,_15593_,generated_datapath,infrastructure,5
2089,_15594_,generated_datapath,infrastructure,5
2090,_15595_,generated_datapath,infrastructure,6
2091,_15596_,generated_datapath,infrastructure,4
2092,_15597_,generated_datapath,infrastructure,4
2093,_15598_,generated_datapath,infrastructure,5
2094,_15599_,generated_datapath,infrastructure,5
2095,_15600_,generated_datapath,infrastructure,5
2096,_15601_,generated_datapath,infrastructure,5
2097,_15602_,generated_datapath,infrastructure,4
2098,_15603_,generated_datapath,infrastructure,4
2099,_15604_,generated_datapath,infrastructure,5
2100,_15605_,generated_datapath,infrastructure,4
2101,_15606_,generated_control,infrastructure,4
2102,_15607_,generated_control,infrastructure,4
2103,_15608_,generated_datapath,infrastructure,4
2104,_15609_,generated_datapath,infrastructure,5
2105,_15610_,generated_datapath,infrastructure,5
2106,_15611_,generated_datapath,infrastructure,5
2107,_15612_,generated_datapath,infrastructure,5
2108,_15613_,generated_control,infrastructure,4
2109,_15614_,generated_control,infrastructure,4
2110,_15615_,generated_datapath,infrastructure,5
2111,_15616_,generated_control,infrastructure,5
2112,_15617_,generated_datapath,infrastructure,6
2113,_15618_,generated_datapath,infrastructure,6
2114,_15619_,generated_datapath,infrastructure,5
2115,_15620_,generated_datapath,infrastructure,5
2116,_15621_,generated_datapath,infrastructure,5
2117,_15622_,generated_datapath,infrastructure,5
2118,_15623_,generated_datapath,infrastructure,5
2119,_15624_,generated_control,infrastructure,4
2120,_15625_,generated_datapath,infrastructure,4
2121,_15626_,generated_datapath,infrastructure,5
2122,_15627_,clock_reset,control,3
2123,_15628_,generated_datapath,infrastructure,5
2124,_15629_,generated_control,infrastructure,4
2125,_15630_,generated_control,infrastructure,4
2126,_15631_,generated_control,infrastructure,4
2127,_15632_,generated_datapath,infrastructure,4
2128,_15633_,generated_control,infrastructure,4
2129,_15634_,clock_reset,control,3
2130,_15635_,generated_control,infrastructure,4
2131,_15636_,generated_datapath,infrastructure,5
2132,_15637_,generated_datapath,infrastructure,5
2133,_15638_,generated_datapath,infrastructure,4
2134,_15639_,generated_datapath,infrastructure,4
2135,_15640_,generated_datapath,infrastructure,5
2136,_15641_,generated_datapath,infrastructure,5
2137,_15642_,generated_datapath,infrastructure,5
2138,_15643_,generated_datapath,infrastructure,4
2139,_15644_,generated_datapath,infrastructure,4
2140,_15645_,generated_datapath,infrastructure,5
2141,_15646_,generated_control,infrastructure,4
2142,_15647_,generated_control,infrastructure,4
2143,_15648_,generated_datapath,infrastructure,7
2144,_15649_,generated_control,infrastructure,4
2145,_15650_,generated_control,infrastructure,4
2146,_15651_,generated_control,infrastructure,5
2147,_15652_,generated_control,infrastructure,6
2148,_15653_,generated_control,infrastructure,6
2149,_15654_,generated_control,infrastructure,5
2150,_15655_,generated_datapath,infrastructure,4
2151,_15656_,generated_control,infrastructure,5
2152,_15657_,generated_datapath,infrastructure,5
2153,_15658_,generated_control,infrastructure,4
2154,_15659_,generated_control,infrastructure,4
2155,_15660_,generated_control,infrastructure,4
2156,_15661_,generated_control,infrastructure,4
2157,_15662_,clock_reset,control,3
2158,_15663_,generated_datapath,infrastructure,5
2159,_15664_,unclassified,infrastructure,6
2160,_15665_,generated_datapath,infrastructure,6
2161,_15666_,generated_datapath,infrastructure,4
2162,_15667_,generated_control,infrastructure,4
2163,_15668_,generated_datapath,infrastructure,4
2164,_15669_,generated_control,infrastructure,4
2165,_15670_,clock_reset,control,3
2166,_15671_,generated_datapath,infrastructure,5
2167,_15672_,generated_datapath,infrastructure,5
2168,_15673_,generated_datapath,infrastructure,5
2169,_15674_,generated_datapath,infrastructure,5
2170,_15675_,generated_datapath,infrastructure,4
2171,_15676_,generated_datapath,infrastructure,4
2172,_15677_,generated_datapath,infrastructure,5
2173,_15678_,clock_reset,control,3
2174,_15679_,generated_datapath,infrastructure,5
2175,_15680_,clock_reset,control,3
2176,_15681_,generated_datapath,infrastructure,4
2177,_15682_,generated_datapath,infrastructure,4
2178,_15683_,generated_control,infrastructure,4
2179,_15684_,generated_datapath,infrastructure,4
2180,_15685_,clock_reset,control,3
2181,_15686_,generated_datapath,infrastructure,5
2182,_15687_,clock_reset,control,3
2183,_15688_,generated_datapath,infrastructure,5
2184,_15689_,generated_datapath,infrastructure,5
2185,_15690_,generated_datapath,infrastructure,6
2186,_15691_,generated_datapath,infrastructure,4
2187,_15692_,generated_datapath,infrastructure,4
2188,_15693_,generated_datapath,infrastructure,5
2189,_15694_,generated_control,infrastructure,4
2190,_15695_,generated_datapath,infrastructure,5
2191,_15696_,clock_reset,control,3
2192,_15697_,generated_datapath,infrastructure,5
2193,_15698_,generated_datapath,infrastructure,4
2194,_15699_,generated_datapath,infrastructure,4
2195,_15700_,clock_reset,control,3
2196,_15701_,generated_datapath,infrastructure,5
2197,_15702_,generated_datapath,infrastructure,5
2198,_15703_,generated_control,infrastructure,4
2199,_15704_,generated_control,infrastructure,4
2200,_15705_,generated_datapath,infrastructure,5
2201,_15706_,generated_datapath,infrastructure,5
2202,_15707_,generated_control,infrastructure,4
2203,_15708_,generated_control,infrastructure,4
2204,_15709_,generated_datapath,infrastructure,4
2205,_15710_,generated_datapath,infrastructure,4
2206,_15711_,generated_datapath,infrastructure,5
2207,_15712_,generated_datapath,infrastructure,5
2208,_15713_,generated_control,infrastructure,5
2209,_15714_,generated_control,infrastructure,4
2210,_15715_,generated_control,infrastructure,5
2211,_15716_,generated_datapath,infrastructure,6
2212,_15717_,generated_datapath,infrastructure,6
2213,_15718_,generated_datapath,infrastructure,4
2214,_15719_,generated_control,infrastructure,4
2215,_15720_,generated_control,infrastructure,5
2216,_15721_,generated_control,infrastructure,4
2217,_15722_,generated_control,infrastructure,4
2218,_15723_,generated_datapath,infrastructure,5
2219,_15724_,generated_control,infrastructure,4
2220,_15725_,generated_datapath,infrastructure,6
2221,_15726_,generated_control,infrastructure,4
2222,_15727_,generated_control,infrastructure,5
2223,_15728_,generated_control,infrastructure,5
2224,_15729_,generated_datapath,infrastructure,6
2225,_15730_,generated_datapath,infrastructure,7
2226,_15731_,generated_datapath,infrastructure,7
2227,_15732_,clock_reset,control,3
2228,_15733_,generated_datapath,infrastructure,4
2229,_15734_,generated_datapath,infrastructure,5
2230,_15735_,generated_datapath,infrastructure,5
2231,_15736_,generated_datapath,infrastructure,4
2232,_15737_,generated_datapath,infrastructure,4
2233,_15738_,generated_datapath,infrastructure,5
2234,_15739_,generated_datapath,infrastructure,4
2235,_15740_,generated_datapath,infrastructure,4
2236,_15741_,generated_control,infrastructure,4
2237,_15742_,generated_control,infrastructure,4
2238,_15743_,generated_datapath,infrastructure,4
2239,_15744_,generated_datapath,infrastructure,4
2240,_15745_,generated_datapath,infrastructure,5
2241,_15746_,clock_reset,control,3
2242,_15747_,generated_datapath,infrastructure,5
2243,_15748_,generated_control,infrastructure,4
2244,_15749_,generated_control,infrastructure,4
2245,_15750_,generated_datapath,infrastructure,5
2246,_15751_,generated_datapath,infrastructure,4
2247,_15752_,generated_datapath,infrastructure,4
2248,_15753_,generated_control,infrastructure,4
2249,_15754_,generated_control,infrastructure,4
2250,_15755_,generated_datapath,infrastructure,5
2251,_15756_,clock_reset,control,3
2252,_15757_,generated_datapath,infrastructure,5
2253,_15758_,generated_datapath,infrastructure,5
2254,_15759_,generated_datapath,infrastructure,6
2255,_15760_,generated_datapath,infrastructure,5
2256,_15761_,generated_datapath,infrastructure,5
2257,_15762_,generated_datapath,infrastructure,5
2258,_15763_,generated_datapath,infrastructure,5
2259,_15764_,generated_datapath,infrastructure,5
2260,_15765_,generated_datapath,infrastructure,5
2261,_15766_,generated_datapath,infrastructure,4
2262,_15767_,generated_datapath,infrastructure,4
2263,_15768_,generated_datapath,infrastructure,5
2264,_15769_,generated_datapath,infrastructure,5
2265,_15770_,generated_control,infrastructure,4
2266,_15771_,generated_control,infrastructure,4
2267,_15772_,generated_datapath,infrastructure,4
2268,_15773_,generated_datapath,infrastructure,4
2269,_15774_,generated_control,infrastructure,4
2270,_15775_,generated_datapath,infrastructure,5
2271,_15776_,generated_control,infrastructure,5
2272,_15777_,generated_datapath,infrastructure,5
2273,_15778_,generated_datapath,infrastructure,4
2274,_15779_,generated_control,infrastructure,4
2275,_15780_,generated_datapath,infrastructure,5
2276,_15781_,generated_datapath,infrastructure,5
2277,_15782_,generated_datapath,infrastructure,5
2278,_15783_,generated_datapath,infrastructure,5
2279,_15784_,generated_datapath,infrastructure,4
2280,_15785_,generated_datapath,infrastructure,4
2281,_15786_,generated_control,infrastructure,4
2282,_15787_,generated_control,infrastructure,4
2283,_15788_,generated_datapath,infrastructure,4
2284,_15789_,generated_datapath,infrastructure,4
2285,_15790_,generated_datapath,infrastructure,5
2286,_15791_,generated_control,infrastructure,5
2287,_15792_,generated_datapath,infrastructure,5
2288,_15793_,unclassified,infrastructure,6
2289,_15794_,generated_control,infrastructure,4
2290,_15795_,generated_datapath,infrastructure,5
2291,_15796_,generated_datapath,infrastructure,5
2292,_15797_,generated_datapath,infrastructure,5
2293,_15798_,generated_datapath,infrastructure,5
2294,_15799_,generated_datapath,infrastructure,5
2295,_15800_,generated_datapath,infrastructure,5
2296,_15801_,generated_datapath,infrastructure,5
2297,_15802_,generated_datapath,infrastructure,4
2298,_15803_,clock_reset,control,3
2299,_15804_,generated_datapath,infrastructure,4
2300,_15805_,generated_datapath,infrastructure,5
2301,_15806_,generated_control,infrastructure,4
2302,_15807_,generated_control,infrastructure,4
2303,_15808_,generated_datapath,infrastructure,4
2304,_15809_,generated_datapath,infrastructure,4
2305,_15810_,generated_datapath,infrastructure,5
2306,_15811_,generated_control,infrastructure,4
2307,_15812_,generated_datapath,infrastructure,5
2308,_15813_,generated_control,infrastructure,4
2309,_15814_,generated_datapath,infrastructure,5
2310,_15815_,unclassified,infrastructure,6
2311,_15816_,clock_reset,control,3
2312,_15817_,generated_control,infrastructure,6
2313,_15818_,unclassified,infrastructure,6
2314,_15819_,generated_datapath,infrastructure,6
2315,_15820_,generated_control,infrastructure,4
2316,_15821_,clock_reset,control,3
2317,_15822_,generated_control,infrastructure,4
2318,_15823_,generated_control,infrastructure,4
2319,_15824_,generated_datapath,infrastructure,4
2320,_15825_,generated_datapath,infrastructure,5
2321,_15826_,generated_datapath,infrastructure,4
2322,_15827_,clock_reset,control,3
2323,_15828_,generated_datapath,infrastructure,4
2324,_15829_,generated_datapath,infrastructure,5
2325,_15830_,generated_datapath,infrastructure,4
2326,_15831_,generated_datapath,infrastructure,5
2327,_15832_,generated_datapath,infrastructure,5
2328,_15833_,generated_control,infrastructure,4
2329,_15834_,generated_control,infrastructure,4
2330,_15835_,generated_datapath,infrastructure,4
2331,_15836_,generated_datapath,infrastructure,4
2332,_15837_,generated_datapath,infrastructure,5
2333,_15838_,generated_control,infrastructure,4
2334,_15839_,generated_control,infrastructure,4
2335,_15840_,generated_datapath,infrastructure,4
2336,_15841_,generated_datapath,infrastructure,4
2337,_15842_,generated_datapath,infrastructure,5
2338,_15843_,generated_datapath,infrastructure,5
2339,_15844_,generated_control,infrastructure,4
2340,_15845_,generated_control,infrastructure,4
2341,_15846_,generated_datapath,infrastructure,4
2342,_15847_,generated_datapath,infrastructure,4
2343,_15848_,generated_datapath,infrastructure,5
2344,_15849_,generated_control,infrastructure,4
2345,_15850_,generated_datapath,infrastructure,5
2346,_15851_,generated_control,infrastructure,4
2347,_15852_,generated_control,infrastructure,4
2348,_15853_,generated_datapath,infrastructure,5
2349,_15854_,generated_datapath,infrastructure,5
2350,_15855_,generated_control,infrastructure,4
2351,_15856_,generated_datapath,infrastructure,4
2352,_15857_,generated_control,infrastructure,4
2353,_15858_,generated_datapath,infrastructure,5
2354,_15859_,generated_datapath,infrastructure,4
2355,_15860_,generated_control,infrastructure,6
2356,_15861_,generated_control,infrastructure,6
2357,_15862_,generated_datapath,infrastructure,4
2358,_15863_,generated_datapath,infrastructure,5
2359,_15864_,generated_control,infrastructure,4
2360,_15865_,generated_datapath,infrastructure,4
2361,_15866_,generated_datapath,infrastructure,5
2362,_15867_,generated_datapath,infrastructure,5
2363,_15868_,generated_datapath,infrastructure,5
2364,_15869_,generated_datapath,infrastructure,5
2365,_15870_,generated_datapath,infrastructure,5
2366,_15871_,generated_datapath,infrastructure,4
2367,_15872_,generated_datapath,infrastructure,4
2368,_15873_,generated_datapath,infrastructure,5
2369,_15874_,generated_datapath,infrastructure,5
2370,_15875_,generated_datapath,infrastructure,4
2371,_15876_,generated_datapath,infrastructure,4
2372,_15877_,generated_control,infrastructure,5
2373,_15878_,generated_datapath,infrastructure,6
2374,_15879_,generated_datapath,infrastructure,6
2375,_15880_,generated_datapath,infrastructure,5
2376,_15881_,generated_datapath,infrastructure,5
2377,_15882_,generated_datapath,infrastructure,5
2378,_15883_,generated_datapath,infrastructure,4
2379,_15884_,generated_control,infrastructure,5
2380,_15885_,generated_datapath,infrastructure,4
2381,_15886_,generated_datapath,infrastructure,5
2382,_15887_,generated_datapath,infrastructure,5
2383,_15888_,generated_datapath,infrastructure,5
2384,_15889_,generated_datapath,infrastructure,4
2385,_15890_,clock_reset,control,3
2386,_15891_,generated_datapath,infrastructure,4
2387,_15892_,generated_datapath,infrastructure,4
2388,_15893_,generated_datapath,infrastructure,4
2389,_15894_,clock_reset,control,3
2390,_15895_,generated_datapath,infrastructure,5
2391,_15896_,generated_datapath,infrastructure,5
2392,_15897_,generated_control,infrastructure,4
2393,_15898_,generated_control,infrastructure,4
2394,_15899_,generated_control,infrastructure,4
2395,_15900_,generated_datapath,infrastructure,5
2396,_15901_,generated_datapath,infrastructure,5
2397,_15902_,generated_datapath,infrastructure,5
2398,_15903_,generated_datapath,infrastructure,5
2399,_15904_,generated_datapath,infrastructure,6
2400,_15905_,generated_datapath,infrastructure,4
2401,_15906_,generated_datapath,infrastructure,4
2402,_15907_,generated_datapath,infrastructure,4
2403,_15908_,generated_datapath,infrastructure,4
2404,_15909_,generated_datapath,infrastructure,5
2405,_15910_,generated_datapath,infrastructure,5
2406,_15911_,generated_control,infrastructure,4
2407,_15912_,generated_control,infrastructure,4
2408,_15913_,generated_control,infrastructure,4
2409,_15914_,clock_reset,control,3
2410,_15915_,generated_datapath,infrastructure,4
2411,_15916_,generated_datapath,infrastructure,5
2412,_15917_,generated_control,infrastructure,4
2413,_15918_,generated_control,infrastructure,4
2414,_15919_,generated_datapath,infrastructure,4
2415,_15920_,generated_datapath,infrastructure,4
2416,_15921_,generated_datapath,infrastructure,5
2417,_15922_,generated_datapath,infrastructure,5
2418,_15923_,generated_datapath,infrastructure,4
2419,_15924_,clock_reset,control,3
2420,_15925_,generated_datapath,infrastructure,4
2421,_15926_,generated_control,infrastructure,4
2422,_15927_,generated_control,infrastructure,4
2423,_15928_,generated_datapath,infrastructure,5
2424,_15929_,generated_datapath,infrastructure,5
2425,_15930_,generated_datapath,infrastructure,5
2426,_15931_,generated_datapath,infrastructure,5
2427,_15932_,generated_datapath,infrastructure,4
2428,_15933_,generated_datapath,infrastructure,4
2429,_15934_,generated_datapath,infrastructure,5
2430,_15935_,generated_datapath,infrastructure,5
2431,_15936_,generated_datapath,infrastructure,4
2432,_15937_,generated_datapath,infrastructure,4
2433,_15938_,generated_datapath,infrastructure,5
2434,_15939_,generated_datapath,infrastructure,5
2435,_15940_,generated_control,infrastructure,5
2436,_15941_,generated_datapath,infrastructure,5
2437,_15942_,generated_datapath,infrastructure,5
2438,_15943_,generated_datapath,infrastructure,5
2439,_15944_,generated_datapath,infrastructure,5
2440,_15945_,generated_datapath,infrastructure,5
2441,_15946_,clock_reset,control,3
2442,_15947_,generated_datapath,infrastructure,5
2443,_15948_,generated_datapath,infrastructure,5
2444,_15949_,generated_control,infrastructure,4
2445,_15950_,generated_control,infrastructure,4
2446,_15951_,generated_control,infrastructure,4
2447,_15952_,generated_datapath,infrastructure,4
2448,_15953_,generated_datapath,infrastructure,5
2449,_15954_,generated_control,infrastructure,4
2450,_15955_,generated_datapath,infrastructure,4
2451,_15956_,generated_control,infrastructure,4
2452,_15957_,clock_reset,control,3
2453,_15958_,generated_datapath,infrastructure,4
2454,_15959_,generated_datapath,infrastructure,5
2455,_15960_,generated_datapath,infrastructure,5
2456,_15961_,generated_datapath,infrastructure,5
2457,_15962_,generated_datapath,infrastructure,6
2458,_15963_,generated_datapath,infrastructure,4
2459,_15964_,generated_datapath,infrastructure,4
2460,_15965_,generated_datapath,infrastructure,4
2461,_15966_,clock_reset,control,3
2462,_15967_,generated_datapath,infrastructure,4
2463,_15968_,generated_datapath,infrastructure,5
2464,_15969_,generated_control,infrastructure,4
2465,_15970_,generated_control,infrastructure,4
2466,_15971_,generated_datapath,infrastructure,5
2467,_15972_,generated_control,infrastructure,4
2468,_15973_,generated_control,infrastructure,4
2469,_15974_,generated_datapath,infrastructure,4
2470,_15975_,clock_reset,control,3
2471,_15976_,generated_datapath,infrastructure,4
2472,_15977_,generated_control,infrastructure,4
2473,_15978_,generated_control,infrastructure,4
2474,_15979_,generated_datapath,infrastructure,4
2475,_15980_,generated_datapath,infrastructure,4
2476,_15981_,clock_reset,control,3
2477,_15982_,generated_datapath,infrastructure,5
2478,_15983_,generated_datapath,infrastructure,5
2479,_15984_,generated_datapath,infrastructure,5
2480,_15985_,generated_datapath,infrastructure,5
2481,_15986_,generated_control,infrastructure,4
2482,_15987_,generated_control,infrastructure,4
2483,_15988_,generated_control,infrastructure,4
2484,_15989_,generated_control,infrastructure,4
2485,_15990_,generated_datapath,infrastructure,4
2486,_15991_,generated_datapath,infrastructure,5
2487,_15992_,generated_datapath,infrastructure,4
2488,_15993_,generated_datapath,infrastructure,5
2489,_15994_,generated_datapath,infrastructure,4
2490,_15995_,generated_datapath,infrastructure,4
2491,_15996_,generated_datapath,infrastructure,5
2492,_15997_,generated_control,infrastructure,4
2493,_15998_,generated_datapath,infrastructure,4
2494,_15999_,generated_datapath,infrastructure,4
2495,_16000_,generated_datapath,infrastructure,4
2496,_16001_,generated_datapath,infrastructure,5
2497,_16002_,generated_datapath,infrastructure,5
2498,_16003_,generated_datapath,infrastructure,5
2499,_16004_,generated_datapath,infrastructure,4
2500,_16005_,generated_datapath,infrastructure,4
2501,_16006_,generated_datapath,infrastructure,5
2502,_16007_,generated_datapath,infrastructure,5
2503,_16008_,unclassified,infrastructure,7
2504,_16009_,generated_datapath,infrastructure,5
2505,_16010_,generated_control,infrastructure,4
2506,_16011_,generated_control,infrastructure,4
2507,_16012_,generated_datapath,infrastructure,5
2508,_16013_,generated_control,infrastructure,5
2509,_16014_,generated_control,infrastructure,4
2510,_16015_,generated_datapath,infrastructure,5
2511,_16016_,generated_datapath,infrastructure,5
2512,_16017_,generated_datapath,infrastructure,5
2513,_16018_,generated_control,infrastructure,4
2514,_16019_,generated_datapath,infrastructure,4
2515,_16020_,generated_datapath,infrastructure,4
2516,_16021_,generated_datapath,infrastructure,4
2517,_16022_,generated_datapath,infrastructure,6
2518,_16023_,generated_control,infrastructure,5
2519,_16024_,generated_control,infrastructure,4
2520,_16025_,generated_datapath,infrastructure,5
2521,_16026_,generated_datapath,infrastructure,5
2522,_16027_,generated_datapath,infrastructure,5
2523,_16028_,generated_datapath,infrastructure,5
2524,_16029_,generated_datapath,infrastructure,5
2525,_16030_,generated_control,infrastructure,5
2526,_16031_,generated_datapath,infrastructure,5
2527,_16032_,clock_reset,control,3
2528,_16033_,generated_datapath,infrastructure,5
2529,_16034_,generated_datapath,infrastructure,5
2530,_16035_,generated_datapath,infrastructure,5
2531,_16036_,generated_datapath,infrastructure,5
2532,_16037_,generated_datapath,infrastructure,5
2533,_16038_,generated_datapath,infrastructure,5
2534,_16039_,generated_datapath,infrastructure,5
2535,_16040_,generated_datapath,infrastructure,5
2536,_16041_,generated_datapath,infrastructure,5
2537,_16042_,generated_datapath,infrastructure,5
2538,_16043_,clock_reset,control,3
2539,_16044_,generated_datapath,infrastructure,5
2540,_16045_,generated_datapath,infrastructure,5
2541,_16046_,generated_datapath,infrastructure,5
2542,_16047_,generated_datapath,infrastructure,5
2543,_16048_,generated_control,infrastructure,4
2544,_16049_,generated_control,infrastructure,4
2545,_16050_,generated_control,infrastructure,4
2546,_16051_,generated_datapath,infrastructure,4
2547,_16052_,generated_datapath,infrastructure,5
2548,_16053_,generated_datapath,infrastructure,5
2549,_16054_,generated_datapath,infrastructure,5
2550,_16055_,generated_datapath,infrastructure,6
2551,_16056_,generated_datapath,infrastructure,4
2552,_16057_,generated_datapath,infrastructure,4
2553,_16058_,generated_datapath,infrastructure,5
2554,_16059_,generated_control,infrastructure,4
2555,_16060_,generated_datapath,infrastructure,6
2556,_16061_,generated_control,infrastructure,5
2557,_16062_,generated_control,infrastructure,5
2558,_16063_,generated_datapath,infrastructure,5
2559,_16064_,generated_datapath,infrastructure,5
2560,_16065_,generated_control,infrastructure,5
2561,_16066_,generated_datapath,infrastructure,5
2562,_16067_,generated_control,infrastructure,5
2563,_16068_,generated_control,infrastructure,5
2564,_16069_,generated_datapath,infrastructure,5
2565,_16070_,generated_datapath,infrastructure,5
2566,_16071_,generated_control,infrastructure,4
2567,_16072_,generated_control,infrastructure,4
2568,_16073_,generated_datapath,infrastructure,5
2569,_16074_,generated_datapath,infrastructure,4
2570,_16075_,generated_datapath,infrastructure,4
2571,_16076_,generated_datapath,infrastructure,5
2572,_16077_,generated_control,infrastructure,4
2573,_16078_,generated_control,infrastructure,4
2574,_16079_,generated_datapath,infrastructure,4
2575,_16080_,generated_datapath,infrastructure,4
2576,_16081_,generated_datapath,infrastructure,5
2577,_16082_,generated_datapath,infrastructure,5
2578,_16083_,generated_datapath,infrastructure,4
2579,_16084_,generated_datapath,infrastructure,4
2580,_16085_,generated_datapath,infrastructure,5
2581,_16086_,generated_datapath,infrastructure,5
2582,_16087_,generated_datapath,infrastructure,5
2583,_16088_,generated_control,infrastructure,5
2584,_16089_,generated_datapath,infrastructure,5
2585,_16090_,generated_datapath,infrastructure,5
2586,_16091_,generated_datapath,infrastructure,5
2587,_16092_,generated_datapath,infrastructure,5
2588,_16093_,generated_datapath,infrastructure,5
2589,_16094_,generated_datapath,infrastructure,5
2590,_16095_,generated_datapath,infrastructure,4
2591,_16096_,generated_datapath,infrastructure,4
2592,_16097_,generated_datapath,infrastructure,5
2593,_16098_,generated_datapath,infrastructure,5
2594,_16099_,generated_datapath,infrastructure,5
2595,_16100_,generated_datapath,infrastructure,5
2596,_16101_,generated_datapath,infrastructure,5
2597,_16102_,generated_datapath,infrastructure,5
2598,_16103_,generated_datapath,infrastructure,5
2599,_16104_,generated_datapath,infrastructure,5
2600,_16105_,generated_control,infrastructure,4
2601,_16106_,generated_control,infrastructure,4
2602,_16107_,generated_control,infrastructure,4
2603,_16108_,generated_datapath,infrastructure,4
2604,_16109_,generated_datapath,infrastructure,5
2605,_16110_,generated_control,infrastructure,4
2606,_16111_,generated_datapath,infrastructure,6
2607,_16112_,generated_control,infrastructure,4
2608,_16113_,generated_control,infrastructure,4
2609,_16114_,generated_datapath,infrastructure,4
2610,_16115_,generated_datapath,infrastructure,4
2611,_16116_,generated_datapath,infrastructure,5
2612,_16117_,generated_datapath,infrastructure,5
2613,_16118_,generated_datapath,infrastructure,5
2614,_16119_,generated_control,infrastructure,4
2615,_16120_,generated_control,infrastructure,4
2616,_16121_,generated_datapath,infrastructure,5
2617,_16122_,generated_datapath,infrastructure,4
2618,_16123_,generated_datapath,infrastructure,4
2619,_16124_,generated_datapath,infrastructure,4
2620,_16125_,generated_datapath,infrastructure,4
2621,_16126_,generated_datapath,infrastructure,5
2622,_16127_,generated_datapath,infrastructure,5
2623,_16128_,generated_datapath,infrastructure,5
2624,_16129_,generated_datapath,infrastructure,5
2625,_16130_,generated_datapath,infrastructure,4
2626,_16131_,generated_datapath,infrastructure,5
2627,_16132_,generated_control,infrastructure,4
2628,_16133_,generated_datapath,infrastructure,7
2629,_16134_,generated_control,infrastructure,5
2630,_16135_,generated_datapath,infrastructure,6
2631,_16136_,generated_datapath,infrastructure,5
2632,_16137_,generated_control,infrastructure,5
2633,_16138_,generated_control,infrastructure,5
2634,_16139_,generated_datapath,infrastructure,5
2635,_16140_,generated_control,infrastructure,4
2636,_16141_,generated_control,infrastructure,4
2637,_16142_,generated_datapath,infrastructure,5
2638,_16143_,generated_datapath,infrastructure,5
2639,_16144_,clock_reset,control,3
2640,_16145_,generated_datapath,infrastructure,5
2641,_16146_,generated_datapath,infrastructure,4
2642,_16147_,generated_datapath,infrastructure,5
2643,_16148_,generated_control,infrastructure,4
2644,_16149_,generated_control,infrastructure,4
2645,_16150_,generated_datapath,infrastructure,4
2646,_16151_,generated_datapath,infrastructure,4
2647,_16152_,generated_datapath,infrastructure,4
2648,_16153_,generated_datapath,infrastructure,5
2649,_16154_,generated_datapath,infrastructure,4
2650,_16155_,generated_datapath,infrastructure,4
2651,_16156_,generated_datapath,infrastructure,5
2652,_16157_,generated_datapath,infrastructure,5
2653,_16158_,generated_datapath,infrastructure,5
2654,_16159_,generated_control,infrastructure,5
2655,_16160_,generated_datapath,infrastructure,5
2656,_16161_,generated_datapath,infrastructure,5
2657,_16162_,generated_datapath,infrastructure,5
2658,_16163_,generated_datapath,infrastructure,5
2659,_16164_,generated_datapath,infrastructure,5
2660,_16165_,generated_datapath,infrastructure,5
2661,_16166_,generated_datapath,infrastructure,5
2662,_16167_,generated_datapath,infrastructure,5
2663,_16168_,generated_datapath,infrastructure,5
2664,_16169_,generated_datapath,infrastructure,5
2665,_16170_,generated_datapath,infrastructure,5
2666,_16171_,generated_datapath,infrastructure,5
2667,_16172_,generated_datapath,infrastructure,5
2668,_16173_,generated_datapath,infrastructure,5
2669,_16174_,generated_datapath,infrastructure,5
2670,_16175_,generated_datapath,infrastructure,4
2671,_16176_,generated_datapath,infrastructure,4
2672,_16177_,generated_control,infrastructure,4
2673,_16178_,generated_control,infrastructure,4
2674,_16179_,generated_control,infrastructure,4
2675,_16180_,generated_control,infrastructure,5
2676,_16181_,generated_datapath,infrastructure,5
2677,_16182_,generated_control,infrastructure,4
2678,_16183_,generated_datapath,infrastructure,7
2679,_16184_,generated_datapath,infrastructure,5
2680,_16185_,generated_datapath,infrastructure,5
2681,_16186_,generated_datapath,infrastructure,5
2682,_16187_,generated_datapath,infrastructure,5
2683,_16188_,generated_datapath,infrastructure,4
2684,_16189_,generated_control,infrastructure,4
2685,_16190_,generated_control,infrastructure,4
2686,_16191_,generated_datapath,infrastructure,5
2687,_16192_,generated_datapath,infrastructure,5
2688,_16193_,generated_control,infrastructure,4
2689,_16194_,generated_control,infrastructure,4
2690,_16195_,generated_datapath,infrastructure,4
2691,_16196_,generated_datapath,infrastructure,4
2692,_16197_,generated_datapath,infrastructure,4
2693,_16198_,generated_datapath,infrastructure,4
2694,_16199_,generated_datapath,infrastructure,5
2695,_16200_,generated_datapath,infrastructure,5
2696,_16201_,unclassified,infrastructure,7
2697,_16202_,generated_datapath,infrastructure,6
2698,_16203_,generated_datapath,infrastructure,4
2699,_16204_,generated_datapath,infrastructure,5
2700,_16205_,generated_datapath,infrastructure,5
2701,_16206_,generated_datapath,infrastructure,4
2702,_16207_,generated_control,infrastructure,4
2703,_16208_,generated_control,infrastructure,4
2704,_16209_,generated_control,infrastructure,4
2705,_16210_,generated_datapath,infrastructure,5
2706,_16211_,generated_control,infrastructure,4
2707,_16212_,generated_datapath,infrastructure,7
2708,_16213_,generated_control,infrastructure,5
2709,_16214_,generated_control,infrastructure,5
2710,_16215_,generated_datapath,infrastructure,5
2711,_16216_,generated_datapath,infrastructure,5
2712,_16217_,unclassified,infrastructure,6
2713,_16218_,generated_control,infrastructure,4
2714,_16219_,generated_datapath,infrastructure,4
2715,_16220_,generated_datapath,infrastructure,5
2716,_16221_,generated_datapath,infrastructure,4
2717,_16222_,generated_datapath,infrastructure,4
2718,_16223_,generated_control,infrastructure,4
2719,_16224_,unclassified,infrastructure,6
2720,_16225_,generated_datapath,infrastructure,5
2721,_16226_,generated_datapath,infrastructure,5
2722,_16227_,generated_datapath,infrastructure,5
2723,_16228_,generated_datapath,infrastructure,6
2724,_16229_,generated_datapath,infrastructure,5
2725,_16230_,generated_datapath,infrastructure,7
2726,_16231_,generated_datapath,infrastructure,4
2727,_16232_,generated_datapath,infrastructure,4
2728,_16233_,generated_datapath,infrastructure,5
2729,_16234_,generated_datapath,infrastructure,5
2730,_16235_,generated_datapath,infrastructure,5
2731,_16236_,generated_datapath,infrastructure,7
2732,_16237_,generated_datapath,infrastructure,5
2733,_16238_,generated_datapath,infrastructure,4
2734,_16239_,generated_datapath,infrastructure,4
2735,_16240_,generated_control,infrastructure,5
2736,_16241_,generated_datapath,infrastructure,5
2737,_16242_,unclassified,infrastructure,7
2738,_16243_,generated_control,infrastructure,5
2739,_16244_,generated_datapath,infrastructure,5
2740,_16245_,generated_datapath,infrastructure,5
2741,_16246_,generated_control,infrastructure,4
2742,_16247_,generated_datapath,infrastructure,6
2743,_16248_,generated_datapath,infrastructure,5
2744,_16249_,generated_datapath,infrastructure,4
2745,_16250_,clock_reset,control,3
2746,_16251_,generated_datapath,infrastructure,5
2747,_16252_,generated_control,infrastructure,4
2748,_16253_,generated_control,infrastructure,5
2749,_16254_,generated_datapath,infrastructure,5
2750,_16255_,generated_control,infrastructure,5
2751,_16256_,generated_control,infrastructure,4
2752,_16257_,generated_datapath,infrastructure,6
2753,_16258_,generated_datapath,infrastructure,6
2754,_16259_,unclassified,infrastructure,7
2755,_16260_,generated_datapath,infrastructure,4
2756,_16261_,generated_datapath,infrastructure,6
2757,_16262_,generated_datapath,infrastructure,5
2758,_16263_,generated_datapath,infrastructure,5
2759,_16264_,generated_datapath,infrastructure,7
2760,_16265_,generated_control,infrastructure,5
2761,_16266_,generated_datapath,infrastructure,5
2762,_16267_,generated_control,infrastructure,6
2763,_16268_,generated_datapath,infrastructure,6
2764,_16269_,generated_control,infrastructure,6
2765,_16270_,generated_datapath,infrastructure,5
2766,_16271_,generated_datapath,infrastructure,5
2767,_16272_,generated_datapath,infrastructure,4
2768,_16273_,generated_datapath,infrastructure,4
2769,_16274_,generated_datapath,infrastructure,5
2770,_16275_,generated_datapath,infrastructure,5
2771,_16276_,generated_control,infrastructure,5
2772,_16277_,generated_datapath,infrastructure,5
2773,_16278_,generated_datapath,infrastructure,5
2774,_16279_,clock_reset,control,3
2775,_16280_,generated_datapath,infrastructure,5
2776,_16281_,generated_datapath,infrastructure,5
2777,_16282_,generated_datapath,infrastructure,5
2778,_16283_,generated_datapath,infrastructure,5
2779,_16284_,generated_datapath,infrastructure,5
2780,_16285_,generated_datapath,infrastructure,5
2781,_16286_,clock_reset,control,3
2782,_16287_,generated_datapath,infrastructure,5
2783,_16288_,generated_datapath,infrastructure,5
2784,_16289_,generated_datapath,infrastructure,5
2785,_16290_,generated_datapath,infrastructure,5
2786,_16291_,generated_datapath,infrastructure,5
2787,_16292_,generated_datapath,infrastructure,5
2788,_16293_,generated_datapath,infrastructure,5
2789,_16294_,generated_datapath,infrastructure,5
2790,_16295_,generated_datapath,infrastructure,5
2791,_16296_,generated_control,infrastructure,4
2792,_16297_,generated_control,infrastructure,4
2793,_16298_,generated_control,infrastructure,4
2794,_16299_,generated_datapath,infrastructure,4
2795,_16300_,generated_datapath,infrastructure,4
2796,_16301_,generated_datapath,infrastructure,4
2797,_16302_,generated_datapath,infrastructure,5
2798,_16303_,generated_datapath,infrastructure,5
2799,_16304_,generated_datapath,infrastructure,4
2800,_16305_,generated_datapath,infrastructure,4
2801,_16306_,generated_datapath,infrastructure,5
2802,_16307_,generated_datapath,infrastructure,5
2803,_16308_,generated_control,infrastructure,5
2804,_16309_,generated_control,infrastructure,5
2805,_16310_,generated_datapath,infrastructure,5
2806,_16311_,generated_datapath,infrastructure,5
2807,_16312_,generated_datapath,infrastructure,5
2808,_16313_,generated_datapath,infrastructure,5
2809,_16314_,generated_datapath,infrastructure,5
2810,_16315_,generated_datapath,infrastructure,5
2811,_16316_,generated_datapath,infrastructure,5
2812,_16317_,generated_datapath,infrastructure,5
2813,_16318_,generated_datapath,infrastructure,5
2814,_16319_,generated_datapath,infrastructure,5
2815,_16320_,generated_datapath,infrastructure,4
2816,_16321_,generated_control,infrastructure,4
2817,_16322_,generated_datapath,infrastructure,4
2818,_16323_,generated_datapath,infrastructure,5
2819,_16324_,generated_datapath,infrastructure,5
2820,_16325_,generated_datapath,infrastructure,4
2821,_16326_,generated_datapath,infrastructure,4
2822,_16327_,generated_datapath,infrastructure,4
2823,_16328_,generated_datapath,infrastructure,4
2824,_16329_,generated_datapath,infrastructure,5
2825,_16330_,generated_datapath,infrastructure,5
2826,_16331_,generated_datapath,infrastructure,4
2827,_16332_,generated_datapath,infrastructure,4
2828,_16333_,generated_datapath,infrastructure,5
2829,_16334_,generated_control,infrastructure,5
2830,_16335_,generated_control,infrastructure,5
2831,_16336_,generated_datapath,infrastructure,4
2832,_16337_,generated_control,infrastructure,5
2833,_16338_,generated_datapath,infrastructure,4
2834,_16339_,generated_datapath,infrastructure,4
2835,_16340_,generated_datapath,infrastructure,5
2836,_16341_,generated_control,infrastructure,5
2837,_16342_,generated_datapath,infrastructure,5
2838,_16343_,generated_datapath,infrastructure,5
2839,_16344_,generated_control,infrastructure,4
2840,_16345_,generated_control,infrastructure,5
2841,_16346_,generated_datapath,infrastructure,6
2842,_16347_,generated_control,infrastructure,5
2843,_16348_,generated_control,infrastructure,5
2844,_16349_,unclassified,infrastructure,6
2845,_16350_,generated_datapath,infrastructure,5
2846,_16351_,generated_datapath,infrastructure,4
2847,_16352_,clock_reset,control,3
2848,_16353_,generated_datapath,infrastructure,4
2849,_16354_,generated_control,infrastructure,4
2850,_16355_,generated_control,infrastructure,4
2851,_16356_,generated_control,infrastructure,5
2852,_16357_,generated_datapath,infrastructure,5
2853,_16358_,generated_datapath,infrastructure,6
2854,_16359_,clock_reset,control,3
2855,_16360_,generated_datapath,infrastructure,5
2856,_16361_,generated_control,infrastructure,5
2857,_16362_,generated_control,infrastructure,5
2858,_16363_,generated_datapath,infrastructure,5
2859,_16364_,generated_datapath,infrastructure,5
2860,_16365_,unclassified,infrastructure,6
2861,_16366_,generated_control,infrastructure,4
2862,_16367_,generated_control,infrastructure,5
2863,_16368_,generated_control,infrastructure,5
2864,_16369_,generated_datapath,infrastructure,5
2865,_16370_,generated_control,infrastructure,5
2866,_16371_,generated_datapath,infrastructure,5
2867,_16372_,clock_reset,control,3
2868,_16373_,generated_datapath,infrastructure,5
2869,_16374_,generated_datapath,infrastructure,5
2870,_16375_,generated_datapath,infrastructure,5
2871,_16376_,generated_control,infrastructure,5
2872,_16377_,generated_datapath,infrastructure,5
2873,_16378_,unclassified,infrastructure,7
2874,_16379_,generated_datapath,infrastructure,5
2875,_16380_,generated_datapath,infrastructure,5
2876,_16381_,clock_reset,control,3
2877,_16382_,clock_reset,control,3
2878,_16383_,generated_datapath,infrastructure,4
2879,_16384_,clock_reset,control,3
2880,_16385_,generated_datapath,infrastructure,5
2881,_16386_,generated_datapath,infrastructure,4
2882,_16387_,generated_datapath,infrastructure,4
2883,_16388_,generated_datapath,infrastructure,4
2884,_16389_,generated_datapath,infrastructure,5
2885,_16390_,generated_datapath,infrastructure,5
2886,_16391_,generated_datapath,infrastructure,4
2887,_16392_,generated_datapath,infrastructure,4
2888,_16393_,generated_datapath,infrastructure,4
2889,_16394_,generated_datapath,infrastructure,4
2890,_16395_,generated_datapath,infrastructure,5
2891,_16396_,generated_control,infrastructure,4
2892,_16397_,generated_control,infrastructure,5
2893,_16398_,generated_datapath,infrastructure,6
2894,_16399_,generated_control,infrastructure,4
2895,_16400_,generated_control,infrastructure,5
2896,_16401_,generated_datapath,infrastructure,5
2897,_16402_,generated_control,infrastructure,4
2898,_16403_,unclassified,infrastructure,7
2899,_16404_,generated_datapath,infrastructure,5
2900,_16405_,generated_control,infrastructure,4
2901,_16406_,generated_datapath,infrastructure,5
2902,_16407_,generated_control,infrastructure,5
2903,_16408_,generated_datapath,infrastructure,5
2904,_16409_,generated_datapath,infrastructure,5
2905,_16410_,generated_control,infrastructure,4
2906,_16411_,generated_control,infrastructure,5
2907,_16412_,generated_datapath,infrastructure,6
2908,_16413_,generated_control,infrastructure,5
2909,_16414_,generated_datapath,infrastructure,5
2910,_16415_,generated_control,infrastructure,5
2911,_16416_,generated_datapath,infrastructure,4
2912,_16417_,unclassified,infrastructure,6
2913,_16418_,generated_control,infrastructure,6
2914,_16419_,generated_datapath,infrastructure,5
2915,_16420_,generated_datapath,infrastructure,5
2916,_16421_,generated_datapath,infrastructure,5
2917,_16422_,generated_datapath,infrastructure,4
2918,_16423_,generated_datapath,infrastructure,4
2919,_16424_,generated_datapath,infrastructure,4
2920,_16425_,clock_reset,control,3
2921,_16426_,generated_datapath,infrastructure,5
2922,_16427_,generated_datapath,infrastructure,5
2923,_16428_,generated_datapath,infrastructure,5
2924,_16429_,generated_datapath,infrastructure,5
2925,_16430_,generated_control,infrastructure,5
2926,_16431_,generated_datapath,infrastructure,5
2927,_16432_,generated_datapath,infrastructure,5
2928,_16433_,generated_datapath,infrastructure,5
2929,_16434_,generated_datapath,infrastructure,5
2930,_16435_,generated_datapath,infrastructure,5
2931,_16436_,generated_datapath,infrastructure,5
2932,_16437_,generated_control,infrastructure,4
2933,_16438_,generated_control,infrastructure,4
2934,_16439_,generated_datapath,infrastructure,5
2935,_16440_,generated_datapath,infrastructure,5
2936,_16441_,generated_datapath,infrastructure,5
2937,_16442_,generated_datapath,infrastructure,6
2938,_16443_,generated_datapath,infrastructure,6
2939,_16444_,generated_datapath,infrastructure,5
2940,_16445_,generated_datapath,infrastructure,4
2941,_16446_,generated_datapath,infrastructure,5
2942,_16447_,generated_datapath,infrastructure,5
2943,_16448_,generated_datapath,infrastructure,5
2944,_16449_,generated_datapath,infrastructure,5
2945,_16450_,generated_control,infrastructure,4
2946,_16451_,generated_control,infrastructure,4
2947,_16452_,generated_datapath,infrastructure,5
2948,_16453_,generated_datapath,infrastructure,4
2949,_16454_,generated_datapath,infrastructure,4
2950,_16455_,generated_datapath,infrastructure,4
2951,_16456_,generated_datapath,infrastructure,4
2952,_16457_,generated_datapath,infrastructure,4
2953,_16458_,generated_datapath,infrastructure,4
2954,_16459_,generated_datapath,infrastructure,5
2955,_16460_,generated_datapath,infrastructure,4
2956,_16461_,generated_datapath,infrastructure,4
2957,_16462_,generated_datapath,infrastructure,4
2958,_16463_,generated_datapath,infrastructure,4
2959,_16464_,generated_datapath,infrastructure,4
2960,_16465_,generated_datapath,infrastructure,5
2961,_16466_,generated_datapath,infrastructure,5
2962,_16467_,generated_control,infrastructure,4
2963,_16468_,generated_datapath,infrastructure,5
2964,_16469_,generated_control,infrastructure,4
2965,_16470_,generated_control,infrastructure,4
2966,_16471_,generated_control,infrastructure,4
2967,_16472_,generated_datapath,infrastructure,6
2968,_16473_,generated_control,infrastructure,4
2969,_16474_,generated_control,infrastructure,4
2970,_16475_,generated_datapath,infrastructure,5
2971,_16476_,generated_datapath,infrastructure,5
2972,_16477_,unclassified,infrastructure,7
2973,_16478_,generated_datapath,infrastructure,5
2974,_16479_,unclassified,infrastructure,7
2975,_16480_,generated_control,infrastructure,4
2976,_16481_,generated_datapath,infrastructure,5
2977,_16482_,generated_datapath,infrastructure,5
2978,_16483_,generated_datapath,infrastructure,5
2979,_16484_,generated_control,infrastructure,4
2980,_16485_,generated_control,infrastructure,5
2981,_16486_,generated_datapath,infrastructure,5
2982,_16487_,generated_control,infrastructure,5
2983,_16488_,generated_datapath,infrastructure,5
2984,_16489_,generated_control,infrastructure,5
2985,_16490_,generated_datapath,infrastructure,4
2986,_16491_,generated_datapath,infrastructure,5
2987,_16492_,generated_datapath,infrastructure,4
2988,_16493_,generated_datapath,infrastructure,4
2989,_16494_,clock_reset,control,3
2990,_16495_,generated_datapath,infrastructure,5
2991,_16496_,clock_reset,control,3
2992,_16497_,generated_datapath,infrastructure,5
2993,_16498_,generated_datapath,infrastructure,5
2994,_16499_,generated_datapath,infrastructure,5
2995,_16500_,generated_datapath,infrastructure,4
2996,_16501_,generated_control,infrastructure,5
2997,_16502_,generated_datapath,infrastructure,4
2998,_16503_,generated_datapath,infrastructure,5
2999,_16504_,generated_datapath,infrastructure,5
3000,_16505_,generated_datapath,infrastructure,5
3001,_16506_,generated_datapath,infrastructure,5
3002,_16507_,generated_datapath,infrastructure,5
3003,_16508_,generated_control,infrastructure,4
3004,_16509_,generated_control,infrastructure,4
3005,_16510_,generated_datapath,infrastructure,4
3006,_16511_,generated_datapath,infrastructure,4
3007,_16512_,generated_datapath,infrastructure,5
3008,_16513_,generated_datapath,infrastructure,5
3009,_16514_,generated_control,infrastructure,4
3010,_16515_,generated_datapath,infrastructure,5
3011,_16516_,generated_datapath,infrastructure,6
3012,_16517_,generated_datapath,infrastructure,7
3013,_16518_,generated_datapath,infrastructure,4
3014,_16519_,generated_datapath,infrastructure,5
3015,_16520_,generated_control,infrastructure,4
3016,_16521_,generated_control,infrastructure,4
3017,_16522_,generated_datapath,infrastructure,5
3018,_16523_,generated_datapath,infrastructure,4
3019,_16524_,generated_datapath,infrastructure,4
3020,_16525_,generated_datapath,infrastructure,4
3021,_16526_,generated_datapath,infrastructure,4
3022,_16527_,generated_datapath,infrastructure,4
3023,_16528_,generated_datapath,infrastructure,4
3024,_16529_,generated_datapath,infrastructure,5
3025,_16530_,generated_datapath,infrastructure,4
3026,_16531_,generated_datapath,infrastructure,4
3027,_16532_,generated_datapath,infrastructure,4
3028,_16533_,generated_datapath,infrastructure,4
3029,_16534_,generated_datapath,infrastructure,5
3030,_16535_,generated_datapath,infrastructure,4
3031,_16536_,generated_datapath,infrastructure,5
3032,_16537_,generated_datapath,infrastructure,4
3033,_16538_,generated_datapath,infrastructure,5
3034,_16539_,generated_datapath,infrastructure,5
3035,_16540_,generated_control,infrastructure,4
3036,_16541_,generated_datapath,infrastructure,5
3037,_16542_,generated_datapath,infrastructure,6
3038,_16543_,generated_control,infrastructure,5
3039,_16544_,generated_control,infrastructure,4
3040,_16545_,generated_control,infrastructure,4
3041,_16546_,generated_control,infrastructure,4
3042,_16547_,generated_control,infrastructure,5
3043,_16548_,generated_datapath,infrastructure,4
3044,_16549_,generated_control,infrastructure,5
3045,_16550_,generated_control,infrastructure,4
3046,_16551_,generated_control,infrastructure,5
3047,_16552_,generated_control,infrastructure,4
3048,_16553_,generated_control,infrastructure,4
3049,_16554_,generated_datapath,infrastructure,5
3050,_16555_,generated_control,infrastructure,4
3051,_16556_,generated_control,infrastructure,4
3052,_16557_,unclassified,infrastructure,6
3053,_16558_,generated_datapath,infrastructure,5
3054,_16559_,generated_datapath,infrastructure,7
3055,_16560_,unclassified,infrastructure,6
3056,_16561_,generated_datapath,infrastructure,5
3057,_16562_,generated_datapath,infrastructure,4
3058,_16563_,generated_datapath,infrastructure,4
3059,_16564_,clock_reset,control,3
3060,_16565_,generated_datapath,infrastructure,5
3061,_16566_,generated_datapath,infrastructure,4
3062,_16567_,generated_datapath,infrastructure,5
3063,_16568_,generated_datapath,infrastructure,5
3064,_16569_,generated_datapath,infrastructure,5
3065,_16570_,generated_datapath,infrastructure,4
3066,_16571_,generated_control,infrastructure,5
3067,_16572_,generated_datapath,infrastructure,4
3068,_16573_,generated_datapath,infrastructure,5
3069,_16574_,clock_reset,control,3
3070,_16575_,generated_datapath,infrastructure,5
3071,_16576_,generated_datapath,infrastructure,5
3072,_16577_,generated_control,infrastructure,4
3073,_16578_,generated_datapath,infrastructure,5
3074,_16579_,generated_datapath,infrastructure,4
3075,_16580_,generated_datapath,infrastructure,4
3076,_16581_,generated_datapath,infrastructure,5
3077,_16582_,generated_datapath,infrastructure,5
3078,_16583_,generated_datapath,infrastructure,4
3079,_16584_,generated_datapath,infrastructure,4
3080,_16585_,generated_datapath,infrastructure,4
3081,_16586_,generated_datapath,infrastructure,4
3082,_16587_,generated_control,infrastructure,4
3083,_16588_,generated_control,infrastructure,4
3084,_16589_,generated_datapath,infrastructure,5
3085,_16590_,generated_datapath,infrastructure,5
3086,_16591_,generated_control,infrastructure,5
3087,_16592_,generated_datapath,infrastructure,5
3088,_16593_,generated_control,infrastructure,6
3089,_16594_,generated_control,infrastructure,6
3090,_16595_,generated_datapath,infrastructure,4
3091,_16596_,generated_datapath,infrastructure,5
3092,_16597_,generated_datapath,infrastructure,5
3093,_16598_,generated_datapath,infrastructure,4
3094,_16599_,generated_datapath,infrastructure,4
3095,_16600_,generated_datapath,infrastructure,4
3096,_16601_,generated_datapath,infrastructure,4
3097,_16602_,generated_datapath,infrastructure,5
3098,_16603_,generated_control,infrastructure,5
3099,_16604_,generated_control,infrastructure,5
3100,_16605_,generated_datapath,infrastructure,5
3101,_16606_,generated_control,infrastructure,4
3102,_16607_,generated_control,infrastructure,4
3103,_16608_,generated_datapath,infrastructure,5
3104,_16609_,generated_datapath,infrastructure,7
3105,_16610_,generated_datapath,infrastructure,5
3106,_16611_,generated_datapath,infrastructure,4
3107,_16612_,generated_control,infrastructure,5
3108,_16613_,generated_control,infrastructure,4
3109,_16614_,generated_control,infrastructure,5
3110,_16615_,generated_datapath,infrastructure,5
3111,_16616_,generated_control,infrastructure,4
3112,_16617_,generated_datapath,infrastructure,6
3113,_16618_,unclassified,infrastructure,6
3114,_16619_,generated_datapath,infrastructure,5
3115,_16620_,generated_control,infrastructure,5
3116,_16621_,generated_datapath,infrastructure,6
3117,_16622_,generated_datapath,infrastructure,5
3118,_16623_,generated_datapath,infrastructure,5
3119,_16624_,generated_datapath,infrastructure,4
3120,_16625_,generated_datapath,infrastructure,5
3121,_16626_,generated_control,infrastructure,4
3122,_16627_,generated_control,infrastructure,4
3123,_16628_,generated_control,infrastructure,5
3124,_16629_,generated_datapath,infrastructure,5
3125,_16630_,generated_control,infrastructure,4
3126,_16631_,generated_control,infrastructure,4
3127,_16632_,generated_datapath,infrastructure,5
3128,_16633_,generated_control,infrastructure,4
3129,_16634_,generated_datapath,infrastructure,4
3130,_16635_,generated_control,infrastructure,4
3131,_16636_,generated_datapath,infrastructure,4
3132,_16637_,generated_datapath,infrastructure,5
3133,_16638_,generated_datapath,infrastructure,5
3134,_16639_,generated_datapath,infrastructure,5
3135,_16640_,generated_datapath,infrastructure,4
3136,_16641_,generated_datapath,infrastructure,5
3137,_16642_,generated_datapath,infrastructure,5
3138,_16643_,generated_datapath,infrastructure,5
3139,_16644_,generated_datapath,infrastructure,5
3140,_16645_,generated_datapath,infrastructure,5
3141,_16646_,generated_control,infrastructure,6
3142,_16647_,generated_control,infrastructure,6
3143,_16648_,generated_datapath,infrastructure,5
3144,_16649_,generated_datapath,infrastructure,5
3145,_16650_,generated_datapath,infrastructure,4
3146,_16651_,generated_datapath,infrastructure,4
3147,_16652_,generated_control,infrastructure,4
3148,_16653_,generated_control,infrastructure,5
3149,_16654_,generated_datapath,infrastructure,6
3150,_16655_,generated_control,infrastructure,4
3151,_16656_,generated_datapath,infrastructure,5
3152,_16657_,generated_datapath,infrastructure,5
3153,_16658_,generated_datapath,infrastructure,6
3154,_16659_,generated_datapath,infrastructure,5
3155,_16660_,unclassified,infrastructure,7
3156,_16661_,generated_control,infrastructure,4
3157,_16662_,generated_datapath,infrastructure,5
3158,_16663_,clock_reset,control,3
3159,_16664_,generated_datapath,infrastructure,5
3160,_16665_,generated_datapath,infrastructure,5
3161,_16666_,generated_datapath,infrastructure,5
3162,_16667_,generated_datapath,infrastructure,5
3163,_16668_,generated_datapath,infrastructure,6
3164,_16669_,generated_control,infrastructure,5
3165,_16670_,generated_control,infrastructure,5
3166,_16671_,generated_datapath,infrastructure,5
3167,_16672_,generated_datapath,infrastructure,5
3168,_16673_,generated_datapath,infrastructure,4
3169,_16674_,clock_reset,control,3
3170,_16675_,generated_datapath,infrastructure,5
3171,_16676_,generated_datapath,infrastructure,4
3172,_16677_,generated_datapath,infrastructure,4
3173,_16678_,generated_datapath,infrastructure,4
3174,_16679_,generated_datapath,infrastructure,4
3175,_16680_,generated_datapath,infrastructure,5
3176,_16681_,generated_datapath,infrastructure,4
3177,_16682_,generated_datapath,infrastructure,4
3178,_16683_,generated_datapath,infrastructure,4
3179,_16684_,clock_reset,control,3
3180,_16685_,generated_datapath,infrastructure,4
3181,_16686_,generated_datapath,infrastructure,5
3182,_16687_,generated_datapath,infrastructure,5
3183,_16688_,generated_datapath,infrastructure,5
3184,_16689_,generated_datapath,infrastructure,5
3185,_16690_,generated_datapath,infrastructure,5
3186,_16691_,generated_datapath,infrastructure,6
3187,_16692_,generated_control,infrastructure,5
3188,_16693_,generated_control,infrastructure,5
3189,_16694_,generated_datapath,infrastructure,5
3190,_16695_,generated_datapath,infrastructure,5
3191,_16696_,generated_datapath,infrastructure,4
3192,_16697_,generated_control,infrastructure,5
3193,_16698_,generated_datapath,infrastructure,5
3194,_16699_,generated_control,infrastructure,4
3195,_16700_,generated_control,infrastructure,5
3196,_16701_,generated_control,infrastructure,4
3197,_16702_,generated_datapath,infrastructure,6
3198,_16703_,unclassified,infrastructure,6
3199,_16704_,generated_control,infrastructure,5
3200,_16705_,generated_datapath,infrastructure,5
3201,_16706_,generated_control,infrastructure,5
3202,_16707_,generated_datapath,infrastructure,6
3203,_16708_,generated_datapath,infrastructure,5
3204,_16709_,generated_datapath,infrastructure,5
3205,_16710_,generated_datapath,infrastructure,4
3206,_16711_,generated_datapath,infrastructure,4
3207,_16712_,generated_datapath,infrastructure,4
3208,_16713_,generated_datapath,infrastructure,5
3209,_16714_,generated_datapath,infrastructure,4
3210,_16715_,generated_datapath,infrastructure,5
3211,_16716_,generated_control,infrastructure,4
3212,_16717_,generated_control,infrastructure,4
3213,_16718_,generated_datapath,infrastructure,4
3214,_16719_,generated_control,infrastructure,4
3215,_16720_,generated_datapath,infrastructure,4
3216,_16721_,generated_datapath,infrastructure,5
3217,_16722_,generated_datapath,infrastructure,4
3218,_16723_,generated_control,infrastructure,4
3219,_16724_,clock_reset,control,3
3220,_16725_,generated_control,infrastructure,4
3221,_16726_,clock_reset,control,3
3222,_16727_,generated_datapath,infrastructure,4
3223,_16728_,generated_datapath,infrastructure,4
3224,_16729_,generated_datapath,infrastructure,5
3225,_16730_,generated_control,infrastructure,4
3226,_16731_,generated_datapath,infrastructure,5
3227,_16732_,generated_datapath,infrastructure,4
3228,_16733_,generated_control,infrastructure,4
3229,_16734_,clock_reset,control,3
3230,_16735_,generated_datapath,infrastructure,5
3231,_16736_,generated_datapath,infrastructure,4
3232,_16737_,generated_datapath,infrastructure,4
3233,_16738_,generated_datapath,infrastructure,5
3234,_16739_,generated_datapath,infrastructure,5
3235,_16740_,generated_datapath,infrastructure,5
3236,_16741_,generated_datapath,infrastructure,4
3237,_16742_,generated_datapath,infrastructure,5
3238,_16743_,generated_datapath,infrastructure,5
3239,_16744_,generated_datapath,infrastructure,4
3240,_16745_,generated_datapath,infrastructure,4
3241,_16746_,generated_datapath,infrastructure,4
3242,_16747_,generated_datapath,infrastructure,5
3243,_16748_,generated_datapath,infrastructure,4
3244,_16749_,generated_datapath,infrastructure,4
3245,_16750_,generated_datapath,infrastructure,4
3246,_16751_,generated_datapath,infrastructure,4
3247,_16752_,generated_datapath,infrastructure,5
3248,_16753_,generated_control,infrastructure,4
3249,_16754_,generated_control,infrastructure,4
3250,_16755_,generated_control,infrastructure,4
3251,_16756_,generated_control,infrastructure,4
3252,_16757_,generated_control,infrastructure,4
3253,_16758_,generated_control,infrastructure,4
3254,_16759_,generated_control,infrastructure,5
3255,_16760_,generated_datapath,infrastructure,5
3256,_16761_,generated_control,infrastructure,4
3257,_16762_,unclassified,infrastructure,6
3258,_16763_,generated_datapath,infrastructure,5
3259,_16764_,generated_datapath,infrastructure,5
3260,_16765_,unclassified,infrastructure,7
3261,_16766_,generated_datapath,infrastructure,5
3262,_16767_,generated_datapath,infrastructure,5
3263,_16768_,generated_datapath,infrastructure,5
3264,_16769_,generated_control,infrastructure,4
3265,_16770_,unclassified,infrastructure,6
3266,_16771_,generated_datapath,infrastructure,4
3267,_16772_,generated_datapath,infrastructure,5
3268,_16773_,generated_datapath,infrastructure,4
3269,_16774_,generated_datapath,infrastructure,4
3270,_16775_,generated_control,infrastructure,4
3271,_16776_,generated_control,infrastructure,4
3272,_16777_,generated_datapath,infrastructure,4
3273,_16778_,generated_control,infrastructure,4
3274,_16779_,generated_datapath,infrastructure,4
3275,_16780_,clock_reset,control,3
3276,_16781_,generated_datapath,infrastructure,5
3277,_16782_,generated_datapath,infrastructure,4
3278,_16783_,generated_datapath,infrastructure,4
3279,_16784_,generated_datapath,infrastructure,5
3280,_16785_,generated_datapath,infrastructure,4
3281,_16786_,generated_datapath,infrastructure,4
3282,_16787_,generated_control,infrastructure,4
3283,_16788_,generated_datapath,infrastructure,5
3284,_16789_,generated_datapath,infrastructure,5
3285,_16790_,generated_datapath,infrastructure,5
3286,_16791_,generated_control,infrastructure,4
3287,_16792_,generated_datapath,infrastructure,5
3288,_16793_,generated_datapath,infrastructure,6
3289,_16794_,generated_control,infrastructure,5
3290,_16795_,generated_datapath,infrastructure,4
3291,_16796_,generated_datapath,infrastructure,4
3292,_16797_,generated_datapath,infrastructure,4
3293,_16798_,generated_control,infrastructure,4
3294,_16799_,generated_control,infrastructure,4
3295,_16800_,generated_datapath,infrastructure,4
3296,_16801_,generated_datapath,infrastructure,5
3297,_16802_,generated_datapath,infrastructure,4
3298,_16803_,generated_datapath,infrastructure,4
3299,_16804_,generated_datapath,infrastructure,4
3300,_16805_,generated_datapath,infrastructure,5
3301,_16806_,generated_datapath,infrastructure,4
3302,_16807_,generated_datapath,infrastructure,4
3303,_16808_,generated_control,infrastructure,4
3304,_16809_,generated_datapath,infrastructure,5
3305,_16810_,generated_datapath,infrastructure,5
3306,_16811_,generated_control,infrastructure,4
3307,_16812_,generated_datapath,infrastructure,5
3308,_16813_,generated_control,infrastructure,4
3309,_16814_,generated_datapath,infrastructure,4
3310,_16815_,generated_control,infrastructure,4
3311,_16816_,generated_datapath,infrastructure,4
3312,_16817_,generated_datapath,infrastructure,4
3313,_16818_,generated_datapath,infrastructure,5
3314,_16819_,generated_datapath,infrastructure,4
3315,_16820_,generated_datapath,infrastructure,4
3316,_16821_,generated_datapath,infrastructure,5
3317,_16822_,generated_control,infrastructure,4
3318,_16823_,generated_control,infrastructure,4
3319,_16824_,generated_control,infrastructure,5
3320,_16825_,generated_control,infrastructure,4
3321,_16826_,generated_control,infrastructure,4
3322,_16827_,clock_reset,control,3
3323,_16828_,generated_datapath,infrastructure,5
3324,_16829_,generated_datapath,infrastructure,5
3325,_16830_,generated_control,infrastructure,5
3326,_16831_,unclassified,infrastructure,6
3327,_16832_,generated_datapath,infrastructure,7
3328,_16833_,generated_datapath,infrastructure,5
3329,_16834_,generated_datapath,infrastructure,5
3330,_16835_,generated_datapath,infrastructure,5
3331,_16836_,generated_control,infrastructure,4
3332,_16837_,generated_datapath,infrastructure,5
3333,_16838_,generated_datapath,infrastructure,5
3334,_16839_,generated_datapath,infrastructure,4
3335,_16840_,generated_datapath,infrastructure,5
3336,_16841_,clock_reset,control,3
3337,_16842_,generated_datapath,infrastructure,4
3338,_16843_,generated_datapath,infrastructure,4
3339,_16844_,generated_datapath,infrastructure,4
3340,_16845_,generated_datapath,infrastructure,4
3341,_16846_,generated_datapath,infrastructure,5
3342,_16847_,clock_reset,control,3
3343,_16848_,generated_datapath,infrastructure,5
3344,_16849_,generated_datapath,infrastructure,4
3345,_16850_,generated_datapath,infrastructure,4
3346,_16851_,generated_control,infrastructure,4
3347,_16852_,generated_control,infrastructure,4
3348,_16853_,generated_datapath,infrastructure,5
3349,_16854_,generated_control,infrastructure,4
3350,_16855_,generated_control,infrastructure,5
3351,_16856_,generated_datapath,infrastructure,6
3352,_16857_,generated_control,infrastructure,4
3353,_16858_,generated_datapath,infrastructure,5
3354,_16859_,generated_control,infrastructure,4
3355,_16860_,generated_control,infrastructure,4
3356,_16861_,generated_datapath,infrastructure,6
3357,_16862_,generated_control,infrastructure,4
3358,_16863_,generated_datapath,infrastructure,5
3359,_16864_,unclassified,infrastructure,7
3360,_16865_,generated_datapath,infrastructure,5
3361,_16866_,generated_datapath,infrastructure,5
3362,_16867_,generated_control,infrastructure,4
3363,_16868_,generated_datapath,infrastructure,5
3364,_16869_,generated_datapath,infrastructure,5
3365,_16870_,generated_datapath,infrastructure,5
3366,_16871_,generated_control,infrastructure,5
3367,_16872_,generated_datapath,infrastructure,5
3368,_16873_,generated_datapath,infrastructure,5
3369,_16874_,generated_datapath,infrastructure,4
3370,_16875_,generated_datapath,infrastructure,4
3371,_16876_,generated_datapath,infrastructure,4
3372,_16877_,generated_datapath,infrastructure,4
3373,_16878_,generated_control,infrastructure,4
3374,_16879_,generated_control,infrastructure,4
3375,_16880_,generated_datapath,infrastructure,5
3376,_16881_,generated_control,infrastructure,5
3377,_16882_,generated_datapath,infrastructure,5
3378,_16883_,generated_control,infrastructure,4
3379,_16884_,generated_datapath,infrastructure,5
3380,_16885_,generated_datapath,infrastructure,4
3381,_16886_,generated_datapath,infrastructure,4
3382,_16887_,generated_datapath,infrastructure,4
3383,_16888_,generated_datapath,infrastructure,4
3384,_16889_,generated_datapath,infrastructure,5
3385,_16890_,generated_datapath,infrastructure,4
3386,_16891_,generated_datapath,infrastructure,4
3387,_16892_,generated_control,infrastructure,4
3388,_16893_,generated_control,infrastructure,5
3389,_16894_,generated_datapath,infrastructure,6
3390,_16895_,generated_control,infrastructure,4
3391,_16896_,generated_datapath,infrastructure,5
3392,_16897_,generated_control,infrastructure,4
3393,_16898_,generated_control,infrastructure,4
3394,_16899_,unclassified,infrastructure,7
3395,_16900_,generated_control,infrastructure,4
3396,_16901_,generated_datapath,infrastructure,5
3397,_16902_,generated_control,infrastructure,5
3398,_16903_,generated_datapath,infrastructure,5
3399,_16904_,generated_datapath,infrastructure,5
3400,_16905_,generated_datapath,infrastructure,5
3401,_16906_,generated_control,infrastructure,5
3402,_16907_,generated_control,infrastructure,4
3403,_16908_,unclassified,infrastructure,6
3404,_16909_,generated_control,infrastructure,5
3405,_16910_,generated_datapath,infrastructure,7
3406,_16911_,generated_control,infrastructure,5
3407,_16912_,generated_control,infrastructure,4
3408,_16913_,generated_datapath,infrastructure,5
3409,_16914_,generated_datapath,infrastructure,5
3410,_16915_,generated_datapath,infrastructure,5
3411,_16916_,generated_datapath,infrastructure,4
3412,_16917_,generated_datapath,infrastructure,4
3413,_16918_,generated_datapath,infrastructure,4
3414,_16919_,generated_control,infrastructure,5
3415,_16920_,generated_control,infrastructure,5
3416,_16921_,generated_datapath,infrastructure,4
3417,_16922_,generated_datapath,infrastructure,6
3418,_16923_,generated_datapath,infrastructure,4
3419,_16924_,generated_datapath,infrastructure,5
3420,_16925_,generated_datapath,infrastructure,4
3421,_16926_,generated_control,infrastructure,5
3422,_16927_,generated_control,infrastructure,4
3423,_16928_,generated_control,infrastructure,4
3424,_16929_,generated_datapath,infrastructure,5
3425,_16930_,clock_reset,control,3
3426,_16931_,generated_datapath,infrastructure,5
3427,_16932_,generated_datapath,infrastructure,5
3428,_16933_,generated_datapath,infrastructure,5
3429,_16934_,generated_datapath,infrastructure,5
3430,_16935_,generated_datapath,infrastructure,5
3431,_16936_,clock_reset,control,3
3432,_16937_,generated_datapath,infrastructure,5
3433,_16938_,generated_datapath,infrastructure,5
3434,_16939_,generated_datapath,infrastructure,5
3435,_16940_,generated_datapath,infrastructure,5
3436,_16941_,generated_datapath,infrastructure,5
3437,_16942_,generated_datapath,infrastructure,5
3438,_16943_,generated_datapath,infrastructure,5
3439,_16944_,clock_reset,control,3
3440,_16945_,generated_datapath,infrastructure,5
3441,_16946_,generated_datapath,infrastructure,5
3442,_16947_,generated_datapath,infrastructure,5
3443,_16948_,generated_datapath,infrastructure,5
3444,_16949_,generated_datapath,infrastructure,5
3445,_16950_,generated_datapath,infrastructure,5
3446,_16951_,generated_datapath,infrastructure,5
3447,_16952_,generated_datapath,infrastructure,5
3448,_16953_,generated_control,infrastructure,4
3449,_16954_,generated_control,infrastructure,4
3450,_16955_,generated_datapath,infrastructure,5
3451,_16956_,generated_control,infrastructure,4
3452,_16957_,generated_control,infrastructure,4
3453,_16958_,generated_datapath,infrastructure,5
3454,_16959_,generated_datapath,infrastructure,5
3455,_16960_,generated_control,infrastructure,4
3456,_16961_,generated_control,infrastructure,4
3457,_16962_,generated_datapath,infrastructure,5
3458,_16963_,generated_control,infrastructure,4
3459,_16964_,generated_control,infrastructure,4
3460,_16965_,decode_control,control,5
3461,_16966_,decode_control,control,6
3462,_16967_,generated_control,infrastructure,4
3463,_16968_,generated_control,infrastructure,4
3464,_16969_,decode_control,control,4
3465,_16970_,decode_control,control,5
3466,_16971_,decode_control,control,5
3467,_16972_,generated_control,infrastructure,4
3468,_16973_,generated_control,infrastructure,5
3469,_16974_,generated_control,infrastructure,5
3470,_16975_,generated_control,infrastructure,6
3471,_16976_,generated_control,infrastructure,4
3472,_16977_,generated_control,infrastructure,6
3473,_16978_,generated_control,infrastructure,5
3474,_16979_,generated_control,infrastructure,4
3475,_16980_,generated_control,infrastructure,6
3476,_16981_,generated_control,infrastructure,4
3477,_16982_,generated_control,infrastructure,5
3478,_16983_,generated_control,infrastructure,5
3479,_16984_,generated_control,infrastructure,4
3480,_16985_,generated_datapath,infrastructure,5
3481,_16986_,generated_control,infrastructure,6
3482,_16987_,generated_control,infrastructure,4
3483,_16988_,generated_control,infrastructure,4
3484,_16989_,generated_control,infrastructure,4
3485,_16990_,generated_control,infrastructure,4
3486,_16991_,trap_debug,control,6
3487,_16992_,csr,control,4
3488,_16993_,generated_control,infrastructure,4
3489,_16994_,generated_control,infrastructure,6
3490,_16995_,generated_control,infrastructure,4
3491,_16996_,generated_control,infrastructure,5
3492,_16997_,generated_control,infrastructure,4
3493,_16998_,fetch,control,4
3494,_16999_,fetch,control,4
3495,_17000_,decode_control,control,4
3496,_17001_,generated_control,infrastructure,4
3497,_17002_,generated_control,infrastructure,6
3498,_17003_,generated_control,infrastructure,4
3499,_17004_,generated_datapath,infrastructure,6
3500,_17005_,generated_datapath,infrastructure,6
3501,_17006_,generated_control,infrastructure,4
3502,_17007_,generated_control,infrastructure,4
3503,_17008_,generated_control,infrastructure,4
3504,_17009_,generated_control,infrastructure,4
3505,_17010_,generated_datapath,infrastructure,7
3506,_17011_,generated_control,infrastructure,5
3507,_17012_,generated_datapath,infrastructure,6
3508,_17013_,generated_datapath,infrastructure,7
3509,_17014_,generated_control,infrastructure,4
3510,_17015_,generated_control,infrastructure,4
3511,_17016_,generated_control,infrastructure,4
3512,_17017_,generated_datapath,infrastructure,5
3513,_17018_,generated_control,infrastructure,5
3514,_17019_,generated_control,infrastructure,4
3515,_17020_,generated_control,infrastructure,4
3516,_17021_,generated_datapath,infrastructure,6
3517,_17022_,generated_datapath,infrastructure,5
3518,_17023_,generated_control,infrastructure,5
3519,_17024_,csr,control,4
3520,_17025_,clock_reset,control,3
3521,_17026_,trap_debug,control,5
3522,_17027_,decode_control,control,5
3523,_17028_,csr,control,5
3524,_17029_,generated_control,infrastructure,4
3525,_17030_,generated_datapath,infrastructure,5
3526,_17031_,generated_control,infrastructure,4
3527,_17032_,generated_control,infrastructure,4
3528,_17033_,generated_control,infrastructure,4
3529,_17034_,generated_control,infrastructure,4
3530,_17035_,generated_control,infrastructure,5
3531,_17036_,generated_control,infrastructure,5
3532,_17037_,generated_control,infrastructure,4
3533,_17038_,generated_control,infrastructure,4
3534,_17039_,generated_control,infrastructure,4
3535,_17040_,generated_control,infrastructure,5
3536,_17041_,generated_datapath,infrastructure,5
3537,_17042_,unclassified,infrastructure,7
3538,_17043_,generated_datapath,infrastructure,5
3539,_17044_,unclassified,infrastructure,7
3540,_17045_,generated_control,infrastructure,5
3541,_17046_,decode_control,control,5
3542,_17047_,unclassified,infrastructure,7
3543,_17048_,generated_control,infrastructure,4
3544,_17049_,generated_datapath,infrastructure,5
3545,_17050_,generated_control,infrastructure,5
3546,_17051_,clock_reset,control,3
3547,_17052_,generated_control,infrastructure,6
3548,_17053_,generated_datapath,infrastructure,5
3549,_17054_,unclassified,infrastructure,7
3550,_17055_,generated_control,infrastructure,4
3551,_17056_,unclassified,infrastructure,7
3552,_17057_,fetch,control,5
3553,_17058_,fetch,control,6
3554,_17059_,clock_reset,control,3
3555,_17060_,pipeline_state,control,4
3556,_17061_,pipeline_state,control,5
3557,_17062_,decode_control,control,4
3558,_17063_,generated_datapath,infrastructure,5
3559,_17064_,generated_datapath,infrastructure,5
3560,_17065_,generated_datapath,infrastructure,5
3561,_17066_,generated_datapath,infrastructure,5
3562,_17067_,generated_control,infrastructure,4
3563,_17068_,clock_reset,control,3
3564,_17069_,unclassified,infrastructure,6
3565,_17070_,generated_datapath,infrastructure,5
3566,_17071_,clock_reset,control,4
3567,_17072_,fetch,control,5
3568,_17073_,generated_datapath,infrastructure,5
3569,_17074_,generated_control,infrastructure,4
3570,_17075_,generated_control,infrastructure,5
3571,_17076_,generated_datapath,infrastructure,5
3572,_17077_,generated_control,infrastructure,5
3573,_17078_,generated_control,infrastructure,4
3574,_17079_,pipeline_state,control,5
3575,_17080_,multdiv,datapath,6
3576,_17081_,generated_control,infrastructure,4
3577,_17082_,pipeline_state,control,6
3578,_17083_,generated_control,infrastructure,4
3579,_17084_,generated_control,infrastructure,4
3580,_17085_,generated_control,infrastructure,4
3581,_17086_,generated_control,infrastructure,4
3582,_17087_,generated_control,infrastructure,5
3583,_17088_,generated_control,infrastructure,4
3584,_17089_,pipeline_state,control,4
3585,_17090_,generated_control,infrastructure,4
3586,_17091_,unclassified,infrastructure,6
3587,_17092_,generated_control,infrastructure,4
3588,_17093_,generated_control,infrastructure,4
3589,_17094_,generated_control,infrastructure,5
3590,_17095_,generated_control,infrastructure,5
3591,_17096_,generated_control,infrastructure,6
3592,_17097_,generated_datapath,infrastructure,7
3593,_17098_,generated_control,infrastructure,4
3594,_17099_,generated_control,infrastructure,5
3595,_17100_,unclassified,infrastructure,6
3596,_17101_,generated_datapath,infrastructure,5
3597,_17102_,generated_datapath,infrastructure,5
3598,_17103_,generated_datapath,infrastructure,4
3599,_17104_,unclassified,infrastructure,6
3600,_17105_,generated_control,infrastructure,4
3601,_17106_,generated_datapath,infrastructure,5
3602,_17107_,generated_control,infrastructure,4
3603,_17108_,generated_datapath,infrastructure,6
3604,_17109_,execute_alu,datapath,4
3605,_17110_,generated_control,infrastructure,6
3606,_17111_,generated_control,infrastructure,6
3607,_17112_,generated_control,infrastructure,6
3608,_17113_,generated_control,infrastructure,6
3609,_17114_,generated_control,infrastructure,5
3610,_17115_,generated_control,infrastructure,6
3611,_17116_,generated_control,infrastructure,4
3612,_17117_,generated_control,infrastructure,6
3613,_17118_,generated_control,infrastructure,6
3614,_17119_,generated_control,infrastructure,6
3615,_17120_,clock_reset,control,3
3616,_17121_,generated_control,infrastructure,6
3617,_17122_,generated_control,infrastructure,4
3618,_17123_,generated_control,infrastructure,5
3619,_17124_,generated_datapath,infrastructure,5
3620,_17125_,generated_control,infrastructure,4
3621,_17126_,unclassified,infrastructure,7
3622,_17127_,generated_control,infrastructure,4
3623,_17128_,generated_control,infrastructure,4
3624,_17129_,generated_control,infrastructure,4
3625,_17130_,generated_control,infrastructure,5
3626,_17131_,unclassified,infrastructure,6
3627,_17132_,generated_datapath,infrastructure,5
3628,_17133_,unclassified,infrastructure,7
3629,_17134_,generated_datapath,infrastructure,5
3630,_17135_,generated_datapath,infrastructure,5
3631,_17136_,generated_datapath,infrastructure,5
3632,_17137_,generated_datapath,infrastructure,5
3633,_17138_,generated_datapath,infrastructure,5
3634,_17139_,generated_control,infrastructure,4
3635,_17140_,generated_control,infrastructure,4
3636,_17141_,generated_datapath,infrastructure,5
3637,_17142_,csr,control,4
3638,_17143_,generated_datapath,infrastructure,5
3639,_17144_,clock_reset,control,3
3640,_17145_,generated_control,infrastructure,6
3641,_17146_,generated_control,infrastructure,4
3642,_17147_,generated_control,infrastructure,5
3643,_17148_,generated_control,infrastructure,5
3644,_17149_,csr,control,5
3645,_17150_,csr,control,6
3646,_17151_,fetch,control,6
3647,_17152_,generated_control,infrastructure,4
3648,_17153_,generated_control,infrastructure,4
3649,_17154_,generated_control,infrastructure,4
3650,_17155_,generated_control,infrastructure,5
3651,_17156_,generated_control,infrastructure,5
3652,_17157_,generated_datapath,infrastructure,5
3653,_17158_,clock_reset,control,3
3654,_17159_,generated_control,infrastructure,5
3655,_17160_,clock_reset,control,3
3656,_17161_,generated_control,infrastructure,5
3657,_17162_,generated_control,infrastructure,4
3658,_17163_,generated_control,infrastructure,5
3659,_17164_,generated_control,infrastructure,5
3660,_17165_,generated_control,infrastructure,5
3661,_17166_,generated_control,infrastructure,5
3662,_17167_,generated_datapath,infrastructure,5
3663,_17168_,clock_reset,control,3
3664,_17169_,generated_control,infrastructure,5
3665,_17170_,generated_control,infrastructure,4
3666,_17171_,generated_datapath,infrastructure,6
3667,_17172_,generated_control,infrastructure,4
3668,_17173_,generated_control,infrastructure,4
3669,_17174_,generated_control,infrastructure,4
3670,_17175_,generated_control,infrastructure,4
3671,_17176_,generated_control,infrastructure,5
3672,_17177_,generated_control,infrastructure,5
3673,_17178_,generated_datapath,infrastructure,5
3674,_17179_,generated_control,infrastructure,4
3675,_17180_,generated_control,infrastructure,4
3676,_17181_,unclassified,infrastructure,7
3677,_17182_,generated_control,infrastructure,4
3678,_17183_,generated_control,infrastructure,5
3679,_17184_,generated_control,infrastructure,5
3680,_17185_,generated_control,infrastructure,4
3681,_17186_,generated_control,infrastructure,4
3682,_17187_,generated_control,infrastructure,5
3683,_17188_,generated_control,infrastructure,4
3684,_17189_,generated_control,infrastructure,4
3685,_17190_,csr,control,4
3686,_17191_,generated_control,infrastructure,4
3687,_17192_,generated_datapath,infrastructure,5
3688,_17193_,generated_datapath,infrastructure,5
3689,_17194_,generated_control,infrastructure,5
3690,_17195_,generated_datapath,infrastructure,6
3691,_17196_,generated_control,infrastructure,5
3692,_17197_,generated_datapath,infrastructure,5
3693,_17198_,generated_datapath,infrastructure,5
3694,_17199_,generated_control,infrastructure,4
3695,_17200_,generated_control,infrastructure,4
3696,_17201_,generated_control,infrastructure,4
3697,_17202_,generated_control,infrastructure,4
3698,_17203_,generated_control,infrastructure,4
3699,_17204_,generated_datapath,infrastructure,5
3700,_17205_,generated_control,infrastructure,4
3701,_17206_,generated_datapath,infrastructure,5
3702,_17207_,generated_control,infrastructure,4
3703,_17208_,generated_datapath,infrastructure,5
3704,_17209_,generated_datapath,infrastructure,5
3705,_17210_,generated_datapath,infrastructure,7
3706,_17211_,generated_control,infrastructure,4
3707,_17212_,generated_control,infrastructure,4
3708,_17213_,generated_control,infrastructure,4
3709,_17214_,generated_control,infrastructure,4
3710,_17215_,generated_datapath,infrastructure,5
3711,_17216_,generated_control,infrastructure,5
3712,_17217_,generated_datapath,infrastructure,5
3713,_17218_,generated_control,infrastructure,4
3714,_17219_,generated_datapath,infrastructure,5
3715,_17220_,unclassified,infrastructure,7
3716,_17221_,generated_control,infrastructure,6
3717,_17222_,generated_datapath,infrastructure,5
3718,_17223_,generated_control,infrastructure,4
3719,_17224_,generated_control,infrastructure,4
3720,_17225_,generated_control,infrastructure,4
3721,_17226_,generated_control,infrastructure,4
3722,_17227_,generated_control,infrastructure,4
3723,_17228_,generated_control,infrastructure,5
3724,_17229_,unclassified,infrastructure,6
3725,_17230_,generated_control,infrastructure,4
3726,_17231_,generated_datapath,infrastructure,5
3727,_17232_,generated_control,infrastructure,4
3728,_17233_,generated_control,infrastructure,5
3729,_17234_,generated_control,infrastructure,5
3730,_17235_,unclassified,infrastructure,6
3731,_17236_,generated_control,infrastructure,4
3732,_17237_,generated_control,infrastructure,6
3733,_17238_,generated_control,infrastructure,4
3734,_17239_,generated_control,infrastructure,5
3735,_17240_,unclassified,infrastructure,6
3736,_17241_,generated_control,infrastructure,4
3737,_17242_,generated_control,infrastructure,4
3738,_17243_,generated_control,infrastructure,5
3739,_17244_,generated_control,infrastructure,4
3740,_17245_,generated_control,infrastructure,4
3741,_17246_,generated_control,infrastructure,4
3742,_17247_,generated_datapath,infrastructure,5
3743,_17248_,generated_control,infrastructure,4
3744,_17249_,generated_control,infrastructure,4
3745,_17250_,generated_control,infrastructure,5
3746,_17251_,generated_control,infrastructure,4
3747,_17252_,generated_control,infrastructure,6
3748,_17253_,generated_control,infrastructure,5
3749,_17254_,generated_control,infrastructure,6
3750,_17255_,generated_control,infrastructure,5
3751,_17256_,generated_control,infrastructure,6
3752,_17257_,generated_control,infrastructure,5
3753,_17258_,generated_datapath,infrastructure,5
3754,_17259_,generated_datapath,infrastructure,7
3755,_17260_,generated_datapath,infrastructure,7
3756,_17261_,generated_control,infrastructure,4
3757,_17262_,generated_control,infrastructure,5
3758,_17263_,generated_datapath,infrastructure,5
3759,_17264_,generated_control,infrastructure,4
3760,_17265_,generated_control,infrastructure,4
3761,_17266_,generated_datapath,infrastructure,7
3762,_17267_,generated_control,infrastructure,5
3763,_17268_,generated_datapath,infrastructure,5
3764,_17269_,generated_control,infrastructure,5
3765,_17270_,generated_datapath,infrastructure,5
3766,_17271_,generated_control,infrastructure,4
3767,_17272_,generated_datapath,infrastructure,5
3768,_17273_,generated_control,infrastructure,4
3769,_17274_,generated_control,infrastructure,5
3770,_17275_,clock_reset,control,3
3771,_17276_,generated_control,infrastructure,4
3772,_17277_,generated_control,infrastructure,4
3773,_17278_,generated_control,infrastructure,4
3774,_17279_,generated_control,infrastructure,5
3775,_17280_,generated_control,infrastructure,5
3776,_17281_,generated_control,infrastructure,6
3777,_17282_,generated_control,infrastructure,5
3778,_17283_,generated_control,infrastructure,6
3779,_17284_,generated_control,infrastructure,4
3780,_17285_,generated_datapath,infrastructure,5
3781,_17286_,generated_control,infrastructure,5
3782,_17287_,generated_control,infrastructure,6
3783,_17288_,generated_control,infrastructure,4
3784,_17289_,generated_control,infrastructure,6
3785,_17290_,clock_reset,control,3
3786,_17291_,generated_datapath,infrastructure,5
3787,_17292_,generated_control,infrastructure,4
3788,_17293_,generated_control,infrastructure,4
3789,_17294_,generated_datapath,infrastructure,5
3790,_17295_,load_store,datapath,4
3791,_17296_,generated_control,infrastructure,4
3792,_17297_,load_store,datapath,5
3793,_17298_,generated_control,infrastructure,4
3794,_17299_,generated_datapath,infrastructure,5
3795,_17300_,generated_datapath,infrastructure,5
3796,_17301_,generated_control,infrastructure,4
3797,_17302_,generated_control,infrastructure,6
3798,_17303_,generated_control,infrastructure,4
3799,_17304_,generated_control,infrastructure,4
3800,_17305_,generated_control,infrastructure,6
3801,_17306_,generated_datapath,infrastructure,5
3802,_17307_,generated_control,infrastructure,5
3803,_17308_,generated_control,infrastructure,5
3804,_17309_,generated_control,infrastructure,4
3805,_17310_,decode_control,control,5
3806,_17311_,generated_datapath,infrastructure,5
3807,_17312_,generated_datapath,infrastructure,5
3808,_17313_,generated_datapath,infrastructure,6
3809,_17314_,generated_datapath,infrastructure,5
3810,_17315_,generated_control,infrastructure,4
3811,_17316_,generated_control,infrastructure,4
3812,_17317_,generated_datapath,infrastructure,5
3813,_17318_,generated_control,infrastructure,4
3814,_17319_,generated_control,infrastructure,5
3815,_17320_,generated_datapath,infrastructure,5
3816,_17321_,generated_control,infrastructure,6
3817,_17322_,generated_control,infrastructure,4
3818,_17323_,generated_datapath,infrastructure,5
3819,_17324_,unclassified,infrastructure,7
3820,_17325_,load_store,datapath,4
3821,_17326_,load_store,datapath,4
3822,_17327_,generated_control,infrastructure,4
3823,_17328_,generated_datapath,infrastructure,5
3824,_17329_,generated_control,infrastructure,4
3825,_17330_,csr,control,6
3826,_17331_,generated_control,infrastructure,4
3827,_17332_,generated_datapath,infrastructure,5
3828,_17333_,generated_control,infrastructure,6
3829,_17334_,generated_control,infrastructure,5
3830,_17335_,generated_control,infrastructure,4
3831,_17336_,clock_reset,control,3
3832,_17337_,generated_control,infrastructure,4
3833,_17338_,generated_control,infrastructure,4
3834,_17339_,generated_control,infrastructure,4
3835,_17340_,generated_control,infrastructure,4
3836,_17341_,generated_control,infrastructure,4
3837,_17342_,generated_control,infrastructure,4
3838,_17343_,generated_control,infrastructure,4
3839,_17344_,generated_control,infrastructure,4
3840,_17345_,generated_control,infrastructure,4
3841,_17346_,generated_datapath,infrastructure,5
3842,_17347_,generated_control,infrastructure,4
3843,_17348_,generated_control,infrastructure,4
3844,_17349_,generated_control,infrastructure,4
3845,_17350_,generated_control,infrastructure,5
3846,_17351_,generated_control,infrastructure,4
3847,_17352_,generated_control,infrastructure,5
3848,_17353_,generated_control,infrastructure,4
3849,_17354_,unclassified,infrastructure,6
3850,_17355_,generated_control,infrastructure,4
3851,_17356_,generated_control,infrastructure,4
3852,_17357_,generated_control,infrastructure,4
3853,_17358_,unclassified,infrastructure,6
3854,_17359_,generated_control,infrastructure,5
3855,_17360_,generated_datapath,infrastructure,5
3856,_17361_,generated_control,infrastructure,5
3857,_17362_,generated_control,infrastructure,5
3858,_17363_,generated_control,infrastructure,4
3859,_17364_,generated_control,infrastructure,4
3860,_17365_,generated_control,infrastructure,4
3861,_17366_,generated_control,infrastructure,4
3862,_17367_,generated_control,infrastructure,5
3863,_17368_,generated_control,infrastructure,4
3864,_17369_,generated_control,infrastructure,4
3865,_17370_,generated_control,infrastructure,5
3866,_17371_,generated_control,infrastructure,4
3867,_17372_,generated_control,infrastructure,4
3868,_17373_,generated_control,infrastructure,4
3869,_17374_,generated_control,infrastructure,4
3870,_17375_,generated_control,infrastructure,5
3871,_17376_,generated_control,infrastructure,4
3872,_17377_,generated_control,infrastructure,4
3873,_17378_,generated_control,infrastructure,5
3874,_17379_,generated_control,infrastructure,5
3875,_17380_,generated_datapath,infrastructure,5
3876,_17381_,generated_control,infrastructure,6
3877,_17382_,generated_control,infrastructure,4
3878,_17383_,generated_datapath,infrastructure,5
3879,_17384_,generated_control,infrastructure,4
3880,_17385_,generated_control,infrastructure,5
3881,_17386_,generated_datapath,infrastructure,6
3882,_17387_,generated_control,infrastructure,4
3883,_17388_,generated_control,infrastructure,5
3884,_17389_,clock_reset,control,3
3885,_17390_,generated_control,infrastructure,6
3886,_17391_,generated_control,infrastructure,4
3887,_17392_,generated_datapath,infrastructure,5
3888,_17393_,generated_control,infrastructure,5
3889,_17394_,generated_control,infrastructure,5
3890,_17395_,generated_datapath,infrastructure,6
3891,_17396_,generated_control,infrastructure,4
3892,_17397_,generated_control,infrastructure,4
3893,_17398_,generated_control,infrastructure,4
3894,_17399_,generated_control,infrastructure,4
3895,_17400_,generated_datapath,infrastructure,8
3896,_17401_,generated_control,infrastructure,5
3897,_17402_,generated_control,infrastructure,6
3898,_17403_,generated_datapath,infrastructure,7
3899,_17404_,generated_control,infrastructure,5
3900,_17405_,generated_control,infrastructure,4
3901,_17406_,generated_datapath,infrastructure,6
3902,_17407_,generated_control,infrastructure,4
3903,_17408_,generated_control,infrastructure,4
3904,_17409_,generated_datapath,infrastructure,6
3905,_17410_,generated_control,infrastructure,6
3906,_17411_,generated_datapath,infrastructure,5
3907,_17412_,generated_control,infrastructure,4
3908,_17413_,clock_reset,control,3
3909,_17414_,generated_control,infrastructure,6
3910,_17415_,generated_control,infrastructure,5
3911,_17416_,clock_reset,control,3
3912,_17417_,generated_control,infrastructure,4
3913,_17418_,generated_control,infrastructure,5
3914,_17419_,generated_control,infrastructure,4
3915,_17420_,generated_control,infrastructure,4
3916,_17421_,generated_control,infrastructure,5
3917,_17422_,generated_control,infrastructure,6
3918,_17423_,clock_reset,control,3
3919,_17424_,generated_datapath,infrastructure,5
3920,_17425_,generated_control,infrastructure,4
3921,_17426_,generated_datapath,infrastructure,8
3922,_17427_,generated_datapath,infrastructure,6
3923,_17428_,generated_datapath,infrastructure,6
3924,_17429_,generated_datapath,infrastructure,6
3925,_17430_,generated_control,infrastructure,4
3926,_17431_,generated_control,infrastructure,4
3927,_17432_,generated_datapath,infrastructure,8
3928,_17433_,generated_control,infrastructure,4
3929,_17434_,generated_datapath,infrastructure,7
3930,_17435_,generated_control,infrastructure,5
3931,_17436_,generated_control,infrastructure,5
3932,_17437_,generated_control,infrastructure,4
3933,_17438_,clock_reset,control,3
3934,_17439_,generated_datapath,infrastructure,5
3935,_17440_,generated_control,infrastructure,5
3936,_17441_,unclassified,infrastructure,6
3937,_17442_,generated_datapath,infrastructure,5
3938,_17443_,generated_control,infrastructure,4
3939,_17444_,generated_datapath,infrastructure,5
3940,_17445_,generated_datapath,infrastructure,6
3941,_17446_,unclassified,infrastructure,7
3942,_17447_,generated_control,infrastructure,4
3943,_17448_,generated_control,infrastructure,4
3944,_17449_,generated_datapath,infrastructure,8
3945,_17450_,generated_datapath,infrastructure,8
3946,_17451_,generated_datapath,infrastructure,6
3947,_17452_,generated_datapath,infrastructure,7
3948,_17453_,generated_control,infrastructure,6
3949,_17454_,generated_control,infrastructure,4
3950,_17455_,clock_reset,control,3
3951,_17456_,generated_control,infrastructure,5
3952,_17457_,generated_control,infrastructure,4
3953,_17458_,generated_control,infrastructure,5
3954,_17459_,generated_control,infrastructure,5
3955,_17460_,generated_control,infrastructure,5
3956,_17461_,generated_control,infrastructure,4
3957,_17462_,generated_datapath,infrastructure,5
3958,_17463_,clock_reset,control,3
3959,_17464_,generated_control,infrastructure,5
3960,_17465_,generated_control,infrastructure,5
3961,_17466_,generated_control,infrastructure,4
3962,_17467_,generated_datapath,infrastructure,5
3963,_17468_,clock_reset,control,3
3964,_17469_,generated_control,infrastructure,5
3965,_17470_,generated_control,infrastructure,5
3966,_17471_,generated_control,infrastructure,4
3967,_17472_,generated_datapath,infrastructure,5
3968,_17473_,clock_reset,control,3
3969,_17474_,generated_control,infrastructure,4
3970,_17475_,clock_reset,control,3
3971,_17476_,generated_control,infrastructure,5
3972,_17477_,generated_control,infrastructure,4
3973,_17478_,generated_datapath,infrastructure,8
3974,_17479_,generated_datapath,infrastructure,5
3975,_17480_,unclassified,infrastructure,6
3976,_17481_,generated_control,infrastructure,4
3977,_17482_,generated_datapath,infrastructure,6
3978,_17483_,generated_control,infrastructure,5
3979,_17484_,generated_control,infrastructure,4
3980,_17485_,generated_control,infrastructure,4
3981,_17486_,generated_control,infrastructure,6
3982,_17487_,generated_control,infrastructure,4
3983,_17488_,generated_datapath,infrastructure,5
3984,_17489_,generated_datapath,infrastructure,5
3985,_17490_,decode_control,control,4
3986,_17491_,generated_datapath,infrastructure,4
3987,_17492_,generated_datapath,infrastructure,4
3988,_17493_,generated_control,infrastructure,4
3989,_17494_,generated_control,infrastructure,5
3990,_17495_,decode_control,control,4
3991,_17496_,generated_control,infrastructure,4
3992,_17497_,decode_control,control,5
3993,_17498_,generated_control,infrastructure,4
3994,_17499_,generated_control,infrastructure,4
3995,_17500_,generated_datapath,infrastructure,5
3996,_17501_,generated_datapath,infrastructure,5
3997,_17502_,generated_control,infrastructure,4
3998,_17503_,generated_datapath,infrastructure,5
3999,_17504_,decode_control,control,4
4000,_17505_,generated_control,infrastructure,4
4001,_17506_,generated_datapath,infrastructure,7
4002,_17507_,generated_control,infrastructure,4
4003,_17508_,generated_datapath,infrastructure,5
4004,_17509_,generated_datapath,infrastructure,6
4005,_17510_,generated_datapath,infrastructure,5
4006,_17511_,generated_control,infrastructure,4
4007,_17512_,generated_control,infrastructure,4
4008,_17513_,generated_control,infrastructure,5
4009,_17514_,generated_control,infrastructure,4
4010,_17515_,generated_control,infrastructure,5
4011,_17516_,generated_control,infrastructure,4
4012,_17517_,generated_control,infrastructure,4
4013,_17518_,generated_control,infrastructure,5
4014,_17519_,generated_control,infrastructure,4
4015,_17520_,generated_control,infrastructure,5
4016,_17521_,generated_control,infrastructure,4
4017,_17522_,generated_control,infrastructure,5
4018,_17523_,generated_control,infrastructure,4
4019,_17524_,generated_control,infrastructure,4
4020,_17525_,generated_control,infrastructure,5
4021,_17526_,generated_control,infrastructure,4
4022,_17527_,generated_control,infrastructure,4
4023,_17528_,generated_control,infrastructure,5
4024,_17529_,generated_control,infrastructure,4
4025,_17530_,generated_control,infrastructure,4
4026,_17531_,generated_control,infrastructure,5
4027,_17532_,generated_control,infrastructure,4
4028,_17533_,generated_control,infrastructure,4
4029,_17534_,generated_control,infrastructure,5
4030,_17535_,generated_control,infrastructure,4
4031,_17536_,generated_control,infrastructure,4
4032,_17537_,generated_control,infrastructure,5
4033,_17538_,generated_control,infrastructure,4
4034,_17539_,generated_control,infrastructure,4
4035,_17540_,generated_control,infrastructure,5
4036,_17541_,generated_datapath,infrastructure,4
4037,_17542_,generated_datapath,infrastructure,6
4038,_17543_,generated_datapath,infrastructure,5
4039,_17544_,generated_control,infrastructure,4
4040,_17545_,generated_datapath,infrastructure,6
4041,_17546_,generated_datapath,infrastructure,5
4042,_17547_,generated_control,infrastructure,4
4043,_17548_,generated_control,infrastructure,4
4044,_17549_,generated_datapath,infrastructure,4
4045,_17550_,generated_datapath,infrastructure,6
4046,_17551_,generated_datapath,infrastructure,5
4047,_17552_,generated_control,infrastructure,4
4048,_17553_,generated_datapath,infrastructure,5
4049,_17554_,generated_datapath,infrastructure,5
4050,_17555_,generated_control,infrastructure,4
4051,_17556_,unclassified,infrastructure,6
4052,_17557_,generated_control,infrastructure,5
4053,_17558_,generated_control,infrastructure,5
4054,_17559_,generated_control,infrastructure,4
4055,_17560_,generated_control,infrastructure,4
4056,_17561_,generated_control,infrastructure,4
4057,_17562_,clock_reset,control,3
4058,_17563_,generated_control,infrastructure,5
4059,_17564_,generated_datapath,infrastructure,5
4060,_17565_,generated_control,infrastructure,4
4061,_17566_,generated_control,infrastructure,4
4062,_17567_,generated_datapath,infrastructure,5
4063,_17568_,generated_datapath,infrastructure,5
4064,_17569_,generated_datapath,infrastructure,6
4065,_17570_,generated_datapath,infrastructure,6
4066,_17571_,clock_reset,control,3
4067,_17572_,generated_datapath,infrastructure,8
4068,_17573_,generated_datapath,infrastructure,6
4069,_17574_,generated_datapath,infrastructure,6
4070,_17575_,generated_datapath,infrastructure,7
4071,_17576_,generated_control,infrastructure,5
4072,_17577_,generated_datapath,infrastructure,6
4073,_17578_,generated_datapath,infrastructure,5
4074,_17579_,generated_datapath,infrastructure,5
4075,_17580_,generated_control,infrastructure,4
4076,_17581_,generated_datapath,infrastructure,5
4077,_17582_,generated_control,infrastructure,5
4078,_17583_,generated_control,infrastructure,4
4079,_17584_,generated_control,infrastructure,6
4080,_17585_,generated_control,infrastructure,5
4081,_17586_,generated_control,infrastructure,4
4082,_17587_,generated_control,infrastructure,4
4083,_17588_,generated_control,infrastructure,5
4084,_17589_,generated_control,infrastructure,5
4085,_17590_,generated_control,infrastructure,4
4086,_17591_,generated_control,infrastructure,5
4087,_17592_,generated_control,infrastructure,5
4088,_17593_,generated_control,infrastructure,4
4089,_17594_,generated_control,infrastructure,5
4090,_17595_,generated_control,infrastructure,6
4091,_17596_,generated_control,infrastructure,4
4092,_17597_,generated_control,infrastructure,5
4093,_17598_,generated_control,infrastructure,4
4094,_17599_,generated_control,infrastructure,5
4095,_17600_,generated_control,infrastructure,4
4096,_17601_,generated_control,infrastructure,5
4097,_17602_,generated_control,infrastructure,5
4098,_17603_,generated_control,infrastructure,4
4099,_17604_,generated_control,infrastructure,5
4100,_17605_,generated_control,infrastructure,6
4101,_17606_,generated_datapath,infrastructure,5
4102,_17607_,generated_control,infrastructure,4
4103,_17608_,generated_control,infrastructure,4
4104,_17609_,generated_datapath,infrastructure,5
4105,_17610_,generated_datapath,infrastructure,6
4106,_17611_,fetch,control,4
4107,_17612_,generated_control,infrastructure,4
4108,_17613_,generated_control,infrastructure,4
4109,_17614_,generated_control,infrastructure,4
4110,_17615_,generated_control,infrastructure,5
4111,_17616_,generated_datapath,infrastructure,5
4112,_17617_,generated_control,infrastructure,5
4113,_17618_,generated_control,infrastructure,5
4114,_17619_,generated_control,infrastructure,4
4115,_17620_,generated_datapath,infrastructure,5
4116,_17621_,generated_control,infrastructure,5
4117,_17622_,generated_datapath,infrastructure,5
4118,_17623_,multdiv,datapath,5
4119,_17624_,unclassified,infrastructure,7
4120,_17625_,generated_control,infrastructure,4
4121,_17626_,generated_control,infrastructure,4
4122,_17627_,generated_control,infrastructure,4
4123,_17628_,generated_control,infrastructure,4
4124,_17629_,generated_control,infrastructure,4
4125,_17630_,generated_control,infrastructure,4
4126,_17631_,generated_datapath,infrastructure,5
4127,_17632_,generated_control,infrastructure,4
4128,_17633_,generated_control,infrastructure,4
4129,_17634_,generated_control,infrastructure,4
4130,_17635_,unclassified,infrastructure,6
4131,_17636_,generated_control,infrastructure,5
4132,_17637_,generated_control,infrastructure,5
4133,_17638_,generated_control,infrastructure,5
4134,_17639_,generated_control,infrastructure,4
4135,_17640_,generated_datapath,infrastructure,5
4136,_17641_,clock_reset,control,3
4137,_17642_,generated_control,infrastructure,5
4138,_17643_,generated_control,infrastructure,5
4139,_17644_,generated_control,infrastructure,4
4140,_17645_,generated_datapath,infrastructure,5
4141,_17646_,generated_control,infrastructure,4
4142,_17647_,generated_control,infrastructure,4
4143,_17648_,generated_control,infrastructure,5
4144,_17649_,generated_control,infrastructure,5
4145,_17650_,generated_control,infrastructure,4
4146,_17651_,generated_datapath,infrastructure,5
4147,_17652_,clock_reset,control,3
4148,_17653_,generated_control,infrastructure,4
4149,_17654_,generated_control,infrastructure,4
4150,_17655_,generated_control,infrastructure,4
4151,_17656_,generated_control,infrastructure,4
4152,_17657_,generated_control,infrastructure,5
4153,_17658_,generated_control,infrastructure,5
4154,_17659_,generated_control,infrastructure,4
4155,_17660_,generated_datapath,infrastructure,5
4156,_17661_,clock_reset,control,3
4157,_17662_,generated_control,infrastructure,5
4158,_17663_,generated_control,infrastructure,5
4159,_17664_,generated_control,infrastructure,4
4160,_17665_,generated_datapath,infrastructure,5
4161,_17666_,clock_reset,control,3
4162,_17667_,generated_control,infrastructure,4
4163,_17668_,generated_control,infrastructure,4
4164,_17669_,generated_control,infrastructure,4
4165,_17670_,generated_control,infrastructure,4
4166,_17671_,generated_control,infrastructure,4
4167,_17672_,generated_control,infrastructure,4
4168,_17673_,generated_control,infrastructure,4
4169,_17674_,generated_control,infrastructure,4
4170,_17675_,generated_control,infrastructure,4
4171,_17676_,generated_control,infrastructure,4
4172,_17677_,generated_control,infrastructure,4
4173,_17678_,generated_control,infrastructure,4
4174,_17679_,generated_control,infrastructure,4
4175,_17680_,generated_control,infrastructure,5
4176,_17681_,unclassified,infrastructure,6
4177,_17682_,generated_control,infrastructure,5
4178,_17683_,generated_control,infrastructure,5
4179,_17684_,generated_control,infrastructure,4
4180,_17685_,generated_datapath,infrastructure,5
4181,_17686_,clock_reset,control,3
4182,_17687_,generated_control,infrastructure,4
4183,_17688_,generated_control,infrastructure,4
4184,_17689_,generated_datapath,infrastructure,5
4185,_17690_,generated_datapath,infrastructure,5
4186,_17691_,generated_control,infrastructure,4
4187,_17692_,generated_control,infrastructure,5
4188,_17693_,generated_control,infrastructure,5
4189,_17694_,generated_control,infrastructure,4
4190,_17695_,generated_datapath,infrastructure,5
4191,_17696_,clock_reset,control,3
4192,_17697_,generated_control,infrastructure,5
4193,_17698_,generated_control,infrastructure,5
4194,_17699_,generated_control,infrastructure,4
4195,_17700_,generated_datapath,infrastructure,5
4196,_17701_,clock_reset,control,3
4197,_17702_,generated_control,infrastructure,5
4198,_17703_,generated_control,infrastructure,5
4199,_17704_,generated_control,infrastructure,4
4200,_17705_,generated_datapath,infrastructure,5
4201,_17706_,clock_reset,control,3
4202,_17707_,generated_control,infrastructure,6
4203,_17708_,generated_control,infrastructure,4
4204,_17709_,generated_control,infrastructure,5
4205,_17710_,generated_control,infrastructure,5
4206,_17711_,generated_control,infrastructure,4
4207,_17712_,generated_datapath,infrastructure,5
4208,_17713_,generated_control,infrastructure,5
4209,_17714_,generated_control,infrastructure,5
4210,_17715_,generated_control,infrastructure,4
4211,_17716_,generated_datapath,infrastructure,5
4212,_17717_,clock_reset,control,3
4213,_17718_,generated_control,infrastructure,5
4214,_17719_,generated_control,infrastructure,5
4215,_17720_,generated_control,infrastructure,4
4216,_17721_,generated_datapath,infrastructure,5
4217,_17722_,generated_control,infrastructure,4
4218,_17723_,generated_control,infrastructure,5
4219,_17724_,generated_control,infrastructure,5
4220,_17725_,generated_control,infrastructure,4
4221,_17726_,generated_datapath,infrastructure,5
4222,_17727_,clock_reset,control,3
4223,_17728_,generated_control,infrastructure,5
4224,_17729_,generated_control,infrastructure,4
4225,_17730_,generated_datapath,infrastructure,6
4226,_17731_,generated_control,infrastructure,4
4227,_17732_,generated_control,infrastructure,4
4228,_17733_,generated_control,infrastructure,4
4229,_17734_,generated_control,infrastructure,4
4230,_17735_,generated_control,infrastructure,4
4231,_17736_,generated_control,infrastructure,4
4232,_17737_,generated_control,infrastructure,4
4233,_17738_,generated_control,infrastructure,4
4234,_17739_,generated_control,infrastructure,4
4235,_17740_,generated_control,infrastructure,5
4236,_17741_,generated_control,infrastructure,5
4237,_17742_,generated_control,infrastructure,4
4238,_17743_,generated_control,infrastructure,4
4239,_17744_,generated_datapath,infrastructure,7
4240,_17745_,generated_control,infrastructure,4
4241,_17746_,generated_datapath,infrastructure,6
4242,_17747_,generated_datapath,infrastructure,5
4243,_17748_,unclassified,infrastructure,7
4244,_17749_,generated_datapath,infrastructure,5
4245,_17750_,generated_datapath,infrastructure,7
4246,_17751_,generated_datapath,infrastructure,6
4247,_17752_,generated_control,infrastructure,4
4248,_17753_,generated_control,infrastructure,4
4249,_17754_,generated_datapath,infrastructure,5
4250,_17755_,generated_datapath,infrastructure,6
4251,_17756_,generated_control,infrastructure,4
4252,_17757_,generated_datapath,infrastructure,5
4253,_17758_,generated_datapath,infrastructure,6
4254,_17759_,generated_datapath,infrastructure,6
4255,_17760_,generated_datapath,infrastructure,7
4256,_17761_,generated_control,infrastructure,4
4257,_17762_,generated_control,infrastructure,4
4258,_17763_,generated_control,infrastructure,4
4259,_17764_,generated_control,infrastructure,4
4260,_17765_,generated_datapath,infrastructure,5
4261,_17766_,generated_control,infrastructure,4
4262,_17767_,generated_datapath,infrastructure,5
4263,_17768_,generated_datapath,infrastructure,5
4264,_17769_,generated_datapath,infrastructure,5
4265,_17770_,generated_datapath,infrastructure,5
4266,_17771_,generated_datapath,infrastructure,6
4267,_17772_,generated_control,infrastructure,5
4268,_17773_,generated_datapath,infrastructure,6
4269,_17774_,generated_control,infrastructure,4
4270,_17775_,generated_datapath,infrastructure,5
4271,_17776_,generated_datapath,infrastructure,6
4272,_17777_,generated_datapath,infrastructure,5
4273,_17778_,generated_datapath,infrastructure,6
4274,_17779_,generated_datapath,infrastructure,5
4275,_17780_,generated_control,infrastructure,4
4276,_17781_,generated_datapath,infrastructure,7
4277,_17782_,generated_control,infrastructure,4
4278,_17783_,generated_control,infrastructure,4
4279,_17784_,generated_datapath,infrastructure,5
4280,_17785_,generated_datapath,infrastructure,6
4281,_17786_,generated_control,infrastructure,6
4282,_17787_,unclassified,infrastructure,7
4283,_17788_,generated_datapath,infrastructure,6
4284,_17789_,unclassified,infrastructure,6
4285,_17790_,generated_datapath,infrastructure,7
4286,_17791_,generated_datapath,infrastructure,5
4287,_17792_,generated_datapath,infrastructure,6
4288,_17793_,generated_datapath,infrastructure,5
4289,_17794_,generated_datapath,infrastructure,6
4290,_17795_,generated_datapath,infrastructure,5
4291,_17796_,generated_datapath,infrastructure,6
4292,_17797_,generated_control,infrastructure,4
4293,_17798_,generated_datapath,infrastructure,5
4294,_17799_,generated_datapath,infrastructure,5
4295,_17800_,generated_datapath,infrastructure,5
4296,_17801_,generated_control,infrastructure,4
4297,_17802_,generated_control,infrastructure,5
4298,_17803_,generated_datapath,infrastructure,7
4299,_17804_,generated_control,infrastructure,4
4300,_17805_,generated_control,infrastructure,4
4301,_17806_,unclassified,infrastructure,6
4302,_17807_,generated_control,infrastructure,4
4303,_17808_,generated_datapath,infrastructure,6
4304,_17809_,generated_datapath,infrastructure,5
4305,_17810_,generated_datapath,infrastructure,5
4306,_17811_,generated_datapath,infrastructure,5
4307,_17812_,generated_datapath,infrastructure,5
4308,_17813_,unclassified,infrastructure,6
4309,_17814_,generated_datapath,infrastructure,5
4310,_17815_,generated_datapath,infrastructure,5
4311,_17816_,generated_datapath,infrastructure,5
4312,_17817_,generated_control,infrastructure,4
4313,_17818_,generated_control,infrastructure,4
4314,_17819_,generated_datapath,infrastructure,5
4315,_17820_,generated_datapath,infrastructure,5
4316,_17821_,generated_datapath,infrastructure,5
4317,_17822_,generated_datapath,infrastructure,6
4318,_17823_,generated_datapath,infrastructure,5
4319,_17824_,generated_control,infrastructure,4
4320,_17825_,generated_control,infrastructure,4
4321,_17826_,unclassified,infrastructure,7
4322,_17827_,generated_datapath,infrastructure,6
4323,_17828_,generated_datapath,infrastructure,5
4324,_17829_,generated_datapath,infrastructure,8
4325,_17830_,generated_datapath,infrastructure,5
4326,_17831_,generated_control,infrastructure,4
4327,_17832_,generated_datapath,infrastructure,5
4328,_17833_,generated_datapath,infrastructure,5
4329,_17834_,generated_datapath,infrastructure,6
4330,_17835_,generated_control,infrastructure,5
4331,_17836_,generated_datapath,infrastructure,5
4332,_17837_,generated_datapath,infrastructure,5
4333,_17838_,generated_control,infrastructure,5
4334,_17839_,generated_control,infrastructure,5
4335,_17840_,generated_control,infrastructure,4
4336,_17841_,generated_control,infrastructure,4
4337,_17842_,generated_control,infrastructure,4
4338,_17843_,generated_control,infrastructure,4
4339,_17844_,generated_datapath,infrastructure,5
4340,_17845_,generated_datapath,infrastructure,6
4341,_17846_,generated_datapath,infrastructure,8
4342,_17847_,generated_datapath,infrastructure,5
4343,_17848_,generated_datapath,infrastructure,5
4344,_17849_,generated_datapath,infrastructure,5
4345,_17850_,generated_datapath,infrastructure,6
4346,_17851_,generated_datapath,infrastructure,5
4347,_17852_,generated_control,infrastructure,4
4348,_17853_,generated_datapath,infrastructure,5
4349,_17854_,generated_control,infrastructure,4
4350,_17855_,generated_control,infrastructure,5
4351,_17856_,generated_control,infrastructure,4
4352,_17857_,generated_control,infrastructure,4
4353,_17858_,generated_control,infrastructure,4
4354,_17859_,generated_control,infrastructure,5
4355,_17860_,generated_datapath,infrastructure,5
4356,_17861_,generated_datapath,infrastructure,8
4357,_17862_,generated_control,infrastructure,4
4358,_17863_,unclassified,infrastructure,6
4359,_17864_,generated_datapath,infrastructure,6
4360,_17865_,generated_control,infrastructure,4
4361,_17866_,generated_control,infrastructure,4
4362,_17867_,generated_datapath,infrastructure,7
4363,_17868_,generated_datapath,infrastructure,5
4364,_17869_,generated_control,infrastructure,4
4365,_17870_,generated_datapath,infrastructure,5
4366,_17871_,generated_datapath,infrastructure,5
4367,_17872_,generated_datapath,infrastructure,5
4368,_17873_,generated_control,infrastructure,5
4369,_17874_,generated_control,infrastructure,5
4370,_17875_,generated_datapath,infrastructure,6
4371,_17876_,generated_datapath,infrastructure,5
4372,_17877_,generated_datapath,infrastructure,6
4373,_17878_,generated_datapath,infrastructure,5
4374,_17879_,generated_control,infrastructure,4
4375,_17880_,generated_datapath,infrastructure,5
4376,_17881_,unclassified,infrastructure,6
4377,_17882_,generated_control,infrastructure,5
4378,_17883_,generated_control,infrastructure,5
4379,_17884_,generated_control,infrastructure,4
4380,_17885_,generated_datapath,infrastructure,5
4381,_17886_,generated_datapath,infrastructure,7
4382,_17887_,generated_control,infrastructure,5
4383,_17888_,clock_reset,control,3
4384,_17889_,generated_control,infrastructure,4
4385,_17890_,generated_datapath,infrastructure,5
4386,_17891_,generated_datapath,infrastructure,5
4387,_17892_,generated_datapath,infrastructure,5
4388,_17893_,generated_datapath,infrastructure,7
4389,_17894_,generated_datapath,infrastructure,6
4390,_17895_,generated_control,infrastructure,5
4391,_17896_,generated_control,infrastructure,5
4392,_17897_,generated_datapath,infrastructure,5
4393,_17898_,generated_datapath,infrastructure,7
4394,_17899_,generated_datapath,infrastructure,5
4395,_17900_,unclassified,infrastructure,6
4396,_17901_,generated_datapath,infrastructure,5
4397,_17902_,generated_control,infrastructure,4
4398,_17903_,clock_reset,control,3
4399,_17904_,generated_datapath,infrastructure,5
4400,_17905_,generated_datapath,infrastructure,5
4401,_17906_,unclassified,infrastructure,7
4402,_17907_,generated_control,infrastructure,5
4403,_17908_,generated_control,infrastructure,5
4404,_17909_,generated_datapath,infrastructure,5
4405,_17910_,load_store,datapath,4
4406,_17911_,generated_control,infrastructure,4
4407,_17912_,unclassified,infrastructure,7
4408,_17913_,generated_control,infrastructure,5
4409,_17914_,generated_control,infrastructure,5
4410,_17915_,generated_datapath,infrastructure,5
4411,_17916_,generated_control,infrastructure,4
4412,_17917_,generated_control,infrastructure,4
4413,_17918_,generated_datapath,infrastructure,6
4414,_17919_,generated_control,infrastructure,5
4415,_17920_,clock_reset,control,3
4416,_17921_,generated_control,infrastructure,4
4417,_17922_,generated_datapath,infrastructure,5
4418,_17923_,generated_control,infrastructure,5
4419,_17924_,generated_datapath,infrastructure,6
4420,_17925_,generated_datapath,infrastructure,5
4421,_17926_,generated_control,infrastructure,4
4422,_17927_,generated_control,infrastructure,5
4423,_17928_,generated_control,infrastructure,4
4424,_17929_,generated_control,infrastructure,4
4425,_17930_,generated_datapath,infrastructure,5
4426,_17931_,generated_datapath,infrastructure,5
4427,_17932_,generated_datapath,infrastructure,6
4428,_17933_,generated_control,infrastructure,4
4429,_17934_,generated_datapath,infrastructure,5
4430,_17935_,generated_datapath,infrastructure,6
4431,_17936_,generated_datapath,infrastructure,7
4432,_17937_,generated_datapath,infrastructure,5
4433,_17938_,generated_datapath,infrastructure,5
4434,_17939_,generated_datapath,infrastructure,6
4435,_17940_,generated_control,infrastructure,4
4436,_17941_,generated_control,infrastructure,5
4437,_17942_,clock_reset,control,3
4438,_17943_,generated_control,infrastructure,5
4439,_17944_,generated_datapath,infrastructure,5
4440,_17945_,generated_control,infrastructure,4
4441,_17946_,generated_datapath,infrastructure,5
4442,_17947_,generated_control,infrastructure,5
4443,_17948_,generated_control,infrastructure,4
4444,_17949_,generated_datapath,infrastructure,7
4445,_17950_,generated_control,infrastructure,4
4446,_17951_,generated_datapath,infrastructure,5
4447,_17952_,unclassified,infrastructure,7
4448,_17953_,generated_control,infrastructure,4
4449,_17954_,generated_control,infrastructure,5
4450,_17955_,generated_datapath,infrastructure,5
4451,_17956_,generated_control,infrastructure,6
4452,_17957_,generated_datapath,infrastructure,5
4453,_17958_,generated_datapath,infrastructure,5
4454,_17959_,generated_datapath,infrastructure,5
4455,_17960_,generated_datapath,infrastructure,5
4456,_17961_,generated_control,infrastructure,4
4457,_17962_,generated_control,infrastructure,5
4458,_17963_,generated_control,infrastructure,4
4459,_17964_,unclassified,infrastructure,7
4460,_17965_,generated_datapath,infrastructure,5
4461,_17966_,generated_control,infrastructure,5
4462,_17967_,generated_datapath,infrastructure,5
4463,_17968_,generated_datapath,infrastructure,5
4464,_17969_,generated_datapath,infrastructure,6
4465,_17970_,generated_control,infrastructure,4
4466,_17971_,generated_datapath,infrastructure,5
4467,_17972_,generated_control,infrastructure,4
4468,_17973_,generated_control,infrastructure,5
4469,_17974_,clock_reset,control,3
4470,_17975_,generated_control,infrastructure,4
4471,_17976_,generated_datapath,infrastructure,5
4472,_17977_,generated_control,infrastructure,5
4473,_17978_,unclassified,infrastructure,7
4474,_17979_,generated_control,infrastructure,4
4475,_17980_,unclassified,infrastructure,7
4476,_17981_,generated_datapath,infrastructure,6
4477,_17982_,generated_datapath,infrastructure,5
4478,_17983_,generated_datapath,infrastructure,6
4479,_17984_,generated_control,infrastructure,3
4480,_17985_,generated_control,infrastructure,4
4481,_17986_,generated_datapath,infrastructure,6
4482,_17987_,generated_datapath,infrastructure,5
4483,_17988_,generated_datapath,infrastructure,6
4484,_17989_,generated_control,infrastructure,4
4485,_17990_,generated_datapath,infrastructure,7
4486,_17991_,generated_control,infrastructure,5
4487,_17992_,generated_control,infrastructure,4
4488,_17993_,generated_control,infrastructure,4
4489,_17994_,generated_control,infrastructure,4
4490,_17995_,generated_datapath,infrastructure,6
4491,_17996_,generated_control,infrastructure,4
4492,_17997_,generated_datapath,infrastructure,5
4493,_17998_,unclassified,infrastructure,7
4494,_17999_,generated_datapath,infrastructure,7
4495,_18000_,generated_datapath,infrastructure,5
4496,_18001_,generated_datapath,infrastructure,5
4497,_18002_,generated_control,infrastructure,4
4498,_18003_,generated_control,infrastructure,4
4499,_18004_,generated_datapath,infrastructure,6
4500,_18005_,generated_datapath,infrastructure,7
4501,_18006_,generated_control,infrastructure,5
4502,_18007_,generated_control,infrastructure,5
4503,_18008_,generated_datapath,infrastructure,5
4504,_18009_,generated_control,infrastructure,4
4505,_18010_,generated_datapath,infrastructure,5
4506,_18011_,generated_control,infrastructure,5
4507,_18012_,generated_control,infrastructure,4
4508,_18013_,generated_control,infrastructure,4
4509,_18014_,generated_control,infrastructure,4
4510,_18015_,generated_control,infrastructure,4
4511,_18016_,generated_datapath,infrastructure,5
4512,_18017_,generated_datapath,infrastructure,7
4513,_18018_,generated_control,infrastructure,5
4514,_18019_,clock_reset,control,3
4515,_18020_,generated_control,infrastructure,4
4516,_18021_,generated_datapath,infrastructure,5
4517,_18022_,generated_datapath,infrastructure,6
4518,_18023_,generated_datapath,infrastructure,6
4519,_18024_,unclassified,infrastructure,6
4520,_18025_,generated_datapath,infrastructure,5
4521,_18026_,generated_control,infrastructure,4
4522,_18027_,generated_datapath,infrastructure,5
4523,_18028_,generated_datapath,infrastructure,6
4524,_18029_,generated_control,infrastructure,4
4525,_18030_,generated_control,infrastructure,4
4526,_18031_,generated_datapath,infrastructure,5
4527,_18032_,generated_control,infrastructure,4
4528,_18033_,generated_control,infrastructure,5
4529,_18034_,decode_control,control,5
4530,_18035_,generated_control,infrastructure,4
4531,_18036_,generated_control,infrastructure,4
4532,_18037_,generated_datapath,infrastructure,6
4533,_18038_,unclassified,infrastructure,7
4534,_18039_,generated_control,infrastructure,5
4535,_18040_,clock_reset,control,3
4536,_18041_,generated_control,infrastructure,5
4537,_18042_,generated_control,infrastructure,4
4538,_18043_,decode_control,control,5
4539,_18044_,decode_control,control,5
4540,_18045_,generated_datapath,infrastructure,5
4541,_18046_,generated_control,infrastructure,5
4542,_18047_,generated_datapath,infrastructure,6
4543,_18048_,generated_datapath,infrastructure,5
4544,_18049_,generated_datapath,infrastructure,5
4545,_18050_,generated_datapath,infrastructure,5
4546,_18051_,generated_datapath,infrastructure,5
4547,_18052_,generated_datapath,infrastructure,5
4548,_18053_,generated_datapath,infrastructure,5
4549,_18054_,generated_datapath,infrastructure,5
4550,_18055_,generated_datapath,infrastructure,5
4551,_18056_,csr,control,4
4552,_18057_,generated_datapath,infrastructure,6
4553,_18058_,generated_datapath,infrastructure,5
4554,_18059_,unclassified,infrastructure,7
4555,_18060_,generated_datapath,infrastructure,5
4556,_18061_,generated_control,infrastructure,4
4557,_18062_,generated_control,infrastructure,4
4558,_18063_,generated_control,infrastructure,4
4559,_18064_,generated_datapath,infrastructure,4
4560,_18065_,generated_datapath,infrastructure,5
4561,_18066_,generated_control,infrastructure,4
4562,_18067_,csr,control,7
4563,_18068_,generated_control,infrastructure,5
4564,_18069_,clock_reset,control,3
4565,_18070_,generated_datapath,infrastructure,5
4566,_18071_,generated_control,infrastructure,4
4567,_18072_,generated_datapath,infrastructure,5
4568,_18073_,generated_datapath,infrastructure,7
4569,_18074_,generated_datapath,infrastructure,5
4570,_18075_,generated_datapath,infrastructure,5
4571,_18076_,generated_datapath,infrastructure,5
4572,_18077_,decode_control,control,4
4573,_18078_,decode_control,control,5
4574,_18079_,generated_control,infrastructure,4
4575,_18080_,decode_control,control,4
4576,_18081_,fetch,control,7
4577,_18082_,unclassified,infrastructure,6
4578,_18083_,unclassified,infrastructure,6
4579,_18084_,generated_datapath,infrastructure,6
4580,_18085_,generated_datapath,infrastructure,5
4581,_18086_,generated_datapath,infrastructure,4
4582,_18087_,generated_datapath,infrastructure,6
4583,_18088_,generated_control,infrastructure,5
4584,_18089_,generated_control,infrastructure,4
4585,_18090_,generated_datapath,infrastructure,7
4586,_18091_,generated_control,infrastructure,4
4587,_18092_,decode_control,control,5
4588,_18093_,generated_datapath,infrastructure,5
4589,_18094_,generated_datapath,infrastructure,6
4590,_18095_,generated_control,infrastructure,4
4591,_18096_,generated_datapath,infrastructure,5
4592,_18097_,generated_control,infrastructure,4
4593,_18098_,generated_datapath,infrastructure,4
4594,_18099_,generated_datapath,infrastructure,6
4595,_18100_,generated_control,infrastructure,5
4596,_18101_,generated_control,infrastructure,4
4597,_18102_,generated_datapath,infrastructure,7
4598,_18103_,unclassified,infrastructure,7
4599,_18104_,generated_datapath,infrastructure,6
4600,_18105_,generated_datapath,infrastructure,5
4601,_18106_,generated_datapath,infrastructure,4
4602,_18107_,generated_datapath,infrastructure,5
4603,_18108_,generated_control,infrastructure,4
4604,_18109_,generated_control,infrastructure,4
4605,_18110_,clock_reset,control,3
4606,_18111_,generated_datapath,infrastructure,5
4607,_18112_,decode_control,control,7
4608,_18113_,generated_datapath,infrastructure,6
4609,_18114_,generated_datapath,infrastructure,5
4610,_18115_,generated_datapath,infrastructure,4
4611,_18116_,generated_datapath,infrastructure,5
4612,_18117_,generated_control,infrastructure,8
4613,_18118_,decode_control,control,5
4614,_18119_,generated_datapath,infrastructure,6
4615,_18120_,generated_control,infrastructure,5
4616,_18121_,generated_datapath,infrastructure,5
4617,_18122_,generated_datapath,infrastructure,4
4618,_18123_,generated_datapath,infrastructure,7
4619,_18124_,generated_datapath,infrastructure,5
4620,_18125_,generated_control,infrastructure,4
4621,_18126_,generated_control,infrastructure,4
4622,_18127_,generated_datapath,infrastructure,5
4623,_18128_,generated_control,infrastructure,4
4624,_18129_,generated_control,infrastructure,4
4625,_18130_,generated_control,infrastructure,4
4626,_18131_,generated_datapath,infrastructure,6
4627,_18132_,generated_datapath,infrastructure,4
4628,_18133_,generated_datapath,infrastructure,5
4629,_18134_,generated_datapath,infrastructure,6
4630,_18135_,generated_control,infrastructure,4
4631,_18136_,generated_control,infrastructure,4
4632,_18137_,generated_datapath,infrastructure,5
4633,_18138_,generated_datapath,infrastructure,7
4634,_18139_,generated_control,infrastructure,4
4635,_18140_,generated_datapath,infrastructure,5
4636,_18141_,generated_datapath,infrastructure,4
4637,_18142_,generated_control,infrastructure,4
4638,_18143_,generated_datapath,infrastructure,5
4639,_18144_,generated_control,infrastructure,8
4640,_18145_,generated_control,infrastructure,5
4641,_18146_,generated_datapath,infrastructure,5
4642,_18147_,generated_datapath,infrastructure,7
4643,_18148_,generated_datapath,infrastructure,4
4644,_18149_,generated_control,infrastructure,5
4645,_18150_,generated_datapath,infrastructure,5
4646,_18151_,generated_control,infrastructure,4
4647,_18152_,generated_datapath,infrastructure,5
4648,_18153_,generated_control,infrastructure,4
4649,_18154_,generated_datapath,infrastructure,5
4650,_18155_,generated_control,infrastructure,5
4651,_18156_,generated_datapath,infrastructure,7
4652,_18157_,generated_datapath,infrastructure,5
4653,_18158_,generated_datapath,infrastructure,4
4654,_18159_,generated_control,infrastructure,4
4655,_18160_,generated_datapath,infrastructure,5
4656,_18161_,generated_control,infrastructure,4
4657,_18162_,generated_control,infrastructure,5
4658,_18163_,generated_datapath,infrastructure,5
4659,_18164_,generated_datapath,infrastructure,7
4660,_18165_,generated_datapath,infrastructure,4
4661,_18166_,generated_control,infrastructure,5
4662,_18167_,generated_datapath,infrastructure,5
4663,_18168_,generated_control,infrastructure,5
4664,_18169_,generated_control,infrastructure,4
4665,_18170_,generated_control,infrastructure,4
4666,_18171_,generated_datapath,infrastructure,7
4667,_18172_,generated_datapath,infrastructure,4
4668,_18173_,generated_datapath,infrastructure,5
4669,_18174_,generated_control,infrastructure,4
4670,_18175_,generated_datapath,infrastructure,6
4671,_18176_,generated_control,infrastructure,4
4672,_18177_,generated_control,infrastructure,5
4673,_18178_,generated_control,infrastructure,4
4674,_18179_,generated_datapath,infrastructure,6
4675,_18180_,generated_datapath,infrastructure,4
4676,_18181_,unclassified,infrastructure,7
4677,_18182_,generated_datapath,infrastructure,5
4678,_18183_,generated_control,infrastructure,4
4679,_18184_,generated_control,infrastructure,5
4680,_18185_,generated_control,infrastructure,4
4681,_18186_,generated_datapath,infrastructure,6
4682,_18187_,generated_control,infrastructure,8
4683,_18188_,generated_datapath,infrastructure,4
4684,_18189_,unclassified,infrastructure,7
4685,_18190_,generated_datapath,infrastructure,5
4686,_18191_,generated_control,infrastructure,4
4687,_18192_,generated_control,infrastructure,4
4688,_18193_,generated_datapath,infrastructure,5
4689,_18194_,generated_control,infrastructure,5
4690,_18195_,generated_datapath,infrastructure,7
4691,_18196_,generated_datapath,infrastructure,4
4692,_18197_,generated_control,infrastructure,4
4693,_18198_,unclassified,infrastructure,6
4694,_18199_,generated_control,infrastructure,4
4695,_18200_,generated_control,infrastructure,4
4696,_18201_,generated_datapath,infrastructure,5
4697,_18202_,generated_datapath,infrastructure,7
4698,_18203_,generated_control,infrastructure,4
4699,_18204_,generated_datapath,infrastructure,5
4700,_18205_,generated_datapath,infrastructure,4
4701,_18206_,generated_control,infrastructure,4
4702,_18207_,generated_datapath,infrastructure,5
4703,_18208_,generated_control,infrastructure,4
4704,_18209_,generated_control,infrastructure,5
4705,_18210_,generated_control,infrastructure,4
4706,_18211_,generated_datapath,infrastructure,6
4707,_18212_,unclassified,infrastructure,6
4708,_18213_,generated_datapath,infrastructure,4
4709,_18214_,generated_control,infrastructure,4
4710,_18215_,generated_datapath,infrastructure,5
4711,_18216_,generated_control,infrastructure,4
4712,_18217_,generated_control,infrastructure,4
4713,_18218_,generated_datapath,infrastructure,5
4714,_18219_,generated_datapath,infrastructure,7
4715,_18220_,generated_control,infrastructure,4
4716,_18221_,generated_datapath,infrastructure,4
4717,_18222_,generated_datapath,infrastructure,6
4718,_18223_,generated_datapath,infrastructure,5
4719,_18224_,generated_control,infrastructure,4
4720,_18225_,generated_datapath,infrastructure,5
4721,_18226_,generated_control,infrastructure,5
4722,_18227_,generated_datapath,infrastructure,7
4723,_18228_,generated_control,infrastructure,8
4724,_18229_,generated_datapath,infrastructure,4
4725,_18230_,generated_datapath,infrastructure,6
4726,_18231_,generated_datapath,infrastructure,5
4727,_18232_,generated_control,infrastructure,4
4728,_18233_,generated_control,infrastructure,4
4729,_18234_,generated_datapath,infrastructure,5
4730,_18235_,generated_control,infrastructure,4
4731,_18236_,generated_datapath,infrastructure,7
4732,_18237_,generated_control,infrastructure,4
4733,_18238_,generated_datapath,infrastructure,4
4734,_18239_,generated_datapath,infrastructure,6
4735,_18240_,generated_datapath,infrastructure,5
4736,_18241_,generated_control,infrastructure,4
4737,_18242_,generated_control,infrastructure,4
4738,_18243_,generated_datapath,infrastructure,5
4739,_18244_,generated_datapath,infrastructure,7
4740,_18245_,generated_control,infrastructure,4
4741,_18246_,generated_datapath,infrastructure,4
4742,_18247_,generated_datapath,infrastructure,6
4743,_18248_,generated_datapath,infrastructure,5
4744,_18249_,generated_control,infrastructure,4
4745,_18250_,generated_control,infrastructure,4
4746,_18251_,generated_datapath,infrastructure,5
4747,_18252_,generated_datapath,infrastructure,7
4748,_18253_,generated_control,infrastructure,4
4749,_18254_,generated_control,infrastructure,4
4750,_18255_,generated_datapath,infrastructure,4
4751,_18256_,generated_datapath,infrastructure,6
4752,_18257_,generated_datapath,infrastructure,5
4753,_18258_,generated_control,infrastructure,4
4754,_18259_,generated_control,infrastructure,4
4755,_18260_,generated_datapath,infrastructure,5
4756,_18261_,generated_control,infrastructure,4
4757,_18262_,generated_datapath,infrastructure,7
4758,_18263_,generated_control,infrastructure,4
4759,_18264_,generated_datapath,infrastructure,4
4760,_18265_,clock_reset,control,3
4761,_18266_,generated_datapath,infrastructure,6
4762,_18267_,generated_datapath,infrastructure,5
4763,_18268_,generated_control,infrastructure,4
4764,_18269_,generated_datapath,infrastructure,5
4765,_18270_,generated_control,infrastructure,5
4766,_18271_,generated_datapath,infrastructure,7
4767,_18272_,generated_datapath,infrastructure,4
4768,_18273_,generated_control,infrastructure,5
4769,_18274_,generated_datapath,infrastructure,6
4770,_18275_,generated_datapath,infrastructure,5
4771,_18276_,generated_control,infrastructure,4
4772,_18277_,generated_control,infrastructure,4
4773,_18278_,generated_datapath,infrastructure,5
4774,_18279_,generated_datapath,infrastructure,7
4775,_18280_,generated_control,infrastructure,4
4776,_18281_,generated_datapath,infrastructure,4
4777,_18282_,generated_datapath,infrastructure,6
4778,_18283_,generated_datapath,infrastructure,5
4779,_18284_,generated_control,infrastructure,4
4780,_18285_,generated_datapath,infrastructure,5
4781,_18286_,generated_control,infrastructure,5
4782,_18287_,generated_datapath,infrastructure,7
4783,_18288_,generated_control,infrastructure,5
4784,_18289_,generated_datapath,infrastructure,4
4785,_18290_,generated_datapath,infrastructure,6
4786,_18291_,generated_datapath,infrastructure,5
4787,_18292_,generated_control,infrastructure,4
4788,_18293_,generated_datapath,infrastructure,5
4789,_18294_,generated_control,infrastructure,5
4790,_18295_,generated_datapath,infrastructure,7
4791,_18296_,generated_control,infrastructure,3
4792,_18297_,generated_datapath,infrastructure,4
4793,_18298_,generated_datapath,infrastructure,6
4794,_18299_,generated_datapath,infrastructure,5
4795,_18300_,generated_control,infrastructure,4
4796,_18301_,generated_control,infrastructure,4
4797,_18302_,generated_datapath,infrastructure,5
4798,_18303_,generated_datapath,infrastructure,7
4799,_18304_,generated_control,infrastructure,4
4800,_18305_,generated_datapath,infrastructure,4
4801,_18306_,generated_datapath,infrastructure,6
4802,_18307_,generated_datapath,infrastructure,5
4803,_18308_,generated_control,infrastructure,4
4804,_18309_,generated_control,infrastructure,4
4805,_18310_,generated_datapath,infrastructure,5
4806,_18311_,generated_datapath,infrastructure,7
4807,_18312_,generated_control,infrastructure,4
4808,_18313_,generated_datapath,infrastructure,4
4809,_18314_,generated_datapath,infrastructure,6
4810,_18315_,generated_datapath,infrastructure,5
4811,_18316_,generated_control,infrastructure,4
4812,_18317_,generated_control,infrastructure,4
4813,_18318_,generated_datapath,infrastructure,5
4814,_18319_,generated_datapath,infrastructure,5
4815,_18320_,generated_control,infrastructure,5
4816,_18321_,generated_control,infrastructure,5
4817,_18322_,generated_control,infrastructure,5
4818,_18323_,generated_control,infrastructure,5
4819,_18324_,generated_control,infrastructure,5
4820,_18325_,generated_control,infrastructure,5
4821,_18326_,generated_control,infrastructure,8
4822,_18327_,generated_control,infrastructure,5
4823,_18328_,generated_control,infrastructure,5
4824,_18329_,generated_control,infrastructure,5
4825,_18330_,generated_control,infrastructure,5
4826,_18331_,generated_control,infrastructure,5
4827,_18332_,generated_control,infrastructure,5
4828,_18333_,generated_control,infrastructure,5
4829,_18334_,generated_control,infrastructure,5
4830,_18335_,generated_control,infrastructure,5
4831,_18336_,generated_control,infrastructure,5
4832,_18337_,generated_control,infrastructure,5
4833,_18338_,generated_control,infrastructure,5
4834,_18339_,generated_control,infrastructure,5
4835,_18340_,generated_control,infrastructure,5
4836,_18341_,generated_control,infrastructure,5
4837,_18342_,generated_control,infrastructure,5
4838,_18343_,generated_control,infrastructure,5
4839,_18344_,generated_control,infrastructure,5
4840,_18345_,generated_control,infrastructure,5
4841,_18346_,generated_control,infrastructure,5
4842,_18347_,generated_control,infrastructure,5
4843,_18348_,generated_control,infrastructure,5
4844,_18349_,generated_control,infrastructure,5
4845,_18350_,generated_control,infrastructure,5
4846,_18351_,generated_control,infrastructure,5
4847,_18352_,generated_control,infrastructure,5
4848,_18353_,generated_control,infrastructure,5
4849,_18354_,generated_control,infrastructure,5
4850,_18355_,generated_control,infrastructure,5
4851,_18356_,generated_control,infrastructure,5
4852,_18357_,generated_control,infrastructure,5
4853,_18358_,generated_control,infrastructure,5
4854,_18359_,unclassified,infrastructure,6
4855,_18360_,generated_control,infrastructure,5
4856,_18361_,generated_control,infrastructure,5
4857,_18362_,generated_control,infrastructure,5
4858,_18363_,generated_control,infrastructure,5
4859,_18364_,generated_control,infrastructure,5
4860,_18365_,generated_control,infrastructure,5
4861,_18366_,generated_control,infrastructure,5
4862,_18367_,generated_control,infrastructure,5
4863,_18368_,generated_control,infrastructure,5
4864,_18369_,generated_control,infrastructure,5
4865,_18370_,generated_control,infrastructure,4
4866,_18371_,generated_datapath,infrastructure,5
4867,_18372_,generated_datapath,infrastructure,5
4868,_18373_,generated_datapath,infrastructure,6
4869,_18374_,generated_control,infrastructure,4
4870,_18375_,generated_control,infrastructure,4
4871,_18376_,generated_datapath,infrastructure,5
4872,_18377_,generated_control,infrastructure,4
4873,_18378_,generated_control,infrastructure,4
4874,_18379_,generated_datapath,infrastructure,5
4875,_18380_,generated_control,infrastructure,4
4876,_18381_,generated_datapath,infrastructure,4
4877,_18382_,generated_control,infrastructure,4
4878,_18383_,generated_datapath,infrastructure,5
4879,_18384_,generated_control,infrastructure,5
4880,_18385_,generated_datapath,infrastructure,4
4881,_18386_,generated_datapath,infrastructure,5
4882,_18387_,generated_control,infrastructure,6
4883,_18388_,generated_datapath,infrastructure,4
4884,_18389_,generated_control,infrastructure,4
4885,_18390_,generated_control,infrastructure,4
4886,_18391_,generated_datapath,infrastructure,5
4887,_18392_,generated_datapath,infrastructure,4
4888,_18393_,generated_control,infrastructure,4
4889,_18394_,generated_control,infrastructure,4
4890,_18395_,generated_control,infrastructure,4
4891,_18396_,generated_datapath,infrastructure,4
4892,_18397_,generated_control,infrastructure,4
4893,_18398_,generated_datapath,infrastructure,5
4894,_18399_,generated_control,infrastructure,5
4895,_18400_,generated_datapath,infrastructure,4
4896,_18401_,generated_control,infrastructure,5
4897,_18402_,generated_control,infrastructure,4
4898,_18403_,generated_control,infrastructure,6
4899,_18404_,generated_datapath,infrastructure,4
4900,_18405_,generated_datapath,infrastructure,5
4901,_18406_,generated_control,infrastructure,5
4902,_18407_,generated_datapath,infrastructure,4
4903,_18408_,generated_control,infrastructure,4
4904,_18409_,generated_datapath,infrastructure,5
4905,_18410_,generated_control,infrastructure,6
4906,_18411_,generated_datapath,infrastructure,4
4907,_18412_,generated_datapath,infrastructure,5
4908,_18413_,generated_control,infrastructure,4
4909,_18414_,generated_datapath,infrastructure,4
4910,_18415_,generated_datapath,infrastructure,5
4911,_18416_,generated_datapath,infrastructure,4
4912,_18417_,generated_datapath,infrastructure,5
4913,_18418_,generated_control,infrastructure,5
4914,_18419_,generated_datapath,infrastructure,5
4915,_18420_,generated_control,infrastructure,4
4916,_18421_,generated_control,infrastructure,5
4917,_18422_,generated_datapath,infrastructure,7
4918,_18423_,generated_control,infrastructure,4
4919,_18424_,generated_datapath,infrastructure,4
4920,_18425_,generated_datapath,infrastructure,5
4921,_18426_,generated_datapath,infrastructure,5
4922,_18427_,generated_control,infrastructure,5
4923,_18428_,generated_control,infrastructure,4
4924,_18429_,generated_control,infrastructure,4
4925,_18430_,unclassified,infrastructure,6
4926,_18431_,generated_control,infrastructure,4
4927,_18432_,generated_datapath,infrastructure,4
4928,_18433_,generated_control,infrastructure,5
4929,_18434_,generated_control,infrastructure,6
4930,_18435_,generated_control,infrastructure,8
4931,_18436_,generated_datapath,infrastructure,4
4932,_18437_,generated_control,infrastructure,5
4933,_18438_,unclassified,infrastructure,6
4934,_18439_,generated_control,infrastructure,6
4935,_18440_,generated_control,infrastructure,6
4936,_18441_,generated_control,infrastructure,4
4937,_18442_,generated_control,infrastructure,4
4938,_18443_,generated_control,infrastructure,4
4939,_18444_,generated_control,infrastructure,4
4940,_18445_,generated_control,infrastructure,4
4941,_18446_,generated_control,infrastructure,4
4942,_18447_,generated_control,infrastructure,4
4943,_18448_,generated_control,infrastructure,4
4944,_18449_,generated_datapath,infrastructure,4
4945,_18450_,generated_control,infrastructure,4
4946,_18451_,generated_control,infrastructure,4
4947,_18452_,generated_datapath,infrastructure,5
4948,_18453_,generated_control,infrastructure,6
4949,_18454_,generated_control,infrastructure,4
4950,_18455_,generated_control,infrastructure,4
4951,_18456_,generated_control,infrastructure,4
4952,_18457_,generated_control,infrastructure,6
4953,_18458_,generated_datapath,infrastructure,4
4954,_18459_,generated_datapath,infrastructure,5
4955,_18460_,generated_control,infrastructure,5
4956,_18461_,generated_datapath,infrastructure,4
4957,_18462_,generated_control,infrastructure,4
4958,_18463_,generated_control,infrastructure,4
4959,_18464_,generated_control,infrastructure,4
4960,_18465_,generated_datapath,infrastructure,4
4961,_18466_,generated_control,infrastructure,4
4962,_18467_,generated_control,infrastructure,4
4963,_18468_,generated_control,infrastructure,5
4964,_18469_,generated_datapath,infrastructure,4
4965,_18470_,generated_control,infrastructure,4
4966,_18471_,generated_control,infrastructure,4
4967,_18472_,generated_control,infrastructure,6
4968,_18473_,generated_datapath,infrastructure,4
4969,_18474_,generated_control,infrastructure,4
4970,_18475_,generated_control,infrastructure,4
4971,_18476_,generated_control,infrastructure,4
4972,_18477_,generated_control,infrastructure,8
4973,_18478_,generated_datapath,infrastructure,4
4974,_18479_,generated_control,infrastructure,4
4975,_18480_,generated_control,infrastructure,4
4976,_18481_,generated_control,infrastructure,4
4977,_18482_,generated_datapath,infrastructure,4
4978,_18483_,generated_control,infrastructure,4
4979,_18484_,generated_control,infrastructure,4
4980,_18485_,generated_control,infrastructure,5
4981,_18486_,generated_datapath,infrastructure,4
4982,_18487_,generated_control,infrastructure,4
4983,_18488_,generated_control,infrastructure,4
4984,_18489_,generated_datapath,infrastructure,5
4985,_18490_,generated_control,infrastructure,5
4986,_18491_,generated_control,infrastructure,4
4987,_18492_,generated_control,infrastructure,5
4988,_18493_,generated_control,infrastructure,5
4989,_18494_,generated_control,infrastructure,5
4990,_18495_,generated_control,infrastructure,5
4991,_18496_,generated_control,infrastructure,5
4992,_18497_,generated_control,infrastructure,5
4993,_18498_,generated_control,infrastructure,5
4994,_18499_,generated_control,infrastructure,5
4995,_18500_,generated_control,infrastructure,5
4996,_18501_,generated_control,infrastructure,8
4997,_18502_,generated_control,infrastructure,5
4998,_18503_,generated_control,infrastructure,5
4999,_18504_,generated_control,infrastructure,5
5000,_18505_,generated_control,infrastructure,5
5001,_18506_,generated_control,infrastructure,5
5002,_18507_,generated_control,infrastructure,5
5003,_18508_,generated_control,infrastructure,5
5004,_18509_,generated_control,infrastructure,5
5005,_18510_,generated_control,infrastructure,5
5006,_18511_,generated_control,infrastructure,5
5007,_18512_,generated_control,infrastructure,5
5008,_18513_,generated_control,infrastructure,4
5009,_18514_,generated_control,infrastructure,5
5010,_18515_,generated_control,infrastructure,5
5011,_18516_,generated_control,infrastructure,5
5012,_18517_,generated_control,infrastructure,5
5013,_18518_,generated_control,infrastructure,5
5014,_18519_,generated_control,infrastructure,5
5015,_18520_,generated_control,infrastructure,5
5016,_18521_,generated_control,infrastructure,5
5017,_18522_,generated_control,infrastructure,5
5018,_18523_,generated_control,infrastructure,5
5019,_18524_,generated_control,infrastructure,5
5020,_18525_,generated_datapath,infrastructure,5
5021,_18526_,generated_control,infrastructure,4
5022,_18527_,generated_datapath,infrastructure,5
5023,_18528_,generated_control,infrastructure,6
5024,_18529_,generated_control,infrastructure,4
5025,_18530_,generated_control,infrastructure,4
5026,_18531_,generated_control,infrastructure,5
5027,_18532_,generated_control,infrastructure,4
5028,_18533_,generated_control,infrastructure,4
5029,_18534_,generated_control,infrastructure,4
5030,_18535_,generated_control,infrastructure,4
5031,_18536_,generated_control,infrastructure,6
5032,_18537_,generated_control,infrastructure,5
5033,_18538_,generated_datapath,infrastructure,5
5034,_18539_,fetch,control,4
5035,_18540_,pipeline_state,control,4
5036,_18541_,generated_control,infrastructure,8
5037,_18542_,generated_control,infrastructure,5
5038,_18543_,generated_datapath,infrastructure,6
5039,_18544_,generated_control,infrastructure,4
5040,_18545_,generated_datapath,infrastructure,5
5041,_18546_,generated_control,infrastructure,4
5042,_18547_,generated_control,infrastructure,4
5043,_18548_,generated_datapath,infrastructure,5
5044,_18549_,generated_control,infrastructure,4
5045,_18550_,generated_control,infrastructure,5
5046,_18551_,generated_datapath,infrastructure,6
5047,_18552_,generated_control,infrastructure,5
5048,_18553_,generated_control,infrastructure,4
5049,_18554_,generated_control,infrastructure,4
5050,_18555_,generated_datapath,infrastructure,6
5051,_18556_,generated_control,infrastructure,5
5052,_18557_,generated_datapath,infrastructure,5
5053,_18558_,generated_control,infrastructure,4
5054,_18559_,generated_datapath,infrastructure,5
5055,_18560_,generated_datapath,infrastructure,5
5056,_18561_,unclassified,infrastructure,6
5057,_18562_,generated_control,infrastructure,4
5058,_18563_,generated_datapath,infrastructure,5
5059,_18564_,generated_datapath,infrastructure,5
5060,_18565_,generated_control,infrastructure,4
5061,_18566_,generated_control,infrastructure,8
5062,_18567_,generated_control,infrastructure,8
5063,_18568_,generated_control,infrastructure,8
5064,_18569_,generated_control,infrastructure,8
5065,_18570_,generated_control,infrastructure,8
5066,_18571_,generated_control,infrastructure,6
5067,_18572_,generated_control,infrastructure,4
5068,_18573_,generated_datapath,infrastructure,5
5069,_18574_,generated_control,infrastructure,4
5070,_18575_,generated_control,infrastructure,4
5071,_18576_,generated_control,infrastructure,4
5072,_18577_,generated_datapath,infrastructure,5
5073,_18578_,generated_datapath,infrastructure,6
5074,_18579_,generated_datapath,infrastructure,5
5075,_18580_,generated_datapath,infrastructure,7
5076,_18581_,generated_control,infrastructure,4
5077,_18582_,generated_datapath,infrastructure,5
5078,_18583_,generated_control,infrastructure,6
5079,_18584_,unclassified,infrastructure,7
5080,_18585_,generated_control,infrastructure,4
5081,_18586_,unclassified,infrastructure,6
5082,_18587_,generated_control,infrastructure,4
5083,_18588_,generated_control,infrastructure,4
5084,_18589_,generated_control,infrastructure,4
5085,_18590_,generated_control,infrastructure,4
5086,_18591_,multdiv,datapath,4
5087,_18592_,generated_datapath,infrastructure,5
5088,_18593_,generated_datapath,infrastructure,5
5089,_18594_,generated_control,infrastructure,4
5090,_18595_,unclassified,infrastructure,6
5091,_18596_,generated_control,infrastructure,4
5092,_18597_,generated_datapath,infrastructure,6
5093,_18598_,generated_datapath,infrastructure,5
5094,_18599_,generated_control,infrastructure,4
5095,_18600_,generated_datapath,infrastructure,5
5096,_18601_,generated_control,infrastructure,4
5097,_18602_,generated_datapath,infrastructure,5
5098,_18603_,generated_control,infrastructure,6
5099,_18604_,generated_control,infrastructure,4
5100,_18605_,generated_datapath,infrastructure,5
5101,_18606_,generated_control,infrastructure,6
5102,_18607_,generated_control,infrastructure,5
5103,_18608_,generated_control,infrastructure,4
5104,_18609_,generated_control,infrastructure,5
5105,_18610_,generated_control,infrastructure,4
5106,_18611_,generated_control,infrastructure,5
5107,_18612_,generated_control,infrastructure,4
5108,_18613_,generated_control,infrastructure,4
5109,_18614_,generated_control,infrastructure,5
5110,_18615_,generated_datapath,infrastructure,5
5111,_18616_,generated_control,infrastructure,6
5112,_18617_,generated_control,infrastructure,4
5113,_18618_,generated_datapath,infrastructure,5
5114,_18619_,generated_control,infrastructure,4
5115,_18620_,generated_control,infrastructure,4
5116,_18621_,generated_control,infrastructure,4
5117,_18622_,generated_datapath,infrastructure,5
5118,_18623_,generated_control,infrastructure,4
5119,_18624_,generated_control,infrastructure,5
5120,_18625_,generated_control,infrastructure,4
5121,_18626_,generated_control,infrastructure,4
5122,_18627_,generated_datapath,infrastructure,6
5123,_18628_,generated_datapath,infrastructure,5
5124,_18629_,generated_datapath,infrastructure,5
5125,_18630_,decode_control,control,7
5126,_18631_,generated_datapath,infrastructure,5
5127,_18632_,generated_datapath,infrastructure,5
5128,_18633_,generated_control,infrastructure,5
5129,_18634_,generated_control,infrastructure,5
5130,_18635_,unclassified,infrastructure,6
5131,_18636_,generated_control,infrastructure,4
5132,_18637_,generated_control,infrastructure,4
5133,_18638_,generated_datapath,infrastructure,6
5134,_18639_,generated_control,infrastructure,5
5135,_18640_,generated_datapath,infrastructure,5
5136,_18641_,generated_datapath,infrastructure,5
5137,_18642_,generated_control,infrastructure,4
5138,_18643_,generated_datapath,infrastructure,5
5139,_18644_,generated_datapath,infrastructure,5
5140,_18645_,multdiv,datapath,4
5141,_18646_,generated_datapath,infrastructure,5
5142,_18647_,generated_datapath,infrastructure,5
5143,_18648_,fetch,control,6
5144,_18649_,generated_control,infrastructure,4
5145,_18650_,generated_datapath,infrastructure,5
5146,_18651_,generated_control,infrastructure,4
5147,_18652_,unclassified,infrastructure,7
5148,_18653_,unclassified,infrastructure,7
5149,_18654_,load_store,datapath,7
5150,_18655_,unclassified,infrastructure,6
5151,_18656_,generated_control,infrastructure,4
5152,_18657_,generated_control,infrastructure,4
5153,_18658_,generated_control,infrastructure,4
5154,_18659_,generated_control,infrastructure,4
5155,_18660_,generated_control,infrastructure,4
5156,_18661_,generated_control,infrastructure,4
5157,_18662_,generated_control,infrastructure,5
5158,_18663_,generated_control,infrastructure,4
5159,_18664_,generated_control,infrastructure,5
5160,_18665_,generated_control,infrastructure,5
5161,_18666_,generated_control,infrastructure,4
5162,_18667_,generated_control,infrastructure,4
5163,_18668_,clock_reset,control,3
5164,_18669_,unclassified,infrastructure,6
5165,_18670_,generated_datapath,infrastructure,5
5166,_18671_,generated_control,infrastructure,5
5167,_18672_,generated_datapath,infrastructure,5
5168,_18673_,generated_control,infrastructure,4
5169,_18674_,generated_datapath,infrastructure,5
5170,_18675_,generated_control,infrastructure,5
5171,_18676_,generated_control,infrastructure,4
5172,_18677_,generated_datapath,infrastructure,5
5173,_18678_,generated_control,infrastructure,4
5174,_18679_,generated_control,infrastructure,4
5175,_18680_,generated_control,infrastructure,5
5176,_18681_,generated_control,infrastructure,6
5177,_18682_,generated_control,infrastructure,4
5178,_18683_,generated_control,infrastructure,4
5179,_18684_,generated_control,infrastructure,4
5180,_18685_,generated_datapath,infrastructure,5
5181,_18686_,generated_control,infrastructure,4
5182,_18687_,generated_control,infrastructure,4
5183,_18688_,generated_control,infrastructure,4
5184,_18689_,generated_datapath,infrastructure,5
5185,_18690_,generated_control,infrastructure,4
5186,_18691_,generated_control,infrastructure,4
5187,_18692_,generated_datapath,infrastructure,5
5188,_18693_,generated_control,infrastructure,4
5189,_18694_,generated_datapath,infrastructure,4
5190,_18695_,generated_datapath,infrastructure,4
5191,_18696_,generated_control,infrastructure,4
5192,_18697_,generated_datapath,infrastructure,5
5193,_18698_,generated_control,infrastructure,4
5194,_18699_,generated_datapath,infrastructure,5
5195,_18700_,generated_control,infrastructure,4
5196,_18701_,generated_datapath,infrastructure,5
5197,_18702_,generated_control,infrastructure,4
5198,_18703_,generated_datapath,infrastructure,5
5199,_18704_,generated_control,infrastructure,4
5200,_18705_,generated_control,infrastructure,5
5201,_18706_,generated_datapath,infrastructure,4
5202,_18707_,generated_datapath,infrastructure,4
5203,_18708_,generated_control,infrastructure,4
5204,_18709_,generated_datapath,infrastructure,5
5205,_18710_,generated_control,infrastructure,5
5206,_18711_,generated_control,infrastructure,6
5207,_18712_,generated_control,infrastructure,5
5208,_18713_,generated_control,infrastructure,5
5209,_18714_,generated_control,infrastructure,5
5210,_18715_,generated_control,infrastructure,4
5211,_18716_,generated_control,infrastructure,4
5212,_18717_,generated_control,infrastructure,5
5213,_18718_,generated_datapath,infrastructure,5
5214,_18719_,generated_datapath,infrastructure,5
5215,_18720_,generated_control,infrastructure,4
5216,_18721_,generated_datapath,infrastructure,5
5217,_18722_,generated_control,infrastructure,5
5218,_18723_,generated_control,infrastructure,4
5219,_18724_,generated_datapath,infrastructure,4
5220,_18725_,generated_datapath,infrastructure,4
5221,_18726_,generated_control,infrastructure,5
5222,_18727_,generated_datapath,infrastructure,5
5223,_18728_,generated_control,infrastructure,4
5224,_18729_,generated_datapath,infrastructure,5
5225,_18730_,generated_control,infrastructure,5
5226,_18731_,generated_control,infrastructure,4
5227,_18732_,generated_datapath,infrastructure,5
5228,_18733_,generated_control,infrastructure,4
5229,_18734_,generated_control,infrastructure,4
5230,_18735_,generated_control,infrastructure,4
5231,_18736_,generated_control,infrastructure,4
5232,_18737_,generated_datapath,infrastructure,5
5233,_18738_,generated_control,infrastructure,5
5234,_18739_,generated_control,infrastructure,4
5235,_18740_,generated_datapath,infrastructure,5
5236,_18741_,generated_control,infrastructure,4
5237,_18742_,generated_datapath,infrastructure,5
5238,_18743_,generated_datapath,infrastructure,7
5239,_18744_,generated_control,infrastructure,5
5240,_18745_,generated_control,infrastructure,4
5241,_18746_,generated_control,infrastructure,4
5242,_18747_,generated_control,infrastructure,4
5243,_18748_,generated_control,infrastructure,4
5244,_18749_,generated_control,infrastructure,4
5245,_18750_,generated_control,infrastructure,4
5246,_18751_,generated_control,infrastructure,4
5247,_18752_,generated_control,infrastructure,6
5248,_18753_,generated_datapath,infrastructure,5
5249,_18754_,generated_control,infrastructure,4
5250,_18755_,generated_datapath,infrastructure,5
5251,_18756_,generated_control,infrastructure,4
5252,_18757_,generated_datapath,infrastructure,5
5253,_18758_,generated_control,infrastructure,5
5254,_18759_,generated_datapath,infrastructure,5
5255,_18760_,generated_datapath,infrastructure,4
5256,_18761_,generated_datapath,infrastructure,4
5257,_18762_,generated_control,infrastructure,4
5258,_18763_,generated_datapath,infrastructure,5
5259,_18764_,generated_control,infrastructure,4
5260,_18765_,generated_control,infrastructure,5
5261,_18766_,generated_datapath,infrastructure,5
5262,_18767_,generated_control,infrastructure,5
5263,_18768_,generated_control,infrastructure,4
5264,_18769_,generated_control,infrastructure,4
5265,_18770_,generated_control,infrastructure,4
5266,_18771_,generated_control,infrastructure,5
5267,_18772_,generated_datapath,infrastructure,7
5268,_18773_,generated_control,infrastructure,5
5269,_18774_,generated_datapath,infrastructure,7
5270,_18775_,generated_control,infrastructure,5
5271,_18776_,generated_control,infrastructure,4
5272,_18777_,generated_datapath,infrastructure,5
5273,_18778_,generated_control,infrastructure,4
5274,_18779_,generated_control,infrastructure,4
5275,_18780_,generated_control,infrastructure,5
5276,_18781_,generated_datapath,infrastructure,4
5277,_18782_,generated_control,infrastructure,4
5278,_18783_,generated_datapath,infrastructure,5
5279,_18784_,generated_control,infrastructure,4
5280,_18785_,generated_datapath,infrastructure,7
5281,_18786_,generated_datapath,infrastructure,5
5282,_18787_,generated_control,infrastructure,5
5283,_18788_,generated_control,infrastructure,4
5284,_18789_,generated_control,infrastructure,4
5285,_18790_,generated_datapath,infrastructure,5
5286,_18791_,generated_control,infrastructure,4
5287,_18792_,generated_datapath,infrastructure,5
5288,_18793_,generated_control,infrastructure,5
5289,_18794_,generated_control,infrastructure,5
5290,_18795_,generated_control,infrastructure,4
5291,_18796_,generated_control,infrastructure,4
5292,_18797_,generated_datapath,infrastructure,5
5293,_18798_,generated_control,infrastructure,4
5294,_18799_,generated_control,infrastructure,5
5295,_18800_,generated_control,infrastructure,5
5296,_18801_,generated_datapath,infrastructure,6
5297,_18802_,generated_control,infrastructure,6
5298,_18803_,generated_control,infrastructure,4
5299,_18804_,generated_datapath,infrastructure,5
5300,_18805_,generated_control,infrastructure,4
5301,_18806_,generated_control,infrastructure,6
5302,_18807_,generated_datapath,infrastructure,5
5303,_18808_,generated_control,infrastructure,4
5304,_18809_,generated_control,infrastructure,4
5305,_18810_,generated_control,infrastructure,5
5306,_18811_,generated_control,infrastructure,4
5307,_18812_,generated_control,infrastructure,4
5308,_18813_,generated_datapath,infrastructure,5
5309,_18814_,generated_control,infrastructure,4
5310,_18815_,generated_control,infrastructure,4
5311,_18816_,generated_datapath,infrastructure,5
5312,_18817_,generated_control,infrastructure,5
5313,_18818_,generated_control,infrastructure,4
5314,_18819_,generated_control,infrastructure,5
5315,_18820_,unclassified,infrastructure,7
5316,_18821_,generated_datapath,infrastructure,5
5317,_18822_,generated_control,infrastructure,6
5318,_18823_,generated_control,infrastructure,4
5319,_18824_,generated_control,infrastructure,4
5320,_18825_,generated_control,infrastructure,4
5321,_18826_,generated_datapath,infrastructure,5
5322,_18827_,generated_control,infrastructure,4
5323,_18828_,generated_control,infrastructure,6
5324,_18829_,generated_datapath,infrastructure,5
5325,_18830_,unclassified,infrastructure,6
5326,_18831_,generated_datapath,infrastructure,5
5327,_18832_,generated_control,infrastructure,4
5328,_18833_,generated_datapath,infrastructure,6
5329,_18834_,generated_control,infrastructure,4
5330,_18835_,generated_control,infrastructure,5
5331,_18836_,generated_control,infrastructure,4
5332,_18837_,generated_control,infrastructure,4
5333,_18838_,generated_control,infrastructure,4
5334,_18839_,generated_datapath,infrastructure,5
5335,_18840_,generated_control,infrastructure,4
5336,_18841_,generated_datapath,infrastructure,5
5337,_18842_,generated_control,infrastructure,5
5338,_18843_,generated_control,infrastructure,5
5339,_18844_,generated_control,infrastructure,4
5340,_18845_,generated_control,infrastructure,5
5341,_18846_,generated_control,infrastructure,4
5342,_18847_,generated_control,infrastructure,5
5343,_18848_,generated_control,infrastructure,5
5344,_18849_,generated_datapath,infrastructure,6
5345,_18850_,generated_datapath,infrastructure,6
5346,_18851_,generated_control,infrastructure,4
5347,_18852_,generated_control,infrastructure,4
5348,_18853_,generated_datapath,infrastructure,6
5349,_18854_,generated_control,infrastructure,5
5350,_18855_,generated_control,infrastructure,4
5351,_18856_,generated_control,infrastructure,5
5352,_18857_,generated_datapath,infrastructure,6
5353,_18858_,generated_datapath,infrastructure,5
5354,_18859_,load_store,datapath,5
5355,_18860_,generated_control,infrastructure,8
5356,_18861_,generated_control,infrastructure,4
5357,_18862_,generated_control,infrastructure,4
5358,_18863_,load_store,datapath,4
5359,_18864_,generated_control,infrastructure,5
5360,_18865_,generated_control,infrastructure,5
5361,_18866_,generated_control,infrastructure,5
5362,_18867_,generated_datapath,infrastructure,6
5363,_18868_,generated_control,infrastructure,5
5364,_18869_,generated_datapath,infrastructure,6
5365,_18870_,generated_control,infrastructure,5
5366,_18871_,generated_datapath,infrastructure,8
5367,_18872_,generated_datapath,infrastructure,6
5368,_18873_,generated_datapath,infrastructure,6
5369,_18874_,generated_datapath,infrastructure,7
5370,_18875_,generated_control,infrastructure,6
5371,_18876_,generated_datapath,infrastructure,5
5372,_18877_,unclassified,infrastructure,6
5373,_18878_,generated_datapath,infrastructure,5
5374,_18879_,generated_control,infrastructure,5
5375,_18880_,generated_control,infrastructure,4
5376,_18881_,generated_datapath,infrastructure,5
5377,_18882_,generated_control,infrastructure,5
5378,_18883_,generated_datapath,infrastructure,5
5379,_18884_,generated_datapath,infrastructure,5
5380,_18885_,generated_control,infrastructure,5
5381,_18886_,generated_datapath,infrastructure,6
5382,_18887_,generated_control,infrastructure,4
5383,_18888_,generated_datapath,infrastructure,5
5384,_18889_,generated_control,infrastructure,4
5385,_18890_,generated_control,infrastructure,5
5386,_18891_,generated_datapath,infrastructure,5
5387,_18892_,generated_control,infrastructure,5
5388,_18893_,generated_control,infrastructure,4
5389,_18894_,generated_datapath,infrastructure,5
5390,_18895_,generated_control,infrastructure,4
5391,_18896_,generated_datapath,infrastructure,5
5392,_18897_,generated_control,infrastructure,4
5393,_18898_,generated_control,infrastructure,5
5394,_18899_,generated_control,infrastructure,4
5395,_18900_,generated_control,infrastructure,4
5396,_18901_,generated_datapath,infrastructure,5
5397,_18902_,generated_datapath,infrastructure,5
5398,_18903_,generated_control,infrastructure,5
5399,_18904_,generated_control,infrastructure,5
5400,_18905_,generated_control,infrastructure,4
5401,_18906_,generated_datapath,infrastructure,5
5402,_18907_,generated_control,infrastructure,5
5403,_18908_,generated_control,infrastructure,4
5404,_18909_,generated_datapath,infrastructure,5
5405,_18910_,generated_datapath,infrastructure,5
5406,_18911_,generated_control,infrastructure,5
5407,_18912_,generated_datapath,infrastructure,6
5408,_18913_,generated_control,infrastructure,5
5409,_18914_,generated_control,infrastructure,5
5410,_18915_,generated_control,infrastructure,5
5411,_18916_,generated_control,infrastructure,4
5412,_18917_,generated_control,infrastructure,4
5413,_18918_,generated_control,infrastructure,4
5414,_18919_,generated_control,infrastructure,4
5415,_18920_,generated_datapath,infrastructure,6
5416,_18921_,generated_datapath,infrastructure,6
5417,_18922_,generated_control,infrastructure,5
5418,_18923_,generated_control,infrastructure,4
5419,_18924_,generated_control,infrastructure,5
5420,_18925_,generated_control,infrastructure,4
5421,_18926_,generated_datapath,infrastructure,5
5422,_18927_,generated_control,infrastructure,4
5423,_18928_,generated_control,infrastructure,4
5424,_18929_,generated_control,infrastructure,4
5425,_18930_,generated_control,infrastructure,4
5426,_18931_,generated_datapath,infrastructure,5
5427,_18932_,generated_control,infrastructure,4
5428,_18933_,generated_datapath,infrastructure,5
5429,_18934_,generated_control,infrastructure,4
5430,_18935_,generated_control,infrastructure,4
5431,_18936_,generated_datapath,infrastructure,6
5432,_18937_,generated_datapath,infrastructure,5
5433,_18938_,generated_control,infrastructure,5
5434,_18939_,generated_datapath,infrastructure,5
5435,_18940_,generated_datapath,infrastructure,5
5436,_18941_,generated_control,infrastructure,4
5437,_18942_,generated_datapath,infrastructure,5
5438,_18943_,generated_control,infrastructure,4
5439,_18944_,generated_control,infrastructure,4
5440,_18945_,generated_control,infrastructure,4
5441,_18946_,generated_control,infrastructure,4
5442,_18947_,generated_control,infrastructure,4
5443,_18948_,generated_datapath,infrastructure,5
5444,_18949_,generated_datapath,infrastructure,5
5445,_18950_,generated_datapath,infrastructure,5
5446,_18951_,generated_datapath,infrastructure,5
5447,_18952_,generated_control,infrastructure,4
5448,_18953_,generated_control,infrastructure,4
5449,_18954_,generated_datapath,infrastructure,5
5450,_18955_,generated_control,infrastructure,4
5451,_18956_,generated_datapath,infrastructure,5
5452,_18957_,generated_datapath,infrastructure,6
5453,_18958_,generated_datapath,infrastructure,6
5454,_18959_,generated_datapath,infrastructure,6
5455,_18960_,generated_datapath,infrastructure,5
5456,_18961_,generated_control,infrastructure,4
5457,_18962_,generated_datapath,infrastructure,6
5458,_18963_,generated_datapath,infrastructure,6
5459,_18964_,generated_datapath,infrastructure,7
5460,_18965_,generated_control,infrastructure,4
5461,_18966_,generated_datapath,infrastructure,6
5462,_18967_,generated_datapath,infrastructure,7
5463,_18968_,generated_control,infrastructure,6
5464,_18969_,generated_datapath,infrastructure,6
5465,_18970_,generated_datapath,infrastructure,5
5466,_18971_,generated_control,infrastructure,4
5467,_18972_,generated_datapath,infrastructure,5
5468,_18973_,generated_control,infrastructure,5
5469,_18974_,generated_control,infrastructure,5
5470,_18975_,generated_control,infrastructure,5
5471,_18976_,generated_datapath,infrastructure,6
5472,_18977_,unclassified,infrastructure,6
5473,_18978_,generated_control,infrastructure,4
5474,_18979_,generated_control,infrastructure,5
5475,_18980_,generated_control,infrastructure,5
5476,_18981_,generated_datapath,infrastructure,5
5477,_18982_,generated_control,infrastructure,4
5478,_18983_,generated_datapath,infrastructure,5
5479,_18984_,generated_control,infrastructure,5
5480,_18985_,generated_datapath,infrastructure,6
5481,_18986_,generated_control,infrastructure,5
5482,_18987_,generated_control,infrastructure,5
5483,_18988_,generated_control,infrastructure,4
5484,_18989_,generated_datapath,infrastructure,5
5485,_18990_,generated_control,infrastructure,5
5486,_18991_,generated_control,infrastructure,4
5487,_18992_,generated_control,infrastructure,5
5488,_18993_,generated_datapath,infrastructure,5
5489,_18994_,generated_control,infrastructure,5
5490,_18995_,generated_control,infrastructure,5
5491,_18996_,generated_control,infrastructure,4
5492,_18997_,generated_datapath,infrastructure,5
5493,_18998_,generated_control,infrastructure,4
5494,_18999_,generated_datapath,infrastructure,5
5495,_19000_,generated_control,infrastructure,4
5496,_19001_,generated_control,infrastructure,4
5497,_19002_,generated_control,infrastructure,5
5498,_19003_,generated_control,infrastructure,5
5499,_19004_,generated_datapath,infrastructure,5
5500,_19005_,generated_control,infrastructure,5
5501,_19006_,generated_control,infrastructure,5
5502,_19007_,generated_control,infrastructure,4
5503,_19008_,generated_datapath,infrastructure,5
5504,_19009_,generated_control,infrastructure,4
5505,_19010_,generated_datapath,infrastructure,5
5506,_19011_,generated_datapath,infrastructure,5
5507,_19012_,unclassified,infrastructure,6
5508,_19013_,generated_control,infrastructure,4
5509,_19014_,generated_datapath,infrastructure,5
5510,_19015_,generated_datapath,infrastructure,5
5511,_19016_,generated_control,infrastructure,4
5512,_19017_,generated_control,infrastructure,4
5513,_19018_,generated_datapath,infrastructure,5
5514,_19019_,generated_control,infrastructure,4
5515,_19020_,generated_datapath,infrastructure,5
5516,_19021_,generated_control,infrastructure,4
5517,_19022_,generated_datapath,infrastructure,6
5518,_19023_,generated_datapath,infrastructure,6
5519,_19024_,generated_datapath,infrastructure,6
5520,_19025_,generated_datapath,infrastructure,7
5521,_19026_,generated_control,infrastructure,5
5522,_19027_,generated_datapath,infrastructure,7
5523,_19028_,generated_datapath,infrastructure,6
5524,_19029_,generated_datapath,infrastructure,6
5525,_19030_,generated_control,infrastructure,6
5526,_19031_,generated_datapath,infrastructure,6
5527,_19032_,generated_datapath,infrastructure,5
5528,_19033_,generated_control,infrastructure,5
5529,_19034_,generated_control,infrastructure,5
5530,_19035_,generated_control,infrastructure,5
5531,_19036_,generated_datapath,infrastructure,6
5532,_19037_,unclassified,infrastructure,6
5533,_19038_,generated_datapath,infrastructure,5
5534,_19039_,generated_control,infrastructure,4
5535,_19040_,generated_control,infrastructure,4
5536,_19041_,generated_control,infrastructure,4
5537,_19042_,generated_datapath,infrastructure,5
5538,_19043_,generated_datapath,infrastructure,5
5539,_19044_,generated_control,infrastructure,5
5540,_19045_,generated_control,infrastructure,5
5541,_19046_,generated_control,infrastructure,4
5542,_19047_,generated_datapath,infrastructure,5
5543,_19048_,generated_control,infrastructure,5
5544,_19049_,generated_control,infrastructure,4
5545,_19050_,generated_datapath,infrastructure,6
5546,_19051_,generated_datapath,infrastructure,5
5547,_19052_,generated_control,infrastructure,4
5548,_19053_,generated_datapath,infrastructure,5
5549,_19054_,clock_reset,control,3
5550,_19055_,generated_control,infrastructure,5
5551,_19056_,generated_control,infrastructure,5
5552,_19057_,generated_control,infrastructure,5
5553,_19058_,generated_control,infrastructure,8
5554,_19059_,generated_control,infrastructure,4
5555,_19060_,generated_datapath,infrastructure,5
5556,_19061_,generated_control,infrastructure,4
5557,_19062_,generated_datapath,infrastructure,6
5558,_19063_,generated_control,infrastructure,4
5559,_19064_,generated_datapath,infrastructure,5
5560,_19065_,generated_datapath,infrastructure,6
5561,_19066_,generated_datapath,infrastructure,5
5562,_19067_,generated_control,infrastructure,5
5563,_19068_,generated_datapath,infrastructure,6
5564,_19069_,unclassified,infrastructure,6
5565,_19070_,generated_control,infrastructure,4
5566,_19071_,generated_datapath,infrastructure,6
5567,_19072_,generated_datapath,infrastructure,6
5568,_19073_,generated_control,infrastructure,5
5569,_19074_,generated_datapath,infrastructure,6
5570,_19075_,generated_datapath,infrastructure,6
5571,_19076_,generated_datapath,infrastructure,6
5572,_19077_,generated_datapath,infrastructure,6
5573,_19078_,generated_control,infrastructure,4
5574,_19079_,generated_control,infrastructure,4
5575,_19080_,generated_control,infrastructure,5
5576,_19081_,generated_datapath,infrastructure,5
5577,_19082_,generated_datapath,infrastructure,6
5578,_19083_,generated_datapath,infrastructure,6
5579,_19084_,generated_control,infrastructure,5
5580,_19085_,generated_datapath,infrastructure,6
5581,_19086_,generated_control,infrastructure,4
5582,_19087_,generated_datapath,infrastructure,5
5583,_19088_,generated_control,infrastructure,5
5584,_19089_,generated_control,infrastructure,4
5585,_19090_,generated_datapath,infrastructure,5
5586,_19091_,generated_control,infrastructure,5
5587,_19092_,generated_control,infrastructure,4
5588,_19093_,clock_reset,control,3
5589,_19094_,generated_control,infrastructure,5
5590,_19095_,generated_control,infrastructure,4
5591,_19096_,generated_datapath,infrastructure,5
5592,_19097_,generated_control,infrastructure,4
5593,_19098_,generated_control,infrastructure,4
5594,_19099_,generated_control,infrastructure,4
5595,_19100_,generated_datapath,infrastructure,5
5596,_19101_,generated_control,infrastructure,5
5597,_19102_,generated_control,infrastructure,5
5598,_19103_,generated_control,infrastructure,5
5599,_19104_,generated_datapath,infrastructure,6
5600,_19105_,generated_control,infrastructure,4
5601,_19106_,generated_control,infrastructure,4
5602,_19107_,generated_datapath,infrastructure,5
5603,_19108_,generated_control,infrastructure,4
5604,_19109_,generated_control,infrastructure,4
5605,_19110_,generated_control,infrastructure,4
5606,_19111_,unclassified,infrastructure,6
5607,_19112_,generated_control,infrastructure,4
5608,_19113_,generated_datapath,infrastructure,5
5609,_19114_,generated_control,infrastructure,5
5610,_19115_,generated_datapath,infrastructure,6
5611,_19116_,generated_control,infrastructure,5
5612,_19117_,generated_datapath,infrastructure,6
5613,_19118_,generated_datapath,infrastructure,5
5614,_19119_,generated_datapath,infrastructure,5
5615,_19120_,generated_control,infrastructure,4
5616,_19121_,generated_datapath,infrastructure,5
5617,_19122_,generated_control,infrastructure,4
5618,_19123_,generated_control,infrastructure,4
5619,_19124_,generated_control,infrastructure,4
5620,_19125_,generated_datapath,infrastructure,5
5621,_19126_,unclassified,infrastructure,6
5622,_19127_,generated_datapath,infrastructure,7
5623,_19128_,generated_control,infrastructure,4
5624,_19129_,generated_datapath,infrastructure,5
5625,_19130_,generated_datapath,infrastructure,6
5626,_19131_,generated_datapath,infrastructure,6
5627,_19132_,generated_datapath,infrastructure,6
5628,_19133_,generated_datapath,infrastructure,6
5629,_19134_,generated_datapath,infrastructure,6
5630,_19135_,generated_datapath,infrastructure,6
5631,_19136_,generated_control,infrastructure,4
5632,_19137_,generated_control,infrastructure,5
5633,_19138_,generated_datapath,infrastructure,5
5634,_19139_,generated_datapath,infrastructure,6
5635,_19140_,generated_datapath,infrastructure,6
5636,_19141_,generated_control,infrastructure,5
5637,_19142_,generated_datapath,infrastructure,6
5638,_19143_,generated_control,infrastructure,5
5639,_19144_,generated_control,infrastructure,4
5640,_19145_,generated_datapath,infrastructure,5
5641,_19146_,generated_control,infrastructure,4
5642,_19147_,generated_control,infrastructure,4
5643,_19148_,unclassified,infrastructure,6
5644,_19149_,generated_control,infrastructure,4
5645,_19150_,generated_datapath,infrastructure,6
5646,_19151_,unclassified,infrastructure,6
5647,_19152_,generated_control,infrastructure,5
5648,_19153_,generated_datapath,infrastructure,5
5649,_19154_,generated_datapath,infrastructure,5
5650,_19155_,generated_control,infrastructure,5
5651,_19156_,generated_datapath,infrastructure,5
5652,_19157_,unclassified,infrastructure,7
5653,_19158_,generated_datapath,infrastructure,5
5654,_19159_,generated_control,infrastructure,4
5655,_19160_,generated_datapath,infrastructure,5
5656,_19161_,generated_control,infrastructure,4
5657,_19162_,generated_datapath,infrastructure,6
5658,_19163_,generated_datapath,infrastructure,6
5659,_19164_,generated_datapath,infrastructure,5
5660,_19165_,generated_datapath,infrastructure,5
5661,_19166_,generated_control,infrastructure,4
5662,_19167_,generated_datapath,infrastructure,5
5663,_19168_,generated_datapath,infrastructure,6
5664,_19169_,generated_control,infrastructure,4
5665,_19170_,generated_control,infrastructure,4
5666,_19171_,generated_control,infrastructure,4
5667,_19172_,generated_datapath,infrastructure,5
5668,_19173_,generated_control,infrastructure,4
5669,_19174_,generated_datapath,infrastructure,5
5670,_19175_,generated_datapath,infrastructure,5
5671,_19176_,unclassified,infrastructure,6
5672,_19177_,generated_datapath,infrastructure,6
5673,_19178_,generated_datapath,infrastructure,6
5674,_19179_,generated_control,infrastructure,5
5675,_19180_,clock_reset,control,3
5676,_19181_,generated_control,infrastructure,4
5677,_19182_,generated_datapath,infrastructure,6
5678,_19183_,generated_datapath,infrastructure,6
5679,_19184_,generated_datapath,infrastructure,7
5680,_19185_,generated_datapath,infrastructure,6
5681,_19186_,generated_datapath,infrastructure,7
5682,_19187_,generated_control,infrastructure,6
5683,_19188_,generated_datapath,infrastructure,6
5684,_19189_,generated_datapath,infrastructure,5
5685,_19190_,generated_control,infrastructure,5
5686,_19191_,generated_control,infrastructure,5
5687,_19192_,generated_control,infrastructure,5
5688,_19193_,generated_control,infrastructure,5
5689,_19194_,generated_datapath,infrastructure,6
5690,_19195_,unclassified,infrastructure,6
5691,_19196_,generated_control,infrastructure,4
5692,_19197_,generated_control,infrastructure,5
5693,_19198_,generated_control,infrastructure,4
5694,_19199_,generated_control,infrastructure,5
5695,_19200_,generated_control,infrastructure,5
5696,_19201_,generated_control,infrastructure,5
5697,_19202_,generated_datapath,infrastructure,6
5698,_19203_,generated_control,infrastructure,5
5699,_19204_,generated_datapath,infrastructure,5
5700,_19205_,generated_datapath,infrastructure,5
5701,_19206_,generated_control,infrastructure,5
5702,_19207_,generated_datapath,infrastructure,6
5703,_19208_,generated_control,infrastructure,5
5704,_19209_,generated_datapath,infrastructure,6
5705,_19210_,generated_control,infrastructure,4
5706,_19211_,generated_control,infrastructure,4
5707,_19212_,generated_control,infrastructure,4
5708,_19213_,generated_datapath,infrastructure,6
5709,_19214_,generated_control,infrastructure,4
5710,_19215_,generated_datapath,infrastructure,5
5711,_19216_,generated_control,infrastructure,5
5712,_19217_,generated_datapath,infrastructure,5
5713,_19218_,generated_control,infrastructure,4
5714,_19219_,generated_datapath,infrastructure,5
5715,_19220_,generated_control,infrastructure,5
5716,_19221_,generated_datapath,infrastructure,5
5717,_19222_,generated_control,infrastructure,4
5718,_19223_,generated_datapath,infrastructure,5
5719,_19224_,generated_control,infrastructure,4
5720,_19225_,generated_control,infrastructure,4
5721,_19226_,generated_control,infrastructure,4
5722,_19227_,generated_datapath,infrastructure,5
5723,_19228_,generated_datapath,infrastructure,5
5724,_19229_,generated_control,infrastructure,4
5725,_19230_,generated_control,infrastructure,4
5726,_19231_,generated_datapath,infrastructure,5
5727,_19232_,generated_datapath,infrastructure,5
5728,_19233_,generated_datapath,infrastructure,5
5729,_19234_,generated_datapath,infrastructure,6
5730,_19235_,generated_datapath,infrastructure,6
5731,_19236_,clock_reset,control,3
5732,_19237_,generated_control,infrastructure,5
5733,_19238_,generated_control,infrastructure,4
5734,_19239_,generated_datapath,infrastructure,6
5735,_19240_,generated_datapath,infrastructure,7
5736,_19241_,generated_datapath,infrastructure,7
5737,_19242_,generated_datapath,infrastructure,6
5738,_19243_,generated_datapath,infrastructure,6
5739,_19244_,generated_control,infrastructure,6
5740,_19245_,generated_datapath,infrastructure,6
5741,_19246_,generated_datapath,infrastructure,5
5742,_19247_,unclassified,infrastructure,6
5743,_19248_,generated_datapath,infrastructure,5
5744,_19249_,generated_control,infrastructure,4
5745,_19250_,generated_control,infrastructure,5
5746,_19251_,generated_datapath,infrastructure,5
5747,_19252_,generated_datapath,infrastructure,5
5748,_19253_,generated_control,infrastructure,5
5749,_19254_,generated_datapath,infrastructure,5
5750,_19255_,generated_control,infrastructure,5
5751,_19256_,generated_control,infrastructure,4
5752,_19257_,generated_control,infrastructure,5
5753,_19258_,generated_datapath,infrastructure,6
5754,_19259_,generated_control,infrastructure,4
5755,_19260_,generated_datapath,infrastructure,5
5756,_19261_,generated_datapath,infrastructure,5
5757,_19262_,generated_datapath,infrastructure,5
5758,_19263_,generated_control,infrastructure,4
5759,_19264_,generated_datapath,infrastructure,6
5760,_19265_,unclassified,infrastructure,6
5761,_19266_,generated_datapath,infrastructure,5
5762,_19267_,generated_control,infrastructure,5
5763,_19268_,generated_control,infrastructure,4
5764,_19269_,generated_control,infrastructure,4
5765,_19270_,generated_datapath,infrastructure,5
5766,_19271_,generated_control,infrastructure,4
5767,_19272_,generated_datapath,infrastructure,5
5768,_19273_,generated_control,infrastructure,4
5769,_19274_,generated_datapath,infrastructure,6
5770,_19275_,generated_datapath,infrastructure,5
5771,_19276_,generated_datapath,infrastructure,6
5772,_19277_,generated_control,infrastructure,6
5773,_19278_,generated_datapath,infrastructure,6
5774,_19279_,generated_datapath,infrastructure,7
5775,_19280_,generated_datapath,infrastructure,7
5776,_19281_,generated_datapath,infrastructure,6
5777,_19282_,generated_datapath,infrastructure,6
5778,_19283_,generated_control,infrastructure,6
5779,_19284_,generated_datapath,infrastructure,6
5780,_19285_,generated_datapath,infrastructure,5
5781,_19286_,generated_control,infrastructure,8
5782,_19287_,generated_datapath,infrastructure,6
5783,_19288_,generated_datapath,infrastructure,6
5784,_19289_,unclassified,infrastructure,6
5785,_19290_,generated_datapath,infrastructure,5
5786,_19291_,generated_control,infrastructure,4
5787,_19292_,generated_control,infrastructure,4
5788,_19293_,generated_control,infrastructure,8
5789,_19294_,generated_datapath,infrastructure,6
5790,_19295_,generated_control,infrastructure,5
5791,_19296_,generated_datapath,infrastructure,5
5792,_19297_,generated_datapath,infrastructure,5
5793,_19298_,generated_control,infrastructure,5
5794,_19299_,generated_datapath,infrastructure,6
5795,_19300_,generated_control,infrastructure,4
5796,_19301_,generated_control,infrastructure,4
5797,_19302_,generated_control,infrastructure,4
5798,_19303_,generated_datapath,infrastructure,6
5799,_19304_,unclassified,infrastructure,6
5800,_19305_,generated_datapath,infrastructure,5
5801,_19306_,generated_control,infrastructure,5
5802,_19307_,generated_datapath,infrastructure,5
5803,_19308_,generated_control,infrastructure,4
5804,_19309_,generated_control,infrastructure,4
5805,_19310_,generated_datapath,infrastructure,5
5806,_19311_,generated_datapath,infrastructure,5
5807,_19312_,generated_datapath,infrastructure,5
5808,_19313_,generated_datapath,infrastructure,6
5809,_19314_,generated_datapath,infrastructure,6
5810,_19315_,generated_datapath,infrastructure,5
5811,_19316_,generated_datapath,infrastructure,5
5812,_19317_,generated_datapath,infrastructure,6
5813,_19318_,generated_datapath,infrastructure,6
5814,_19319_,generated_datapath,infrastructure,7
5815,_19320_,generated_datapath,infrastructure,6
5816,_19321_,generated_datapath,infrastructure,7
5817,_19322_,generated_control,infrastructure,6
5818,_19323_,generated_datapath,infrastructure,6
5819,_19324_,generated_datapath,infrastructure,5
5820,_19325_,unclassified,infrastructure,6
5821,_19326_,generated_datapath,infrastructure,5
5822,_19327_,generated_control,infrastructure,4
5823,_19328_,generated_control,infrastructure,8
5824,_19329_,generated_control,infrastructure,4
5825,_19330_,generated_control,infrastructure,4
5826,_19331_,generated_control,infrastructure,4
5827,_19332_,generated_datapath,infrastructure,5
5828,_19333_,generated_datapath,infrastructure,7
5829,_19334_,generated_datapath,infrastructure,5
5830,_19335_,generated_datapath,infrastructure,5
5831,_19336_,generated_control,infrastructure,4
5832,_19337_,generated_control,infrastructure,4
5833,_19338_,unclassified,infrastructure,7
5834,_19339_,generated_control,infrastructure,5
5835,_19340_,generated_control,infrastructure,4
5836,_19341_,generated_datapath,infrastructure,5
5837,_19342_,generated_control,infrastructure,4
5838,_19343_,generated_datapath,infrastructure,5
5839,_19344_,generated_control,infrastructure,4
5840,_19345_,generated_datapath,infrastructure,6
5841,_19346_,generated_control,infrastructure,5
5842,_19347_,generated_control,infrastructure,5
5843,_19348_,generated_datapath,infrastructure,6
5844,_19349_,generated_datapath,infrastructure,5
5845,_19350_,generated_control,infrastructure,4
5846,_19351_,generated_datapath,infrastructure,6
5847,_19352_,generated_datapath,infrastructure,6
5848,_19353_,generated_control,infrastructure,4
5849,_19354_,generated_datapath,infrastructure,6
5850,_19355_,generated_control,infrastructure,4
5851,_19356_,csr,control,8
5852,_19357_,generated_datapath,infrastructure,6
5853,_19358_,generated_datapath,infrastructure,7
5854,_19359_,generated_datapath,infrastructure,7
5855,_19360_,generated_datapath,infrastructure,7
5856,_19361_,generated_control,infrastructure,6
5857,_19362_,generated_datapath,infrastructure,5
5858,_19363_,generated_control,infrastructure,4
5859,_19364_,generated_control,infrastructure,6
5860,_19365_,generated_datapath,infrastructure,5
5861,_19366_,generated_datapath,infrastructure,5
5862,_19367_,generated_control,infrastructure,4
5863,_19368_,generated_control,infrastructure,4
5864,_19369_,generated_control,infrastructure,4
5865,_19370_,generated_datapath,infrastructure,5
5866,_19371_,generated_control,infrastructure,4
5867,_19372_,generated_control,infrastructure,4
5868,_19373_,generated_datapath,infrastructure,6
5869,_19374_,generated_datapath,infrastructure,5
5870,_19375_,generated_datapath,infrastructure,5
5871,_19376_,generated_control,infrastructure,4
5872,_19377_,generated_datapath,infrastructure,5
5873,_19378_,unclassified,infrastructure,6
5874,_19379_,generated_datapath,infrastructure,6
5875,_19380_,generated_control,infrastructure,4
5876,_19381_,generated_datapath,infrastructure,5
5877,_19382_,generated_datapath,infrastructure,5
5878,_19383_,generated_control,infrastructure,5
5879,_19384_,generated_datapath,infrastructure,6
5880,_19385_,generated_control,infrastructure,4
5881,_19386_,generated_datapath,infrastructure,6
5882,_19387_,generated_datapath,infrastructure,6
5883,_19388_,generated_datapath,infrastructure,6
5884,_19389_,generated_datapath,infrastructure,5
5885,_19390_,generated_datapath,infrastructure,5
5886,_19391_,generated_datapath,infrastructure,6
5887,_19392_,generated_datapath,infrastructure,8
5888,_19393_,generated_datapath,infrastructure,5
5889,_19394_,generated_datapath,infrastructure,6
5890,_19395_,generated_datapath,infrastructure,6
5891,_19396_,generated_datapath,infrastructure,7
5892,_19397_,generated_control,infrastructure,6
5893,_19398_,generated_datapath,infrastructure,5
5894,_19399_,clock_reset,control,3
5895,_19400_,generated_control,infrastructure,8
5896,_19401_,generated_datapath,infrastructure,6
5897,_19402_,unclassified,infrastructure,6
5898,_19403_,generated_datapath,infrastructure,5
5899,_19404_,generated_control,infrastructure,4
5900,_19405_,generated_control,infrastructure,8
5901,_19406_,generated_datapath,infrastructure,6
5902,_19407_,generated_datapath,infrastructure,5
5903,_19408_,generated_control,infrastructure,4
5904,_19409_,generated_control,infrastructure,4
5905,_19410_,generated_control,infrastructure,8
5906,_19411_,generated_control,infrastructure,8
5907,_19412_,generated_datapath,infrastructure,6
5908,_19413_,generated_datapath,infrastructure,5
5909,_19414_,generated_datapath,infrastructure,5
5910,_19415_,generated_control,infrastructure,5
5911,_19416_,generated_datapath,infrastructure,5
5912,_19417_,generated_datapath,infrastructure,5
5913,_19418_,generated_control,infrastructure,5
5914,_19419_,generated_datapath,infrastructure,6
5915,_19420_,generated_datapath,infrastructure,5
5916,_19421_,generated_control,infrastructure,4
5917,_19422_,generated_control,infrastructure,4
5918,_19423_,generated_datapath,infrastructure,5
5919,_19424_,generated_datapath,infrastructure,5
5920,_19425_,generated_datapath,infrastructure,5
5921,_19426_,generated_datapath,infrastructure,6
5922,_19427_,generated_control,infrastructure,8
5923,_19428_,generated_datapath,infrastructure,6
5924,_19429_,generated_control,infrastructure,5
5925,_19430_,generated_datapath,infrastructure,6
5926,_19431_,generated_datapath,infrastructure,6
5927,_19432_,generated_datapath,infrastructure,7
5928,_19433_,generated_datapath,infrastructure,6
5929,_19434_,generated_datapath,infrastructure,7
5930,_19435_,generated_control,infrastructure,6
5931,_19436_,generated_datapath,infrastructure,6
5932,_19437_,generated_datapath,infrastructure,5
5933,_19438_,unclassified,infrastructure,6
5934,_19439_,generated_datapath,infrastructure,5
5935,_19440_,generated_control,infrastructure,4
5936,_19441_,generated_control,infrastructure,8
5937,_19442_,generated_datapath,infrastructure,6
5938,_19443_,generated_control,infrastructure,5
5939,_19444_,generated_datapath,infrastructure,5
5940,_19445_,generated_datapath,infrastructure,5
5941,_19446_,generated_control,infrastructure,5
5942,_19447_,generated_datapath,infrastructure,5
5943,_19448_,generated_control,infrastructure,4
5944,_19449_,generated_control,infrastructure,5
5945,_19450_,generated_control,infrastructure,4
5946,_19451_,generated_control,infrastructure,4
5947,_19452_,generated_control,infrastructure,4
5948,_19453_,generated_datapath,infrastructure,5
5949,_19454_,generated_control,infrastructure,4
5950,_19455_,generated_control,infrastructure,5
5951,_19456_,generated_control,infrastructure,5
5952,_19457_,generated_control,infrastructure,4
5953,_19458_,generated_control,infrastructure,4
5954,_19459_,generated_datapath,infrastructure,5
5955,_19460_,generated_datapath,infrastructure,5
5956,_19461_,generated_control,infrastructure,8
5957,_19462_,generated_datapath,infrastructure,5
5958,_19463_,generated_datapath,infrastructure,6
5959,_19464_,generated_datapath,infrastructure,6
5960,_19465_,clock_reset,control,3
5961,_19466_,generated_datapath,infrastructure,6
5962,_19467_,generated_datapath,infrastructure,6
5963,_19468_,generated_datapath,infrastructure,7
5964,_19469_,generated_datapath,infrastructure,6
5965,_19470_,generated_datapath,infrastructure,7
5966,_19471_,generated_control,infrastructure,6
5967,_19472_,generated_datapath,infrastructure,6
5968,_19473_,generated_datapath,infrastructure,5
5969,_19474_,unclassified,infrastructure,6
5970,_19475_,generated_datapath,infrastructure,5
5971,_19476_,generated_control,infrastructure,4
5972,_19477_,generated_datapath,infrastructure,6
5973,_19478_,unclassified,infrastructure,6
5974,_19479_,generated_datapath,infrastructure,5
5975,_19480_,generated_datapath,infrastructure,5
5976,_19481_,generated_control,infrastructure,4
5977,_19482_,generated_control,infrastructure,4
5978,_19483_,generated_datapath,infrastructure,5
5979,_19484_,generated_datapath,infrastructure,5
5980,_19485_,generated_control,infrastructure,4
5981,_19486_,generated_control,infrastructure,5
5982,_19487_,generated_control,infrastructure,8
5983,_19488_,generated_datapath,infrastructure,6
5984,_19489_,generated_control,infrastructure,4
5985,_19490_,generated_control,infrastructure,4
5986,_19491_,generated_datapath,infrastructure,5
5987,_19492_,generated_datapath,infrastructure,5
5988,_19493_,generated_datapath,infrastructure,6
5989,_19494_,generated_datapath,infrastructure,6
5990,_19495_,generated_datapath,infrastructure,6
5991,_19496_,generated_datapath,infrastructure,8
5992,_19497_,generated_datapath,infrastructure,7
5993,_19498_,generated_datapath,infrastructure,6
5994,_19499_,generated_datapath,infrastructure,6
5995,_19500_,generated_datapath,infrastructure,6
5996,_19501_,generated_control,infrastructure,6
5997,_19502_,generated_datapath,infrastructure,6
5998,_19503_,generated_datapath,infrastructure,5
5999,_19504_,generated_control,infrastructure,5
6000,_19505_,generated_control,infrastructure,8
6001,_19506_,generated_datapath,infrastructure,5
6002,_19507_,generated_control,infrastructure,5
6003,_19508_,generated_datapath,infrastructure,6
6004,_19509_,generated_control,infrastructure,4
6005,_19510_,generated_datapath,infrastructure,5
6006,_19511_,generated_control,infrastructure,4
6007,_19512_,generated_control,infrastructure,5
6008,_19513_,generated_datapath,infrastructure,5
6009,_19514_,generated_datapath,infrastructure,5
6010,_19515_,unclassified,infrastructure,7
6011,_19516_,generated_control,infrastructure,5
6012,_19517_,generated_control,infrastructure,4
6013,_19518_,generated_control,infrastructure,4
6014,_19519_,generated_datapath,infrastructure,6
6015,_19520_,unclassified,infrastructure,6
6016,_19521_,generated_control,infrastructure,4
6017,_19522_,generated_control,infrastructure,4
6018,_19523_,generated_datapath,infrastructure,5
6019,_19524_,generated_datapath,infrastructure,5
6020,_19525_,generated_control,infrastructure,4
6021,_19526_,generated_control,infrastructure,5
6022,_19527_,generated_control,infrastructure,5
6023,_19528_,generated_control,infrastructure,4
6024,_19529_,generated_control,infrastructure,4
6025,_19530_,clock_reset,control,3
6026,_19531_,generated_datapath,infrastructure,5
6027,_19532_,generated_datapath,infrastructure,5
6028,_19533_,generated_datapath,infrastructure,5
6029,_19534_,generated_datapath,infrastructure,6
6030,_19535_,generated_datapath,infrastructure,6
6031,_19536_,generated_datapath,infrastructure,6
6032,_19537_,generated_datapath,infrastructure,6
6033,_19538_,generated_datapath,infrastructure,6
6034,_19539_,generated_control,infrastructure,4
6035,_19540_,generated_control,infrastructure,5
6036,_19541_,generated_datapath,infrastructure,5
6037,_19542_,generated_datapath,infrastructure,6
6038,_19543_,generated_datapath,infrastructure,6
6039,_19544_,generated_control,infrastructure,5
6040,_19545_,generated_datapath,infrastructure,6
6041,_19546_,generated_control,infrastructure,8
6042,_19547_,generated_control,infrastructure,8
6043,_19548_,generated_datapath,infrastructure,6
6044,_19549_,unclassified,infrastructure,6
6045,_19550_,generated_datapath,infrastructure,5
6046,_19551_,generated_control,infrastructure,4
6047,_19552_,generated_control,infrastructure,8
6048,_19553_,generated_datapath,infrastructure,5
6049,_19554_,generated_control,infrastructure,4
6050,_19555_,generated_control,infrastructure,4
6051,_19556_,generated_control,infrastructure,4
6052,_19557_,generated_control,infrastructure,5
6053,_19558_,generated_control,infrastructure,4
6054,_19559_,generated_control,infrastructure,5
6055,_19560_,generated_control,infrastructure,4
6056,_19561_,generated_datapath,infrastructure,5
6057,_19562_,generated_datapath,infrastructure,5
6058,_19563_,unclassified,infrastructure,7
6059,_19564_,generated_datapath,infrastructure,5
6060,_19565_,generated_datapath,infrastructure,5
6061,_19566_,generated_datapath,infrastructure,7
6062,_19567_,generated_datapath,infrastructure,6
6063,_19568_,generated_datapath,infrastructure,6
6064,_19569_,unclassified,infrastructure,6
6065,_19570_,generated_datapath,infrastructure,6
6066,_19571_,trap_debug,control,8
6067,_19572_,generated_datapath,infrastructure,7
6068,_19573_,generated_datapath,infrastructure,6
6069,_19574_,generated_datapath,infrastructure,6
6070,_19575_,generated_control,infrastructure,6
6071,_19576_,generated_datapath,infrastructure,5
6072,_19577_,generated_datapath,infrastructure,5
6073,_19578_,generated_datapath,infrastructure,5
6074,_19579_,generated_datapath,infrastructure,5
6075,_19580_,generated_control,infrastructure,4
6076,_19581_,generated_control,infrastructure,5
6077,_19582_,generated_datapath,infrastructure,5
6078,_19583_,generated_datapath,infrastructure,5
6079,_19584_,generated_control,infrastructure,5
6080,_19585_,generated_datapath,infrastructure,5
6081,_19586_,generated_control,infrastructure,4
6082,_19587_,generated_datapath,infrastructure,6
6083,_19588_,generated_control,infrastructure,5
6084,_19589_,generated_control,infrastructure,4
6085,_19590_,generated_control,infrastructure,4
6086,_19591_,generated_datapath,infrastructure,5
6087,_19592_,generated_datapath,infrastructure,5
6088,_19593_,clock_reset,control,3
6089,_19594_,generated_datapath,infrastructure,5
6090,_19595_,generated_datapath,infrastructure,6
6091,_19596_,generated_datapath,infrastructure,6
6092,_19597_,generated_datapath,infrastructure,7
6093,_19598_,generated_datapath,infrastructure,6
6094,_19599_,generated_datapath,infrastructure,6
6095,_19600_,generated_control,infrastructure,8
6096,_19601_,generated_datapath,infrastructure,6
6097,_19602_,generated_control,infrastructure,6
6098,_19603_,generated_datapath,infrastructure,6
6099,_19604_,generated_datapath,infrastructure,5
6100,_19605_,generated_control,infrastructure,5
6101,_19606_,generated_control,infrastructure,4
6102,_19607_,generated_control,infrastructure,4
6103,_19608_,generated_datapath,infrastructure,6
6104,_19609_,generated_datapath,infrastructure,6
6105,_19610_,generated_control,infrastructure,4
6106,_19611_,generated_control,infrastructure,4
6107,_19612_,generated_control,infrastructure,4
6108,_19613_,generated_control,infrastructure,4
6109,_19614_,generated_control,infrastructure,5
6110,_19615_,generated_datapath,infrastructure,8
6111,_19616_,generated_control,infrastructure,5
6112,_19617_,generated_datapath,infrastructure,5
6113,_19618_,generated_datapath,infrastructure,5
6114,_19619_,generated_control,infrastructure,4
6115,_19620_,generated_datapath,infrastructure,6
6116,_19621_,generated_control,infrastructure,4
6117,_19622_,generated_datapath,infrastructure,6
6118,_19623_,generated_datapath,infrastructure,8
6119,_19624_,generated_control,infrastructure,6
6120,_19625_,generated_control,infrastructure,4
6121,_19626_,generated_control,infrastructure,4
6122,_19627_,generated_control,infrastructure,5
6123,_19628_,generated_control,infrastructure,4
6124,_19629_,generated_control,infrastructure,4
6125,_19630_,generated_datapath,infrastructure,5
6126,_19631_,generated_datapath,infrastructure,5
6127,_19632_,unclassified,infrastructure,7
6128,_19633_,generated_datapath,infrastructure,5
6129,_19634_,generated_datapath,infrastructure,7
6130,_19635_,generated_datapath,infrastructure,6
6131,_19636_,generated_control,infrastructure,8
6132,_19637_,generated_datapath,infrastructure,6
6133,_19638_,generated_datapath,infrastructure,6
6134,_19639_,generated_datapath,infrastructure,8
6135,_19640_,generated_datapath,infrastructure,7
6136,_19641_,generated_datapath,infrastructure,6
6137,_19642_,generated_datapath,infrastructure,6
6138,_19643_,generated_control,infrastructure,6
6139,_19644_,generated_datapath,infrastructure,5
6140,_19645_,generated_datapath,infrastructure,5
6141,_19646_,generated_datapath,infrastructure,5
6142,_19647_,generated_datapath,infrastructure,5
6143,_19648_,generated_control,infrastructure,4
6144,_19649_,generated_datapath,infrastructure,6
6145,_19650_,generated_control,infrastructure,8
6146,_19651_,generated_datapath,infrastructure,6
6147,_19652_,generated_control,infrastructure,4
6148,_19653_,generated_datapath,infrastructure,8
6149,_19654_,generated_control,infrastructure,5
6150,_19655_,generated_control,infrastructure,5
6151,_19656_,generated_control,infrastructure,4
6152,_19657_,generated_datapath,infrastructure,5
6153,_19658_,clock_reset,control,3
6154,_19659_,generated_control,infrastructure,5
6155,_19660_,generated_datapath,infrastructure,5
6156,_19661_,generated_datapath,infrastructure,5
6157,_19662_,generated_control,infrastructure,5
6158,_19663_,generated_datapath,infrastructure,6
6159,_19664_,generated_datapath,infrastructure,5
6160,_19665_,generated_control,infrastructure,4
6161,_19666_,generated_control,infrastructure,4
6162,_19667_,generated_datapath,infrastructure,5
6163,_19668_,generated_datapath,infrastructure,5
6164,_19669_,generated_datapath,infrastructure,5
6165,_19670_,generated_datapath,infrastructure,6
6166,_19671_,generated_datapath,infrastructure,6
6167,_19672_,generated_datapath,infrastructure,6
6168,_19673_,trap_debug,control,8
6169,_19674_,generated_datapath,infrastructure,6
6170,_19675_,generated_datapath,infrastructure,5
6171,_19676_,generated_datapath,infrastructure,6
6172,_19677_,generated_datapath,infrastructure,7
6173,_19678_,generated_control,infrastructure,6
6174,_19679_,generated_datapath,infrastructure,5
6175,_19680_,generated_control,infrastructure,5
6176,_19681_,generated_datapath,infrastructure,5
6177,_19682_,generated_datapath,infrastructure,5
6178,_19683_,generated_datapath,infrastructure,5
6179,_19684_,generated_datapath,infrastructure,5
6180,_19685_,generated_datapath,infrastructure,6
6181,_19686_,generated_datapath,infrastructure,6
6182,_19687_,generated_control,infrastructure,4
6183,_19688_,generated_datapath,infrastructure,8
6184,_19689_,generated_control,infrastructure,5
6185,_19690_,generated_control,infrastructure,5
6186,_19691_,generated_control,infrastructure,4
6187,_19692_,generated_datapath,infrastructure,6
6188,_19693_,unclassified,infrastructure,6
6189,_19694_,generated_datapath,infrastructure,7
6190,_19695_,generated_datapath,infrastructure,5
6191,_19696_,generated_datapath,infrastructure,5
6192,_19697_,generated_datapath,infrastructure,5
6193,_19698_,generated_datapath,infrastructure,7
6194,_19699_,generated_datapath,infrastructure,6
6195,_19700_,generated_datapath,infrastructure,6
6196,_19701_,generated_datapath,infrastructure,6
6197,_19702_,generated_control,infrastructure,4
6198,_19703_,generated_datapath,infrastructure,6
6199,_19704_,generated_datapath,infrastructure,7
6200,_19705_,generated_datapath,infrastructure,6
6201,_19706_,generated_datapath,infrastructure,7
6202,_19707_,generated_datapath,infrastructure,7
6203,_19708_,generated_datapath,infrastructure,7
6204,_19709_,generated_control,infrastructure,6
6205,_19710_,generated_datapath,infrastructure,5
6206,_19711_,generated_datapath,infrastructure,5
6207,_19712_,generated_datapath,infrastructure,5
6208,_19713_,generated_datapath,infrastructure,5
6209,_19714_,generated_control,infrastructure,4
6210,_19715_,generated_datapath,infrastructure,5
6211,_19716_,generated_control,infrastructure,4
6212,_19717_,generated_datapath,infrastructure,5
6213,_19718_,generated_control,infrastructure,4
6214,_19719_,generated_control,infrastructure,4
6215,_19720_,generated_control,infrastructure,4
6216,_19721_,generated_control,infrastructure,5
6217,_19722_,generated_control,infrastructure,4
6218,_19723_,generated_datapath,infrastructure,5
6219,_19724_,generated_datapath,infrastructure,5
6220,_19725_,generated_control,infrastructure,5
6221,_19726_,generated_control,infrastructure,4
6222,_19727_,generated_datapath,infrastructure,5
6223,_19728_,generated_control,infrastructure,4
6224,_19729_,generated_datapath,infrastructure,6
6225,_19730_,generated_control,infrastructure,5
6226,_19731_,generated_datapath,infrastructure,7
6227,_19732_,generated_datapath,infrastructure,5
6228,_19733_,generated_control,infrastructure,4
6229,_19734_,generated_control,infrastructure,4
6230,_19735_,generated_datapath,infrastructure,6
6231,_19736_,generated_datapath,infrastructure,6
6232,_19737_,generated_control,infrastructure,5
6233,_19738_,generated_datapath,infrastructure,7
6234,_19739_,generated_datapath,infrastructure,6
6235,_19740_,generated_datapath,infrastructure,6
6236,_19741_,generated_datapath,infrastructure,6
6237,_19742_,generated_datapath,infrastructure,6
6238,_19743_,generated_control,infrastructure,6
6239,_19744_,generated_datapath,infrastructure,6
6240,_19745_,generated_datapath,infrastructure,5
6241,_19746_,generated_control,infrastructure,4
6242,_19747_,generated_datapath,infrastructure,6
6243,_19748_,generated_datapath,infrastructure,6
6244,_19749_,generated_control,infrastructure,4
6245,_19750_,generated_datapath,infrastructure,8
6246,_19751_,generated_control,infrastructure,5
6247,_19752_,generated_control,infrastructure,5
6248,_19753_,generated_datapath,infrastructure,6
6249,_19754_,generated_datapath,infrastructure,5
6250,_19755_,generated_control,infrastructure,4
6251,_19756_,generated_datapath,infrastructure,6
6252,_19757_,generated_control,infrastructure,4
6253,_19758_,generated_control,infrastructure,4
6254,_19759_,generated_datapath,infrastructure,6
6255,_19760_,generated_datapath,infrastructure,8
6256,_19761_,generated_control,infrastructure,6
6257,_19762_,generated_control,infrastructure,5
6258,_19763_,generated_datapath,infrastructure,5
6259,_19764_,generated_datapath,infrastructure,6
6260,_19765_,generated_datapath,infrastructure,5
6261,_19766_,generated_control,infrastructure,4
6262,_19767_,generated_control,infrastructure,4
6263,_19768_,generated_datapath,infrastructure,5
6264,_19769_,generated_datapath,infrastructure,6
6265,_19770_,generated_datapath,infrastructure,6
6266,_19771_,generated_datapath,infrastructure,7
6267,_19772_,generated_control,infrastructure,4
6268,_19773_,generated_datapath,infrastructure,5
6269,_19774_,generated_control,infrastructure,4
6270,_19775_,generated_datapath,infrastructure,6
6271,_19776_,generated_datapath,infrastructure,6
6272,_19777_,generated_control,infrastructure,4
6273,_19778_,generated_control,infrastructure,4
6274,_19779_,generated_datapath,infrastructure,7
6275,_19780_,generated_datapath,infrastructure,6
6276,_19781_,generated_datapath,infrastructure,6
6277,_19782_,generated_datapath,infrastructure,6
6278,_19783_,generated_control,infrastructure,6
6279,_19784_,generated_datapath,infrastructure,6
6280,_19785_,generated_datapath,infrastructure,5
6281,_19786_,generated_control,infrastructure,4
6282,_19787_,generated_datapath,infrastructure,5
6283,_19788_,generated_datapath,infrastructure,5
6284,_19789_,generated_control,infrastructure,4
6285,_19790_,generated_control,infrastructure,5
6286,_19791_,generated_datapath,infrastructure,5
6287,_19792_,generated_datapath,infrastructure,5
6288,_19793_,generated_control,infrastructure,5
6289,_19794_,generated_control,infrastructure,5
6290,_19795_,generated_datapath,infrastructure,5
6291,_19796_,generated_control,infrastructure,4
6292,_19797_,generated_control,infrastructure,4
6293,_19798_,generated_datapath,infrastructure,5
6294,_19799_,generated_datapath,infrastructure,5
6295,_19800_,generated_control,infrastructure,4
6296,_19801_,generated_datapath,infrastructure,7
6297,_19802_,generated_datapath,infrastructure,8
6298,_19803_,generated_control,infrastructure,4
6299,_19804_,generated_control,infrastructure,5
6300,_19805_,generated_datapath,infrastructure,7
6301,_19806_,generated_datapath,infrastructure,6
6302,_19807_,generated_datapath,infrastructure,6
6303,_19808_,generated_datapath,infrastructure,6
6304,_19809_,generated_control,infrastructure,4
6305,_19810_,generated_datapath,infrastructure,8
6306,_19811_,generated_control,infrastructure,5
6307,_19812_,generated_control,infrastructure,5
6308,_19813_,generated_control,infrastructure,4
6309,_19814_,generated_datapath,infrastructure,6
6310,_19815_,generated_datapath,infrastructure,6
6311,_19816_,generated_datapath,infrastructure,6
6312,_19817_,generated_control,infrastructure,4
6313,_19818_,generated_datapath,infrastructure,8
6314,_19819_,generated_control,infrastructure,5
6315,_19820_,generated_datapath,infrastructure,5
6316,_19821_,generated_datapath,infrastructure,5
6317,_19822_,generated_control,infrastructure,4
6318,_19823_,generated_control,infrastructure,5
6319,_19824_,generated_datapath,infrastructure,5
6320,_19825_,generated_datapath,infrastructure,5
6321,_19826_,generated_control,infrastructure,5
6322,_19827_,generated_control,infrastructure,4
6323,_19828_,generated_datapath,infrastructure,5
6324,_19829_,generated_control,infrastructure,4
6325,_19830_,generated_datapath,infrastructure,6
6326,_19831_,generated_control,infrastructure,5
6327,_19832_,generated_datapath,infrastructure,7
6328,_19833_,generated_datapath,infrastructure,5
6329,_19834_,generated_datapath,infrastructure,6
6330,_19835_,generated_datapath,infrastructure,6
6331,_19836_,generated_datapath,infrastructure,6
6332,_19837_,generated_control,infrastructure,4
6333,_19838_,generated_datapath,infrastructure,8
6334,_19839_,generated_datapath,infrastructure,6
6335,_19840_,generated_datapath,infrastructure,7
6336,_19841_,generated_datapath,infrastructure,7
6337,_19842_,generated_datapath,infrastructure,7
6338,_19843_,generated_control,infrastructure,5
6339,_19844_,generated_control,infrastructure,6
6340,_19845_,generated_control,infrastructure,5
6341,_19846_,generated_control,infrastructure,5
6342,_19847_,generated_datapath,infrastructure,5
6343,_19848_,generated_control,infrastructure,4
6344,_19849_,generated_control,infrastructure,4
6345,_19850_,generated_datapath,infrastructure,5
6346,_19851_,generated_control,infrastructure,4
6347,_19852_,generated_control,infrastructure,5
6348,_19853_,generated_datapath,infrastructure,6
6349,_19854_,generated_datapath,infrastructure,8
6350,_19855_,generated_control,infrastructure,5
6351,_19856_,unclassified,infrastructure,6
6352,_19857_,generated_datapath,infrastructure,5
6353,_19858_,generated_control,infrastructure,4
6354,_19859_,generated_control,infrastructure,5
6355,_19860_,generated_datapath,infrastructure,5
6356,_19861_,generated_datapath,infrastructure,5
6357,_19862_,generated_datapath,infrastructure,6
6358,_19863_,generated_datapath,infrastructure,5
6359,_19864_,generated_datapath,infrastructure,5
6360,_19865_,generated_control,infrastructure,5
6361,_19866_,generated_control,infrastructure,4
6362,_19867_,generated_datapath,infrastructure,5
6363,_19868_,generated_datapath,infrastructure,5
6364,_19869_,generated_datapath,infrastructure,7
6365,_19870_,generated_control,infrastructure,4
6366,_19871_,generated_datapath,infrastructure,7
6367,_19872_,generated_datapath,infrastructure,6
6368,_19873_,generated_datapath,infrastructure,6
6369,_19874_,generated_datapath,infrastructure,6
6370,_19875_,generated_control,infrastructure,6
6371,_19876_,generated_datapath,infrastructure,6
6372,_19877_,generated_datapath,infrastructure,6
6373,_19878_,generated_datapath,infrastructure,6
6374,_19879_,generated_datapath,infrastructure,5
6375,_19880_,generated_control,infrastructure,5
6376,_19881_,generated_control,infrastructure,4
6377,_19882_,generated_datapath,infrastructure,6
6378,_19883_,generated_control,infrastructure,4
6379,_19884_,generated_datapath,infrastructure,5
6380,_19885_,generated_control,infrastructure,5
6381,_19886_,generated_control,infrastructure,5
6382,_19887_,generated_datapath,infrastructure,5
6383,_19888_,generated_control,infrastructure,4
6384,_19889_,generated_datapath,infrastructure,8
6385,_19890_,generated_control,infrastructure,5
6386,_19891_,generated_control,infrastructure,4
6387,_19892_,generated_datapath,infrastructure,5
6388,_19893_,generated_control,infrastructure,4
6389,_19894_,generated_datapath,infrastructure,5
6390,_19895_,generated_control,infrastructure,4
6391,_19896_,generated_control,infrastructure,5
6392,_19897_,generated_control,infrastructure,5
6393,_19898_,generated_datapath,infrastructure,5
6394,_19899_,generated_datapath,infrastructure,8
6395,_19900_,generated_control,infrastructure,5
6396,_19901_,generated_control,infrastructure,5
6397,_19902_,generated_control,infrastructure,5
6398,_19903_,generated_datapath,infrastructure,5
6399,_19904_,generated_datapath,infrastructure,5
6400,_19905_,generated_control,infrastructure,5
6401,_19906_,generated_datapath,infrastructure,5
6402,_19907_,generated_control,infrastructure,4
6403,_19908_,generated_control,infrastructure,4
6404,_19909_,generated_datapath,infrastructure,5
6405,_19910_,generated_datapath,infrastructure,5
6406,_19911_,generated_datapath,infrastructure,7
6407,_19912_,generated_datapath,infrastructure,6
6408,_19913_,generated_datapath,infrastructure,6
6409,_19914_,generated_control,infrastructure,5
6410,_19915_,generated_datapath,infrastructure,8
6411,_19916_,generated_datapath,infrastructure,7
6412,_19917_,generated_datapath,infrastructure,6
6413,_19918_,generated_control,infrastructure,5
6414,_19919_,generated_datapath,infrastructure,6
6415,_19920_,generated_datapath,infrastructure,5
6416,_19921_,generated_datapath,infrastructure,6
6417,_19922_,generated_control,infrastructure,4
6418,_19923_,generated_control,infrastructure,4
6419,_19924_,generated_datapath,infrastructure,5
6420,_19925_,generated_control,infrastructure,4
6421,_19926_,generated_control,infrastructure,5
6422,_19927_,generated_datapath,infrastructure,5
6423,_19928_,generated_datapath,infrastructure,5
6424,_19929_,generated_control,infrastructure,5
6425,_19930_,generated_datapath,infrastructure,5
6426,_19931_,generated_control,infrastructure,4
6427,_19932_,generated_control,infrastructure,4
6428,_19933_,generated_datapath,infrastructure,5
6429,_19934_,generated_datapath,infrastructure,5
6430,_19935_,generated_datapath,infrastructure,7
6431,_19936_,generated_control,infrastructure,5
6432,_19937_,generated_datapath,infrastructure,7
6433,_19938_,generated_datapath,infrastructure,6
6434,_19939_,generated_datapath,infrastructure,6
6435,_19940_,generated_datapath,infrastructure,6
6436,_19941_,generated_control,infrastructure,6
6437,_19942_,generated_datapath,infrastructure,6
6438,_19943_,generated_datapath,infrastructure,6
6439,_19944_,generated_datapath,infrastructure,6
6440,_19945_,generated_datapath,infrastructure,5
6441,_19946_,generated_datapath,infrastructure,6
6442,_19947_,generated_datapath,infrastructure,5
6443,_19948_,generated_datapath,infrastructure,6
6444,_19949_,generated_control,infrastructure,4
6445,_19950_,generated_control,infrastructure,5
6446,_19951_,generated_datapath,infrastructure,5
6447,_19952_,generated_control,infrastructure,5
6448,_19953_,generated_control,infrastructure,4
6449,_19954_,generated_control,infrastructure,5
6450,_19955_,generated_datapath,infrastructure,5
6451,_19956_,generated_control,infrastructure,4
6452,_19957_,generated_datapath,infrastructure,8
6453,_19958_,generated_control,infrastructure,5
6454,_19959_,generated_control,infrastructure,4
6455,_19960_,generated_datapath,infrastructure,5
6456,_19961_,generated_control,infrastructure,4
6457,_19962_,generated_control,infrastructure,5
6458,_19963_,generated_datapath,infrastructure,5
6459,_19964_,generated_datapath,infrastructure,5
6460,_19965_,generated_control,infrastructure,5
6461,_19966_,generated_datapath,infrastructure,5
6462,_19967_,generated_control,infrastructure,4
6463,_19968_,generated_datapath,infrastructure,6
6464,_19969_,generated_control,infrastructure,5
6465,_19970_,generated_control,infrastructure,4
6466,_19971_,generated_control,infrastructure,4
6467,_19972_,generated_datapath,infrastructure,5
6468,_19973_,generated_datapath,infrastructure,5
6469,_19974_,generated_control,infrastructure,5
6470,_19975_,generated_datapath,infrastructure,5
6471,_19976_,generated_datapath,infrastructure,6
6472,_19977_,generated_datapath,infrastructure,6
6473,_19978_,generated_datapath,infrastructure,8
6474,_19979_,generated_datapath,infrastructure,7
6475,_19980_,csr,control,6
6476,_19981_,generated_datapath,infrastructure,8
6477,_19982_,generated_control,infrastructure,4
6478,_19983_,generated_control,infrastructure,6
6479,_19984_,generated_datapath,infrastructure,6
6480,_19985_,generated_datapath,infrastructure,5
6481,_19986_,generated_control,infrastructure,5
6482,_19987_,generated_control,infrastructure,4
6483,_19988_,generated_datapath,infrastructure,5
6484,_19989_,generated_control,infrastructure,5
6485,_19990_,generated_control,infrastructure,5
6486,_19991_,generated_control,infrastructure,5
6487,_19992_,generated_datapath,infrastructure,5
6488,_19993_,generated_control,infrastructure,4
6489,_19994_,generated_datapath,infrastructure,8
6490,_19995_,generated_datapath,infrastructure,6
6491,_19996_,generated_control,infrastructure,5
6492,_19997_,generated_datapath,infrastructure,5
6493,_19998_,generated_datapath,infrastructure,5
6494,_19999_,generated_control,infrastructure,4
6495,_20000_,generated_datapath,infrastructure,7
6496,_20001_,generated_control,infrastructure,4
6497,_20002_,generated_datapath,infrastructure,5
6498,_20003_,generated_control,infrastructure,4
6499,_20004_,generated_datapath,infrastructure,5
6500,_20005_,generated_control,infrastructure,4
6501,_20006_,unclassified,infrastructure,6
6502,_20007_,generated_control,infrastructure,5
6503,_20008_,generated_datapath,infrastructure,5
6504,_20009_,generated_datapath,infrastructure,5
6505,_20010_,generated_datapath,infrastructure,5
6506,_20011_,generated_control,infrastructure,5
6507,_20012_,generated_control,infrastructure,4
6508,_20013_,generated_datapath,infrastructure,5
6509,_20014_,generated_control,infrastructure,5
6510,_20015_,generated_control,infrastructure,5
6511,_20016_,generated_datapath,infrastructure,5
6512,_20017_,generated_control,infrastructure,4
6513,_20018_,generated_datapath,infrastructure,8
6514,_20019_,generated_control,infrastructure,5
6515,_20020_,unclassified,infrastructure,6
6516,_20021_,generated_datapath,infrastructure,5
6517,_20022_,generated_control,infrastructure,4
6518,_20023_,generated_datapath,infrastructure,7
6519,_20024_,generated_control,infrastructure,4
6520,_20025_,generated_datapath,infrastructure,6
6521,_20026_,generated_control,infrastructure,5
6522,_20027_,generated_control,infrastructure,4
6523,_20028_,generated_control,infrastructure,5
6524,_20029_,generated_datapath,infrastructure,5
6525,_20030_,generated_datapath,infrastructure,5
6526,_20031_,unclassified,infrastructure,7
6527,_20032_,generated_datapath,infrastructure,6
6528,_20033_,generated_datapath,infrastructure,5
6529,_20034_,generated_control,infrastructure,5
6530,_20035_,generated_control,infrastructure,4
6531,_20036_,generated_datapath,infrastructure,5
6532,_20037_,generated_control,infrastructure,5
6533,_20038_,generated_control,infrastructure,5
6534,_20039_,generated_datapath,infrastructure,5
6535,_20040_,generated_control,infrastructure,4
6536,_20041_,generated_datapath,infrastructure,8
6537,_20042_,generated_control,infrastructure,5
6538,_20043_,unclassified,infrastructure,6
6539,_20044_,generated_datapath,infrastructure,5
6540,_20045_,generated_control,infrastructure,4
6541,_20046_,generated_control,infrastructure,4
6542,_20047_,generated_datapath,infrastructure,5
6543,_20048_,generated_control,infrastructure,5
6544,_20049_,generated_control,infrastructure,5
6545,_20050_,generated_datapath,infrastructure,5
6546,_20051_,generated_control,infrastructure,4
6547,_20052_,generated_datapath,infrastructure,8
6548,_20053_,generated_control,infrastructure,5
6549,_20054_,generated_control,infrastructure,5
6550,_20055_,generated_datapath,infrastructure,7
6551,_20056_,generated_datapath,infrastructure,5
6552,_20057_,generated_control,infrastructure,4
6553,_20058_,generated_control,infrastructure,4
6554,_20059_,generated_control,infrastructure,4
6555,_20060_,generated_control,infrastructure,5
6556,_20061_,generated_datapath,infrastructure,6
6557,_20062_,generated_datapath,infrastructure,6
6558,_20063_,unclassified,infrastructure,7
6559,_20064_,generated_datapath,infrastructure,5
6560,_20065_,generated_control,infrastructure,4
6561,_20066_,generated_datapath,infrastructure,5
6562,_20067_,generated_datapath,infrastructure,5
6563,_20068_,generated_control,infrastructure,4
6564,_20069_,generated_datapath,infrastructure,5
6565,_20070_,generated_datapath,infrastructure,5
6566,_20071_,generated_control,infrastructure,4
6567,_20072_,generated_datapath,infrastructure,4
6568,_20073_,generated_datapath,infrastructure,6
6569,_20074_,generated_control,infrastructure,4
6570,_20075_,generated_datapath,infrastructure,5
6571,_20076_,generated_control,infrastructure,5
6572,_20077_,generated_datapath,infrastructure,5
6573,_20078_,unclassified,infrastructure,7
6574,_20079_,generated_control,infrastructure,4
6575,_20080_,generated_datapath,infrastructure,5
6576,_20081_,generated_control,infrastructure,4
6577,_20082_,generated_control,infrastructure,4
6578,_20083_,generated_control,infrastructure,4
6579,_20084_,generated_control,infrastructure,5
6580,_20085_,generated_control,infrastructure,4
6581,_20086_,unclassified,infrastructure,6
6582,_20087_,generated_control,infrastructure,4
6583,_20088_,generated_datapath,infrastructure,5
6584,_20089_,generated_control,infrastructure,4
6585,_20090_,generated_datapath,infrastructure,5
6586,_20091_,generated_control,infrastructure,4
6587,_20092_,unclassified,infrastructure,6
6588,_20093_,generated_control,infrastructure,5
6589,_20094_,generated_control,infrastructure,4
6590,_20095_,generated_datapath,infrastructure,5
6591,_20096_,generated_control,infrastructure,4
6592,_20097_,generated_datapath,infrastructure,5
6593,_20098_,generated_control,infrastructure,4
6594,_20099_,generated_datapath,infrastructure,5
6595,_20100_,generated_control,infrastructure,4
6596,_20101_,generated_datapath,infrastructure,5
6597,_20102_,generated_control,infrastructure,4
6598,_20103_,generated_datapath,infrastructure,5
6599,_20104_,generated_control,infrastructure,4
6600,_20105_,generated_datapath,infrastructure,5
6601,_20106_,generated_datapath,infrastructure,5
6602,_20107_,generated_control,infrastructure,4
6603,_20108_,generated_datapath,infrastructure,5
6604,_20109_,generated_datapath,infrastructure,5
6605,_20110_,generated_control,infrastructure,4
6606,_20111_,generated_datapath,infrastructure,5
6607,_20112_,generated_control,infrastructure,4
6608,_20113_,generated_datapath,infrastructure,5
6609,_20114_,generated_control,infrastructure,4
6610,_20115_,generated_datapath,infrastructure,5
6611,_20116_,generated_control,infrastructure,4
6612,_20117_,generated_datapath,infrastructure,5
6613,_20118_,generated_control,infrastructure,4
6614,_20119_,generated_datapath,infrastructure,5
6615,_20120_,generated_control,infrastructure,4
6616,_20121_,generated_datapath,infrastructure,5
6617,_20122_,generated_control,infrastructure,4
6618,_20123_,generated_datapath,infrastructure,5
6619,_20124_,generated_control,infrastructure,4
6620,_20125_,generated_datapath,infrastructure,5
6621,_20126_,generated_control,infrastructure,4
6622,_20127_,generated_datapath,infrastructure,5
6623,_20128_,generated_control,infrastructure,4
6624,_20129_,generated_datapath,infrastructure,5
6625,_20130_,generated_control,infrastructure,4
6626,_20131_,generated_datapath,infrastructure,5
6627,_20132_,generated_control,infrastructure,4
6628,_20133_,generated_datapath,infrastructure,5
6629,_20134_,generated_control,infrastructure,4
6630,_20135_,generated_datapath,infrastructure,5
6631,_20136_,generated_control,infrastructure,4
6632,_20137_,generated_datapath,infrastructure,5
6633,_20138_,generated_control,infrastructure,4
6634,_20139_,generated_datapath,infrastructure,5
6635,_20140_,generated_control,infrastructure,4
6636,_20141_,generated_datapath,infrastructure,5
6637,_20142_,generated_control,infrastructure,4
6638,_20143_,generated_datapath,infrastructure,5
6639,_20144_,generated_control,infrastructure,4
6640,_20145_,generated_datapath,infrastructure,5
6641,_20146_,generated_control,infrastructure,5
6642,_20147_,generated_control,infrastructure,4
6643,_20148_,generated_control,infrastructure,4
6644,_20149_,generated_control,infrastructure,4
6645,_20150_,generated_datapath,infrastructure,7
6646,_20151_,generated_control,infrastructure,5
6647,_20152_,generated_control,infrastructure,4
6648,_20153_,unclassified,infrastructure,6
6649,_20154_,generated_control,infrastructure,4
6650,_20155_,generated_datapath,infrastructure,5
6651,_20156_,generated_control,infrastructure,4
6652,_20157_,generated_datapath,infrastructure,5
6653,_20158_,generated_control,infrastructure,4
6654,_20159_,unclassified,infrastructure,6
6655,_20160_,generated_control,infrastructure,5
6656,_20161_,generated_control,infrastructure,4
6657,_20162_,generated_datapath,infrastructure,5
6658,_20163_,generated_control,infrastructure,4
6659,_20164_,generated_datapath,infrastructure,5
6660,_20165_,generated_control,infrastructure,4
6661,_20166_,generated_datapath,infrastructure,5
6662,_20167_,generated_control,infrastructure,4
6663,_20168_,generated_datapath,infrastructure,5
6664,_20169_,generated_control,infrastructure,4
6665,_20170_,generated_datapath,infrastructure,5
6666,_20171_,generated_control,infrastructure,4
6667,_20172_,generated_datapath,infrastructure,5
6668,_20173_,generated_control,infrastructure,4
6669,_20174_,generated_datapath,infrastructure,5
6670,_20175_,generated_control,infrastructure,4
6671,_20176_,generated_datapath,infrastructure,5
6672,_20177_,generated_control,infrastructure,4
6673,_20178_,generated_datapath,infrastructure,5
6674,_20179_,generated_control,infrastructure,4
6675,_20180_,generated_datapath,infrastructure,5
6676,_20181_,generated_control,infrastructure,4
6677,_20182_,generated_datapath,infrastructure,5
6678,_20183_,generated_control,infrastructure,4
6679,_20184_,generated_datapath,infrastructure,5
6680,_20185_,generated_control,infrastructure,4
6681,_20186_,generated_datapath,infrastructure,5
6682,_20187_,generated_control,infrastructure,4
6683,_20188_,generated_datapath,infrastructure,5
6684,_20189_,generated_datapath,infrastructure,5
6685,_20190_,generated_control,infrastructure,4
6686,_20191_,generated_datapath,infrastructure,5
6687,_20192_,generated_control,infrastructure,4
6688,_20193_,generated_datapath,infrastructure,5
6689,_20194_,generated_control,infrastructure,4
6690,_20195_,generated_datapath,infrastructure,5
6691,_20196_,generated_datapath,infrastructure,5
6692,_20197_,generated_control,infrastructure,4
6693,_20198_,generated_datapath,infrastructure,5
6694,_20199_,generated_control,infrastructure,4
6695,_20200_,generated_datapath,infrastructure,5
6696,_20201_,generated_control,infrastructure,4
6697,_20202_,generated_datapath,infrastructure,5
6698,_20203_,generated_control,infrastructure,4
6699,_20204_,generated_datapath,infrastructure,5
6700,_20205_,generated_control,infrastructure,4
6701,_20206_,generated_datapath,infrastructure,5
6702,_20207_,generated_control,infrastructure,4
6703,_20208_,generated_datapath,infrastructure,5
6704,_20209_,generated_control,infrastructure,4
6705,_20210_,generated_datapath,infrastructure,5
6706,_20211_,generated_control,infrastructure,4
6707,_20212_,generated_datapath,infrastructure,5
6708,_20213_,generated_control,infrastructure,4
6709,_20214_,generated_control,infrastructure,5
6710,_20215_,generated_control,infrastructure,4
6711,_20216_,unclassified,infrastructure,6
6712,_20217_,generated_control,infrastructure,4
6713,_20218_,generated_datapath,infrastructure,5
6714,_20219_,generated_control,infrastructure,4
6715,_20220_,generated_datapath,infrastructure,5
6716,_20221_,generated_control,infrastructure,4
6717,_20222_,unclassified,infrastructure,6
6718,_20223_,generated_control,infrastructure,5
6719,_20224_,generated_control,infrastructure,4
6720,_20225_,generated_datapath,infrastructure,5
6721,_20226_,generated_control,infrastructure,4
6722,_20227_,generated_datapath,infrastructure,5
6723,_20228_,generated_control,infrastructure,4
6724,_20229_,generated_datapath,infrastructure,5
6725,_20230_,generated_control,infrastructure,4
6726,_20231_,generated_datapath,infrastructure,5
6727,_20232_,generated_control,infrastructure,4
6728,_20233_,generated_datapath,infrastructure,5
6729,_20234_,generated_control,infrastructure,4
6730,_20235_,generated_datapath,infrastructure,5
6731,_20236_,generated_control,infrastructure,4
6732,_20237_,generated_datapath,infrastructure,5
6733,_20238_,generated_control,infrastructure,4
6734,_20239_,generated_datapath,infrastructure,5
6735,_20240_,generated_control,infrastructure,4
6736,_20241_,generated_datapath,infrastructure,5
6737,_20242_,generated_control,infrastructure,8
6738,_20243_,generated_control,infrastructure,4
6739,_20244_,generated_datapath,infrastructure,5
6740,_20245_,generated_control,infrastructure,4
6741,_20246_,generated_datapath,infrastructure,5
6742,_20247_,generated_control,infrastructure,4
6743,_20248_,generated_datapath,infrastructure,5
6744,_20249_,generated_control,infrastructure,4
6745,_20250_,generated_datapath,infrastructure,5
6746,_20251_,generated_control,infrastructure,4
6747,_20252_,generated_datapath,infrastructure,5
6748,_20253_,generated_control,infrastructure,4
6749,_20254_,generated_datapath,infrastructure,5
6750,_20255_,generated_control,infrastructure,4
6751,_20256_,generated_datapath,infrastructure,5
6752,_20257_,generated_control,infrastructure,4
6753,_20258_,generated_datapath,infrastructure,5
6754,_20259_,generated_control,infrastructure,4
6755,_20260_,generated_datapath,infrastructure,5
6756,_20261_,generated_control,infrastructure,4
6757,_20262_,generated_datapath,infrastructure,5
6758,_20263_,generated_control,infrastructure,4
6759,_20264_,generated_datapath,infrastructure,5
6760,_20265_,generated_control,infrastructure,4
6761,_20266_,generated_datapath,infrastructure,5
6762,_20267_,generated_control,infrastructure,4
6763,_20268_,generated_datapath,infrastructure,5
6764,_20269_,generated_control,infrastructure,4
6765,_20270_,generated_datapath,infrastructure,5
6766,_20271_,generated_control,infrastructure,4
6767,_20272_,generated_datapath,infrastructure,5
6768,_20273_,generated_control,infrastructure,4
6769,_20274_,generated_datapath,infrastructure,5
6770,_20275_,generated_control,infrastructure,5
6771,_20276_,generated_control,infrastructure,4
6772,_20277_,generated_control,infrastructure,5
6773,_20278_,generated_control,infrastructure,4
6774,_20279_,unclassified,infrastructure,6
6775,_20280_,generated_control,infrastructure,4
6776,_20281_,generated_datapath,infrastructure,5
6777,_20282_,generated_control,infrastructure,4
6778,_20283_,generated_datapath,infrastructure,5
6779,_20284_,generated_control,infrastructure,4
6780,_20285_,unclassified,infrastructure,6
6781,_20286_,generated_control,infrastructure,5
6782,_20287_,generated_control,infrastructure,4
6783,_20288_,generated_datapath,infrastructure,5
6784,_20289_,generated_control,infrastructure,4
6785,_20290_,generated_datapath,infrastructure,5
6786,_20291_,generated_control,infrastructure,4
6787,_20292_,generated_datapath,infrastructure,5
6788,_20293_,generated_control,infrastructure,4
6789,_20294_,generated_datapath,infrastructure,5
6790,_20295_,generated_control,infrastructure,4
6791,_20296_,generated_control,infrastructure,8
6792,_20297_,generated_datapath,infrastructure,5
6793,_20298_,generated_control,infrastructure,4
6794,_20299_,generated_datapath,infrastructure,5
6795,_20300_,generated_control,infrastructure,4
6796,_20301_,generated_datapath,infrastructure,5
6797,_20302_,generated_control,infrastructure,4
6798,_20303_,generated_datapath,infrastructure,5
6799,_20304_,generated_control,infrastructure,4
6800,_20305_,generated_datapath,infrastructure,5
6801,_20306_,generated_control,infrastructure,4
6802,_20307_,generated_datapath,infrastructure,5
6803,_20308_,generated_control,infrastructure,4
6804,_20309_,generated_datapath,infrastructure,5
6805,_20310_,generated_control,infrastructure,4
6806,_20311_,generated_datapath,infrastructure,5
6807,_20312_,generated_control,infrastructure,4
6808,_20313_,generated_datapath,infrastructure,5
6809,_20314_,generated_control,infrastructure,4
6810,_20315_,generated_datapath,infrastructure,5
6811,_20316_,generated_control,infrastructure,4
6812,_20317_,generated_datapath,infrastructure,5
6813,_20318_,generated_control,infrastructure,4
6814,_20319_,generated_datapath,infrastructure,5
6815,_20320_,generated_control,infrastructure,4
6816,_20321_,generated_datapath,infrastructure,5
6817,_20322_,generated_control,infrastructure,4
6818,_20323_,generated_datapath,infrastructure,5
6819,_20324_,generated_control,infrastructure,4
6820,_20325_,generated_datapath,infrastructure,5
6821,_20326_,generated_control,infrastructure,4
6822,_20327_,generated_datapath,infrastructure,5
6823,_20328_,generated_control,infrastructure,4
6824,_20329_,generated_datapath,infrastructure,5
6825,_20330_,generated_control,infrastructure,4
6826,_20331_,generated_datapath,infrastructure,5
6827,_20332_,generated_control,infrastructure,4
6828,_20333_,generated_datapath,infrastructure,5
6829,_20334_,generated_control,infrastructure,4
6830,_20335_,generated_datapath,infrastructure,5
6831,_20336_,generated_control,infrastructure,4
6832,_20337_,generated_datapath,infrastructure,5
6833,_20338_,generated_control,infrastructure,4
6834,_20339_,generated_control,infrastructure,5
6835,_20340_,generated_control,infrastructure,6
6836,_20341_,generated_control,infrastructure,5
6837,_20342_,generated_control,infrastructure,5
6838,_20343_,generated_control,infrastructure,4
6839,_20344_,unclassified,infrastructure,6
6840,_20345_,generated_control,infrastructure,4
6841,_20346_,generated_datapath,infrastructure,5
6842,_20347_,generated_control,infrastructure,4
6843,_20348_,generated_datapath,infrastructure,5
6844,_20349_,generated_control,infrastructure,5
6845,_20350_,generated_control,infrastructure,5
6846,_20351_,generated_control,infrastructure,4
6847,_20352_,generated_control,infrastructure,8
6848,_20353_,generated_datapath,infrastructure,5
6849,_20354_,generated_control,infrastructure,4
6850,_20355_,generated_datapath,infrastructure,5
6851,_20356_,generated_control,infrastructure,4
6852,_20357_,generated_datapath,infrastructure,5
6853,_20358_,generated_control,infrastructure,4
6854,_20359_,generated_datapath,infrastructure,5
6855,_20360_,generated_control,infrastructure,4
6856,_20361_,generated_datapath,infrastructure,5
6857,_20362_,generated_control,infrastructure,4
6858,_20363_,generated_datapath,infrastructure,5
6859,_20364_,generated_control,infrastructure,4
6860,_20365_,generated_datapath,infrastructure,5
6861,_20366_,generated_control,infrastructure,4
6862,_20367_,generated_datapath,infrastructure,5
6863,_20368_,generated_control,infrastructure,4
6864,_20369_,generated_datapath,infrastructure,5
6865,_20370_,generated_control,infrastructure,4
6866,_20371_,generated_datapath,infrastructure,5
6867,_20372_,generated_control,infrastructure,4
6868,_20373_,generated_datapath,infrastructure,5
6869,_20374_,generated_control,infrastructure,4
6870,_20375_,generated_datapath,infrastructure,5
6871,_20376_,generated_control,infrastructure,4
6872,_20377_,generated_datapath,infrastructure,5
6873,_20378_,generated_control,infrastructure,4
6874,_20379_,generated_datapath,infrastructure,5
6875,_20380_,generated_control,infrastructure,4
6876,_20381_,generated_datapath,infrastructure,5
6877,_20382_,generated_control,infrastructure,4
6878,_20383_,generated_datapath,infrastructure,5
6879,_20384_,generated_control,infrastructure,4
6880,_20385_,generated_datapath,infrastructure,5
6881,_20386_,generated_control,infrastructure,4
6882,_20387_,generated_datapath,infrastructure,5
6883,_20388_,generated_control,infrastructure,4
6884,_20389_,generated_control,infrastructure,8
6885,_20390_,generated_datapath,infrastructure,5
6886,_20391_,generated_control,infrastructure,4
6887,_20392_,generated_datapath,infrastructure,5
6888,_20393_,generated_control,infrastructure,4
6889,_20394_,generated_datapath,infrastructure,5
6890,_20395_,generated_control,infrastructure,4
6891,_20396_,generated_datapath,infrastructure,5
6892,_20397_,generated_control,infrastructure,4
6893,_20398_,generated_datapath,infrastructure,5
6894,_20399_,generated_control,infrastructure,4
6895,_20400_,generated_datapath,infrastructure,5
6896,_20401_,generated_control,infrastructure,4
6897,_20402_,generated_datapath,infrastructure,5
6898,_20403_,generated_control,infrastructure,5
6899,_20404_,generated_control,infrastructure,5
6900,_20405_,generated_control,infrastructure,4
6901,_20406_,generated_control,infrastructure,8
6902,_20407_,unclassified,infrastructure,6
6903,_20408_,generated_control,infrastructure,4
6904,_20409_,generated_datapath,infrastructure,5
6905,_20410_,generated_control,infrastructure,4
6906,_20411_,generated_datapath,infrastructure,5
6907,_20412_,generated_control,infrastructure,5
6908,_20413_,generated_control,infrastructure,5
6909,_20414_,generated_control,infrastructure,4
6910,_20415_,generated_datapath,infrastructure,5
6911,_20416_,generated_control,infrastructure,4
6912,_20417_,generated_datapath,infrastructure,5
6913,_20418_,generated_control,infrastructure,4
6914,_20419_,generated_datapath,infrastructure,5
6915,_20420_,generated_control,infrastructure,4
6916,_20421_,generated_datapath,infrastructure,5
6917,_20422_,generated_control,infrastructure,4
6918,_20423_,generated_datapath,infrastructure,5
6919,_20424_,generated_control,infrastructure,4
6920,_20425_,generated_datapath,infrastructure,5
6921,_20426_,generated_control,infrastructure,4
6922,_20427_,generated_datapath,infrastructure,5
6923,_20428_,generated_control,infrastructure,4
6924,_20429_,generated_datapath,infrastructure,5
6925,_20430_,generated_control,infrastructure,4
6926,_20431_,generated_datapath,infrastructure,5
6927,_20432_,generated_control,infrastructure,4
6928,_20433_,generated_datapath,infrastructure,5
6929,_20434_,generated_control,infrastructure,4
6930,_20435_,generated_datapath,infrastructure,5
6931,_20436_,generated_control,infrastructure,4
6932,_20437_,generated_datapath,infrastructure,5
6933,_20438_,generated_control,infrastructure,8
6934,_20439_,generated_control,infrastructure,4
6935,_20440_,generated_datapath,infrastructure,5
6936,_20441_,generated_control,infrastructure,4
6937,_20442_,generated_datapath,infrastructure,5
6938,_20443_,generated_control,infrastructure,4
6939,_20444_,generated_datapath,infrastructure,5
6940,_20445_,generated_control,infrastructure,4
6941,_20446_,generated_datapath,infrastructure,5
6942,_20447_,generated_control,infrastructure,4
6943,_20448_,generated_datapath,infrastructure,5
6944,_20449_,generated_control,infrastructure,4
6945,_20450_,generated_control,infrastructure,5
6946,_20451_,generated_datapath,infrastructure,5
6947,_20452_,generated_control,infrastructure,4
6948,_20453_,generated_datapath,infrastructure,5
6949,_20454_,generated_control,infrastructure,4
6950,_20455_,generated_datapath,infrastructure,5
6951,_20456_,generated_control,infrastructure,4
6952,_20457_,generated_datapath,infrastructure,5
6953,_20458_,generated_control,infrastructure,4
6954,_20459_,generated_datapath,infrastructure,5
6955,_20460_,generated_control,infrastructure,4
6956,_20461_,generated_datapath,infrastructure,5
6957,_20462_,generated_control,infrastructure,4
6958,_20463_,generated_datapath,infrastructure,5
6959,_20464_,generated_control,infrastructure,4
6960,_20465_,unclassified,infrastructure,6
6961,_20466_,generated_datapath,infrastructure,5
6962,_20467_,generated_control,infrastructure,4
6963,_20468_,generated_control,infrastructure,5
6964,_20469_,generated_control,infrastructure,4
6965,_20470_,unclassified,infrastructure,6
6966,_20471_,generated_control,infrastructure,4
6967,_20472_,generated_datapath,infrastructure,5
6968,_20473_,generated_control,infrastructure,4
6969,_20474_,generated_datapath,infrastructure,5
6970,_20475_,generated_control,infrastructure,4
6971,_20476_,unclassified,infrastructure,6
6972,_20477_,generated_control,infrastructure,5
6973,_20478_,generated_control,infrastructure,4
6974,_20479_,generated_datapath,infrastructure,5
6975,_20480_,generated_control,infrastructure,4
6976,_20481_,generated_datapath,infrastructure,5
6977,_20482_,generated_control,infrastructure,4
6978,_20483_,generated_datapath,infrastructure,5
6979,_20484_,generated_control,infrastructure,4
6980,_20485_,generated_datapath,infrastructure,5
6981,_20486_,generated_control,infrastructure,4
6982,_20487_,generated_datapath,infrastructure,5
6983,_20488_,generated_control,infrastructure,4
6984,_20489_,generated_datapath,infrastructure,5
6985,_20490_,generated_control,infrastructure,4
6986,_20491_,generated_datapath,infrastructure,5
6987,_20492_,generated_control,infrastructure,4
6988,_20493_,generated_datapath,infrastructure,5
6989,_20494_,generated_control,infrastructure,4
6990,_20495_,generated_datapath,infrastructure,5
6991,_20496_,generated_control,infrastructure,4
6992,_20497_,generated_datapath,infrastructure,5
6993,_20498_,generated_control,infrastructure,4
6994,_20499_,generated_datapath,infrastructure,5
6995,_20500_,generated_control,infrastructure,4
6996,_20501_,generated_datapath,infrastructure,5
6997,_20502_,generated_control,infrastructure,4
6998,_20503_,generated_datapath,infrastructure,5
6999,_20504_,generated_control,infrastructure,4
7000,_20505_,generated_datapath,infrastructure,5
7001,_20506_,generated_control,infrastructure,4
7002,_20507_,generated_datapath,infrastructure,5
7003,_20508_,generated_control,infrastructure,4
7004,_20509_,generated_datapath,infrastructure,5
7005,_20510_,generated_control,infrastructure,4
7006,_20511_,generated_datapath,infrastructure,5
7007,_20512_,generated_control,infrastructure,4
7008,_20513_,generated_datapath,infrastructure,5
7009,_20514_,generated_control,infrastructure,4
7010,_20515_,generated_datapath,infrastructure,5
7011,_20516_,generated_control,infrastructure,4
7012,_20517_,generated_datapath,infrastructure,5
7013,_20518_,generated_control,infrastructure,4
7014,_20519_,generated_datapath,infrastructure,5
7015,_20520_,generated_control,infrastructure,4
7016,_20521_,generated_datapath,infrastructure,5
7017,_20522_,generated_control,infrastructure,4
7018,_20523_,generated_datapath,infrastructure,5
7019,_20524_,generated_control,infrastructure,4
7020,_20525_,generated_datapath,infrastructure,5
7021,_20526_,generated_control,infrastructure,4
7022,_20527_,generated_datapath,infrastructure,5
7023,_20528_,generated_control,infrastructure,5
7024,_20529_,generated_control,infrastructure,5
7025,_20530_,generated_control,infrastructure,4
7026,_20531_,unclassified,infrastructure,6
7027,_20532_,generated_control,infrastructure,4
7028,_20533_,generated_control,infrastructure,8
7029,_20534_,generated_datapath,infrastructure,5
7030,_20535_,generated_control,infrastructure,4
7031,_20536_,generated_datapath,infrastructure,5
7032,_20537_,generated_control,infrastructure,5
7033,_20538_,generated_control,infrastructure,5
7034,_20539_,generated_control,infrastructure,4
7035,_20540_,generated_datapath,infrastructure,5
7036,_20541_,generated_control,infrastructure,4
7037,_20542_,generated_datapath,infrastructure,5
7038,_20543_,generated_control,infrastructure,4
7039,_20544_,generated_datapath,infrastructure,5
7040,_20545_,generated_control,infrastructure,4
7041,_20546_,generated_datapath,infrastructure,5
7042,_20547_,generated_control,infrastructure,4
7043,_20548_,generated_datapath,infrastructure,5
7044,_20549_,generated_control,infrastructure,4
7045,_20550_,generated_datapath,infrastructure,5
7046,_20551_,generated_control,infrastructure,4
7047,_20552_,generated_datapath,infrastructure,5
7048,_20553_,generated_control,infrastructure,4
7049,_20554_,generated_datapath,infrastructure,5
7050,_20555_,generated_control,infrastructure,4
7051,_20556_,generated_datapath,infrastructure,5
7052,_20557_,generated_control,infrastructure,4
7053,_20558_,generated_datapath,infrastructure,5
7054,_20559_,generated_control,infrastructure,4
7055,_20560_,generated_datapath,infrastructure,5
7056,_20561_,generated_control,infrastructure,4
7057,_20562_,generated_datapath,infrastructure,5
7058,_20563_,generated_control,infrastructure,4
7059,_20564_,generated_datapath,infrastructure,5
7060,_20565_,generated_control,infrastructure,4
7061,_20566_,generated_datapath,infrastructure,5
7062,_20567_,generated_control,infrastructure,4
7063,_20568_,generated_control,infrastructure,8
7064,_20569_,generated_datapath,infrastructure,5
7065,_20570_,generated_control,infrastructure,4
7066,_20571_,generated_datapath,infrastructure,5
7067,_20572_,generated_control,infrastructure,4
7068,_20573_,generated_datapath,infrastructure,5
7069,_20574_,generated_control,infrastructure,4
7070,_20575_,generated_datapath,infrastructure,5
7071,_20576_,generated_control,infrastructure,4
7072,_20577_,generated_datapath,infrastructure,5
7073,_20578_,generated_control,infrastructure,4
7074,_20579_,generated_datapath,infrastructure,5
7075,_20580_,generated_control,infrastructure,4
7076,_20581_,generated_datapath,infrastructure,5
7077,_20582_,generated_control,infrastructure,4
7078,_20583_,generated_datapath,infrastructure,5
7079,_20584_,generated_control,infrastructure,4
7080,_20585_,generated_datapath,infrastructure,5
7081,_20586_,generated_control,infrastructure,4
7082,_20587_,generated_control,infrastructure,8
7083,_20588_,generated_datapath,infrastructure,5
7084,_20589_,generated_control,infrastructure,4
7085,_20590_,generated_datapath,infrastructure,5
7086,_20591_,generated_control,infrastructure,4
7087,_20592_,generated_control,infrastructure,5
7088,_20593_,generated_control,infrastructure,5
7089,_20594_,generated_control,infrastructure,4
7090,_20595_,unclassified,infrastructure,6
7091,_20596_,generated_control,infrastructure,4
7092,_20597_,generated_datapath,infrastructure,5
7093,_20598_,generated_control,infrastructure,4
7094,_20599_,generated_datapath,infrastructure,5
7095,_20600_,generated_control,infrastructure,4
7096,_20601_,unclassified,infrastructure,6
7097,_20602_,generated_control,infrastructure,5
7098,_20603_,generated_control,infrastructure,4
7099,_20604_,generated_datapath,infrastructure,5
7100,_20605_,generated_control,infrastructure,4
7101,_20606_,generated_datapath,infrastructure,5
7102,_20607_,generated_control,infrastructure,4
7103,_20608_,generated_datapath,infrastructure,5
7104,_20609_,generated_control,infrastructure,4
7105,_20610_,generated_datapath,infrastructure,5
7106,_20611_,generated_control,infrastructure,4
7107,_20612_,generated_datapath,infrastructure,5
7108,_20613_,generated_control,infrastructure,4
7109,_20614_,generated_datapath,infrastructure,5
7110,_20615_,generated_control,infrastructure,4
7111,_20616_,generated_datapath,infrastructure,5
7112,_20617_,generated_control,infrastructure,4
7113,_20618_,generated_datapath,infrastructure,5
7114,_20619_,generated_control,infrastructure,4
7115,_20620_,generated_datapath,infrastructure,5
7116,_20621_,generated_control,infrastructure,4
7117,_20622_,generated_datapath,infrastructure,5
7118,_20623_,generated_control,infrastructure,4
7119,_20624_,generated_datapath,infrastructure,5
7120,_20625_,generated_control,infrastructure,4
7121,_20626_,generated_datapath,infrastructure,5
7122,_20627_,generated_control,infrastructure,4
7123,_20628_,generated_datapath,infrastructure,5
7124,_20629_,generated_control,infrastructure,4
7125,_20630_,generated_datapath,infrastructure,5
7126,_20631_,generated_control,infrastructure,4
7127,_20632_,generated_datapath,infrastructure,5
7128,_20633_,generated_datapath,infrastructure,5
7129,_20634_,generated_control,infrastructure,4
7130,_20635_,generated_datapath,infrastructure,5
7131,_20636_,generated_control,infrastructure,4
7132,_20637_,generated_datapath,infrastructure,5
7133,_20638_,generated_datapath,infrastructure,5
7134,_20639_,generated_control,infrastructure,4
7135,_20640_,generated_datapath,infrastructure,5
7136,_20641_,generated_control,infrastructure,4
7137,_20642_,generated_datapath,infrastructure,5
7138,_20643_,generated_control,infrastructure,4
7139,_20644_,generated_datapath,infrastructure,5
7140,_20645_,generated_control,infrastructure,4
7141,_20646_,generated_datapath,infrastructure,5
7142,_20647_,generated_control,infrastructure,4
7143,_20648_,generated_datapath,infrastructure,5
7144,_20649_,generated_control,infrastructure,4
7145,_20650_,generated_datapath,infrastructure,5
7146,_20651_,generated_control,infrastructure,4
7147,_20652_,generated_datapath,infrastructure,5
7148,_20653_,generated_control,infrastructure,4
7149,_20654_,generated_datapath,infrastructure,5
7150,_20655_,generated_control,infrastructure,4
7151,_20656_,generated_control,infrastructure,4
7152,_20657_,generated_control,infrastructure,5
7153,_20658_,generated_control,infrastructure,4
7154,_20659_,unclassified,infrastructure,6
7155,_20660_,generated_control,infrastructure,4
7156,_20661_,generated_datapath,infrastructure,5
7157,_20662_,generated_control,infrastructure,4
7158,_20663_,generated_datapath,infrastructure,5
7159,_20664_,generated_control,infrastructure,4
7160,_20665_,unclassified,infrastructure,6
7161,_20666_,generated_control,infrastructure,5
7162,_20667_,generated_control,infrastructure,4
7163,_20668_,generated_datapath,infrastructure,5
7164,_20669_,generated_control,infrastructure,4
7165,_20670_,generated_datapath,infrastructure,7
7166,_20671_,generated_datapath,infrastructure,5
7167,_20672_,generated_control,infrastructure,4
7168,_20673_,generated_datapath,infrastructure,5
7169,_20674_,generated_control,infrastructure,4
7170,_20675_,generated_datapath,infrastructure,5
7171,_20676_,generated_control,infrastructure,4
7172,_20677_,generated_datapath,infrastructure,5
7173,_20678_,generated_control,infrastructure,4
7174,_20679_,generated_datapath,infrastructure,5
7175,_20680_,generated_control,infrastructure,4
7176,_20681_,generated_datapath,infrastructure,5
7177,_20682_,generated_control,infrastructure,4
7178,_20683_,generated_datapath,infrastructure,5
7179,_20684_,generated_control,infrastructure,4
7180,_20685_,generated_datapath,infrastructure,5
7181,_20686_,generated_control,infrastructure,4
7182,_20687_,generated_datapath,infrastructure,5
7183,_20688_,generated_control,infrastructure,4
7184,_20689_,generated_datapath,infrastructure,5
7185,_20690_,generated_control,infrastructure,4
7186,_20691_,generated_datapath,infrastructure,5
7187,_20692_,generated_control,infrastructure,4
7188,_20693_,generated_datapath,infrastructure,5
7189,_20694_,generated_control,infrastructure,4
7190,_20695_,generated_datapath,infrastructure,5
7191,_20696_,generated_control,infrastructure,4
7192,_20697_,generated_datapath,infrastructure,5
7193,_20698_,generated_control,infrastructure,4
7194,_20699_,generated_datapath,infrastructure,5
7195,_20700_,generated_datapath,infrastructure,5
7196,_20701_,generated_control,infrastructure,4
7197,_20702_,generated_datapath,infrastructure,5
7198,_20703_,generated_control,infrastructure,4
7199,_20704_,generated_datapath,infrastructure,5
7200,_20705_,generated_datapath,infrastructure,5
7201,_20706_,generated_control,infrastructure,4
7202,_20707_,generated_datapath,infrastructure,5
7203,_20708_,generated_control,infrastructure,4
7204,_20709_,generated_datapath,infrastructure,5
7205,_20710_,generated_control,infrastructure,4
7206,_20711_,generated_datapath,infrastructure,5
7207,_20712_,generated_control,infrastructure,4
7208,_20713_,generated_control,infrastructure,5
7209,_20714_,generated_datapath,infrastructure,5
7210,_20715_,generated_control,infrastructure,4
7211,_20716_,generated_datapath,infrastructure,5
7212,_20717_,generated_control,infrastructure,4
7213,_20718_,generated_datapath,infrastructure,5
7214,_20719_,generated_control,infrastructure,4
7215,_20720_,generated_datapath,infrastructure,5
7216,_20721_,generated_control,infrastructure,4
7217,_20722_,generated_control,infrastructure,5
7218,_20723_,generated_control,infrastructure,4
7219,_20724_,unclassified,infrastructure,6
7220,_20725_,generated_control,infrastructure,5
7221,_20726_,generated_control,infrastructure,4
7222,_20727_,generated_datapath,infrastructure,5
7223,_20728_,generated_control,infrastructure,4
7224,_20729_,generated_datapath,infrastructure,5
7225,_20730_,generated_control,infrastructure,4
7226,_20731_,unclassified,infrastructure,6
7227,_20732_,generated_control,infrastructure,5
7228,_20733_,generated_control,infrastructure,4
7229,_20734_,generated_datapath,infrastructure,5
7230,_20735_,generated_control,infrastructure,4
7231,_20736_,generated_datapath,infrastructure,5
7232,_20737_,generated_datapath,infrastructure,6
7233,_20738_,generated_control,infrastructure,4
7234,_20739_,generated_datapath,infrastructure,5
7235,_20740_,generated_control,infrastructure,4
7236,_20741_,generated_datapath,infrastructure,5
7237,_20742_,generated_control,infrastructure,4
7238,_20743_,generated_datapath,infrastructure,5
7239,_20744_,generated_control,infrastructure,4
7240,_20745_,generated_datapath,infrastructure,5
7241,_20746_,generated_control,infrastructure,4
7242,_20747_,generated_datapath,infrastructure,5
7243,_20748_,generated_control,infrastructure,4
7244,_20749_,generated_datapath,infrastructure,5
7245,_20750_,generated_control,infrastructure,4
7246,_20751_,generated_datapath,infrastructure,5
7247,_20752_,generated_control,infrastructure,4
7248,_20753_,generated_control,infrastructure,5
7249,_20754_,generated_datapath,infrastructure,5
7250,_20755_,generated_control,infrastructure,4
7251,_20756_,generated_datapath,infrastructure,5
7252,_20757_,generated_control,infrastructure,4
7253,_20758_,generated_datapath,infrastructure,5
7254,_20759_,generated_control,infrastructure,4
7255,_20760_,generated_datapath,infrastructure,5
7256,_20761_,generated_control,infrastructure,4
7257,_20762_,generated_datapath,infrastructure,5
7258,_20763_,generated_control,infrastructure,4
7259,_20764_,generated_datapath,infrastructure,5
7260,_20765_,generated_control,infrastructure,4
7261,_20766_,generated_datapath,infrastructure,5
7262,_20767_,generated_control,infrastructure,4
7263,_20768_,generated_datapath,infrastructure,5
7264,_20769_,generated_control,infrastructure,4
7265,_20770_,generated_datapath,infrastructure,5
7266,_20771_,generated_control,infrastructure,4
7267,_20772_,generated_datapath,infrastructure,5
7268,_20773_,generated_control,infrastructure,4
7269,_20774_,generated_datapath,infrastructure,5
7270,_20775_,generated_control,infrastructure,4
7271,_20776_,generated_datapath,infrastructure,6
7272,_20777_,generated_datapath,infrastructure,5
7273,_20778_,generated_control,infrastructure,4
7274,_20779_,generated_datapath,infrastructure,5
7275,_20780_,generated_control,infrastructure,4
7276,_20781_,generated_datapath,infrastructure,5
7277,_20782_,generated_datapath,infrastructure,5
7278,_20783_,generated_control,infrastructure,4
7279,_20784_,generated_datapath,infrastructure,5
7280,_20785_,generated_control,infrastructure,4
7281,_20786_,generated_control,infrastructure,4
7282,_20787_,generated_datapath,infrastructure,5
7283,_20788_,generated_control,infrastructure,4
7284,_20789_,generated_control,infrastructure,4
7285,_20790_,generated_control,infrastructure,5
7286,_20791_,generated_control,infrastructure,4
7287,_20792_,unclassified,infrastructure,6
7288,_20793_,generated_control,infrastructure,4
7289,_20794_,generated_datapath,infrastructure,5
7290,_20795_,generated_control,infrastructure,4
7291,_20796_,generated_datapath,infrastructure,5
7292,_20797_,generated_control,infrastructure,5
7293,_20798_,generated_control,infrastructure,5
7294,_20799_,generated_control,infrastructure,4
7295,_20800_,generated_datapath,infrastructure,5
7296,_20801_,generated_control,infrastructure,4
7297,_20802_,generated_control,infrastructure,5
7298,_20803_,generated_datapath,infrastructure,5
7299,_20804_,generated_control,infrastructure,4
7300,_20805_,generated_control,infrastructure,4
7301,_20806_,generated_datapath,infrastructure,5
7302,_20807_,generated_control,infrastructure,4
7303,_20808_,generated_datapath,infrastructure,5
7304,_20809_,generated_control,infrastructure,4
7305,_20810_,generated_datapath,infrastructure,5
7306,_20811_,generated_control,infrastructure,4
7307,_20812_,generated_datapath,infrastructure,5
7308,_20813_,generated_control,infrastructure,4
7309,_20814_,generated_datapath,infrastructure,5
7310,_20815_,generated_control,infrastructure,4
7311,_20816_,generated_datapath,infrastructure,5
7312,_20817_,generated_control,infrastructure,4
7313,_20818_,generated_datapath,infrastructure,5
7314,_20819_,generated_control,infrastructure,4
7315,_20820_,generated_datapath,infrastructure,5
7316,_20821_,generated_control,infrastructure,4
7317,_20822_,generated_control,infrastructure,5
7318,_20823_,generated_datapath,infrastructure,5
7319,_20824_,generated_control,infrastructure,4
7320,_20825_,generated_datapath,infrastructure,5
7321,_20826_,generated_control,infrastructure,4
7322,_20827_,generated_datapath,infrastructure,5
7323,_20828_,generated_control,infrastructure,4
7324,_20829_,generated_datapath,infrastructure,5
7325,_20830_,generated_control,infrastructure,4
7326,_20831_,generated_datapath,infrastructure,5
7327,_20832_,generated_control,infrastructure,4
7328,_20833_,generated_datapath,infrastructure,5
7329,_20834_,generated_control,infrastructure,4
7330,_20835_,generated_datapath,infrastructure,5
7331,_20836_,generated_control,infrastructure,4
7332,_20837_,generated_datapath,infrastructure,5
7333,_20838_,generated_control,infrastructure,4
7334,_20839_,generated_datapath,infrastructure,5
7335,_20840_,generated_control,infrastructure,4
7336,_20841_,generated_datapath,infrastructure,5
7337,_20842_,generated_control,infrastructure,4
7338,_20843_,generated_datapath,infrastructure,5
7339,_20844_,generated_control,infrastructure,4
7340,_20845_,generated_control,infrastructure,5
7341,_20846_,generated_datapath,infrastructure,5
7342,_20847_,generated_control,infrastructure,4
7343,_20848_,generated_datapath,infrastructure,5
7344,_20849_,generated_control,infrastructure,4
7345,_20850_,generated_datapath,infrastructure,5
7346,_20851_,generated_control,infrastructure,4
7347,_20852_,generated_datapath,infrastructure,5
7348,_20853_,generated_control,infrastructure,4
7349,_20854_,generated_control,infrastructure,4
7350,_20855_,generated_control,infrastructure,5
7351,_20856_,generated_control,infrastructure,4
7352,_20857_,unclassified,infrastructure,6
7353,_20858_,generated_control,infrastructure,4
7354,_20859_,generated_datapath,infrastructure,5
7355,_20860_,generated_control,infrastructure,4
7356,_20861_,generated_control,infrastructure,5
7357,_20862_,generated_datapath,infrastructure,5
7358,_20863_,generated_control,infrastructure,5
7359,_20864_,generated_control,infrastructure,5
7360,_20865_,generated_control,infrastructure,4
7361,_20866_,generated_datapath,infrastructure,5
7362,_20867_,generated_control,infrastructure,4
7363,_20868_,generated_datapath,infrastructure,5
7364,_20869_,generated_control,infrastructure,4
7365,_20870_,generated_datapath,infrastructure,5
7366,_20871_,generated_control,infrastructure,4
7367,_20872_,generated_datapath,infrastructure,6
7368,_20873_,generated_datapath,infrastructure,5
7369,_20874_,generated_control,infrastructure,4
7370,_20875_,generated_datapath,infrastructure,5
7371,_20876_,generated_control,infrastructure,4
7372,_20877_,generated_datapath,infrastructure,5
7373,_20878_,generated_control,infrastructure,4
7374,_20879_,generated_datapath,infrastructure,5
7375,_20880_,generated_datapath,infrastructure,5
7376,_20881_,generated_control,infrastructure,4
7377,_20882_,generated_datapath,infrastructure,5
7378,_20883_,generated_control,infrastructure,4
7379,_20884_,generated_control,infrastructure,5
7380,_20885_,generated_datapath,infrastructure,5
7381,_20886_,generated_control,infrastructure,4
7382,_20887_,generated_datapath,infrastructure,5
7383,_20888_,generated_control,infrastructure,4
7384,_20889_,generated_datapath,infrastructure,5
7385,_20890_,generated_control,infrastructure,4
7386,_20891_,generated_datapath,infrastructure,5
7387,_20892_,generated_control,infrastructure,4
7388,_20893_,generated_datapath,infrastructure,5
7389,_20894_,generated_control,infrastructure,4
7390,_20895_,generated_datapath,infrastructure,5
7391,_20896_,generated_control,infrastructure,4
7392,_20897_,generated_datapath,infrastructure,5
7393,_20898_,generated_control,infrastructure,4
7394,_20899_,generated_datapath,infrastructure,5
7395,_20900_,generated_control,infrastructure,4
7396,_20901_,generated_control,infrastructure,5
7397,_20902_,generated_datapath,infrastructure,5
7398,_20903_,generated_control,infrastructure,4
7399,_20904_,generated_datapath,infrastructure,5
7400,_20905_,generated_control,infrastructure,4
7401,_20906_,generated_control,infrastructure,4
7402,_20907_,generated_datapath,infrastructure,5
7403,_20908_,generated_control,infrastructure,4
7404,_20909_,generated_datapath,infrastructure,5
7405,_20910_,generated_control,infrastructure,4
7406,_20911_,generated_datapath,infrastructure,5
7407,_20912_,generated_control,infrastructure,4
7408,_20913_,generated_datapath,infrastructure,5
7409,_20914_,generated_control,infrastructure,4
7410,_20915_,generated_datapath,infrastructure,5
7411,_20916_,generated_control,infrastructure,4
7412,_20917_,generated_datapath,infrastructure,5
7413,_20918_,generated_control,infrastructure,4
7414,_20919_,generated_datapath,infrastructure,5
7415,_20920_,generated_control,infrastructure,4
7416,_20921_,generated_control,infrastructure,5
7417,_20922_,generated_control,infrastructure,5
7418,_20923_,generated_control,infrastructure,4
7419,_20924_,unclassified,infrastructure,6
7420,_20925_,generated_control,infrastructure,4
7421,_20926_,generated_datapath,infrastructure,5
7422,_20927_,generated_control,infrastructure,4
7423,_20928_,generated_datapath,infrastructure,5
7424,_20929_,generated_control,infrastructure,5
7425,_20930_,generated_control,infrastructure,5
7426,_20931_,generated_control,infrastructure,4
7427,_20932_,generated_datapath,infrastructure,5
7428,_20933_,generated_control,infrastructure,4
7429,_20934_,generated_datapath,infrastructure,5
7430,_20935_,generated_control,infrastructure,4
7431,_20936_,generated_datapath,infrastructure,5
7432,_20937_,generated_control,infrastructure,4
7433,_20938_,generated_datapath,infrastructure,5
7434,_20939_,generated_control,infrastructure,5
7435,_20940_,generated_control,infrastructure,4
7436,_20941_,generated_datapath,infrastructure,5
7437,_20942_,generated_control,infrastructure,4
7438,_20943_,generated_datapath,infrastructure,5
7439,_20944_,generated_control,infrastructure,4
7440,_20945_,generated_datapath,infrastructure,5
7441,_20946_,generated_control,infrastructure,4
7442,_20947_,generated_datapath,infrastructure,5
7443,_20948_,generated_control,infrastructure,4
7444,_20949_,generated_datapath,infrastructure,5
7445,_20950_,generated_control,infrastructure,4
7446,_20951_,generated_datapath,infrastructure,5
7447,_20952_,generated_control,infrastructure,4
7448,_20953_,generated_datapath,infrastructure,5
7449,_20954_,generated_control,infrastructure,4
7450,_20955_,generated_datapath,infrastructure,5
7451,_20956_,generated_control,infrastructure,4
7452,_20957_,generated_datapath,infrastructure,5
7453,_20958_,generated_control,infrastructure,4
7454,_20959_,generated_control,infrastructure,5
7455,_20960_,generated_datapath,infrastructure,5
7456,_20961_,generated_control,infrastructure,4
7457,_20962_,generated_datapath,infrastructure,5
7458,_20963_,generated_control,infrastructure,4
7459,_20964_,generated_datapath,infrastructure,5
7460,_20965_,generated_control,infrastructure,4
7461,_20966_,generated_datapath,infrastructure,5
7462,_20967_,generated_control,infrastructure,4
7463,_20968_,generated_datapath,infrastructure,5
7464,_20969_,generated_control,infrastructure,4
7465,_20970_,generated_datapath,infrastructure,5
7466,_20971_,generated_control,infrastructure,4
7467,_20972_,generated_datapath,infrastructure,6
7468,_20973_,generated_datapath,infrastructure,5
7469,_20974_,generated_control,infrastructure,4
7470,_20975_,generated_datapath,infrastructure,5
7471,_20976_,generated_control,infrastructure,4
7472,_20977_,generated_datapath,infrastructure,5
7473,_20978_,generated_datapath,infrastructure,5
7474,_20979_,generated_control,infrastructure,4
7475,_20980_,generated_datapath,infrastructure,5
7476,_20981_,generated_control,infrastructure,4
7477,_20982_,generated_control,infrastructure,5
7478,_20983_,generated_datapath,infrastructure,5
7479,_20984_,generated_control,infrastructure,4
7480,_20985_,generated_datapath,infrastructure,5
7481,_20986_,generated_control,infrastructure,4
7482,_20987_,generated_control,infrastructure,5
7483,_20988_,generated_control,infrastructure,4
7484,_20989_,unclassified,infrastructure,6
7485,_20990_,generated_control,infrastructure,4
7486,_20991_,generated_datapath,infrastructure,5
7487,_20992_,generated_control,infrastructure,4
7488,_20993_,generated_datapath,infrastructure,5
7489,_20994_,generated_control,infrastructure,5
7490,_20995_,generated_control,infrastructure,5
7491,_20996_,generated_control,infrastructure,5
7492,_20997_,generated_control,infrastructure,4
7493,_20998_,generated_datapath,infrastructure,5
7494,_20999_,generated_control,infrastructure,4
7495,_21000_,generated_datapath,infrastructure,5
7496,_21001_,generated_control,infrastructure,4
7497,_21002_,generated_datapath,infrastructure,5
7498,_21003_,generated_control,infrastructure,4
7499,_21004_,generated_datapath,infrastructure,5
7500,_21005_,generated_control,infrastructure,4
7501,_21006_,generated_datapath,infrastructure,5
7502,_21007_,generated_control,infrastructure,4
7503,_21008_,generated_datapath,infrastructure,5
7504,_21009_,generated_control,infrastructure,4
7505,_21010_,generated_datapath,infrastructure,5
7506,_21011_,generated_control,infrastructure,4
7507,_21012_,generated_datapath,infrastructure,5
7508,_21013_,generated_control,infrastructure,4
7509,_21014_,generated_datapath,infrastructure,5
7510,_21015_,generated_control,infrastructure,5
7511,_21016_,generated_control,infrastructure,4
7512,_21017_,generated_datapath,infrastructure,5
7513,_21018_,generated_control,infrastructure,4
7514,_21019_,generated_datapath,infrastructure,6
7515,_21020_,generated_datapath,infrastructure,5
7516,_21021_,generated_control,infrastructure,4
7517,_21022_,generated_datapath,infrastructure,5
7518,_21023_,generated_control,infrastructure,4
7519,_21024_,generated_datapath,infrastructure,5
7520,_21025_,generated_control,infrastructure,4
7521,_21026_,generated_datapath,infrastructure,5
7522,_21027_,generated_control,infrastructure,4
7523,_21028_,generated_datapath,infrastructure,5
7524,_21029_,generated_control,infrastructure,4
7525,_21030_,generated_datapath,infrastructure,5
7526,_21031_,generated_control,infrastructure,4
7527,_21032_,generated_datapath,infrastructure,5
7528,_21033_,generated_control,infrastructure,4
7529,_21034_,generated_datapath,infrastructure,5
7530,_21035_,generated_control,infrastructure,4
7531,_21036_,generated_datapath,infrastructure,5
7532,_21037_,generated_control,infrastructure,4
7533,_21038_,generated_datapath,infrastructure,5
7534,_21039_,generated_control,infrastructure,5
7535,_21040_,generated_control,infrastructure,4
7536,_21041_,generated_datapath,infrastructure,5
7537,_21042_,generated_control,infrastructure,4
7538,_21043_,generated_datapath,infrastructure,5
7539,_21044_,generated_control,infrastructure,4
7540,_21045_,generated_datapath,infrastructure,5
7541,_21046_,generated_control,infrastructure,4
7542,_21047_,generated_datapath,infrastructure,5
7543,_21048_,generated_control,infrastructure,4
7544,_21049_,generated_datapath,infrastructure,5
7545,_21050_,generated_control,infrastructure,4
7546,_21051_,generated_control,infrastructure,5
7547,_21052_,generated_control,infrastructure,4
7548,_21053_,unclassified,infrastructure,6
7549,_21054_,generated_control,infrastructure,4
7550,_21055_,generated_datapath,infrastructure,5
7551,_21056_,generated_control,infrastructure,4
7552,_21057_,generated_datapath,infrastructure,5
7553,_21058_,generated_control,infrastructure,4
7554,_21059_,unclassified,infrastructure,6
7555,_21060_,generated_control,infrastructure,5
7556,_21061_,generated_control,infrastructure,5
7557,_21062_,generated_control,infrastructure,4
7558,_21063_,generated_datapath,infrastructure,5
7559,_21064_,generated_control,infrastructure,4
7560,_21065_,generated_datapath,infrastructure,5
7561,_21066_,generated_control,infrastructure,4
7562,_21067_,generated_datapath,infrastructure,5
7563,_21068_,generated_control,infrastructure,4
7564,_21069_,generated_datapath,infrastructure,6
7565,_21070_,generated_datapath,infrastructure,5
7566,_21071_,generated_control,infrastructure,4
7567,_21072_,generated_datapath,infrastructure,5
7568,_21073_,generated_control,infrastructure,4
7569,_21074_,generated_datapath,infrastructure,5
7570,_21075_,generated_control,infrastructure,4
7571,_21076_,generated_datapath,infrastructure,5
7572,_21077_,generated_control,infrastructure,4
7573,_21078_,generated_datapath,infrastructure,5
7574,_21079_,generated_control,infrastructure,4
7575,_21080_,generated_datapath,infrastructure,5
7576,_21081_,generated_control,infrastructure,4
7577,_21082_,generated_datapath,infrastructure,5
7578,_21083_,generated_control,infrastructure,4
7579,_21084_,generated_datapath,infrastructure,5
7580,_21085_,generated_control,infrastructure,4
7581,_21086_,generated_datapath,infrastructure,5
7582,_21087_,generated_control,infrastructure,4
7583,_21088_,generated_datapath,infrastructure,5
7584,_21089_,generated_control,infrastructure,4
7585,_21090_,generated_datapath,infrastructure,5
7586,_21091_,generated_control,infrastructure,4
7587,_21092_,generated_datapath,infrastructure,5
7588,_21093_,generated_control,infrastructure,4
7589,_21094_,generated_control,infrastructure,5
7590,_21095_,generated_datapath,infrastructure,5
7591,_21096_,generated_control,infrastructure,4
7592,_21097_,generated_datapath,infrastructure,5
7593,_21098_,generated_control,infrastructure,4
7594,_21099_,generated_datapath,infrastructure,5
7595,_21100_,generated_control,infrastructure,4
7596,_21101_,generated_datapath,infrastructure,5
7597,_21102_,generated_control,infrastructure,4
7598,_21103_,generated_datapath,infrastructure,5
7599,_21104_,generated_control,infrastructure,4
7600,_21105_,generated_control,infrastructure,5
7601,_21106_,generated_datapath,infrastructure,5
7602,_21107_,generated_control,infrastructure,4
7603,_21108_,generated_datapath,infrastructure,5
7604,_21109_,generated_control,infrastructure,4
7605,_21110_,generated_datapath,infrastructure,5
7606,_21111_,generated_control,infrastructure,4
7607,_21112_,generated_datapath,infrastructure,5
7608,_21113_,generated_control,infrastructure,4
7609,_21114_,generated_datapath,infrastructure,5
7610,_21115_,generated_control,infrastructure,4
7611,_21116_,generated_control,infrastructure,5
7612,_21117_,generated_control,infrastructure,4
7613,_21118_,generated_control,infrastructure,4
7614,_21119_,unclassified,infrastructure,6
7615,_21120_,generated_control,infrastructure,4
7616,_21121_,generated_datapath,infrastructure,5
7617,_21122_,generated_control,infrastructure,4
7618,_21123_,generated_datapath,infrastructure,5
7619,_21124_,generated_control,infrastructure,4
7620,_21125_,unclassified,infrastructure,6
7621,_21126_,generated_control,infrastructure,5
7622,_21127_,generated_control,infrastructure,4
7623,_21128_,generated_datapath,infrastructure,5
7624,_21129_,generated_control,infrastructure,4
7625,_21130_,generated_datapath,infrastructure,5
7626,_21131_,generated_control,infrastructure,4
7627,_21132_,generated_datapath,infrastructure,5
7628,_21133_,generated_control,infrastructure,4
7629,_21134_,generated_datapath,infrastructure,5
7630,_21135_,generated_control,infrastructure,4
7631,_21136_,generated_datapath,infrastructure,5
7632,_21137_,generated_control,infrastructure,4
7633,_21138_,generated_datapath,infrastructure,5
7634,_21139_,generated_control,infrastructure,4
7635,_21140_,generated_datapath,infrastructure,5
7636,_21141_,generated_control,infrastructure,4
7637,_21142_,generated_datapath,infrastructure,5
7638,_21143_,generated_control,infrastructure,4
7639,_21144_,generated_datapath,infrastructure,5
7640,_21145_,generated_control,infrastructure,4
7641,_21146_,generated_datapath,infrastructure,5
7642,_21147_,generated_control,infrastructure,4
7643,_21148_,generated_datapath,infrastructure,5
7644,_21149_,generated_control,infrastructure,4
7645,_21150_,generated_datapath,infrastructure,5
7646,_21151_,generated_control,infrastructure,4
7647,_21152_,generated_datapath,infrastructure,5
7648,_21153_,generated_control,infrastructure,4
7649,_21154_,generated_datapath,infrastructure,5
7650,_21155_,generated_control,infrastructure,4
7651,_21156_,generated_datapath,infrastructure,5
7652,_21157_,generated_control,infrastructure,4
7653,_21158_,generated_datapath,infrastructure,5
7654,_21159_,generated_datapath,infrastructure,5
7655,_21160_,generated_control,infrastructure,4
7656,_21161_,generated_datapath,infrastructure,5
7657,_21162_,generated_control,infrastructure,4
7658,_21163_,generated_datapath,infrastructure,5
7659,_21164_,generated_datapath,infrastructure,5
7660,_21165_,generated_control,infrastructure,4
7661,_21166_,generated_datapath,infrastructure,5
7662,_21167_,generated_control,infrastructure,4
7663,_21168_,generated_datapath,infrastructure,5
7664,_21169_,generated_control,infrastructure,4
7665,_21170_,generated_datapath,infrastructure,5
7666,_21171_,generated_control,infrastructure,4
7667,_21172_,generated_datapath,infrastructure,5
7668,_21173_,generated_datapath,infrastructure,5
7669,_21174_,generated_control,infrastructure,4
7670,_21175_,generated_datapath,infrastructure,5
7671,_21176_,generated_control,infrastructure,4
7672,_21177_,generated_datapath,infrastructure,5
7673,_21178_,generated_control,infrastructure,4
7674,_21179_,generated_datapath,infrastructure,5
7675,_21180_,generated_control,infrastructure,4
7676,_21181_,generated_control,infrastructure,5
7677,_21182_,generated_control,infrastructure,4
7678,_21183_,unclassified,infrastructure,6
7679,_21184_,generated_control,infrastructure,4
7680,_21185_,generated_datapath,infrastructure,5
7681,_21186_,generated_control,infrastructure,4
7682,_21187_,generated_datapath,infrastructure,5
7683,_21188_,generated_control,infrastructure,4
7684,_21189_,unclassified,infrastructure,6
7685,_21190_,generated_control,infrastructure,5
7686,_21191_,generated_control,infrastructure,4
7687,_21192_,generated_datapath,infrastructure,5
7688,_21193_,generated_control,infrastructure,4
7689,_21194_,generated_datapath,infrastructure,5
7690,_21195_,generated_control,infrastructure,4
7691,_21196_,generated_datapath,infrastructure,5
7692,_21197_,generated_control,infrastructure,4
7693,_21198_,generated_datapath,infrastructure,5
7694,_21199_,generated_control,infrastructure,4
7695,_21200_,generated_datapath,infrastructure,5
7696,_21201_,generated_control,infrastructure,4
7697,_21202_,generated_datapath,infrastructure,5
7698,_21203_,generated_control,infrastructure,4
7699,_21204_,generated_datapath,infrastructure,5
7700,_21205_,generated_control,infrastructure,4
7701,_21206_,generated_datapath,infrastructure,5
7702,_21207_,generated_control,infrastructure,4
7703,_21208_,generated_datapath,infrastructure,5
7704,_21209_,generated_control,infrastructure,4
7705,_21210_,generated_datapath,infrastructure,5
7706,_21211_,generated_datapath,infrastructure,5
7707,_21212_,generated_control,infrastructure,4
7708,_21213_,generated_datapath,infrastructure,5
7709,_21214_,generated_control,infrastructure,4
7710,_21215_,generated_datapath,infrastructure,5
7711,_21216_,generated_control,infrastructure,4
7712,_21217_,generated_datapath,infrastructure,5
7713,_21218_,generated_datapath,infrastructure,5
7714,_21219_,generated_control,infrastructure,4
7715,_21220_,generated_datapath,infrastructure,5
7716,_21221_,generated_control,infrastructure,4
7717,_21222_,generated_datapath,infrastructure,5
7718,_21223_,generated_control,infrastructure,4
7719,_21224_,generated_datapath,infrastructure,5
7720,_21225_,generated_control,infrastructure,4
7721,_21226_,generated_control,infrastructure,4
7722,_21227_,generated_datapath,infrastructure,5
7723,_21228_,generated_control,infrastructure,4
7724,_21229_,generated_control,infrastructure,4
7725,_21230_,generated_datapath,infrastructure,5
7726,_21231_,generated_control,infrastructure,4
7727,_21232_,generated_control,infrastructure,4
7728,_21233_,generated_datapath,infrastructure,5
7729,_21234_,generated_control,infrastructure,4
7730,_21235_,generated_datapath,infrastructure,5
7731,_21236_,generated_control,infrastructure,4
7732,_21237_,generated_datapath,infrastructure,5
7733,_21238_,generated_control,infrastructure,4
7734,_21239_,generated_datapath,infrastructure,5
7735,_21240_,generated_control,infrastructure,4
7736,_21241_,generated_datapath,infrastructure,5
7737,_21242_,generated_control,infrastructure,4
7738,_21243_,generated_control,infrastructure,5
7739,_21244_,generated_datapath,infrastructure,5
7740,_21245_,generated_control,infrastructure,4
7741,_21246_,generated_datapath,infrastructure,5
7742,_21247_,generated_control,infrastructure,4
7743,_21248_,generated_control,infrastructure,5
7744,_21249_,generated_control,infrastructure,4
7745,_21250_,unclassified,infrastructure,6
7746,_21251_,generated_control,infrastructure,4
7747,_21252_,generated_control,infrastructure,4
7748,_21253_,generated_control,infrastructure,4
7749,_21254_,generated_datapath,infrastructure,5
7750,_21255_,generated_control,infrastructure,4
7751,_21256_,generated_datapath,infrastructure,5
7752,_21257_,generated_control,infrastructure,4
7753,_21258_,unclassified,infrastructure,6
7754,_21259_,generated_control,infrastructure,5
7755,_21260_,generated_control,infrastructure,4
7756,_21261_,generated_datapath,infrastructure,5
7757,_21262_,generated_control,infrastructure,4
7758,_21263_,generated_datapath,infrastructure,5
7759,_21264_,generated_control,infrastructure,5
7760,_21265_,generated_control,infrastructure,4
7761,_21266_,generated_datapath,infrastructure,5
7762,_21267_,generated_control,infrastructure,4
7763,_21268_,generated_datapath,infrastructure,5
7764,_21269_,generated_control,infrastructure,4
7765,_21270_,generated_datapath,infrastructure,5
7766,_21271_,generated_control,infrastructure,4
7767,_21272_,generated_datapath,infrastructure,5
7768,_21273_,generated_control,infrastructure,4
7769,_21274_,generated_datapath,infrastructure,5
7770,_21275_,generated_control,infrastructure,4
7771,_21276_,generated_datapath,infrastructure,5
7772,_21277_,generated_control,infrastructure,4
7773,_21278_,generated_datapath,infrastructure,6
7774,_21279_,generated_datapath,infrastructure,5
7775,_21280_,generated_control,infrastructure,4
7776,_21281_,generated_datapath,infrastructure,5
7777,_21282_,generated_control,infrastructure,4
7778,_21283_,generated_datapath,infrastructure,5
7779,_21284_,generated_control,infrastructure,4
7780,_21285_,generated_datapath,infrastructure,5
7781,_21286_,generated_control,infrastructure,4
7782,_21287_,generated_datapath,infrastructure,5
7783,_21288_,generated_control,infrastructure,4
7784,_21289_,generated_datapath,infrastructure,5
7785,_21290_,generated_control,infrastructure,4
7786,_21291_,generated_control,infrastructure,5
7787,_21292_,generated_datapath,infrastructure,5
7788,_21293_,generated_control,infrastructure,4
7789,_21294_,generated_datapath,infrastructure,5
7790,_21295_,generated_control,infrastructure,4
7791,_21296_,generated_datapath,infrastructure,5
7792,_21297_,generated_control,infrastructure,4
7793,_21298_,generated_datapath,infrastructure,5
7794,_21299_,generated_control,infrastructure,4
7795,_21300_,generated_control,infrastructure,4
7796,_21301_,generated_datapath,infrastructure,5
7797,_21302_,generated_control,infrastructure,4
7798,_21303_,generated_datapath,infrastructure,5
7799,_21304_,generated_control,infrastructure,4
7800,_21305_,generated_datapath,infrastructure,5
7801,_21306_,generated_control,infrastructure,4
7802,_21307_,generated_datapath,infrastructure,5
7803,_21308_,generated_control,infrastructure,4
7804,_21309_,generated_datapath,infrastructure,5
7805,_21310_,generated_control,infrastructure,4
7806,_21311_,generated_datapath,infrastructure,5
7807,_21312_,generated_control,infrastructure,4
7808,_21313_,generated_datapath,infrastructure,5
7809,_21314_,generated_control,infrastructure,4
7810,_21315_,generated_datapath,infrastructure,6
7811,_21316_,generated_control,infrastructure,5
7812,_21317_,generated_control,infrastructure,4
7813,_21318_,unclassified,infrastructure,6
7814,_21319_,generated_control,infrastructure,4
7815,_21320_,generated_datapath,infrastructure,5
7816,_21321_,generated_datapath,infrastructure,5
7817,_21322_,generated_control,infrastructure,4
7818,_21323_,generated_control,infrastructure,4
7819,_21324_,generated_datapath,infrastructure,5
7820,_21325_,generated_control,infrastructure,4
7821,_21326_,unclassified,infrastructure,6
7822,_21327_,generated_control,infrastructure,4
7823,_21328_,generated_control,infrastructure,5
7824,_21329_,generated_control,infrastructure,4
7825,_21330_,generated_control,infrastructure,4
7826,_21331_,generated_datapath,infrastructure,5
7827,_21332_,generated_control,infrastructure,4
7828,_21333_,generated_datapath,infrastructure,5
7829,_21334_,generated_control,infrastructure,4
7830,_21335_,generated_datapath,infrastructure,5
7831,_21336_,generated_control,infrastructure,4
7832,_21337_,generated_datapath,infrastructure,5
7833,_21338_,generated_control,infrastructure,4
7834,_21339_,generated_datapath,infrastructure,5
7835,_21340_,generated_control,infrastructure,4
7836,_21341_,generated_datapath,infrastructure,5
7837,_21342_,generated_control,infrastructure,4
7838,_21343_,generated_datapath,infrastructure,5
7839,_21344_,generated_control,infrastructure,4
7840,_21345_,generated_datapath,infrastructure,5
7841,_21346_,generated_control,infrastructure,4
7842,_21347_,generated_datapath,infrastructure,5
7843,_21348_,generated_control,infrastructure,4
7844,_21349_,generated_control,infrastructure,5
7845,_21350_,generated_datapath,infrastructure,5
7846,_21351_,generated_control,infrastructure,4
7847,_21352_,generated_datapath,infrastructure,5
7848,_21353_,generated_control,infrastructure,4
7849,_21354_,generated_control,infrastructure,4
7850,_21355_,generated_datapath,infrastructure,5
7851,_21356_,generated_control,infrastructure,4
7852,_21357_,generated_datapath,infrastructure,5
7853,_21358_,generated_control,infrastructure,4
7854,_21359_,generated_datapath,infrastructure,5
7855,_21360_,generated_control,infrastructure,4
7856,_21361_,generated_datapath,infrastructure,5
7857,_21362_,generated_control,infrastructure,4
7858,_21363_,generated_datapath,infrastructure,5
7859,_21364_,generated_control,infrastructure,4
7860,_21365_,generated_datapath,infrastructure,5
7861,_21366_,generated_control,infrastructure,4
7862,_21367_,generated_datapath,infrastructure,5
7863,_21368_,generated_control,infrastructure,4
7864,_21369_,generated_datapath,infrastructure,5
7865,_21370_,generated_control,infrastructure,4
7866,_21371_,generated_datapath,infrastructure,5
7867,_21372_,generated_control,infrastructure,4
7868,_21373_,generated_control,infrastructure,5
7869,_21374_,generated_datapath,infrastructure,5
7870,_21375_,generated_control,infrastructure,4
7871,_21376_,generated_datapath,infrastructure,5
7872,_21377_,generated_control,infrastructure,4
7873,_21378_,generated_datapath,infrastructure,5
7874,_21379_,generated_control,infrastructure,4
7875,_21380_,generated_control,infrastructure,4
7876,_21381_,generated_datapath,infrastructure,5
7877,_21382_,generated_control,infrastructure,4
7878,_21383_,generated_datapath,infrastructure,5
7879,_21384_,generated_control,infrastructure,4
7880,_21385_,generated_control,infrastructure,5
7881,_21386_,generated_control,infrastructure,4
7882,_21387_,unclassified,infrastructure,6
7883,_21388_,generated_control,infrastructure,4
7884,_21389_,generated_datapath,infrastructure,5
7885,_21390_,generated_control,infrastructure,4
7886,_21391_,generated_datapath,infrastructure,5
7887,_21392_,generated_control,infrastructure,4
7888,_21393_,unclassified,infrastructure,6
7889,_21394_,generated_control,infrastructure,5
7890,_21395_,generated_control,infrastructure,4
7891,_21396_,generated_datapath,infrastructure,5
7892,_21397_,generated_control,infrastructure,4
7893,_21398_,generated_datapath,infrastructure,5
7894,_21399_,generated_control,infrastructure,4
7895,_21400_,generated_datapath,infrastructure,5
7896,_21401_,generated_control,infrastructure,4
7897,_21402_,generated_datapath,infrastructure,5
7898,_21403_,generated_control,infrastructure,4
7899,_21404_,generated_control,infrastructure,5
7900,_21405_,generated_datapath,infrastructure,5
7901,_21406_,generated_control,infrastructure,4
7902,_21407_,generated_datapath,infrastructure,5
7903,_21408_,generated_control,infrastructure,4
7904,_21409_,generated_datapath,infrastructure,5
7905,_21410_,generated_control,infrastructure,4
7906,_21411_,generated_datapath,infrastructure,5
7907,_21412_,generated_control,infrastructure,4
7908,_21413_,generated_datapath,infrastructure,5
7909,_21414_,generated_control,infrastructure,4
7910,_21415_,generated_datapath,infrastructure,5
7911,_21416_,generated_control,infrastructure,4
7912,_21417_,generated_datapath,infrastructure,5
7913,_21418_,generated_control,infrastructure,4
7914,_21419_,generated_datapath,infrastructure,5
7915,_21420_,generated_control,infrastructure,4
7916,_21421_,generated_datapath,infrastructure,5
7917,_21422_,generated_control,infrastructure,4
7918,_21423_,generated_datapath,infrastructure,5
7919,_21424_,generated_control,infrastructure,4
7920,_21425_,generated_datapath,infrastructure,5
7921,_21426_,generated_control,infrastructure,4
7922,_21427_,generated_datapath,infrastructure,5
7923,_21428_,generated_control,infrastructure,4
7924,_21429_,generated_datapath,infrastructure,5
7925,_21430_,generated_control,infrastructure,4
7926,_21431_,generated_datapath,infrastructure,5
7927,_21432_,generated_control,infrastructure,4
7928,_21433_,generated_datapath,infrastructure,5
7929,_21434_,generated_control,infrastructure,4
7930,_21435_,generated_datapath,infrastructure,5
7931,_21436_,generated_control,infrastructure,4
7932,_21437_,generated_control,infrastructure,5
7933,_21438_,generated_datapath,infrastructure,5
7934,_21439_,generated_control,infrastructure,4
7935,_21440_,generated_datapath,infrastructure,5
7936,_21441_,generated_control,infrastructure,4
7937,_21442_,generated_datapath,infrastructure,5
7938,_21443_,generated_control,infrastructure,4
7939,_21444_,generated_datapath,infrastructure,5
7940,_21445_,generated_control,infrastructure,4
7941,_21446_,generated_datapath,infrastructure,5
7942,_21447_,generated_control,infrastructure,4
7943,_21448_,generated_control,infrastructure,5
7944,_21449_,generated_control,infrastructure,4
7945,_21450_,unclassified,infrastructure,6
7946,_21451_,generated_control,infrastructure,4
7947,_21452_,generated_datapath,infrastructure,5
7948,_21453_,generated_datapath,infrastructure,6
7949,_21454_,generated_control,infrastructure,4
7950,_21455_,generated_datapath,infrastructure,5
7951,_21456_,generated_control,infrastructure,4
7952,_21457_,unclassified,infrastructure,6
7953,_21458_,generated_control,infrastructure,5
7954,_21459_,generated_control,infrastructure,4
7955,_21460_,generated_datapath,infrastructure,5
7956,_21461_,generated_control,infrastructure,4
7957,_21462_,generated_datapath,infrastructure,5
7958,_21463_,generated_control,infrastructure,4
7959,_21464_,generated_datapath,infrastructure,5
7960,_21465_,generated_datapath,infrastructure,5
7961,_21466_,generated_control,infrastructure,4
7962,_21467_,generated_datapath,infrastructure,5
7963,_21468_,generated_control,infrastructure,4
7964,_21469_,generated_datapath,infrastructure,5
7965,_21470_,generated_control,infrastructure,4
7966,_21471_,generated_datapath,infrastructure,5
7967,_21472_,generated_control,infrastructure,4
7968,_21473_,generated_datapath,infrastructure,5
7969,_21474_,generated_control,infrastructure,5
7970,_21475_,generated_control,infrastructure,4
7971,_21476_,generated_datapath,infrastructure,5
7972,_21477_,generated_control,infrastructure,4
7973,_21478_,generated_datapath,infrastructure,5
7974,_21479_,generated_control,infrastructure,4
7975,_21480_,generated_control,infrastructure,4
7976,_21481_,generated_datapath,infrastructure,5
7977,_21482_,generated_control,infrastructure,4
7978,_21483_,generated_datapath,infrastructure,5
7979,_21484_,generated_control,infrastructure,4
7980,_21485_,generated_datapath,infrastructure,5
7981,_21486_,generated_control,infrastructure,4
7982,_21487_,generated_datapath,infrastructure,5
7983,_21488_,generated_control,infrastructure,4
7984,_21489_,generated_datapath,infrastructure,5
7985,_21490_,generated_control,infrastructure,4
7986,_21491_,generated_datapath,infrastructure,5
7987,_21492_,generated_control,infrastructure,4
7988,_21493_,generated_datapath,infrastructure,5
7989,_21494_,generated_control,infrastructure,4
7990,_21495_,generated_datapath,infrastructure,5
7991,_21496_,generated_control,infrastructure,4
7992,_21497_,generated_datapath,infrastructure,5
7993,_21498_,generated_control,infrastructure,4
7994,_21499_,generated_datapath,infrastructure,5
7995,_21500_,generated_control,infrastructure,4
7996,_21501_,generated_datapath,infrastructure,5
7997,_21502_,generated_control,infrastructure,4
7998,_21503_,generated_datapath,infrastructure,5
7999,_21504_,generated_control,infrastructure,4
8000,_21505_,generated_datapath,infrastructure,5
8001,_21506_,generated_control,infrastructure,4
8002,_21507_,generated_datapath,infrastructure,5
8003,_21508_,generated_control,infrastructure,5
8004,_21509_,generated_control,infrastructure,4
8005,_21510_,generated_datapath,infrastructure,5
8006,_21511_,generated_control,infrastructure,4
8007,_21512_,generated_datapath,infrastructure,5
8008,_21513_,generated_control,infrastructure,4
8009,_21514_,generated_control,infrastructure,4
8010,_21515_,generated_control,infrastructure,5
8011,_21516_,generated_control,infrastructure,4
8012,_21517_,unclassified,infrastructure,6
8013,_21518_,generated_control,infrastructure,4
8014,_21519_,generated_datapath,infrastructure,5
8015,_21520_,generated_control,infrastructure,4
8016,_21521_,generated_datapath,infrastructure,5
8017,_21522_,generated_control,infrastructure,4
8018,_21523_,unclassified,infrastructure,6
8019,_21524_,generated_control,infrastructure,5
8020,_21525_,generated_control,infrastructure,4
8021,_21526_,generated_datapath,infrastructure,5
8022,_21527_,generated_control,infrastructure,4
8023,_21528_,generated_datapath,infrastructure,5
8024,_21529_,generated_control,infrastructure,4
8025,_21530_,generated_datapath,infrastructure,5
8026,_21531_,generated_control,infrastructure,4
8027,_21532_,generated_datapath,infrastructure,5
8028,_21533_,generated_control,infrastructure,4
8029,_21534_,generated_datapath,infrastructure,5
8030,_21535_,generated_control,infrastructure,4
8031,_21536_,generated_datapath,infrastructure,5
8032,_21537_,generated_control,infrastructure,4
8033,_21538_,generated_datapath,infrastructure,5
8034,_21539_,generated_control,infrastructure,4
8035,_21540_,generated_control,infrastructure,5
8036,_21541_,generated_datapath,infrastructure,5
8037,_21542_,generated_control,infrastructure,4
8038,_21543_,generated_datapath,infrastructure,5
8039,_21544_,generated_control,infrastructure,4
8040,_21545_,generated_datapath,infrastructure,5
8041,_21546_,generated_control,infrastructure,4
8042,_21547_,generated_datapath,infrastructure,5
8043,_21548_,generated_control,infrastructure,4
8044,_21549_,generated_datapath,infrastructure,5
8045,_21550_,generated_control,infrastructure,4
8046,_21551_,generated_datapath,infrastructure,5
8047,_21552_,generated_control,infrastructure,4
8048,_21553_,generated_datapath,infrastructure,5
8049,_21554_,generated_control,infrastructure,4
8050,_21555_,generated_datapath,infrastructure,5
8051,_21556_,generated_control,infrastructure,4
8052,_21557_,generated_datapath,infrastructure,5
8053,_21558_,generated_control,infrastructure,4
8054,_21559_,generated_datapath,infrastructure,5
8055,_21560_,generated_control,infrastructure,4
8056,_21561_,generated_datapath,infrastructure,5
8057,_21562_,generated_control,infrastructure,4
8058,_21563_,generated_datapath,infrastructure,5
8059,_21564_,generated_control,infrastructure,4
8060,_21565_,generated_datapath,infrastructure,5
8061,_21566_,generated_control,infrastructure,4
8062,_21567_,generated_datapath,infrastructure,5
8063,_21568_,generated_control,infrastructure,4
8064,_21569_,generated_datapath,infrastructure,5
8065,_21570_,generated_control,infrastructure,4
8066,_21571_,generated_datapath,infrastructure,5
8067,_21572_,generated_control,infrastructure,4
8068,_21573_,generated_datapath,infrastructure,5
8069,_21574_,generated_control,infrastructure,4
8070,_21575_,generated_control,infrastructure,5
8071,_21576_,generated_datapath,infrastructure,5
8072,_21577_,generated_control,infrastructure,4
8073,_21578_,generated_control,infrastructure,5
8074,_21579_,generated_control,infrastructure,4
8075,_21580_,unclassified,infrastructure,6
8076,_21581_,generated_control,infrastructure,4
8077,_21582_,generated_datapath,infrastructure,5
8078,_21583_,generated_control,infrastructure,4
8079,_21584_,generated_datapath,infrastructure,5
8080,_21585_,generated_control,infrastructure,4
8081,_21586_,unclassified,infrastructure,6
8082,_21587_,generated_control,infrastructure,5
8083,_21588_,generated_control,infrastructure,4
8084,_21589_,generated_datapath,infrastructure,5
8085,_21590_,generated_control,infrastructure,4
8086,_21591_,generated_datapath,infrastructure,5
8087,_21592_,generated_control,infrastructure,4
8088,_21593_,generated_datapath,infrastructure,5
8089,_21594_,generated_control,infrastructure,4
8090,_21595_,generated_datapath,infrastructure,5
8091,_21596_,generated_control,infrastructure,4
8092,_21597_,generated_datapath,infrastructure,5
8093,_21598_,generated_control,infrastructure,4
8094,_21599_,generated_datapath,infrastructure,5
8095,_21600_,generated_control,infrastructure,4
8096,_21601_,generated_datapath,infrastructure,5
8097,_21602_,generated_control,infrastructure,4
8098,_21603_,generated_control,infrastructure,5
8099,_21604_,generated_datapath,infrastructure,5
8100,_21605_,generated_control,infrastructure,4
8101,_21606_,generated_datapath,infrastructure,5
8102,_21607_,generated_control,infrastructure,4
8103,_21608_,generated_datapath,infrastructure,5
8104,_21609_,generated_control,infrastructure,4
8105,_21610_,generated_datapath,infrastructure,5
8106,_21611_,generated_control,infrastructure,4
8107,_21612_,generated_datapath,infrastructure,5
8108,_21613_,generated_control,infrastructure,4
8109,_21614_,generated_datapath,infrastructure,5
8110,_21615_,generated_control,infrastructure,4
8111,_21616_,generated_datapath,infrastructure,5
8112,_21617_,generated_control,infrastructure,4
8113,_21618_,generated_datapath,infrastructure,5
8114,_21619_,generated_control,infrastructure,4
8115,_21620_,generated_datapath,infrastructure,5
8116,_21621_,generated_control,infrastructure,4
8117,_21622_,generated_datapath,infrastructure,5
8118,_21623_,generated_control,infrastructure,4
8119,_21624_,generated_datapath,infrastructure,6
8120,_21625_,generated_datapath,infrastructure,5
8121,_21626_,generated_control,infrastructure,4
8122,_21627_,generated_datapath,infrastructure,5
8123,_21628_,generated_control,infrastructure,4
8124,_21629_,generated_datapath,infrastructure,5
8125,_21630_,generated_control,infrastructure,4
8126,_21631_,generated_datapath,infrastructure,5
8127,_21632_,generated_control,infrastructure,4
8128,_21633_,generated_datapath,infrastructure,5
8129,_21634_,generated_datapath,infrastructure,5
8130,_21635_,generated_control,infrastructure,4
8131,_21636_,generated_datapath,infrastructure,5
8132,_21637_,generated_control,infrastructure,4
8133,_21638_,generated_datapath,infrastructure,5
8134,_21639_,generated_control,infrastructure,5
8135,_21640_,generated_control,infrastructure,4
8136,_21641_,generated_control,infrastructure,4
8137,_21642_,generated_datapath,infrastructure,5
8138,_21643_,generated_control,infrastructure,4
8139,_21644_,generated_control,infrastructure,4
8140,_21645_,generated_control,infrastructure,5
8141,_21646_,generated_control,infrastructure,4
8142,_21647_,unclassified,infrastructure,6
8143,_21648_,generated_control,infrastructure,4
8144,_21649_,generated_datapath,infrastructure,5
8145,_21650_,generated_control,infrastructure,4
8146,_21651_,generated_datapath,infrastructure,5
8147,_21652_,generated_control,infrastructure,5
8148,_21653_,generated_control,infrastructure,5
8149,_21654_,generated_control,infrastructure,4
8150,_21655_,generated_datapath,infrastructure,5
8151,_21656_,generated_control,infrastructure,4
8152,_21657_,generated_datapath,infrastructure,5
8153,_21658_,generated_control,infrastructure,5
8154,_21659_,generated_control,infrastructure,4
8155,_21660_,generated_datapath,infrastructure,5
8156,_21661_,generated_control,infrastructure,4
8157,_21662_,generated_datapath,infrastructure,5
8158,_21663_,generated_control,infrastructure,4
8159,_21664_,generated_datapath,infrastructure,5
8160,_21665_,generated_control,infrastructure,4
8161,_21666_,generated_datapath,infrastructure,5
8162,_21667_,generated_control,infrastructure,4
8163,_21668_,generated_datapath,infrastructure,5
8164,_21669_,generated_control,infrastructure,4
8165,_21670_,generated_datapath,infrastructure,5
8166,_21671_,generated_control,infrastructure,4
8167,_21672_,generated_datapath,infrastructure,5
8168,_21673_,generated_control,infrastructure,4
8169,_21674_,generated_datapath,infrastructure,5
8170,_21675_,generated_control,infrastructure,4
8171,_21676_,generated_datapath,infrastructure,5
8172,_21677_,generated_control,infrastructure,4
8173,_21678_,generated_datapath,infrastructure,5
8174,_21679_,generated_control,infrastructure,4
8175,_21680_,generated_datapath,infrastructure,5
8176,_21681_,generated_control,infrastructure,5
8177,_21682_,generated_control,infrastructure,4
8178,_21683_,generated_datapath,infrastructure,5
8179,_21684_,generated_control,infrastructure,4
8180,_21685_,generated_datapath,infrastructure,5
8181,_21686_,generated_control,infrastructure,4
8182,_21687_,generated_datapath,infrastructure,6
8183,_21688_,generated_datapath,infrastructure,5
8184,_21689_,generated_control,infrastructure,4
8185,_21690_,generated_datapath,infrastructure,5
8186,_21691_,generated_control,infrastructure,4
8187,_21692_,generated_datapath,infrastructure,5
8188,_21693_,generated_control,infrastructure,4
8189,_21694_,generated_datapath,infrastructure,5
8190,_21695_,generated_control,infrastructure,4
8191,_21696_,generated_datapath,infrastructure,5
8192,_21697_,generated_control,infrastructure,4
8193,_21698_,generated_datapath,infrastructure,5
8194,_21699_,generated_control,infrastructure,4
8195,_21700_,generated_datapath,infrastructure,5
8196,_21701_,generated_control,infrastructure,4
8197,_21702_,generated_datapath,infrastructure,5
8198,_21703_,generated_control,infrastructure,4
8199,_21704_,generated_datapath,infrastructure,5
8200,_21705_,generated_control,infrastructure,4
8201,_21706_,generated_control,infrastructure,5
8202,_21707_,generated_datapath,infrastructure,5
8203,_21708_,generated_control,infrastructure,4
8204,_21709_,generated_control,infrastructure,5
8205,_21710_,generated_control,infrastructure,4
8206,_21711_,unclassified,infrastructure,6
8207,_21712_,generated_control,infrastructure,4
8208,_21713_,generated_datapath,infrastructure,5
8209,_21714_,generated_control,infrastructure,4
8210,_21715_,generated_datapath,infrastructure,5
8211,_21716_,generated_control,infrastructure,4
8212,_21717_,unclassified,infrastructure,6
8213,_21718_,generated_control,infrastructure,5
8214,_21719_,generated_control,infrastructure,4
8215,_21720_,generated_datapath,infrastructure,5
8216,_21721_,generated_control,infrastructure,4
8217,_21722_,generated_datapath,infrastructure,5
8218,_21723_,generated_control,infrastructure,4
8219,_21724_,generated_datapath,infrastructure,5
8220,_21725_,generated_control,infrastructure,4
8221,_21726_,generated_datapath,infrastructure,5
8222,_21727_,generated_control,infrastructure,4
8223,_21728_,generated_datapath,infrastructure,5
8224,_21729_,generated_control,infrastructure,4
8225,_21730_,generated_datapath,infrastructure,5
8226,_21731_,generated_control,infrastructure,4
8227,_21732_,generated_datapath,infrastructure,5
8228,_21733_,generated_control,infrastructure,4
8229,_21734_,generated_control,infrastructure,5
8230,_21735_,generated_datapath,infrastructure,5
8231,_21736_,generated_control,infrastructure,4
8232,_21737_,generated_datapath,infrastructure,5
8233,_21738_,generated_control,infrastructure,4
8234,_21739_,generated_datapath,infrastructure,5
8235,_21740_,generated_control,infrastructure,4
8236,_21741_,generated_datapath,infrastructure,6
8237,_21742_,generated_datapath,infrastructure,5
8238,_21743_,generated_control,infrastructure,4
8239,_21744_,generated_datapath,infrastructure,5
8240,_21745_,generated_control,infrastructure,4
8241,_21746_,generated_datapath,infrastructure,5
8242,_21747_,generated_control,infrastructure,4
8243,_21748_,generated_datapath,infrastructure,5
8244,_21749_,generated_control,infrastructure,4
8245,_21750_,generated_datapath,infrastructure,5
8246,_21751_,generated_control,infrastructure,4
8247,_21752_,generated_datapath,infrastructure,5
8248,_21753_,generated_control,infrastructure,4
8249,_21754_,generated_datapath,infrastructure,5
8250,_21755_,generated_control,infrastructure,4
8251,_21756_,generated_datapath,infrastructure,5
8252,_21757_,generated_control,infrastructure,4
8253,_21758_,generated_datapath,infrastructure,5
8254,_21759_,generated_control,infrastructure,4
8255,_21760_,generated_datapath,infrastructure,5
8256,_21761_,generated_control,infrastructure,4
8257,_21762_,generated_datapath,infrastructure,5
8258,_21763_,generated_control,infrastructure,4
8259,_21764_,generated_datapath,infrastructure,5
8260,_21765_,generated_control,infrastructure,4
8261,_21766_,generated_control,infrastructure,5
8262,_21767_,generated_datapath,infrastructure,5
8263,_21768_,generated_control,infrastructure,4
8264,_21769_,generated_datapath,infrastructure,5
8265,_21770_,generated_control,infrastructure,4
8266,_21771_,generated_datapath,infrastructure,5
8267,_21772_,generated_control,infrastructure,4
8268,_21773_,generated_control,infrastructure,5
8269,_21774_,generated_control,infrastructure,5
8270,_21775_,generated_control,infrastructure,4
8271,_21776_,unclassified,infrastructure,6
8272,_21777_,generated_control,infrastructure,4
8273,_21778_,generated_datapath,infrastructure,5
8274,_21779_,generated_control,infrastructure,4
8275,_21780_,generated_datapath,infrastructure,5
8276,_21781_,generated_control,infrastructure,4
8277,_21782_,unclassified,infrastructure,6
8278,_21783_,generated_control,infrastructure,5
8279,_21784_,generated_control,infrastructure,4
8280,_21785_,generated_datapath,infrastructure,5
8281,_21786_,generated_control,infrastructure,4
8282,_21787_,generated_datapath,infrastructure,5
8283,_21788_,generated_control,infrastructure,4
8284,_21789_,generated_control,infrastructure,4
8285,_21790_,generated_datapath,infrastructure,5
8286,_21791_,generated_control,infrastructure,4
8287,_21792_,generated_datapath,infrastructure,5
8288,_21793_,generated_control,infrastructure,4
8289,_21794_,generated_datapath,infrastructure,5
8290,_21795_,generated_control,infrastructure,4
8291,_21796_,generated_datapath,infrastructure,5
8292,_21797_,generated_control,infrastructure,4
8293,_21798_,generated_datapath,infrastructure,5
8294,_21799_,generated_control,infrastructure,4
8295,_21800_,generated_datapath,infrastructure,5
8296,_21801_,generated_control,infrastructure,4
8297,_21802_,generated_datapath,infrastructure,5
8298,_21803_,generated_control,infrastructure,4
8299,_21804_,generated_datapath,infrastructure,5
8300,_21805_,generated_control,infrastructure,4
8301,_21806_,generated_datapath,infrastructure,5
8302,_21807_,generated_control,infrastructure,4
8303,_21808_,generated_datapath,infrastructure,5
8304,_21809_,generated_control,infrastructure,4
8305,_21810_,generated_datapath,infrastructure,5
8306,_21811_,generated_control,infrastructure,4
8307,_21812_,generated_datapath,infrastructure,5
8308,_21813_,generated_control,infrastructure,4
8309,_21814_,generated_datapath,infrastructure,5
8310,_21815_,generated_control,infrastructure,4
8311,_21816_,generated_datapath,infrastructure,5
8312,_21817_,generated_control,infrastructure,4
8313,_21818_,generated_datapath,infrastructure,5
8314,_21819_,generated_control,infrastructure,4
8315,_21820_,generated_datapath,infrastructure,5
8316,_21821_,generated_control,infrastructure,4
8317,_21822_,generated_datapath,infrastructure,5
8318,_21823_,generated_control,infrastructure,4
8319,_21824_,generated_datapath,infrastructure,5
8320,_21825_,generated_control,infrastructure,4
8321,_21826_,generated_datapath,infrastructure,5
8322,_21827_,generated_control,infrastructure,4
8323,_21828_,generated_datapath,infrastructure,5
8324,_21829_,generated_control,infrastructure,4
8325,_21830_,generated_datapath,infrastructure,5
8326,_21831_,generated_datapath,infrastructure,5
8327,_21832_,generated_control,infrastructure,4
8328,_21833_,generated_datapath,infrastructure,5
8329,_21834_,generated_datapath,infrastructure,5
8330,_21835_,generated_control,infrastructure,4
8331,_21836_,generated_datapath,infrastructure,5
8332,_21837_,generated_control,infrastructure,4
8333,_21838_,generated_control,infrastructure,5
8334,_21839_,generated_control,infrastructure,4
8335,_21840_,unclassified,infrastructure,6
8336,_21841_,generated_datapath,infrastructure,5
8337,_21842_,generated_control,infrastructure,4
8338,_21843_,generated_datapath,infrastructure,5
8339,_21844_,generated_control,infrastructure,4
8340,_21845_,generated_datapath,infrastructure,5
8341,_21846_,generated_control,infrastructure,4
8342,_21847_,unclassified,infrastructure,6
8343,_21848_,generated_control,infrastructure,4
8344,_21849_,generated_control,infrastructure,5
8345,_21850_,generated_control,infrastructure,4
8346,_21851_,generated_datapath,infrastructure,5
8347,_21852_,generated_control,infrastructure,4
8348,_21853_,generated_datapath,infrastructure,5
8349,_21854_,generated_control,infrastructure,4
8350,_21855_,generated_control,infrastructure,5
8351,_21856_,generated_datapath,infrastructure,5
8352,_21857_,generated_control,infrastructure,4
8353,_21858_,generated_datapath,infrastructure,5
8354,_21859_,generated_control,infrastructure,4
8355,_21860_,generated_datapath,infrastructure,5
8356,_21861_,generated_control,infrastructure,4
8357,_21862_,generated_datapath,infrastructure,5
8358,_21863_,generated_control,infrastructure,4
8359,_21864_,generated_datapath,infrastructure,5
8360,_21865_,generated_control,infrastructure,4
8361,_21866_,generated_datapath,infrastructure,5
8362,_21867_,generated_control,infrastructure,4
8363,_21868_,generated_datapath,infrastructure,5
8364,_21869_,generated_control,infrastructure,4
8365,_21870_,generated_datapath,infrastructure,5
8366,_21871_,generated_control,infrastructure,4
8367,_21872_,generated_control,infrastructure,4
8368,_21873_,generated_datapath,infrastructure,5
8369,_21874_,generated_control,infrastructure,4
8370,_21875_,generated_datapath,infrastructure,5
8371,_21876_,generated_control,infrastructure,4
8372,_21877_,generated_datapath,infrastructure,5
8373,_21878_,generated_control,infrastructure,4
8374,_21879_,generated_datapath,infrastructure,5
8375,_21880_,generated_control,infrastructure,4
8376,_21881_,generated_datapath,infrastructure,5
8377,_21882_,generated_control,infrastructure,4
8378,_21883_,generated_datapath,infrastructure,5
8379,_21884_,generated_control,infrastructure,4
8380,_21885_,generated_datapath,infrastructure,5
8381,_21886_,generated_control,infrastructure,5
8382,_21887_,generated_control,infrastructure,4
8383,_21888_,generated_datapath,infrastructure,5
8384,_21889_,generated_control,infrastructure,4
8385,_21890_,generated_datapath,infrastructure,5
8386,_21891_,generated_control,infrastructure,4
8387,_21892_,generated_datapath,infrastructure,5
8388,_21893_,generated_control,infrastructure,4
8389,_21894_,generated_datapath,infrastructure,5
8390,_21895_,generated_control,infrastructure,4
8391,_21896_,generated_datapath,infrastructure,5
8392,_21897_,generated_control,infrastructure,4
8393,_21898_,generated_datapath,infrastructure,5
8394,_21899_,generated_control,infrastructure,4
8395,_21900_,generated_control,infrastructure,5
8396,_21901_,generated_datapath,infrastructure,5
8397,_21902_,generated_control,infrastructure,4
8398,_21903_,generated_datapath,infrastructure,5
8399,_21904_,generated_control,infrastructure,4
8400,_21905_,generated_control,infrastructure,5
8401,_21906_,generated_datapath,infrastructure,6
8402,_21907_,generated_control,infrastructure,4
8403,_21908_,unclassified,infrastructure,6
8404,_21909_,generated_control,infrastructure,4
8405,_21910_,generated_datapath,infrastructure,5
8406,_21911_,generated_control,infrastructure,4
8407,_21912_,generated_datapath,infrastructure,5
8408,_21913_,generated_control,infrastructure,5
8409,_21914_,generated_control,infrastructure,5
8410,_21915_,generated_control,infrastructure,5
8411,_21916_,generated_control,infrastructure,4
8412,_21917_,generated_datapath,infrastructure,5
8413,_21918_,generated_control,infrastructure,4
8414,_21919_,generated_datapath,infrastructure,5
8415,_21920_,generated_control,infrastructure,4
8416,_21921_,generated_datapath,infrastructure,5
8417,_21922_,generated_control,infrastructure,4
8418,_21923_,generated_datapath,infrastructure,5
8419,_21924_,generated_control,infrastructure,4
8420,_21925_,generated_datapath,infrastructure,5
8421,_21926_,generated_control,infrastructure,4
8422,_21927_,generated_datapath,infrastructure,6
8423,_21928_,generated_datapath,infrastructure,5
8424,_21929_,generated_control,infrastructure,4
8425,_21930_,generated_datapath,infrastructure,5
8426,_21931_,generated_control,infrastructure,4
8427,_21932_,generated_datapath,infrastructure,5
8428,_21933_,generated_datapath,infrastructure,5
8429,_21934_,generated_control,infrastructure,4
8430,_21935_,generated_control,infrastructure,4
8431,_21936_,generated_datapath,infrastructure,5
8432,_21937_,generated_control,infrastructure,4
8433,_21938_,generated_datapath,infrastructure,5
8434,_21939_,generated_control,infrastructure,4
8435,_21940_,generated_datapath,infrastructure,5
8436,_21941_,generated_control,infrastructure,4
8437,_21942_,generated_datapath,infrastructure,5
8438,_21943_,generated_control,infrastructure,4
8439,_21944_,generated_datapath,infrastructure,5
8440,_21945_,generated_control,infrastructure,4
8441,_21946_,generated_datapath,infrastructure,5
8442,_21947_,generated_control,infrastructure,4
8443,_21948_,generated_datapath,infrastructure,5
8444,_21949_,generated_control,infrastructure,4
8445,_21950_,generated_datapath,infrastructure,5
8446,_21951_,generated_control,infrastructure,4
8447,_21952_,generated_datapath,infrastructure,5
8448,_21953_,generated_control,infrastructure,4
8449,_21954_,generated_control,infrastructure,5
8450,_21955_,generated_datapath,infrastructure,5
8451,_21956_,generated_control,infrastructure,4
8452,_21957_,generated_control,infrastructure,4
8453,_21958_,generated_datapath,infrastructure,5
8454,_21959_,generated_control,infrastructure,4
8455,_21960_,generated_datapath,infrastructure,5
8456,_21961_,generated_control,infrastructure,4
8457,_21962_,generated_datapath,infrastructure,5
8458,_21963_,generated_control,infrastructure,4
8459,_21964_,generated_datapath,infrastructure,5
8460,_21965_,generated_control,infrastructure,4
8461,_21966_,generated_datapath,infrastructure,5
8462,_21967_,generated_control,infrastructure,4
8463,_21968_,generated_datapath,infrastructure,5
8464,_21969_,generated_control,infrastructure,4
8465,_21970_,generated_datapath,infrastructure,5
8466,_21971_,generated_control,infrastructure,4
8467,_21972_,generated_control,infrastructure,5
8468,_21973_,generated_control,infrastructure,5
8469,_21974_,generated_control,infrastructure,4
8470,_21975_,unclassified,infrastructure,6
8471,_21976_,generated_control,infrastructure,4
8472,_21977_,generated_datapath,infrastructure,5
8473,_21978_,generated_control,infrastructure,4
8474,_21979_,generated_datapath,infrastructure,5
8475,_21980_,generated_control,infrastructure,5
8476,_21981_,generated_control,infrastructure,5
8477,_21982_,generated_control,infrastructure,4
8478,_21983_,generated_datapath,infrastructure,5
8479,_21984_,generated_control,infrastructure,4
8480,_21985_,generated_datapath,infrastructure,5
8481,_21986_,generated_control,infrastructure,4
8482,_21987_,generated_datapath,infrastructure,5
8483,_21988_,generated_control,infrastructure,4
8484,_21989_,generated_datapath,infrastructure,5
8485,_21990_,generated_control,infrastructure,4
8486,_21991_,generated_datapath,infrastructure,5
8487,_21992_,generated_control,infrastructure,5
8488,_21993_,generated_control,infrastructure,4
8489,_21994_,generated_datapath,infrastructure,5
8490,_21995_,generated_control,infrastructure,4
8491,_21996_,generated_datapath,infrastructure,5
8492,_21997_,generated_control,infrastructure,4
8493,_21998_,generated_datapath,infrastructure,5
8494,_21999_,generated_control,infrastructure,4
8495,_22000_,generated_datapath,infrastructure,5
8496,_22001_,generated_control,infrastructure,4
8497,_22002_,generated_datapath,infrastructure,5
8498,_22003_,generated_control,infrastructure,4
8499,_22004_,generated_datapath,infrastructure,5
8500,_22005_,generated_control,infrastructure,4
8501,_22006_,generated_datapath,infrastructure,5
8502,_22007_,generated_control,infrastructure,4
8503,_22008_,generated_datapath,infrastructure,5
8504,_22009_,generated_control,infrastructure,4
8505,_22010_,generated_datapath,infrastructure,5
8506,_22011_,generated_control,infrastructure,4
8507,_22012_,generated_control,infrastructure,5
8508,_22013_,generated_datapath,infrastructure,5
8509,_22014_,generated_control,infrastructure,4
8510,_22015_,generated_datapath,infrastructure,5
8511,_22016_,generated_control,infrastructure,4
8512,_22017_,generated_datapath,infrastructure,5
8513,_22018_,generated_control,infrastructure,4
8514,_22019_,generated_datapath,infrastructure,5
8515,_22020_,generated_control,infrastructure,4
8516,_22021_,generated_datapath,infrastructure,5
8517,_22022_,generated_control,infrastructure,4
8518,_22023_,generated_datapath,infrastructure,5
8519,_22024_,generated_control,infrastructure,4
8520,_22025_,generated_datapath,infrastructure,6
8521,_22026_,generated_datapath,infrastructure,5
8522,_22027_,generated_control,infrastructure,4
8523,_22028_,generated_datapath,infrastructure,5
8524,_22029_,generated_control,infrastructure,4
8525,_22030_,generated_datapath,infrastructure,5
8526,_22031_,generated_datapath,infrastructure,5
8527,_22032_,generated_control,infrastructure,4
8528,_22033_,generated_datapath,infrastructure,5
8529,_22034_,generated_control,infrastructure,4
8530,_22035_,generated_control,infrastructure,5
8531,_22036_,generated_datapath,infrastructure,5
8532,_22037_,generated_control,infrastructure,4
8533,_22038_,generated_control,infrastructure,4
8534,_22039_,generated_datapath,infrastructure,5
8535,_22040_,generated_datapath,infrastructure,5
8536,_22041_,generated_control,infrastructure,4
8537,_22042_,generated_control,infrastructure,4
8538,_22043_,generated_datapath,infrastructure,5
8539,_22044_,generated_datapath,infrastructure,5
8540,_22045_,generated_control,infrastructure,4
8541,_22046_,generated_control,infrastructure,4
8542,_22047_,generated_datapath,infrastructure,5
8543,_22048_,generated_datapath,infrastructure,5
8544,_22049_,generated_control,infrastructure,4
8545,_22050_,generated_control,infrastructure,4
8546,_22051_,generated_datapath,infrastructure,5
8547,_22052_,generated_control,infrastructure,5
8548,_22053_,generated_datapath,infrastructure,5
8549,_22054_,generated_control,infrastructure,4
8550,_22055_,generated_control,infrastructure,5
8551,_22056_,generated_control,infrastructure,4
8552,_22057_,generated_datapath,infrastructure,5
8553,_22058_,generated_control,infrastructure,4
8554,_22059_,generated_control,infrastructure,4
8555,_22060_,generated_datapath,infrastructure,5
8556,_22061_,generated_datapath,infrastructure,5
8557,_22062_,generated_control,infrastructure,4
8558,_22063_,generated_control,infrastructure,4
8559,_22064_,generated_datapath,infrastructure,5
8560,_22065_,generated_datapath,infrastructure,5
8561,_22066_,generated_control,infrastructure,4
8562,_22067_,generated_control,infrastructure,4
8563,_22068_,generated_datapath,infrastructure,5
8564,_22069_,generated_datapath,infrastructure,5
8565,_22070_,generated_control,infrastructure,4
8566,_22071_,generated_control,infrastructure,4
8567,_22072_,generated_control,infrastructure,5
8568,_22073_,generated_datapath,infrastructure,5
8569,_22074_,generated_datapath,infrastructure,5
8570,_22075_,generated_control,infrastructure,4
8571,_22076_,generated_control,infrastructure,4
8572,_22077_,generated_datapath,infrastructure,5
8573,_22078_,generated_datapath,infrastructure,5
8574,_22079_,generated_control,infrastructure,4
8575,_22080_,generated_control,infrastructure,4
8576,_22081_,generated_datapath,infrastructure,5
8577,_22082_,generated_datapath,infrastructure,5
8578,_22083_,generated_control,infrastructure,4
8579,_22084_,generated_control,infrastructure,4
8580,_22085_,generated_datapath,infrastructure,5
8581,_22086_,generated_datapath,infrastructure,5
8582,_22087_,generated_control,infrastructure,4
8583,_22088_,generated_control,infrastructure,4
8584,_22089_,generated_datapath,infrastructure,5
8585,_22090_,generated_datapath,infrastructure,5
8586,_22091_,generated_control,infrastructure,4
8587,_22092_,generated_control,infrastructure,4
8588,_22093_,generated_datapath,infrastructure,5
8589,_22094_,generated_control,infrastructure,5
8590,_22095_,generated_datapath,infrastructure,5
8591,_22096_,generated_control,infrastructure,4
8592,_22097_,generated_control,infrastructure,4
8593,_22098_,generated_datapath,infrastructure,5
8594,_22099_,generated_datapath,infrastructure,5
8595,_22100_,generated_control,infrastructure,4
8596,_22101_,generated_datapath,infrastructure,5
8597,_22102_,generated_control,infrastructure,4
8598,_22103_,generated_datapath,infrastructure,5
8599,_22104_,generated_control,infrastructure,4
8600,_22105_,generated_control,infrastructure,4
8601,_22106_,generated_datapath,infrastructure,5
8602,_22107_,generated_datapath,infrastructure,5
8603,_22108_,generated_control,infrastructure,4
8604,_22109_,generated_control,infrastructure,4
8605,_22110_,generated_datapath,infrastructure,5
8606,_22111_,generated_datapath,infrastructure,5
8607,_22112_,generated_control,infrastructure,4
8608,_22113_,generated_control,infrastructure,4
8609,_22114_,generated_control,infrastructure,5
8610,_22115_,generated_datapath,infrastructure,5
8611,_22116_,generated_datapath,infrastructure,5
8612,_22117_,generated_control,infrastructure,4
8613,_22118_,generated_control,infrastructure,4
8614,_22119_,generated_datapath,infrastructure,5
8615,_22120_,generated_datapath,infrastructure,5
8616,_22121_,generated_control,infrastructure,4
8617,_22122_,generated_control,infrastructure,4
8618,_22123_,generated_datapath,infrastructure,5
8619,_22124_,generated_datapath,infrastructure,5
8620,_22125_,generated_control,infrastructure,4
8621,_22126_,generated_control,infrastructure,4
8622,_22127_,generated_datapath,infrastructure,6
8623,_22128_,generated_datapath,infrastructure,5
8624,_22129_,generated_datapath,infrastructure,5
8625,_22130_,generated_control,infrastructure,4
8626,_22131_,generated_control,infrastructure,4
8627,_22132_,generated_datapath,infrastructure,5
8628,_22133_,generated_datapath,infrastructure,5
8629,_22134_,generated_datapath,infrastructure,5
8630,_22135_,generated_control,infrastructure,4
8631,_22136_,generated_control,infrastructure,4
8632,_22137_,generated_datapath,infrastructure,5
8633,_22138_,generated_datapath,infrastructure,5
8634,_22139_,generated_control,infrastructure,5
8635,_22140_,generated_control,infrastructure,4
8636,_22141_,generated_control,infrastructure,4
8637,_22142_,generated_datapath,infrastructure,5
8638,_22143_,generated_datapath,infrastructure,5
8639,_22144_,generated_control,infrastructure,4
8640,_22145_,generated_control,infrastructure,4
8641,_22146_,generated_datapath,infrastructure,5
8642,_22147_,generated_datapath,infrastructure,5
8643,_22148_,generated_control,infrastructure,4
8644,_22149_,generated_control,infrastructure,4
8645,_22150_,generated_datapath,infrastructure,5
8646,_22151_,generated_datapath,infrastructure,5
8647,_22152_,generated_control,infrastructure,4
8648,_22153_,generated_control,infrastructure,4
8649,_22154_,generated_datapath,infrastructure,5
8650,_22155_,generated_datapath,infrastructure,5
8651,_22156_,generated_control,infrastructure,5
8652,_22157_,generated_control,infrastructure,4
8653,_22158_,generated_control,infrastructure,4
8654,_22159_,generated_datapath,infrastructure,5
8655,_22160_,generated_datapath,infrastructure,5
8656,_22161_,generated_control,infrastructure,4
8657,_22162_,generated_control,infrastructure,4
8658,_22163_,generated_datapath,infrastructure,5
8659,_22164_,generated_datapath,infrastructure,5
8660,_22165_,generated_control,infrastructure,4
8661,_22166_,generated_control,infrastructure,4
8662,_22167_,generated_datapath,infrastructure,5
8663,_22168_,generated_datapath,infrastructure,5
8664,_22169_,generated_control,infrastructure,4
8665,_22170_,generated_control,infrastructure,4
8666,_22171_,generated_control,infrastructure,4
8667,_22172_,generated_control,infrastructure,4
8668,_22173_,generated_control,infrastructure,4
8669,_22174_,generated_datapath,infrastructure,5
8670,_22175_,generated_control,infrastructure,5
8671,_22176_,generated_control,infrastructure,4
8672,_22177_,generated_control,infrastructure,4
8673,_22178_,generated_datapath,infrastructure,5
8674,_22179_,generated_control,infrastructure,4
8675,_22180_,generated_datapath,infrastructure,5
8676,_22181_,generated_datapath,infrastructure,5
8677,_22182_,generated_control,infrastructure,4
8678,_22183_,generated_control,infrastructure,4
8679,_22184_,unclassified,infrastructure,6
8680,_22185_,generated_control,infrastructure,5
8681,_22186_,generated_datapath,infrastructure,5
8682,_22187_,generated_control,infrastructure,4
8683,_22188_,generated_control,infrastructure,4
8684,_22189_,generated_control,infrastructure,5
8685,_22190_,generated_datapath,infrastructure,5
8686,_22191_,generated_datapath,infrastructure,5
8687,_22192_,generated_datapath,infrastructure,6
8688,_22193_,generated_datapath,infrastructure,5
8689,_22194_,generated_datapath,infrastructure,5
8690,_22195_,generated_control,infrastructure,4
8691,_22196_,generated_control,infrastructure,4
8692,_22197_,unclassified,infrastructure,6
8693,_22198_,generated_control,infrastructure,4
8694,_22199_,unclassified,infrastructure,6
8695,_22200_,generated_datapath,infrastructure,5
8696,_22201_,generated_control,infrastructure,4
8697,_22202_,generated_control,infrastructure,4
8698,_22203_,generated_datapath,infrastructure,5
8699,_22204_,generated_datapath,infrastructure,5
8700,_22205_,generated_control,infrastructure,4
8701,_22206_,generated_control,infrastructure,4
8702,_22207_,generated_datapath,infrastructure,5
8703,_22208_,generated_datapath,infrastructure,5
8704,_22209_,generated_datapath,infrastructure,5
8705,_22210_,generated_datapath,infrastructure,5
8706,_22211_,generated_control,infrastructure,4
8707,_22212_,unclassified,infrastructure,6
8708,_22213_,generated_datapath,infrastructure,5
8709,_22214_,generated_control,infrastructure,4
8710,_22215_,generated_datapath,infrastructure,5
8711,_22216_,generated_datapath,infrastructure,5
8712,_22217_,generated_control,infrastructure,4
8713,_22218_,generated_control,infrastructure,4
8714,_22219_,generated_datapath,infrastructure,5
8715,_22220_,generated_control,infrastructure,5
8716,_22221_,generated_datapath,infrastructure,5
8717,_22222_,generated_control,infrastructure,4
8718,_22223_,generated_datapath,infrastructure,5
8719,_22224_,generated_datapath,infrastructure,5
8720,_22225_,generated_control,infrastructure,4
8721,_22226_,generated_datapath,infrastructure,5
8722,_22227_,generated_datapath,infrastructure,5
8723,_22228_,generated_control,infrastructure,5
8724,_22229_,generated_control,infrastructure,4
8725,_22230_,generated_datapath,infrastructure,5
8726,_22231_,generated_control,infrastructure,4
8727,_22232_,generated_control,infrastructure,4
8728,_22233_,generated_datapath,infrastructure,5
8729,_22234_,generated_datapath,infrastructure,5
8730,_22235_,generated_control,infrastructure,4
8731,_22236_,generated_control,infrastructure,4
8732,_22237_,unclassified,infrastructure,6
8733,_22238_,generated_control,infrastructure,4
8734,_22239_,generated_control,infrastructure,4
8735,_22240_,generated_datapath,infrastructure,5
8736,_22241_,generated_datapath,infrastructure,5
8737,_22242_,generated_control,infrastructure,4
8738,_22243_,generated_control,infrastructure,5
8739,_22244_,generated_datapath,infrastructure,5
8740,_22245_,generated_control,infrastructure,4
8741,_22246_,generated_control,infrastructure,5
8742,_22247_,generated_control,infrastructure,4
8743,_22248_,generated_datapath,infrastructure,5
8744,_22249_,generated_datapath,infrastructure,5
8745,_22250_,generated_control,infrastructure,4
8746,_22251_,generated_datapath,infrastructure,5
8747,_22252_,generated_datapath,infrastructure,6
8748,_22253_,generated_datapath,infrastructure,5
8749,_22254_,generated_control,infrastructure,4
8750,_22255_,generated_datapath,infrastructure,5
8751,_22256_,generated_datapath,infrastructure,5
8752,_22257_,generated_control,infrastructure,5
8753,_22258_,generated_datapath,infrastructure,5
8754,_22259_,generated_control,infrastructure,4
8755,_22260_,unclassified,infrastructure,6
8756,_22261_,generated_control,infrastructure,4
8757,_22262_,generated_control,infrastructure,4
8758,_22263_,generated_datapath,infrastructure,5
8759,_22264_,generated_datapath,infrastructure,5
8760,_22265_,generated_control,infrastructure,4
8761,_22266_,generated_datapath,infrastructure,5
8762,_22267_,generated_datapath,infrastructure,5
8763,_22268_,generated_control,infrastructure,4
8764,_22269_,generated_control,infrastructure,5
8765,_22270_,generated_datapath,infrastructure,5
8766,_22271_,generated_control,infrastructure,4
8767,_22272_,generated_control,infrastructure,5
8768,_22273_,unclassified,infrastructure,6
8769,_22274_,generated_control,infrastructure,4
8770,_22275_,generated_control,infrastructure,4
8771,_22276_,generated_datapath,infrastructure,5
8772,_22277_,generated_control,infrastructure,4
8773,_22278_,generated_control,infrastructure,5
8774,_22279_,generated_datapath,infrastructure,5
8775,_22280_,generated_control,infrastructure,4
8776,_22281_,generated_control,infrastructure,5
8777,_22282_,generated_control,infrastructure,4
8778,_22283_,generated_datapath,infrastructure,5
8779,_22284_,generated_datapath,infrastructure,5
8780,_22285_,generated_control,infrastructure,4
8781,_22286_,unclassified,infrastructure,6
8782,_22287_,generated_control,infrastructure,4
8783,_22288_,generated_datapath,infrastructure,5
8784,_22289_,generated_control,infrastructure,4
8785,_22290_,unclassified,infrastructure,6
8786,_22291_,generated_control,infrastructure,4
8787,_22292_,generated_datapath,infrastructure,5
8788,_22293_,unclassified,infrastructure,6
8789,_22294_,generated_control,infrastructure,5
8790,_22295_,generated_datapath,infrastructure,5
8791,_22296_,generated_control,infrastructure,4
8792,_22297_,generated_control,infrastructure,5
8793,_22298_,generated_datapath,infrastructure,7
8794,_22299_,generated_datapath,infrastructure,5
8795,_22300_,generated_control,infrastructure,4
8796,_22301_,generated_control,infrastructure,4
8797,_22302_,generated_datapath,infrastructure,5
8798,_22303_,generated_control,infrastructure,5
8799,_22304_,generated_datapath,infrastructure,5
8800,_22305_,generated_datapath,infrastructure,5
8801,_22306_,generated_control,infrastructure,4
8802,_22307_,generated_control,infrastructure,5
8803,_22308_,generated_datapath,infrastructure,8
8804,_22309_,unclassified,infrastructure,7
8805,_22310_,generated_datapath,infrastructure,5
8806,_22311_,generated_control,infrastructure,4
8807,_22312_,generated_datapath,infrastructure,5
8808,_22313_,generated_datapath,infrastructure,6
8809,_22314_,generated_datapath,infrastructure,5
8810,_22315_,generated_control,infrastructure,5
8811,_22316_,generated_control,infrastructure,4
8812,_22317_,generated_datapath,infrastructure,5
8813,_22318_,generated_datapath,infrastructure,7
8814,_22319_,unclassified,infrastructure,7
8815,_22320_,generated_datapath,infrastructure,5
8816,_22321_,generated_control,infrastructure,4
8817,_22322_,generated_datapath,infrastructure,6
8818,_22323_,generated_control,infrastructure,5
8819,_22324_,generated_datapath,infrastructure,8
8820,_22325_,unclassified,infrastructure,7
8821,_22326_,generated_datapath,infrastructure,5
8822,_22327_,generated_control,infrastructure,4
8823,_22328_,generated_datapath,infrastructure,6
8824,_22329_,generated_control,infrastructure,5
8825,_22330_,generated_control,infrastructure,4
8826,_22331_,generated_datapath,infrastructure,7
8827,_22332_,unclassified,infrastructure,7
8828,_22333_,generated_datapath,infrastructure,5
8829,_22334_,generated_control,infrastructure,4
8830,_22335_,generated_datapath,infrastructure,6
8831,_22336_,generated_control,infrastructure,5
8832,_22337_,generated_datapath,infrastructure,5
8833,_22338_,generated_datapath,infrastructure,6
8834,_22339_,generated_datapath,infrastructure,5
8835,_22340_,generated_datapath,infrastructure,5
8836,_22341_,unclassified,infrastructure,7
8837,_22342_,generated_datapath,infrastructure,5
8838,_22343_,generated_control,infrastructure,4
8839,_22344_,generated_control,infrastructure,4
8840,_22345_,generated_datapath,infrastructure,5
8841,_22346_,generated_control,infrastructure,5
8842,_22347_,generated_control,infrastructure,4
8843,_22348_,generated_datapath,infrastructure,6
8844,_22349_,generated_datapath,infrastructure,7
8845,_22350_,generated_control,infrastructure,5
8846,_22351_,unclassified,infrastructure,6
8847,_22352_,generated_datapath,infrastructure,6
8848,_22353_,generated_datapath,infrastructure,5
8849,_22354_,generated_control,infrastructure,4
8850,_22355_,generated_control,infrastructure,5
8851,_22356_,generated_control,infrastructure,4
8852,_22357_,generated_datapath,infrastructure,7
8853,_22358_,unclassified,infrastructure,7
8854,_22359_,generated_datapath,infrastructure,5
8855,_22360_,generated_control,infrastructure,5
8856,_22361_,generated_control,infrastructure,4
8857,_22362_,generated_datapath,infrastructure,6
8858,_22363_,generated_control,infrastructure,5
8859,_22364_,generated_control,infrastructure,4
8860,_22365_,generated_datapath,infrastructure,7
8861,_22366_,generated_datapath,infrastructure,6
8862,_22367_,unclassified,infrastructure,7
8863,_22368_,generated_datapath,infrastructure,5
8864,_22369_,generated_control,infrastructure,4
8865,_22370_,generated_datapath,infrastructure,6
8866,_22371_,generated_control,infrastructure,5
8867,_22372_,generated_control,infrastructure,4
8868,_22373_,generated_datapath,infrastructure,7
8869,_22374_,generated_control,infrastructure,5
8870,_22375_,unclassified,infrastructure,7
8871,_22376_,generated_datapath,infrastructure,5
8872,_22377_,generated_control,infrastructure,4
8873,_22378_,generated_datapath,infrastructure,6
8874,_22379_,generated_control,infrastructure,5
8875,_22380_,generated_control,infrastructure,4
8876,_22381_,generated_datapath,infrastructure,7
8877,_22382_,unclassified,infrastructure,7
8878,_22383_,generated_datapath,infrastructure,5
8879,_22384_,generated_control,infrastructure,4
8880,_22385_,generated_datapath,infrastructure,6
8881,_22386_,generated_datapath,infrastructure,6
8882,_22387_,generated_control,infrastructure,5
8883,_22388_,generated_control,infrastructure,4
8884,_22389_,generated_datapath,infrastructure,5
8885,_22390_,generated_datapath,infrastructure,7
8886,_22391_,unclassified,infrastructure,7
8887,_22392_,generated_datapath,infrastructure,5
8888,_22393_,generated_control,infrastructure,4
8889,_22394_,generated_control,infrastructure,4
8890,_22395_,generated_datapath,infrastructure,6
8891,_22396_,generated_control,infrastructure,5
8892,_22397_,generated_control,infrastructure,4
8893,_22398_,generated_datapath,infrastructure,7
8894,_22399_,unclassified,infrastructure,7
8895,_22400_,generated_datapath,infrastructure,5
8896,_22401_,generated_control,infrastructure,4
8897,_22402_,generated_datapath,infrastructure,6
8898,_22403_,generated_control,infrastructure,5
8899,_22404_,generated_control,infrastructure,4
8900,_22405_,generated_datapath,infrastructure,7
8901,_22406_,unclassified,infrastructure,7
8902,_22407_,generated_datapath,infrastructure,5
8903,_22408_,generated_control,infrastructure,5
8904,_22409_,generated_control,infrastructure,4
8905,_22410_,generated_control,infrastructure,4
8906,_22411_,generated_datapath,infrastructure,6
8907,_22412_,generated_control,infrastructure,5
8908,_22413_,generated_control,infrastructure,4
8909,_22414_,generated_datapath,infrastructure,7
8910,_22415_,unclassified,infrastructure,7
8911,_22416_,generated_datapath,infrastructure,5
8912,_22417_,generated_control,infrastructure,4
8913,_22418_,generated_datapath,infrastructure,6
8914,_22419_,generated_control,infrastructure,5
8915,_22420_,generated_datapath,infrastructure,6
8916,_22421_,generated_datapath,infrastructure,5
8917,_22422_,unclassified,infrastructure,7
8918,_22423_,generated_datapath,infrastructure,5
8919,_22424_,generated_control,infrastructure,5
8920,_22425_,generated_control,infrastructure,4
8921,_22426_,generated_datapath,infrastructure,6
8922,_22427_,generated_control,infrastructure,5
8923,_22428_,generated_control,infrastructure,4
8924,_22429_,generated_control,infrastructure,4
8925,_22430_,generated_datapath,infrastructure,5
8926,_22431_,unclassified,infrastructure,7
8927,_22432_,generated_control,infrastructure,4
8928,_22433_,generated_datapath,infrastructure,5
8929,_22434_,generated_datapath,infrastructure,5
8930,_22435_,generated_control,infrastructure,4
8931,_22436_,generated_control,infrastructure,5
8932,_22437_,generated_datapath,infrastructure,5
8933,_22438_,generated_control,infrastructure,5
8934,_22439_,generated_control,infrastructure,4
8935,_22440_,generated_datapath,infrastructure,6
8936,_22441_,generated_datapath,infrastructure,7
8937,_22442_,generated_control,infrastructure,4
8938,_22443_,unclassified,infrastructure,6
8939,_22444_,generated_control,infrastructure,4
8940,_22445_,generated_control,infrastructure,4
8941,_22446_,generated_control,infrastructure,5
8942,_22447_,generated_control,infrastructure,5
8943,_22448_,generated_control,infrastructure,5
8944,_22449_,generated_control,infrastructure,4
8945,_22450_,generated_datapath,infrastructure,7
8946,_22451_,unclassified,infrastructure,7
8947,_22452_,generated_datapath,infrastructure,5
8948,_22453_,generated_datapath,infrastructure,5
8949,_22454_,generated_datapath,infrastructure,6
8950,_22455_,generated_datapath,infrastructure,6
8951,_22456_,generated_control,infrastructure,5
8952,_22457_,generated_datapath,infrastructure,8
8953,_22458_,unclassified,infrastructure,6
8954,_22459_,generated_datapath,infrastructure,6
8955,_22460_,generated_control,infrastructure,4
8956,_22461_,generated_control,infrastructure,5
8957,_22462_,generated_datapath,infrastructure,6
8958,_22463_,generated_control,infrastructure,5
8959,_22464_,generated_control,infrastructure,4
8960,_22465_,generated_datapath,infrastructure,7
8961,_22466_,unclassified,infrastructure,7
8962,_22467_,generated_datapath,infrastructure,5
8963,_22468_,generated_datapath,infrastructure,5
8964,_22469_,generated_control,infrastructure,5
8965,_22470_,generated_datapath,infrastructure,6
8966,_22471_,generated_control,infrastructure,5
8967,_22472_,generated_datapath,infrastructure,6
8968,_22473_,generated_datapath,infrastructure,6
8969,_22474_,generated_datapath,infrastructure,5
8970,_22475_,unclassified,infrastructure,6
8971,_22476_,generated_datapath,infrastructure,6
8972,_22477_,generated_datapath,infrastructure,5
8973,_22478_,generated_datapath,infrastructure,5
8974,_22479_,generated_control,infrastructure,4
8975,_22480_,generated_datapath,infrastructure,6
8976,_22481_,generated_control,infrastructure,5
8977,_22482_,generated_control,infrastructure,5
8978,_22483_,generated_control,infrastructure,4
8979,_22484_,generated_datapath,infrastructure,7
8980,_22485_,unclassified,infrastructure,6
8981,_22486_,generated_datapath,infrastructure,6
8982,_22487_,generated_datapath,infrastructure,5
8983,_22488_,generated_control,infrastructure,4
8984,_22489_,generated_datapath,infrastructure,6
8985,_22490_,generated_control,infrastructure,5
8986,_22491_,generated_control,infrastructure,4
8987,_22492_,generated_datapath,infrastructure,7
8988,_22493_,unclassified,infrastructure,6
8989,_22494_,generated_datapath,infrastructure,6
8990,_22495_,generated_control,infrastructure,5
8991,_22496_,generated_datapath,infrastructure,5
8992,_22497_,generated_control,infrastructure,4
8993,_22498_,generated_control,infrastructure,4
8994,_22499_,generated_datapath,infrastructure,6
8995,_22500_,generated_control,infrastructure,5
8996,_22501_,generated_control,infrastructure,4
8997,_22502_,generated_datapath,infrastructure,7
8998,_22503_,unclassified,infrastructure,6
8999,_22504_,generated_datapath,infrastructure,6
9000,_22505_,generated_datapath,infrastructure,5
9001,_22506_,generated_control,infrastructure,5
9002,_22507_,generated_datapath,infrastructure,6
9003,_22508_,generated_control,infrastructure,5
9004,_22509_,generated_control,infrastructure,4
9005,_22510_,generated_datapath,infrastructure,7
9006,_22511_,generated_control,infrastructure,5
9007,_22512_,unclassified,infrastructure,6
9008,_22513_,generated_datapath,infrastructure,6
9009,_22514_,generated_datapath,infrastructure,5
9010,_22515_,generated_datapath,infrastructure,5
9011,_22516_,generated_control,infrastructure,4
9012,_22517_,generated_datapath,infrastructure,6
9013,_22518_,generated_control,infrastructure,5
9014,_22519_,generated_control,infrastructure,4
9015,_22520_,generated_datapath,infrastructure,7
9016,_22521_,unclassified,infrastructure,6
9017,_22522_,generated_datapath,infrastructure,6
9018,_22523_,generated_datapath,infrastructure,5
9019,_22524_,generated_control,infrastructure,4
9020,_22525_,generated_datapath,infrastructure,6
9021,_22526_,generated_control,infrastructure,5
9022,_22527_,generated_control,infrastructure,4
9023,_22528_,generated_datapath,infrastructure,7
9024,_22529_,unclassified,infrastructure,6
9025,_22530_,generated_datapath,infrastructure,6
9026,_22531_,generated_control,infrastructure,5
9027,_22532_,generated_datapath,infrastructure,5
9028,_22533_,generated_control,infrastructure,4
9029,_22534_,generated_datapath,infrastructure,5
9030,_22535_,generated_control,infrastructure,5
9031,_22536_,generated_control,infrastructure,4
9032,_22537_,generated_control,infrastructure,4
9033,_22538_,generated_datapath,infrastructure,6
9034,_22539_,generated_datapath,infrastructure,6
9035,_22540_,generated_control,infrastructure,4
9036,_22541_,unclassified,infrastructure,6
9037,_22542_,generated_control,infrastructure,5
9038,_22543_,generated_datapath,infrastructure,5
9039,_22544_,generated_control,infrastructure,4
9040,_22545_,generated_control,infrastructure,5
9041,_22546_,generated_control,infrastructure,4
9042,_22547_,generated_datapath,infrastructure,7
9043,_22548_,unclassified,infrastructure,7
9044,_22549_,generated_datapath,infrastructure,5
9045,_22550_,generated_control,infrastructure,5
9046,_22551_,generated_datapath,infrastructure,5
9047,_22552_,generated_control,infrastructure,4
9048,_22553_,generated_datapath,infrastructure,6
9049,_22554_,generated_control,infrastructure,5
9050,_22555_,generated_control,infrastructure,4
9051,_22556_,generated_control,infrastructure,4
9052,_22557_,unclassified,infrastructure,6
9053,_22558_,generated_datapath,infrastructure,7
9054,_22559_,unclassified,infrastructure,7
9055,_22560_,generated_control,infrastructure,4
9056,_22561_,generated_datapath,infrastructure,6
9057,_22562_,unclassified,infrastructure,7
9058,_22563_,generated_control,infrastructure,4
9059,_22564_,generated_datapath,infrastructure,5
9060,_22565_,generated_datapath,infrastructure,5
9061,_22566_,generated_datapath,infrastructure,7
9062,_22567_,unclassified,infrastructure,6
9063,_22568_,generated_datapath,infrastructure,6
9064,_22569_,generated_datapath,infrastructure,4
9065,_22570_,generated_control,infrastructure,5
9066,_22571_,generated_control,infrastructure,6
9067,_22572_,generated_control,infrastructure,4
9068,_22573_,generated_control,infrastructure,5
9069,_22574_,clock_reset,control,3
9070,_22575_,generated_datapath,infrastructure,5
9071,_22576_,generated_control,infrastructure,4
9072,_22577_,generated_control,infrastructure,5
9073,_22578_,generated_control,infrastructure,5
9074,_22579_,generated_control,infrastructure,4
9075,_22580_,generated_control,infrastructure,4
9076,_22581_,generated_control,infrastructure,4
9077,_22582_,generated_control,infrastructure,6
9078,_22583_,generated_control,infrastructure,4
9079,_22584_,generated_control,infrastructure,4
9080,_22585_,generated_control,infrastructure,4
9081,_22586_,generated_control,infrastructure,6
9082,_22587_,generated_control,infrastructure,4
9083,_22588_,generated_control,infrastructure,5
9084,_22589_,generated_control,infrastructure,6
9085,_22590_,generated_datapath,infrastructure,6
9086,_22591_,generated_control,infrastructure,5
9087,_22592_,generated_control,infrastructure,5
9088,_22593_,generated_control,infrastructure,5
9089,_22594_,generated_control,infrastructure,6
9090,_22595_,generated_control,infrastructure,4
9091,_22596_,generated_control,infrastructure,5
9092,_22597_,generated_control,infrastructure,6
9093,_22598_,generated_control,infrastructure,4
9094,_22599_,generated_control,infrastructure,5
9095,_22600_,generated_control,infrastructure,6
9096,_22601_,generated_datapath,infrastructure,6
9097,_22602_,generated_control,infrastructure,6
9098,_22603_,generated_control,infrastructure,4
9099,_22604_,generated_control,infrastructure,6
9100,_22605_,generated_control,infrastructure,5
9101,_22606_,generated_control,infrastructure,5
9102,_22607_,generated_control,infrastructure,5
9103,_22608_,generated_control,infrastructure,4
9104,_22609_,generated_control,infrastructure,4
9105,_22610_,generated_control,infrastructure,4
9106,_22611_,generated_control,infrastructure,5
9107,_22612_,clock_reset,control,3
9108,_22613_,generated_control,infrastructure,5
9109,_22614_,generated_control,infrastructure,4
9110,_22615_,generated_control,infrastructure,5
9111,_22616_,generated_control,infrastructure,4
9112,_22617_,generated_control,infrastructure,5
9113,_22618_,generated_control,infrastructure,5
9114,_22619_,generated_control,infrastructure,4
9115,_22620_,generated_control,infrastructure,5
9116,_22621_,generated_control,infrastructure,4
9117,_22622_,generated_control,infrastructure,6
9118,_22623_,generated_control,infrastructure,4
9119,_22624_,generated_control,infrastructure,5
9120,_22625_,generated_control,infrastructure,4
9121,_22626_,generated_control,infrastructure,6
9122,_22627_,generated_control,infrastructure,4
9123,_22628_,clock_reset,control,3
9124,_22629_,generated_control,infrastructure,5
9125,_22630_,generated_control,infrastructure,4
9126,_22631_,generated_control,infrastructure,4
9127,_22632_,generated_datapath,infrastructure,5
9128,_22633_,generated_control,infrastructure,5
9129,_22634_,generated_control,infrastructure,4
9130,_22635_,generated_control,infrastructure,4
9131,_22636_,generated_datapath,infrastructure,5
9132,_22637_,generated_control,infrastructure,5
9133,_22638_,generated_datapath,infrastructure,5
9134,_22639_,generated_control,infrastructure,4
9135,_22640_,generated_control,infrastructure,4
9136,_22641_,clock_reset,control,3
9137,_22642_,generated_datapath,infrastructure,5
9138,_22643_,generated_control,infrastructure,4
9139,_22644_,generated_datapath,infrastructure,5
9140,_22645_,generated_control,infrastructure,4
9141,_22646_,generated_datapath,infrastructure,5
9142,_22647_,generated_datapath,infrastructure,5
9143,_22648_,generated_control,infrastructure,4
9144,_22649_,generated_control,infrastructure,4
9145,_22650_,clock_reset,control,3
9146,_22651_,generated_datapath,infrastructure,5
9147,_22652_,generated_control,infrastructure,4
9148,_22653_,generated_datapath,infrastructure,5
9149,_22654_,generated_control,infrastructure,4
9150,_22655_,generated_control,infrastructure,5
9151,_22656_,generated_datapath,infrastructure,5
9152,_22657_,generated_datapath,infrastructure,5
9153,_22658_,generated_control,infrastructure,4
9154,_22659_,generated_datapath,infrastructure,6
9155,_22660_,generated_datapath,infrastructure,5
9156,_22661_,generated_control,infrastructure,5
9157,_22662_,clock_reset,control,3
9158,_22663_,generated_datapath,infrastructure,5
9159,_22664_,generated_control,infrastructure,4
9160,_22665_,generated_datapath,infrastructure,5
9161,_22666_,generated_datapath,infrastructure,5
9162,_22667_,generated_control,infrastructure,5
9163,_22668_,clock_reset,control,3
9164,_22669_,generated_datapath,infrastructure,5
9165,_22670_,generated_control,infrastructure,4
9166,_22671_,generated_control,infrastructure,5
9167,_22672_,generated_datapath,infrastructure,5
9168,_22673_,generated_control,infrastructure,4
9169,_22674_,generated_datapath,infrastructure,5
9170,_22675_,generated_datapath,infrastructure,5
9171,_22676_,generated_control,infrastructure,5
9172,_22677_,generated_datapath,infrastructure,5
9173,_22678_,clock_reset,control,3
9174,_22679_,generated_datapath,infrastructure,5
9175,_22680_,generated_control,infrastructure,4
9176,_22681_,generated_datapath,infrastructure,5
9177,_22682_,generated_control,infrastructure,4
9178,_22683_,generated_datapath,infrastructure,5
9179,_22684_,generated_datapath,infrastructure,5
9180,_22685_,generated_control,infrastructure,4
9181,_22686_,generated_control,infrastructure,4
9182,_22687_,generated_control,infrastructure,4
9183,_22688_,clock_reset,control,3
9184,_22689_,generated_datapath,infrastructure,5
9185,_22690_,generated_control,infrastructure,4
9186,_22691_,generated_datapath,infrastructure,5
9187,_22692_,generated_control,infrastructure,4
9188,_22693_,generated_datapath,infrastructure,5
9189,_22694_,generated_datapath,infrastructure,5
9190,_22695_,generated_control,infrastructure,4
9191,_22696_,generated_control,infrastructure,4
9192,_22697_,clock_reset,control,3
9193,_22698_,generated_datapath,infrastructure,5
9194,_22699_,generated_control,infrastructure,4
9195,_22700_,generated_datapath,infrastructure,5
9196,_22701_,generated_control,infrastructure,4
9197,_22702_,generated_datapath,infrastructure,5
9198,_22703_,generated_datapath,infrastructure,5
9199,_22704_,generated_control,infrastructure,4
9200,_22705_,generated_control,infrastructure,4
9201,_22706_,clock_reset,control,3
9202,_22707_,generated_datapath,infrastructure,5
9203,_22708_,generated_datapath,infrastructure,5
9204,_22709_,generated_control,infrastructure,4
9205,_22710_,generated_datapath,infrastructure,5
9206,_22711_,generated_datapath,infrastructure,5
9207,_22712_,generated_control,infrastructure,4
9208,_22713_,generated_datapath,infrastructure,5
9209,_22714_,generated_datapath,infrastructure,5
9210,_22715_,generated_datapath,infrastructure,5
9211,_22716_,generated_control,infrastructure,4
9212,_22717_,clock_reset,control,3
9213,_22718_,unclassified,infrastructure,6
9214,_22719_,generated_control,infrastructure,4
9215,_22720_,generated_datapath,infrastructure,5
9216,_22721_,generated_control,infrastructure,4
9217,_22722_,generated_datapath,infrastructure,5
9218,_22723_,generated_datapath,infrastructure,5
9219,_22724_,generated_control,infrastructure,5
9220,_22725_,clock_reset,control,3
9221,_22726_,generated_datapath,infrastructure,5
9222,_22727_,generated_control,infrastructure,4
9223,_22728_,generated_datapath,infrastructure,5
9224,_22729_,generated_control,infrastructure,4
9225,_22730_,generated_datapath,infrastructure,5
9226,_22731_,generated_datapath,infrastructure,5
9227,_22732_,generated_control,infrastructure,4
9228,_22733_,generated_datapath,infrastructure,5
9229,_22734_,generated_control,infrastructure,4
9230,_22735_,clock_reset,control,3
9231,_22736_,generated_datapath,infrastructure,5
9232,_22737_,generated_datapath,infrastructure,5
9233,_22738_,generated_control,infrastructure,4
9234,_22739_,generated_datapath,infrastructure,5
9235,_22740_,generated_control,infrastructure,4
9236,_22741_,generated_datapath,infrastructure,5
9237,_22742_,generated_datapath,infrastructure,5
9238,_22743_,generated_control,infrastructure,4
9239,_22744_,generated_control,infrastructure,5
9240,_22745_,generated_control,infrastructure,6
9241,_22746_,generated_control,infrastructure,4
9242,_22747_,generated_datapath,infrastructure,5
9243,_22748_,generated_control,infrastructure,5
9244,_22749_,generated_control,infrastructure,4
9245,_22750_,generated_control,infrastructure,5
9246,_22751_,generated_control,infrastructure,5
9247,_22752_,generated_control,infrastructure,4
9248,_22753_,generated_control,infrastructure,4
9249,_22754_,generated_datapath,infrastructure,5
9250,_22755_,generated_datapath,infrastructure,5
9251,_22756_,generated_datapath,infrastructure,5
9252,_22757_,clock_reset,control,3
9253,_22758_,generated_control,infrastructure,5
9254,_22759_,generated_control,infrastructure,5
9255,_22760_,generated_control,infrastructure,4
9256,_22761_,generated_datapath,infrastructure,5
9257,_22762_,generated_control,infrastructure,4
9258,_22763_,generated_datapath,infrastructure,5
9259,_22764_,generated_datapath,infrastructure,5
9260,_22765_,generated_control,infrastructure,4
9261,_22766_,generated_control,infrastructure,4
9262,_22767_,generated_control,infrastructure,4
9263,_22768_,generated_datapath,infrastructure,6
9264,_22769_,clock_reset,control,3
9265,_22770_,generated_control,infrastructure,4
9266,_22771_,generated_control,infrastructure,4
9267,_22772_,generated_datapath,infrastructure,5
9268,_22773_,generated_control,infrastructure,4
9269,_22774_,generated_datapath,infrastructure,5
9270,_22775_,generated_datapath,infrastructure,5
9271,_22776_,generated_control,infrastructure,5
9272,_22777_,generated_control,infrastructure,5
9273,_22778_,clock_reset,control,3
9274,_22779_,generated_datapath,infrastructure,5
9275,_22780_,generated_datapath,infrastructure,5
9276,_22781_,generated_datapath,infrastructure,5
9277,_22782_,generated_control,infrastructure,4
9278,_22783_,generated_datapath,infrastructure,5
9279,_22784_,generated_datapath,infrastructure,5
9280,_22785_,generated_datapath,infrastructure,6
9281,_22786_,generated_control,infrastructure,4
9282,_22787_,generated_control,infrastructure,5
9283,_22788_,generated_control,infrastructure,4
9284,_22789_,generated_control,infrastructure,4
9285,_22790_,generated_control,infrastructure,4
9286,_22791_,generated_control,infrastructure,5
9287,_22792_,generated_control,infrastructure,4
9288,_22793_,generated_datapath,infrastructure,5
9289,_22794_,generated_datapath,infrastructure,5
9290,_22795_,generated_control,infrastructure,4
9291,_22796_,generated_control,infrastructure,4
9292,_22797_,generated_datapath,infrastructure,5
9293,_22798_,generated_datapath,infrastructure,5
9294,_22799_,generated_control,infrastructure,5
9295,_22800_,clock_reset,control,3
9296,_22801_,generated_datapath,infrastructure,5
9297,_22802_,generated_control,infrastructure,4
9298,_22803_,generated_datapath,infrastructure,5
9299,_22804_,generated_control,infrastructure,4
9300,_22805_,generated_datapath,infrastructure,5
9301,_22806_,generated_datapath,infrastructure,5
9302,_22807_,generated_control,infrastructure,5
9303,_22808_,clock_reset,control,3
9304,_22809_,generated_datapath,infrastructure,5
9305,_22810_,generated_control,infrastructure,5
9306,_22811_,generated_control,infrastructure,4
9307,_22812_,generated_datapath,infrastructure,5
9308,_22813_,generated_control,infrastructure,4
9309,_22814_,generated_datapath,infrastructure,5
9310,_22815_,generated_control,infrastructure,4
9311,_22816_,generated_datapath,infrastructure,5
9312,_22817_,generated_control,infrastructure,4
9313,_22818_,clock_reset,control,3
9314,_22819_,unclassified,infrastructure,6
9315,_22820_,generated_control,infrastructure,4
9316,_22821_,generated_datapath,infrastructure,5
9317,_22822_,generated_control,infrastructure,4
9318,_22823_,generated_datapath,infrastructure,5
9319,_22824_,generated_datapath,infrastructure,5
9320,_22825_,generated_control,infrastructure,4
9321,_22826_,generated_control,infrastructure,5
9322,_22827_,generated_control,infrastructure,5
9323,_22828_,generated_control,infrastructure,4
9324,_22829_,generated_control,infrastructure,5
9325,_22830_,generated_control,infrastructure,5
9326,_22831_,generated_control,infrastructure,4
9327,_22832_,generated_control,infrastructure,4
9328,_22833_,generated_datapath,infrastructure,5
9329,_22834_,generated_control,infrastructure,4
9330,_22835_,generated_control,infrastructure,5
9331,_22836_,generated_datapath,infrastructure,5
9332,_22837_,generated_datapath,infrastructure,5
9333,_22838_,generated_control,infrastructure,4
9334,_22839_,generated_datapath,infrastructure,5
9335,_22840_,generated_control,infrastructure,4
9336,_22841_,generated_control,infrastructure,5
9337,_22842_,generated_control,infrastructure,5
9338,_22843_,generated_control,infrastructure,4
9339,_22844_,generated_datapath,infrastructure,5
9340,_22845_,generated_datapath,infrastructure,5
9341,_22846_,generated_control,infrastructure,4
9342,_22847_,generated_control,infrastructure,4
9343,_22848_,generated_control,infrastructure,4
9344,_22849_,clock_reset,control,3
9345,_22850_,generated_control,infrastructure,4
9346,_22851_,generated_control,infrastructure,5
9347,_22852_,generated_control,infrastructure,4
9348,_22853_,generated_datapath,infrastructure,5
9349,_22854_,generated_control,infrastructure,4
9350,_22855_,generated_datapath,infrastructure,5
9351,_22856_,generated_datapath,infrastructure,5
9352,_22857_,generated_control,infrastructure,4
9353,_22858_,generated_control,infrastructure,5
9354,_22859_,generated_control,infrastructure,5
9355,_22860_,generated_control,infrastructure,4
9356,_22861_,generated_control,infrastructure,5
9357,_22862_,generated_control,infrastructure,6
9358,_22863_,generated_control,infrastructure,4
9359,_22864_,generated_datapath,infrastructure,5
9360,_22865_,generated_control,infrastructure,4
9361,_22866_,clock_reset,control,3
9362,_22867_,unclassified,infrastructure,6
9363,_22868_,generated_control,infrastructure,4
9364,_22869_,generated_datapath,infrastructure,5
9365,_22870_,generated_control,infrastructure,5
9366,_22871_,generated_datapath,infrastructure,5
9367,_22872_,generated_control,infrastructure,5
9368,_22873_,clock_reset,control,3
9369,_22874_,generated_datapath,infrastructure,5
9370,_22875_,generated_control,infrastructure,4
9371,_22876_,generated_datapath,infrastructure,5
9372,_22877_,generated_control,infrastructure,4
9373,_22878_,generated_datapath,infrastructure,5
9374,_22879_,generated_datapath,infrastructure,5
9375,_22880_,generated_datapath,infrastructure,6
9376,_22881_,generated_datapath,infrastructure,5
9377,_22882_,generated_datapath,infrastructure,5
9378,_22883_,generated_control,infrastructure,4
9379,_22884_,generated_datapath,infrastructure,5
9380,_22885_,generated_datapath,infrastructure,5
9381,_22886_,generated_control,infrastructure,5
9382,_22887_,generated_datapath,infrastructure,5
9383,_22888_,generated_control,infrastructure,4
9384,_22889_,generated_control,infrastructure,4
9385,_22890_,generated_control,infrastructure,5
9386,_22891_,clock_reset,control,3
9387,_22892_,generated_datapath,infrastructure,5
9388,_22893_,generated_control,infrastructure,4
9389,_22894_,generated_datapath,infrastructure,5
9390,_22895_,generated_control,infrastructure,4
9391,_22896_,generated_datapath,infrastructure,5
9392,_22897_,generated_datapath,infrastructure,5
9393,_22898_,generated_datapath,infrastructure,5
9394,_22899_,clock_reset,control,3
9395,_22900_,generated_control,infrastructure,5
9396,_22901_,generated_control,infrastructure,4
9397,_22902_,generated_datapath,infrastructure,5
9398,_22903_,generated_control,infrastructure,5
9399,_22904_,generated_control,infrastructure,4
9400,_22905_,generated_datapath,infrastructure,5
9401,_22906_,generated_datapath,infrastructure,5
9402,_22907_,generated_control,infrastructure,4
9403,_22908_,generated_control,infrastructure,4
9404,_22909_,generated_datapath,infrastructure,5
9405,_22910_,generated_control,infrastructure,4
9406,_22911_,generated_datapath,infrastructure,5
9407,_22912_,generated_datapath,infrastructure,5
9408,_22913_,generated_datapath,infrastructure,5
9409,_22914_,generated_datapath,infrastructure,5
9410,_22915_,generated_control,infrastructure,4
9411,_22916_,generated_control,infrastructure,4
9412,_22917_,generated_control,infrastructure,4
9413,_22918_,generated_datapath,infrastructure,5
9414,_22919_,generated_control,infrastructure,4
9415,_22920_,generated_control,infrastructure,5
9416,_22921_,generated_control,infrastructure,5
9417,_22922_,generated_control,infrastructure,5
9418,_22923_,generated_control,infrastructure,4
9419,_22924_,generated_control,infrastructure,4
9420,_22925_,generated_datapath,infrastructure,5
9421,_22926_,generated_control,infrastructure,4
9422,_22927_,generated_control,infrastructure,4
9423,_22928_,generated_datapath,infrastructure,5
9424,_22929_,generated_datapath,infrastructure,5
9425,_22930_,generated_control,infrastructure,5
9426,_22931_,generated_datapath,infrastructure,6
9427,_22932_,generated_control,infrastructure,4
9428,_22933_,generated_control,infrastructure,5
9429,_22934_,generated_control,infrastructure,5
9430,_22935_,generated_control,infrastructure,4
9431,_22936_,generated_control,infrastructure,5
9432,_22937_,generated_control,infrastructure,4
9433,_22938_,generated_control,infrastructure,6
9434,_22939_,generated_control,infrastructure,4
9435,_22940_,generated_control,infrastructure,4
9436,_22941_,generated_datapath,infrastructure,5
9437,_22942_,generated_control,infrastructure,5
9438,_22943_,generated_datapath,infrastructure,5
9439,_22944_,generated_datapath,infrastructure,5
9440,_22945_,generated_control,infrastructure,5
9441,_22946_,generated_control,infrastructure,4
9442,_22947_,generated_datapath,infrastructure,5
9443,_22948_,generated_datapath,infrastructure,5
9444,_22949_,generated_datapath,infrastructure,5
9445,_22950_,generated_control,infrastructure,4
9446,_22951_,generated_datapath,infrastructure,5
9447,_22952_,generated_datapath,infrastructure,5
9448,_22953_,generated_datapath,infrastructure,5
9449,_22954_,generated_control,infrastructure,4
9450,_22955_,generated_datapath,infrastructure,5
9451,_22956_,generated_datapath,infrastructure,5
9452,_22957_,generated_datapath,infrastructure,5
9453,_22958_,generated_control,infrastructure,5
9454,_22959_,generated_control,infrastructure,4
9455,_22960_,generated_datapath,infrastructure,5
9456,_22961_,generated_datapath,infrastructure,5
9457,_22962_,generated_datapath,infrastructure,5
9458,_22963_,generated_control,infrastructure,4
9459,_22964_,generated_datapath,infrastructure,5
9460,_22965_,generated_datapath,infrastructure,5
9461,_22966_,generated_datapath,infrastructure,5
9462,_22967_,generated_datapath,infrastructure,6
9463,_22968_,generated_control,infrastructure,4
9464,_22969_,generated_datapath,infrastructure,5
9465,_22970_,generated_datapath,infrastructure,5
9466,_22971_,generated_datapath,infrastructure,5
9467,_22972_,generated_datapath,infrastructure,5
9468,_22973_,generated_control,infrastructure,4
9469,_22974_,generated_datapath,infrastructure,5
9470,_22975_,generated_datapath,infrastructure,5
9471,_22976_,generated_control,infrastructure,5
9472,_22977_,generated_datapath,infrastructure,5
9473,_22978_,generated_control,infrastructure,4
9474,_22979_,generated_datapath,infrastructure,5
9475,_22980_,generated_datapath,infrastructure,5
9476,_22981_,generated_datapath,infrastructure,5
9477,_22982_,generated_datapath,infrastructure,5
9478,_22983_,generated_datapath,infrastructure,5
9479,_22984_,generated_datapath,infrastructure,5
9480,_22985_,generated_datapath,infrastructure,5
9481,_22986_,generated_control,infrastructure,5
9482,_22987_,generated_control,infrastructure,4
9483,_22988_,generated_control,infrastructure,4
9484,_22989_,generated_control,infrastructure,5
9485,_22990_,generated_datapath,infrastructure,5
9486,_22991_,generated_control,infrastructure,5
9487,_22992_,generated_datapath,infrastructure,5
9488,_22993_,generated_datapath,infrastructure,5
9489,_22994_,generated_control,infrastructure,5
9490,_22995_,generated_control,infrastructure,4
9491,_22996_,generated_control,infrastructure,5
9492,_22997_,generated_control,infrastructure,5
9493,_22998_,generated_datapath,infrastructure,5
9494,_22999_,generated_datapath,infrastructure,5
9495,_23000_,generated_control,infrastructure,6
9496,_23001_,generated_datapath,infrastructure,5
9497,_23002_,generated_datapath,infrastructure,5
9498,_23003_,generated_control,infrastructure,4
9499,_23004_,generated_control,infrastructure,4
9500,_23005_,generated_datapath,infrastructure,5
9501,_23006_,generated_control,infrastructure,6
9502,_23007_,generated_datapath,infrastructure,5
9503,_23008_,generated_datapath,infrastructure,5
9504,_23009_,generated_control,infrastructure,5
9505,_23010_,generated_control,infrastructure,4
9506,_23011_,generated_datapath,infrastructure,5
9507,_23012_,generated_datapath,infrastructure,5
9508,_23013_,generated_datapath,infrastructure,5
9509,_23014_,generated_datapath,infrastructure,6
9510,_23015_,generated_control,infrastructure,4
9511,_23016_,generated_datapath,infrastructure,5
9512,_23017_,generated_datapath,infrastructure,5
9513,_23018_,generated_datapath,infrastructure,5
9514,_23019_,generated_control,infrastructure,4
9515,_23020_,generated_datapath,infrastructure,5
9516,_23021_,generated_datapath,infrastructure,5
9517,_23022_,generated_datapath,infrastructure,5
9518,_23023_,generated_control,infrastructure,4
9519,_23024_,generated_datapath,infrastructure,5
9520,_23025_,generated_control,infrastructure,4
9521,_23026_,generated_datapath,infrastructure,5
9522,_23027_,generated_datapath,infrastructure,5
9523,_23028_,generated_control,infrastructure,5
9524,_23029_,generated_control,infrastructure,4
9525,_23030_,generated_control,infrastructure,4
9526,_23031_,generated_control,infrastructure,5
9527,_23032_,generated_control,infrastructure,4
9528,_23033_,generated_control,infrastructure,4
9529,_23034_,generated_control,infrastructure,4
9530,_23035_,generated_control,infrastructure,4
9531,_23036_,generated_datapath,infrastructure,5
9532,_23037_,generated_control,infrastructure,6
9533,_23038_,generated_control,infrastructure,4
9534,_23039_,generated_datapath,infrastructure,5
9535,_23040_,generated_datapath,infrastructure,5
9536,_23041_,generated_datapath,infrastructure,5
9537,_23042_,generated_datapath,infrastructure,5
9538,_23043_,generated_datapath,infrastructure,5
9539,_23044_,generated_control,infrastructure,4
9540,_23045_,generated_datapath,infrastructure,5
9541,_23046_,generated_control,infrastructure,6
9542,_23047_,generated_control,infrastructure,4
9543,_23048_,generated_control,infrastructure,5
9544,_23049_,csr,control,6
9545,_23050_,generated_control,infrastructure,5
9546,_23051_,generated_datapath,infrastructure,5
9547,_23052_,generated_datapath,infrastructure,6
9548,_23053_,generated_control,infrastructure,4
9549,_23054_,generated_datapath,infrastructure,5
9550,_23055_,generated_control,infrastructure,4
9551,_23056_,generated_datapath,infrastructure,5
9552,_23057_,generated_datapath,infrastructure,5
9553,_23058_,generated_datapath,infrastructure,5
9554,_23059_,generated_control,infrastructure,4
9555,_23060_,generated_datapath,infrastructure,5
9556,_23061_,generated_datapath,infrastructure,5
9557,_23062_,generated_control,infrastructure,5
9558,_23063_,generated_control,infrastructure,5
9559,_23064_,generated_control,infrastructure,5
9560,_23065_,clock_reset,control,3
9561,_23066_,generated_control,infrastructure,5
9562,_23067_,generated_datapath,infrastructure,5
9563,_23068_,generated_datapath,infrastructure,5
9564,_23069_,generated_datapath,infrastructure,5
9565,_23070_,generated_control,infrastructure,4
9566,_23071_,generated_datapath,infrastructure,5
9567,_23072_,generated_datapath,infrastructure,5
9568,_23073_,generated_datapath,infrastructure,5
9569,_23074_,generated_datapath,infrastructure,6
9570,_23075_,generated_control,infrastructure,4
9571,_23076_,generated_datapath,infrastructure,5
9572,_23077_,generated_control,infrastructure,4
9573,_23078_,generated_datapath,infrastructure,5
9574,_23079_,generated_datapath,infrastructure,5
9575,_23080_,generated_datapath,infrastructure,5
9576,_23081_,generated_datapath,infrastructure,5
9577,_23082_,generated_datapath,infrastructure,5
9578,_23083_,generated_datapath,infrastructure,5
9579,_23084_,generated_control,infrastructure,4
9580,_23085_,generated_control,infrastructure,6
9581,_23086_,generated_control,infrastructure,4
9582,_23087_,generated_control,infrastructure,4
9583,_23088_,generated_control,infrastructure,6
9584,_23089_,generated_datapath,infrastructure,5
9585,_23090_,generated_datapath,infrastructure,5
9586,_23091_,generated_datapath,infrastructure,5
9587,_23092_,generated_control,infrastructure,4
9588,_23093_,generated_datapath,infrastructure,5
9589,_23094_,generated_datapath,infrastructure,5
9590,_23095_,generated_datapath,infrastructure,5
9591,_23096_,generated_control,infrastructure,4
9592,_23097_,generated_datapath,infrastructure,5
9593,_23098_,generated_control,infrastructure,6
9594,_23099_,generated_control,infrastructure,5
9595,_23100_,generated_control,infrastructure,6
9596,_23101_,generated_control,infrastructure,4
9597,_23102_,generated_datapath,infrastructure,5
9598,_23103_,generated_datapath,infrastructure,5
9599,_23104_,generated_datapath,infrastructure,5
9600,_23105_,generated_datapath,infrastructure,5
9601,_23106_,generated_datapath,infrastructure,5
9602,_23107_,generated_control,infrastructure,4
9603,_23108_,generated_datapath,infrastructure,5
9604,_23109_,generated_datapath,infrastructure,5
9605,_23110_,generated_datapath,infrastructure,5
9606,_23111_,generated_control,infrastructure,4
9607,_23112_,generated_control,infrastructure,4
9608,_23113_,generated_datapath,infrastructure,5
9609,_23114_,generated_datapath,infrastructure,5
9610,_23115_,generated_datapath,infrastructure,5
9611,_23116_,generated_control,infrastructure,5
9612,_23117_,generated_datapath,infrastructure,5
9613,_23118_,generated_datapath,infrastructure,5
9614,_23119_,generated_control,infrastructure,5
9615,_23120_,generated_datapath,infrastructure,6
9616,_23121_,generated_control,infrastructure,6
9617,_23122_,generated_control,infrastructure,6
9618,_23123_,generated_control,infrastructure,4
9619,_23124_,generated_control,infrastructure,4
9620,_23125_,generated_control,infrastructure,6
9621,_23126_,generated_control,infrastructure,6
9622,_23127_,generated_control,infrastructure,6
9623,_23128_,generated_control,infrastructure,4
9624,_23129_,generated_control,infrastructure,4
9625,_23130_,generated_control,infrastructure,6
9626,_23131_,generated_control,infrastructure,4
9627,_23132_,generated_control,infrastructure,4
9628,_23133_,generated_control,infrastructure,5
9629,_23134_,generated_control,infrastructure,5
9630,_23135_,generated_control,infrastructure,5
9631,_23136_,generated_control,infrastructure,4
9632,_23137_,generated_control,infrastructure,5
9633,_23138_,generated_control,infrastructure,5
9634,_23139_,generated_control,infrastructure,4
9635,_23140_,generated_control,infrastructure,6
9636,_23141_,generated_control,infrastructure,4
9637,_23142_,generated_control,infrastructure,4
9638,_23143_,generated_control,infrastructure,5
9639,_23144_,generated_control,infrastructure,5
9640,_23145_,generated_control,infrastructure,4
9641,_23146_,generated_control,infrastructure,4
9642,_23147_,generated_control,infrastructure,4
9643,_23148_,generated_control,infrastructure,5
9644,_23149_,generated_control,infrastructure,5
9645,_23150_,generated_control,infrastructure,4
9646,_23151_,generated_control,infrastructure,4
9647,_23152_,generated_datapath,infrastructure,5
9648,_23153_,generated_control,infrastructure,5
9649,_23154_,generated_control,infrastructure,4
9650,_23155_,generated_control,infrastructure,4
9651,_23156_,generated_datapath,infrastructure,5
9652,_23157_,generated_datapath,infrastructure,5
9653,_23158_,generated_control,infrastructure,4
9654,_23159_,generated_control,infrastructure,5
9655,_23160_,generated_datapath,infrastructure,5
9656,_23161_,generated_control,infrastructure,4
9657,_23162_,generated_datapath,infrastructure,5
9658,_23163_,generated_datapath,infrastructure,5
9659,_23164_,generated_control,infrastructure,4
9660,_23165_,generated_datapath,infrastructure,6
9661,_23166_,generated_datapath,infrastructure,5
9662,_23167_,generated_control,infrastructure,4
9663,_23168_,generated_datapath,infrastructure,5
9664,_23169_,generated_datapath,infrastructure,5
9665,_23170_,generated_control,infrastructure,4
9666,_23171_,generated_datapath,infrastructure,5
9667,_23172_,generated_control,infrastructure,5
9668,_23173_,generated_control,infrastructure,4
9669,_23174_,generated_datapath,infrastructure,5
9670,_23175_,generated_datapath,infrastructure,5
9671,_23176_,generated_control,infrastructure,4
9672,_23177_,generated_datapath,infrastructure,5
9673,_23178_,generated_control,infrastructure,4
9674,_23179_,generated_datapath,infrastructure,5
9675,_23180_,generated_datapath,infrastructure,5
9676,_23181_,generated_control,infrastructure,4
9677,_23182_,generated_datapath,infrastructure,5
9678,_23183_,generated_datapath,infrastructure,6
9679,_23184_,generated_control,infrastructure,4
9680,_23185_,generated_datapath,infrastructure,5
9681,_23186_,generated_datapath,infrastructure,5
9682,_23187_,generated_datapath,infrastructure,5
9683,_23188_,generated_datapath,infrastructure,5
9684,_23189_,generated_control,infrastructure,4
9685,_23190_,generated_control,infrastructure,4
9686,_23191_,generated_datapath,infrastructure,5
9687,_23192_,generated_datapath,infrastructure,6
9688,_23193_,generated_control,infrastructure,4
9689,_23194_,generated_control,infrastructure,5
9690,_23195_,generated_control,infrastructure,6
9691,_23196_,generated_control,infrastructure,4
9692,_23197_,generated_datapath,infrastructure,5
9693,_23198_,generated_control,infrastructure,4
9694,_23199_,generated_control,infrastructure,4
9695,_23200_,generated_control,infrastructure,4
9696,_23201_,generated_control,infrastructure,4
9697,_23202_,generated_datapath,infrastructure,5
9698,_23203_,generated_control,infrastructure,4
9699,_23204_,generated_datapath,infrastructure,5
9700,_23205_,generated_control,infrastructure,4
9701,_23206_,generated_datapath,infrastructure,5
9702,_23207_,generated_datapath,infrastructure,5
9703,_23208_,generated_control,infrastructure,5
9704,_23209_,generated_control,infrastructure,4
9705,_23210_,generated_control,infrastructure,4
9706,_23211_,generated_datapath,infrastructure,5
9707,_23212_,generated_control,infrastructure,4
9708,_23213_,generated_datapath,infrastructure,5
9709,_23214_,generated_datapath,infrastructure,5
9710,_23215_,generated_control,infrastructure,4
9711,_23216_,generated_datapath,infrastructure,5
9712,_23217_,generated_control,infrastructure,4
9713,_23218_,generated_datapath,infrastructure,5
9714,_23219_,generated_datapath,infrastructure,5
9715,_23220_,generated_datapath,infrastructure,5
9716,_23221_,generated_control,infrastructure,4
9717,_23222_,generated_datapath,infrastructure,5
9718,_23223_,generated_control,infrastructure,5
9719,_23224_,generated_datapath,infrastructure,6
9720,_23225_,generated_control,infrastructure,4
9721,_23226_,generated_control,infrastructure,4
9722,_23227_,generated_control,infrastructure,4
9723,_23228_,generated_control,infrastructure,4
9724,_23229_,generated_datapath,infrastructure,5
9725,_23230_,generated_control,infrastructure,5
9726,_23231_,generated_control,infrastructure,4
9727,_23232_,generated_datapath,infrastructure,5
9728,_23233_,generated_datapath,infrastructure,5
9729,_23234_,generated_control,infrastructure,4
9730,_23235_,generated_control,infrastructure,5
9731,_23236_,generated_control,infrastructure,6
9732,_23237_,generated_control,infrastructure,4
9733,_23238_,generated_datapath,infrastructure,5
9734,_23239_,generated_control,infrastructure,4
9735,_23240_,generated_control,infrastructure,4
9736,_23241_,generated_control,infrastructure,4
9737,_23242_,generated_control,infrastructure,4
9738,_23243_,generated_datapath,infrastructure,5
9739,_23244_,generated_control,infrastructure,4
9740,_23245_,generated_datapath,infrastructure,5
9741,_23246_,generated_control,infrastructure,4
9742,_23247_,generated_control,infrastructure,5
9743,_23248_,generated_datapath,infrastructure,5
9744,_23249_,generated_datapath,infrastructure,5
9745,_23250_,generated_control,infrastructure,4
9746,_23251_,generated_datapath,infrastructure,5
9747,_23252_,generated_control,infrastructure,4
9748,_23253_,generated_datapath,infrastructure,5
9749,_23254_,generated_datapath,infrastructure,5
9750,_23255_,generated_control,infrastructure,4
9751,_23256_,generated_datapath,infrastructure,5
9752,_23257_,generated_control,infrastructure,4
9753,_23258_,generated_datapath,infrastructure,5
9754,_23259_,generated_datapath,infrastructure,5
9755,_23260_,generated_control,infrastructure,4
9756,_23261_,generated_control,infrastructure,5
9757,_23262_,generated_datapath,infrastructure,5
9758,_23263_,generated_control,infrastructure,4
9759,_23264_,generated_datapath,infrastructure,5
9760,_23265_,generated_datapath,infrastructure,5
9761,_23266_,generated_control,infrastructure,4
9762,_23267_,generated_datapath,infrastructure,5
9763,_23268_,generated_control,infrastructure,4
9764,_23269_,generated_datapath,infrastructure,5
9765,_23270_,generated_datapath,infrastructure,5
9766,_23271_,generated_datapath,infrastructure,6
9767,_23272_,generated_datapath,infrastructure,5
9768,_23273_,generated_control,infrastructure,4
9769,_23274_,generated_datapath,infrastructure,5
9770,_23275_,generated_datapath,infrastructure,6
9771,_23276_,generated_control,infrastructure,4
9772,_23277_,generated_datapath,infrastructure,5
9773,_23278_,generated_control,infrastructure,5
9774,_23279_,generated_control,infrastructure,6
9775,_23280_,generated_control,infrastructure,4
9776,_23281_,generated_datapath,infrastructure,5
9777,_23282_,generated_control,infrastructure,4
9778,_23283_,generated_control,infrastructure,5
9779,_23284_,generated_datapath,infrastructure,6
9780,_23285_,generated_datapath,infrastructure,5
9781,_23286_,generated_control,infrastructure,4
9782,_23287_,generated_datapath,infrastructure,5
9783,_23288_,generated_datapath,infrastructure,5
9784,_23289_,generated_datapath,infrastructure,5
9785,_23290_,generated_control,infrastructure,4
9786,_23291_,generated_datapath,infrastructure,5
9787,_23292_,generated_control,infrastructure,4
9788,_23293_,generated_datapath,infrastructure,5
9789,_23294_,generated_datapath,infrastructure,5
9790,_23295_,generated_control,infrastructure,5
9791,_23296_,generated_control,infrastructure,4
9792,_23297_,generated_control,infrastructure,4
9793,_23298_,generated_datapath,infrastructure,5
9794,_23299_,generated_control,infrastructure,4
9795,_23300_,generated_datapath,infrastructure,5
9796,_23301_,generated_datapath,infrastructure,5
9797,_23302_,generated_datapath,infrastructure,5
9798,_23303_,generated_control,infrastructure,4
9799,_23304_,generated_datapath,infrastructure,5
9800,_23305_,generated_datapath,infrastructure,6
9801,_23306_,generated_control,infrastructure,4
9802,_23307_,generated_control,infrastructure,5
9803,_23308_,generated_control,infrastructure,4
9804,_23309_,generated_control,infrastructure,4
9805,_23310_,generated_control,infrastructure,4
9806,_23311_,generated_control,infrastructure,5
9807,_23312_,generated_control,infrastructure,4
9808,_23313_,generated_control,infrastructure,5
9809,_23314_,generated_control,infrastructure,4
9810,_23315_,generated_datapath,infrastructure,5
9811,_23316_,generated_control,infrastructure,5
9812,_23317_,generated_control,infrastructure,4
9813,_23318_,generated_datapath,infrastructure,5
9814,_23319_,generated_datapath,infrastructure,5
9815,_23320_,generated_control,infrastructure,4
9816,_23321_,generated_datapath,infrastructure,5
9817,_23322_,generated_control,infrastructure,4
9818,_23323_,generated_datapath,infrastructure,5
9819,_23324_,generated_datapath,infrastructure,5
9820,_23325_,generated_control,infrastructure,4
9821,_23326_,generated_datapath,infrastructure,5
9822,_23327_,generated_control,infrastructure,4
9823,_23328_,generated_datapath,infrastructure,5
9824,_23329_,generated_datapath,infrastructure,5
9825,_23330_,generated_control,infrastructure,4
9826,_23331_,generated_datapath,infrastructure,5
9827,_23332_,generated_control,infrastructure,4
9828,_23333_,generated_datapath,infrastructure,5
9829,_23334_,generated_control,infrastructure,5
9830,_23335_,generated_datapath,infrastructure,5
9831,_23336_,generated_control,infrastructure,4
9832,_23337_,generated_datapath,infrastructure,5
9833,_23338_,generated_control,infrastructure,4
9834,_23339_,generated_datapath,infrastructure,5
9835,_23340_,generated_datapath,infrastructure,5
9836,_23341_,generated_datapath,infrastructure,5
9837,_23342_,generated_datapath,infrastructure,5
9838,_23343_,generated_datapath,infrastructure,6
9839,_23344_,generated_datapath,infrastructure,5
9840,_23345_,generated_control,infrastructure,4
9841,_23346_,generated_datapath,infrastructure,5
9842,_23347_,generated_control,infrastructure,5
9843,_23348_,generated_datapath,infrastructure,5
9844,_23349_,generated_datapath,infrastructure,5
9845,_23350_,generated_control,infrastructure,4
9846,_23351_,generated_datapath,infrastructure,5
9847,_23352_,generated_datapath,infrastructure,5
9848,_23353_,generated_datapath,infrastructure,5
9849,_23354_,generated_control,infrastructure,4
9850,_23355_,generated_datapath,infrastructure,5
9851,_23356_,generated_datapath,infrastructure,5
9852,_23357_,generated_datapath,infrastructure,6
9853,_23358_,generated_datapath,infrastructure,5
9854,_23359_,generated_control,infrastructure,4
9855,_23360_,generated_datapath,infrastructure,5
9856,_23361_,generated_datapath,infrastructure,5
9857,_23362_,generated_datapath,infrastructure,5
9858,_23363_,generated_control,infrastructure,4
9859,_23364_,generated_control,infrastructure,4
9860,_23365_,generated_datapath,infrastructure,5
9861,_23366_,generated_control,infrastructure,5
9862,_23367_,generated_control,infrastructure,4
9863,_23368_,generated_datapath,infrastructure,5
9864,_23369_,generated_control,infrastructure,5
9865,_23370_,generated_control,infrastructure,5
9866,_23371_,generated_control,infrastructure,4
9867,_23372_,generated_control,infrastructure,4
9868,_23373_,generated_control,infrastructure,4
9869,_23374_,generated_control,infrastructure,4
9870,_23375_,generated_control,infrastructure,5
9871,_23376_,generated_control,infrastructure,6
9872,_23377_,generated_datapath,infrastructure,5
9873,_23378_,generated_control,infrastructure,4
9874,_23379_,generated_datapath,infrastructure,5
9875,_23380_,generated_datapath,infrastructure,6
9876,_23381_,generated_datapath,infrastructure,5
9877,_23382_,generated_control,infrastructure,4
9878,_23383_,generated_datapath,infrastructure,5
9879,_23384_,generated_datapath,infrastructure,5
9880,_23385_,generated_control,infrastructure,5
9881,_23386_,generated_datapath,infrastructure,5
9882,_23387_,generated_control,infrastructure,4
9883,_23388_,generated_datapath,infrastructure,5
9884,_23389_,generated_datapath,infrastructure,5
9885,_23390_,generated_datapath,infrastructure,5
9886,_23391_,generated_control,infrastructure,4
9887,_23392_,generated_datapath,infrastructure,5
9888,_23393_,generated_datapath,infrastructure,5
9889,_23394_,generated_control,infrastructure,4
9890,_23395_,generated_control,infrastructure,4
9891,_23396_,generated_control,infrastructure,4
9892,_23397_,generated_datapath,infrastructure,5
9893,_23398_,generated_datapath,infrastructure,5
9894,_23399_,generated_control,infrastructure,4
9895,_23400_,generated_control,infrastructure,5
9896,_23401_,generated_control,infrastructure,5
9897,_23402_,generated_datapath,infrastructure,5
9898,_23403_,generated_control,infrastructure,4
9899,_23404_,generated_datapath,infrastructure,5
9900,_23405_,generated_datapath,infrastructure,6
9901,_23406_,generated_datapath,infrastructure,6
9902,_23407_,generated_datapath,infrastructure,5
9903,_23408_,generated_control,infrastructure,4
9904,_23409_,generated_datapath,infrastructure,5
9905,_23410_,generated_datapath,infrastructure,5
9906,_23411_,generated_datapath,infrastructure,5
9907,_23412_,generated_control,infrastructure,4
9908,_23413_,generated_datapath,infrastructure,5
9909,_23414_,generated_datapath,infrastructure,5
9910,_23415_,generated_datapath,infrastructure,5
9911,_23416_,generated_control,infrastructure,4
9912,_23417_,generated_datapath,infrastructure,5
9913,_23418_,generated_control,infrastructure,5
9914,_23419_,generated_datapath,infrastructure,5
9915,_23420_,generated_control,infrastructure,4
9916,_23421_,generated_control,infrastructure,4
9917,_23422_,generated_control,infrastructure,4
9918,_23423_,generated_datapath,infrastructure,5
9919,_23424_,generated_datapath,infrastructure,5
9920,_23425_,generated_datapath,infrastructure,5
9921,_23426_,generated_control,infrastructure,4
9922,_23427_,generated_control,infrastructure,4
9923,_23428_,generated_control,infrastructure,5
9924,_23429_,generated_datapath,infrastructure,5
9925,_23430_,generated_datapath,infrastructure,5
9926,_23431_,generated_control,infrastructure,4
9927,_23432_,generated_control,infrastructure,4
9928,_23433_,generated_control,infrastructure,4
9929,_23434_,generated_control,infrastructure,5
9930,_23435_,generated_datapath,infrastructure,5
9931,_23436_,generated_control,infrastructure,4
9932,_23437_,generated_datapath,infrastructure,5
9933,_23438_,generated_control,infrastructure,5
9934,_23439_,generated_datapath,infrastructure,6
9935,_23440_,generated_datapath,infrastructure,6
9936,_23441_,generated_datapath,infrastructure,5
9937,_23442_,generated_control,infrastructure,4
9938,_23443_,generated_datapath,infrastructure,5
9939,_23444_,generated_datapath,infrastructure,5
9940,_23445_,generated_control,infrastructure,4
9941,_23446_,generated_control,infrastructure,4
9942,_23447_,generated_control,infrastructure,4
9943,_23448_,generated_datapath,infrastructure,5
9944,_23449_,generated_datapath,infrastructure,5
9945,_23450_,generated_control,infrastructure,5
9946,_23451_,generated_control,infrastructure,4
9947,_23452_,generated_datapath,infrastructure,5
9948,_23453_,generated_control,infrastructure,4
9949,_23454_,generated_datapath,infrastructure,5
9950,_23455_,generated_control,infrastructure,5
9951,_23456_,generated_datapath,infrastructure,6
9952,_23457_,generated_control,infrastructure,4
9953,_23458_,generated_control,infrastructure,4
9954,_23459_,generated_control,infrastructure,5
9955,_23460_,generated_datapath,infrastructure,5
9956,_23461_,generated_datapath,infrastructure,6
9957,_23462_,generated_datapath,infrastructure,5
9958,_23463_,generated_control,infrastructure,4
9959,_23464_,generated_datapath,infrastructure,5
9960,_23465_,generated_datapath,infrastructure,5
9961,_23466_,generated_datapath,infrastructure,5
9962,_23467_,generated_control,infrastructure,4
9963,_23468_,generated_datapath,infrastructure,5
9964,_23469_,generated_control,infrastructure,4
9965,_23470_,generated_datapath,infrastructure,5
9966,_23471_,generated_datapath,infrastructure,5
9967,_23472_,unclassified,infrastructure,6
9968,_23473_,generated_datapath,infrastructure,5
9969,_23474_,generated_control,infrastructure,4
9970,_23475_,generated_control,infrastructure,4
9971,_23476_,generated_datapath,infrastructure,6
9972,_23477_,generated_datapath,infrastructure,5
9973,_23478_,generated_control,infrastructure,4
9974,_23479_,generated_datapath,infrastructure,5
9975,_23480_,generated_datapath,infrastructure,5
9976,_23481_,generated_control,infrastructure,4
9977,_23482_,generated_control,infrastructure,5
9978,_23483_,generated_datapath,infrastructure,5
9979,_23484_,generated_control,infrastructure,4
9980,_23485_,generated_datapath,infrastructure,5
9981,_23486_,generated_datapath,infrastructure,6
9982,_23487_,generated_datapath,infrastructure,5
9983,_23488_,generated_control,infrastructure,4
9984,_23489_,generated_datapath,infrastructure,5
9985,_23490_,generated_datapath,infrastructure,5
9986,_23491_,generated_datapath,infrastructure,5
9987,_23492_,generated_datapath,infrastructure,5
9988,_23493_,generated_datapath,infrastructure,5
9989,_23494_,generated_datapath,infrastructure,5
9990,_23495_,generated_datapath,infrastructure,5
9991,_23496_,generated_control,infrastructure,4
9992,_23497_,generated_datapath,infrastructure,5
9993,_23498_,generated_control,infrastructure,4
9994,_23499_,generated_datapath,infrastructure,5
9995,_23500_,generated_datapath,infrastructure,5
9996,_23501_,generated_control,infrastructure,4
9997,_23502_,generated_datapath,infrastructure,5
9998,_23503_,generated_control,infrastructure,4
9999,_23504_,generated_control,infrastructure,4
10000,_23505_,generated_datapath,infrastructure,5
10001,_23506_,generated_control,infrastructure,4
10002,_23507_,generated_datapath,infrastructure,5
10003,_23508_,generated_control,infrastructure,4
10004,_23509_,generated_datapath,infrastructure,5
10005,_23510_,generated_control,infrastructure,4
10006,_23511_,generated_datapath,infrastructure,5
10007,_23512_,generated_control,infrastructure,4
10008,_23513_,generated_datapath,infrastructure,5
10009,_23514_,generated_control,infrastructure,4
10010,_23515_,generated_datapath,infrastructure,5
10011,_23516_,generated_control,infrastructure,4
10012,_23517_,generated_datapath,infrastructure,5
10013,_23518_,generated_control,infrastructure,4
10014,_23519_,generated_datapath,infrastructure,5
10015,_23520_,generated_control,infrastructure,4
10016,_23521_,generated_datapath,infrastructure,5
10017,_23522_,generated_datapath,infrastructure,5
10018,_23523_,generated_control,infrastructure,4
10019,_23524_,generated_datapath,infrastructure,5
10020,_23525_,generated_control,infrastructure,4
10021,_23526_,generated_control,infrastructure,4
10022,_23527_,generated_datapath,infrastructure,5
10023,_23528_,generated_datapath,infrastructure,5
10024,_23529_,generated_datapath,infrastructure,5
10025,_23530_,generated_control,infrastructure,4
10026,_23531_,generated_datapath,infrastructure,5
10027,_23532_,generated_control,infrastructure,5
10028,_23533_,generated_control,infrastructure,4
10029,_23534_,generated_datapath,infrastructure,5
10030,_23535_,generated_control,infrastructure,5
10031,_23536_,generated_control,infrastructure,5
10032,_23537_,generated_control,infrastructure,4
10033,_23538_,generated_datapath,infrastructure,5
10034,_23539_,generated_control,infrastructure,4
10035,_23540_,generated_datapath,infrastructure,5
10036,_23541_,generated_control,infrastructure,4
10037,_23542_,generated_control,infrastructure,4
10038,_23543_,generated_datapath,infrastructure,5
10039,_23544_,generated_datapath,infrastructure,5
10040,_23545_,generated_control,infrastructure,4
10041,_23546_,generated_control,infrastructure,4
10042,_23547_,generated_control,infrastructure,5
10043,_23548_,generated_datapath,infrastructure,5
10044,_23549_,generated_datapath,infrastructure,5
10045,_23550_,generated_control,infrastructure,4
10046,_23551_,generated_datapath,infrastructure,5
10047,_23552_,generated_control,infrastructure,4
10048,_23553_,generated_datapath,infrastructure,6
10049,_23554_,generated_datapath,infrastructure,5
10050,_23555_,generated_control,infrastructure,4
10051,_23556_,generated_control,infrastructure,4
10052,_23557_,generated_datapath,infrastructure,5
10053,_23558_,generated_datapath,infrastructure,5
10054,_23559_,generated_control,infrastructure,4
10055,_23560_,generated_datapath,infrastructure,5
10056,_23561_,generated_control,infrastructure,5
10057,_23562_,generated_control,infrastructure,4
10058,_23563_,generated_datapath,infrastructure,5
10059,_23564_,generated_control,infrastructure,4
10060,_23565_,generated_control,infrastructure,4
10061,_23566_,generated_datapath,infrastructure,5
10062,_23567_,generated_datapath,infrastructure,5
10063,_23568_,generated_control,infrastructure,4
10064,_23569_,generated_control,infrastructure,4
10065,_23570_,generated_datapath,infrastructure,5
10066,_23571_,generated_datapath,infrastructure,5
10067,_23572_,generated_control,infrastructure,4
10068,_23573_,generated_control,infrastructure,4
10069,_23574_,generated_datapath,infrastructure,5
10070,_23575_,generated_datapath,infrastructure,6
10071,_23576_,generated_datapath,infrastructure,5
10072,_23577_,generated_control,infrastructure,4
10073,_23578_,generated_control,infrastructure,4
10074,_23579_,generated_datapath,infrastructure,5
10075,_23580_,generated_datapath,infrastructure,5
10076,_23581_,generated_datapath,infrastructure,5
10077,_23582_,generated_control,infrastructure,4
10078,_23583_,generated_control,infrastructure,4
10079,_23584_,generated_datapath,infrastructure,5
10080,_23585_,generated_control,infrastructure,4
10081,_23586_,generated_datapath,infrastructure,5
10082,_23587_,generated_control,infrastructure,4
10083,_23588_,generated_datapath,infrastructure,5
10084,_23589_,generated_control,infrastructure,4
10085,_23590_,generated_datapath,infrastructure,5
10086,_23591_,generated_control,infrastructure,4
10087,_23592_,generated_control,infrastructure,4
10088,_23593_,generated_datapath,infrastructure,5
10089,_23594_,generated_datapath,infrastructure,5
10090,_23595_,generated_control,infrastructure,4
10091,_23596_,generated_control,infrastructure,4
10092,_23597_,generated_datapath,infrastructure,5
10093,_23598_,generated_datapath,infrastructure,5
10094,_23599_,generated_control,infrastructure,4
10095,_23600_,generated_control,infrastructure,4
10096,_23601_,generated_control,infrastructure,5
10097,_23602_,generated_datapath,infrastructure,5
10098,_23603_,generated_datapath,infrastructure,5
10099,_23604_,generated_control,infrastructure,4
10100,_23605_,generated_control,infrastructure,4
10101,_23606_,generated_datapath,infrastructure,5
10102,_23607_,generated_datapath,infrastructure,5
10103,_23608_,generated_control,infrastructure,4
10104,_23609_,generated_control,infrastructure,4
10105,_23610_,generated_datapath,infrastructure,5
10106,_23611_,generated_datapath,infrastructure,5
10107,_23612_,generated_control,infrastructure,4
10108,_23613_,generated_control,infrastructure,4
10109,_23614_,generated_datapath,infrastructure,5
10110,_23615_,generated_datapath,infrastructure,5
10111,_23616_,generated_control,infrastructure,4
10112,_23617_,generated_control,infrastructure,4
10113,_23618_,generated_control,infrastructure,5
10114,_23619_,generated_datapath,infrastructure,5
10115,_23620_,generated_datapath,infrastructure,5
10116,_23621_,generated_control,infrastructure,4
10117,_23622_,generated_datapath,infrastructure,6
10118,_23623_,generated_control,infrastructure,5
10119,_23624_,generated_datapath,infrastructure,5
10120,_23625_,generated_control,infrastructure,4
10121,_23626_,generated_datapath,infrastructure,5
10122,_23627_,generated_control,infrastructure,4
10123,_23628_,generated_datapath,infrastructure,5
10124,_23629_,generated_control,infrastructure,4
10125,_23630_,generated_control,infrastructure,4
10126,_23631_,generated_datapath,infrastructure,5
10127,_23632_,generated_datapath,infrastructure,5
10128,_23633_,generated_control,infrastructure,4
10129,_23634_,generated_control,infrastructure,5
10130,_23635_,generated_datapath,infrastructure,5
10131,_23636_,generated_datapath,infrastructure,5
10132,_23637_,generated_control,infrastructure,4
10133,_23638_,generated_control,infrastructure,4
10134,_23639_,generated_control,infrastructure,4
10135,_23640_,generated_control,infrastructure,5
10136,_23641_,csr,control,4
10137,_23642_,csr,control,5
10138,_23643_,generated_control,infrastructure,4
10139,_23644_,generated_control,infrastructure,4
10140,_23645_,generated_control,infrastructure,4
10141,_23646_,generated_control,infrastructure,4
10142,_23647_,generated_control,infrastructure,4
10143,_23648_,generated_control,infrastructure,4
10144,_23649_,generated_control,infrastructure,4
10145,_23650_,generated_control,infrastructure,4
10146,_23651_,generated_control,infrastructure,4
10147,_23652_,generated_control,infrastructure,4
10148,_23653_,generated_control,infrastructure,4
10149,_23654_,generated_control,infrastructure,4
10150,_23655_,generated_control,infrastructure,4
10151,_23656_,generated_control,infrastructure,4
10152,_23657_,generated_control,infrastructure,4
10153,_23658_,generated_control,infrastructure,4
10154,_23659_,generated_control,infrastructure,4
10155,_23660_,generated_control,infrastructure,4
10156,_23661_,generated_control,infrastructure,4
10157,_23662_,generated_control,infrastructure,4
10158,_23663_,generated_control,infrastructure,4
10159,_23664_,generated_control,infrastructure,4
10160,_23665_,generated_control,infrastructure,4
10161,_23666_,generated_control,infrastructure,4
10162,_23667_,generated_control,infrastructure,4
10163,_23668_,generated_control,infrastructure,4
10164,_23669_,generated_control,infrastructure,4
10165,_23670_,generated_control,infrastructure,4
10166,_23671_,generated_control,infrastructure,4
10167,_23672_,generated_control,infrastructure,4
10168,_23673_,generated_control,infrastructure,4
10169,_23674_,generated_control,infrastructure,4
10170,_23675_,generated_control,infrastructure,4
10171,_23676_,generated_control,infrastructure,4
10172,_23677_,generated_control,infrastructure,4
10173,_23678_,generated_control,infrastructure,4
10174,_23679_,generated_control,infrastructure,4
10175,_23680_,generated_control,infrastructure,4
10176,_23681_,generated_control,infrastructure,4
10177,_23682_,generated_control,infrastructure,4
10178,_23683_,generated_control,infrastructure,4
10179,_23684_,generated_control,infrastructure,4
10180,_23685_,generated_control,infrastructure,4
10181,_23686_,generated_control,infrastructure,4
10182,_23687_,generated_control,infrastructure,4
10183,_23688_,generated_control,infrastructure,4
10184,_23689_,generated_control,infrastructure,4
10185,_23690_,generated_control,infrastructure,4
10186,_23691_,generated_control,infrastructure,4
10187,_23692_,generated_control,infrastructure,4
10188,_23693_,generated_control,infrastructure,4
10189,_23694_,generated_control,infrastructure,4
10190,_23695_,generated_control,infrastructure,4
10191,_23696_,generated_control,infrastructure,4
10192,_23697_,generated_control,infrastructure,4
10193,_23698_,generated_control,infrastructure,4
10194,_23699_,generated_control,infrastructure,4
10195,_23700_,generated_control,infrastructure,4
10196,_23701_,generated_control,infrastructure,4
10197,_23702_,generated_control,infrastructure,4
10198,_23703_,generated_control,infrastructure,4
10199,_23704_,generated_control,infrastructure,4
10200,_23705_,generated_control,infrastructure,4
10201,_23706_,generated_control,infrastructure,4
10202,_23707_,generated_control,infrastructure,4
10203,_23708_,generated_control,infrastructure,4
10204,_23709_,generated_control,infrastructure,4
10205,_23710_,generated_control,infrastructure,4
10206,_23711_,generated_control,infrastructure,4
10207,_23712_,generated_control,infrastructure,5
10208,_23713_,generated_control,infrastructure,4
10209,_23714_,generated_control,infrastructure,4
10210,_23715_,generated_control,infrastructure,4
10211,_23716_,generated_control,infrastructure,4
10212,_23717_,generated_control,infrastructure,4
10213,_23718_,generated_control,infrastructure,4
10214,_23719_,generated_control,infrastructure,4
10215,_23720_,generated_control,infrastructure,4
10216,_23721_,generated_control,infrastructure,4
10217,_23722_,generated_control,infrastructure,4
10218,_23723_,generated_control,infrastructure,4
10219,_23724_,generated_control,infrastructure,4
10220,_23725_,generated_control,infrastructure,4
10221,_23726_,generated_control,infrastructure,4
10222,_23727_,generated_control,infrastructure,4
10223,_23728_,generated_datapath,infrastructure,6
10224,_23729_,generated_control,infrastructure,4
10225,_23730_,generated_control,infrastructure,4
10226,_23731_,generated_control,infrastructure,4
10227,_23732_,generated_control,infrastructure,4
10228,_23733_,generated_control,infrastructure,4
10229,_23734_,generated_control,infrastructure,4
10230,_23735_,generated_control,infrastructure,4
10231,_23736_,generated_control,infrastructure,4
10232,_23737_,generated_control,infrastructure,4
10233,_23738_,generated_control,infrastructure,4
10234,_23739_,generated_control,infrastructure,4
10235,_23740_,generated_control,infrastructure,4
10236,_23741_,generated_control,infrastructure,4
10237,_23742_,generated_control,infrastructure,4
10238,_23743_,generated_control,infrastructure,4
10239,_23744_,generated_control,infrastructure,4
10240,_23745_,generated_control,infrastructure,4
10241,_23746_,generated_control,infrastructure,4
10242,_23747_,generated_datapath,infrastructure,5
10243,_23748_,generated_control,infrastructure,4
10244,_23749_,generated_control,infrastructure,4
10245,_23750_,generated_control,infrastructure,4
10246,_23751_,generated_control,infrastructure,4
10247,_23752_,generated_datapath,infrastructure,5
10248,_23753_,generated_control,infrastructure,4
10249,_23754_,generated_control,infrastructure,4
10250,_23755_,generated_control,infrastructure,4
10251,_23756_,generated_control,infrastructure,4
10252,_23757_,generated_control,infrastructure,4
10253,_23758_,generated_control,infrastructure,4
10254,_23759_,generated_control,infrastructure,4
10255,_23760_,generated_control,infrastructure,4
10256,_23761_,generated_datapath,infrastructure,5
10257,_23762_,generated_control,infrastructure,4
10258,_23763_,generated_datapath,infrastructure,5
10259,_23764_,generated_control,infrastructure,4
10260,_23765_,generated_datapath,infrastructure,5
10261,_23766_,generated_control,infrastructure,4
10262,_23767_,generated_datapath,infrastructure,5
10263,_23768_,generated_control,infrastructure,4
10264,_23769_,generated_datapath,infrastructure,5
10265,_23770_,generated_control,infrastructure,4
10266,_23771_,generated_datapath,infrastructure,5
10267,_23772_,generated_control,infrastructure,4
10268,_23773_,generated_datapath,infrastructure,5
10269,_23774_,generated_control,infrastructure,4
10270,_23775_,generated_datapath,infrastructure,5
10271,_23776_,generated_control,infrastructure,4
10272,_23777_,generated_datapath,infrastructure,5
10273,_23778_,generated_control,infrastructure,4
10274,_23779_,generated_datapath,infrastructure,5
10275,_23780_,generated_control,infrastructure,5
10276,_23781_,generated_control,infrastructure,4
10277,_23782_,generated_datapath,infrastructure,5
10278,_23783_,generated_control,infrastructure,4
10279,_23784_,generated_control,infrastructure,4
10280,_23785_,generated_datapath,infrastructure,5
10281,_23786_,generated_control,infrastructure,4
10282,_23787_,generated_datapath,infrastructure,5
10283,_23788_,generated_control,infrastructure,4
10284,_23789_,generated_datapath,infrastructure,5
10285,_23790_,generated_control,infrastructure,4
10286,_23791_,generated_datapath,infrastructure,5
10287,_23792_,generated_control,infrastructure,4
10288,_23793_,generated_datapath,infrastructure,5
10289,_23794_,generated_control,infrastructure,5
10290,_23795_,generated_control,infrastructure,4
10291,_23796_,generated_control,infrastructure,5
10292,_23797_,generated_datapath,infrastructure,5
10293,_23798_,generated_control,infrastructure,4
10294,_23799_,generated_datapath,infrastructure,5
10295,_23800_,generated_control,infrastructure,4
10296,_23801_,generated_datapath,infrastructure,5
10297,_23802_,generated_control,infrastructure,4
10298,_23803_,generated_datapath,infrastructure,5
10299,_23804_,generated_control,infrastructure,4
10300,_23805_,generated_datapath,infrastructure,5
10301,_23806_,generated_control,infrastructure,4
10302,_23807_,generated_datapath,infrastructure,5
10303,_23808_,generated_control,infrastructure,4
10304,_23809_,generated_datapath,infrastructure,5
10305,_23810_,generated_control,infrastructure,4
10306,_23811_,generated_datapath,infrastructure,5
10307,_23812_,generated_control,infrastructure,5
10308,_23813_,generated_control,infrastructure,4
10309,_23814_,generated_control,infrastructure,5
10310,_23815_,generated_datapath,infrastructure,5
10311,_23816_,generated_control,infrastructure,4
10312,_23817_,generated_datapath,infrastructure,5
10313,_23818_,generated_control,infrastructure,4
10314,_23819_,generated_datapath,infrastructure,5
10315,_23820_,generated_control,infrastructure,4
10316,_23821_,generated_datapath,infrastructure,5
10317,_23822_,generated_control,infrastructure,4
10318,_23823_,generated_datapath,infrastructure,5
10319,_23824_,generated_control,infrastructure,4
10320,_23825_,generated_control,infrastructure,4
10321,_23826_,generated_datapath,infrastructure,5
10322,_23827_,generated_control,infrastructure,4
10323,_23828_,generated_datapath,infrastructure,5
10324,_23829_,generated_control,infrastructure,4
10325,_23830_,generated_datapath,infrastructure,5
10326,_23831_,generated_control,infrastructure,4
10327,_23832_,generated_control,infrastructure,5
10328,_23833_,generated_datapath,infrastructure,5
10329,_23834_,generated_control,infrastructure,4
10330,_23835_,generated_datapath,infrastructure,5
10331,_23836_,generated_control,infrastructure,4
10332,_23837_,generated_datapath,infrastructure,5
10333,_23838_,generated_control,infrastructure,4
10334,_23839_,generated_datapath,infrastructure,5
10335,_23840_,generated_control,infrastructure,4
10336,_23841_,generated_datapath,infrastructure,5
10337,_23842_,generated_control,infrastructure,4
10338,_23843_,generated_datapath,infrastructure,6
10339,_23844_,generated_datapath,infrastructure,5
10340,_23845_,generated_control,infrastructure,4
10341,_23846_,generated_datapath,infrastructure,5
10342,_23847_,generated_control,infrastructure,4
10343,_23848_,generated_datapath,infrastructure,5
10344,_23849_,generated_datapath,infrastructure,5
10345,_23850_,generated_control,infrastructure,4
10346,_23851_,generated_datapath,infrastructure,5
10347,_23852_,generated_control,infrastructure,5
10348,_23853_,generated_control,infrastructure,4
10349,_23854_,generated_datapath,infrastructure,5
10350,_23855_,generated_control,infrastructure,4
10351,_23856_,generated_datapath,infrastructure,5
10352,_23857_,generated_control,infrastructure,4
10353,_23858_,generated_datapath,infrastructure,5
10354,_23859_,generated_control,infrastructure,4
10355,_23860_,generated_datapath,infrastructure,5
10356,_23861_,generated_control,infrastructure,5
10357,_23862_,generated_control,infrastructure,4
10358,_23863_,generated_datapath,infrastructure,5
10359,_23864_,generated_control,infrastructure,4
10360,_23865_,generated_control,infrastructure,5
10361,_23866_,generated_datapath,infrastructure,5
10362,_23867_,generated_control,infrastructure,4
10363,_23868_,generated_datapath,infrastructure,5
10364,_23869_,generated_control,infrastructure,4
10365,_23870_,generated_datapath,infrastructure,5
10366,_23871_,generated_control,infrastructure,4
10367,_23872_,generated_datapath,infrastructure,5
10368,_23873_,generated_control,infrastructure,4
10369,_23874_,generated_datapath,infrastructure,5
10370,_23875_,generated_control,infrastructure,4
10371,_23876_,generated_datapath,infrastructure,5
10372,_23877_,generated_control,infrastructure,4
10373,_23878_,generated_datapath,infrastructure,5
10374,_23879_,generated_control,infrastructure,5
10375,_23880_,generated_control,infrastructure,4
10376,_23881_,generated_control,infrastructure,5
10377,_23882_,generated_datapath,infrastructure,5
10378,_23883_,generated_control,infrastructure,4
10379,_23884_,generated_datapath,infrastructure,5
10380,_23885_,generated_control,infrastructure,4
10381,_23886_,generated_datapath,infrastructure,6
10382,_23887_,generated_datapath,infrastructure,5
10383,_23888_,generated_control,infrastructure,4
10384,_23889_,generated_datapath,infrastructure,5
10385,_23890_,generated_control,infrastructure,4
10386,_23891_,generated_datapath,infrastructure,5
10387,_23892_,generated_control,infrastructure,5
10388,_23893_,generated_control,infrastructure,4
10389,_23894_,generated_control,infrastructure,5
10390,_23895_,generated_control,infrastructure,4
10391,_23896_,generated_control,infrastructure,4
10392,_23897_,generated_control,infrastructure,4
10393,_23898_,generated_control,infrastructure,4
10394,_23899_,generated_datapath,infrastructure,6
10395,_23900_,generated_control,infrastructure,5
10396,_23901_,generated_control,infrastructure,4
10397,_23902_,generated_control,infrastructure,4
10398,_23903_,generated_datapath,infrastructure,6
10399,_23904_,generated_control,infrastructure,4
10400,_23905_,generated_datapath,infrastructure,5
10401,_23906_,generated_control,infrastructure,4
10402,_23907_,generated_control,infrastructure,5
10403,_23908_,generated_control,infrastructure,4
10404,_23909_,generated_datapath,infrastructure,6
10405,_23910_,generated_control,infrastructure,5
10406,_23911_,generated_control,infrastructure,4
10407,_23912_,generated_control,infrastructure,4
10408,_23913_,generated_datapath,infrastructure,6
10409,_23914_,generated_control,infrastructure,5
10410,_23915_,generated_control,infrastructure,4
10411,_23916_,generated_control,infrastructure,4
10412,_23917_,generated_datapath,infrastructure,6
10413,_23918_,generated_control,infrastructure,4
10414,_23919_,generated_datapath,infrastructure,5
10415,_23920_,generated_control,infrastructure,4
10416,_23921_,generated_control,infrastructure,4
10417,_23922_,generated_datapath,infrastructure,6
10418,_23923_,generated_control,infrastructure,5
10419,_23924_,generated_control,infrastructure,4
10420,_23925_,generated_control,infrastructure,4
10421,_23926_,generated_datapath,infrastructure,6
10422,_23927_,generated_control,infrastructure,5
10423,_23928_,generated_control,infrastructure,4
10424,_23929_,generated_control,infrastructure,4
10425,_23930_,generated_datapath,infrastructure,6
10426,_23931_,generated_control,infrastructure,4
10427,_23932_,generated_datapath,infrastructure,5
10428,_23933_,generated_control,infrastructure,4
10429,_23934_,generated_control,infrastructure,5
10430,_23935_,generated_control,infrastructure,4
10431,_23936_,generated_datapath,infrastructure,6
10432,_23937_,generated_control,infrastructure,5
10433,_23938_,generated_control,infrastructure,4
10434,_23939_,generated_control,infrastructure,4
10435,_23940_,generated_datapath,infrastructure,6
10436,_23941_,generated_datapath,infrastructure,6
10437,_23942_,generated_control,infrastructure,5
10438,_23943_,generated_control,infrastructure,4
10439,_23944_,generated_control,infrastructure,4
10440,_23945_,generated_datapath,infrastructure,6
10441,_23946_,generated_control,infrastructure,4
10442,_23947_,generated_datapath,infrastructure,5
10443,_23948_,generated_control,infrastructure,4
10444,_23949_,generated_control,infrastructure,4
10445,_23950_,generated_datapath,infrastructure,6
10446,_23951_,generated_control,infrastructure,5
10447,_23952_,generated_control,infrastructure,4
10448,_23953_,generated_control,infrastructure,4
10449,_23954_,generated_datapath,infrastructure,6
10450,_23955_,generated_control,infrastructure,5
10451,_23956_,generated_control,infrastructure,4
10452,_23957_,generated_control,infrastructure,4
10453,_23958_,generated_datapath,infrastructure,6
10454,_23959_,generated_control,infrastructure,4
10455,_23960_,generated_datapath,infrastructure,5
10456,_23961_,generated_control,infrastructure,4
10457,_23962_,generated_control,infrastructure,5
10458,_23963_,generated_control,infrastructure,4
10459,_23964_,generated_datapath,infrastructure,6
10460,_23965_,generated_control,infrastructure,5
10461,_23966_,generated_control,infrastructure,4
10462,_23967_,generated_control,infrastructure,4
10463,_23968_,generated_datapath,infrastructure,6
10464,_23969_,generated_datapath,infrastructure,6
10465,_23970_,generated_control,infrastructure,5
10466,_23971_,generated_control,infrastructure,4
10467,_23972_,generated_control,infrastructure,4
10468,_23973_,generated_control,infrastructure,4
10469,_23974_,generated_control,infrastructure,5
10470,_23975_,generated_control,infrastructure,4
10471,_23976_,generated_datapath,infrastructure,5
10472,_23977_,generated_control,infrastructure,4
10473,_23978_,generated_control,infrastructure,4
10474,_23979_,generated_datapath,infrastructure,6
10475,_23980_,generated_control,infrastructure,5
10476,_23981_,generated_control,infrastructure,4
10477,_23982_,generated_control,infrastructure,4
10478,_23983_,generated_datapath,infrastructure,7
10479,_23984_,generated_control,infrastructure,5
10480,_23985_,generated_control,infrastructure,4
10481,_23986_,generated_control,infrastructure,4
10482,_23987_,generated_datapath,infrastructure,6
10483,_23988_,generated_control,infrastructure,4
10484,_23989_,generated_datapath,infrastructure,5
10485,_23990_,generated_control,infrastructure,4
10486,_23991_,generated_datapath,infrastructure,7
10487,_23992_,generated_control,infrastructure,5
10488,_23993_,generated_control,infrastructure,4
10489,_23994_,generated_control,infrastructure,4
10490,_23995_,generated_datapath,infrastructure,6
10491,_23996_,generated_control,infrastructure,5
10492,_23997_,generated_control,infrastructure,4
10493,_23998_,generated_control,infrastructure,4
10494,_23999_,generated_datapath,infrastructure,6
10495,_24000_,generated_control,infrastructure,5
10496,_24001_,generated_control,infrastructure,4
10497,_24002_,generated_datapath,infrastructure,7
10498,_24003_,generated_control,infrastructure,5
10499,_24004_,generated_control,infrastructure,4
10500,_24005_,generated_control,infrastructure,4
10501,_24006_,generated_datapath,infrastructure,5
10502,_24007_,generated_datapath,infrastructure,6
10503,_24008_,generated_control,infrastructure,5
10504,_24009_,generated_datapath,infrastructure,5
10505,_24010_,generated_datapath,infrastructure,6
10506,_24011_,generated_control,infrastructure,4
10507,_24012_,generated_control,infrastructure,4
10508,_24013_,generated_datapath,infrastructure,5
10509,_24014_,generated_control,infrastructure,5
10510,_24015_,generated_control,infrastructure,4
10511,_24016_,generated_datapath,infrastructure,7
10512,_24017_,generated_control,infrastructure,5
10513,_24018_,generated_control,infrastructure,4
10514,_24019_,generated_control,infrastructure,4
10515,_24020_,generated_datapath,infrastructure,6
10516,_24021_,generated_control,infrastructure,5
10517,_24022_,generated_control,infrastructure,4
10518,_24023_,generated_datapath,infrastructure,5
10519,_24024_,generated_datapath,infrastructure,5
10520,_24025_,generated_control,infrastructure,5
10521,_24026_,generated_control,infrastructure,4
10522,_24027_,generated_datapath,infrastructure,7
10523,_24028_,generated_control,infrastructure,5
10524,_24029_,generated_control,infrastructure,4
10525,_24030_,generated_control,infrastructure,4
10526,_24031_,generated_control,infrastructure,4
10527,_24032_,generated_control,infrastructure,4
10528,_24033_,generated_control,infrastructure,4
10529,_24034_,generated_datapath,infrastructure,6
10530,_24035_,generated_control,infrastructure,4
10531,_24036_,generated_control,infrastructure,4
10532,_24037_,generated_datapath,infrastructure,6
10533,_24038_,generated_control,infrastructure,4
10534,_24039_,generated_control,infrastructure,4
10535,_24040_,generated_datapath,infrastructure,6
10536,_24041_,generated_control,infrastructure,4
10537,_24042_,generated_datapath,infrastructure,5
10538,_24043_,generated_control,infrastructure,4
10539,_24044_,generated_datapath,infrastructure,6
10540,_24045_,generated_control,infrastructure,4
10541,_24046_,generated_datapath,infrastructure,5
10542,_24047_,generated_control,infrastructure,4
10543,_24048_,generated_datapath,infrastructure,6
10544,_24049_,generated_control,infrastructure,4
10545,_24050_,generated_control,infrastructure,4
10546,_24051_,generated_datapath,infrastructure,6
10547,_24052_,generated_control,infrastructure,4
10548,_24053_,generated_control,infrastructure,4
10549,_24054_,generated_datapath,infrastructure,6
10550,_24055_,generated_control,infrastructure,4
10551,_24056_,generated_control,infrastructure,4
10552,_24057_,generated_datapath,infrastructure,6
10553,_24058_,generated_control,infrastructure,4
10554,_24059_,generated_control,infrastructure,4
10555,_24060_,generated_datapath,infrastructure,6
10556,_24061_,generated_control,infrastructure,4
10557,_24062_,generated_control,infrastructure,5
10558,_24063_,generated_control,infrastructure,4
10559,_24064_,generated_datapath,infrastructure,6
10560,_24065_,generated_control,infrastructure,4
10561,_24066_,generated_control,infrastructure,4
10562,_24067_,generated_datapath,infrastructure,6
10563,_24068_,generated_control,infrastructure,4
10564,_24069_,generated_control,infrastructure,4
10565,_24070_,generated_datapath,infrastructure,6
10566,_24071_,generated_datapath,infrastructure,6
10567,_24072_,generated_control,infrastructure,4
10568,_24073_,generated_control,infrastructure,4
10569,_24074_,generated_control,infrastructure,4
10570,_24075_,generated_control,infrastructure,4
10571,_24076_,generated_control,infrastructure,5
10572,_24077_,generated_datapath,infrastructure,6
10573,_24078_,generated_control,infrastructure,4
10574,_24079_,generated_control,infrastructure,4
10575,_24080_,generated_datapath,infrastructure,6
10576,_24081_,generated_control,infrastructure,4
10577,_24082_,generated_control,infrastructure,4
10578,_24083_,generated_datapath,infrastructure,6
10579,_24084_,generated_datapath,infrastructure,6
10580,_24085_,generated_datapath,infrastructure,6
10581,_24086_,generated_control,infrastructure,4
10582,_24087_,generated_control,infrastructure,4
10583,_24088_,generated_control,infrastructure,4
10584,_24089_,generated_control,infrastructure,4
10585,_24090_,generated_datapath,infrastructure,6
10586,_24091_,generated_control,infrastructure,4
10587,_24092_,generated_control,infrastructure,4
10588,_24093_,generated_datapath,infrastructure,6
10589,_24094_,generated_control,infrastructure,4
10590,_24095_,generated_control,infrastructure,5
10591,_24096_,generated_control,infrastructure,4
10592,_24097_,generated_datapath,infrastructure,6
10593,_24098_,generated_control,infrastructure,4
10594,_24099_,generated_control,infrastructure,4
10595,_24100_,generated_datapath,infrastructure,6
10596,_24101_,generated_datapath,infrastructure,6
10597,_24102_,generated_control,infrastructure,4
10598,_24103_,generated_control,infrastructure,4
10599,_24104_,generated_control,infrastructure,4
10600,_24105_,generated_control,infrastructure,4
10601,_24106_,generated_datapath,infrastructure,6
10602,_24107_,generated_datapath,infrastructure,5
10603,_24108_,generated_control,infrastructure,4
10604,_24109_,decode_control,control,4
10605,_24110_,decode_control,control,4
10606,_24111_,fetch,control,4
10607,_24112_,fetch,control,4
10608,_24113_,generated_datapath,infrastructure,6
10609,_24114_,fetch,control,6
10610,_24115_,generated_control,infrastructure,5
10611,_24116_,generated_control,infrastructure,5
10612,_24117_,generated_control,infrastructure,4
10613,_24118_,generated_control,infrastructure,5
10614,_24119_,generated_control,infrastructure,4
10615,_24120_,generated_control,infrastructure,4
10616,_24121_,generated_control,infrastructure,5
10617,_24122_,generated_control,infrastructure,4
10618,_24123_,generated_control,infrastructure,4
10619,_24124_,generated_control,infrastructure,5
10620,_24125_,generated_control,infrastructure,4
10621,_24126_,generated_control,infrastructure,4
10622,_24127_,generated_datapath,infrastructure,5
10623,_24128_,generated_control,infrastructure,5
10624,_24129_,generated_control,infrastructure,4
10625,_24130_,generated_control,infrastructure,4
10626,_24131_,generated_control,infrastructure,5
10627,_24132_,generated_control,infrastructure,4
10628,_24133_,generated_control,infrastructure,4
10629,_24134_,generated_control,infrastructure,5
10630,_24135_,generated_control,infrastructure,4
10631,_24136_,generated_control,infrastructure,4
10632,_24137_,generated_control,infrastructure,5
10633,_24138_,generated_control,infrastructure,4
10634,_24139_,generated_control,infrastructure,4
10635,_24140_,generated_control,infrastructure,4
10636,_24141_,generated_datapath,infrastructure,4
10637,_24142_,generated_datapath,infrastructure,8
10638,_24143_,generated_control,infrastructure,5
10639,_24144_,generated_control,infrastructure,4
10640,_24145_,generated_datapath,infrastructure,5
10641,_24146_,generated_datapath,infrastructure,6
10642,_24147_,generated_control,infrastructure,4
10643,_24148_,generated_control,infrastructure,6
10644,_24149_,generated_control,infrastructure,5
10645,_24150_,generated_control,infrastructure,5
10646,_24151_,generated_control,infrastructure,4
10647,_24152_,generated_datapath,infrastructure,4
10648,_24153_,generated_datapath,infrastructure,8
10649,_24154_,generated_control,infrastructure,4
10650,_24155_,generated_datapath,infrastructure,5
10651,_24156_,generated_control,infrastructure,5
10652,_24157_,generated_datapath,infrastructure,6
10653,_24158_,generated_datapath,infrastructure,4
10654,_24159_,generated_datapath,infrastructure,8
10655,_24160_,generated_control,infrastructure,4
10656,_24161_,generated_datapath,infrastructure,5
10657,_24162_,generated_datapath,infrastructure,6
10658,_24163_,generated_datapath,infrastructure,4
10659,_24164_,generated_datapath,infrastructure,8
10660,_24165_,generated_control,infrastructure,4
10661,_24166_,generated_datapath,infrastructure,5
10662,_24167_,generated_datapath,infrastructure,6
10663,_24168_,generated_datapath,infrastructure,4
10664,_24169_,generated_datapath,infrastructure,8
10665,_24170_,generated_control,infrastructure,4
10666,_24171_,generated_datapath,infrastructure,5
10667,_24172_,generated_datapath,infrastructure,6
10668,_24173_,generated_datapath,infrastructure,4
10669,_24174_,generated_datapath,infrastructure,8
10670,_24175_,generated_control,infrastructure,5
10671,_24176_,generated_control,infrastructure,4
10672,_24177_,generated_datapath,infrastructure,5
10673,_24178_,generated_datapath,infrastructure,6
10674,_24179_,generated_datapath,infrastructure,6
10675,_24180_,generated_datapath,infrastructure,4
10676,_24181_,generated_datapath,infrastructure,8
10677,_24182_,generated_control,infrastructure,4
10678,_24183_,generated_datapath,infrastructure,5
10679,_24184_,generated_datapath,infrastructure,6
10680,_24185_,generated_datapath,infrastructure,4
10681,_24186_,generated_datapath,infrastructure,8
10682,_24187_,generated_control,infrastructure,4
10683,_24188_,generated_datapath,infrastructure,5
10684,_24189_,generated_datapath,infrastructure,6
10685,_24190_,generated_datapath,infrastructure,4
10686,_24191_,generated_datapath,infrastructure,8
10687,_24192_,generated_control,infrastructure,4
10688,_24193_,generated_datapath,infrastructure,5
10689,_24194_,generated_datapath,infrastructure,6
10690,_24195_,generated_datapath,infrastructure,4
10691,_24196_,generated_datapath,infrastructure,8
10692,_24197_,generated_control,infrastructure,4
10693,_24198_,generated_control,infrastructure,5
10694,_24199_,generated_datapath,infrastructure,5
10695,_24200_,generated_datapath,infrastructure,6
10696,_24201_,generated_datapath,infrastructure,4
10697,_24202_,generated_datapath,infrastructure,8
10698,_24203_,generated_control,infrastructure,4
10699,_24204_,generated_datapath,infrastructure,5
10700,_24205_,generated_datapath,infrastructure,6
10701,_24206_,generated_datapath,infrastructure,4
10702,_24207_,generated_datapath,infrastructure,8
10703,_24208_,generated_control,infrastructure,4
10704,_24209_,generated_datapath,infrastructure,5
10705,_24210_,generated_datapath,infrastructure,6
10706,_24211_,generated_datapath,infrastructure,4
10707,_24212_,generated_datapath,infrastructure,8
10708,_24213_,generated_control,infrastructure,4
10709,_24214_,generated_datapath,infrastructure,5
10710,_24215_,generated_datapath,infrastructure,6
10711,_24216_,generated_datapath,infrastructure,4
10712,_24217_,generated_control,infrastructure,5
10713,_24218_,generated_datapath,infrastructure,8
10714,_24219_,generated_control,infrastructure,4
10715,_24220_,generated_datapath,infrastructure,5
10716,_24221_,generated_datapath,infrastructure,6
10717,_24222_,generated_datapath,infrastructure,6
10718,_24223_,generated_datapath,infrastructure,4
10719,_24224_,generated_datapath,infrastructure,8
10720,_24225_,generated_control,infrastructure,4
10721,_24226_,generated_control,infrastructure,4
10722,_24227_,generated_datapath,infrastructure,5
10723,_24228_,generated_datapath,infrastructure,6
10724,_24229_,generated_control,infrastructure,4
10725,_24230_,generated_datapath,infrastructure,5
10726,_24231_,generated_datapath,infrastructure,4
10727,_24232_,generated_datapath,infrastructure,8
10728,_24233_,clock_reset,control,3
10729,_24234_,generated_control,infrastructure,4
10730,_24235_,generated_datapath,infrastructure,5
10731,_24236_,generated_datapath,infrastructure,6
10732,_24237_,generated_control,infrastructure,4
10733,_24238_,fetch,control,5
10734,_24239_,generated_datapath,infrastructure,4
10735,_24240_,generated_datapath,infrastructure,8
10736,_24241_,generated_control,infrastructure,6
10737,_24242_,generated_datapath,infrastructure,6
10738,_24243_,generated_datapath,infrastructure,5
10739,_24244_,generated_control,infrastructure,4
10740,_24245_,generated_datapath,infrastructure,5
10741,_24246_,generated_datapath,infrastructure,4
10742,_24247_,generated_datapath,infrastructure,8
10743,_24248_,generated_control,infrastructure,4
10744,_24249_,generated_datapath,infrastructure,5
10745,_24250_,generated_datapath,infrastructure,6
10746,_24251_,generated_control,infrastructure,5
10747,_24252_,generated_datapath,infrastructure,4
10748,_24253_,generated_datapath,infrastructure,8
10749,_24254_,generated_control,infrastructure,4
10750,_24255_,generated_datapath,infrastructure,5
10751,_24256_,generated_datapath,infrastructure,6
10752,_24257_,generated_control,infrastructure,5
10753,_24258_,generated_datapath,infrastructure,4
10754,_24259_,generated_datapath,infrastructure,8
10755,_24260_,generated_control,infrastructure,4
10756,_24261_,generated_control,infrastructure,5
10757,_24262_,generated_datapath,infrastructure,5
10758,_24263_,generated_datapath,infrastructure,6
10759,_24264_,generated_control,infrastructure,5
10760,_24265_,generated_control,infrastructure,4
10761,_24266_,generated_datapath,infrastructure,4
10762,_24267_,generated_datapath,infrastructure,8
10763,_24268_,generated_control,infrastructure,4
10764,_24269_,generated_datapath,infrastructure,5
10765,_24270_,generated_datapath,infrastructure,6
10766,_24271_,generated_control,infrastructure,5
10767,_24272_,generated_datapath,infrastructure,4
10768,_24273_,generated_datapath,infrastructure,8
10769,_24274_,generated_control,infrastructure,4
10770,_24275_,generated_datapath,infrastructure,5
10771,_24276_,generated_datapath,infrastructure,6
10772,_24277_,generated_control,infrastructure,5
10773,_24278_,generated_datapath,infrastructure,4
10774,_24279_,generated_datapath,infrastructure,8
10775,_24280_,generated_control,infrastructure,4
10776,_24281_,generated_datapath,infrastructure,5
10777,_24282_,generated_datapath,infrastructure,6
10778,_24283_,generated_control,infrastructure,5
10779,_24284_,fetch,control,5
10780,_24285_,generated_datapath,infrastructure,5
10781,_24286_,generated_control,infrastructure,5
10782,_24287_,generated_datapath,infrastructure,5
10783,_24288_,generated_datapath,infrastructure,5
10784,_24289_,generated_control,infrastructure,4
10785,_24290_,generated_datapath,infrastructure,5
10786,_24291_,generated_datapath,infrastructure,6
10787,_24292_,generated_control,infrastructure,5
10788,_24293_,generated_datapath,infrastructure,4
10789,_24294_,generated_datapath,infrastructure,6
10790,_24295_,generated_datapath,infrastructure,5
10791,_24296_,generated_control,infrastructure,4
10792,_24297_,generated_datapath,infrastructure,5
10793,_24298_,generated_datapath,infrastructure,6
10794,_24299_,generated_datapath,infrastructure,5
10795,_24300_,generated_control,infrastructure,5
10796,_24301_,unclassified,infrastructure,7
10797,_24302_,generated_datapath,infrastructure,5
10798,_24303_,generated_control,infrastructure,5
10799,_24304_,generated_control,infrastructure,5
10800,_24305_,generated_datapath,infrastructure,6
10801,_24306_,generated_datapath,infrastructure,4
10802,_24307_,generated_control,infrastructure,5
10803,_24308_,generated_datapath,infrastructure,6
10804,_24309_,generated_datapath,infrastructure,5
10805,_24310_,generated_control,infrastructure,4
10806,_24311_,generated_datapath,infrastructure,5
10807,_24312_,generated_datapath,infrastructure,6
10808,_24313_,fetch,control,6
10809,_24314_,generated_control,infrastructure,5
10810,_24315_,unclassified,infrastructure,7
10811,_24316_,generated_datapath,infrastructure,5
10812,_24317_,generated_control,infrastructure,4
10813,_24318_,generated_datapath,infrastructure,5
10814,_24319_,generated_datapath,infrastructure,6
10815,_24320_,generated_control,infrastructure,5
10816,_24321_,generated_control,infrastructure,4
10817,_24322_,generated_datapath,infrastructure,5
10818,_24323_,generated_control,infrastructure,5
10819,_24324_,generated_datapath,infrastructure,4
10820,_24325_,generated_datapath,infrastructure,6
10821,_24326_,generated_datapath,infrastructure,5
10822,_24327_,generated_datapath,infrastructure,6
10823,_24328_,generated_control,infrastructure,5
10824,_24329_,fetch,control,4
10825,_24330_,generated_datapath,infrastructure,6
10826,_24331_,generated_datapath,infrastructure,5
10827,_24332_,generated_control,infrastructure,4
10828,_24333_,generated_datapath,infrastructure,5
10829,_24334_,generated_datapath,infrastructure,6
10830,_24335_,generated_datapath,infrastructure,6
10831,_24336_,generated_control,infrastructure,5
10832,_24337_,generated_control,infrastructure,4
10833,_24338_,generated_datapath,infrastructure,5
10834,_24339_,generated_control,infrastructure,4
10835,_24340_,generated_datapath,infrastructure,5
10836,_24341_,generated_datapath,infrastructure,6
10837,_24342_,csr,control,4
10838,_24343_,generated_datapath,infrastructure,5
10839,_24344_,generated_datapath,infrastructure,6
10840,_24345_,generated_control,infrastructure,4
10841,_24346_,csr,control,4
10842,_24347_,generated_datapath,infrastructure,5
10843,_24348_,generated_datapath,infrastructure,5
10844,_24349_,generated_datapath,infrastructure,8
10845,_24350_,generated_control,infrastructure,5
10846,_24351_,generated_datapath,infrastructure,5
10847,_24352_,generated_control,infrastructure,4
10848,_24353_,generated_datapath,infrastructure,8
10849,_24354_,generated_datapath,infrastructure,5
10850,_24355_,generated_control,infrastructure,4
10851,_24356_,generated_control,infrastructure,4
10852,_24357_,generated_datapath,infrastructure,7
10853,_24358_,generated_datapath,infrastructure,5
10854,_24359_,generated_control,infrastructure,4
10855,_24360_,generated_datapath,infrastructure,8
10856,_24361_,generated_datapath,infrastructure,5
10857,_24362_,generated_control,infrastructure,4
10858,_24363_,generated_datapath,infrastructure,8
10859,_24364_,generated_datapath,infrastructure,5
10860,_24365_,generated_control,infrastructure,5
10861,_24366_,generated_control,infrastructure,4
10862,_24367_,generated_datapath,infrastructure,5
10863,_24368_,generated_control,infrastructure,4
10864,_24369_,generated_datapath,infrastructure,5
10865,_24370_,generated_control,infrastructure,4
10866,_24371_,generated_datapath,infrastructure,5
10867,_24372_,generated_control,infrastructure,4
10868,_24373_,generated_control,infrastructure,5
10869,_24374_,generated_datapath,infrastructure,5
10870,_24375_,generated_control,infrastructure,4
10871,_24376_,generated_datapath,infrastructure,5
10872,_24377_,generated_control,infrastructure,4
10873,_24378_,generated_datapath,infrastructure,5
10874,_24379_,generated_control,infrastructure,4
10875,_24380_,generated_datapath,infrastructure,5
10876,_24381_,generated_control,infrastructure,4
10877,_24382_,generated_datapath,infrastructure,5
10878,_24383_,generated_control,infrastructure,4
10879,_24384_,generated_datapath,infrastructure,5
10880,_24385_,generated_control,infrastructure,4
10881,_24386_,generated_datapath,infrastructure,5
10882,_24387_,generated_control,infrastructure,4
10883,_24388_,generated_datapath,infrastructure,5
10884,_24389_,generated_control,infrastructure,4
10885,_24390_,generated_datapath,infrastructure,5
10886,_24391_,generated_control,infrastructure,4
10887,_24392_,generated_datapath,infrastructure,5
10888,_24393_,generated_control,infrastructure,4
10889,_24394_,generated_datapath,infrastructure,5
10890,_24395_,generated_control,infrastructure,4
10891,_24396_,generated_datapath,infrastructure,5
10892,_24397_,generated_control,infrastructure,4
10893,_24398_,generated_control,infrastructure,5
10894,_24399_,generated_datapath,infrastructure,5
10895,_24400_,generated_control,infrastructure,5
10896,_24401_,generated_control,infrastructure,4
10897,_24402_,generated_datapath,infrastructure,5
10898,_24403_,generated_datapath,infrastructure,6
10899,_24404_,generated_control,infrastructure,4
10900,_24405_,generated_datapath,infrastructure,5
10901,_24406_,generated_control,infrastructure,4
10902,_24407_,generated_datapath,infrastructure,5
10903,_24408_,generated_control,infrastructure,4
10904,_24409_,generated_datapath,infrastructure,5
10905,_24410_,generated_control,infrastructure,4
10906,_24411_,generated_datapath,infrastructure,5
10907,_24412_,generated_control,infrastructure,4
10908,_24413_,generated_datapath,infrastructure,5
10909,_24414_,generated_control,infrastructure,4
10910,_24415_,generated_datapath,infrastructure,5
10911,_24416_,generated_control,infrastructure,4
10912,_24417_,generated_datapath,infrastructure,5
10913,_24418_,generated_control,infrastructure,5
10914,_24419_,generated_control,infrastructure,4
10915,_24420_,generated_datapath,infrastructure,5
10916,_24421_,generated_control,infrastructure,4
10917,_24422_,generated_datapath,infrastructure,5
10918,_24423_,generated_control,infrastructure,4
10919,_24424_,generated_control,infrastructure,5
10920,_24425_,generated_datapath,infrastructure,5
10921,_24426_,generated_control,infrastructure,4
10922,_24427_,generated_datapath,infrastructure,5
10923,_24428_,generated_control,infrastructure,4
10924,_24429_,generated_datapath,infrastructure,5
10925,_24430_,generated_control,infrastructure,4
10926,_24431_,generated_control,infrastructure,4
10927,_24432_,generated_datapath,infrastructure,5
10928,_24433_,generated_control,infrastructure,4
10929,_24434_,generated_datapath,infrastructure,5
10930,_24435_,generated_control,infrastructure,4
10931,_24436_,generated_datapath,infrastructure,5
10932,_24437_,generated_control,infrastructure,4
10933,_24438_,generated_datapath,infrastructure,5
10934,_24439_,generated_control,infrastructure,4
10935,_24440_,generated_datapath,infrastructure,5
10936,_24441_,generated_control,infrastructure,4
10937,_24442_,generated_datapath,infrastructure,5
10938,_24443_,generated_control,infrastructure,5
10939,_24444_,generated_control,infrastructure,4
10940,_24445_,generated_datapath,infrastructure,5
10941,_24446_,generated_control,infrastructure,4
10942,_24447_,generated_datapath,infrastructure,6
10943,_24448_,generated_datapath,infrastructure,5
10944,_24449_,generated_control,infrastructure,4
10945,_24450_,generated_datapath,infrastructure,5
10946,_24451_,generated_control,infrastructure,4
10947,_24452_,generated_datapath,infrastructure,5
10948,_24453_,generated_control,infrastructure,4
10949,_24454_,generated_datapath,infrastructure,5
10950,_24455_,generated_control,infrastructure,4
10951,_24456_,generated_datapath,infrastructure,5
10952,_24457_,generated_control,infrastructure,4
10953,_24458_,generated_datapath,infrastructure,5
10954,_24459_,generated_control,infrastructure,4
10955,_24460_,generated_control,infrastructure,5
10956,_24461_,generated_datapath,infrastructure,5
10957,_24462_,generated_control,infrastructure,4
10958,_24463_,generated_datapath,infrastructure,5
10959,_24464_,generated_control,infrastructure,4
10960,_24465_,generated_datapath,infrastructure,5
10961,_24466_,generated_datapath,infrastructure,6
10962,_24467_,generated_control,infrastructure,4
10963,_24468_,generated_datapath,infrastructure,5
10964,_24469_,generated_datapath,infrastructure,6
10965,_24470_,generated_control,infrastructure,4
10966,_24471_,generated_datapath,infrastructure,8
10967,_24472_,generated_datapath,infrastructure,5
10968,_24473_,generated_control,infrastructure,4
10969,_24474_,generated_datapath,infrastructure,8
10970,_24475_,generated_datapath,infrastructure,5
10971,_24476_,generated_control,infrastructure,4
10972,_24477_,generated_datapath,infrastructure,8
10973,_24478_,generated_control,infrastructure,4
10974,_24479_,generated_datapath,infrastructure,5
10975,_24480_,generated_control,infrastructure,4
10976,_24481_,generated_datapath,infrastructure,8
10977,_24482_,generated_datapath,infrastructure,5
10978,_24483_,generated_control,infrastructure,4
10979,_24484_,generated_datapath,infrastructure,8
10980,_24485_,generated_datapath,infrastructure,5
10981,_24486_,generated_control,infrastructure,4
10982,_24487_,generated_datapath,infrastructure,8
10983,_24488_,generated_datapath,infrastructure,5
10984,_24489_,generated_control,infrastructure,4
10985,_24490_,generated_datapath,infrastructure,8
10986,_24491_,generated_datapath,infrastructure,5
10987,_24492_,generated_control,infrastructure,4
10988,_24493_,generated_datapath,infrastructure,8
10989,_24494_,generated_datapath,infrastructure,5
10990,_24495_,generated_control,infrastructure,4
10991,_24496_,generated_datapath,infrastructure,8
10992,_24497_,generated_datapath,infrastructure,5
10993,_24498_,generated_control,infrastructure,4
10994,_24499_,generated_datapath,infrastructure,8
10995,_24500_,generated_datapath,infrastructure,5
10996,_24501_,generated_control,infrastructure,4
10997,_24502_,generated_datapath,infrastructure,8
10998,_24503_,generated_datapath,infrastructure,5
10999,_24504_,generated_control,infrastructure,4
11000,_24505_,generated_datapath,infrastructure,8
11001,_24506_,generated_datapath,infrastructure,5
11002,_24507_,generated_control,infrastructure,4
11003,_24508_,generated_datapath,infrastructure,8
11004,_24509_,generated_datapath,infrastructure,5
11005,_24510_,generated_control,infrastructure,4
11006,_24511_,generated_datapath,infrastructure,5
11007,_24512_,generated_datapath,infrastructure,8
11008,_24513_,generated_datapath,infrastructure,5
11009,_24514_,generated_datapath,infrastructure,5
11010,_24515_,generated_control,infrastructure,4
11011,_24516_,generated_datapath,infrastructure,8
11012,_24517_,generated_datapath,infrastructure,5
11013,_24518_,generated_control,infrastructure,4
11014,_24519_,generated_datapath,infrastructure,8
11015,_24520_,generated_datapath,infrastructure,5
11016,_24521_,generated_datapath,infrastructure,5
11017,_24522_,generated_control,infrastructure,4
11018,_24523_,generated_datapath,infrastructure,8
11019,_24524_,generated_datapath,infrastructure,5
11020,_24525_,generated_control,infrastructure,4
11021,_24526_,generated_datapath,infrastructure,8
11022,_24527_,generated_datapath,infrastructure,5
11023,_24528_,generated_control,infrastructure,4
11024,_24529_,generated_control,infrastructure,4
11025,_24530_,generated_datapath,infrastructure,8
11026,_24531_,generated_datapath,infrastructure,5
11027,_24532_,generated_control,infrastructure,4
11028,_24533_,generated_datapath,infrastructure,8
11029,_24534_,generated_datapath,infrastructure,5
11030,_24535_,generated_control,infrastructure,4
11031,_24536_,generated_control,infrastructure,4
11032,_24537_,generated_datapath,infrastructure,7
11033,_24538_,generated_datapath,infrastructure,5
11034,_24539_,generated_control,infrastructure,4
11035,_24540_,generated_datapath,infrastructure,8
11036,_24541_,generated_datapath,infrastructure,5
11037,_24542_,generated_control,infrastructure,4
11038,_24543_,generated_datapath,infrastructure,8
11039,_24544_,generated_datapath,infrastructure,5
11040,_24545_,generated_control,infrastructure,4
11041,_24546_,generated_datapath,infrastructure,8
11042,_24547_,generated_datapath,infrastructure,5
11043,_24548_,generated_control,infrastructure,4
11044,_24549_,generated_datapath,infrastructure,8
11045,_24550_,generated_datapath,infrastructure,5
11046,_24551_,generated_control,infrastructure,4
11047,_24552_,generated_datapath,infrastructure,8
11048,_24553_,generated_datapath,infrastructure,5
11049,_24554_,generated_control,infrastructure,4
11050,_24555_,generated_datapath,infrastructure,8
11051,_24556_,generated_datapath,infrastructure,5
11052,_24557_,generated_control,infrastructure,4
11053,_24558_,generated_datapath,infrastructure,8
11054,_24559_,generated_datapath,infrastructure,5
11055,_24560_,unclassified,infrastructure,6
11056,_24561_,generated_control,infrastructure,4
11057,_24562_,generated_control,infrastructure,5
11058,_24563_,generated_control,infrastructure,4
11059,_24564_,generated_datapath,infrastructure,7
11060,_24565_,generated_datapath,infrastructure,5
11061,_24566_,generated_control,infrastructure,4
11062,_24567_,generated_datapath,infrastructure,8
11063,_24568_,generated_datapath,infrastructure,5
11064,_24569_,generated_control,infrastructure,4
11065,_24570_,generated_datapath,infrastructure,5
11066,_24571_,generated_control,infrastructure,5
11067,_24572_,csr,control,4
11068,_24573_,generated_datapath,infrastructure,5
11069,_24574_,csr,control,5
11070,_24575_,csr,control,5
11071,_24576_,generated_control,infrastructure,5
11072,_24577_,generated_datapath,infrastructure,5
11073,_24578_,generated_control,infrastructure,4
11074,_24579_,generated_datapath,infrastructure,5
11075,_24580_,generated_datapath,infrastructure,5
11076,_24581_,generated_datapath,infrastructure,6
11077,_24582_,unclassified,infrastructure,6
11078,_24583_,generated_datapath,infrastructure,5
11079,_24584_,generated_control,infrastructure,4
11080,_24585_,generated_datapath,infrastructure,6
11081,_24586_,generated_datapath,infrastructure,5
11082,_24587_,generated_control,infrastructure,4
11083,_24588_,generated_datapath,infrastructure,6
11084,_24589_,generated_control,infrastructure,5
11085,_24590_,generated_datapath,infrastructure,6
11086,_24591_,generated_control,infrastructure,4
11087,_24592_,generated_datapath,infrastructure,5
11088,_24593_,generated_control,infrastructure,4
11089,_24594_,generated_datapath,infrastructure,5
11090,_24595_,generated_datapath,infrastructure,5
11091,_24596_,generated_datapath,infrastructure,5
11092,_24597_,generated_control,infrastructure,4
11093,_24598_,generated_datapath,infrastructure,6
11094,_24599_,generated_control,infrastructure,5
11095,_24600_,generated_datapath,infrastructure,6
11096,_24601_,generated_datapath,infrastructure,5
11097,_24602_,generated_control,infrastructure,5
11098,_24603_,generated_control,infrastructure,4
11099,_24604_,load_store,datapath,5
11100,_24605_,generated_control,infrastructure,5
11101,_24606_,generated_control,infrastructure,4
11102,_24607_,generated_datapath,infrastructure,5
11103,_24608_,generated_control,infrastructure,4
11104,_24609_,generated_datapath,infrastructure,5
11105,_24610_,unclassified,infrastructure,6
11106,_24611_,generated_control,infrastructure,5
11107,_24612_,generated_control,infrastructure,5
11108,_24613_,generated_control,infrastructure,5
11109,_24614_,generated_control,infrastructure,5
11110,_24615_,generated_control,infrastructure,5
11111,_24616_,generated_control,infrastructure,5
11112,_24617_,generated_control,infrastructure,5
11113,_24618_,generated_control,infrastructure,5
11114,_24619_,generated_control,infrastructure,5
11115,_24620_,generated_control,infrastructure,5
11116,_24621_,generated_control,infrastructure,5
11117,_24622_,generated_control,infrastructure,5
11118,_24623_,generated_control,infrastructure,5
11119,_24624_,generated_control,infrastructure,5
11120,_24625_,generated_control,infrastructure,5
11121,_24626_,generated_control,infrastructure,5
11122,_24627_,generated_control,infrastructure,5
11123,_24628_,generated_control,infrastructure,5
11124,_24629_,generated_control,infrastructure,5
11125,_24630_,generated_control,infrastructure,5
11126,_24631_,generated_control,infrastructure,5
11127,_24632_,generated_datapath,infrastructure,6
11128,_24633_,generated_control,infrastructure,5
11129,_24634_,generated_control,infrastructure,5
11130,_24635_,generated_control,infrastructure,5
11131,_24636_,generated_control,infrastructure,5
11132,_24637_,generated_control,infrastructure,5
11133,_24638_,clock_reset,control,3
11134,_24639_,generated_datapath,infrastructure,5
11135,_24640_,generated_control,infrastructure,5
11136,_24641_,generated_control,infrastructure,5
11137,_24642_,generated_control,infrastructure,5
11138,_24643_,generated_control,infrastructure,4
11139,_24644_,generated_control,infrastructure,5
11140,_24645_,generated_control,infrastructure,5
11141,_24646_,generated_control,infrastructure,4
11142,_24647_,generated_datapath,infrastructure,5
11143,_24648_,generated_control,infrastructure,4
11144,_24649_,generated_datapath,infrastructure,5
11145,_24650_,generated_datapath,infrastructure,4
11146,_24651_,load_store,datapath,4
11147,_24652_,generated_control,infrastructure,4
11148,_24653_,generated_control,infrastructure,5
11149,_24654_,generated_control,infrastructure,5
11150,_24655_,generated_control,infrastructure,5
11151,_24656_,generated_control,infrastructure,5
11152,_24657_,generated_control,infrastructure,5
11153,_24658_,generated_control,infrastructure,5
11154,_24659_,generated_control,infrastructure,5
11155,_24660_,generated_control,infrastructure,5
11156,_24661_,generated_control,infrastructure,5
11157,_24662_,generated_control,infrastructure,5
11158,_24663_,generated_control,infrastructure,5
11159,_24664_,generated_control,infrastructure,5
11160,_24665_,generated_control,infrastructure,5
11161,_24666_,generated_control,infrastructure,5
11162,_24667_,generated_control,infrastructure,5
11163,_24668_,generated_control,infrastructure,5
11164,_24669_,generated_control,infrastructure,5
11165,_24670_,generated_control,infrastructure,5
11166,_24671_,generated_control,infrastructure,5
11167,_24672_,generated_control,infrastructure,5
11168,_24673_,generated_control,infrastructure,5
11169,_24674_,generated_control,infrastructure,5
11170,_24675_,generated_control,infrastructure,5
11171,_24676_,generated_control,infrastructure,5
11172,_24677_,generated_control,infrastructure,4
11173,_24678_,clock_reset,control,3
11174,_24679_,generated_datapath,infrastructure,5
11175,_24680_,trap_debug,control,4
11176,_24681_,generated_datapath,infrastructure,5
11177,_24682_,generated_control,infrastructure,4
11178,_24683_,generated_datapath,infrastructure,5
11179,_24684_,generated_control,infrastructure,4
11180,_24685_,generated_datapath,infrastructure,5
11181,_24686_,generated_control,infrastructure,4
11182,_24687_,generated_datapath,infrastructure,5
11183,_24688_,generated_control,infrastructure,4
11184,_24689_,generated_datapath,infrastructure,5
11185,_24690_,generated_control,infrastructure,4
11186,_24691_,generated_control,infrastructure,4
11187,_24692_,generated_control,infrastructure,5
11188,_24693_,unclassified,infrastructure,6
11189,_24694_,fetch,control,4
11190,_24695_,generated_control,infrastructure,4
11191,_24696_,generated_datapath,infrastructure,6
11192,_24697_,generated_datapath,infrastructure,5
11193,_24698_,generated_datapath,infrastructure,6
11194,_24699_,generated_datapath,infrastructure,6
11195,_24700_,generated_control,infrastructure,4
11196,_24701_,generated_datapath,infrastructure,6
11197,_24702_,generated_control,infrastructure,5
11198,_24703_,generated_control,infrastructure,4
11199,_24704_,generated_datapath,infrastructure,5
11200,_24705_,generated_control,infrastructure,5
11201,_24706_,generated_datapath,infrastructure,5
11202,_24707_,generated_control,infrastructure,5
11203,_24708_,generated_control,infrastructure,5
11204,_24709_,generated_datapath,infrastructure,6
11205,_24710_,generated_control,infrastructure,4
11206,_24711_,unclassified,infrastructure,6
11207,_24712_,generated_control,infrastructure,4
11208,_24713_,unclassified,infrastructure,6
11209,_24714_,generated_control,infrastructure,4
11210,_24715_,unclassified,infrastructure,6
11211,_24716_,generated_control,infrastructure,4
11212,_24717_,generated_control,infrastructure,5
11213,_24718_,unclassified,infrastructure,6
11214,_24719_,generated_control,infrastructure,4
11215,_24720_,unclassified,infrastructure,6
11216,_24721_,generated_control,infrastructure,4
11217,_24722_,unclassified,infrastructure,6
11218,_24723_,generated_control,infrastructure,4
11219,_24724_,unclassified,infrastructure,6
11220,_24725_,generated_control,infrastructure,4
11221,_24726_,unclassified,infrastructure,6
11222,_24727_,generated_control,infrastructure,4
11223,_24728_,unclassified,infrastructure,6
11224,_24729_,generated_control,infrastructure,4
11225,_24730_,unclassified,infrastructure,6
11226,_24731_,generated_control,infrastructure,4
11227,_24732_,unclassified,infrastructure,6
11228,_24733_,generated_control,infrastructure,4
11229,_24734_,unclassified,infrastructure,6
11230,_24735_,generated_control,infrastructure,4
11231,_24736_,unclassified,infrastructure,6
11232,_24737_,generated_control,infrastructure,4
11233,_24738_,generated_control,infrastructure,5
11234,_24739_,unclassified,infrastructure,6
11235,_24740_,clock_reset,control,3
11236,_24741_,generated_control,infrastructure,4
11237,_24742_,unclassified,infrastructure,6
11238,_24743_,generated_control,infrastructure,4
11239,_24744_,generated_datapath,infrastructure,6
11240,_24745_,unclassified,infrastructure,6
11241,_24746_,generated_control,infrastructure,4
11242,_24747_,unclassified,infrastructure,6
11243,_24748_,generated_control,infrastructure,4
11244,_24749_,generated_control,infrastructure,4
11245,_24750_,unclassified,infrastructure,6
11246,_24751_,generated_control,infrastructure,4
11247,_24752_,unclassified,infrastructure,6
11248,_24753_,generated_control,infrastructure,4
11249,_24754_,unclassified,infrastructure,6
11250,_24755_,generated_control,infrastructure,4
11251,_24756_,unclassified,infrastructure,6
11252,_24757_,generated_control,infrastructure,4
11253,_24758_,unclassified,infrastructure,6
11254,_24759_,generated_control,infrastructure,4
11255,_24760_,unclassified,infrastructure,6
11256,_24761_,generated_control,infrastructure,4
11257,_24762_,unclassified,infrastructure,6
11258,_24763_,generated_control,infrastructure,4
11259,_24764_,unclassified,infrastructure,6
11260,_24765_,generated_control,infrastructure,4
11261,_24766_,unclassified,infrastructure,6
11262,_24767_,generated_control,infrastructure,4
11263,_24768_,unclassified,infrastructure,6
11264,_24769_,generated_control,infrastructure,4
11265,_24770_,unclassified,infrastructure,6
11266,_24771_,generated_control,infrastructure,4
11267,_24772_,unclassified,infrastructure,6
11268,_24773_,generated_control,infrastructure,4
11269,_24774_,unclassified,infrastructure,6
11270,_24775_,generated_control,infrastructure,4
11271,_24776_,unclassified,infrastructure,6
11272,_24777_,generated_control,infrastructure,4
11273,_24778_,generated_datapath,infrastructure,5
11274,_24779_,generated_datapath,infrastructure,5
11275,_24780_,unclassified,infrastructure,6
11276,_24781_,generated_control,infrastructure,5
11277,_24782_,generated_control,infrastructure,4
11278,_24783_,generated_control,infrastructure,4
11279,_24784_,generated_datapath,infrastructure,5
11280,_24785_,generated_control,infrastructure,4
11281,_24786_,unclassified,infrastructure,6
11282,_24787_,multdiv,datapath,5
11283,_24788_,unclassified,infrastructure,6
11284,_24789_,generated_datapath,infrastructure,4
11285,_24790_,generated_control,infrastructure,5
11286,_24791_,generated_control,infrastructure,4
11287,_24792_,pipeline_state,control,4
11288,_24793_,pipeline_state,control,6
11289,_24794_,generated_control,infrastructure,4
11290,_24795_,generated_datapath,infrastructure,5
11291,_24796_,generated_control,infrastructure,4
11292,_24797_,generated_datapath,infrastructure,5
11293,_24798_,generated_datapath,infrastructure,5
11294,_24799_,generated_control,infrastructure,5
11295,_24800_,generated_control,infrastructure,4
11296,_24801_,generated_datapath,infrastructure,5
11297,_24802_,generated_datapath,infrastructure,5
11298,_24803_,generated_control,infrastructure,4
11299,_24804_,generated_control,infrastructure,4
11300,_24805_,generated_datapath,infrastructure,5
11301,_24806_,generated_datapath,infrastructure,5
11302,_24807_,generated_datapath,infrastructure,5
11303,_24808_,generated_control,infrastructure,5
11304,_24809_,generated_control,infrastructure,4
11305,_24810_,generated_datapath,infrastructure,5
11306,_24811_,generated_control,infrastructure,5
11307,_24812_,unclassified,infrastructure,6
11308,_24813_,generated_control,infrastructure,5
11309,_24814_,generated_datapath,infrastructure,5
11310,_24815_,generated_control,infrastructure,4
11311,_24816_,unclassified,infrastructure,7
11312,_24817_,generated_datapath,infrastructure,5
11313,_24818_,generated_datapath,infrastructure,5
11314,_24819_,generated_datapath,infrastructure,5
11315,_24820_,generated_control,infrastructure,5
11316,_24821_,generated_datapath,infrastructure,6
11317,_24822_,generated_control,infrastructure,5
11318,_24823_,generated_datapath,infrastructure,5
11319,_24824_,generated_control,infrastructure,4
11320,_24825_,generated_control,infrastructure,4
11321,_24826_,generated_control,infrastructure,4
11322,_24827_,generated_control,infrastructure,4
11323,_24828_,generated_control,infrastructure,4
11324,_24829_,generated_control,infrastructure,4
11325,_24830_,generated_control,infrastructure,4
11326,_24831_,generated_control,infrastructure,4
11327,_24832_,generated_control,infrastructure,4
11328,_24833_,generated_control,infrastructure,5
11329,_24834_,generated_control,infrastructure,5
11330,_24835_,generated_control,infrastructure,5
11331,_24836_,generated_datapath,infrastructure,6
11332,_24837_,generated_control,infrastructure,4
11333,_24838_,generated_control,infrastructure,4
11334,_24839_,generated_datapath,infrastructure,6
11335,_24840_,generated_control,infrastructure,4
11336,_24841_,generated_control,infrastructure,4
11337,_24842_,generated_control,infrastructure,5
11338,_24843_,generated_datapath,infrastructure,4
11339,_24844_,generated_datapath,infrastructure,8
11340,_24845_,generated_control,infrastructure,5
11341,_24846_,generated_control,infrastructure,5
11342,_24847_,generated_datapath,infrastructure,6
11343,_24848_,generated_control,infrastructure,4
11344,_24849_,generated_control,infrastructure,4
11345,_24850_,generated_datapath,infrastructure,7
11346,_24851_,generated_datapath,infrastructure,5
11347,_24852_,generated_control,infrastructure,5
11348,_24853_,generated_control,infrastructure,4
11349,_24854_,generated_datapath,infrastructure,5
11350,_24855_,generated_control,infrastructure,4
11351,_24856_,generated_datapath,infrastructure,8
11352,_24857_,generated_datapath,infrastructure,5
11353,_24858_,generated_control,infrastructure,4
11354,_24859_,generated_datapath,infrastructure,6
11355,_24860_,generated_datapath,infrastructure,5
11356,_24861_,generated_control,infrastructure,4
11357,_24862_,generated_control,infrastructure,4
11358,_24863_,csr,control,5
11359,_24864_,generated_datapath,infrastructure,5
11360,_24865_,generated_datapath,infrastructure,6
11361,_24866_,generated_datapath,infrastructure,5
11362,_24867_,generated_datapath,infrastructure,6
11363,_24868_,generated_control,infrastructure,4
11364,_24869_,generated_control,infrastructure,5
11365,_24870_,generated_control,infrastructure,5
11366,_24871_,generated_datapath,infrastructure,6
11367,_24872_,load_store,datapath,5
11368,_24873_,generated_control,infrastructure,4
11369,_24874_,unclassified,infrastructure,6
11370,_24875_,generated_control,infrastructure,5
11371,_24876_,load_store,datapath,6
11372,_24877_,generated_datapath,infrastructure,6
11373,_24878_,load_store,datapath,5
11374,_24879_,generated_control,infrastructure,4
11375,_24880_,generated_control,infrastructure,4
11376,_24881_,csr,control,6
11377,_24882_,csr,control,5
11378,_24883_,generated_control,infrastructure,4
11379,_24884_,generated_control,infrastructure,5
11380,_24885_,generated_datapath,infrastructure,5
11381,_24886_,generated_control,infrastructure,4
11382,_24887_,csr,control,5
11383,_24888_,csr,control,4
11384,_24889_,generated_datapath,infrastructure,5
11385,_24890_,generated_control,infrastructure,4
11386,_24891_,load_store,datapath,5
11387,_24892_,load_store,datapath,4
11388,_24893_,unclassified,infrastructure,7
11389,_24894_,generated_control,infrastructure,5
11390,_24895_,generated_control,infrastructure,5
11391,_24896_,generated_control,infrastructure,5
11392,_24897_,trap_debug,control,4
11393,_24898_,generated_datapath,infrastructure,5
11394,_24899_,generated_datapath,infrastructure,6
11395,_24900_,generated_datapath,infrastructure,5
11396,_24901_,generated_control,infrastructure,5
11397,_24902_,generated_control,infrastructure,4
11398,_24903_,load_store,datapath,4
11399,_24904_,load_store,datapath,5
11400,_24905_,load_store,datapath,6
11401,_24906_,generated_datapath,infrastructure,5
11402,_24907_,load_store,datapath,5
11403,_24908_,generated_datapath,infrastructure,5
11404,_24909_,generated_control,infrastructure,4
11405,_24910_,load_store,datapath,4
11406,_24911_,generated_control,infrastructure,4
11407,_24912_,generated_datapath,infrastructure,5
11408,_24913_,generated_datapath,infrastructure,5
11409,_24914_,unclassified,infrastructure,6
11410,_24915_,load_store,datapath,5
11411,_24916_,load_store,datapath,6
11412,_24917_,generated_control,infrastructure,4
11413,_24918_,generated_control,infrastructure,5
11414,_24919_,generated_datapath,infrastructure,5
11415,_24920_,generated_control,infrastructure,5
11416,_24921_,generated_control,infrastructure,4
11417,_24922_,generated_datapath,infrastructure,5
11418,_24923_,generated_control,infrastructure,5
11419,_24924_,generated_datapath,infrastructure,6
11420,_24925_,generated_control,infrastructure,4
11421,_24926_,generated_datapath,infrastructure,5
11422,_24927_,generated_control,infrastructure,4
11423,_24928_,generated_datapath,infrastructure,5
11424,_24929_,generated_control,infrastructure,5
11425,_24930_,generated_control,infrastructure,5
11426,_24931_,generated_control,infrastructure,4
11427,_24932_,generated_datapath,infrastructure,5
11428,_24933_,clock_reset,control,3
11429,_24934_,generated_control,infrastructure,8
11430,_24935_,generated_control,infrastructure,5
11431,_24936_,generated_control,infrastructure,4
11432,_24937_,generated_datapath,infrastructure,5
11433,_24938_,generated_control,infrastructure,4
11434,_24939_,generated_datapath,infrastructure,5
11435,_24940_,clock_reset,control,3
11436,_24941_,generated_control,infrastructure,8
11437,_24942_,generated_control,infrastructure,5
11438,_24943_,clock_reset,control,3
11439,_24944_,generated_control,infrastructure,8
11440,_24945_,generated_control,infrastructure,5
11441,_24946_,generated_control,infrastructure,5
11442,_24947_,clock_reset,control,3
11443,_24948_,generated_control,infrastructure,5
11444,_24949_,generated_control,infrastructure,4
11445,_24950_,generated_control,infrastructure,5
11446,_24951_,generated_control,infrastructure,4
11447,_24952_,generated_control,infrastructure,4
11448,_24953_,generated_control,infrastructure,5
11449,_24954_,generated_control,infrastructure,5
11450,_24955_,generated_control,infrastructure,4
11451,_24956_,generated_control,infrastructure,5
11452,_24957_,generated_datapath,infrastructure,5
11453,_24958_,clock_reset,control,3
11454,_24959_,generated_control,infrastructure,8
11455,_24960_,generated_control,infrastructure,5
11456,_24961_,generated_control,infrastructure,5
11457,_24962_,clock_reset,control,3
11458,_24963_,generated_control,infrastructure,8
11459,_24964_,clock_reset,control,3
11460,_24965_,generated_control,infrastructure,8
11461,_24966_,generated_control,infrastructure,4
11462,_24967_,generated_control,infrastructure,4
11463,_24968_,generated_datapath,infrastructure,5
11464,_24969_,generated_control,infrastructure,5
11465,_24970_,generated_datapath,infrastructure,5
11466,_24971_,generated_control,infrastructure,4
11467,_24972_,generated_control,infrastructure,4
11468,_24973_,generated_datapath,infrastructure,5
11469,_24974_,generated_datapath,infrastructure,5
11470,_24975_,generated_control,infrastructure,4
11471,_24976_,generated_control,infrastructure,4
11472,_24977_,generated_datapath,infrastructure,5
11473,_24978_,generated_datapath,infrastructure,5
11474,_24979_,generated_datapath,infrastructure,6
11475,_24980_,generated_control,infrastructure,5
11476,_24981_,generated_control,infrastructure,4
11477,_24982_,generated_datapath,infrastructure,5
11478,_24983_,clock_reset,control,3
11479,_24984_,generated_control,infrastructure,8
11480,_24985_,generated_control,infrastructure,4
11481,_24986_,generated_control,infrastructure,4
11482,_24987_,generated_datapath,infrastructure,5
11483,_24988_,generated_datapath,infrastructure,5
11484,_24989_,clock_reset,control,3
11485,_24990_,generated_control,infrastructure,8
11486,_24991_,clock_reset,control,3
11487,_24992_,generated_control,infrastructure,8
11488,_24993_,generated_control,infrastructure,5
11489,_24994_,generated_control,infrastructure,4
11490,_24995_,generated_datapath,infrastructure,5
11491,_24996_,generated_control,infrastructure,5
11492,_24997_,generated_control,infrastructure,5
11493,_24998_,generated_control,infrastructure,4
11494,_24999_,generated_datapath,infrastructure,5
11495,_25000_,clock_reset,control,3
11496,_25001_,generated_control,infrastructure,8
11497,_25002_,generated_control,infrastructure,5
11498,_25003_,generated_control,infrastructure,5
11499,_25004_,clock_reset,control,3
11500,_25005_,generated_control,infrastructure,8
11501,_25006_,clock_reset,control,3
11502,_25007_,generated_control,infrastructure,8
11503,_25008_,clock_reset,control,3
11504,_25009_,generated_control,infrastructure,5
11505,_25010_,generated_datapath,infrastructure,6
11506,_25011_,generated_control,infrastructure,4
11507,_25012_,clock_reset,control,3
11508,_25013_,generated_datapath,infrastructure,5
11509,_25014_,generated_datapath,infrastructure,5
11510,_25015_,generated_datapath,infrastructure,5
11511,_25016_,generated_control,infrastructure,4
11512,_25017_,generated_control,infrastructure,5
11513,_25018_,generated_control,infrastructure,4
11514,_25019_,generated_control,infrastructure,5
11515,_25020_,clock_reset,control,3
11516,_25021_,generated_control,infrastructure,5
11517,_25022_,generated_datapath,infrastructure,6
11518,_25023_,generated_control,infrastructure,5
11519,_25024_,generated_datapath,infrastructure,6
11520,_25025_,generated_datapath,infrastructure,5
11521,_25026_,generated_control,infrastructure,4
11522,_25027_,generated_control,infrastructure,5
11523,_25028_,generated_control,infrastructure,4
11524,_25029_,generated_control,infrastructure,5
11525,_25030_,generated_control,infrastructure,5
11526,_25031_,generated_control,infrastructure,5
11527,_25032_,generated_datapath,infrastructure,6
11528,_25033_,generated_datapath,infrastructure,5
11529,_25034_,generated_control,infrastructure,5
11530,_25035_,generated_control,infrastructure,5
11531,_25036_,generated_control,infrastructure,4
11532,_25037_,clock_reset,control,3
11533,_25038_,generated_control,infrastructure,5
11534,_25039_,generated_control,infrastructure,5
11535,_25040_,generated_control,infrastructure,5
11536,_25041_,generated_datapath,infrastructure,6
11537,_25042_,generated_datapath,infrastructure,5
11538,_25043_,generated_control,infrastructure,5
11539,_25044_,generated_control,infrastructure,5
11540,_25045_,generated_control,infrastructure,5
11541,_25046_,generated_datapath,infrastructure,6
11542,_25047_,generated_control,infrastructure,5
11543,_25048_,generated_control,infrastructure,5
11544,_25049_,generated_datapath,infrastructure,6
11545,_25050_,generated_control,infrastructure,5
11546,_25051_,generated_control,infrastructure,5
11547,_25052_,generated_control,infrastructure,4
11548,_25053_,generated_datapath,infrastructure,5
11549,_25054_,generated_datapath,infrastructure,5
11550,_25055_,generated_datapath,infrastructure,5
11551,_25056_,generated_control,infrastructure,4
11552,_25057_,unclassified,infrastructure,6
11553,_25058_,generated_control,infrastructure,4
11554,_25059_,generated_control,infrastructure,8
11555,_25060_,generated_control,infrastructure,8
11556,_25061_,generated_control,infrastructure,5
11557,_25062_,generated_control,infrastructure,8
11558,_25063_,generated_control,infrastructure,8
11559,_25064_,generated_control,infrastructure,5
11560,_25065_,generated_control,infrastructure,8
11561,_25066_,generated_control,infrastructure,8
11562,_25067_,generated_control,infrastructure,5
11563,_25068_,generated_control,infrastructure,8
11564,_25069_,generated_control,infrastructure,4
11565,_25070_,generated_control,infrastructure,5
11566,_25071_,generated_datapath,infrastructure,7
11567,_25072_,generated_datapath,infrastructure,6
11568,_25073_,unclassified,infrastructure,7
11569,_25074_,generated_control,infrastructure,4
11570,_25075_,clock_reset,control,3
11571,_25076_,generated_control,infrastructure,5
11572,_25077_,generated_datapath,infrastructure,5
11573,_25078_,generated_control,infrastructure,4
11574,_25079_,generated_control,infrastructure,5
11575,_25080_,generated_control,infrastructure,4
11576,_25081_,generated_control,infrastructure,8
11577,_25082_,generated_control,infrastructure,8
11578,_25083_,generated_control,infrastructure,8
11579,_25084_,generated_control,infrastructure,8
11580,_25085_,generated_control,infrastructure,8
11581,_25086_,generated_control,infrastructure,8
11582,_277_,generated_datapath,infrastructure,4
11583,_278_,generated_control,infrastructure,4
11584,_279_,clock_reset,control,3
11585,_280_,generated_datapath,infrastructure,4
11586,_281_,generated_control,infrastructure,4
11587,_282_,generated_datapath,infrastructure,5
11588,_283_,generated_datapath,infrastructure,5
11589,_284_,generated_control,infrastructure,4
11590,_285_,generated_datapath,infrastructure,5
11591,_286_,generated_control,infrastructure,4
11592,_287_,generated_datapath,infrastructure,5
11593,_288_,generated_datapath,infrastructure,4
11594,_289_,generated_control,infrastructure,4
11595,_290_,clock_reset,control,3
11596,_291_,generated_datapath,infrastructure,4
11597,_292_,generated_control,infrastructure,4
11598,_293_,generated_datapath,infrastructure,5
11599,_294_,generated_datapath,infrastructure,5
11600,_295_,generated_control,infrastructure,4
11601,_296_,generated_datapath,infrastructure,5
11602,_297_,generated_control,infrastructure,4
11603,_298_,generated_datapath,infrastructure,5
11604,_299_,generated_datapath,infrastructure,4
11605,_300_,generated_control,infrastructure,4
11606,_301_,clock_reset,control,3
11607,_302_,generated_datapath,infrastructure,4
11608,_303_,generated_control,infrastructure,4
11609,_304_,generated_datapath,infrastructure,5
11610,_305_,generated_datapath,infrastructure,5
11611,_306_,generated_control,infrastructure,4
11612,_307_,generated_datapath,infrastructure,5
11613,_308_,generated_control,infrastructure,4
11614,_309_,generated_datapath,infrastructure,5
11615,_310_,generated_datapath,infrastructure,4
11616,_311_,generated_control,infrastructure,4
11617,_312_,clock_reset,control,3
11618,_313_,generated_datapath,infrastructure,4
11619,_314_,generated_control,infrastructure,4
11620,_315_,generated_datapath,infrastructure,5
11621,_316_,generated_datapath,infrastructure,5
11622,_317_,generated_control,infrastructure,4
11623,_318_,generated_datapath,infrastructure,5
11624,_319_,generated_control,infrastructure,4
11625,_320_,generated_datapath,infrastructure,5
11626,_321_,generated_datapath,infrastructure,4
11627,_322_,generated_control,infrastructure,4
11628,_323_,clock_reset,control,3
11629,_324_,generated_datapath,infrastructure,4
11630,_325_,generated_control,infrastructure,4
11631,_326_,generated_datapath,infrastructure,5
11632,_327_,generated_datapath,infrastructure,5
11633,_328_,generated_control,infrastructure,4
11634,_329_,generated_datapath,infrastructure,5
11635,_330_,generated_control,infrastructure,4
11636,_331_,generated_datapath,infrastructure,5
11637,_332_,clock_reset,control,3
11638,_333_,generated_datapath,infrastructure,4
11639,_334_,generated_control,infrastructure,4
11640,_335_,clock_reset,control,3
11641,_336_,generated_datapath,infrastructure,4
11642,_337_,generated_control,infrastructure,4
11643,_338_,generated_datapath,infrastructure,5
11644,_339_,generated_datapath,infrastructure,5
11645,_340_,generated_control,infrastructure,4
11646,_341_,generated_datapath,infrastructure,5
11647,_342_,generated_control,infrastructure,4
11648,_343_,generated_datapath,infrastructure,5
11649,_344_,generated_datapath,infrastructure,4
11650,_345_,generated_control,infrastructure,4
11651,_346_,clock_reset,control,3
11652,_347_,generated_datapath,infrastructure,4
11653,_348_,generated_control,infrastructure,4
11654,_349_,generated_datapath,infrastructure,5
11655,_350_,generated_datapath,infrastructure,5
11656,_351_,generated_control,infrastructure,4
11657,_352_,generated_datapath,infrastructure,5
11658,_353_,generated_control,infrastructure,6
11659,_354_,generated_datapath,infrastructure,5
11660,_355_,generated_datapath,infrastructure,4
11661,_356_,generated_control,infrastructure,4
11662,_357_,clock_reset,control,3
11663,_358_,generated_datapath,infrastructure,4
11664,_359_,generated_control,infrastructure,4
11665,_360_,generated_datapath,infrastructure,5
11666,_361_,generated_datapath,infrastructure,5
11667,_362_,generated_control,infrastructure,4
11668,_363_,generated_datapath,infrastructure,5
11669,_364_,generated_control,infrastructure,4
11670,_365_,generated_datapath,infrastructure,5
11671,_366_,clock_reset,control,3
11672,_367_,generated_datapath,infrastructure,4
11673,_368_,generated_control,infrastructure,4
11674,_369_,clock_reset,control,3
11675,_370_,generated_datapath,infrastructure,4
11676,_371_,generated_control,infrastructure,4
11677,_372_,generated_datapath,infrastructure,5
11678,_373_,generated_datapath,infrastructure,5
11679,_374_,generated_control,infrastructure,4
11680,_375_,generated_datapath,infrastructure,5
11681,_376_,generated_control,infrastructure,4
11682,_377_,generated_datapath,infrastructure,4
11683,_378_,generated_datapath,infrastructure,5
11684,_379_,generated_datapath,infrastructure,4
11685,_380_,generated_control,infrastructure,4
11686,_381_,clock_reset,control,3
11687,_382_,generated_datapath,infrastructure,4
11688,_383_,generated_control,infrastructure,4
11689,_384_,generated_datapath,infrastructure,5
11690,_385_,generated_datapath,infrastructure,5
11691,_386_,generated_control,infrastructure,4
11692,_387_,generated_datapath,infrastructure,5
11693,_388_,generated_control,infrastructure,4
11694,_389_,generated_datapath,infrastructure,5
11695,_390_,generated_datapath,infrastructure,4
11696,_391_,generated_control,infrastructure,4
11697,_392_,clock_reset,control,3
11698,_393_,generated_datapath,infrastructure,4
11699,_394_,generated_control,infrastructure,4
11700,_395_,generated_datapath,infrastructure,5
11701,_396_,generated_datapath,infrastructure,5
11702,_397_,generated_control,infrastructure,4
11703,_398_,generated_datapath,infrastructure,4
11704,_399_,generated_control,infrastructure,4
11705,_400_,generated_control,infrastructure,4
11706,_401_,generated_datapath,infrastructure,6
11707,_402_,generated_datapath,infrastructure,4
11708,_403_,generated_control,infrastructure,4
11709,_404_,generated_datapath,infrastructure,5
11710,_405_,clock_reset,control,3
11711,_406_,generated_datapath,infrastructure,4
11712,_407_,generated_control,infrastructure,4
11713,_408_,clock_reset,control,3
11714,_409_,generated_datapath,infrastructure,5
11715,_410_,generated_datapath,infrastructure,5
11716,_411_,generated_control,infrastructure,4
11717,_412_,generated_datapath,infrastructure,5
11718,_413_,generated_control,infrastructure,4
11719,_414_,generated_datapath,infrastructure,5
11720,_415_,generated_datapath,infrastructure,4
11721,_416_,generated_control,infrastructure,4
11722,_417_,clock_reset,control,3
11723,_418_,generated_datapath,infrastructure,4
11724,_419_,generated_datapath,infrastructure,5
11725,_420_,generated_control,infrastructure,4
11726,_421_,generated_control,infrastructure,4
11727,_422_,generated_control,infrastructure,4
11728,_423_,generated_datapath,infrastructure,6
11729,_424_,unclassified,infrastructure,6
11730,_425_,generated_datapath,infrastructure,4
11731,_426_,generated_datapath,infrastructure,4
11732,_427_,generated_control,infrastructure,4
11733,_428_,clock_reset,control,3
11734,_429_,generated_datapath,infrastructure,4
11735,_430_,generated_control,infrastructure,4
11736,_431_,generated_control,infrastructure,4
11737,_432_,generated_control,infrastructure,4
11738,_433_,generated_control,infrastructure,4
11739,_434_,generated_control,infrastructure,4
11740,_435_,generated_datapath,infrastructure,5
11741,_436_,generated_datapath,infrastructure,5
11742,_437_,generated_datapath,infrastructure,5
11743,_438_,generated_datapath,infrastructure,5
11744,_439_,generated_datapath,infrastructure,5
11745,_440_,generated_datapath,infrastructure,4
11746,_441_,generated_control,infrastructure,4
11747,_442_,clock_reset,control,3
11748,_443_,generated_datapath,infrastructure,4
11749,_444_,generated_control,infrastructure,4
11750,_445_,generated_control,infrastructure,5
11751,_446_,generated_control,infrastructure,4
11752,_447_,generated_datapath,infrastructure,5
11753,_448_,generated_datapath,infrastructure,6
11754,_449_,generated_control,infrastructure,5
11755,_450_,clock_reset,control,3
11756,_451_,unclassified,infrastructure,7
11757,_452_,generated_datapath,infrastructure,5
11758,_453_,unclassified,infrastructure,6
11759,_454_,generated_datapath,infrastructure,4
11760,_455_,clock_reset,control,3
11761,_456_,generated_datapath,infrastructure,4
11762,_457_,generated_control,infrastructure,4
11763,_458_,generated_datapath,infrastructure,5
11764,_459_,generated_datapath,infrastructure,5
11765,_460_,generated_control,infrastructure,4
11766,_461_,generated_control,infrastructure,5
11767,_462_,generated_datapath,infrastructure,5
11768,_463_,generated_control,infrastructure,6
11769,_464_,generated_datapath,infrastructure,6
11770,_465_,generated_datapath,infrastructure,4
11771,_466_,generated_datapath,infrastructure,4
11772,_467_,generated_datapath,infrastructure,4
11773,_468_,generated_datapath,infrastructure,4
11774,_469_,generated_datapath,infrastructure,4
11775,_470_,generated_datapath,infrastructure,4
11776,_471_,generated_datapath,infrastructure,4
11777,_472_,generated_datapath,infrastructure,4
11778,_473_,generated_control,infrastructure,4
11779,_474_,generated_datapath,infrastructure,4
11780,_475_,generated_datapath,infrastructure,4
11781,_476_,generated_datapath,infrastructure,4
11782,_477_,generated_datapath,infrastructure,4
11783,_478_,generated_datapath,infrastructure,4
11784,_479_,generated_datapath,infrastructure,4
11785,_480_,generated_datapath,infrastructure,4
11786,_481_,generated_datapath,infrastructure,4
11787,_482_,clock_reset,control,3
11788,_483_,generated_datapath,infrastructure,5
11789,_484_,generated_datapath,infrastructure,4
11790,_485_,generated_datapath,infrastructure,4
11791,_486_,generated_control,infrastructure,4
11792,_487_,generated_datapath,infrastructure,4
11793,_488_,generated_control,infrastructure,4
11794,_489_,generated_datapath,infrastructure,4
11795,_490_,generated_datapath,infrastructure,4
11796,_491_,generated_datapath,infrastructure,4
11797,_492_,generated_datapath,infrastructure,4
11798,_493_,generated_control,infrastructure,5
11799,_494_,generated_datapath,infrastructure,4
11800,_495_,generated_datapath,infrastructure,4
11801,_496_,generated_datapath,infrastructure,4
11802,_497_,generated_datapath,infrastructure,4
11803,_498_,generated_datapath,infrastructure,4
11804,_499_,generated_datapath,infrastructure,6
11805,_500_,generated_datapath,infrastructure,4
11806,_501_,generated_datapath,infrastructure,4
11807,_502_,generated_datapath,infrastructure,4
11808,_503_,generated_datapath,infrastructure,4
11809,_504_,generated_datapath,infrastructure,4
11810,_505_,generated_datapath,infrastructure,4
11811,_506_,generated_datapath,infrastructure,4
11812,_507_,generated_datapath,infrastructure,4
11813,_508_,generated_control,infrastructure,4
11814,_509_,clock_reset,control,3
11815,_510_,generated_datapath,infrastructure,5
11816,_511_,generated_control,infrastructure,4
11817,_512_,generated_datapath,infrastructure,5
11818,_513_,generated_datapath,infrastructure,5
11819,_514_,clock_reset,control,3
11820,_515_,generated_datapath,infrastructure,4
11821,_516_,generated_control,infrastructure,4
11822,_517_,clock_reset,control,3
11823,_518_,generated_datapath,infrastructure,5
11824,_519_,generated_datapath,infrastructure,5
11825,_520_,generated_control,infrastructure,4
11826,_521_,generated_control,infrastructure,4
11827,_522_,generated_datapath,infrastructure,5
11828,_523_,clock_reset,control,3
11829,_524_,generated_datapath,infrastructure,6
11830,_525_,generated_datapath,infrastructure,4
11831,_526_,generated_control,infrastructure,4
11832,_527_,clock_reset,control,3
11833,_528_,generated_datapath,infrastructure,4
11834,_529_,generated_control,infrastructure,4
11835,_530_,generated_control,infrastructure,5
11836,_531_,generated_datapath,infrastructure,5
11837,_532_,generated_datapath,infrastructure,7
11838,_533_,clock_reset,control,3
11839,_534_,generated_datapath,infrastructure,4
11840,_535_,generated_control,infrastructure,4
11841,_536_,clock_reset,control,3
11842,_537_,generated_datapath,infrastructure,4
11843,_538_,generated_control,infrastructure,4
11844,_539_,generated_control,infrastructure,5
11845,_540_,generated_datapath,infrastructure,5
11846,_541_,generated_datapath,infrastructure,7
11847,_542_,clock_reset,control,3
11848,_543_,generated_datapath,infrastructure,4
11849,_544_,generated_control,infrastructure,4
11850,_545_,clock_reset,control,3
11851,_546_,generated_datapath,infrastructure,4
11852,_547_,generated_control,infrastructure,4
11853,_548_,generated_datapath,infrastructure,5
11854,_549_,generated_datapath,infrastructure,5
11855,_550_,generated_control,infrastructure,4
11856,_551_,generated_datapath,infrastructure,5
11857,_552_,generated_datapath,infrastructure,4
11858,_553_,generated_control,infrastructure,4
11859,_554_,clock_reset,control,3
11860,_555_,generated_datapath,infrastructure,4
11861,_556_,generated_control,infrastructure,4
11862,_557_,generated_datapath,infrastructure,5
11863,_558_,generated_datapath,infrastructure,5
11864,_559_,generated_control,infrastructure,4
11865,_560_,clock_reset,control,3
11866,_561_,generated_datapath,infrastructure,5
11867,_562_,generated_datapath,infrastructure,4
11868,_563_,generated_control,infrastructure,4
11869,_564_,clock_reset,control,3
11870,_565_,generated_datapath,infrastructure,4
11871,_566_,generated_control,infrastructure,4
11872,_567_,generated_datapath,infrastructure,5
11873,_568_,generated_datapath,infrastructure,5
11874,_569_,generated_control,infrastructure,4
11875,_570_,generated_datapath,infrastructure,5
11876,_571_,generated_datapath,infrastructure,4
11877,_572_,generated_control,infrastructure,4
11878,_573_,clock_reset,control,3
11879,_574_,generated_datapath,infrastructure,4
11880,_575_,generated_control,infrastructure,4
11881,_576_,generated_datapath,infrastructure,5
11882,_577_,generated_datapath,infrastructure,5
11883,_578_,generated_control,infrastructure,4
11884,_579_,generated_datapath,infrastructure,5
11885,_580_,generated_datapath,infrastructure,4
11886,_581_,generated_control,infrastructure,4
11887,_582_,clock_reset,control,3
11888,_583_,generated_datapath,infrastructure,4
11889,_584_,generated_control,infrastructure,4
11890,_585_,generated_control,infrastructure,4
11891,_586_,generated_control,infrastructure,6
11892,_587_,generated_datapath,infrastructure,5
11893,_588_,generated_datapath,infrastructure,5
11894,_589_,generated_datapath,infrastructure,7
11895,_590_,generated_datapath,infrastructure,4
11896,_591_,generated_control,infrastructure,4
11897,_592_,clock_reset,control,3
11898,_593_,generated_datapath,infrastructure,4
11899,_594_,generated_control,infrastructure,4
11900,_595_,generated_datapath,infrastructure,5
11901,_596_,generated_datapath,infrastructure,5
11902,_597_,generated_control,infrastructure,4
11903,_598_,generated_control,infrastructure,6
11904,_599_,generated_datapath,infrastructure,7
11905,_600_,generated_datapath,infrastructure,4
11906,_601_,generated_control,infrastructure,4
11907,_602_,clock_reset,control,3
11908,_603_,clock_reset,control,3
11909,_604_,generated_datapath,infrastructure,4
11910,_605_,generated_control,infrastructure,4
11911,_606_,generated_control,infrastructure,4
11912,_607_,generated_control,infrastructure,6
11913,_608_,generated_datapath,infrastructure,5
11914,_609_,generated_datapath,infrastructure,5
11915,_610_,generated_datapath,infrastructure,7
11916,_611_,generated_datapath,infrastructure,4
11917,_612_,generated_control,infrastructure,4
11918,_613_,clock_reset,control,3
11919,_614_,generated_datapath,infrastructure,4
11920,_615_,generated_control,infrastructure,4
11921,_616_,generated_control,infrastructure,4
11922,_617_,generated_control,infrastructure,6
11923,_618_,generated_datapath,infrastructure,5
11924,_619_,generated_datapath,infrastructure,5
11925,_620_,generated_datapath,infrastructure,7
11926,_621_,generated_datapath,infrastructure,4
11927,_622_,generated_control,infrastructure,4
11928,_623_,clock_reset,control,3
11929,_624_,generated_datapath,infrastructure,4
11930,_625_,generated_control,infrastructure,4
11931,_626_,generated_control,infrastructure,4
11932,_627_,generated_control,infrastructure,4
11933,_628_,generated_datapath,infrastructure,5
11934,_629_,generated_datapath,infrastructure,5
11935,_630_,generated_datapath,infrastructure,5
11936,_631_,generated_datapath,infrastructure,5
11937,_632_,clock_reset,control,3
11938,_633_,generated_datapath,infrastructure,4
11939,_634_,generated_control,infrastructure,4
11940,_635_,clock_reset,control,3
11941,_636_,generated_datapath,infrastructure,4
11942,_637_,generated_control,infrastructure,4
11943,_638_,generated_datapath,infrastructure,5
11944,_639_,generated_datapath,infrastructure,5
11945,_640_,generated_control,infrastructure,4
11946,_641_,generated_datapath,infrastructure,5
11947,_642_,generated_control,infrastructure,4
11948,_643_,generated_datapath,infrastructure,5
11949,_644_,clock_reset,control,3
11950,_645_,generated_datapath,infrastructure,4
11951,_646_,generated_control,infrastructure,4
11952,_647_,clock_reset,control,3
11953,_648_,generated_datapath,infrastructure,4
11954,_649_,generated_control,infrastructure,4
11955,_650_,generated_datapath,infrastructure,5
11956,_651_,generated_datapath,infrastructure,5
11957,_652_,generated_control,infrastructure,4
11958,_653_,generated_datapath,infrastructure,5
11959,_654_,generated_control,infrastructure,4
11960,_655_,generated_datapath,infrastructure,5
11961,alu_adder_result_ex\ALU_33_0_33_0_33_unused_CO_X_Y[0]_HAN_CARLSON,execute_alu,datapath,5
11962,alu_adder_result_ex\ALU_33_0_33_0_33_unused_CO_X_Y[0]_HAN_CARLSON_13,execute_alu,datapath,2
11963,alu_adder_result_ex\ALU_33_0_33_0_33_unused_CO_X_Y[0]_HAN_CARLSON_14,execute_alu,datapath,2
11964,alu_adder_result_ex\ALU_33_0_33_0_33_unused_CO_X_Y[0]_HAN_CARLSON_16,execute_alu,datapath,2
11965,clkbuf_0__05563_,clock_reset,control,3
11966,clkbuf_0_clk_i,clock_reset,control,3
11967,clkbuf_0_clk_i_regs,clock_reset,control,3
11968,clkbuf_1_0__f_clk_i,clock_reset,control,3
11969,clkbuf_3_0_0__05563_,clock_reset,control,3
11970,clkbuf_3_0__f_clk_i_regs,clock_reset,control,3
11971,clkbuf_3_1_0__05563_,clock_reset,control,3
11972,clkbuf_3_1__f_clk_i_regs,clock_reset,control,3
11973,clkbuf_3_2_0__05563_,clock_reset,control,3
11974,clkbuf_3_2__f_clk_i_regs,clock_reset,control,3
11975,clkbuf_3_3_0__05563_,clock_reset,control,3
11976,clkbuf_3_3__f_clk_i_regs,clock_reset,control,3
11977,clkbuf_3_4_0__05563_,clock_reset,control,3
11978,clkbuf_3_4__f_clk_i_regs,clock_reset,control,3
11979,clkbuf_3_5_0__05563_,clock_reset,control,3
11980,clkbuf_3_5__f_clk_i_regs,clock_reset,control,3
11981,clkbuf_3_6_0__05563_,clock_reset,control,3
11982,clkbuf_3_6__f_clk_i_regs,clock_reset,control,3
11983,clkbuf_3_7_0__05563_,clock_reset,control,3
11984,clkbuf_3_7__f_clk_i_regs,clock_reset,control,3
11985,clkbuf_leaf_0__05563_,clock_reset,control,3
11986,clkbuf_leaf_0_clk_i_regs,clock_reset,control,3
11987,clkbuf_leaf_10__05563_,clock_reset,control,3
11988,clkbuf_leaf_10_clk_i_regs,clock_reset,control,3
11989,clkbuf_leaf_11__05563_,clock_reset,control,3
11990,clkbuf_leaf_11_clk_i_regs,clock_reset,control,3
11991,clkbuf_leaf_12__05563_,clock_reset,control,3
11992,clkbuf_leaf_12_clk_i_regs,clock_reset,control,3
11993,clkbuf_leaf_13__05563_,clock_reset,control,3
11994,clkbuf_leaf_13_clk_i_regs,clock_reset,control,3
11995,clkbuf_leaf_14__05563_,clock_reset,control,3
11996,clkbuf_leaf_14_clk_i_regs,clock_reset,control,3
11997,clkbuf_leaf_15__05563_,clock_reset,control,3
11998,clkbuf_leaf_15_clk_i_regs,clock_reset,control,3
11999,clkbuf_leaf_16__05563_,clock_reset,control,3
12000,clkbuf_leaf_16_clk_i_regs,clock_reset,control,3
12001,clkbuf_leaf_17__05563_,clock_reset,control,3
12002,clkbuf_leaf_17_clk_i_regs,clock_reset,control,3
12003,clkbuf_leaf_18__05563_,clock_reset,control,3
12004,clkbuf_leaf_18_clk_i_regs,clock_reset,control,3
12005,clkbuf_leaf_19__05563_,clock_reset,control,3
12006,clkbuf_leaf_19_clk_i_regs,clock_reset,control,3
12007,clkbuf_leaf_1__05563_,clock_reset,control,3
12008,clkbuf_leaf_1_clk_i_regs,clock_reset,control,3
12009,clkbuf_leaf_20__05563_,clock_reset,control,3
12010,clkbuf_leaf_20_clk_i_regs,clock_reset,control,3
12011,clkbuf_leaf_21__05563_,clock_reset,control,3
12012,clkbuf_leaf_21_clk_i_regs,clock_reset,control,3
12013,clkbuf_leaf_22__05563_,clock_reset,control,3
12014,clkbuf_leaf_22_clk_i_regs,clock_reset,control,3
12015,clkbuf_leaf_23__05563_,clock_reset,control,3
12016,clkbuf_leaf_23_clk_i_regs,clock_reset,control,3
12017,clkbuf_leaf_24__05563_,clock_reset,control,3
12018,clkbuf_leaf_24_clk_i_regs,clock_reset,control,3
12019,clkbuf_leaf_25__05563_,clock_reset,control,3
12020,clkbuf_leaf_25_clk_i_regs,clock_reset,control,3
12021,clkbuf_leaf_26__05563_,clock_reset,control,3
12022,clkbuf_leaf_26_clk_i_regs,clock_reset,control,3
12023,clkbuf_leaf_27__05563_,clock_reset,control,3
12024,clkbuf_leaf_27_clk_i_regs,clock_reset,control,3
12025,clkbuf_leaf_28__05563_,clock_reset,control,3
12026,clkbuf_leaf_28_clk_i_regs,clock_reset,control,3
12027,clkbuf_leaf_29__05563_,clock_reset,control,3
12028,clkbuf_leaf_29_clk_i_regs,clock_reset,control,3
12029,clkbuf_leaf_2__05563_,clock_reset,control,3
12030,clkbuf_leaf_2_clk_i_regs,clock_reset,control,3
12031,clkbuf_leaf_30__05563_,clock_reset,control,3
12032,clkbuf_leaf_30_clk_i_regs,clock_reset,control,3
12033,clkbuf_leaf_31__05563_,clock_reset,control,3
12034,clkbuf_leaf_31_clk_i_regs,clock_reset,control,3
12035,clkbuf_leaf_32__05563_,clock_reset,control,3
12036,clkbuf_leaf_32_clk_i_regs,clock_reset,control,3
12037,clkbuf_leaf_33__05563_,clock_reset,control,3
12038,clkbuf_leaf_33_clk_i_regs,clock_reset,control,3
12039,clkbuf_leaf_34__05563_,clock_reset,control,3
12040,clkbuf_leaf_34_clk_i_regs,clock_reset,control,3
12041,clkbuf_leaf_35__05563_,clock_reset,control,3
12042,clkbuf_leaf_35_clk_i_regs,clock_reset,control,3
12043,clkbuf_leaf_36__05563_,clock_reset,control,3
12044,clkbuf_leaf_36_clk_i_regs,clock_reset,control,3
12045,clkbuf_leaf_37__05563_,clock_reset,control,3
12046,clkbuf_leaf_37_clk_i_regs,clock_reset,control,3
12047,clkbuf_leaf_38__05563_,clock_reset,control,3
12048,clkbuf_leaf_38_clk_i_regs,clock_reset,control,3
12049,clkbuf_leaf_39__05563_,clock_reset,control,3
12050,clkbuf_leaf_39_clk_i_regs,clock_reset,control,3
12051,clkbuf_leaf_3__05563_,clock_reset,control,3
12052,clkbuf_leaf_3_clk_i_regs,clock_reset,control,3
12053,clkbuf_leaf_40__05563_,clock_reset,control,3
12054,clkbuf_leaf_40_clk_i_regs,clock_reset,control,3
12055,clkbuf_leaf_41__05563_,clock_reset,control,3
12056,clkbuf_leaf_41_clk_i_regs,clock_reset,control,3
12057,clkbuf_leaf_42__05563_,clock_reset,control,3
12058,clkbuf_leaf_42_clk_i_regs,clock_reset,control,3
12059,clkbuf_leaf_43__05563_,clock_reset,control,3
12060,clkbuf_leaf_43_clk_i_regs,clock_reset,control,3
12061,clkbuf_leaf_44__05563_,clock_reset,control,3
12062,clkbuf_leaf_44_clk_i_regs,clock_reset,control,3
12063,clkbuf_leaf_45__05563_,clock_reset,control,3
12064,clkbuf_leaf_45_clk_i_regs,clock_reset,control,3
12065,clkbuf_leaf_46__05563_,clock_reset,control,3
12066,clkbuf_leaf_46_clk_i_regs,clock_reset,control,3
12067,clkbuf_leaf_47__05563_,clock_reset,control,3
12068,clkbuf_leaf_47_clk_i_regs,clock_reset,control,3
12069,clkbuf_leaf_48__05563_,clock_reset,control,3
12070,clkbuf_leaf_48_clk_i_regs,clock_reset,control,3
12071,clkbuf_leaf_49__05563_,clock_reset,control,3
12072,clkbuf_leaf_49_clk_i_regs,clock_reset,control,3
12073,clkbuf_leaf_4__05563_,clock_reset,control,3
12074,clkbuf_leaf_4_clk_i_regs,clock_reset,control,3
12075,clkbuf_leaf_50__05563_,clock_reset,control,3
12076,clkbuf_leaf_50_clk_i_regs,clock_reset,control,3
12077,clkbuf_leaf_51__05563_,clock_reset,control,3
12078,clkbuf_leaf_51_clk_i_regs,clock_reset,control,3
12079,clkbuf_leaf_52__05563_,clock_reset,control,3
12080,clkbuf_leaf_52_clk_i_regs,clock_reset,control,3
12081,clkbuf_leaf_53__05563_,clock_reset,control,3
12082,clkbuf_leaf_53_clk_i_regs,clock_reset,control,3
12083,clkbuf_leaf_54__05563_,clock_reset,control,3
12084,clkbuf_leaf_54_clk_i_regs,clock_reset,control,3
12085,clkbuf_leaf_55__05563_,clock_reset,control,3
12086,clkbuf_leaf_55_clk_i_regs,clock_reset,control,3
12087,clkbuf_leaf_56__05563_,clock_reset,control,3
12088,clkbuf_leaf_56_clk_i_regs,clock_reset,control,3
12089,clkbuf_leaf_57__05563_,clock_reset,control,3
12090,clkbuf_leaf_57_clk_i_regs,clock_reset,control,3
12091,clkbuf_leaf_58__05563_,clock_reset,control,3
12092,clkbuf_leaf_58_clk_i_regs,clock_reset,control,3
12093,clkbuf_leaf_59__05563_,clock_reset,control,3
12094,clkbuf_leaf_59_clk_i_regs,clock_reset,control,3
12095,clkbuf_leaf_5__05563_,clock_reset,control,3
12096,clkbuf_leaf_5_clk_i_regs,clock_reset,control,3
12097,clkbuf_leaf_60__05563_,clock_reset,control,3
12098,clkbuf_leaf_60_clk_i_regs,clock_reset,control,3
12099,clkbuf_leaf_61__05563_,clock_reset,control,3
12100,clkbuf_leaf_61_clk_i_regs,clock_reset,control,3
12101,clkbuf_leaf_62__05563_,clock_reset,control,3
12102,clkbuf_leaf_62_clk_i_regs,clock_reset,control,3
12103,clkbuf_leaf_63__05563_,clock_reset,control,3
12104,clkbuf_leaf_63_clk_i_regs,clock_reset,control,3
12105,clkbuf_leaf_64__05563_,clock_reset,control,3
12106,clkbuf_leaf_64_clk_i_regs,clock_reset,control,3
12107,clkbuf_leaf_65__05563_,clock_reset,control,3
12108,clkbuf_leaf_65_clk_i_regs,clock_reset,control,3
12109,clkbuf_leaf_66__05563_,clock_reset,control,3
12110,clkbuf_leaf_66_clk_i_regs,clock_reset,control,3
12111,clkbuf_leaf_67__05563_,clock_reset,control,3
12112,clkbuf_leaf_67_clk_i_regs,clock_reset,control,3
12113,clkbuf_leaf_68__05563_,clock_reset,control,3
12114,clkbuf_leaf_68_clk_i_regs,clock_reset,control,3
12115,clkbuf_leaf_69__05563_,clock_reset,control,3
12116,clkbuf_leaf_69_clk_i_regs,clock_reset,control,3
12117,clkbuf_leaf_6__05563_,clock_reset,control,3
12118,clkbuf_leaf_6_clk_i_regs,clock_reset,control,3
12119,clkbuf_leaf_70__05563_,clock_reset,control,3
12120,clkbuf_leaf_70_clk_i_regs,clock_reset,control,3
12121,clkbuf_leaf_71__05563_,clock_reset,control,3
12122,clkbuf_leaf_71_clk_i_regs,clock_reset,control,3
12123,clkbuf_leaf_72__05563_,clock_reset,control,3
12124,clkbuf_leaf_72_clk_i_regs,clock_reset,control,3
12125,clkbuf_leaf_73__05563_,clock_reset,control,3
12126,clkbuf_leaf_73_clk_i_regs,clock_reset,control,3
12127,clkbuf_leaf_74__05563_,clock_reset,control,3
12128,clkbuf_leaf_74_clk_i_regs,clock_reset,control,3
12129,clkbuf_leaf_75__05563_,clock_reset,control,3
12130,clkbuf_leaf_75_clk_i_regs,clock_reset,control,3
12131,clkbuf_leaf_76__05563_,clock_reset,control,3
12132,clkbuf_leaf_76_clk_i_regs,clock_reset,control,3
12133,clkbuf_leaf_77__05563_,clock_reset,control,3
12134,clkbuf_leaf_77_clk_i_regs,clock_reset,control,3
12135,clkbuf_leaf_78__05563_,clock_reset,control,3
12136,clkbuf_leaf_78_clk_i_regs,clock_reset,control,3
12137,clkbuf_leaf_79__05563_,clock_reset,control,3
12138,clkbuf_leaf_7__05563_,clock_reset,control,3
12139,clkbuf_leaf_7_clk_i_regs,clock_reset,control,3
12140,clkbuf_leaf_80__05563_,clock_reset,control,3
12141,clkbuf_leaf_81__05563_,clock_reset,control,3
12142,clkbuf_leaf_82__05563_,clock_reset,control,3
12143,clkbuf_leaf_83__05563_,clock_reset,control,3
12144,clkbuf_leaf_84__05563_,clock_reset,control,3
12145,clkbuf_leaf_85__05563_,clock_reset,control,3
12146,clkbuf_leaf_86__05563_,clock_reset,control,3
12147,clkbuf_leaf_87__05563_,clock_reset,control,3
12148,clkbuf_leaf_88__05563_,clock_reset,control,3
12149,clkbuf_leaf_89__05563_,clock_reset,control,3
12150,clkbuf_leaf_8__05563_,clock_reset,control,3
12151,clkbuf_leaf_8_clk_i_regs,clock_reset,control,3
12152,clkbuf_leaf_90__05563_,clock_reset,control,3
12153,clkbuf_leaf_91__05563_,clock_reset,control,3
12154,clkbuf_leaf_92__05563_,clock_reset,control,3
12155,clkbuf_leaf_9__05563_,clock_reset,control,3
12156,clkbuf_leaf_9_clk_i_regs,clock_reset,control,3
12157,clkbuf_regs_0_core_clock,clock_reset,control,3
12158,clkload0,clock_reset,control,2
12159,clkload1,clock_reset,control,2
12160,clkload10,clock_reset,control,2
12161,clkload100,generated_control,infrastructure,2
12162,clkload101,clock_reset,control,2
12163,clkload102,generated_control,infrastructure,2
12164,clkload103,clock_reset,control,2
12165,clkload104,generated_control,infrastructure,2
12166,clkload105,clock_reset,control,2
12167,clkload106,clock_reset,control,2
12168,clkload107,clock_reset,control,2
12169,clkload108,generated_control,infrastructure,2
12170,clkload109,generated_control,infrastructure,2
12171,clkload11,clock_reset,control,2
12172,clkload110,generated_control,infrastructure,2
12173,clkload111,clock_reset,control,2
12174,clkload112,clock_reset,control,2
12175,clkload113,generated_control,infrastructure,2
12176,clkload114,generated_control,infrastructure,2
12177,clkload115,clock_reset,control,2
12178,clkload116,generated_control,infrastructure,2
12179,clkload117,generated_control,infrastructure,2
12180,clkload118,clock_reset,control,2
12181,clkload119,generated_control,infrastructure,2
12182,clkload12,clock_reset,control,2
12183,clkload120,generated_control,infrastructure,2
12184,clkload121,generated_control,infrastructure,2
12185,clkload122,clock_reset,control,2
12186,clkload123,clock_reset,control,2
12187,clkload124,generated_control,infrastructure,2
12188,clkload125,clock_reset,control,2
12189,clkload126,clock_reset,control,2
12190,clkload127,generated_control,infrastructure,2
12191,clkload128,generated_control,infrastructure,2
12192,clkload129,clock_reset,control,2
12193,clkload13,clock_reset,control,2
12194,clkload130,generated_control,infrastructure,2
12195,clkload131,generated_control,infrastructure,2
12196,clkload132,clock_reset,control,2
12197,clkload133,generated_control,infrastructure,2
12198,clkload134,clock_reset,control,2
12199,clkload135,generated_control,infrastructure,2
12200,clkload136,generated_control,infrastructure,2
12201,clkload137,clock_reset,control,2
12202,clkload138,clock_reset,control,2
12203,clkload139,generated_control,infrastructure,2
12204,clkload14,clock_reset,control,2
12205,clkload140,generated_control,infrastructure,2
12206,clkload141,generated_control,infrastructure,2
12207,clkload142,clock_reset,control,2
12208,clkload143,clock_reset,control,2
12209,clkload144,clock_reset,control,2
12210,clkload145,generated_control,infrastructure,2
12211,clkload146,clock_reset,control,2
12212,clkload147,generated_control,infrastructure,2
12213,clkload148,clock_reset,control,2
12214,clkload149,generated_control,infrastructure,2
12215,clkload15,clock_reset,control,2
12216,clkload150,generated_control,infrastructure,2
12217,clkload151,generated_control,infrastructure,2
12218,clkload152,generated_control,infrastructure,2
12219,clkload153,generated_control,infrastructure,2
12220,clkload154,generated_control,infrastructure,2
12221,clkload155,generated_control,infrastructure,2
12222,clkload156,generated_control,infrastructure,2
12223,clkload157,clock_reset,control,2
12224,clkload158,generated_control,infrastructure,2
12225,clkload159,clock_reset,control,2
12226,clkload16,clock_reset,control,2
12227,clkload160,generated_control,infrastructure,2
12228,clkload161,generated_control,infrastructure,2
12229,clkload162,clock_reset,control,2
12230,clkload163,clock_reset,control,2
12231,clkload17,clock_reset,control,2
12232,clkload18,clock_reset,control,2
12233,clkload19,clock_reset,control,2
12234,clkload2,clock_reset,control,2
12235,clkload20,clock_reset,control,2
12236,clkload21,clock_reset,control,2
12237,clkload22,clock_reset,control,2
12238,clkload23,clock_reset,control,2
12239,clkload24,clock_reset,control,2
12240,clkload25,clock_reset,control,2
12241,clkload26,clock_reset,control,2
12242,clkload27,clock_reset,control,2
12243,clkload28,clock_reset,control,2
12244,clkload29,clock_reset,control,2
12245,clkload3,clock_reset,control,2
12246,clkload30,clock_reset,control,2
12247,clkload31,clock_reset,control,2
12248,clkload32,clock_reset,control,2
12249,clkload33,clock_reset,control,2
12250,clkload34,clock_reset,control,2
12251,clkload35,clock_reset,control,2
12252,clkload36,clock_reset,control,2
12253,clkload37,clock_reset,control,2
12254,clkload38,clock_reset,control,2
12255,clkload39,clock_reset,control,2
12256,clkload4,clock_reset,control,2
12257,clkload40,clock_reset,control,2
12258,clkload41,clock_reset,control,2
12259,clkload42,clock_reset,control,2
12260,clkload43,clock_reset,control,2
12261,clkload44,clock_reset,control,2
12262,clkload45,clock_reset,control,2
12263,clkload46,clock_reset,control,2
12264,clkload47,clock_reset,control,2
12265,clkload48,clock_reset,control,2
12266,clkload49,clock_reset,control,2
12267,clkload5,clock_reset,control,2
12268,clkload50,clock_reset,control,2
12269,clkload51,clock_reset,control,2
12270,clkload52,clock_reset,control,2
12271,clkload53,clock_reset,control,2
12272,clkload54,clock_reset,control,2
12273,clkload55,clock_reset,control,2
12274,clkload56,clock_reset,control,2
12275,clkload57,clock_reset,control,2
12276,clkload58,clock_reset,control,2
12277,clkload59,clock_reset,control,2
12278,clkload6,clock_reset,control,2
12279,clkload60,clock_reset,control,2
12280,clkload61,clock_reset,control,2
12281,clkload62,clock_reset,control,2
12282,clkload63,clock_reset,control,2
12283,clkload64,clock_reset,control,2
12284,clkload65,clock_reset,control,2
12285,clkload66,clock_reset,control,2
12286,clkload67,clock_reset,control,2
12287,clkload68,clock_reset,control,2
12288,clkload69,clock_reset,control,2
12289,clkload7,clock_reset,control,2
12290,clkload70,clock_reset,control,2
12291,clkload71,clock_reset,control,2
12292,clkload72,clock_reset,control,2
12293,clkload73,generated_control,infrastructure,2
12294,clkload74,clock_reset,control,2
12295,clkload75,clock_reset,control,2
12296,clkload76,clock_reset,control,2
12297,clkload77,clock_reset,control,2
12298,clkload78,generated_control,infrastructure,2
12299,clkload79,generated_control,infrastructure,2
12300,clkload8,clock_reset,control,2
12301,clkload80,generated_control,infrastructure,2
12302,clkload81,clock_reset,control,2
12303,clkload82,clock_reset,control,2
12304,clkload83,clock_reset,control,2
12305,clkload84,generated_control,infrastructure,2
12306,clkload85,clock_reset,control,2
12307,clkload86,generated_control,infrastructure,2
12308,clkload87,generated_control,infrastructure,2
12309,clkload88,clock_reset,control,2
12310,clkload89,generated_control,infrastructure,2
12311,clkload9,clock_reset,control,2
12312,clkload90,generated_control,infrastructure,2
12313,clkload91,clock_reset,control,2
12314,clkload92,clock_reset,control,2
12315,clkload93,clock_reset,control,2
12316,clkload94,generated_control,infrastructure,2
12317,clkload95,generated_control,infrastructure,2
12318,clkload96,clock_reset,control,2
12319,clkload97,generated_control,infrastructure,2
12320,clkload98,clock_reset,control,2
12321,clkload99,clock_reset,control,2
12322,clone4197,generated_datapath,infrastructure,5
12323,clone4198,clock_reset,control,3
12324,core_busy_q$_DFF_PN0_,pipeline_state,control,6
12325,core_clock_gate_i.en_latch$_DLATCH_N_,clock_reset,control,4
12326,cs_registers_i.mcountinhibit_q[0]$_DFFE_PN0P_,pipeline_state,control,6
12327,cs_registers_i.mcountinhibit_q[2]$_DFFE_PN0P_,pipeline_state,control,6
12328,cs_registers_i.mcycle_counter_i.counter_val_o[0]$_DFFE_PN0P_,csr,control,6
12329,cs_registers_i.mcycle_counter_i.counter_val_o[10]$_DFFE_PN0P_,csr,control,6
12330,cs_registers_i.mcycle_counter_i.counter_val_o[11]$_DFFE_PN0P_,csr,control,6
12331,cs_registers_i.mcycle_counter_i.counter_val_o[12]$_DFFE_PN0P_,csr,control,6
12332,cs_registers_i.mcycle_counter_i.counter_val_o[13]$_DFFE_PN0P_,csr,control,6
12333,cs_registers_i.mcycle_counter_i.counter_val_o[14]$_DFFE_PN0P_,csr,control,6
12334,cs_registers_i.mcycle_counter_i.counter_val_o[15]$_DFFE_PN0P_,csr,control,6
12335,cs_registers_i.mcycle_counter_i.counter_val_o[16]$_DFFE_PN0P_,csr,control,6
12336,cs_registers_i.mcycle_counter_i.counter_val_o[17]$_DFFE_PN0P_,csr,control,6
12337,cs_registers_i.mcycle_counter_i.counter_val_o[18]$_DFFE_PN0P_,csr,control,6
12338,cs_registers_i.mcycle_counter_i.counter_val_o[19]$_DFFE_PN0P_,csr,control,6
12339,cs_registers_i.mcycle_counter_i.counter_val_o[1]$_DFFE_PN0P_,csr,control,6
12340,cs_registers_i.mcycle_counter_i.counter_val_o[20]$_DFFE_PN0P_,csr,control,6
12341,cs_registers_i.mcycle_counter_i.counter_val_o[21]$_DFFE_PN0P_,csr,control,6
12342,cs_registers_i.mcycle_counter_i.counter_val_o[22]$_DFFE_PN0P_,csr,control,6
12343,cs_registers_i.mcycle_counter_i.counter_val_o[23]$_DFFE_PN0P_,csr,control,6
12344,cs_registers_i.mcycle_counter_i.counter_val_o[24]$_DFFE_PN0P_,csr,control,6
12345,cs_registers_i.mcycle_counter_i.counter_val_o[25]$_DFFE_PN0P_,csr,control,6
12346,cs_registers_i.mcycle_counter_i.counter_val_o[26]$_DFFE_PN0P_,csr,control,6
12347,cs_registers_i.mcycle_counter_i.counter_val_o[27]$_DFFE_PN0P_,csr,control,6
12348,cs_registers_i.mcycle_counter_i.counter_val_o[28]$_DFFE_PN0P_,csr,control,6
12349,cs_registers_i.mcycle_counter_i.counter_val_o[29]$_DFFE_PN0P_,csr,control,6
12350,cs_registers_i.mcycle_counter_i.counter_val_o[2]$_DFFE_PN0P_,csr,control,6
12351,cs_registers_i.mcycle_counter_i.counter_val_o[30]$_DFFE_PN0P_,csr,control,6
12352,cs_registers_i.mcycle_counter_i.counter_val_o[31]$_DFFE_PN0P_,csr,control,6
12353,cs_registers_i.mcycle_counter_i.counter_val_o[32]$_DFFE_PN0P_,csr,control,6
12354,cs_registers_i.mcycle_counter_i.counter_val_o[33]$_DFFE_PN0P_,csr,control,6
12355,cs_registers_i.mcycle_counter_i.counter_val_o[34]$_DFFE_PN0P_,csr,control,6
12356,cs_registers_i.mcycle_counter_i.counter_val_o[35]$_DFFE_PN0P_,csr,control,6
12357,cs_registers_i.mcycle_counter_i.counter_val_o[36]$_DFFE_PN0P_,csr,control,6
12358,cs_registers_i.mcycle_counter_i.counter_val_o[37]$_DFFE_PN0P_,csr,control,6
12359,cs_registers_i.mcycle_counter_i.counter_val_o[38]$_DFFE_PN0P_,csr,control,6
12360,cs_registers_i.mcycle_counter_i.counter_val_o[39]$_DFFE_PN0P_,csr,control,6
12361,cs_registers_i.mcycle_counter_i.counter_val_o[3]$_DFFE_PN0P_,csr,control,6
12362,cs_registers_i.mcycle_counter_i.counter_val_o[40]$_DFFE_PN0P_,csr,control,6
12363,cs_registers_i.mcycle_counter_i.counter_val_o[41]$_DFFE_PN0P_,csr,control,6
12364,cs_registers_i.mcycle_counter_i.counter_val_o[42]$_DFFE_PN0P_,csr,control,6
12365,cs_registers_i.mcycle_counter_i.counter_val_o[43]$_DFFE_PN0P_,csr,control,6
12366,cs_registers_i.mcycle_counter_i.counter_val_o[44]$_DFFE_PN0P_,csr,control,6
12367,cs_registers_i.mcycle_counter_i.counter_val_o[45]$_DFFE_PN0P_,csr,control,6
12368,cs_registers_i.mcycle_counter_i.counter_val_o[46]$_DFFE_PN0P_,csr,control,6
12369,cs_registers_i.mcycle_counter_i.counter_val_o[47]$_DFFE_PN0P_,csr,control,6
12370,cs_registers_i.mcycle_counter_i.counter_val_o[48]$_DFFE_PN0P_,csr,control,6
12371,cs_registers_i.mcycle_counter_i.counter_val_o[49]$_DFFE_PN0P_,csr,control,6
12372,cs_registers_i.mcycle_counter_i.counter_val_o[4]$_DFFE_PN0P_,csr,control,6
12373,cs_registers_i.mcycle_counter_i.counter_val_o[50]$_DFFE_PN0P_,csr,control,6
12374,cs_registers_i.mcycle_counter_i.counter_val_o[51]$_DFFE_PN0P_,csr,control,6
12375,cs_registers_i.mcycle_counter_i.counter_val_o[52]$_DFFE_PN0P_,csr,control,6
12376,cs_registers_i.mcycle_counter_i.counter_val_o[53]$_DFFE_PN0P_,csr,control,6
12377,cs_registers_i.mcycle_counter_i.counter_val_o[54]$_DFFE_PN0P_,csr,control,6
12378,cs_registers_i.mcycle_counter_i.counter_val_o[55]$_DFFE_PN0P_,csr,control,6
12379,cs_registers_i.mcycle_counter_i.counter_val_o[56]$_DFFE_PN0P_,csr,control,6
12380,cs_registers_i.mcycle_counter_i.counter_val_o[57]$_DFFE_PN0P_,csr,control,6
12381,cs_registers_i.mcycle_counter_i.counter_val_o[58]$_DFFE_PN0P_,csr,control,6
12382,cs_registers_i.mcycle_counter_i.counter_val_o[59]$_DFFE_PN0P_,csr,control,6
12383,cs_registers_i.mcycle_counter_i.counter_val_o[5]$_DFFE_PN0P_,csr,control,6
12384,cs_registers_i.mcycle_counter_i.counter_val_o[60]$_DFFE_PN0P_,csr,control,6
12385,cs_registers_i.mcycle_counter_i.counter_val_o[61]$_DFFE_PN0P_,csr,control,6
12386,cs_registers_i.mcycle_counter_i.counter_val_o[62]$_DFFE_PN0P_,csr,control,6
12387,cs_registers_i.mcycle_counter_i.counter_val_o[63]$_DFFE_PN0P_,csr,control,6
12388,cs_registers_i.mcycle_counter_i.counter_val_o[6]$_DFFE_PN0P_,csr,control,6
12389,cs_registers_i.mcycle_counter_i.counter_val_o[7]$_DFFE_PN0P_,csr,control,6
12390,cs_registers_i.mcycle_counter_i.counter_val_o[8]$_DFFE_PN0P_,csr,control,6
12391,cs_registers_i.mcycle_counter_i.counter_val_o[9]$_DFFE_PN0P_,csr,control,6
12392,cs_registers_i.minstret_counter_i.counter_val_o[0]$_DFFE_PN0P_,csr,control,6
12393,cs_registers_i.minstret_counter_i.counter_val_o[10]$_DFFE_PN0P_,csr,control,6
12394,cs_registers_i.minstret_counter_i.counter_val_o[11]$_DFFE_PN0P_,csr,control,6
12395,cs_registers_i.minstret_counter_i.counter_val_o[12]$_DFFE_PN0P_,csr,control,6
12396,cs_registers_i.minstret_counter_i.counter_val_o[13]$_DFFE_PN0P_,csr,control,6
12397,cs_registers_i.minstret_counter_i.counter_val_o[14]$_DFFE_PN0P_,csr,control,6
12398,cs_registers_i.minstret_counter_i.counter_val_o[15]$_DFFE_PN0P_,csr,control,6
12399,cs_registers_i.minstret_counter_i.counter_val_o[16]$_DFFE_PN0P_,csr,control,6
12400,cs_registers_i.minstret_counter_i.counter_val_o[17]$_DFFE_PN0P_,csr,control,6
12401,cs_registers_i.minstret_counter_i.counter_val_o[18]$_DFFE_PN0P_,csr,control,6
12402,cs_registers_i.minstret_counter_i.counter_val_o[19]$_DFFE_PN0P_,csr,control,6
12403,cs_registers_i.minstret_counter_i.counter_val_o[1]$_DFFE_PN0P_,csr,control,6
12404,cs_registers_i.minstret_counter_i.counter_val_o[20]$_DFFE_PN0P_,csr,control,6
12405,cs_registers_i.minstret_counter_i.counter_val_o[21]$_DFFE_PN0P_,csr,control,6
12406,cs_registers_i.minstret_counter_i.counter_val_o[22]$_DFFE_PN0P_,csr,control,6
12407,cs_registers_i.minstret_counter_i.counter_val_o[23]$_DFFE_PN0P_,csr,control,6
12408,cs_registers_i.minstret_counter_i.counter_val_o[24]$_DFFE_PN0P_,csr,control,6
12409,cs_registers_i.minstret_counter_i.counter_val_o[25]$_DFFE_PN0P_,csr,control,6
12410,cs_registers_i.minstret_counter_i.counter_val_o[26]$_DFFE_PN0P_,csr,control,6
12411,cs_registers_i.minstret_counter_i.counter_val_o[27]$_DFFE_PN0P_,csr,control,6
12412,cs_registers_i.minstret_counter_i.counter_val_o[28]$_DFFE_PN0P_,csr,control,6
12413,cs_registers_i.minstret_counter_i.counter_val_o[29]$_DFFE_PN0P_,csr,control,6
12414,cs_registers_i.minstret_counter_i.counter_val_o[2]$_DFFE_PN0P_,csr,control,6
12415,cs_registers_i.minstret_counter_i.counter_val_o[30]$_DFFE_PN0P_,csr,control,6
12416,cs_registers_i.minstret_counter_i.counter_val_o[31]$_DFFE_PN0P_,csr,control,6
12417,cs_registers_i.minstret_counter_i.counter_val_o[32]$_DFFE_PN0P_,csr,control,6
12418,cs_registers_i.minstret_counter_i.counter_val_o[33]$_DFFE_PN0P_,csr,control,6
12419,cs_registers_i.minstret_counter_i.counter_val_o[34]$_DFFE_PN0P_,csr,control,6
12420,cs_registers_i.minstret_counter_i.counter_val_o[35]$_DFFE_PN0P_,csr,control,6
12421,cs_registers_i.minstret_counter_i.counter_val_o[36]$_DFFE_PN0P_,csr,control,6
12422,cs_registers_i.minstret_counter_i.counter_val_o[37]$_DFFE_PN0P_,csr,control,6
12423,cs_registers_i.minstret_counter_i.counter_val_o[38]$_DFFE_PN0P_,csr,control,6
12424,cs_registers_i.minstret_counter_i.counter_val_o[39]$_DFFE_PN0P_,csr,control,6
12425,cs_registers_i.minstret_counter_i.counter_val_o[3]$_DFFE_PN0P_,csr,control,6
12426,cs_registers_i.minstret_counter_i.counter_val_o[40]$_DFFE_PN0P_,csr,control,6
12427,cs_registers_i.minstret_counter_i.counter_val_o[41]$_DFFE_PN0P_,csr,control,6
12428,cs_registers_i.minstret_counter_i.counter_val_o[42]$_DFFE_PN0P_,csr,control,6
12429,cs_registers_i.minstret_counter_i.counter_val_o[43]$_DFFE_PN0P_,csr,control,6
12430,cs_registers_i.minstret_counter_i.counter_val_o[44]$_DFFE_PN0P_,csr,control,6
12431,cs_registers_i.minstret_counter_i.counter_val_o[45]$_DFFE_PN0P_,csr,control,6
12432,cs_registers_i.minstret_counter_i.counter_val_o[46]$_DFFE_PN0P_,csr,control,6
12433,cs_registers_i.minstret_counter_i.counter_val_o[47]$_DFFE_PN0P_,csr,control,6
12434,cs_registers_i.minstret_counter_i.counter_val_o[48]$_DFFE_PN0P_,csr,control,6
12435,cs_registers_i.minstret_counter_i.counter_val_o[49]$_DFFE_PN0P_,csr,control,6
12436,cs_registers_i.minstret_counter_i.counter_val_o[4]$_DFFE_PN0P_,csr,control,6
12437,cs_registers_i.minstret_counter_i.counter_val_o[50]$_DFFE_PN0P_,csr,control,6
12438,cs_registers_i.minstret_counter_i.counter_val_o[51]$_DFFE_PN0P_,csr,control,6
12439,cs_registers_i.minstret_counter_i.counter_val_o[52]$_DFFE_PN0P_,csr,control,6
12440,cs_registers_i.minstret_counter_i.counter_val_o[53]$_DFFE_PN0P_,csr,control,6
12441,cs_registers_i.minstret_counter_i.counter_val_o[54]$_DFFE_PN0P_,csr,control,6
12442,cs_registers_i.minstret_counter_i.counter_val_o[55]$_DFFE_PN0P_,csr,control,6
12443,cs_registers_i.minstret_counter_i.counter_val_o[56]$_DFFE_PN0P_,csr,control,6
12444,cs_registers_i.minstret_counter_i.counter_val_o[57]$_DFFE_PN0P_,csr,control,6
12445,cs_registers_i.minstret_counter_i.counter_val_o[58]$_DFFE_PN0P_,csr,control,6
12446,cs_registers_i.minstret_counter_i.counter_val_o[59]$_DFFE_PN0P_,csr,control,6
12447,cs_registers_i.minstret_counter_i.counter_val_o[5]$_DFFE_PN0P_,csr,control,6
12448,cs_registers_i.minstret_counter_i.counter_val_o[60]$_DFFE_PN0P_,csr,control,6
12449,cs_registers_i.minstret_counter_i.counter_val_o[61]$_DFFE_PN0P_,csr,control,6
12450,cs_registers_i.minstret_counter_i.counter_val_o[62]$_DFFE_PN0P_,csr,control,6
12451,cs_registers_i.minstret_counter_i.counter_val_o[63]$_DFFE_PN0P_,csr,control,6
12452,cs_registers_i.minstret_counter_i.counter_val_o[6]$_DFFE_PN0P_,csr,control,6
12453,cs_registers_i.minstret_counter_i.counter_val_o[7]$_DFFE_PN0P_,csr,control,6
12454,cs_registers_i.minstret_counter_i.counter_val_o[8]$_DFFE_PN0P_,csr,control,6
12455,cs_registers_i.minstret_counter_i.counter_val_o[9]$_DFFE_PN0P_,csr,control,6
12456,cs_registers_i.priv_mode_id_o[0]$_DFFE_PN1P_,pipeline_state,control,6
12457,cs_registers_i.priv_mode_id_o[1]$_DFFE_PN1P_,pipeline_state,control,6
12458,cs_registers_i.u_dcsr_csr.rd_data_o[0]$_DFFE_PN1P_,csr,control,6
12459,cs_registers_i.u_dcsr_csr.rd_data_o[11]$_DFFE_PN0P_,csr,control,6
12460,cs_registers_i.u_dcsr_csr.rd_data_o[12]$_DFFE_PN0P_,csr,control,6
12461,cs_registers_i.u_dcsr_csr.rd_data_o[13]$_DFFE_PN0P_,csr,control,6
12462,cs_registers_i.u_dcsr_csr.rd_data_o[15]$_DFFE_PN0P_,csr,control,6
12463,cs_registers_i.u_dcsr_csr.rd_data_o[1]$_DFFE_PN1P_,csr,control,6
12464,cs_registers_i.u_dcsr_csr.rd_data_o[2]$_DFFE_PN0P_,csr,control,6
12465,cs_registers_i.u_dcsr_csr.rd_data_o[6]$_DFFE_PN0P_,csr,control,6
12466,cs_registers_i.u_dcsr_csr.rd_data_o[7]$_DFFE_PN0P_,csr,control,6
12467,cs_registers_i.u_dcsr_csr.rd_data_o[8]$_DFFE_PN0P_,csr,control,6
12468,cs_registers_i.u_depc_csr.rd_data_o[10]$_DFFE_PN0P_,csr,control,6
12469,cs_registers_i.u_depc_csr.rd_data_o[11]$_DFFE_PN0P_,csr,control,6
12470,cs_registers_i.u_depc_csr.rd_data_o[12]$_DFFE_PN0P_,csr,control,6
12471,cs_registers_i.u_depc_csr.rd_data_o[13]$_DFFE_PN0P_,csr,control,6
12472,cs_registers_i.u_depc_csr.rd_data_o[14]$_DFFE_PN0P_,csr,control,6
12473,cs_registers_i.u_depc_csr.rd_data_o[15]$_DFFE_PN0P_,csr,control,6
12474,cs_registers_i.u_depc_csr.rd_data_o[16]$_DFFE_PN0P_,csr,control,6
12475,cs_registers_i.u_depc_csr.rd_data_o[17]$_DFFE_PN0P_,csr,control,6
12476,cs_registers_i.u_depc_csr.rd_data_o[18]$_DFFE_PN0P_,csr,control,6
12477,cs_registers_i.u_depc_csr.rd_data_o[19]$_DFFE_PN0P_,csr,control,6
12478,cs_registers_i.u_depc_csr.rd_data_o[1]$_DFFE_PN0P_,csr,control,6
12479,cs_registers_i.u_depc_csr.rd_data_o[20]$_DFFE_PN0P_,csr,control,6
12480,cs_registers_i.u_depc_csr.rd_data_o[21]$_DFFE_PN0P_,csr,control,6
12481,cs_registers_i.u_depc_csr.rd_data_o[22]$_DFFE_PN0P_,csr,control,6
12482,cs_registers_i.u_depc_csr.rd_data_o[23]$_DFFE_PN0P_,csr,control,6
12483,cs_registers_i.u_depc_csr.rd_data_o[24]$_DFFE_PN0P_,csr,control,6
12484,cs_registers_i.u_depc_csr.rd_data_o[25]$_DFFE_PN0P_,csr,control,6
12485,cs_registers_i.u_depc_csr.rd_data_o[26]$_DFFE_PN0P_,csr,control,6
12486,cs_registers_i.u_depc_csr.rd_data_o[27]$_DFFE_PN0P_,csr,control,6
12487,cs_registers_i.u_depc_csr.rd_data_o[28]$_DFFE_PN0P_,csr,control,6
12488,cs_registers_i.u_depc_csr.rd_data_o[29]$_DFFE_PN0P_,csr,control,6
12489,cs_registers_i.u_depc_csr.rd_data_o[2]$_DFFE_PN0P_,csr,control,6
12490,cs_registers_i.u_depc_csr.rd_data_o[30]$_DFFE_PN0P_,csr,control,6
12491,cs_registers_i.u_depc_csr.rd_data_o[31]$_DFFE_PN0P_,csr,control,6
12492,cs_registers_i.u_depc_csr.rd_data_o[3]$_DFFE_PN0P_,csr,control,6
12493,cs_registers_i.u_depc_csr.rd_data_o[4]$_DFFE_PN0P_,csr,control,6
12494,cs_registers_i.u_depc_csr.rd_data_o[5]$_DFFE_PN0P_,csr,control,6
12495,cs_registers_i.u_depc_csr.rd_data_o[6]$_DFFE_PN0P_,csr,control,6
12496,cs_registers_i.u_depc_csr.rd_data_o[7]$_DFFE_PN0P_,csr,control,6
12497,cs_registers_i.u_depc_csr.rd_data_o[8]$_DFFE_PN0P_,csr,control,6
12498,cs_registers_i.u_depc_csr.rd_data_o[9]$_DFFE_PN0P_,csr,control,6
12499,cs_registers_i.u_dscratch0_csr.rd_data_o[0]$_DFFE_PN0P_,csr,control,6
12500,cs_registers_i.u_dscratch0_csr.rd_data_o[10]$_DFFE_PN0P_,csr,control,6
12501,cs_registers_i.u_dscratch0_csr.rd_data_o[11]$_DFFE_PN0P_,csr,control,6
12502,cs_registers_i.u_dscratch0_csr.rd_data_o[12]$_DFFE_PN0P_,csr,control,6
12503,cs_registers_i.u_dscratch0_csr.rd_data_o[13]$_DFFE_PN0P_,csr,control,6
12504,cs_registers_i.u_dscratch0_csr.rd_data_o[14]$_DFFE_PN0P_,csr,control,6
12505,cs_registers_i.u_dscratch0_csr.rd_data_o[15]$_DFFE_PN0P_,csr,control,6
12506,cs_registers_i.u_dscratch0_csr.rd_data_o[16]$_DFFE_PN0P_,csr,control,6
12507,cs_registers_i.u_dscratch0_csr.rd_data_o[17]$_DFFE_PN0P_,csr,control,6
12508,cs_registers_i.u_dscratch0_csr.rd_data_o[18]$_DFFE_PN0P_,csr,control,6
12509,cs_registers_i.u_dscratch0_csr.rd_data_o[19]$_DFFE_PN0P_,csr,control,6
12510,cs_registers_i.u_dscratch0_csr.rd_data_o[1]$_DFFE_PN0P_,csr,control,6
12511,cs_registers_i.u_dscratch0_csr.rd_data_o[20]$_DFFE_PN0P_,csr,control,6
12512,cs_registers_i.u_dscratch0_csr.rd_data_o[21]$_DFFE_PN0P_,csr,control,6
12513,cs_registers_i.u_dscratch0_csr.rd_data_o[22]$_DFFE_PN0P_,csr,control,6
12514,cs_registers_i.u_dscratch0_csr.rd_data_o[23]$_DFFE_PN0P_,csr,control,6
12515,cs_registers_i.u_dscratch0_csr.rd_data_o[24]$_DFFE_PN0P_,csr,control,6
12516,cs_registers_i.u_dscratch0_csr.rd_data_o[25]$_DFFE_PN0P_,csr,control,6
12517,cs_registers_i.u_dscratch0_csr.rd_data_o[26]$_DFFE_PN0P_,csr,control,6
12518,cs_registers_i.u_dscratch0_csr.rd_data_o[27]$_DFFE_PN0P_,csr,control,6
12519,cs_registers_i.u_dscratch0_csr.rd_data_o[28]$_DFFE_PN0P_,csr,control,6
12520,cs_registers_i.u_dscratch0_csr.rd_data_o[29]$_DFFE_PN0P_,csr,control,6
12521,cs_registers_i.u_dscratch0_csr.rd_data_o[2]$_DFFE_PN0P_,csr,control,6
12522,cs_registers_i.u_dscratch0_csr.rd_data_o[30]$_DFFE_PN0P_,csr,control,6
12523,cs_registers_i.u_dscratch0_csr.rd_data_o[31]$_DFFE_PN0P_,csr,control,6
12524,cs_registers_i.u_dscratch0_csr.rd_data_o[3]$_DFFE_PN0P_,csr,control,6
12525,cs_registers_i.u_dscratch0_csr.rd_data_o[4]$_DFFE_PN0P_,csr,control,6
12526,cs_registers_i.u_dscratch0_csr.rd_data_o[5]$_DFFE_PN0P_,csr,control,6
12527,cs_registers_i.u_dscratch0_csr.rd_data_o[6]$_DFFE_PN0P_,csr,control,6
12528,cs_registers_i.u_dscratch0_csr.rd_data_o[7]$_DFFE_PN0P_,csr,control,6
12529,cs_registers_i.u_dscratch0_csr.rd_data_o[8]$_DFFE_PN0P_,csr,control,6
12530,cs_registers_i.u_dscratch0_csr.rd_data_o[9]$_DFFE_PN0P_,csr,control,6
12531,cs_registers_i.u_dscratch1_csr.rd_data_o[0]$_DFFE_PN0P_,csr,control,6
12532,cs_registers_i.u_dscratch1_csr.rd_data_o[10]$_DFFE_PN0P_,csr,control,6
12533,cs_registers_i.u_dscratch1_csr.rd_data_o[11]$_DFFE_PN0P_,csr,control,6
12534,cs_registers_i.u_dscratch1_csr.rd_data_o[12]$_DFFE_PN0P_,csr,control,6
12535,cs_registers_i.u_dscratch1_csr.rd_data_o[13]$_DFFE_PN0P_,csr,control,6
12536,cs_registers_i.u_dscratch1_csr.rd_data_o[14]$_DFFE_PN0P_,csr,control,6
12537,cs_registers_i.u_dscratch1_csr.rd_data_o[15]$_DFFE_PN0P_,csr,control,6
12538,cs_registers_i.u_dscratch1_csr.rd_data_o[16]$_DFFE_PN0P_,csr,control,6
12539,cs_registers_i.u_dscratch1_csr.rd_data_o[17]$_DFFE_PN0P_,csr,control,6
12540,cs_registers_i.u_dscratch1_csr.rd_data_o[18]$_DFFE_PN0P_,csr,control,6
12541,cs_registers_i.u_dscratch1_csr.rd_data_o[19]$_DFFE_PN0P_,csr,control,6
12542,cs_registers_i.u_dscratch1_csr.rd_data_o[1]$_DFFE_PN0P_,csr,control,6
12543,cs_registers_i.u_dscratch1_csr.rd_data_o[20]$_DFFE_PN0P_,csr,control,6
12544,cs_registers_i.u_dscratch1_csr.rd_data_o[21]$_DFFE_PN0P_,csr,control,6
12545,cs_registers_i.u_dscratch1_csr.rd_data_o[22]$_DFFE_PN0P_,csr,control,6
12546,cs_registers_i.u_dscratch1_csr.rd_data_o[23]$_DFFE_PN0P_,csr,control,6
12547,cs_registers_i.u_dscratch1_csr.rd_data_o[24]$_DFFE_PN0P_,csr,control,6
12548,cs_registers_i.u_dscratch1_csr.rd_data_o[25]$_DFFE_PN0P_,csr,control,6
12549,cs_registers_i.u_dscratch1_csr.rd_data_o[26]$_DFFE_PN0P_,csr,control,6
12550,cs_registers_i.u_dscratch1_csr.rd_data_o[27]$_DFFE_PN0P_,csr,control,6
12551,cs_registers_i.u_dscratch1_csr.rd_data_o[28]$_DFFE_PN0P_,csr,control,6
12552,cs_registers_i.u_dscratch1_csr.rd_data_o[29]$_DFFE_PN0P_,csr,control,6
12553,cs_registers_i.u_dscratch1_csr.rd_data_o[2]$_DFFE_PN0P_,csr,control,6
12554,cs_registers_i.u_dscratch1_csr.rd_data_o[30]$_DFFE_PN0P_,csr,control,6
12555,cs_registers_i.u_dscratch1_csr.rd_data_o[31]$_DFFE_PN0P_,csr,control,6
12556,cs_registers_i.u_dscratch1_csr.rd_data_o[3]$_DFFE_PN0P_,csr,control,6
12557,cs_registers_i.u_dscratch1_csr.rd_data_o[4]$_DFFE_PN0P_,csr,control,6
12558,cs_registers_i.u_dscratch1_csr.rd_data_o[5]$_DFFE_PN0P_,csr,control,6
12559,cs_registers_i.u_dscratch1_csr.rd_data_o[6]$_DFFE_PN0P_,csr,control,6
12560,cs_registers_i.u_dscratch1_csr.rd_data_o[7]$_DFFE_PN0P_,csr,control,6
12561,cs_registers_i.u_dscratch1_csr.rd_data_o[8]$_DFFE_PN0P_,csr,control,6
12562,cs_registers_i.u_dscratch1_csr.rd_data_o[9]$_DFFE_PN0P_,csr,control,6
12563,cs_registers_i.u_mcause_csr.rd_data_o[0]$_DFFE_PN0P_,csr,control,6
12564,cs_registers_i.u_mcause_csr.rd_data_o[1]$_DFFE_PN0P_,csr,control,6
12565,cs_registers_i.u_mcause_csr.rd_data_o[2]$_DFFE_PN0P_,csr,control,6
12566,cs_registers_i.u_mcause_csr.rd_data_o[3]$_DFFE_PN0P_,csr,control,6
12567,cs_registers_i.u_mcause_csr.rd_data_o[4]$_DFFE_PN0P_,csr,control,6
12568,cs_registers_i.u_mcause_csr.rd_data_o[5]$_DFFE_PN0P_,csr,control,6
12569,cs_registers_i.u_mepc_csr.rd_data_o[0]$_DFFE_PN0P_,csr,control,6
12570,cs_registers_i.u_mepc_csr.rd_data_o[10]$_DFFE_PN0P_,csr,control,6
12571,cs_registers_i.u_mepc_csr.rd_data_o[11]$_DFFE_PN0P_,csr,control,6
12572,cs_registers_i.u_mepc_csr.rd_data_o[12]$_DFFE_PN0P_,csr,control,6
12573,cs_registers_i.u_mepc_csr.rd_data_o[13]$_DFFE_PN0P_,csr,control,6
12574,cs_registers_i.u_mepc_csr.rd_data_o[14]$_DFFE_PN0P_,csr,control,6
12575,cs_registers_i.u_mepc_csr.rd_data_o[15]$_DFFE_PN0P_,csr,control,6
12576,cs_registers_i.u_mepc_csr.rd_data_o[16]$_DFFE_PN0P_,csr,control,6
12577,cs_registers_i.u_mepc_csr.rd_data_o[17]$_DFFE_PN0P_,csr,control,6
12578,cs_registers_i.u_mepc_csr.rd_data_o[18]$_DFFE_PN0P_,csr,control,6
12579,cs_registers_i.u_mepc_csr.rd_data_o[19]$_DFFE_PN0P_,csr,control,6
12580,cs_registers_i.u_mepc_csr.rd_data_o[1]$_DFFE_PN0P_,csr,control,6
12581,cs_registers_i.u_mepc_csr.rd_data_o[20]$_DFFE_PN0P_,csr,control,6
12582,cs_registers_i.u_mepc_csr.rd_data_o[21]$_DFFE_PN0P_,csr,control,6
12583,cs_registers_i.u_mepc_csr.rd_data_o[22]$_DFFE_PN0P_,csr,control,6
12584,cs_registers_i.u_mepc_csr.rd_data_o[23]$_DFFE_PN0P_,csr,control,6
12585,cs_registers_i.u_mepc_csr.rd_data_o[24]$_DFFE_PN0P_,csr,control,6
12586,cs_registers_i.u_mepc_csr.rd_data_o[25]$_DFFE_PN0P_,csr,control,6
12587,cs_registers_i.u_mepc_csr.rd_data_o[26]$_DFFE_PN0P_,csr,control,6
12588,cs_registers_i.u_mepc_csr.rd_data_o[27]$_DFFE_PN0P_,csr,control,6
12589,cs_registers_i.u_mepc_csr.rd_data_o[28]$_DFFE_PN0P_,csr,control,6
12590,cs_registers_i.u_mepc_csr.rd_data_o[29]$_DFFE_PN0P_,csr,control,6
12591,cs_registers_i.u_mepc_csr.rd_data_o[2]$_DFFE_PN0P_,csr,control,6
12592,cs_registers_i.u_mepc_csr.rd_data_o[30]$_DFFE_PN0P_,csr,control,6
12593,cs_registers_i.u_mepc_csr.rd_data_o[31]$_DFFE_PN0P_,csr,control,6
12594,cs_registers_i.u_mepc_csr.rd_data_o[3]$_DFFE_PN0P_,csr,control,6
12595,cs_registers_i.u_mepc_csr.rd_data_o[4]$_DFFE_PN0P_,csr,control,6
12596,cs_registers_i.u_mepc_csr.rd_data_o[5]$_DFFE_PN0P_,csr,control,6
12597,cs_registers_i.u_mepc_csr.rd_data_o[6]$_DFFE_PN0P_,csr,control,6
12598,cs_registers_i.u_mepc_csr.rd_data_o[7]$_DFFE_PN0P_,csr,control,6
12599,cs_registers_i.u_mepc_csr.rd_data_o[8]$_DFFE_PN0P_,csr,control,6
12600,cs_registers_i.u_mepc_csr.rd_data_o[9]$_DFFE_PN0P_,csr,control,6
12601,cs_registers_i.u_mie_csr.rd_data_o[0]$_DFFE_PN0P_,csr,control,6
12602,cs_registers_i.u_mie_csr.rd_data_o[10]$_DFFE_PN0P_,csr,control,6
12603,cs_registers_i.u_mie_csr.rd_data_o[11]$_DFFE_PN0P_,csr,control,6
12604,cs_registers_i.u_mie_csr.rd_data_o[12]$_DFFE_PN0P_,csr,control,6
12605,cs_registers_i.u_mie_csr.rd_data_o[13]$_DFFE_PN0P_,csr,control,6
12606,cs_registers_i.u_mie_csr.rd_data_o[14]$_DFFE_PN0P_,csr,control,6
12607,cs_registers_i.u_mie_csr.rd_data_o[15]$_DFFE_PN0P_,csr,control,6
12608,cs_registers_i.u_mie_csr.rd_data_o[16]$_DFFE_PN0P_,csr,control,6
12609,cs_registers_i.u_mie_csr.rd_data_o[17]$_DFFE_PN0P_,csr,control,6
12610,cs_registers_i.u_mie_csr.rd_data_o[1]$_DFFE_PN0P_,csr,control,6
12611,cs_registers_i.u_mie_csr.rd_data_o[2]$_DFFE_PN0P_,csr,control,6
12612,cs_registers_i.u_mie_csr.rd_data_o[3]$_DFFE_PN0P_,csr,control,6
12613,cs_registers_i.u_mie_csr.rd_data_o[4]$_DFFE_PN0P_,csr,control,6
12614,cs_registers_i.u_mie_csr.rd_data_o[5]$_DFFE_PN0P_,csr,control,6
12615,cs_registers_i.u_mie_csr.rd_data_o[6]$_DFFE_PN0P_,csr,control,6
12616,cs_registers_i.u_mie_csr.rd_data_o[7]$_DFFE_PN0P_,csr,control,6
12617,cs_registers_i.u_mie_csr.rd_data_o[8]$_DFFE_PN0P_,csr,control,6
12618,cs_registers_i.u_mie_csr.rd_data_o[9]$_DFFE_PN0P_,csr,control,6
12619,cs_registers_i.u_mscratch_csr.rd_data_o[0]$_DFFE_PN0P_,csr,control,6
12620,cs_registers_i.u_mscratch_csr.rd_data_o[10]$_DFFE_PN0P_,csr,control,6
12621,cs_registers_i.u_mscratch_csr.rd_data_o[11]$_DFFE_PN0P_,csr,control,6
12622,cs_registers_i.u_mscratch_csr.rd_data_o[12]$_DFFE_PN0P_,csr,control,6
12623,cs_registers_i.u_mscratch_csr.rd_data_o[13]$_DFFE_PN0P_,csr,control,6
12624,cs_registers_i.u_mscratch_csr.rd_data_o[14]$_DFFE_PN0P_,csr,control,6
12625,cs_registers_i.u_mscratch_csr.rd_data_o[15]$_DFFE_PN0P_,csr,control,6
12626,cs_registers_i.u_mscratch_csr.rd_data_o[16]$_DFFE_PN0P_,csr,control,6
12627,cs_registers_i.u_mscratch_csr.rd_data_o[17]$_DFFE_PN0P_,csr,control,6
12628,cs_registers_i.u_mscratch_csr.rd_data_o[18]$_DFFE_PN0P_,csr,control,6
12629,cs_registers_i.u_mscratch_csr.rd_data_o[19]$_DFFE_PN0P_,csr,control,6
12630,cs_registers_i.u_mscratch_csr.rd_data_o[1]$_DFFE_PN0P_,csr,control,6
12631,cs_registers_i.u_mscratch_csr.rd_data_o[20]$_DFFE_PN0P_,csr,control,6
12632,cs_registers_i.u_mscratch_csr.rd_data_o[21]$_DFFE_PN0P_,csr,control,6
12633,cs_registers_i.u_mscratch_csr.rd_data_o[22]$_DFFE_PN0P_,csr,control,6
12634,cs_registers_i.u_mscratch_csr.rd_data_o[23]$_DFFE_PN0P_,csr,control,6
12635,cs_registers_i.u_mscratch_csr.rd_data_o[24]$_DFFE_PN0P_,csr,control,6
12636,cs_registers_i.u_mscratch_csr.rd_data_o[25]$_DFFE_PN0P_,csr,control,6
12637,cs_registers_i.u_mscratch_csr.rd_data_o[26]$_DFFE_PN0P_,csr,control,6
12638,cs_registers_i.u_mscratch_csr.rd_data_o[27]$_DFFE_PN0P_,csr,control,6
12639,cs_registers_i.u_mscratch_csr.rd_data_o[28]$_DFFE_PN0P_,csr,control,6
12640,cs_registers_i.u_mscratch_csr.rd_data_o[29]$_DFFE_PN0P_,csr,control,6
12641,cs_registers_i.u_mscratch_csr.rd_data_o[2]$_DFFE_PN0P_,csr,control,6
12642,cs_registers_i.u_mscratch_csr.rd_data_o[30]$_DFFE_PN0P_,csr,control,6
12643,cs_registers_i.u_mscratch_csr.rd_data_o[31]$_DFFE_PN0P_,csr,control,6
12644,cs_registers_i.u_mscratch_csr.rd_data_o[3]$_DFFE_PN0P_,csr,control,6
12645,cs_registers_i.u_mscratch_csr.rd_data_o[4]$_DFFE_PN0P_,csr,control,6
12646,cs_registers_i.u_mscratch_csr.rd_data_o[5]$_DFFE_PN0P_,csr,control,6
12647,cs_registers_i.u_mscratch_csr.rd_data_o[6]$_DFFE_PN0P_,csr,control,6
12648,cs_registers_i.u_mscratch_csr.rd_data_o[7]$_DFFE_PN0P_,csr,control,6
12649,cs_registers_i.u_mscratch_csr.rd_data_o[8]$_DFFE_PN0P_,csr,control,6
12650,cs_registers_i.u_mscratch_csr.rd_data_o[9]$_DFFE_PN0P_,csr,control,6
12651,cs_registers_i.u_mstack_cause_csr.rd_data_o[0]$_DFFE_PN0P_,csr,control,6
12652,cs_registers_i.u_mstack_cause_csr.rd_data_o[1]$_DFFE_PN0P_,csr,control,6
12653,cs_registers_i.u_mstack_cause_csr.rd_data_o[2]$_DFFE_PN0P_,csr,control,6
12654,cs_registers_i.u_mstack_cause_csr.rd_data_o[3]$_DFFE_PN0P_,csr,control,6
12655,cs_registers_i.u_mstack_cause_csr.rd_data_o[4]$_DFFE_PN0P_,csr,control,6
12656,cs_registers_i.u_mstack_cause_csr.rd_data_o[5]$_DFFE_PN0P_,csr,control,6
12657,cs_registers_i.u_mstack_csr.rd_data_o[0]$_DFFE_PN0P_,csr,control,6
12658,cs_registers_i.u_mstack_csr.rd_data_o[1]$_DFFE_PN0P_,csr,control,6
12659,cs_registers_i.u_mstack_csr.rd_data_o[2]$_DFFE_PN1P_,csr,control,6
12660,cs_registers_i.u_mstack_epc_csr.rd_data_o[0]$_DFFE_PN0P_,csr,control,6
12661,cs_registers_i.u_mstack_epc_csr.rd_data_o[10]$_DFFE_PN0P_,csr,control,6
12662,cs_registers_i.u_mstack_epc_csr.rd_data_o[11]$_DFFE_PN0P_,csr,control,6
12663,cs_registers_i.u_mstack_epc_csr.rd_data_o[12]$_DFFE_PN0P_,csr,control,6
12664,cs_registers_i.u_mstack_epc_csr.rd_data_o[13]$_DFFE_PN0P_,csr,control,6
12665,cs_registers_i.u_mstack_epc_csr.rd_data_o[14]$_DFFE_PN0P_,csr,control,6
12666,cs_registers_i.u_mstack_epc_csr.rd_data_o[15]$_DFFE_PN0P_,csr,control,6
12667,cs_registers_i.u_mstack_epc_csr.rd_data_o[16]$_DFFE_PN0P_,csr,control,6
12668,cs_registers_i.u_mstack_epc_csr.rd_data_o[17]$_DFFE_PN0P_,csr,control,6
12669,cs_registers_i.u_mstack_epc_csr.rd_data_o[18]$_DFFE_PN0P_,csr,control,6
12670,cs_registers_i.u_mstack_epc_csr.rd_data_o[19]$_DFFE_PN0P_,csr,control,6
12671,cs_registers_i.u_mstack_epc_csr.rd_data_o[1]$_DFFE_PN0P_,csr,control,6
12672,cs_registers_i.u_mstack_epc_csr.rd_data_o[20]$_DFFE_PN0P_,csr,control,6
12673,cs_registers_i.u_mstack_epc_csr.rd_data_o[21]$_DFFE_PN0P_,csr,control,6
12674,cs_registers_i.u_mstack_epc_csr.rd_data_o[22]$_DFFE_PN0P_,csr,control,6
12675,cs_registers_i.u_mstack_epc_csr.rd_data_o[23]$_DFFE_PN0P_,csr,control,6
12676,cs_registers_i.u_mstack_epc_csr.rd_data_o[24]$_DFFE_PN0P_,csr,control,6
12677,cs_registers_i.u_mstack_epc_csr.rd_data_o[25]$_DFFE_PN0P_,csr,control,6
12678,cs_registers_i.u_mstack_epc_csr.rd_data_o[26]$_DFFE_PN0P_,csr,control,6
12679,cs_registers_i.u_mstack_epc_csr.rd_data_o[27]$_DFFE_PN0P_,csr,control,6
12680,cs_registers_i.u_mstack_epc_csr.rd_data_o[28]$_DFFE_PN0P_,csr,control,6
12681,cs_registers_i.u_mstack_epc_csr.rd_data_o[29]$_DFFE_PN0P_,csr,control,6
12682,cs_registers_i.u_mstack_epc_csr.rd_data_o[2]$_DFFE_PN0P_,csr,control,6
12683,cs_registers_i.u_mstack_epc_csr.rd_data_o[30]$_DFFE_PN0P_,csr,control,6
12684,cs_registers_i.u_mstack_epc_csr.rd_data_o[31]$_DFFE_PN0P_,csr,control,6
12685,cs_registers_i.u_mstack_epc_csr.rd_data_o[3]$_DFFE_PN0P_,csr,control,6
12686,cs_registers_i.u_mstack_epc_csr.rd_data_o[4]$_DFFE_PN0P_,csr,control,6
12687,cs_registers_i.u_mstack_epc_csr.rd_data_o[5]$_DFFE_PN0P_,csr,control,6
12688,cs_registers_i.u_mstack_epc_csr.rd_data_o[6]$_DFFE_PN0P_,csr,control,6
12689,cs_registers_i.u_mstack_epc_csr.rd_data_o[7]$_DFFE_PN0P_,csr,control,6
12690,cs_registers_i.u_mstack_epc_csr.rd_data_o[8]$_DFFE_PN0P_,csr,control,6
12691,cs_registers_i.u_mstack_epc_csr.rd_data_o[9]$_DFFE_PN0P_,csr,control,6
12692,cs_registers_i.u_mstatus_csr.rd_data_o[0]$_DFFE_PN0P_,csr,control,6
12693,cs_registers_i.u_mstatus_csr.rd_data_o[1]$_DFFE_PN0P_,csr,control,6
12694,cs_registers_i.u_mstatus_csr.rd_data_o[2]$_DFFE_PN0P_,csr,control,6
12695,cs_registers_i.u_mstatus_csr.rd_data_o[3]$_DFFE_PN0P_,csr,control,6
12696,cs_registers_i.u_mstatus_csr.rd_data_o[4]$_DFFE_PN1P_,csr,control,6
12697,cs_registers_i.u_mstatus_csr.rd_data_o[5]$_DFFE_PN0P_,csr,control,6
12698,cs_registers_i.u_mtval_csr.rd_data_o[0]$_DFFE_PN0P_,csr,control,6
12699,cs_registers_i.u_mtval_csr.rd_data_o[10]$_DFFE_PN0P_,csr,control,6
12700,cs_registers_i.u_mtval_csr.rd_data_o[11]$_DFFE_PN0P_,csr,control,6
12701,cs_registers_i.u_mtval_csr.rd_data_o[12]$_DFFE_PN0P_,csr,control,6
12702,cs_registers_i.u_mtval_csr.rd_data_o[13]$_DFFE_PN0P_,csr,control,6
12703,cs_registers_i.u_mtval_csr.rd_data_o[14]$_DFFE_PN0P_,csr,control,6
12704,cs_registers_i.u_mtval_csr.rd_data_o[15]$_DFFE_PN0P_,csr,control,6
12705,cs_registers_i.u_mtval_csr.rd_data_o[16]$_DFFE_PN0P_,csr,control,6
12706,cs_registers_i.u_mtval_csr.rd_data_o[17]$_DFFE_PN0P_,csr,control,6
12707,cs_registers_i.u_mtval_csr.rd_data_o[18]$_DFFE_PN0P_,csr,control,6
12708,cs_registers_i.u_mtval_csr.rd_data_o[19]$_DFFE_PN0P_,csr,control,6
12709,cs_registers_i.u_mtval_csr.rd_data_o[1]$_DFFE_PN0P_,csr,control,6
12710,cs_registers_i.u_mtval_csr.rd_data_o[20]$_DFFE_PN0P_,csr,control,6
12711,cs_registers_i.u_mtval_csr.rd_data_o[21]$_DFFE_PN0P_,csr,control,6
12712,cs_registers_i.u_mtval_csr.rd_data_o[22]$_DFFE_PN0P_,csr,control,6
12713,cs_registers_i.u_mtval_csr.rd_data_o[23]$_DFFE_PN0P_,csr,control,6
12714,cs_registers_i.u_mtval_csr.rd_data_o[24]$_DFFE_PN0P_,csr,control,6
12715,cs_registers_i.u_mtval_csr.rd_data_o[25]$_DFFE_PN0P_,csr,control,6
12716,cs_registers_i.u_mtval_csr.rd_data_o[26]$_DFFE_PN0P_,csr,control,6
12717,cs_registers_i.u_mtval_csr.rd_data_o[27]$_DFFE_PN0P_,csr,control,6
12718,cs_registers_i.u_mtval_csr.rd_data_o[28]$_DFFE_PN0P_,csr,control,6
12719,cs_registers_i.u_mtval_csr.rd_data_o[29]$_DFFE_PN0P_,csr,control,6
12720,cs_registers_i.u_mtval_csr.rd_data_o[2]$_DFFE_PN0P_,csr,control,6
12721,cs_registers_i.u_mtval_csr.rd_data_o[30]$_DFFE_PN0P_,csr,control,6
12722,cs_registers_i.u_mtval_csr.rd_data_o[31]$_DFFE_PN0P_,csr,control,6
12723,cs_registers_i.u_mtval_csr.rd_data_o[3]$_DFFE_PN0P_,csr,control,6
12724,cs_registers_i.u_mtval_csr.rd_data_o[4]$_DFFE_PN0P_,csr,control,6
12725,cs_registers_i.u_mtval_csr.rd_data_o[5]$_DFFE_PN0P_,csr,control,6
12726,cs_registers_i.u_mtval_csr.rd_data_o[6]$_DFFE_PN0P_,csr,control,6
12727,cs_registers_i.u_mtval_csr.rd_data_o[7]$_DFFE_PN0P_,csr,control,6
12728,cs_registers_i.u_mtval_csr.rd_data_o[8]$_DFFE_PN0P_,csr,control,6
12729,cs_registers_i.u_mtval_csr.rd_data_o[9]$_DFFE_PN0P_,csr,control,6
12730,cs_registers_i.u_mtvec_csr.rd_data_o[10]$_DFFE_PN0P_,csr,control,6
12731,cs_registers_i.u_mtvec_csr.rd_data_o[11]$_DFFE_PN0P_,csr,control,6
12732,cs_registers_i.u_mtvec_csr.rd_data_o[12]$_DFFE_PN0P_,csr,control,6
12733,cs_registers_i.u_mtvec_csr.rd_data_o[13]$_DFFE_PN0P_,csr,control,6
12734,cs_registers_i.u_mtvec_csr.rd_data_o[14]$_DFFE_PN0P_,csr,control,6
12735,cs_registers_i.u_mtvec_csr.rd_data_o[15]$_DFFE_PN0P_,csr,control,6
12736,cs_registers_i.u_mtvec_csr.rd_data_o[16]$_DFFE_PN0P_,csr,control,6
12737,cs_registers_i.u_mtvec_csr.rd_data_o[17]$_DFFE_PN0P_,csr,control,6
12738,cs_registers_i.u_mtvec_csr.rd_data_o[18]$_DFFE_PN0P_,csr,control,6
12739,cs_registers_i.u_mtvec_csr.rd_data_o[19]$_DFFE_PN0P_,csr,control,6
12740,cs_registers_i.u_mtvec_csr.rd_data_o[20]$_DFFE_PN0P_,csr,control,6
12741,cs_registers_i.u_mtvec_csr.rd_data_o[21]$_DFFE_PN0P_,csr,control,6
12742,cs_registers_i.u_mtvec_csr.rd_data_o[22]$_DFFE_PN0P_,csr,control,6
12743,cs_registers_i.u_mtvec_csr.rd_data_o[23]$_DFFE_PN0P_,csr,control,6
12744,cs_registers_i.u_mtvec_csr.rd_data_o[24]$_DFFE_PN0P_,csr,control,6
12745,cs_registers_i.u_mtvec_csr.rd_data_o[25]$_DFFE_PN0P_,csr,control,6
12746,cs_registers_i.u_mtvec_csr.rd_data_o[26]$_DFFE_PN0P_,csr,control,6
12747,cs_registers_i.u_mtvec_csr.rd_data_o[27]$_DFFE_PN0P_,csr,control,6
12748,cs_registers_i.u_mtvec_csr.rd_data_o[28]$_DFFE_PN0P_,csr,control,6
12749,cs_registers_i.u_mtvec_csr.rd_data_o[29]$_DFFE_PN0P_,csr,control,6
12750,cs_registers_i.u_mtvec_csr.rd_data_o[30]$_DFFE_PN0P_,csr,control,6
12751,cs_registers_i.u_mtvec_csr.rd_data_o[31]$_DFFE_PN0P_,csr,control,6
12752,cs_registers_i.u_mtvec_csr.rd_data_o[8]$_DFFE_PN0P_,csr,control,6
12753,cs_registers_i.u_mtvec_csr.rd_data_o[9]$_DFFE_PN0P_,csr,control,6
12754,delaybuf_0_core_clock,clock_reset,control,3
12755,delaybuf_1_core_clock,clock_reset,control,3
12756,ex_block_i.gen_multdiv_fast.multdiv_i.div_by_zero_q$_DFFE_PN0P_,pipeline_state,control,6
12757,ex_block_i.gen_multdiv_fast.multdiv_i.div_counter_q[0]$_DFFE_PN0P_,pipeline_state,control,6
12758,ex_block_i.gen_multdiv_fast.multdiv_i.div_counter_q[1]$_DFFE_PN0P_,pipeline_state,control,6
12759,ex_block_i.gen_multdiv_fast.multdiv_i.div_counter_q[2]$_DFFE_PN0P_,pipeline_state,control,6
12760,ex_block_i.gen_multdiv_fast.multdiv_i.div_counter_q[3]$_DFFE_PN0P_,pipeline_state,control,6
12761,ex_block_i.gen_multdiv_fast.multdiv_i.div_counter_q[4]$_DFFE_PN0P_,pipeline_state,control,6
12762,ex_block_i.gen_multdiv_fast.multdiv_i.gen_mult_fast.mult_state_q[0]$_DFF_PN1_,pipeline_state,control,6
12763,ex_block_i.gen_multdiv_fast.multdiv_i.gen_mult_fast.mult_state_q[1]$_DFF_PN0_,pipeline_state,control,6
12764,ex_block_i.gen_multdiv_fast.multdiv_i.gen_mult_fast.mult_state_q[2]$_DFF_PN0_,pipeline_state,control,6
12765,ex_block_i.gen_multdiv_fast.multdiv_i.gen_mult_fast.mult_state_q[3]$_DFF_PN0_,pipeline_state,control,6
12766,ex_block_i.gen_multdiv_fast.multdiv_i.md_state_q[0]$_DFF_PN1_,pipeline_state,control,6
12767,ex_block_i.gen_multdiv_fast.multdiv_i.md_state_q[1]$_DFF_PN0_,pipeline_state,control,6
12768,ex_block_i.gen_multdiv_fast.multdiv_i.md_state_q[2]$_DFF_PN0_,pipeline_state,control,6
12769,ex_block_i.gen_multdiv_fast.multdiv_i.md_state_q[3]$_DFF_PN0_,pipeline_state,control,6
12770,ex_block_i.gen_multdiv_fast.multdiv_i.md_state_q[4]$_DFF_PN0_,pipeline_state,control,6
12771,ex_block_i.gen_multdiv_fast.multdiv_i.md_state_q[5]$_DFF_PN0_,pipeline_state,control,6
12772,ex_block_i.gen_multdiv_fast.multdiv_i.md_state_q[6]$_DFF_PN0_,pipeline_state,control,6
12773,ex_block_i.gen_multdiv_fast.multdiv_i.op_numerator_q[0]$_DFFE_PN0P_,pipeline_state,control,6
12774,ex_block_i.gen_multdiv_fast.multdiv_i.op_numerator_q[10]$_DFFE_PN0P_,pipeline_state,control,6
12775,ex_block_i.gen_multdiv_fast.multdiv_i.op_numerator_q[11]$_DFFE_PN0P_,pipeline_state,control,6
12776,ex_block_i.gen_multdiv_fast.multdiv_i.op_numerator_q[12]$_DFFE_PN0P_,pipeline_state,control,6
12777,ex_block_i.gen_multdiv_fast.multdiv_i.op_numerator_q[13]$_DFFE_PN0P_,pipeline_state,control,6
12778,ex_block_i.gen_multdiv_fast.multdiv_i.op_numerator_q[14]$_DFFE_PN0P_,pipeline_state,control,6
12779,ex_block_i.gen_multdiv_fast.multdiv_i.op_numerator_q[15]$_DFFE_PN0P_,pipeline_state,control,6
12780,ex_block_i.gen_multdiv_fast.multdiv_i.op_numerator_q[16]$_DFFE_PN0P_,pipeline_state,control,6
12781,ex_block_i.gen_multdiv_fast.multdiv_i.op_numerator_q[17]$_DFFE_PN0P_,pipeline_state,control,6
12782,ex_block_i.gen_multdiv_fast.multdiv_i.op_numerator_q[18]$_DFFE_PN0P_,pipeline_state,control,6
12783,ex_block_i.gen_multdiv_fast.multdiv_i.op_numerator_q[19]$_DFFE_PN0P_,pipeline_state,control,6
12784,ex_block_i.gen_multdiv_fast.multdiv_i.op_numerator_q[1]$_DFFE_PN0P_,pipeline_state,control,6
12785,ex_block_i.gen_multdiv_fast.multdiv_i.op_numerator_q[20]$_DFFE_PN0P_,pipeline_state,control,6
12786,ex_block_i.gen_multdiv_fast.multdiv_i.op_numerator_q[21]$_DFFE_PN0P_,pipeline_state,control,6
12787,ex_block_i.gen_multdiv_fast.multdiv_i.op_numerator_q[22]$_DFFE_PN0P_,pipeline_state,control,6
12788,ex_block_i.gen_multdiv_fast.multdiv_i.op_numerator_q[23]$_DFFE_PN0P_,pipeline_state,control,6
12789,ex_block_i.gen_multdiv_fast.multdiv_i.op_numerator_q[24]$_DFFE_PN0P_,pipeline_state,control,6
12790,ex_block_i.gen_multdiv_fast.multdiv_i.op_numerator_q[25]$_DFFE_PN0P_,pipeline_state,control,6
12791,ex_block_i.gen_multdiv_fast.multdiv_i.op_numerator_q[26]$_DFFE_PN0P_,pipeline_state,control,6
12792,ex_block_i.gen_multdiv_fast.multdiv_i.op_numerator_q[27]$_DFFE_PN0P_,pipeline_state,control,6
12793,ex_block_i.gen_multdiv_fast.multdiv_i.op_numerator_q[28]$_DFFE_PN0P_,pipeline_state,control,6
12794,ex_block_i.gen_multdiv_fast.multdiv_i.op_numerator_q[29]$_DFFE_PN0P_,pipeline_state,control,6
12795,ex_block_i.gen_multdiv_fast.multdiv_i.op_numerator_q[2]$_DFFE_PN0P_,pipeline_state,control,6
12796,ex_block_i.gen_multdiv_fast.multdiv_i.op_numerator_q[30]$_DFFE_PN0P_,pipeline_state,control,6
12797,ex_block_i.gen_multdiv_fast.multdiv_i.op_numerator_q[31]$_DFFE_PN0P_,pipeline_state,control,6
12798,ex_block_i.gen_multdiv_fast.multdiv_i.op_numerator_q[3]$_DFFE_PN0P_,pipeline_state,control,6
12799,ex_block_i.gen_multdiv_fast.multdiv_i.op_numerator_q[4]$_DFFE_PN0P_,pipeline_state,control,6
12800,ex_block_i.gen_multdiv_fast.multdiv_i.op_numerator_q[5]$_DFFE_PN0P_,pipeline_state,control,6
12801,ex_block_i.gen_multdiv_fast.multdiv_i.op_numerator_q[6]$_DFFE_PN0P_,pipeline_state,control,6
12802,ex_block_i.gen_multdiv_fast.multdiv_i.op_numerator_q[7]$_DFFE_PN0P_,pipeline_state,control,6
12803,ex_block_i.gen_multdiv_fast.multdiv_i.op_numerator_q[8]$_DFFE_PN0P_,pipeline_state,control,6
12804,ex_block_i.gen_multdiv_fast.multdiv_i.op_numerator_q[9]$_DFFE_PN0P_,pipeline_state,control,6
12805,ex_block_i.gen_multdiv_fast.multdiv_i.op_quotient_q[0]$_DFFE_PN0P_,pipeline_state,control,6
12806,ex_block_i.gen_multdiv_fast.multdiv_i.op_quotient_q[10]$_DFFE_PN0P_,pipeline_state,control,6
12807,ex_block_i.gen_multdiv_fast.multdiv_i.op_quotient_q[11]$_DFFE_PN0P_,pipeline_state,control,6
12808,ex_block_i.gen_multdiv_fast.multdiv_i.op_quotient_q[12]$_DFFE_PN0P_,pipeline_state,control,6
12809,ex_block_i.gen_multdiv_fast.multdiv_i.op_quotient_q[13]$_DFFE_PN0P_,pipeline_state,control,6
12810,ex_block_i.gen_multdiv_fast.multdiv_i.op_quotient_q[14]$_DFFE_PN0P_,pipeline_state,control,6
12811,ex_block_i.gen_multdiv_fast.multdiv_i.op_quotient_q[15]$_DFFE_PN0P_,pipeline_state,control,6
12812,ex_block_i.gen_multdiv_fast.multdiv_i.op_quotient_q[16]$_DFFE_PN0P_,pipeline_state,control,6
12813,ex_block_i.gen_multdiv_fast.multdiv_i.op_quotient_q[17]$_DFFE_PN0P_,pipeline_state,control,6
12814,ex_block_i.gen_multdiv_fast.multdiv_i.op_quotient_q[18]$_DFFE_PN0P_,pipeline_state,control,6
12815,ex_block_i.gen_multdiv_fast.multdiv_i.op_quotient_q[19]$_DFFE_PN0P_,pipeline_state,control,6
12816,ex_block_i.gen_multdiv_fast.multdiv_i.op_quotient_q[1]$_DFFE_PN0P_,pipeline_state,control,6
12817,ex_block_i.gen_multdiv_fast.multdiv_i.op_quotient_q[20]$_DFFE_PN0P_,pipeline_state,control,6
12818,ex_block_i.gen_multdiv_fast.multdiv_i.op_quotient_q[21]$_DFFE_PN0P_,pipeline_state,control,6
12819,ex_block_i.gen_multdiv_fast.multdiv_i.op_quotient_q[22]$_DFFE_PN0P_,pipeline_state,control,6
12820,ex_block_i.gen_multdiv_fast.multdiv_i.op_quotient_q[23]$_DFFE_PN0P_,pipeline_state,control,6
12821,ex_block_i.gen_multdiv_fast.multdiv_i.op_quotient_q[24]$_DFFE_PN0P_,pipeline_state,control,6
12822,ex_block_i.gen_multdiv_fast.multdiv_i.op_quotient_q[25]$_DFFE_PN0P_,pipeline_state,control,6
12823,ex_block_i.gen_multdiv_fast.multdiv_i.op_quotient_q[26]$_DFFE_PN0P_,pipeline_state,control,6
12824,ex_block_i.gen_multdiv_fast.multdiv_i.op_quotient_q[27]$_DFFE_PN0P_,pipeline_state,control,6
12825,ex_block_i.gen_multdiv_fast.multdiv_i.op_quotient_q[28]$_DFFE_PN0P_,pipeline_state,control,6
12826,ex_block_i.gen_multdiv_fast.multdiv_i.op_quotient_q[29]$_DFFE_PN0P_,pipeline_state,control,6
12827,ex_block_i.gen_multdiv_fast.multdiv_i.op_quotient_q[2]$_DFFE_PN0P_,pipeline_state,control,6
12828,ex_block_i.gen_multdiv_fast.multdiv_i.op_quotient_q[30]$_DFFE_PN0P_,pipeline_state,control,6
12829,ex_block_i.gen_multdiv_fast.multdiv_i.op_quotient_q[31]$_DFFE_PN0P_,pipeline_state,control,6
12830,ex_block_i.gen_multdiv_fast.multdiv_i.op_quotient_q[3]$_DFFE_PN0P_,pipeline_state,control,6
12831,ex_block_i.gen_multdiv_fast.multdiv_i.op_quotient_q[4]$_DFFE_PN0P_,pipeline_state,control,6
12832,ex_block_i.gen_multdiv_fast.multdiv_i.op_quotient_q[5]$_DFFE_PN0P_,pipeline_state,control,6
12833,ex_block_i.gen_multdiv_fast.multdiv_i.op_quotient_q[6]$_DFFE_PN0P_,pipeline_state,control,6
12834,ex_block_i.gen_multdiv_fast.multdiv_i.op_quotient_q[7]$_DFFE_PN0P_,pipeline_state,control,6
12835,ex_block_i.gen_multdiv_fast.multdiv_i.op_quotient_q[8]$_DFFE_PN0P_,pipeline_state,control,6
12836,ex_block_i.gen_multdiv_fast.multdiv_i.op_quotient_q[9]$_DFFE_PN0P_,pipeline_state,control,6
12837,fetch_enable_q$_DFFE_PN0P_,clock_reset,control,6
12838,gen_regfile_ff.register_file_i.rf_reg[1000]$_DFFE_PN0P_,register_file,datapath,6
12839,gen_regfile_ff.register_file_i.rf_reg[1001]$_DFFE_PN0P_,register_file,datapath,6
12840,gen_regfile_ff.register_file_i.rf_reg[1002]$_DFFE_PN0P_,register_file,datapath,6
12841,gen_regfile_ff.register_file_i.rf_reg[1003]$_DFFE_PN0P_,register_file,datapath,6
12842,gen_regfile_ff.register_file_i.rf_reg[1004]$_DFFE_PN0P_,register_file,datapath,6
12843,gen_regfile_ff.register_file_i.rf_reg[1005]$_DFFE_PN0P_,register_file,datapath,6
12844,gen_regfile_ff.register_file_i.rf_reg[1006]$_DFFE_PN0P_,register_file,datapath,6
12845,gen_regfile_ff.register_file_i.rf_reg[1007]$_DFFE_PN0P_,register_file,datapath,6
12846,gen_regfile_ff.register_file_i.rf_reg[1008]$_DFFE_PN0P_,register_file,datapath,6
12847,gen_regfile_ff.register_file_i.rf_reg[1009]$_DFFE_PN0P_,register_file,datapath,6
12848,gen_regfile_ff.register_file_i.rf_reg[100]$_DFFE_PN0P_,register_file,datapath,6
12849,gen_regfile_ff.register_file_i.rf_reg[1010]$_DFFE_PN0P_,register_file,datapath,6
12850,gen_regfile_ff.register_file_i.rf_reg[1011]$_DFFE_PN0P_,register_file,datapath,6
12851,gen_regfile_ff.register_file_i.rf_reg[1012]$_DFFE_PN0P_,register_file,datapath,6
12852,gen_regfile_ff.register_file_i.rf_reg[1013]$_DFFE_PN0P_,register_file,datapath,6
12853,gen_regfile_ff.register_file_i.rf_reg[1014]$_DFFE_PN0P_,register_file,datapath,6
12854,gen_regfile_ff.register_file_i.rf_reg[1015]$_DFFE_PN0P_,register_file,datapath,6
12855,gen_regfile_ff.register_file_i.rf_reg[1016]$_DFFE_PN0P_,register_file,datapath,6
12856,gen_regfile_ff.register_file_i.rf_reg[1017]$_DFFE_PN0P_,register_file,datapath,6
12857,gen_regfile_ff.register_file_i.rf_reg[1018]$_DFFE_PN0P_,register_file,datapath,6
12858,gen_regfile_ff.register_file_i.rf_reg[1019]$_DFFE_PN0P_,register_file,datapath,6
12859,gen_regfile_ff.register_file_i.rf_reg[101]$_DFFE_PN0P_,register_file,datapath,6
12860,gen_regfile_ff.register_file_i.rf_reg[1020]$_DFFE_PN0P_,register_file,datapath,6
12861,gen_regfile_ff.register_file_i.rf_reg[1021]$_DFFE_PN0P_,register_file,datapath,6
12862,gen_regfile_ff.register_file_i.rf_reg[1022]$_DFFE_PN0P_,register_file,datapath,6
12863,gen_regfile_ff.register_file_i.rf_reg[1023]$_DFFE_PN0P_,register_file,datapath,6
12864,gen_regfile_ff.register_file_i.rf_reg[102]$_DFFE_PN0P_,register_file,datapath,6
12865,gen_regfile_ff.register_file_i.rf_reg[103]$_DFFE_PN0P_,register_file,datapath,6
12866,gen_regfile_ff.register_file_i.rf_reg[104]$_DFFE_PN0P_,register_file,datapath,6
12867,gen_regfile_ff.register_file_i.rf_reg[105]$_DFFE_PN0P_,register_file,datapath,6
12868,gen_regfile_ff.register_file_i.rf_reg[106]$_DFFE_PN0P_,register_file,datapath,6
12869,gen_regfile_ff.register_file_i.rf_reg[107]$_DFFE_PN0P_,register_file,datapath,6
12870,gen_regfile_ff.register_file_i.rf_reg[108]$_DFFE_PN0P_,register_file,datapath,6
12871,gen_regfile_ff.register_file_i.rf_reg[109]$_DFFE_PN0P_,register_file,datapath,6
12872,gen_regfile_ff.register_file_i.rf_reg[110]$_DFFE_PN0P_,register_file,datapath,6
12873,gen_regfile_ff.register_file_i.rf_reg[111]$_DFFE_PN0P_,register_file,datapath,6
12874,gen_regfile_ff.register_file_i.rf_reg[112]$_DFFE_PN0P_,register_file,datapath,6
12875,gen_regfile_ff.register_file_i.rf_reg[113]$_DFFE_PN0P_,register_file,datapath,6
12876,gen_regfile_ff.register_file_i.rf_reg[114]$_DFFE_PN0P_,register_file,datapath,6
12877,gen_regfile_ff.register_file_i.rf_reg[115]$_DFFE_PN0P_,register_file,datapath,6
12878,gen_regfile_ff.register_file_i.rf_reg[116]$_DFFE_PN0P_,register_file,datapath,6
12879,gen_regfile_ff.register_file_i.rf_reg[117]$_DFFE_PN0P_,register_file,datapath,6
12880,gen_regfile_ff.register_file_i.rf_reg[118]$_DFFE_PN0P_,register_file,datapath,6
12881,gen_regfile_ff.register_file_i.rf_reg[119]$_DFFE_PN0P_,register_file,datapath,6
12882,gen_regfile_ff.register_file_i.rf_reg[120]$_DFFE_PN0P_,register_file,datapath,6
12883,gen_regfile_ff.register_file_i.rf_reg[121]$_DFFE_PN0P_,register_file,datapath,6
12884,gen_regfile_ff.register_file_i.rf_reg[122]$_DFFE_PN0P_,register_file,datapath,6
12885,gen_regfile_ff.register_file_i.rf_reg[123]$_DFFE_PN0P_,register_file,datapath,6
12886,gen_regfile_ff.register_file_i.rf_reg[124]$_DFFE_PN0P_,register_file,datapath,6
12887,gen_regfile_ff.register_file_i.rf_reg[125]$_DFFE_PN0P_,register_file,datapath,6
12888,gen_regfile_ff.register_file_i.rf_reg[126]$_DFFE_PN0P_,register_file,datapath,6
12889,gen_regfile_ff.register_file_i.rf_reg[127]$_DFFE_PN0P_,register_file,datapath,6
12890,gen_regfile_ff.register_file_i.rf_reg[128]$_DFFE_PN0P_,register_file,datapath,6
12891,gen_regfile_ff.register_file_i.rf_reg[129]$_DFFE_PN0P_,register_file,datapath,6
12892,gen_regfile_ff.register_file_i.rf_reg[130]$_DFFE_PN0P_,register_file,datapath,6
12893,gen_regfile_ff.register_file_i.rf_reg[131]$_DFFE_PN0P_,register_file,datapath,6
12894,gen_regfile_ff.register_file_i.rf_reg[132]$_DFFE_PN0P_,register_file,datapath,6
12895,gen_regfile_ff.register_file_i.rf_reg[133]$_DFFE_PN0P_,register_file,datapath,6
12896,gen_regfile_ff.register_file_i.rf_reg[134]$_DFFE_PN0P_,register_file,datapath,6
12897,gen_regfile_ff.register_file_i.rf_reg[135]$_DFFE_PN0P_,register_file,datapath,6
12898,gen_regfile_ff.register_file_i.rf_reg[136]$_DFFE_PN0P_,register_file,datapath,6
12899,gen_regfile_ff.register_file_i.rf_reg[137]$_DFFE_PN0P_,register_file,datapath,6
12900,gen_regfile_ff.register_file_i.rf_reg[138]$_DFFE_PN0P_,register_file,datapath,6
12901,gen_regfile_ff.register_file_i.rf_reg[139]$_DFFE_PN0P_,register_file,datapath,6
12902,gen_regfile_ff.register_file_i.rf_reg[140]$_DFFE_PN0P_,register_file,datapath,6
12903,gen_regfile_ff.register_file_i.rf_reg[141]$_DFFE_PN0P_,register_file,datapath,6
12904,gen_regfile_ff.register_file_i.rf_reg[142]$_DFFE_PN0P_,register_file,datapath,6
12905,gen_regfile_ff.register_file_i.rf_reg[143]$_DFFE_PN0P_,register_file,datapath,6
12906,gen_regfile_ff.register_file_i.rf_reg[144]$_DFFE_PN0P_,register_file,datapath,6
12907,gen_regfile_ff.register_file_i.rf_reg[145]$_DFFE_PN0P_,register_file,datapath,6
12908,gen_regfile_ff.register_file_i.rf_reg[146]$_DFFE_PN0P_,register_file,datapath,6
12909,gen_regfile_ff.register_file_i.rf_reg[147]$_DFFE_PN0P_,register_file,datapath,6
12910,gen_regfile_ff.register_file_i.rf_reg[148]$_DFFE_PN0P_,register_file,datapath,6
12911,gen_regfile_ff.register_file_i.rf_reg[149]$_DFFE_PN0P_,register_file,datapath,6
12912,gen_regfile_ff.register_file_i.rf_reg[150]$_DFFE_PN0P_,register_file,datapath,6
12913,gen_regfile_ff.register_file_i.rf_reg[151]$_DFFE_PN0P_,register_file,datapath,6
12914,gen_regfile_ff.register_file_i.rf_reg[152]$_DFFE_PN0P_,register_file,datapath,6
12915,gen_regfile_ff.register_file_i.rf_reg[153]$_DFFE_PN0P_,register_file,datapath,6
12916,gen_regfile_ff.register_file_i.rf_reg[154]$_DFFE_PN0P_,register_file,datapath,6
12917,gen_regfile_ff.register_file_i.rf_reg[155]$_DFFE_PN0P_,register_file,datapath,6
12918,gen_regfile_ff.register_file_i.rf_reg[156]$_DFFE_PN0P_,register_file,datapath,6
12919,gen_regfile_ff.register_file_i.rf_reg[157]$_DFFE_PN0P_,register_file,datapath,6
12920,gen_regfile_ff.register_file_i.rf_reg[158]$_DFFE_PN0P_,register_file,datapath,6
12921,gen_regfile_ff.register_file_i.rf_reg[159]$_DFFE_PN0P_,register_file,datapath,6
12922,gen_regfile_ff.register_file_i.rf_reg[160]$_DFFE_PN0P_,register_file,datapath,6
12923,gen_regfile_ff.register_file_i.rf_reg[161]$_DFFE_PN0P_,register_file,datapath,6
12924,gen_regfile_ff.register_file_i.rf_reg[162]$_DFFE_PN0P_,register_file,datapath,6
12925,gen_regfile_ff.register_file_i.rf_reg[163]$_DFFE_PN0P_,register_file,datapath,6
12926,gen_regfile_ff.register_file_i.rf_reg[164]$_DFFE_PN0P_,register_file,datapath,6
12927,gen_regfile_ff.register_file_i.rf_reg[165]$_DFFE_PN0P_,register_file,datapath,6
12928,gen_regfile_ff.register_file_i.rf_reg[166]$_DFFE_PN0P_,register_file,datapath,6
12929,gen_regfile_ff.register_file_i.rf_reg[167]$_DFFE_PN0P_,register_file,datapath,6
12930,gen_regfile_ff.register_file_i.rf_reg[168]$_DFFE_PN0P_,register_file,datapath,6
12931,gen_regfile_ff.register_file_i.rf_reg[169]$_DFFE_PN0P_,register_file,datapath,6
12932,gen_regfile_ff.register_file_i.rf_reg[170]$_DFFE_PN0P_,register_file,datapath,6
12933,gen_regfile_ff.register_file_i.rf_reg[171]$_DFFE_PN0P_,register_file,datapath,6
12934,gen_regfile_ff.register_file_i.rf_reg[172]$_DFFE_PN0P_,register_file,datapath,6
12935,gen_regfile_ff.register_file_i.rf_reg[173]$_DFFE_PN0P_,register_file,datapath,6
12936,gen_regfile_ff.register_file_i.rf_reg[174]$_DFFE_PN0P_,register_file,datapath,6
12937,gen_regfile_ff.register_file_i.rf_reg[175]$_DFFE_PN0P_,register_file,datapath,6
12938,gen_regfile_ff.register_file_i.rf_reg[176]$_DFFE_PN0P_,register_file,datapath,6
12939,gen_regfile_ff.register_file_i.rf_reg[177]$_DFFE_PN0P_,register_file,datapath,6
12940,gen_regfile_ff.register_file_i.rf_reg[178]$_DFFE_PN0P_,register_file,datapath,6
12941,gen_regfile_ff.register_file_i.rf_reg[179]$_DFFE_PN0P_,register_file,datapath,6
12942,gen_regfile_ff.register_file_i.rf_reg[180]$_DFFE_PN0P_,register_file,datapath,6
12943,gen_regfile_ff.register_file_i.rf_reg[181]$_DFFE_PN0P_,register_file,datapath,6
12944,gen_regfile_ff.register_file_i.rf_reg[182]$_DFFE_PN0P_,register_file,datapath,6
12945,gen_regfile_ff.register_file_i.rf_reg[183]$_DFFE_PN0P_,register_file,datapath,6
12946,gen_regfile_ff.register_file_i.rf_reg[184]$_DFFE_PN0P_,register_file,datapath,6
12947,gen_regfile_ff.register_file_i.rf_reg[185]$_DFFE_PN0P_,register_file,datapath,6
12948,gen_regfile_ff.register_file_i.rf_reg[186]$_DFFE_PN0P_,register_file,datapath,6
12949,gen_regfile_ff.register_file_i.rf_reg[187]$_DFFE_PN0P_,register_file,datapath,6
12950,gen_regfile_ff.register_file_i.rf_reg[188]$_DFFE_PN0P_,register_file,datapath,6
12951,gen_regfile_ff.register_file_i.rf_reg[189]$_DFFE_PN0P_,register_file,datapath,6
12952,gen_regfile_ff.register_file_i.rf_reg[190]$_DFFE_PN0P_,register_file,datapath,6
12953,gen_regfile_ff.register_file_i.rf_reg[191]$_DFFE_PN0P_,register_file,datapath,6
12954,gen_regfile_ff.register_file_i.rf_reg[192]$_DFFE_PN0P_,register_file,datapath,6
12955,gen_regfile_ff.register_file_i.rf_reg[193]$_DFFE_PN0P_,register_file,datapath,6
12956,gen_regfile_ff.register_file_i.rf_reg[194]$_DFFE_PN0P_,register_file,datapath,6
12957,gen_regfile_ff.register_file_i.rf_reg[195]$_DFFE_PN0P_,register_file,datapath,6
12958,gen_regfile_ff.register_file_i.rf_reg[196]$_DFFE_PN0P_,register_file,datapath,6
12959,gen_regfile_ff.register_file_i.rf_reg[197]$_DFFE_PN0P_,register_file,datapath,6
12960,gen_regfile_ff.register_file_i.rf_reg[198]$_DFFE_PN0P_,register_file,datapath,6
12961,gen_regfile_ff.register_file_i.rf_reg[199]$_DFFE_PN0P_,register_file,datapath,6
12962,gen_regfile_ff.register_file_i.rf_reg[200]$_DFFE_PN0P_,register_file,datapath,6
12963,gen_regfile_ff.register_file_i.rf_reg[201]$_DFFE_PN0P_,register_file,datapath,6
12964,gen_regfile_ff.register_file_i.rf_reg[202]$_DFFE_PN0P_,register_file,datapath,6
12965,gen_regfile_ff.register_file_i.rf_reg[203]$_DFFE_PN0P_,register_file,datapath,6
12966,gen_regfile_ff.register_file_i.rf_reg[204]$_DFFE_PN0P_,register_file,datapath,6
12967,gen_regfile_ff.register_file_i.rf_reg[205]$_DFFE_PN0P_,register_file,datapath,6
12968,gen_regfile_ff.register_file_i.rf_reg[206]$_DFFE_PN0P_,register_file,datapath,6
12969,gen_regfile_ff.register_file_i.rf_reg[207]$_DFFE_PN0P_,register_file,datapath,6
12970,gen_regfile_ff.register_file_i.rf_reg[208]$_DFFE_PN0P_,register_file,datapath,6
12971,gen_regfile_ff.register_file_i.rf_reg[209]$_DFFE_PN0P_,register_file,datapath,6
12972,gen_regfile_ff.register_file_i.rf_reg[210]$_DFFE_PN0P_,register_file,datapath,6
12973,gen_regfile_ff.register_file_i.rf_reg[211]$_DFFE_PN0P_,register_file,datapath,6
12974,gen_regfile_ff.register_file_i.rf_reg[212]$_DFFE_PN0P_,register_file,datapath,6
12975,gen_regfile_ff.register_file_i.rf_reg[213]$_DFFE_PN0P_,register_file,datapath,6
12976,gen_regfile_ff.register_file_i.rf_reg[214]$_DFFE_PN0P_,register_file,datapath,6
12977,gen_regfile_ff.register_file_i.rf_reg[215]$_DFFE_PN0P_,register_file,datapath,6
12978,gen_regfile_ff.register_file_i.rf_reg[216]$_DFFE_PN0P_,register_file,datapath,6
12979,gen_regfile_ff.register_file_i.rf_reg[217]$_DFFE_PN0P_,register_file,datapath,6
12980,gen_regfile_ff.register_file_i.rf_reg[218]$_DFFE_PN0P_,register_file,datapath,6
12981,gen_regfile_ff.register_file_i.rf_reg[219]$_DFFE_PN0P_,register_file,datapath,6
12982,gen_regfile_ff.register_file_i.rf_reg[220]$_DFFE_PN0P_,register_file,datapath,6
12983,gen_regfile_ff.register_file_i.rf_reg[221]$_DFFE_PN0P_,register_file,datapath,6
12984,gen_regfile_ff.register_file_i.rf_reg[222]$_DFFE_PN0P_,register_file,datapath,6
12985,gen_regfile_ff.register_file_i.rf_reg[223]$_DFFE_PN0P_,register_file,datapath,6
12986,gen_regfile_ff.register_file_i.rf_reg[224]$_DFFE_PN0P_,register_file,datapath,6
12987,gen_regfile_ff.register_file_i.rf_reg[225]$_DFFE_PN0P_,register_file,datapath,6
12988,gen_regfile_ff.register_file_i.rf_reg[226]$_DFFE_PN0P_,register_file,datapath,6
12989,gen_regfile_ff.register_file_i.rf_reg[227]$_DFFE_PN0P_,register_file,datapath,6
12990,gen_regfile_ff.register_file_i.rf_reg[228]$_DFFE_PN0P_,register_file,datapath,6
12991,gen_regfile_ff.register_file_i.rf_reg[229]$_DFFE_PN0P_,register_file,datapath,6
12992,gen_regfile_ff.register_file_i.rf_reg[230]$_DFFE_PN0P_,register_file,datapath,6
12993,gen_regfile_ff.register_file_i.rf_reg[231]$_DFFE_PN0P_,register_file,datapath,6
12994,gen_regfile_ff.register_file_i.rf_reg[232]$_DFFE_PN0P_,register_file,datapath,6
12995,gen_regfile_ff.register_file_i.rf_reg[233]$_DFFE_PN0P_,register_file,datapath,6
12996,gen_regfile_ff.register_file_i.rf_reg[234]$_DFFE_PN0P_,register_file,datapath,6
12997,gen_regfile_ff.register_file_i.rf_reg[235]$_DFFE_PN0P_,register_file,datapath,6
12998,gen_regfile_ff.register_file_i.rf_reg[236]$_DFFE_PN0P_,register_file,datapath,6
12999,gen_regfile_ff.register_file_i.rf_reg[237]$_DFFE_PN0P_,register_file,datapath,6
13000,gen_regfile_ff.register_file_i.rf_reg[238]$_DFFE_PN0P_,register_file,datapath,6
13001,gen_regfile_ff.register_file_i.rf_reg[239]$_DFFE_PN0P_,register_file,datapath,6
13002,gen_regfile_ff.register_file_i.rf_reg[240]$_DFFE_PN0P_,register_file,datapath,6
13003,gen_regfile_ff.register_file_i.rf_reg[241]$_DFFE_PN0P_,register_file,datapath,6
13004,gen_regfile_ff.register_file_i.rf_reg[242]$_DFFE_PN0P_,register_file,datapath,6
13005,gen_regfile_ff.register_file_i.rf_reg[243]$_DFFE_PN0P_,register_file,datapath,6
13006,gen_regfile_ff.register_file_i.rf_reg[244]$_DFFE_PN0P_,register_file,datapath,6
13007,gen_regfile_ff.register_file_i.rf_reg[245]$_DFFE_PN0P_,register_file,datapath,6
13008,gen_regfile_ff.register_file_i.rf_reg[246]$_DFFE_PN0P_,register_file,datapath,6
13009,gen_regfile_ff.register_file_i.rf_reg[247]$_DFFE_PN0P_,register_file,datapath,6
13010,gen_regfile_ff.register_file_i.rf_reg[248]$_DFFE_PN0P_,register_file,datapath,6
13011,gen_regfile_ff.register_file_i.rf_reg[249]$_DFFE_PN0P_,register_file,datapath,6
13012,gen_regfile_ff.register_file_i.rf_reg[250]$_DFFE_PN0P_,register_file,datapath,6
13013,gen_regfile_ff.register_file_i.rf_reg[251]$_DFFE_PN0P_,register_file,datapath,6
13014,gen_regfile_ff.register_file_i.rf_reg[252]$_DFFE_PN0P_,register_file,datapath,6
13015,gen_regfile_ff.register_file_i.rf_reg[253]$_DFFE_PN0P_,register_file,datapath,6
13016,gen_regfile_ff.register_file_i.rf_reg[254]$_DFFE_PN0P_,register_file,datapath,6
13017,gen_regfile_ff.register_file_i.rf_reg[255]$_DFFE_PN0P_,register_file,datapath,6
13018,gen_regfile_ff.register_file_i.rf_reg[256]$_DFFE_PN0P_,register_file,datapath,6
13019,gen_regfile_ff.register_file_i.rf_reg[257]$_DFFE_PN0P_,register_file,datapath,6
13020,gen_regfile_ff.register_file_i.rf_reg[258]$_DFFE_PN0P_,register_file,datapath,6
13021,gen_regfile_ff.register_file_i.rf_reg[259]$_DFFE_PN0P_,register_file,datapath,6
13022,gen_regfile_ff.register_file_i.rf_reg[260]$_DFFE_PN0P_,register_file,datapath,6
13023,gen_regfile_ff.register_file_i.rf_reg[261]$_DFFE_PN0P_,register_file,datapath,6
13024,gen_regfile_ff.register_file_i.rf_reg[262]$_DFFE_PN0P_,register_file,datapath,6
13025,gen_regfile_ff.register_file_i.rf_reg[263]$_DFFE_PN0P_,register_file,datapath,6
13026,gen_regfile_ff.register_file_i.rf_reg[264]$_DFFE_PN0P_,register_file,datapath,6
13027,gen_regfile_ff.register_file_i.rf_reg[265]$_DFFE_PN0P_,register_file,datapath,6
13028,gen_regfile_ff.register_file_i.rf_reg[266]$_DFFE_PN0P_,register_file,datapath,6
13029,gen_regfile_ff.register_file_i.rf_reg[267]$_DFFE_PN0P_,register_file,datapath,6
13030,gen_regfile_ff.register_file_i.rf_reg[268]$_DFFE_PN0P_,register_file,datapath,6
13031,gen_regfile_ff.register_file_i.rf_reg[269]$_DFFE_PN0P_,register_file,datapath,6
13032,gen_regfile_ff.register_file_i.rf_reg[270]$_DFFE_PN0P_,register_file,datapath,6
13033,gen_regfile_ff.register_file_i.rf_reg[271]$_DFFE_PN0P_,register_file,datapath,6
13034,gen_regfile_ff.register_file_i.rf_reg[272]$_DFFE_PN0P_,register_file,datapath,6
13035,gen_regfile_ff.register_file_i.rf_reg[273]$_DFFE_PN0P_,register_file,datapath,6
13036,gen_regfile_ff.register_file_i.rf_reg[274]$_DFFE_PN0P_,register_file,datapath,6
13037,gen_regfile_ff.register_file_i.rf_reg[275]$_DFFE_PN0P_,register_file,datapath,6
13038,gen_regfile_ff.register_file_i.rf_reg[276]$_DFFE_PN0P_,register_file,datapath,6
13039,gen_regfile_ff.register_file_i.rf_reg[277]$_DFFE_PN0P_,register_file,datapath,6
13040,gen_regfile_ff.register_file_i.rf_reg[278]$_DFFE_PN0P_,register_file,datapath,6
13041,gen_regfile_ff.register_file_i.rf_reg[279]$_DFFE_PN0P_,register_file,datapath,6
13042,gen_regfile_ff.register_file_i.rf_reg[280]$_DFFE_PN0P_,register_file,datapath,6
13043,gen_regfile_ff.register_file_i.rf_reg[281]$_DFFE_PN0P_,register_file,datapath,6
13044,gen_regfile_ff.register_file_i.rf_reg[282]$_DFFE_PN0P_,register_file,datapath,6
13045,gen_regfile_ff.register_file_i.rf_reg[283]$_DFFE_PN0P_,register_file,datapath,6
13046,gen_regfile_ff.register_file_i.rf_reg[284]$_DFFE_PN0P_,register_file,datapath,6
13047,gen_regfile_ff.register_file_i.rf_reg[285]$_DFFE_PN0P_,register_file,datapath,6
13048,gen_regfile_ff.register_file_i.rf_reg[286]$_DFFE_PN0P_,register_file,datapath,6
13049,gen_regfile_ff.register_file_i.rf_reg[287]$_DFFE_PN0P_,register_file,datapath,6
13050,gen_regfile_ff.register_file_i.rf_reg[288]$_DFFE_PN0P_,register_file,datapath,6
13051,gen_regfile_ff.register_file_i.rf_reg[289]$_DFFE_PN0P_,register_file,datapath,6
13052,gen_regfile_ff.register_file_i.rf_reg[290]$_DFFE_PN0P_,register_file,datapath,6
13053,gen_regfile_ff.register_file_i.rf_reg[291]$_DFFE_PN0P_,register_file,datapath,6
13054,gen_regfile_ff.register_file_i.rf_reg[292]$_DFFE_PN0P_,register_file,datapath,6
13055,gen_regfile_ff.register_file_i.rf_reg[293]$_DFFE_PN0P_,register_file,datapath,6
13056,gen_regfile_ff.register_file_i.rf_reg[294]$_DFFE_PN0P_,register_file,datapath,6
13057,gen_regfile_ff.register_file_i.rf_reg[295]$_DFFE_PN0P_,register_file,datapath,6
13058,gen_regfile_ff.register_file_i.rf_reg[296]$_DFFE_PN0P_,register_file,datapath,6
13059,gen_regfile_ff.register_file_i.rf_reg[297]$_DFFE_PN0P_,register_file,datapath,6
13060,gen_regfile_ff.register_file_i.rf_reg[298]$_DFFE_PN0P_,register_file,datapath,6
13061,gen_regfile_ff.register_file_i.rf_reg[299]$_DFFE_PN0P_,register_file,datapath,6
13062,gen_regfile_ff.register_file_i.rf_reg[300]$_DFFE_PN0P_,register_file,datapath,6
13063,gen_regfile_ff.register_file_i.rf_reg[301]$_DFFE_PN0P_,register_file,datapath,6
13064,gen_regfile_ff.register_file_i.rf_reg[302]$_DFFE_PN0P_,register_file,datapath,6
13065,gen_regfile_ff.register_file_i.rf_reg[303]$_DFFE_PN0P_,register_file,datapath,6
13066,gen_regfile_ff.register_file_i.rf_reg[304]$_DFFE_PN0P_,register_file,datapath,6
13067,gen_regfile_ff.register_file_i.rf_reg[305]$_DFFE_PN0P_,register_file,datapath,6
13068,gen_regfile_ff.register_file_i.rf_reg[306]$_DFFE_PN0P_,register_file,datapath,6
13069,gen_regfile_ff.register_file_i.rf_reg[307]$_DFFE_PN0P_,register_file,datapath,6
13070,gen_regfile_ff.register_file_i.rf_reg[308]$_DFFE_PN0P_,register_file,datapath,6
13071,gen_regfile_ff.register_file_i.rf_reg[309]$_DFFE_PN0P_,register_file,datapath,6
13072,gen_regfile_ff.register_file_i.rf_reg[310]$_DFFE_PN0P_,register_file,datapath,6
13073,gen_regfile_ff.register_file_i.rf_reg[311]$_DFFE_PN0P_,register_file,datapath,6
13074,gen_regfile_ff.register_file_i.rf_reg[312]$_DFFE_PN0P_,register_file,datapath,6
13075,gen_regfile_ff.register_file_i.rf_reg[313]$_DFFE_PN0P_,register_file,datapath,6
13076,gen_regfile_ff.register_file_i.rf_reg[314]$_DFFE_PN0P_,register_file,datapath,6
13077,gen_regfile_ff.register_file_i.rf_reg[315]$_DFFE_PN0P_,register_file,datapath,6
13078,gen_regfile_ff.register_file_i.rf_reg[316]$_DFFE_PN0P_,register_file,datapath,6
13079,gen_regfile_ff.register_file_i.rf_reg[317]$_DFFE_PN0P_,register_file,datapath,6
13080,gen_regfile_ff.register_file_i.rf_reg[318]$_DFFE_PN0P_,register_file,datapath,6
13081,gen_regfile_ff.register_file_i.rf_reg[319]$_DFFE_PN0P_,register_file,datapath,6
13082,gen_regfile_ff.register_file_i.rf_reg[320]$_DFFE_PN0P_,register_file,datapath,6
13083,gen_regfile_ff.register_file_i.rf_reg[321]$_DFFE_PN0P_,register_file,datapath,6
13084,gen_regfile_ff.register_file_i.rf_reg[322]$_DFFE_PN0P_,register_file,datapath,6
13085,gen_regfile_ff.register_file_i.rf_reg[323]$_DFFE_PN0P_,register_file,datapath,6
13086,gen_regfile_ff.register_file_i.rf_reg[324]$_DFFE_PN0P_,register_file,datapath,6
13087,gen_regfile_ff.register_file_i.rf_reg[325]$_DFFE_PN0P_,register_file,datapath,6
13088,gen_regfile_ff.register_file_i.rf_reg[326]$_DFFE_PN0P_,register_file,datapath,6
13089,gen_regfile_ff.register_file_i.rf_reg[327]$_DFFE_PN0P_,register_file,datapath,6
13090,gen_regfile_ff.register_file_i.rf_reg[328]$_DFFE_PN0P_,register_file,datapath,6
13091,gen_regfile_ff.register_file_i.rf_reg[329]$_DFFE_PN0P_,register_file,datapath,6
13092,gen_regfile_ff.register_file_i.rf_reg[32]$_DFFE_PN0P_,register_file,datapath,6
13093,gen_regfile_ff.register_file_i.rf_reg[330]$_DFFE_PN0P_,register_file,datapath,6
13094,gen_regfile_ff.register_file_i.rf_reg[331]$_DFFE_PN0P_,register_file,datapath,6
13095,gen_regfile_ff.register_file_i.rf_reg[332]$_DFFE_PN0P_,register_file,datapath,6
13096,gen_regfile_ff.register_file_i.rf_reg[333]$_DFFE_PN0P_,register_file,datapath,6
13097,gen_regfile_ff.register_file_i.rf_reg[334]$_DFFE_PN0P_,register_file,datapath,6
13098,gen_regfile_ff.register_file_i.rf_reg[335]$_DFFE_PN0P_,register_file,datapath,6
13099,gen_regfile_ff.register_file_i.rf_reg[336]$_DFFE_PN0P_,register_file,datapath,6
13100,gen_regfile_ff.register_file_i.rf_reg[337]$_DFFE_PN0P_,register_file,datapath,6
13101,gen_regfile_ff.register_file_i.rf_reg[338]$_DFFE_PN0P_,register_file,datapath,6
13102,gen_regfile_ff.register_file_i.rf_reg[339]$_DFFE_PN0P_,register_file,datapath,6
13103,gen_regfile_ff.register_file_i.rf_reg[33]$_DFFE_PN0P_,register_file,datapath,6
13104,gen_regfile_ff.register_file_i.rf_reg[340]$_DFFE_PN0P_,register_file,datapath,6
13105,gen_regfile_ff.register_file_i.rf_reg[341]$_DFFE_PN0P_,register_file,datapath,6
13106,gen_regfile_ff.register_file_i.rf_reg[342]$_DFFE_PN0P_,register_file,datapath,6
13107,gen_regfile_ff.register_file_i.rf_reg[343]$_DFFE_PN0P_,register_file,datapath,6
13108,gen_regfile_ff.register_file_i.rf_reg[344]$_DFFE_PN0P_,register_file,datapath,6
13109,gen_regfile_ff.register_file_i.rf_reg[345]$_DFFE_PN0P_,register_file,datapath,6
13110,gen_regfile_ff.register_file_i.rf_reg[346]$_DFFE_PN0P_,register_file,datapath,6
13111,gen_regfile_ff.register_file_i.rf_reg[347]$_DFFE_PN0P_,register_file,datapath,6
13112,gen_regfile_ff.register_file_i.rf_reg[348]$_DFFE_PN0P_,register_file,datapath,6
13113,gen_regfile_ff.register_file_i.rf_reg[349]$_DFFE_PN0P_,register_file,datapath,6
13114,gen_regfile_ff.register_file_i.rf_reg[34]$_DFFE_PN0P_,register_file,datapath,6
13115,gen_regfile_ff.register_file_i.rf_reg[350]$_DFFE_PN0P_,register_file,datapath,6
13116,gen_regfile_ff.register_file_i.rf_reg[351]$_DFFE_PN0P_,register_file,datapath,6
13117,gen_regfile_ff.register_file_i.rf_reg[352]$_DFFE_PN0P_,register_file,datapath,6
13118,gen_regfile_ff.register_file_i.rf_reg[353]$_DFFE_PN0P_,register_file,datapath,6
13119,gen_regfile_ff.register_file_i.rf_reg[354]$_DFFE_PN0P_,register_file,datapath,6
13120,gen_regfile_ff.register_file_i.rf_reg[355]$_DFFE_PN0P_,register_file,datapath,6
13121,gen_regfile_ff.register_file_i.rf_reg[356]$_DFFE_PN0P_,register_file,datapath,6
13122,gen_regfile_ff.register_file_i.rf_reg[357]$_DFFE_PN0P_,register_file,datapath,6
13123,gen_regfile_ff.register_file_i.rf_reg[358]$_DFFE_PN0P_,register_file,datapath,6
13124,gen_regfile_ff.register_file_i.rf_reg[359]$_DFFE_PN0P_,register_file,datapath,6
13125,gen_regfile_ff.register_file_i.rf_reg[35]$_DFFE_PN0P_,register_file,datapath,6
13126,gen_regfile_ff.register_file_i.rf_reg[360]$_DFFE_PN0P_,register_file,datapath,6
13127,gen_regfile_ff.register_file_i.rf_reg[361]$_DFFE_PN0P_,register_file,datapath,6
13128,gen_regfile_ff.register_file_i.rf_reg[362]$_DFFE_PN0P_,register_file,datapath,6
13129,gen_regfile_ff.register_file_i.rf_reg[363]$_DFFE_PN0P_,register_file,datapath,6
13130,gen_regfile_ff.register_file_i.rf_reg[364]$_DFFE_PN0P_,register_file,datapath,6
13131,gen_regfile_ff.register_file_i.rf_reg[365]$_DFFE_PN0P_,register_file,datapath,6
13132,gen_regfile_ff.register_file_i.rf_reg[366]$_DFFE_PN0P_,register_file,datapath,6
13133,gen_regfile_ff.register_file_i.rf_reg[367]$_DFFE_PN0P_,register_file,datapath,6
13134,gen_regfile_ff.register_file_i.rf_reg[368]$_DFFE_PN0P_,register_file,datapath,6
13135,gen_regfile_ff.register_file_i.rf_reg[369]$_DFFE_PN0P_,register_file,datapath,6
13136,gen_regfile_ff.register_file_i.rf_reg[36]$_DFFE_PN0P_,register_file,datapath,6
13137,gen_regfile_ff.register_file_i.rf_reg[370]$_DFFE_PN0P_,register_file,datapath,6
13138,gen_regfile_ff.register_file_i.rf_reg[371]$_DFFE_PN0P_,register_file,datapath,6
13139,gen_regfile_ff.register_file_i.rf_reg[372]$_DFFE_PN0P_,register_file,datapath,6
13140,gen_regfile_ff.register_file_i.rf_reg[373]$_DFFE_PN0P_,register_file,datapath,6
13141,gen_regfile_ff.register_file_i.rf_reg[374]$_DFFE_PN0P_,register_file,datapath,6
13142,gen_regfile_ff.register_file_i.rf_reg[375]$_DFFE_PN0P_,register_file,datapath,6
13143,gen_regfile_ff.register_file_i.rf_reg[376]$_DFFE_PN0P_,register_file,datapath,6
13144,gen_regfile_ff.register_file_i.rf_reg[377]$_DFFE_PN0P_,register_file,datapath,6
13145,gen_regfile_ff.register_file_i.rf_reg[378]$_DFFE_PN0P_,register_file,datapath,6
13146,gen_regfile_ff.register_file_i.rf_reg[379]$_DFFE_PN0P_,register_file,datapath,6
13147,gen_regfile_ff.register_file_i.rf_reg[37]$_DFFE_PN0P_,register_file,datapath,6
13148,gen_regfile_ff.register_file_i.rf_reg[380]$_DFFE_PN0P_,register_file,datapath,6
13149,gen_regfile_ff.register_file_i.rf_reg[381]$_DFFE_PN0P_,register_file,datapath,6
13150,gen_regfile_ff.register_file_i.rf_reg[382]$_DFFE_PN0P_,register_file,datapath,6
13151,gen_regfile_ff.register_file_i.rf_reg[383]$_DFFE_PN0P_,register_file,datapath,6
13152,gen_regfile_ff.register_file_i.rf_reg[384]$_DFFE_PN0P_,register_file,datapath,6
13153,gen_regfile_ff.register_file_i.rf_reg[385]$_DFFE_PN0P_,register_file,datapath,6
13154,gen_regfile_ff.register_file_i.rf_reg[386]$_DFFE_PN0P_,register_file,datapath,6
13155,gen_regfile_ff.register_file_i.rf_reg[387]$_DFFE_PN0P_,register_file,datapath,6
13156,gen_regfile_ff.register_file_i.rf_reg[388]$_DFFE_PN0P_,register_file,datapath,6
13157,gen_regfile_ff.register_file_i.rf_reg[389]$_DFFE_PN0P_,register_file,datapath,6
13158,gen_regfile_ff.register_file_i.rf_reg[38]$_DFFE_PN0P_,register_file,datapath,6
13159,gen_regfile_ff.register_file_i.rf_reg[390]$_DFFE_PN0P_,register_file,datapath,6
13160,gen_regfile_ff.register_file_i.rf_reg[391]$_DFFE_PN0P_,register_file,datapath,6
13161,gen_regfile_ff.register_file_i.rf_reg[392]$_DFFE_PN0P_,register_file,datapath,6
13162,gen_regfile_ff.register_file_i.rf_reg[393]$_DFFE_PN0P_,register_file,datapath,6
13163,gen_regfile_ff.register_file_i.rf_reg[394]$_DFFE_PN0P_,register_file,datapath,6
13164,gen_regfile_ff.register_file_i.rf_reg[395]$_DFFE_PN0P_,register_file,datapath,6
13165,gen_regfile_ff.register_file_i.rf_reg[396]$_DFFE_PN0P_,register_file,datapath,6
13166,gen_regfile_ff.register_file_i.rf_reg[397]$_DFFE_PN0P_,register_file,datapath,6
13167,gen_regfile_ff.register_file_i.rf_reg[398]$_DFFE_PN0P_,register_file,datapath,6
13168,gen_regfile_ff.register_file_i.rf_reg[399]$_DFFE_PN0P_,register_file,datapath,6
13169,gen_regfile_ff.register_file_i.rf_reg[39]$_DFFE_PN0P_,register_file,datapath,6
13170,gen_regfile_ff.register_file_i.rf_reg[400]$_DFFE_PN0P_,register_file,datapath,6
13171,gen_regfile_ff.register_file_i.rf_reg[401]$_DFFE_PN0P_,register_file,datapath,6
13172,gen_regfile_ff.register_file_i.rf_reg[402]$_DFFE_PN0P_,register_file,datapath,6
13173,gen_regfile_ff.register_file_i.rf_reg[403]$_DFFE_PN0P_,register_file,datapath,6
13174,gen_regfile_ff.register_file_i.rf_reg[404]$_DFFE_PN0P_,register_file,datapath,6
13175,gen_regfile_ff.register_file_i.rf_reg[405]$_DFFE_PN0P_,register_file,datapath,6
13176,gen_regfile_ff.register_file_i.rf_reg[406]$_DFFE_PN0P_,register_file,datapath,6
13177,gen_regfile_ff.register_file_i.rf_reg[407]$_DFFE_PN0P_,register_file,datapath,6
13178,gen_regfile_ff.register_file_i.rf_reg[408]$_DFFE_PN0P_,register_file,datapath,6
13179,gen_regfile_ff.register_file_i.rf_reg[409]$_DFFE_PN0P_,register_file,datapath,6
13180,gen_regfile_ff.register_file_i.rf_reg[40]$_DFFE_PN0P_,register_file,datapath,6
13181,gen_regfile_ff.register_file_i.rf_reg[410]$_DFFE_PN0P_,register_file,datapath,6
13182,gen_regfile_ff.register_file_i.rf_reg[411]$_DFFE_PN0P_,register_file,datapath,6
13183,gen_regfile_ff.register_file_i.rf_reg[412]$_DFFE_PN0P_,register_file,datapath,6
13184,gen_regfile_ff.register_file_i.rf_reg[413]$_DFFE_PN0P_,register_file,datapath,6
13185,gen_regfile_ff.register_file_i.rf_reg[414]$_DFFE_PN0P_,register_file,datapath,6
13186,gen_regfile_ff.register_file_i.rf_reg[415]$_DFFE_PN0P_,register_file,datapath,6
13187,gen_regfile_ff.register_file_i.rf_reg[416]$_DFFE_PN0P_,register_file,datapath,6
13188,gen_regfile_ff.register_file_i.rf_reg[417]$_DFFE_PN0P_,register_file,datapath,6
13189,gen_regfile_ff.register_file_i.rf_reg[418]$_DFFE_PN0P_,register_file,datapath,6
13190,gen_regfile_ff.register_file_i.rf_reg[419]$_DFFE_PN0P_,register_file,datapath,6
13191,gen_regfile_ff.register_file_i.rf_reg[41]$_DFFE_PN0P_,register_file,datapath,6
13192,gen_regfile_ff.register_file_i.rf_reg[420]$_DFFE_PN0P_,register_file,datapath,6
13193,gen_regfile_ff.register_file_i.rf_reg[421]$_DFFE_PN0P_,register_file,datapath,6
13194,gen_regfile_ff.register_file_i.rf_reg[422]$_DFFE_PN0P_,register_file,datapath,6
13195,gen_regfile_ff.register_file_i.rf_reg[423]$_DFFE_PN0P_,register_file,datapath,6
13196,gen_regfile_ff.register_file_i.rf_reg[424]$_DFFE_PN0P_,register_file,datapath,6
13197,gen_regfile_ff.register_file_i.rf_reg[425]$_DFFE_PN0P_,register_file,datapath,6
13198,gen_regfile_ff.register_file_i.rf_reg[426]$_DFFE_PN0P_,register_file,datapath,6
13199,gen_regfile_ff.register_file_i.rf_reg[427]$_DFFE_PN0P_,register_file,datapath,6
13200,gen_regfile_ff.register_file_i.rf_reg[428]$_DFFE_PN0P_,register_file,datapath,6
13201,gen_regfile_ff.register_file_i.rf_reg[429]$_DFFE_PN0P_,register_file,datapath,6
13202,gen_regfile_ff.register_file_i.rf_reg[42]$_DFFE_PN0P_,register_file,datapath,6
13203,gen_regfile_ff.register_file_i.rf_reg[430]$_DFFE_PN0P_,register_file,datapath,6
13204,gen_regfile_ff.register_file_i.rf_reg[431]$_DFFE_PN0P_,register_file,datapath,6
13205,gen_regfile_ff.register_file_i.rf_reg[432]$_DFFE_PN0P_,register_file,datapath,6
13206,gen_regfile_ff.register_file_i.rf_reg[433]$_DFFE_PN0P_,register_file,datapath,6
13207,gen_regfile_ff.register_file_i.rf_reg[434]$_DFFE_PN0P_,register_file,datapath,6
13208,gen_regfile_ff.register_file_i.rf_reg[435]$_DFFE_PN0P_,register_file,datapath,6
13209,gen_regfile_ff.register_file_i.rf_reg[436]$_DFFE_PN0P_,register_file,datapath,6
13210,gen_regfile_ff.register_file_i.rf_reg[437]$_DFFE_PN0P_,register_file,datapath,6
13211,gen_regfile_ff.register_file_i.rf_reg[438]$_DFFE_PN0P_,register_file,datapath,6
13212,gen_regfile_ff.register_file_i.rf_reg[439]$_DFFE_PN0P_,register_file,datapath,6
13213,gen_regfile_ff.register_file_i.rf_reg[43]$_DFFE_PN0P_,register_file,datapath,6
13214,gen_regfile_ff.register_file_i.rf_reg[440]$_DFFE_PN0P_,register_file,datapath,6
13215,gen_regfile_ff.register_file_i.rf_reg[441]$_DFFE_PN0P_,register_file,datapath,6
13216,gen_regfile_ff.register_file_i.rf_reg[442]$_DFFE_PN0P_,register_file,datapath,6
13217,gen_regfile_ff.register_file_i.rf_reg[443]$_DFFE_PN0P_,register_file,datapath,6
13218,gen_regfile_ff.register_file_i.rf_reg[444]$_DFFE_PN0P_,register_file,datapath,6
13219,gen_regfile_ff.register_file_i.rf_reg[445]$_DFFE_PN0P_,register_file,datapath,6
13220,gen_regfile_ff.register_file_i.rf_reg[446]$_DFFE_PN0P_,register_file,datapath,6
13221,gen_regfile_ff.register_file_i.rf_reg[447]$_DFFE_PN0P_,register_file,datapath,6
13222,gen_regfile_ff.register_file_i.rf_reg[448]$_DFFE_PN0P_,register_file,datapath,6
13223,gen_regfile_ff.register_file_i.rf_reg[449]$_DFFE_PN0P_,register_file,datapath,6
13224,gen_regfile_ff.register_file_i.rf_reg[44]$_DFFE_PN0P_,register_file,datapath,6
13225,gen_regfile_ff.register_file_i.rf_reg[450]$_DFFE_PN0P_,register_file,datapath,6
13226,gen_regfile_ff.register_file_i.rf_reg[451]$_DFFE_PN0P_,register_file,datapath,6
13227,gen_regfile_ff.register_file_i.rf_reg[452]$_DFFE_PN0P_,register_file,datapath,6
13228,gen_regfile_ff.register_file_i.rf_reg[453]$_DFFE_PN0P_,register_file,datapath,6
13229,gen_regfile_ff.register_file_i.rf_reg[454]$_DFFE_PN0P_,register_file,datapath,6
13230,gen_regfile_ff.register_file_i.rf_reg[455]$_DFFE_PN0P_,register_file,datapath,6
13231,gen_regfile_ff.register_file_i.rf_reg[456]$_DFFE_PN0P_,register_file,datapath,6
13232,gen_regfile_ff.register_file_i.rf_reg[457]$_DFFE_PN0P_,register_file,datapath,6
13233,gen_regfile_ff.register_file_i.rf_reg[458]$_DFFE_PN0P_,register_file,datapath,6
13234,gen_regfile_ff.register_file_i.rf_reg[459]$_DFFE_PN0P_,register_file,datapath,6
13235,gen_regfile_ff.register_file_i.rf_reg[45]$_DFFE_PN0P_,register_file,datapath,6
13236,gen_regfile_ff.register_file_i.rf_reg[460]$_DFFE_PN0P_,register_file,datapath,6
13237,gen_regfile_ff.register_file_i.rf_reg[461]$_DFFE_PN0P_,register_file,datapath,6
13238,gen_regfile_ff.register_file_i.rf_reg[462]$_DFFE_PN0P_,register_file,datapath,6
13239,gen_regfile_ff.register_file_i.rf_reg[463]$_DFFE_PN0P_,register_file,datapath,6
13240,gen_regfile_ff.register_file_i.rf_reg[464]$_DFFE_PN0P_,register_file,datapath,6
13241,gen_regfile_ff.register_file_i.rf_reg[465]$_DFFE_PN0P_,register_file,datapath,6
13242,gen_regfile_ff.register_file_i.rf_reg[466]$_DFFE_PN0P_,register_file,datapath,6
13243,gen_regfile_ff.register_file_i.rf_reg[467]$_DFFE_PN0P_,register_file,datapath,6
13244,gen_regfile_ff.register_file_i.rf_reg[468]$_DFFE_PN0P_,register_file,datapath,6
13245,gen_regfile_ff.register_file_i.rf_reg[469]$_DFFE_PN0P_,register_file,datapath,6
13246,gen_regfile_ff.register_file_i.rf_reg[46]$_DFFE_PN0P_,register_file,datapath,6
13247,gen_regfile_ff.register_file_i.rf_reg[470]$_DFFE_PN0P_,register_file,datapath,6
13248,gen_regfile_ff.register_file_i.rf_reg[471]$_DFFE_PN0P_,register_file,datapath,6
13249,gen_regfile_ff.register_file_i.rf_reg[472]$_DFFE_PN0P_,register_file,datapath,6
13250,gen_regfile_ff.register_file_i.rf_reg[473]$_DFFE_PN0P_,register_file,datapath,6
13251,gen_regfile_ff.register_file_i.rf_reg[474]$_DFFE_PN0P_,register_file,datapath,6
13252,gen_regfile_ff.register_file_i.rf_reg[475]$_DFFE_PN0P_,register_file,datapath,6
13253,gen_regfile_ff.register_file_i.rf_reg[476]$_DFFE_PN0P_,register_file,datapath,6
13254,gen_regfile_ff.register_file_i.rf_reg[477]$_DFFE_PN0P_,register_file,datapath,6
13255,gen_regfile_ff.register_file_i.rf_reg[478]$_DFFE_PN0P_,register_file,datapath,6
13256,gen_regfile_ff.register_file_i.rf_reg[479]$_DFFE_PN0P_,register_file,datapath,6
13257,gen_regfile_ff.register_file_i.rf_reg[47]$_DFFE_PN0P_,register_file,datapath,6
13258,gen_regfile_ff.register_file_i.rf_reg[480]$_DFFE_PN0P_,register_file,datapath,6
13259,gen_regfile_ff.register_file_i.rf_reg[481]$_DFFE_PN0P_,register_file,datapath,6
13260,gen_regfile_ff.register_file_i.rf_reg[482]$_DFFE_PN0P_,register_file,datapath,6
13261,gen_regfile_ff.register_file_i.rf_reg[483]$_DFFE_PN0P_,register_file,datapath,6
13262,gen_regfile_ff.register_file_i.rf_reg[484]$_DFFE_PN0P_,register_file,datapath,6
13263,gen_regfile_ff.register_file_i.rf_reg[485]$_DFFE_PN0P_,register_file,datapath,6
13264,gen_regfile_ff.register_file_i.rf_reg[486]$_DFFE_PN0P_,register_file,datapath,6
13265,gen_regfile_ff.register_file_i.rf_reg[487]$_DFFE_PN0P_,register_file,datapath,6
13266,gen_regfile_ff.register_file_i.rf_reg[488]$_DFFE_PN0P_,register_file,datapath,6
13267,gen_regfile_ff.register_file_i.rf_reg[489]$_DFFE_PN0P_,register_file,datapath,6
13268,gen_regfile_ff.register_file_i.rf_reg[48]$_DFFE_PN0P_,register_file,datapath,6
13269,gen_regfile_ff.register_file_i.rf_reg[490]$_DFFE_PN0P_,register_file,datapath,6
13270,gen_regfile_ff.register_file_i.rf_reg[491]$_DFFE_PN0P_,register_file,datapath,6
13271,gen_regfile_ff.register_file_i.rf_reg[492]$_DFFE_PN0P_,register_file,datapath,6
13272,gen_regfile_ff.register_file_i.rf_reg[493]$_DFFE_PN0P_,register_file,datapath,6
13273,gen_regfile_ff.register_file_i.rf_reg[494]$_DFFE_PN0P_,register_file,datapath,6
13274,gen_regfile_ff.register_file_i.rf_reg[495]$_DFFE_PN0P_,register_file,datapath,6
13275,gen_regfile_ff.register_file_i.rf_reg[496]$_DFFE_PN0P_,register_file,datapath,6
13276,gen_regfile_ff.register_file_i.rf_reg[497]$_DFFE_PN0P_,register_file,datapath,6
13277,gen_regfile_ff.register_file_i.rf_reg[498]$_DFFE_PN0P_,register_file,datapath,6
13278,gen_regfile_ff.register_file_i.rf_reg[499]$_DFFE_PN0P_,register_file,datapath,6
13279,gen_regfile_ff.register_file_i.rf_reg[49]$_DFFE_PN0P_,register_file,datapath,6
13280,gen_regfile_ff.register_file_i.rf_reg[500]$_DFFE_PN0P_,register_file,datapath,6
13281,gen_regfile_ff.register_file_i.rf_reg[501]$_DFFE_PN0P_,register_file,datapath,6
13282,gen_regfile_ff.register_file_i.rf_reg[502]$_DFFE_PN0P_,register_file,datapath,6
13283,gen_regfile_ff.register_file_i.rf_reg[503]$_DFFE_PN0P_,register_file,datapath,6
13284,gen_regfile_ff.register_file_i.rf_reg[504]$_DFFE_PN0P_,register_file,datapath,6
13285,gen_regfile_ff.register_file_i.rf_reg[505]$_DFFE_PN0P_,register_file,datapath,6
13286,gen_regfile_ff.register_file_i.rf_reg[506]$_DFFE_PN0P_,register_file,datapath,6
13287,gen_regfile_ff.register_file_i.rf_reg[507]$_DFFE_PN0P_,register_file,datapath,6
13288,gen_regfile_ff.register_file_i.rf_reg[508]$_DFFE_PN0P_,register_file,datapath,6
13289,gen_regfile_ff.register_file_i.rf_reg[509]$_DFFE_PN0P_,register_file,datapath,6
13290,gen_regfile_ff.register_file_i.rf_reg[50]$_DFFE_PN0P_,register_file,datapath,6
13291,gen_regfile_ff.register_file_i.rf_reg[510]$_DFFE_PN0P_,register_file,datapath,6
13292,gen_regfile_ff.register_file_i.rf_reg[511]$_DFFE_PN0P_,register_file,datapath,6
13293,gen_regfile_ff.register_file_i.rf_reg[512]$_DFFE_PN0P_,register_file,datapath,6
13294,gen_regfile_ff.register_file_i.rf_reg[513]$_DFFE_PN0P_,register_file,datapath,6
13295,gen_regfile_ff.register_file_i.rf_reg[514]$_DFFE_PN0P_,register_file,datapath,6
13296,gen_regfile_ff.register_file_i.rf_reg[515]$_DFFE_PN0P_,register_file,datapath,6
13297,gen_regfile_ff.register_file_i.rf_reg[516]$_DFFE_PN0P_,register_file,datapath,6
13298,gen_regfile_ff.register_file_i.rf_reg[517]$_DFFE_PN0P_,register_file,datapath,6
13299,gen_regfile_ff.register_file_i.rf_reg[518]$_DFFE_PN0P_,register_file,datapath,6
13300,gen_regfile_ff.register_file_i.rf_reg[519]$_DFFE_PN0P_,register_file,datapath,6
13301,gen_regfile_ff.register_file_i.rf_reg[51]$_DFFE_PN0P_,register_file,datapath,6
13302,gen_regfile_ff.register_file_i.rf_reg[520]$_DFFE_PN0P_,register_file,datapath,6
13303,gen_regfile_ff.register_file_i.rf_reg[521]$_DFFE_PN0P_,register_file,datapath,6
13304,gen_regfile_ff.register_file_i.rf_reg[522]$_DFFE_PN0P_,register_file,datapath,6
13305,gen_regfile_ff.register_file_i.rf_reg[523]$_DFFE_PN0P_,register_file,datapath,6
13306,gen_regfile_ff.register_file_i.rf_reg[524]$_DFFE_PN0P_,register_file,datapath,6
13307,gen_regfile_ff.register_file_i.rf_reg[525]$_DFFE_PN0P_,register_file,datapath,6
13308,gen_regfile_ff.register_file_i.rf_reg[526]$_DFFE_PN0P_,register_file,datapath,6
13309,gen_regfile_ff.register_file_i.rf_reg[527]$_DFFE_PN0P_,register_file,datapath,6
13310,gen_regfile_ff.register_file_i.rf_reg[528]$_DFFE_PN0P_,register_file,datapath,6
13311,gen_regfile_ff.register_file_i.rf_reg[529]$_DFFE_PN0P_,register_file,datapath,6
13312,gen_regfile_ff.register_file_i.rf_reg[52]$_DFFE_PN0P_,register_file,datapath,6
13313,gen_regfile_ff.register_file_i.rf_reg[530]$_DFFE_PN0P_,register_file,datapath,6
13314,gen_regfile_ff.register_file_i.rf_reg[531]$_DFFE_PN0P_,register_file,datapath,6
13315,gen_regfile_ff.register_file_i.rf_reg[532]$_DFFE_PN0P_,register_file,datapath,6
13316,gen_regfile_ff.register_file_i.rf_reg[533]$_DFFE_PN0P_,register_file,datapath,6
13317,gen_regfile_ff.register_file_i.rf_reg[534]$_DFFE_PN0P_,register_file,datapath,6
13318,gen_regfile_ff.register_file_i.rf_reg[535]$_DFFE_PN0P_,register_file,datapath,6
13319,gen_regfile_ff.register_file_i.rf_reg[536]$_DFFE_PN0P_,register_file,datapath,6
13320,gen_regfile_ff.register_file_i.rf_reg[537]$_DFFE_PN0P_,register_file,datapath,6
13321,gen_regfile_ff.register_file_i.rf_reg[538]$_DFFE_PN0P_,register_file,datapath,6
13322,gen_regfile_ff.register_file_i.rf_reg[539]$_DFFE_PN0P_,register_file,datapath,6
13323,gen_regfile_ff.register_file_i.rf_reg[53]$_DFFE_PN0P_,register_file,datapath,6
13324,gen_regfile_ff.register_file_i.rf_reg[540]$_DFFE_PN0P_,register_file,datapath,6
13325,gen_regfile_ff.register_file_i.rf_reg[541]$_DFFE_PN0P_,register_file,datapath,6
13326,gen_regfile_ff.register_file_i.rf_reg[542]$_DFFE_PN0P_,register_file,datapath,6
13327,gen_regfile_ff.register_file_i.rf_reg[543]$_DFFE_PN0P_,register_file,datapath,6
13328,gen_regfile_ff.register_file_i.rf_reg[544]$_DFFE_PN0P_,register_file,datapath,6
13329,gen_regfile_ff.register_file_i.rf_reg[545]$_DFFE_PN0P_,register_file,datapath,6
13330,gen_regfile_ff.register_file_i.rf_reg[546]$_DFFE_PN0P_,register_file,datapath,6
13331,gen_regfile_ff.register_file_i.rf_reg[547]$_DFFE_PN0P_,register_file,datapath,6
13332,gen_regfile_ff.register_file_i.rf_reg[548]$_DFFE_PN0P_,register_file,datapath,6
13333,gen_regfile_ff.register_file_i.rf_reg[549]$_DFFE_PN0P_,register_file,datapath,6
13334,gen_regfile_ff.register_file_i.rf_reg[54]$_DFFE_PN0P_,register_file,datapath,6
13335,gen_regfile_ff.register_file_i.rf_reg[550]$_DFFE_PN0P_,register_file,datapath,6
13336,gen_regfile_ff.register_file_i.rf_reg[551]$_DFFE_PN0P_,register_file,datapath,6
13337,gen_regfile_ff.register_file_i.rf_reg[552]$_DFFE_PN0P_,register_file,datapath,6
13338,gen_regfile_ff.register_file_i.rf_reg[553]$_DFFE_PN0P_,register_file,datapath,6
13339,gen_regfile_ff.register_file_i.rf_reg[554]$_DFFE_PN0P_,register_file,datapath,6
13340,gen_regfile_ff.register_file_i.rf_reg[555]$_DFFE_PN0P_,register_file,datapath,6
13341,gen_regfile_ff.register_file_i.rf_reg[556]$_DFFE_PN0P_,register_file,datapath,6
13342,gen_regfile_ff.register_file_i.rf_reg[557]$_DFFE_PN0P_,register_file,datapath,6
13343,gen_regfile_ff.register_file_i.rf_reg[558]$_DFFE_PN0P_,register_file,datapath,6
13344,gen_regfile_ff.register_file_i.rf_reg[559]$_DFFE_PN0P_,register_file,datapath,6
13345,gen_regfile_ff.register_file_i.rf_reg[55]$_DFFE_PN0P_,register_file,datapath,6
13346,gen_regfile_ff.register_file_i.rf_reg[560]$_DFFE_PN0P_,register_file,datapath,6
13347,gen_regfile_ff.register_file_i.rf_reg[561]$_DFFE_PN0P_,register_file,datapath,6
13348,gen_regfile_ff.register_file_i.rf_reg[562]$_DFFE_PN0P_,register_file,datapath,6
13349,gen_regfile_ff.register_file_i.rf_reg[563]$_DFFE_PN0P_,register_file,datapath,6
13350,gen_regfile_ff.register_file_i.rf_reg[564]$_DFFE_PN0P_,register_file,datapath,6
13351,gen_regfile_ff.register_file_i.rf_reg[565]$_DFFE_PN0P_,register_file,datapath,6
13352,gen_regfile_ff.register_file_i.rf_reg[566]$_DFFE_PN0P_,register_file,datapath,6
13353,gen_regfile_ff.register_file_i.rf_reg[567]$_DFFE_PN0P_,register_file,datapath,6
13354,gen_regfile_ff.register_file_i.rf_reg[568]$_DFFE_PN0P_,register_file,datapath,6
13355,gen_regfile_ff.register_file_i.rf_reg[569]$_DFFE_PN0P_,register_file,datapath,6
13356,gen_regfile_ff.register_file_i.rf_reg[56]$_DFFE_PN0P_,register_file,datapath,6
13357,gen_regfile_ff.register_file_i.rf_reg[570]$_DFFE_PN0P_,register_file,datapath,6
13358,gen_regfile_ff.register_file_i.rf_reg[571]$_DFFE_PN0P_,register_file,datapath,6
13359,gen_regfile_ff.register_file_i.rf_reg[572]$_DFFE_PN0P_,register_file,datapath,6
13360,gen_regfile_ff.register_file_i.rf_reg[573]$_DFFE_PN0P_,register_file,datapath,6
13361,gen_regfile_ff.register_file_i.rf_reg[574]$_DFFE_PN0P_,register_file,datapath,6
13362,gen_regfile_ff.register_file_i.rf_reg[575]$_DFFE_PN0P_,register_file,datapath,6
13363,gen_regfile_ff.register_file_i.rf_reg[576]$_DFFE_PN0P_,register_file,datapath,6
13364,gen_regfile_ff.register_file_i.rf_reg[577]$_DFFE_PN0P_,register_file,datapath,6
13365,gen_regfile_ff.register_file_i.rf_reg[578]$_DFFE_PN0P_,register_file,datapath,6
13366,gen_regfile_ff.register_file_i.rf_reg[579]$_DFFE_PN0P_,register_file,datapath,6
13367,gen_regfile_ff.register_file_i.rf_reg[57]$_DFFE_PN0P_,register_file,datapath,6
13368,gen_regfile_ff.register_file_i.rf_reg[580]$_DFFE_PN0P_,register_file,datapath,6
13369,gen_regfile_ff.register_file_i.rf_reg[581]$_DFFE_PN0P_,register_file,datapath,6
13370,gen_regfile_ff.register_file_i.rf_reg[582]$_DFFE_PN0P_,register_file,datapath,6
13371,gen_regfile_ff.register_file_i.rf_reg[583]$_DFFE_PN0P_,register_file,datapath,6
13372,gen_regfile_ff.register_file_i.rf_reg[584]$_DFFE_PN0P_,register_file,datapath,6
13373,gen_regfile_ff.register_file_i.rf_reg[585]$_DFFE_PN0P_,register_file,datapath,6
13374,gen_regfile_ff.register_file_i.rf_reg[586]$_DFFE_PN0P_,register_file,datapath,6
13375,gen_regfile_ff.register_file_i.rf_reg[587]$_DFFE_PN0P_,register_file,datapath,6
13376,gen_regfile_ff.register_file_i.rf_reg[588]$_DFFE_PN0P_,register_file,datapath,6
13377,gen_regfile_ff.register_file_i.rf_reg[589]$_DFFE_PN0P_,register_file,datapath,6
13378,gen_regfile_ff.register_file_i.rf_reg[58]$_DFFE_PN0P_,register_file,datapath,6
13379,gen_regfile_ff.register_file_i.rf_reg[590]$_DFFE_PN0P_,register_file,datapath,6
13380,gen_regfile_ff.register_file_i.rf_reg[591]$_DFFE_PN0P_,register_file,datapath,6
13381,gen_regfile_ff.register_file_i.rf_reg[592]$_DFFE_PN0P_,register_file,datapath,6
13382,gen_regfile_ff.register_file_i.rf_reg[593]$_DFFE_PN0P_,register_file,datapath,6
13383,gen_regfile_ff.register_file_i.rf_reg[594]$_DFFE_PN0P_,register_file,datapath,6
13384,gen_regfile_ff.register_file_i.rf_reg[595]$_DFFE_PN0P_,register_file,datapath,6
13385,gen_regfile_ff.register_file_i.rf_reg[596]$_DFFE_PN0P_,register_file,datapath,6
13386,gen_regfile_ff.register_file_i.rf_reg[597]$_DFFE_PN0P_,register_file,datapath,6
13387,gen_regfile_ff.register_file_i.rf_reg[598]$_DFFE_PN0P_,register_file,datapath,6
13388,gen_regfile_ff.register_file_i.rf_reg[599]$_DFFE_PN0P_,register_file,datapath,6
13389,gen_regfile_ff.register_file_i.rf_reg[59]$_DFFE_PN0P_,register_file,datapath,6
13390,gen_regfile_ff.register_file_i.rf_reg[600]$_DFFE_PN0P_,register_file,datapath,6
13391,gen_regfile_ff.register_file_i.rf_reg[601]$_DFFE_PN0P_,register_file,datapath,6
13392,gen_regfile_ff.register_file_i.rf_reg[602]$_DFFE_PN0P_,register_file,datapath,6
13393,gen_regfile_ff.register_file_i.rf_reg[603]$_DFFE_PN0P_,register_file,datapath,6
13394,gen_regfile_ff.register_file_i.rf_reg[604]$_DFFE_PN0P_,register_file,datapath,6
13395,gen_regfile_ff.register_file_i.rf_reg[605]$_DFFE_PN0P_,register_file,datapath,6
13396,gen_regfile_ff.register_file_i.rf_reg[606]$_DFFE_PN0P_,register_file,datapath,6
13397,gen_regfile_ff.register_file_i.rf_reg[607]$_DFFE_PN0P_,register_file,datapath,6
13398,gen_regfile_ff.register_file_i.rf_reg[608]$_DFFE_PN0P_,register_file,datapath,6
13399,gen_regfile_ff.register_file_i.rf_reg[609]$_DFFE_PN0P_,register_file,datapath,6
13400,gen_regfile_ff.register_file_i.rf_reg[60]$_DFFE_PN0P_,register_file,datapath,6
13401,gen_regfile_ff.register_file_i.rf_reg[610]$_DFFE_PN0P_,register_file,datapath,6
13402,gen_regfile_ff.register_file_i.rf_reg[611]$_DFFE_PN0P_,register_file,datapath,6
13403,gen_regfile_ff.register_file_i.rf_reg[612]$_DFFE_PN0P_,register_file,datapath,6
13404,gen_regfile_ff.register_file_i.rf_reg[613]$_DFFE_PN0P_,register_file,datapath,6
13405,gen_regfile_ff.register_file_i.rf_reg[614]$_DFFE_PN0P_,register_file,datapath,6
13406,gen_regfile_ff.register_file_i.rf_reg[615]$_DFFE_PN0P_,register_file,datapath,6
13407,gen_regfile_ff.register_file_i.rf_reg[616]$_DFFE_PN0P_,register_file,datapath,6
13408,gen_regfile_ff.register_file_i.rf_reg[617]$_DFFE_PN0P_,register_file,datapath,6
13409,gen_regfile_ff.register_file_i.rf_reg[618]$_DFFE_PN0P_,register_file,datapath,6
13410,gen_regfile_ff.register_file_i.rf_reg[619]$_DFFE_PN0P_,register_file,datapath,6
13411,gen_regfile_ff.register_file_i.rf_reg[61]$_DFFE_PN0P_,register_file,datapath,6
13412,gen_regfile_ff.register_file_i.rf_reg[620]$_DFFE_PN0P_,register_file,datapath,6
13413,gen_regfile_ff.register_file_i.rf_reg[621]$_DFFE_PN0P_,register_file,datapath,6
13414,gen_regfile_ff.register_file_i.rf_reg[622]$_DFFE_PN0P_,register_file,datapath,6
13415,gen_regfile_ff.register_file_i.rf_reg[623]$_DFFE_PN0P_,register_file,datapath,6
13416,gen_regfile_ff.register_file_i.rf_reg[624]$_DFFE_PN0P_,register_file,datapath,6
13417,gen_regfile_ff.register_file_i.rf_reg[625]$_DFFE_PN0P_,register_file,datapath,6
13418,gen_regfile_ff.register_file_i.rf_reg[626]$_DFFE_PN0P_,register_file,datapath,6
13419,gen_regfile_ff.register_file_i.rf_reg[627]$_DFFE_PN0P_,register_file,datapath,6
13420,gen_regfile_ff.register_file_i.rf_reg[628]$_DFFE_PN0P_,register_file,datapath,6
13421,gen_regfile_ff.register_file_i.rf_reg[629]$_DFFE_PN0P_,register_file,datapath,6
13422,gen_regfile_ff.register_file_i.rf_reg[62]$_DFFE_PN0P_,register_file,datapath,6
13423,gen_regfile_ff.register_file_i.rf_reg[630]$_DFFE_PN0P_,register_file,datapath,6
13424,gen_regfile_ff.register_file_i.rf_reg[631]$_DFFE_PN0P_,register_file,datapath,6
13425,gen_regfile_ff.register_file_i.rf_reg[632]$_DFFE_PN0P_,register_file,datapath,6
13426,gen_regfile_ff.register_file_i.rf_reg[633]$_DFFE_PN0P_,register_file,datapath,6
13427,gen_regfile_ff.register_file_i.rf_reg[634]$_DFFE_PN0P_,register_file,datapath,6
13428,gen_regfile_ff.register_file_i.rf_reg[635]$_DFFE_PN0P_,register_file,datapath,6
13429,gen_regfile_ff.register_file_i.rf_reg[636]$_DFFE_PN0P_,register_file,datapath,6
13430,gen_regfile_ff.register_file_i.rf_reg[637]$_DFFE_PN0P_,register_file,datapath,6
13431,gen_regfile_ff.register_file_i.rf_reg[638]$_DFFE_PN0P_,register_file,datapath,6
13432,gen_regfile_ff.register_file_i.rf_reg[639]$_DFFE_PN0P_,register_file,datapath,6
13433,gen_regfile_ff.register_file_i.rf_reg[63]$_DFFE_PN0P_,register_file,datapath,6
13434,gen_regfile_ff.register_file_i.rf_reg[640]$_DFFE_PN0P_,register_file,datapath,6
13435,gen_regfile_ff.register_file_i.rf_reg[641]$_DFFE_PN0P_,register_file,datapath,6
13436,gen_regfile_ff.register_file_i.rf_reg[642]$_DFFE_PN0P_,register_file,datapath,6
13437,gen_regfile_ff.register_file_i.rf_reg[643]$_DFFE_PN0P_,register_file,datapath,6
13438,gen_regfile_ff.register_file_i.rf_reg[644]$_DFFE_PN0P_,register_file,datapath,6
13439,gen_regfile_ff.register_file_i.rf_reg[645]$_DFFE_PN0P_,register_file,datapath,6
13440,gen_regfile_ff.register_file_i.rf_reg[646]$_DFFE_PN0P_,register_file,datapath,6
13441,gen_regfile_ff.register_file_i.rf_reg[647]$_DFFE_PN0P_,register_file,datapath,6
13442,gen_regfile_ff.register_file_i.rf_reg[648]$_DFFE_PN0P_,register_file,datapath,6
13443,gen_regfile_ff.register_file_i.rf_reg[649]$_DFFE_PN0P_,register_file,datapath,6
13444,gen_regfile_ff.register_file_i.rf_reg[64]$_DFFE_PN0P_,register_file,datapath,6
13445,gen_regfile_ff.register_file_i.rf_reg[650]$_DFFE_PN0P_,register_file,datapath,6
13446,gen_regfile_ff.register_file_i.rf_reg[651]$_DFFE_PN0P_,register_file,datapath,6
13447,gen_regfile_ff.register_file_i.rf_reg[652]$_DFFE_PN0P_,register_file,datapath,6
13448,gen_regfile_ff.register_file_i.rf_reg[653]$_DFFE_PN0P_,register_file,datapath,6
13449,gen_regfile_ff.register_file_i.rf_reg[654]$_DFFE_PN0P_,register_file,datapath,6
13450,gen_regfile_ff.register_file_i.rf_reg[655]$_DFFE_PN0P_,register_file,datapath,6
13451,gen_regfile_ff.register_file_i.rf_reg[656]$_DFFE_PN0P_,register_file,datapath,6
13452,gen_regfile_ff.register_file_i.rf_reg[657]$_DFFE_PN0P_,register_file,datapath,6
13453,gen_regfile_ff.register_file_i.rf_reg[658]$_DFFE_PN0P_,register_file,datapath,6
13454,gen_regfile_ff.register_file_i.rf_reg[659]$_DFFE_PN0P_,register_file,datapath,6
13455,gen_regfile_ff.register_file_i.rf_reg[65]$_DFFE_PN0P_,register_file,datapath,6
13456,gen_regfile_ff.register_file_i.rf_reg[660]$_DFFE_PN0P_,register_file,datapath,6
13457,gen_regfile_ff.register_file_i.rf_reg[661]$_DFFE_PN0P_,register_file,datapath,6
13458,gen_regfile_ff.register_file_i.rf_reg[662]$_DFFE_PN0P_,register_file,datapath,6
13459,gen_regfile_ff.register_file_i.rf_reg[663]$_DFFE_PN0P_,register_file,datapath,6
13460,gen_regfile_ff.register_file_i.rf_reg[664]$_DFFE_PN0P_,register_file,datapath,6
13461,gen_regfile_ff.register_file_i.rf_reg[665]$_DFFE_PN0P_,register_file,datapath,6
13462,gen_regfile_ff.register_file_i.rf_reg[666]$_DFFE_PN0P_,register_file,datapath,6
13463,gen_regfile_ff.register_file_i.rf_reg[667]$_DFFE_PN0P_,register_file,datapath,6
13464,gen_regfile_ff.register_file_i.rf_reg[668]$_DFFE_PN0P_,register_file,datapath,6
13465,gen_regfile_ff.register_file_i.rf_reg[669]$_DFFE_PN0P_,register_file,datapath,6
13466,gen_regfile_ff.register_file_i.rf_reg[66]$_DFFE_PN0P_,register_file,datapath,6
13467,gen_regfile_ff.register_file_i.rf_reg[670]$_DFFE_PN0P_,register_file,datapath,6
13468,gen_regfile_ff.register_file_i.rf_reg[671]$_DFFE_PN0P_,register_file,datapath,6
13469,gen_regfile_ff.register_file_i.rf_reg[672]$_DFFE_PN0P_,register_file,datapath,6
13470,gen_regfile_ff.register_file_i.rf_reg[673]$_DFFE_PN0P_,register_file,datapath,6
13471,gen_regfile_ff.register_file_i.rf_reg[674]$_DFFE_PN0P_,register_file,datapath,6
13472,gen_regfile_ff.register_file_i.rf_reg[675]$_DFFE_PN0P_,register_file,datapath,6
13473,gen_regfile_ff.register_file_i.rf_reg[676]$_DFFE_PN0P_,register_file,datapath,6
13474,gen_regfile_ff.register_file_i.rf_reg[677]$_DFFE_PN0P_,register_file,datapath,6
13475,gen_regfile_ff.register_file_i.rf_reg[678]$_DFFE_PN0P_,register_file,datapath,6
13476,gen_regfile_ff.register_file_i.rf_reg[679]$_DFFE_PN0P_,register_file,datapath,6
13477,gen_regfile_ff.register_file_i.rf_reg[67]$_DFFE_PN0P_,register_file,datapath,6
13478,gen_regfile_ff.register_file_i.rf_reg[680]$_DFFE_PN0P_,register_file,datapath,6
13479,gen_regfile_ff.register_file_i.rf_reg[681]$_DFFE_PN0P_,register_file,datapath,6
13480,gen_regfile_ff.register_file_i.rf_reg[682]$_DFFE_PN0P_,register_file,datapath,6
13481,gen_regfile_ff.register_file_i.rf_reg[683]$_DFFE_PN0P_,register_file,datapath,6
13482,gen_regfile_ff.register_file_i.rf_reg[684]$_DFFE_PN0P_,register_file,datapath,6
13483,gen_regfile_ff.register_file_i.rf_reg[685]$_DFFE_PN0P_,register_file,datapath,6
13484,gen_regfile_ff.register_file_i.rf_reg[686]$_DFFE_PN0P_,register_file,datapath,6
13485,gen_regfile_ff.register_file_i.rf_reg[687]$_DFFE_PN0P_,register_file,datapath,6
13486,gen_regfile_ff.register_file_i.rf_reg[688]$_DFFE_PN0P_,register_file,datapath,6
13487,gen_regfile_ff.register_file_i.rf_reg[689]$_DFFE_PN0P_,register_file,datapath,6
13488,gen_regfile_ff.register_file_i.rf_reg[68]$_DFFE_PN0P_,register_file,datapath,6
13489,gen_regfile_ff.register_file_i.rf_reg[690]$_DFFE_PN0P_,register_file,datapath,6
13490,gen_regfile_ff.register_file_i.rf_reg[691]$_DFFE_PN0P_,register_file,datapath,6
13491,gen_regfile_ff.register_file_i.rf_reg[692]$_DFFE_PN0P_,register_file,datapath,6
13492,gen_regfile_ff.register_file_i.rf_reg[693]$_DFFE_PN0P_,register_file,datapath,6
13493,gen_regfile_ff.register_file_i.rf_reg[694]$_DFFE_PN0P_,register_file,datapath,6
13494,gen_regfile_ff.register_file_i.rf_reg[695]$_DFFE_PN0P_,register_file,datapath,6
13495,gen_regfile_ff.register_file_i.rf_reg[696]$_DFFE_PN0P_,register_file,datapath,6
13496,gen_regfile_ff.register_file_i.rf_reg[697]$_DFFE_PN0P_,register_file,datapath,6
13497,gen_regfile_ff.register_file_i.rf_reg[698]$_DFFE_PN0P_,register_file,datapath,6
13498,gen_regfile_ff.register_file_i.rf_reg[699]$_DFFE_PN0P_,register_file,datapath,6
13499,gen_regfile_ff.register_file_i.rf_reg[69]$_DFFE_PN0P_,register_file,datapath,6
13500,gen_regfile_ff.register_file_i.rf_reg[700]$_DFFE_PN0P_,register_file,datapath,6
13501,gen_regfile_ff.register_file_i.rf_reg[701]$_DFFE_PN0P_,register_file,datapath,6
13502,gen_regfile_ff.register_file_i.rf_reg[702]$_DFFE_PN0P_,register_file,datapath,6
13503,gen_regfile_ff.register_file_i.rf_reg[703]$_DFFE_PN0P_,register_file,datapath,6
13504,gen_regfile_ff.register_file_i.rf_reg[704]$_DFFE_PN0P_,register_file,datapath,6
13505,gen_regfile_ff.register_file_i.rf_reg[705]$_DFFE_PN0P_,register_file,datapath,6
13506,gen_regfile_ff.register_file_i.rf_reg[706]$_DFFE_PN0P_,register_file,datapath,6
13507,gen_regfile_ff.register_file_i.rf_reg[707]$_DFFE_PN0P_,register_file,datapath,6
13508,gen_regfile_ff.register_file_i.rf_reg[708]$_DFFE_PN0P_,register_file,datapath,6
13509,gen_regfile_ff.register_file_i.rf_reg[709]$_DFFE_PN0P_,register_file,datapath,6
13510,gen_regfile_ff.register_file_i.rf_reg[70]$_DFFE_PN0P_,register_file,datapath,6
13511,gen_regfile_ff.register_file_i.rf_reg[710]$_DFFE_PN0P_,register_file,datapath,6
13512,gen_regfile_ff.register_file_i.rf_reg[711]$_DFFE_PN0P_,register_file,datapath,6
13513,gen_regfile_ff.register_file_i.rf_reg[712]$_DFFE_PN0P_,register_file,datapath,6
13514,gen_regfile_ff.register_file_i.rf_reg[713]$_DFFE_PN0P_,register_file,datapath,6
13515,gen_regfile_ff.register_file_i.rf_reg[714]$_DFFE_PN0P_,register_file,datapath,6
13516,gen_regfile_ff.register_file_i.rf_reg[715]$_DFFE_PN0P_,register_file,datapath,6
13517,gen_regfile_ff.register_file_i.rf_reg[716]$_DFFE_PN0P_,register_file,datapath,6
13518,gen_regfile_ff.register_file_i.rf_reg[717]$_DFFE_PN0P_,register_file,datapath,6
13519,gen_regfile_ff.register_file_i.rf_reg[718]$_DFFE_PN0P_,register_file,datapath,6
13520,gen_regfile_ff.register_file_i.rf_reg[719]$_DFFE_PN0P_,register_file,datapath,6
13521,gen_regfile_ff.register_file_i.rf_reg[71]$_DFFE_PN0P_,register_file,datapath,6
13522,gen_regfile_ff.register_file_i.rf_reg[720]$_DFFE_PN0P_,register_file,datapath,6
13523,gen_regfile_ff.register_file_i.rf_reg[721]$_DFFE_PN0P_,register_file,datapath,6
13524,gen_regfile_ff.register_file_i.rf_reg[722]$_DFFE_PN0P_,register_file,datapath,6
13525,gen_regfile_ff.register_file_i.rf_reg[723]$_DFFE_PN0P_,register_file,datapath,6
13526,gen_regfile_ff.register_file_i.rf_reg[724]$_DFFE_PN0P_,register_file,datapath,6
13527,gen_regfile_ff.register_file_i.rf_reg[725]$_DFFE_PN0P_,register_file,datapath,6
13528,gen_regfile_ff.register_file_i.rf_reg[726]$_DFFE_PN0P_,register_file,datapath,6
13529,gen_regfile_ff.register_file_i.rf_reg[727]$_DFFE_PN0P_,register_file,datapath,6
13530,gen_regfile_ff.register_file_i.rf_reg[728]$_DFFE_PN0P_,register_file,datapath,6
13531,gen_regfile_ff.register_file_i.rf_reg[729]$_DFFE_PN0P_,register_file,datapath,6
13532,gen_regfile_ff.register_file_i.rf_reg[72]$_DFFE_PN0P_,register_file,datapath,6
13533,gen_regfile_ff.register_file_i.rf_reg[730]$_DFFE_PN0P_,register_file,datapath,6
13534,gen_regfile_ff.register_file_i.rf_reg[731]$_DFFE_PN0P_,register_file,datapath,6
13535,gen_regfile_ff.register_file_i.rf_reg[732]$_DFFE_PN0P_,register_file,datapath,6
13536,gen_regfile_ff.register_file_i.rf_reg[733]$_DFFE_PN0P_,register_file,datapath,6
13537,gen_regfile_ff.register_file_i.rf_reg[734]$_DFFE_PN0P_,register_file,datapath,6
13538,gen_regfile_ff.register_file_i.rf_reg[735]$_DFFE_PN0P_,register_file,datapath,6
13539,gen_regfile_ff.register_file_i.rf_reg[736]$_DFFE_PN0P_,register_file,datapath,6
13540,gen_regfile_ff.register_file_i.rf_reg[737]$_DFFE_PN0P_,register_file,datapath,6
13541,gen_regfile_ff.register_file_i.rf_reg[738]$_DFFE_PN0P_,register_file,datapath,6
13542,gen_regfile_ff.register_file_i.rf_reg[739]$_DFFE_PN0P_,register_file,datapath,6
13543,gen_regfile_ff.register_file_i.rf_reg[73]$_DFFE_PN0P_,register_file,datapath,6
13544,gen_regfile_ff.register_file_i.rf_reg[740]$_DFFE_PN0P_,register_file,datapath,6
13545,gen_regfile_ff.register_file_i.rf_reg[741]$_DFFE_PN0P_,register_file,datapath,6
13546,gen_regfile_ff.register_file_i.rf_reg[742]$_DFFE_PN0P_,register_file,datapath,6
13547,gen_regfile_ff.register_file_i.rf_reg[743]$_DFFE_PN0P_,register_file,datapath,6
13548,gen_regfile_ff.register_file_i.rf_reg[744]$_DFFE_PN0P_,register_file,datapath,6
13549,gen_regfile_ff.register_file_i.rf_reg[745]$_DFFE_PN0P_,register_file,datapath,6
13550,gen_regfile_ff.register_file_i.rf_reg[746]$_DFFE_PN0P_,register_file,datapath,6
13551,gen_regfile_ff.register_file_i.rf_reg[747]$_DFFE_PN0P_,register_file,datapath,6
13552,gen_regfile_ff.register_file_i.rf_reg[748]$_DFFE_PN0P_,register_file,datapath,6
13553,gen_regfile_ff.register_file_i.rf_reg[749]$_DFFE_PN0P_,register_file,datapath,6
13554,gen_regfile_ff.register_file_i.rf_reg[74]$_DFFE_PN0P_,register_file,datapath,6
13555,gen_regfile_ff.register_file_i.rf_reg[750]$_DFFE_PN0P_,register_file,datapath,6
13556,gen_regfile_ff.register_file_i.rf_reg[751]$_DFFE_PN0P_,register_file,datapath,6
13557,gen_regfile_ff.register_file_i.rf_reg[752]$_DFFE_PN0P_,register_file,datapath,6
13558,gen_regfile_ff.register_file_i.rf_reg[753]$_DFFE_PN0P_,register_file,datapath,6
13559,gen_regfile_ff.register_file_i.rf_reg[754]$_DFFE_PN0P_,register_file,datapath,6
13560,gen_regfile_ff.register_file_i.rf_reg[755]$_DFFE_PN0P_,register_file,datapath,6
13561,gen_regfile_ff.register_file_i.rf_reg[756]$_DFFE_PN0P_,register_file,datapath,6
13562,gen_regfile_ff.register_file_i.rf_reg[757]$_DFFE_PN0P_,register_file,datapath,6
13563,gen_regfile_ff.register_file_i.rf_reg[758]$_DFFE_PN0P_,register_file,datapath,6
13564,gen_regfile_ff.register_file_i.rf_reg[759]$_DFFE_PN0P_,register_file,datapath,6
13565,gen_regfile_ff.register_file_i.rf_reg[75]$_DFFE_PN0P_,register_file,datapath,6
13566,gen_regfile_ff.register_file_i.rf_reg[760]$_DFFE_PN0P_,register_file,datapath,6
13567,gen_regfile_ff.register_file_i.rf_reg[761]$_DFFE_PN0P_,register_file,datapath,6
13568,gen_regfile_ff.register_file_i.rf_reg[762]$_DFFE_PN0P_,register_file,datapath,6
13569,gen_regfile_ff.register_file_i.rf_reg[763]$_DFFE_PN0P_,register_file,datapath,6
13570,gen_regfile_ff.register_file_i.rf_reg[764]$_DFFE_PN0P_,register_file,datapath,6
13571,gen_regfile_ff.register_file_i.rf_reg[765]$_DFFE_PN0P_,register_file,datapath,6
13572,gen_regfile_ff.register_file_i.rf_reg[766]$_DFFE_PN0P_,register_file,datapath,6
13573,gen_regfile_ff.register_file_i.rf_reg[767]$_DFFE_PN0P_,register_file,datapath,6
13574,gen_regfile_ff.register_file_i.rf_reg[768]$_DFFE_PN0P_,register_file,datapath,6
13575,gen_regfile_ff.register_file_i.rf_reg[769]$_DFFE_PN0P_,register_file,datapath,6
13576,gen_regfile_ff.register_file_i.rf_reg[76]$_DFFE_PN0P_,register_file,datapath,6
13577,gen_regfile_ff.register_file_i.rf_reg[770]$_DFFE_PN0P_,register_file,datapath,6
13578,gen_regfile_ff.register_file_i.rf_reg[771]$_DFFE_PN0P_,register_file,datapath,6
13579,gen_regfile_ff.register_file_i.rf_reg[772]$_DFFE_PN0P_,register_file,datapath,6
13580,gen_regfile_ff.register_file_i.rf_reg[773]$_DFFE_PN0P_,register_file,datapath,6
13581,gen_regfile_ff.register_file_i.rf_reg[774]$_DFFE_PN0P_,register_file,datapath,6
13582,gen_regfile_ff.register_file_i.rf_reg[775]$_DFFE_PN0P_,register_file,datapath,6
13583,gen_regfile_ff.register_file_i.rf_reg[776]$_DFFE_PN0P_,register_file,datapath,6
13584,gen_regfile_ff.register_file_i.rf_reg[777]$_DFFE_PN0P_,register_file,datapath,6
13585,gen_regfile_ff.register_file_i.rf_reg[778]$_DFFE_PN0P_,register_file,datapath,6
13586,gen_regfile_ff.register_file_i.rf_reg[779]$_DFFE_PN0P_,register_file,datapath,6
13587,gen_regfile_ff.register_file_i.rf_reg[77]$_DFFE_PN0P_,register_file,datapath,6
13588,gen_regfile_ff.register_file_i.rf_reg[780]$_DFFE_PN0P_,register_file,datapath,6
13589,gen_regfile_ff.register_file_i.rf_reg[781]$_DFFE_PN0P_,register_file,datapath,6
13590,gen_regfile_ff.register_file_i.rf_reg[782]$_DFFE_PN0P_,register_file,datapath,6
13591,gen_regfile_ff.register_file_i.rf_reg[783]$_DFFE_PN0P_,register_file,datapath,6
13592,gen_regfile_ff.register_file_i.rf_reg[784]$_DFFE_PN0P_,register_file,datapath,6
13593,gen_regfile_ff.register_file_i.rf_reg[785]$_DFFE_PN0P_,register_file,datapath,6
13594,gen_regfile_ff.register_file_i.rf_reg[786]$_DFFE_PN0P_,register_file,datapath,6
13595,gen_regfile_ff.register_file_i.rf_reg[787]$_DFFE_PN0P_,register_file,datapath,6
13596,gen_regfile_ff.register_file_i.rf_reg[788]$_DFFE_PN0P_,register_file,datapath,6
13597,gen_regfile_ff.register_file_i.rf_reg[789]$_DFFE_PN0P_,register_file,datapath,6
13598,gen_regfile_ff.register_file_i.rf_reg[78]$_DFFE_PN0P_,register_file,datapath,6
13599,gen_regfile_ff.register_file_i.rf_reg[790]$_DFFE_PN0P_,register_file,datapath,6
13600,gen_regfile_ff.register_file_i.rf_reg[791]$_DFFE_PN0P_,register_file,datapath,6
13601,gen_regfile_ff.register_file_i.rf_reg[792]$_DFFE_PN0P_,register_file,datapath,6
13602,gen_regfile_ff.register_file_i.rf_reg[793]$_DFFE_PN0P_,register_file,datapath,6
13603,gen_regfile_ff.register_file_i.rf_reg[794]$_DFFE_PN0P_,register_file,datapath,6
13604,gen_regfile_ff.register_file_i.rf_reg[795]$_DFFE_PN0P_,register_file,datapath,6
13605,gen_regfile_ff.register_file_i.rf_reg[796]$_DFFE_PN0P_,register_file,datapath,6
13606,gen_regfile_ff.register_file_i.rf_reg[797]$_DFFE_PN0P_,register_file,datapath,6
13607,gen_regfile_ff.register_file_i.rf_reg[798]$_DFFE_PN0P_,register_file,datapath,6
13608,gen_regfile_ff.register_file_i.rf_reg[799]$_DFFE_PN0P_,register_file,datapath,6
13609,gen_regfile_ff.register_file_i.rf_reg[79]$_DFFE_PN0P_,register_file,datapath,6
13610,gen_regfile_ff.register_file_i.rf_reg[800]$_DFFE_PN0P_,register_file,datapath,6
13611,gen_regfile_ff.register_file_i.rf_reg[801]$_DFFE_PN0P_,register_file,datapath,6
13612,gen_regfile_ff.register_file_i.rf_reg[802]$_DFFE_PN0P_,register_file,datapath,6
13613,gen_regfile_ff.register_file_i.rf_reg[803]$_DFFE_PN0P_,register_file,datapath,6
13614,gen_regfile_ff.register_file_i.rf_reg[804]$_DFFE_PN0P_,register_file,datapath,6
13615,gen_regfile_ff.register_file_i.rf_reg[805]$_DFFE_PN0P_,register_file,datapath,6
13616,gen_regfile_ff.register_file_i.rf_reg[806]$_DFFE_PN0P_,register_file,datapath,6
13617,gen_regfile_ff.register_file_i.rf_reg[807]$_DFFE_PN0P_,register_file,datapath,6
13618,gen_regfile_ff.register_file_i.rf_reg[808]$_DFFE_PN0P_,register_file,datapath,6
13619,gen_regfile_ff.register_file_i.rf_reg[809]$_DFFE_PN0P_,register_file,datapath,6
13620,gen_regfile_ff.register_file_i.rf_reg[80]$_DFFE_PN0P_,register_file,datapath,6
13621,gen_regfile_ff.register_file_i.rf_reg[810]$_DFFE_PN0P_,register_file,datapath,6
13622,gen_regfile_ff.register_file_i.rf_reg[811]$_DFFE_PN0P_,register_file,datapath,6
13623,gen_regfile_ff.register_file_i.rf_reg[812]$_DFFE_PN0P_,register_file,datapath,6
13624,gen_regfile_ff.register_file_i.rf_reg[813]$_DFFE_PN0P_,register_file,datapath,6
13625,gen_regfile_ff.register_file_i.rf_reg[814]$_DFFE_PN0P_,register_file,datapath,6
13626,gen_regfile_ff.register_file_i.rf_reg[815]$_DFFE_PN0P_,register_file,datapath,6
13627,gen_regfile_ff.register_file_i.rf_reg[816]$_DFFE_PN0P_,register_file,datapath,6
13628,gen_regfile_ff.register_file_i.rf_reg[817]$_DFFE_PN0P_,register_file,datapath,6
13629,gen_regfile_ff.register_file_i.rf_reg[818]$_DFFE_PN0P_,register_file,datapath,6
13630,gen_regfile_ff.register_file_i.rf_reg[819]$_DFFE_PN0P_,register_file,datapath,6
13631,gen_regfile_ff.register_file_i.rf_reg[81]$_DFFE_PN0P_,register_file,datapath,6
13632,gen_regfile_ff.register_file_i.rf_reg[820]$_DFFE_PN0P_,register_file,datapath,6
13633,gen_regfile_ff.register_file_i.rf_reg[821]$_DFFE_PN0P_,register_file,datapath,6
13634,gen_regfile_ff.register_file_i.rf_reg[822]$_DFFE_PN0P_,register_file,datapath,6
13635,gen_regfile_ff.register_file_i.rf_reg[823]$_DFFE_PN0P_,register_file,datapath,6
13636,gen_regfile_ff.register_file_i.rf_reg[824]$_DFFE_PN0P_,register_file,datapath,6
13637,gen_regfile_ff.register_file_i.rf_reg[825]$_DFFE_PN0P_,register_file,datapath,6
13638,gen_regfile_ff.register_file_i.rf_reg[826]$_DFFE_PN0P_,register_file,datapath,6
13639,gen_regfile_ff.register_file_i.rf_reg[827]$_DFFE_PN0P_,register_file,datapath,6
13640,gen_regfile_ff.register_file_i.rf_reg[828]$_DFFE_PN0P_,register_file,datapath,6
13641,gen_regfile_ff.register_file_i.rf_reg[829]$_DFFE_PN0P_,register_file,datapath,6
13642,gen_regfile_ff.register_file_i.rf_reg[82]$_DFFE_PN0P_,register_file,datapath,6
13643,gen_regfile_ff.register_file_i.rf_reg[830]$_DFFE_PN0P_,register_file,datapath,6
13644,gen_regfile_ff.register_file_i.rf_reg[831]$_DFFE_PN0P_,register_file,datapath,6
13645,gen_regfile_ff.register_file_i.rf_reg[832]$_DFFE_PN0P_,register_file,datapath,6
13646,gen_regfile_ff.register_file_i.rf_reg[833]$_DFFE_PN0P_,register_file,datapath,6
13647,gen_regfile_ff.register_file_i.rf_reg[834]$_DFFE_PN0P_,register_file,datapath,6
13648,gen_regfile_ff.register_file_i.rf_reg[835]$_DFFE_PN0P_,register_file,datapath,6
13649,gen_regfile_ff.register_file_i.rf_reg[836]$_DFFE_PN0P_,register_file,datapath,6
13650,gen_regfile_ff.register_file_i.rf_reg[837]$_DFFE_PN0P_,register_file,datapath,6
13651,gen_regfile_ff.register_file_i.rf_reg[838]$_DFFE_PN0P_,register_file,datapath,6
13652,gen_regfile_ff.register_file_i.rf_reg[839]$_DFFE_PN0P_,register_file,datapath,6
13653,gen_regfile_ff.register_file_i.rf_reg[83]$_DFFE_PN0P_,register_file,datapath,6
13654,gen_regfile_ff.register_file_i.rf_reg[840]$_DFFE_PN0P_,register_file,datapath,6
13655,gen_regfile_ff.register_file_i.rf_reg[841]$_DFFE_PN0P_,register_file,datapath,6
13656,gen_regfile_ff.register_file_i.rf_reg[842]$_DFFE_PN0P_,register_file,datapath,6
13657,gen_regfile_ff.register_file_i.rf_reg[843]$_DFFE_PN0P_,register_file,datapath,6
13658,gen_regfile_ff.register_file_i.rf_reg[844]$_DFFE_PN0P_,register_file,datapath,6
13659,gen_regfile_ff.register_file_i.rf_reg[845]$_DFFE_PN0P_,register_file,datapath,6
13660,gen_regfile_ff.register_file_i.rf_reg[846]$_DFFE_PN0P_,register_file,datapath,6
13661,gen_regfile_ff.register_file_i.rf_reg[847]$_DFFE_PN0P_,register_file,datapath,6
13662,gen_regfile_ff.register_file_i.rf_reg[848]$_DFFE_PN0P_,register_file,datapath,6
13663,gen_regfile_ff.register_file_i.rf_reg[849]$_DFFE_PN0P_,register_file,datapath,6
13664,gen_regfile_ff.register_file_i.rf_reg[84]$_DFFE_PN0P_,register_file,datapath,6
13665,gen_regfile_ff.register_file_i.rf_reg[850]$_DFFE_PN0P_,register_file,datapath,6
13666,gen_regfile_ff.register_file_i.rf_reg[851]$_DFFE_PN0P_,register_file,datapath,6
13667,gen_regfile_ff.register_file_i.rf_reg[852]$_DFFE_PN0P_,register_file,datapath,6
13668,gen_regfile_ff.register_file_i.rf_reg[853]$_DFFE_PN0P_,register_file,datapath,6
13669,gen_regfile_ff.register_file_i.rf_reg[854]$_DFFE_PN0P_,register_file,datapath,6
13670,gen_regfile_ff.register_file_i.rf_reg[855]$_DFFE_PN0P_,register_file,datapath,6
13671,gen_regfile_ff.register_file_i.rf_reg[856]$_DFFE_PN0P_,register_file,datapath,6
13672,gen_regfile_ff.register_file_i.rf_reg[857]$_DFFE_PN0P_,register_file,datapath,6
13673,gen_regfile_ff.register_file_i.rf_reg[858]$_DFFE_PN0P_,register_file,datapath,6
13674,gen_regfile_ff.register_file_i.rf_reg[859]$_DFFE_PN0P_,register_file,datapath,6
13675,gen_regfile_ff.register_file_i.rf_reg[85]$_DFFE_PN0P_,register_file,datapath,6
13676,gen_regfile_ff.register_file_i.rf_reg[860]$_DFFE_PN0P_,register_file,datapath,6
13677,gen_regfile_ff.register_file_i.rf_reg[861]$_DFFE_PN0P_,register_file,datapath,6
13678,gen_regfile_ff.register_file_i.rf_reg[862]$_DFFE_PN0P_,register_file,datapath,6
13679,gen_regfile_ff.register_file_i.rf_reg[863]$_DFFE_PN0P_,register_file,datapath,6
13680,gen_regfile_ff.register_file_i.rf_reg[864]$_DFFE_PN0P_,register_file,datapath,6
13681,gen_regfile_ff.register_file_i.rf_reg[865]$_DFFE_PN0P_,register_file,datapath,6
13682,gen_regfile_ff.register_file_i.rf_reg[866]$_DFFE_PN0P_,register_file,datapath,6
13683,gen_regfile_ff.register_file_i.rf_reg[867]$_DFFE_PN0P_,register_file,datapath,6
13684,gen_regfile_ff.register_file_i.rf_reg[868]$_DFFE_PN0P_,register_file,datapath,6
13685,gen_regfile_ff.register_file_i.rf_reg[869]$_DFFE_PN0P_,register_file,datapath,6
13686,gen_regfile_ff.register_file_i.rf_reg[86]$_DFFE_PN0P_,register_file,datapath,6
13687,gen_regfile_ff.register_file_i.rf_reg[870]$_DFFE_PN0P_,register_file,datapath,6
13688,gen_regfile_ff.register_file_i.rf_reg[871]$_DFFE_PN0P_,register_file,datapath,6
13689,gen_regfile_ff.register_file_i.rf_reg[872]$_DFFE_PN0P_,register_file,datapath,6
13690,gen_regfile_ff.register_file_i.rf_reg[873]$_DFFE_PN0P_,register_file,datapath,6
13691,gen_regfile_ff.register_file_i.rf_reg[874]$_DFFE_PN0P_,register_file,datapath,6
13692,gen_regfile_ff.register_file_i.rf_reg[875]$_DFFE_PN0P_,register_file,datapath,6
13693,gen_regfile_ff.register_file_i.rf_reg[876]$_DFFE_PN0P_,register_file,datapath,6
13694,gen_regfile_ff.register_file_i.rf_reg[877]$_DFFE_PN0P_,register_file,datapath,6
13695,gen_regfile_ff.register_file_i.rf_reg[878]$_DFFE_PN0P_,register_file,datapath,6
13696,gen_regfile_ff.register_file_i.rf_reg[879]$_DFFE_PN0P_,register_file,datapath,6
13697,gen_regfile_ff.register_file_i.rf_reg[87]$_DFFE_PN0P_,register_file,datapath,6
13698,gen_regfile_ff.register_file_i.rf_reg[880]$_DFFE_PN0P_,register_file,datapath,6
13699,gen_regfile_ff.register_file_i.rf_reg[881]$_DFFE_PN0P_,register_file,datapath,6
13700,gen_regfile_ff.register_file_i.rf_reg[882]$_DFFE_PN0P_,register_file,datapath,6
13701,gen_regfile_ff.register_file_i.rf_reg[883]$_DFFE_PN0P_,register_file,datapath,6
13702,gen_regfile_ff.register_file_i.rf_reg[884]$_DFFE_PN0P_,register_file,datapath,6
13703,gen_regfile_ff.register_file_i.rf_reg[885]$_DFFE_PN0P_,register_file,datapath,6
13704,gen_regfile_ff.register_file_i.rf_reg[886]$_DFFE_PN0P_,register_file,datapath,6
13705,gen_regfile_ff.register_file_i.rf_reg[887]$_DFFE_PN0P_,register_file,datapath,6
13706,gen_regfile_ff.register_file_i.rf_reg[888]$_DFFE_PN0P_,register_file,datapath,6
13707,gen_regfile_ff.register_file_i.rf_reg[889]$_DFFE_PN0P_,register_file,datapath,6
13708,gen_regfile_ff.register_file_i.rf_reg[88]$_DFFE_PN0P_,register_file,datapath,6
13709,gen_regfile_ff.register_file_i.rf_reg[890]$_DFFE_PN0P_,register_file,datapath,6
13710,gen_regfile_ff.register_file_i.rf_reg[891]$_DFFE_PN0P_,register_file,datapath,6
13711,gen_regfile_ff.register_file_i.rf_reg[892]$_DFFE_PN0P_,register_file,datapath,6
13712,gen_regfile_ff.register_file_i.rf_reg[893]$_DFFE_PN0P_,register_file,datapath,6
13713,gen_regfile_ff.register_file_i.rf_reg[894]$_DFFE_PN0P_,register_file,datapath,6
13714,gen_regfile_ff.register_file_i.rf_reg[895]$_DFFE_PN0P_,register_file,datapath,6
13715,gen_regfile_ff.register_file_i.rf_reg[896]$_DFFE_PN0P_,register_file,datapath,6
13716,gen_regfile_ff.register_file_i.rf_reg[897]$_DFFE_PN0P_,register_file,datapath,6
13717,gen_regfile_ff.register_file_i.rf_reg[898]$_DFFE_PN0P_,register_file,datapath,6
13718,gen_regfile_ff.register_file_i.rf_reg[899]$_DFFE_PN0P_,register_file,datapath,6
13719,gen_regfile_ff.register_file_i.rf_reg[89]$_DFFE_PN0P_,register_file,datapath,6
13720,gen_regfile_ff.register_file_i.rf_reg[900]$_DFFE_PN0P_,register_file,datapath,6
13721,gen_regfile_ff.register_file_i.rf_reg[901]$_DFFE_PN0P_,register_file,datapath,6
13722,gen_regfile_ff.register_file_i.rf_reg[902]$_DFFE_PN0P_,register_file,datapath,6
13723,gen_regfile_ff.register_file_i.rf_reg[903]$_DFFE_PN0P_,register_file,datapath,6
13724,gen_regfile_ff.register_file_i.rf_reg[904]$_DFFE_PN0P_,register_file,datapath,6
13725,gen_regfile_ff.register_file_i.rf_reg[905]$_DFFE_PN0P_,register_file,datapath,6
13726,gen_regfile_ff.register_file_i.rf_reg[906]$_DFFE_PN0P_,register_file,datapath,6
13727,gen_regfile_ff.register_file_i.rf_reg[907]$_DFFE_PN0P_,register_file,datapath,6
13728,gen_regfile_ff.register_file_i.rf_reg[908]$_DFFE_PN0P_,register_file,datapath,6
13729,gen_regfile_ff.register_file_i.rf_reg[909]$_DFFE_PN0P_,register_file,datapath,6
13730,gen_regfile_ff.register_file_i.rf_reg[90]$_DFFE_PN0P_,register_file,datapath,6
13731,gen_regfile_ff.register_file_i.rf_reg[910]$_DFFE_PN0P_,register_file,datapath,6
13732,gen_regfile_ff.register_file_i.rf_reg[911]$_DFFE_PN0P_,register_file,datapath,6
13733,gen_regfile_ff.register_file_i.rf_reg[912]$_DFFE_PN0P_,register_file,datapath,6
13734,gen_regfile_ff.register_file_i.rf_reg[913]$_DFFE_PN0P_,register_file,datapath,6
13735,gen_regfile_ff.register_file_i.rf_reg[914]$_DFFE_PN0P_,register_file,datapath,6
13736,gen_regfile_ff.register_file_i.rf_reg[915]$_DFFE_PN0P_,register_file,datapath,6
13737,gen_regfile_ff.register_file_i.rf_reg[916]$_DFFE_PN0P_,register_file,datapath,6
13738,gen_regfile_ff.register_file_i.rf_reg[917]$_DFFE_PN0P_,register_file,datapath,6
13739,gen_regfile_ff.register_file_i.rf_reg[918]$_DFFE_PN0P_,register_file,datapath,6
13740,gen_regfile_ff.register_file_i.rf_reg[919]$_DFFE_PN0P_,register_file,datapath,6
13741,gen_regfile_ff.register_file_i.rf_reg[91]$_DFFE_PN0P_,register_file,datapath,6
13742,gen_regfile_ff.register_file_i.rf_reg[920]$_DFFE_PN0P_,register_file,datapath,6
13743,gen_regfile_ff.register_file_i.rf_reg[921]$_DFFE_PN0P_,register_file,datapath,6
13744,gen_regfile_ff.register_file_i.rf_reg[922]$_DFFE_PN0P_,register_file,datapath,6
13745,gen_regfile_ff.register_file_i.rf_reg[923]$_DFFE_PN0P_,register_file,datapath,6
13746,gen_regfile_ff.register_file_i.rf_reg[924]$_DFFE_PN0P_,register_file,datapath,6
13747,gen_regfile_ff.register_file_i.rf_reg[925]$_DFFE_PN0P_,register_file,datapath,6
13748,gen_regfile_ff.register_file_i.rf_reg[926]$_DFFE_PN0P_,register_file,datapath,6
13749,gen_regfile_ff.register_file_i.rf_reg[927]$_DFFE_PN0P_,register_file,datapath,6
13750,gen_regfile_ff.register_file_i.rf_reg[928]$_DFFE_PN0P_,register_file,datapath,6
13751,gen_regfile_ff.register_file_i.rf_reg[929]$_DFFE_PN0P_,register_file,datapath,6
13752,gen_regfile_ff.register_file_i.rf_reg[92]$_DFFE_PN0P_,register_file,datapath,6
13753,gen_regfile_ff.register_file_i.rf_reg[930]$_DFFE_PN0P_,register_file,datapath,6
13754,gen_regfile_ff.register_file_i.rf_reg[931]$_DFFE_PN0P_,register_file,datapath,6
13755,gen_regfile_ff.register_file_i.rf_reg[932]$_DFFE_PN0P_,register_file,datapath,6
13756,gen_regfile_ff.register_file_i.rf_reg[933]$_DFFE_PN0P_,register_file,datapath,6
13757,gen_regfile_ff.register_file_i.rf_reg[934]$_DFFE_PN0P_,register_file,datapath,6
13758,gen_regfile_ff.register_file_i.rf_reg[935]$_DFFE_PN0P_,register_file,datapath,6
13759,gen_regfile_ff.register_file_i.rf_reg[936]$_DFFE_PN0P_,register_file,datapath,6
13760,gen_regfile_ff.register_file_i.rf_reg[937]$_DFFE_PN0P_,register_file,datapath,6
13761,gen_regfile_ff.register_file_i.rf_reg[938]$_DFFE_PN0P_,register_file,datapath,6
13762,gen_regfile_ff.register_file_i.rf_reg[939]$_DFFE_PN0P_,register_file,datapath,6
13763,gen_regfile_ff.register_file_i.rf_reg[93]$_DFFE_PN0P_,register_file,datapath,6
13764,gen_regfile_ff.register_file_i.rf_reg[940]$_DFFE_PN0P_,register_file,datapath,6
13765,gen_regfile_ff.register_file_i.rf_reg[941]$_DFFE_PN0P_,register_file,datapath,6
13766,gen_regfile_ff.register_file_i.rf_reg[942]$_DFFE_PN0P_,register_file,datapath,6
13767,gen_regfile_ff.register_file_i.rf_reg[943]$_DFFE_PN0P_,register_file,datapath,6
13768,gen_regfile_ff.register_file_i.rf_reg[944]$_DFFE_PN0P_,register_file,datapath,6
13769,gen_regfile_ff.register_file_i.rf_reg[945]$_DFFE_PN0P_,register_file,datapath,6
13770,gen_regfile_ff.register_file_i.rf_reg[946]$_DFFE_PN0P_,register_file,datapath,6
13771,gen_regfile_ff.register_file_i.rf_reg[947]$_DFFE_PN0P_,register_file,datapath,6
13772,gen_regfile_ff.register_file_i.rf_reg[948]$_DFFE_PN0P_,register_file,datapath,6
13773,gen_regfile_ff.register_file_i.rf_reg[949]$_DFFE_PN0P_,register_file,datapath,6
13774,gen_regfile_ff.register_file_i.rf_reg[94]$_DFFE_PN0P_,register_file,datapath,6
13775,gen_regfile_ff.register_file_i.rf_reg[950]$_DFFE_PN0P_,register_file,datapath,6
13776,gen_regfile_ff.register_file_i.rf_reg[951]$_DFFE_PN0P_,register_file,datapath,6
13777,gen_regfile_ff.register_file_i.rf_reg[952]$_DFFE_PN0P_,register_file,datapath,6
13778,gen_regfile_ff.register_file_i.rf_reg[953]$_DFFE_PN0P_,register_file,datapath,6
13779,gen_regfile_ff.register_file_i.rf_reg[954]$_DFFE_PN0P_,register_file,datapath,6
13780,gen_regfile_ff.register_file_i.rf_reg[955]$_DFFE_PN0P_,register_file,datapath,6
13781,gen_regfile_ff.register_file_i.rf_reg[956]$_DFFE_PN0P_,register_file,datapath,6
13782,gen_regfile_ff.register_file_i.rf_reg[957]$_DFFE_PN0P_,register_file,datapath,6
13783,gen_regfile_ff.register_file_i.rf_reg[958]$_DFFE_PN0P_,register_file,datapath,6
13784,gen_regfile_ff.register_file_i.rf_reg[959]$_DFFE_PN0P_,register_file,datapath,6
13785,gen_regfile_ff.register_file_i.rf_reg[95]$_DFFE_PN0P_,register_file,datapath,6
13786,gen_regfile_ff.register_file_i.rf_reg[960]$_DFFE_PN0P_,register_file,datapath,6
13787,gen_regfile_ff.register_file_i.rf_reg[961]$_DFFE_PN0P_,register_file,datapath,6
13788,gen_regfile_ff.register_file_i.rf_reg[962]$_DFFE_PN0P_,register_file,datapath,6
13789,gen_regfile_ff.register_file_i.rf_reg[963]$_DFFE_PN0P_,register_file,datapath,6
13790,gen_regfile_ff.register_file_i.rf_reg[964]$_DFFE_PN0P_,register_file,datapath,6
13791,gen_regfile_ff.register_file_i.rf_reg[965]$_DFFE_PN0P_,register_file,datapath,6
13792,gen_regfile_ff.register_file_i.rf_reg[966]$_DFFE_PN0P_,register_file,datapath,6
13793,gen_regfile_ff.register_file_i.rf_reg[967]$_DFFE_PN0P_,register_file,datapath,6
13794,gen_regfile_ff.register_file_i.rf_reg[968]$_DFFE_PN0P_,register_file,datapath,6
13795,gen_regfile_ff.register_file_i.rf_reg[969]$_DFFE_PN0P_,register_file,datapath,6
13796,gen_regfile_ff.register_file_i.rf_reg[96]$_DFFE_PN0P_,register_file,datapath,6
13797,gen_regfile_ff.register_file_i.rf_reg[970]$_DFFE_PN0P_,register_file,datapath,6
13798,gen_regfile_ff.register_file_i.rf_reg[971]$_DFFE_PN0P_,register_file,datapath,6
13799,gen_regfile_ff.register_file_i.rf_reg[972]$_DFFE_PN0P_,register_file,datapath,6
13800,gen_regfile_ff.register_file_i.rf_reg[973]$_DFFE_PN0P_,register_file,datapath,6
13801,gen_regfile_ff.register_file_i.rf_reg[974]$_DFFE_PN0P_,register_file,datapath,6
13802,gen_regfile_ff.register_file_i.rf_reg[975]$_DFFE_PN0P_,register_file,datapath,6
13803,gen_regfile_ff.register_file_i.rf_reg[976]$_DFFE_PN0P_,register_file,datapath,6
13804,gen_regfile_ff.register_file_i.rf_reg[977]$_DFFE_PN0P_,register_file,datapath,6
13805,gen_regfile_ff.register_file_i.rf_reg[978]$_DFFE_PN0P_,register_file,datapath,6
13806,gen_regfile_ff.register_file_i.rf_reg[979]$_DFFE_PN0P_,register_file,datapath,6
13807,gen_regfile_ff.register_file_i.rf_reg[97]$_DFFE_PN0P_,register_file,datapath,6
13808,gen_regfile_ff.register_file_i.rf_reg[980]$_DFFE_PN0P_,register_file,datapath,6
13809,gen_regfile_ff.register_file_i.rf_reg[981]$_DFFE_PN0P_,register_file,datapath,6
13810,gen_regfile_ff.register_file_i.rf_reg[982]$_DFFE_PN0P_,register_file,datapath,6
13811,gen_regfile_ff.register_file_i.rf_reg[983]$_DFFE_PN0P_,register_file,datapath,6
13812,gen_regfile_ff.register_file_i.rf_reg[984]$_DFFE_PN0P_,register_file,datapath,6
13813,gen_regfile_ff.register_file_i.rf_reg[985]$_DFFE_PN0P_,register_file,datapath,6
13814,gen_regfile_ff.register_file_i.rf_reg[986]$_DFFE_PN0P_,register_file,datapath,6
13815,gen_regfile_ff.register_file_i.rf_reg[987]$_DFFE_PN0P_,register_file,datapath,6
13816,gen_regfile_ff.register_file_i.rf_reg[988]$_DFFE_PN0P_,register_file,datapath,6
13817,gen_regfile_ff.register_file_i.rf_reg[989]$_DFFE_PN0P_,register_file,datapath,6
13818,gen_regfile_ff.register_file_i.rf_reg[98]$_DFFE_PN0P_,register_file,datapath,6
13819,gen_regfile_ff.register_file_i.rf_reg[990]$_DFFE_PN0P_,register_file,datapath,6
13820,gen_regfile_ff.register_file_i.rf_reg[991]$_DFFE_PN0P_,register_file,datapath,6
13821,gen_regfile_ff.register_file_i.rf_reg[992]$_DFFE_PN0P_,register_file,datapath,6
13822,gen_regfile_ff.register_file_i.rf_reg[993]$_DFFE_PN0P_,register_file,datapath,6
13823,gen_regfile_ff.register_file_i.rf_reg[994]$_DFFE_PN0P_,register_file,datapath,6
13824,gen_regfile_ff.register_file_i.rf_reg[995]$_DFFE_PN0P_,register_file,datapath,6
13825,gen_regfile_ff.register_file_i.rf_reg[996]$_DFFE_PN0P_,register_file,datapath,6
13826,gen_regfile_ff.register_file_i.rf_reg[997]$_DFFE_PN0P_,register_file,datapath,6
13827,gen_regfile_ff.register_file_i.rf_reg[998]$_DFFE_PN0P_,register_file,datapath,6
13828,gen_regfile_ff.register_file_i.rf_reg[999]$_DFFE_PN0P_,register_file,datapath,6
13829,gen_regfile_ff.register_file_i.rf_reg[99]$_DFFE_PN0P_,register_file,datapath,6
13830,id_stage_i.branch_set$_DFF_PN0_,pipeline_state,control,6
13831,id_stage_i.controller_i.ctrl_fsm_cs[0]$_DFF_PN1_,pipeline_state,control,6
13832,id_stage_i.controller_i.ctrl_fsm_cs[0]$_DFF_PN1__15,decode_control,control,2
13833,id_stage_i.controller_i.ctrl_fsm_cs[1]$_DFF_PN0_,pipeline_state,control,6
13834,id_stage_i.controller_i.ctrl_fsm_cs[2]$_DFF_PN0_,pipeline_state,control,6
13835,id_stage_i.controller_i.ctrl_fsm_cs[3]$_DFF_PN0_,pipeline_state,control,6
13836,id_stage_i.controller_i.ctrl_fsm_cs[4]$_DFF_PN0_,pipeline_state,control,6
13837,id_stage_i.controller_i.ctrl_fsm_cs[5]$_DFF_PN0_,pipeline_state,control,6
13838,id_stage_i.controller_i.ctrl_fsm_cs[6]$_DFF_PN0_,pipeline_state,control,6
13839,id_stage_i.controller_i.ctrl_fsm_cs[7]$_DFF_PN0_,pipeline_state,control,6
13840,id_stage_i.controller_i.ctrl_fsm_cs[8]$_DFF_PN0_,pipeline_state,control,6
13841,id_stage_i.controller_i.ctrl_fsm_cs[9]$_DFF_PN0_,pipeline_state,control,6
13842,id_stage_i.controller_i.debug_mode_o$_DFFE_PN0P_,pipeline_state,control,6
13843,id_stage_i.controller_i.exc_req_q$_DFF_PN0_,pipeline_state,control,6
13844,id_stage_i.controller_i.illegal_insn_q$_DFF_PN0_,pipeline_state,control,6
13845,id_stage_i.controller_i.load_err_q$_DFF_PN0_,pipeline_state,control,6
13846,id_stage_i.controller_i.nmi_mode_o$_DFFE_PN0P_,pipeline_state,control,6
13847,id_stage_i.controller_i.store_err_q$_DFF_PN0_,pipeline_state,control,6
13848,id_stage_i.id_fsm_q$_DFFE_PN0P_,pipeline_state,control,6
13849,id_stage_i.imd_val_q_ex_o[0]$_DFFE_PN0P_,pipeline_state,control,6
13850,id_stage_i.imd_val_q_ex_o[10]$_DFFE_PN0P_,pipeline_state,control,6
13851,id_stage_i.imd_val_q_ex_o[11]$_DFFE_PN0P_,pipeline_state,control,6
13852,id_stage_i.imd_val_q_ex_o[12]$_DFFE_PN0P_,pipeline_state,control,6
13853,id_stage_i.imd_val_q_ex_o[13]$_DFFE_PN0P_,pipeline_state,control,6
13854,id_stage_i.imd_val_q_ex_o[14]$_DFFE_PN0P_,pipeline_state,control,6
13855,id_stage_i.imd_val_q_ex_o[15]$_DFFE_PN0P_,pipeline_state,control,6
13856,id_stage_i.imd_val_q_ex_o[16]$_DFFE_PN0P_,pipeline_state,control,6
13857,id_stage_i.imd_val_q_ex_o[17]$_DFFE_PN0P_,pipeline_state,control,6
13858,id_stage_i.imd_val_q_ex_o[18]$_DFFE_PN0P_,pipeline_state,control,6
13859,id_stage_i.imd_val_q_ex_o[19]$_DFFE_PN0P_,pipeline_state,control,6
13860,id_stage_i.imd_val_q_ex_o[1]$_DFFE_PN0P_,pipeline_state,control,6
13861,id_stage_i.imd_val_q_ex_o[20]$_DFFE_PN0P_,pipeline_state,control,6
13862,id_stage_i.imd_val_q_ex_o[21]$_DFFE_PN0P_,pipeline_state,control,6
13863,id_stage_i.imd_val_q_ex_o[22]$_DFFE_PN0P_,pipeline_state,control,6
13864,id_stage_i.imd_val_q_ex_o[23]$_DFFE_PN0P_,pipeline_state,control,6
13865,id_stage_i.imd_val_q_ex_o[24]$_DFFE_PN0P_,pipeline_state,control,6
13866,id_stage_i.imd_val_q_ex_o[25]$_DFFE_PN0P_,pipeline_state,control,6
13867,id_stage_i.imd_val_q_ex_o[26]$_DFFE_PN0P_,pipeline_state,control,6
13868,id_stage_i.imd_val_q_ex_o[27]$_DFFE_PN0P_,pipeline_state,control,6
13869,id_stage_i.imd_val_q_ex_o[28]$_DFFE_PN0P_,pipeline_state,control,6
13870,id_stage_i.imd_val_q_ex_o[29]$_DFFE_PN0P_,pipeline_state,control,6
13871,id_stage_i.imd_val_q_ex_o[2]$_DFFE_PN0P_,pipeline_state,control,6
13872,id_stage_i.imd_val_q_ex_o[30]$_DFFE_PN0P_,pipeline_state,control,6
13873,id_stage_i.imd_val_q_ex_o[31]$_DFFE_PN0P_,pipeline_state,control,6
13874,id_stage_i.imd_val_q_ex_o[34]$_DFFE_PN0P_,pipeline_state,control,6
13875,id_stage_i.imd_val_q_ex_o[35]$_DFFE_PN0P_,pipeline_state,control,6
13876,id_stage_i.imd_val_q_ex_o[36]$_DFFE_PN0P_,pipeline_state,control,6
13877,id_stage_i.imd_val_q_ex_o[37]$_DFFE_PN0P_,pipeline_state,control,6
13878,id_stage_i.imd_val_q_ex_o[38]$_DFFE_PN0P_,pipeline_state,control,6
13879,id_stage_i.imd_val_q_ex_o[39]$_DFFE_PN0P_,pipeline_state,control,6
13880,id_stage_i.imd_val_q_ex_o[3]$_DFFE_PN0P_,pipeline_state,control,6
13881,id_stage_i.imd_val_q_ex_o[40]$_DFFE_PN0P_,pipeline_state,control,6
13882,id_stage_i.imd_val_q_ex_o[41]$_DFFE_PN0P_,pipeline_state,control,6
13883,id_stage_i.imd_val_q_ex_o[42]$_DFFE_PN0P_,pipeline_state,control,6
13884,id_stage_i.imd_val_q_ex_o[43]$_DFFE_PN0P_,pipeline_state,control,6
13885,id_stage_i.imd_val_q_ex_o[44]$_DFFE_PN0P_,pipeline_state,control,6
13886,id_stage_i.imd_val_q_ex_o[45]$_DFFE_PN0P_,pipeline_state,control,6
13887,id_stage_i.imd_val_q_ex_o[46]$_DFFE_PN0P_,pipeline_state,control,6
13888,id_stage_i.imd_val_q_ex_o[47]$_DFFE_PN0P_,pipeline_state,control,6
13889,id_stage_i.imd_val_q_ex_o[48]$_DFFE_PN0P_,pipeline_state,control,6
13890,id_stage_i.imd_val_q_ex_o[49]$_DFFE_PN0P_,pipeline_state,control,6
13891,id_stage_i.imd_val_q_ex_o[4]$_DFFE_PN0P_,pipeline_state,control,6
13892,id_stage_i.imd_val_q_ex_o[50]$_DFFE_PN0P_,pipeline_state,control,6
13893,id_stage_i.imd_val_q_ex_o[51]$_DFFE_PN0P_,pipeline_state,control,6
13894,id_stage_i.imd_val_q_ex_o[52]$_DFFE_PN0P_,pipeline_state,control,6
13895,id_stage_i.imd_val_q_ex_o[53]$_DFFE_PN0P_,pipeline_state,control,6
13896,id_stage_i.imd_val_q_ex_o[54]$_DFFE_PN0P_,pipeline_state,control,6
13897,id_stage_i.imd_val_q_ex_o[55]$_DFFE_PN0P_,pipeline_state,control,6
13898,id_stage_i.imd_val_q_ex_o[56]$_DFFE_PN0P_,pipeline_state,control,6
13899,id_stage_i.imd_val_q_ex_o[57]$_DFFE_PN0P_,pipeline_state,control,6
13900,id_stage_i.imd_val_q_ex_o[58]$_DFFE_PN0P_,pipeline_state,control,6
13901,id_stage_i.imd_val_q_ex_o[59]$_DFFE_PN0P_,pipeline_state,control,6
13902,id_stage_i.imd_val_q_ex_o[5]$_DFFE_PN0P_,pipeline_state,control,6
13903,id_stage_i.imd_val_q_ex_o[60]$_DFFE_PN0P_,pipeline_state,control,6
13904,id_stage_i.imd_val_q_ex_o[61]$_DFFE_PN0P_,pipeline_state,control,6
13905,id_stage_i.imd_val_q_ex_o[62]$_DFFE_PN0P_,pipeline_state,control,6
13906,id_stage_i.imd_val_q_ex_o[63]$_DFFE_PN0P_,pipeline_state,control,6
13907,id_stage_i.imd_val_q_ex_o[64]$_DFFE_PN0P_,pipeline_state,control,6
13908,id_stage_i.imd_val_q_ex_o[65]$_DFFE_PN0P_,pipeline_state,control,6
13909,id_stage_i.imd_val_q_ex_o[66]$_DFFE_PN0P_,pipeline_state,control,6
13910,id_stage_i.imd_val_q_ex_o[67]$_DFFE_PN0P_,pipeline_state,control,6
13911,id_stage_i.imd_val_q_ex_o[6]$_DFFE_PN0P_,pipeline_state,control,6
13912,id_stage_i.imd_val_q_ex_o[7]$_DFFE_PN0P_,pipeline_state,control,6
13913,id_stage_i.imd_val_q_ex_o[8]$_DFFE_PN0P_,pipeline_state,control,6
13914,id_stage_i.imd_val_q_ex_o[9]$_DFFE_PN0P_,pipeline_state,control,6
13915,if_stage_i.gen_prefetch_buffer.prefetch_buffer_i.branch_discard_q[0]$_DFF_PN0_,fetch,control,6
13916,if_stage_i.gen_prefetch_buffer.prefetch_buffer_i.branch_discard_q[1]$_DFF_PN0_,fetch,control,6
13917,if_stage_i.gen_prefetch_buffer.prefetch_buffer_i.discard_req_q$_DFF_PN0_,fetch,control,6
13918,if_stage_i.gen_prefetch_buffer.prefetch_buffer_i.fetch_addr_q[10]$_DFFE_PP_,fetch,control,6
13919,if_stage_i.gen_prefetch_buffer.prefetch_buffer_i.fetch_addr_q[11]$_DFFE_PP_,fetch,control,6
13920,if_stage_i.gen_prefetch_buffer.prefetch_buffer_i.fetch_addr_q[12]$_DFFE_PP_,fetch,control,6
13921,if_stage_i.gen_prefetch_buffer.prefetch_buffer_i.fetch_addr_q[13]$_DFFE_PP_,fetch,control,6
13922,if_stage_i.gen_prefetch_buffer.prefetch_buffer_i.fetch_addr_q[14]$_DFFE_PP_,fetch,control,6
13923,if_stage_i.gen_prefetch_buffer.prefetch_buffer_i.fetch_addr_q[15]$_DFFE_PP_,fetch,control,6
13924,if_stage_i.gen_prefetch_buffer.prefetch_buffer_i.fetch_addr_q[16]$_DFFE_PP_,fetch,control,6
13925,if_stage_i.gen_prefetch_buffer.prefetch_buffer_i.fetch_addr_q[17]$_DFFE_PP_,fetch,control,6
13926,if_stage_i.gen_prefetch_buffer.prefetch_buffer_i.fetch_addr_q[18]$_DFFE_PP_,fetch,control,6
13927,if_stage_i.gen_prefetch_buffer.prefetch_buffer_i.fetch_addr_q[19]$_DFFE_PP_,fetch,control,6
13928,if_stage_i.gen_prefetch_buffer.prefetch_buffer_i.fetch_addr_q[20]$_DFFE_PP_,fetch,control,6
13929,if_stage_i.gen_prefetch_buffer.prefetch_buffer_i.fetch_addr_q[21]$_DFFE_PP_,fetch,control,6
13930,if_stage_i.gen_prefetch_buffer.prefetch_buffer_i.fetch_addr_q[22]$_DFFE_PP_,fetch,control,6
13931,if_stage_i.gen_prefetch_buffer.prefetch_buffer_i.fetch_addr_q[23]$_DFFE_PP_,fetch,control,6
13932,if_stage_i.gen_prefetch_buffer.prefetch_buffer_i.fetch_addr_q[24]$_DFFE_PP_,fetch,control,6
13933,if_stage_i.gen_prefetch_buffer.prefetch_buffer_i.fetch_addr_q[25]$_DFFE_PP_,fetch,control,6
13934,if_stage_i.gen_prefetch_buffer.prefetch_buffer_i.fetch_addr_q[26]$_DFFE_PP_,fetch,control,6
13935,if_stage_i.gen_prefetch_buffer.prefetch_buffer_i.fetch_addr_q[27]$_DFFE_PP_,fetch,control,6
13936,if_stage_i.gen_prefetch_buffer.prefetch_buffer_i.fetch_addr_q[28]$_DFFE_PP_,fetch,control,6
13937,if_stage_i.gen_prefetch_buffer.prefetch_buffer_i.fetch_addr_q[29]$_DFFE_PP_,fetch,control,6
13938,if_stage_i.gen_prefetch_buffer.prefetch_buffer_i.fetch_addr_q[2]$_DFFE_PP_,fetch,control,6
13939,if_stage_i.gen_prefetch_buffer.prefetch_buffer_i.fetch_addr_q[30]$_DFFE_PP_,fetch,control,6
13940,if_stage_i.gen_prefetch_buffer.prefetch_buffer_i.fetch_addr_q[31]$_DFFE_PP_,fetch,control,6
13941,if_stage_i.gen_prefetch_buffer.prefetch_buffer_i.fetch_addr_q[3]$_DFFE_PP_,fetch,control,6
13942,if_stage_i.gen_prefetch_buffer.prefetch_buffer_i.fetch_addr_q[4]$_DFFE_PP_,fetch,control,6
13943,if_stage_i.gen_prefetch_buffer.prefetch_buffer_i.fetch_addr_q[5]$_DFFE_PP_,fetch,control,6
13944,if_stage_i.gen_prefetch_buffer.prefetch_buffer_i.fetch_addr_q[6]$_DFFE_PP_,fetch,control,6
13945,if_stage_i.gen_prefetch_buffer.prefetch_buffer_i.fetch_addr_q[7]$_DFFE_PP_,fetch,control,6
13946,if_stage_i.gen_prefetch_buffer.prefetch_buffer_i.fetch_addr_q[8]$_DFFE_PP_,fetch,control,6
13947,if_stage_i.gen_prefetch_buffer.prefetch_buffer_i.fetch_addr_q[9]$_DFFE_PP_,fetch,control,6
13948,if_stage_i.gen_prefetch_buffer.prefetch_buffer_i.fifo_i.err_q[0]$_DFFE_PP_,fetch,control,6
13949,if_stage_i.gen_prefetch_buffer.prefetch_buffer_i.fifo_i.err_q[1]$_DFFE_PP_,fetch,control,6
13950,if_stage_i.gen_prefetch_buffer.prefetch_buffer_i.fifo_i.err_q[2]$_DFFE_PP_,fetch,control,6
13951,if_stage_i.gen_prefetch_buffer.prefetch_buffer_i.fifo_i.instr_addr_q[10]$_DFFE_PP_,fetch,control,6
13952,if_stage_i.gen_prefetch_buffer.prefetch_buffer_i.fifo_i.instr_addr_q[11]$_DFFE_PP_,fetch,control,6
13953,if_stage_i.gen_prefetch_buffer.prefetch_buffer_i.fifo_i.instr_addr_q[12]$_DFFE_PP_,fetch,control,6
13954,if_stage_i.gen_prefetch_buffer.prefetch_buffer_i.fifo_i.instr_addr_q[13]$_DFFE_PP_,fetch,control,6
13955,if_stage_i.gen_prefetch_buffer.prefetch_buffer_i.fifo_i.instr_addr_q[14]$_DFFE_PP_,fetch,control,6
13956,if_stage_i.gen_prefetch_buffer.prefetch_buffer_i.fifo_i.instr_addr_q[15]$_DFFE_PP_,fetch,control,6
13957,if_stage_i.gen_prefetch_buffer.prefetch_buffer_i.fifo_i.instr_addr_q[16]$_DFFE_PP_,fetch,control,6
13958,if_stage_i.gen_prefetch_buffer.prefetch_buffer_i.fifo_i.instr_addr_q[17]$_DFFE_PP_,fetch,control,6
13959,if_stage_i.gen_prefetch_buffer.prefetch_buffer_i.fifo_i.instr_addr_q[18]$_DFFE_PP_,fetch,control,6
13960,if_stage_i.gen_prefetch_buffer.prefetch_buffer_i.fifo_i.instr_addr_q[19]$_DFFE_PP_,fetch,control,6
13961,if_stage_i.gen_prefetch_buffer.prefetch_buffer_i.fifo_i.instr_addr_q[1]$_DFFE_PP_,fetch,control,6
13962,if_stage_i.gen_prefetch_buffer.prefetch_buffer_i.fifo_i.instr_addr_q[20]$_DFFE_PP_,fetch,control,6
13963,if_stage_i.gen_prefetch_buffer.prefetch_buffer_i.fifo_i.instr_addr_q[21]$_DFFE_PP_,fetch,control,6
13964,if_stage_i.gen_prefetch_buffer.prefetch_buffer_i.fifo_i.instr_addr_q[22]$_DFFE_PP_,fetch,control,6
13965,if_stage_i.gen_prefetch_buffer.prefetch_buffer_i.fifo_i.instr_addr_q[23]$_DFFE_PP_,fetch,control,6
13966,if_stage_i.gen_prefetch_buffer.prefetch_buffer_i.fifo_i.instr_addr_q[24]$_DFFE_PP_,fetch,control,6
13967,if_stage_i.gen_prefetch_buffer.prefetch_buffer_i.fifo_i.instr_addr_q[25]$_DFFE_PP_,fetch,control,6
13968,if_stage_i.gen_prefetch_buffer.prefetch_buffer_i.fifo_i.instr_addr_q[26]$_DFFE_PP_,fetch,control,6
13969,if_stage_i.gen_prefetch_buffer.prefetch_buffer_i.fifo_i.instr_addr_q[27]$_DFFE_PP_,fetch,control,6
13970,if_stage_i.gen_prefetch_buffer.prefetch_buffer_i.fifo_i.instr_addr_q[28]$_DFFE_PP_,fetch,control,6
13971,if_stage_i.gen_prefetch_buffer.prefetch_buffer_i.fifo_i.instr_addr_q[29]$_DFFE_PP_,fetch,control,6
13972,if_stage_i.gen_prefetch_buffer.prefetch_buffer_i.fifo_i.instr_addr_q[2]$_DFFE_PP_,fetch,control,6
13973,if_stage_i.gen_prefetch_buffer.prefetch_buffer_i.fifo_i.instr_addr_q[30]$_DFFE_PP_,fetch,control,6
13974,if_stage_i.gen_prefetch_buffer.prefetch_buffer_i.fifo_i.instr_addr_q[31]$_DFFE_PP_,fetch,control,6
13975,if_stage_i.gen_prefetch_buffer.prefetch_buffer_i.fifo_i.instr_addr_q[3]$_DFFE_PP_,fetch,control,6
13976,if_stage_i.gen_prefetch_buffer.prefetch_buffer_i.fifo_i.instr_addr_q[4]$_DFFE_PP_,fetch,control,6
13977,if_stage_i.gen_prefetch_buffer.prefetch_buffer_i.fifo_i.instr_addr_q[5]$_DFFE_PP_,fetch,control,6
13978,if_stage_i.gen_prefetch_buffer.prefetch_buffer_i.fifo_i.instr_addr_q[6]$_DFFE_PP_,fetch,control,6
13979,if_stage_i.gen_prefetch_buffer.prefetch_buffer_i.fifo_i.instr_addr_q[7]$_DFFE_PP_,fetch,control,6
13980,if_stage_i.gen_prefetch_buffer.prefetch_buffer_i.fifo_i.instr_addr_q[8]$_DFFE_PP_,fetch,control,6
13981,if_stage_i.gen_prefetch_buffer.prefetch_buffer_i.fifo_i.instr_addr_q[9]$_DFFE_PP_,fetch,control,6
13982,if_stage_i.gen_prefetch_buffer.prefetch_buffer_i.fifo_i.rdata_q[0]$_DFFE_PP_,register_file,datapath,6
13983,if_stage_i.gen_prefetch_buffer.prefetch_buffer_i.fifo_i.rdata_q[10]$_DFFE_PP_,register_file,datapath,6
13984,if_stage_i.gen_prefetch_buffer.prefetch_buffer_i.fifo_i.rdata_q[11]$_DFFE_PP_,register_file,datapath,6
13985,if_stage_i.gen_prefetch_buffer.prefetch_buffer_i.fifo_i.rdata_q[12]$_DFFE_PP_,register_file,datapath,6
13986,if_stage_i.gen_prefetch_buffer.prefetch_buffer_i.fifo_i.rdata_q[13]$_DFFE_PP_,register_file,datapath,6
13987,if_stage_i.gen_prefetch_buffer.prefetch_buffer_i.fifo_i.rdata_q[14]$_DFFE_PP_,register_file,datapath,6
13988,if_stage_i.gen_prefetch_buffer.prefetch_buffer_i.fifo_i.rdata_q[15]$_DFFE_PP_,register_file,datapath,6
13989,if_stage_i.gen_prefetch_buffer.prefetch_buffer_i.fifo_i.rdata_q[16]$_DFFE_PP_,register_file,datapath,6
13990,if_stage_i.gen_prefetch_buffer.prefetch_buffer_i.fifo_i.rdata_q[17]$_DFFE_PP_,register_file,datapath,6
13991,if_stage_i.gen_prefetch_buffer.prefetch_buffer_i.fifo_i.rdata_q[18]$_DFFE_PP_,register_file,datapath,6
13992,if_stage_i.gen_prefetch_buffer.prefetch_buffer_i.fifo_i.rdata_q[19]$_DFFE_PP_,register_file,datapath,6
13993,if_stage_i.gen_prefetch_buffer.prefetch_buffer_i.fifo_i.rdata_q[1]$_DFFE_PP_,register_file,datapath,6
13994,if_stage_i.gen_prefetch_buffer.prefetch_buffer_i.fifo_i.rdata_q[20]$_DFFE_PP_,register_file,datapath,6
13995,if_stage_i.gen_prefetch_buffer.prefetch_buffer_i.fifo_i.rdata_q[21]$_DFFE_PP_,register_file,datapath,6
13996,if_stage_i.gen_prefetch_buffer.prefetch_buffer_i.fifo_i.rdata_q[22]$_DFFE_PP_,register_file,datapath,6
13997,if_stage_i.gen_prefetch_buffer.prefetch_buffer_i.fifo_i.rdata_q[23]$_DFFE_PP_,register_file,datapath,6
13998,if_stage_i.gen_prefetch_buffer.prefetch_buffer_i.fifo_i.rdata_q[24]$_DFFE_PP_,register_file,datapath,6
13999,if_stage_i.gen_prefetch_buffer.prefetch_buffer_i.fifo_i.rdata_q[25]$_DFFE_PP_,register_file,datapath,6
14000,if_stage_i.gen_prefetch_buffer.prefetch_buffer_i.fifo_i.rdata_q[26]$_DFFE_PP_,register_file,datapath,6
14001,if_stage_i.gen_prefetch_buffer.prefetch_buffer_i.fifo_i.rdata_q[27]$_DFFE_PP_,register_file,datapath,6
14002,if_stage_i.gen_prefetch_buffer.prefetch_buffer_i.fifo_i.rdata_q[28]$_DFFE_PP_,register_file,datapath,6
14003,if_stage_i.gen_prefetch_buffer.prefetch_buffer_i.fifo_i.rdata_q[29]$_DFFE_PP_,register_file,datapath,6
14004,if_stage_i.gen_prefetch_buffer.prefetch_buffer_i.fifo_i.rdata_q[2]$_DFFE_PP_,register_file,datapath,6
14005,if_stage_i.gen_prefetch_buffer.prefetch_buffer_i.fifo_i.rdata_q[30]$_DFFE_PP_,register_file,datapath,6
14006,if_stage_i.gen_prefetch_buffer.prefetch_buffer_i.fifo_i.rdata_q[31]$_DFFE_PP_,register_file,datapath,6
14007,if_stage_i.gen_prefetch_buffer.prefetch_buffer_i.fifo_i.rdata_q[32]$_DFFE_PP_,register_file,datapath,6
14008,if_stage_i.gen_prefetch_buffer.prefetch_buffer_i.fifo_i.rdata_q[33]$_DFFE_PP_,register_file,datapath,6
14009,if_stage_i.gen_prefetch_buffer.prefetch_buffer_i.fifo_i.rdata_q[34]$_DFFE_PP_,register_file,datapath,6
14010,if_stage_i.gen_prefetch_buffer.prefetch_buffer_i.fifo_i.rdata_q[35]$_DFFE_PP_,register_file,datapath,6
14011,if_stage_i.gen_prefetch_buffer.prefetch_buffer_i.fifo_i.rdata_q[36]$_DFFE_PP_,register_file,datapath,6
14012,if_stage_i.gen_prefetch_buffer.prefetch_buffer_i.fifo_i.rdata_q[37]$_DFFE_PP_,register_file,datapath,6
14013,if_stage_i.gen_prefetch_buffer.prefetch_buffer_i.fifo_i.rdata_q[38]$_DFFE_PP_,register_file,datapath,6
14014,if_stage_i.gen_prefetch_buffer.prefetch_buffer_i.fifo_i.rdata_q[39]$_DFFE_PP_,register_file,datapath,6
14015,if_stage_i.gen_prefetch_buffer.prefetch_buffer_i.fifo_i.rdata_q[3]$_DFFE_PP_,register_file,datapath,6
14016,if_stage_i.gen_prefetch_buffer.prefetch_buffer_i.fifo_i.rdata_q[40]$_DFFE_PP_,register_file,datapath,6
14017,if_stage_i.gen_prefetch_buffer.prefetch_buffer_i.fifo_i.rdata_q[41]$_DFFE_PP_,register_file,datapath,6
14018,if_stage_i.gen_prefetch_buffer.prefetch_buffer_i.fifo_i.rdata_q[42]$_DFFE_PP_,register_file,datapath,6
14019,if_stage_i.gen_prefetch_buffer.prefetch_buffer_i.fifo_i.rdata_q[43]$_DFFE_PP_,register_file,datapath,6
14020,if_stage_i.gen_prefetch_buffer.prefetch_buffer_i.fifo_i.rdata_q[44]$_DFFE_PP_,register_file,datapath,6
14021,if_stage_i.gen_prefetch_buffer.prefetch_buffer_i.fifo_i.rdata_q[45]$_DFFE_PP_,register_file,datapath,6
14022,if_stage_i.gen_prefetch_buffer.prefetch_buffer_i.fifo_i.rdata_q[46]$_DFFE_PP_,register_file,datapath,6
14023,if_stage_i.gen_prefetch_buffer.prefetch_buffer_i.fifo_i.rdata_q[47]$_DFFE_PP_,register_file,datapath,6
14024,if_stage_i.gen_prefetch_buffer.prefetch_buffer_i.fifo_i.rdata_q[48]$_DFFE_PP_,register_file,datapath,6
14025,if_stage_i.gen_prefetch_buffer.prefetch_buffer_i.fifo_i.rdata_q[49]$_DFFE_PP_,register_file,datapath,6
14026,if_stage_i.gen_prefetch_buffer.prefetch_buffer_i.fifo_i.rdata_q[4]$_DFFE_PP_,register_file,datapath,6
14027,if_stage_i.gen_prefetch_buffer.prefetch_buffer_i.fifo_i.rdata_q[50]$_DFFE_PP_,register_file,datapath,6
14028,if_stage_i.gen_prefetch_buffer.prefetch_buffer_i.fifo_i.rdata_q[51]$_DFFE_PP_,register_file,datapath,6
14029,if_stage_i.gen_prefetch_buffer.prefetch_buffer_i.fifo_i.rdata_q[52]$_DFFE_PP_,register_file,datapath,6
14030,if_stage_i.gen_prefetch_buffer.prefetch_buffer_i.fifo_i.rdata_q[53]$_DFFE_PP_,register_file,datapath,6
14031,if_stage_i.gen_prefetch_buffer.prefetch_buffer_i.fifo_i.rdata_q[54]$_DFFE_PP_,register_file,datapath,6
14032,if_stage_i.gen_prefetch_buffer.prefetch_buffer_i.fifo_i.rdata_q[55]$_DFFE_PP_,register_file,datapath,6
14033,if_stage_i.gen_prefetch_buffer.prefetch_buffer_i.fifo_i.rdata_q[56]$_DFFE_PP_,register_file,datapath,6
14034,if_stage_i.gen_prefetch_buffer.prefetch_buffer_i.fifo_i.rdata_q[57]$_DFFE_PP_,register_file,datapath,6
14035,if_stage_i.gen_prefetch_buffer.prefetch_buffer_i.fifo_i.rdata_q[58]$_DFFE_PP_,register_file,datapath,6
14036,if_stage_i.gen_prefetch_buffer.prefetch_buffer_i.fifo_i.rdata_q[59]$_DFFE_PP_,register_file,datapath,6
14037,if_stage_i.gen_prefetch_buffer.prefetch_buffer_i.fifo_i.rdata_q[5]$_DFFE_PP_,register_file,datapath,6
14038,if_stage_i.gen_prefetch_buffer.prefetch_buffer_i.fifo_i.rdata_q[60]$_DFFE_PP_,register_file,datapath,6
14039,if_stage_i.gen_prefetch_buffer.prefetch_buffer_i.fifo_i.rdata_q[61]$_DFFE_PP_,register_file,datapath,6
14040,if_stage_i.gen_prefetch_buffer.prefetch_buffer_i.fifo_i.rdata_q[62]$_DFFE_PP_,register_file,datapath,6
14041,if_stage_i.gen_prefetch_buffer.prefetch_buffer_i.fifo_i.rdata_q[63]$_DFFE_PP_,register_file,datapath,6
14042,if_stage_i.gen_prefetch_buffer.prefetch_buffer_i.fifo_i.rdata_q[64]$_DFFE_PP_,register_file,datapath,6
14043,if_stage_i.gen_prefetch_buffer.prefetch_buffer_i.fifo_i.rdata_q[65]$_DFFE_PP_,register_file,datapath,6
14044,if_stage_i.gen_prefetch_buffer.prefetch_buffer_i.fifo_i.rdata_q[66]$_DFFE_PP_,register_file,datapath,6
14045,if_stage_i.gen_prefetch_buffer.prefetch_buffer_i.fifo_i.rdata_q[67]$_DFFE_PP_,register_file,datapath,6
14046,if_stage_i.gen_prefetch_buffer.prefetch_buffer_i.fifo_i.rdata_q[68]$_DFFE_PP_,register_file,datapath,6
14047,if_stage_i.gen_prefetch_buffer.prefetch_buffer_i.fifo_i.rdata_q[69]$_DFFE_PP_,register_file,datapath,6
14048,if_stage_i.gen_prefetch_buffer.prefetch_buffer_i.fifo_i.rdata_q[6]$_DFFE_PP_,register_file,datapath,6
14049,if_stage_i.gen_prefetch_buffer.prefetch_buffer_i.fifo_i.rdata_q[70]$_DFFE_PP_,register_file,datapath,6
14050,if_stage_i.gen_prefetch_buffer.prefetch_buffer_i.fifo_i.rdata_q[71]$_DFFE_PP_,register_file,datapath,6
14051,if_stage_i.gen_prefetch_buffer.prefetch_buffer_i.fifo_i.rdata_q[72]$_DFFE_PP_,register_file,datapath,6
14052,if_stage_i.gen_prefetch_buffer.prefetch_buffer_i.fifo_i.rdata_q[73]$_DFFE_PP_,register_file,datapath,6
14053,if_stage_i.gen_prefetch_buffer.prefetch_buffer_i.fifo_i.rdata_q[74]$_DFFE_PP_,register_file,datapath,6
14054,if_stage_i.gen_prefetch_buffer.prefetch_buffer_i.fifo_i.rdata_q[75]$_DFFE_PP_,register_file,datapath,6
14055,if_stage_i.gen_prefetch_buffer.prefetch_buffer_i.fifo_i.rdata_q[76]$_DFFE_PP_,register_file,datapath,6
14056,if_stage_i.gen_prefetch_buffer.prefetch_buffer_i.fifo_i.rdata_q[77]$_DFFE_PP_,register_file,datapath,6
14057,if_stage_i.gen_prefetch_buffer.prefetch_buffer_i.fifo_i.rdata_q[78]$_DFFE_PP_,register_file,datapath,6
14058,if_stage_i.gen_prefetch_buffer.prefetch_buffer_i.fifo_i.rdata_q[79]$_DFFE_PP_,register_file,datapath,6
14059,if_stage_i.gen_prefetch_buffer.prefetch_buffer_i.fifo_i.rdata_q[7]$_DFFE_PP_,register_file,datapath,6
14060,if_stage_i.gen_prefetch_buffer.prefetch_buffer_i.fifo_i.rdata_q[80]$_DFFE_PP_,register_file,datapath,6
14061,if_stage_i.gen_prefetch_buffer.prefetch_buffer_i.fifo_i.rdata_q[81]$_DFFE_PP_,register_file,datapath,6
14062,if_stage_i.gen_prefetch_buffer.prefetch_buffer_i.fifo_i.rdata_q[82]$_DFFE_PP_,register_file,datapath,6
14063,if_stage_i.gen_prefetch_buffer.prefetch_buffer_i.fifo_i.rdata_q[83]$_DFFE_PP_,register_file,datapath,6
14064,if_stage_i.gen_prefetch_buffer.prefetch_buffer_i.fifo_i.rdata_q[84]$_DFFE_PP_,register_file,datapath,6
14065,if_stage_i.gen_prefetch_buffer.prefetch_buffer_i.fifo_i.rdata_q[85]$_DFFE_PP_,register_file,datapath,6
14066,if_stage_i.gen_prefetch_buffer.prefetch_buffer_i.fifo_i.rdata_q[86]$_DFFE_PP_,register_file,datapath,6
14067,if_stage_i.gen_prefetch_buffer.prefetch_buffer_i.fifo_i.rdata_q[87]$_DFFE_PP_,register_file,datapath,6
14068,if_stage_i.gen_prefetch_buffer.prefetch_buffer_i.fifo_i.rdata_q[88]$_DFFE_PP_,register_file,datapath,6
14069,if_stage_i.gen_prefetch_buffer.prefetch_buffer_i.fifo_i.rdata_q[89]$_DFFE_PP_,register_file,datapath,6
14070,if_stage_i.gen_prefetch_buffer.prefetch_buffer_i.fifo_i.rdata_q[8]$_DFFE_PP_,register_file,datapath,6
14071,if_stage_i.gen_prefetch_buffer.prefetch_buffer_i.fifo_i.rdata_q[90]$_DFFE_PP_,register_file,datapath,6
14072,if_stage_i.gen_prefetch_buffer.prefetch_buffer_i.fifo_i.rdata_q[91]$_DFFE_PP_,register_file,datapath,6
14073,if_stage_i.gen_prefetch_buffer.prefetch_buffer_i.fifo_i.rdata_q[92]$_DFFE_PP_,register_file,datapath,6
14074,if_stage_i.gen_prefetch_buffer.prefetch_buffer_i.fifo_i.rdata_q[93]$_DFFE_PP_,register_file,datapath,6
14075,if_stage_i.gen_prefetch_buffer.prefetch_buffer_i.fifo_i.rdata_q[94]$_DFFE_PP_,register_file,datapath,6
14076,if_stage_i.gen_prefetch_buffer.prefetch_buffer_i.fifo_i.rdata_q[95]$_DFFE_PP_,register_file,datapath,6
14077,if_stage_i.gen_prefetch_buffer.prefetch_buffer_i.fifo_i.rdata_q[9]$_DFFE_PP_,register_file,datapath,6
14078,if_stage_i.gen_prefetch_buffer.prefetch_buffer_i.fifo_i.valid_q[0]$_DFF_PN0_,pipeline_state,control,6
14079,if_stage_i.gen_prefetch_buffer.prefetch_buffer_i.fifo_i.valid_q[1]$_DFF_PN0_,pipeline_state,control,6
14080,if_stage_i.gen_prefetch_buffer.prefetch_buffer_i.fifo_i.valid_q[2]$_DFF_PN0_,pipeline_state,control,6
14081,if_stage_i.gen_prefetch_buffer.prefetch_buffer_i.rdata_outstanding_q[0]$_DFF_PN0_,register_file,datapath,6
14082,if_stage_i.gen_prefetch_buffer.prefetch_buffer_i.rdata_outstanding_q[1]$_DFF_PN0_,register_file,datapath,6
14083,if_stage_i.gen_prefetch_buffer.prefetch_buffer_i.stored_addr_q[10]$_DFFE_PP_,fetch,control,6
14084,if_stage_i.gen_prefetch_buffer.prefetch_buffer_i.stored_addr_q[11]$_DFFE_PP_,fetch,control,6
14085,if_stage_i.gen_prefetch_buffer.prefetch_buffer_i.stored_addr_q[12]$_DFFE_PP_,fetch,control,6
14086,if_stage_i.gen_prefetch_buffer.prefetch_buffer_i.stored_addr_q[13]$_DFFE_PP_,fetch,control,6
14087,if_stage_i.gen_prefetch_buffer.prefetch_buffer_i.stored_addr_q[14]$_DFFE_PP_,fetch,control,6
14088,if_stage_i.gen_prefetch_buffer.prefetch_buffer_i.stored_addr_q[15]$_DFFE_PP_,fetch,control,6
14089,if_stage_i.gen_prefetch_buffer.prefetch_buffer_i.stored_addr_q[16]$_DFFE_PP_,fetch,control,6
14090,if_stage_i.gen_prefetch_buffer.prefetch_buffer_i.stored_addr_q[17]$_DFFE_PP_,fetch,control,6
14091,if_stage_i.gen_prefetch_buffer.prefetch_buffer_i.stored_addr_q[18]$_DFFE_PP_,fetch,control,6
14092,if_stage_i.gen_prefetch_buffer.prefetch_buffer_i.stored_addr_q[19]$_DFFE_PP_,fetch,control,6
14093,if_stage_i.gen_prefetch_buffer.prefetch_buffer_i.stored_addr_q[20]$_DFFE_PP_,fetch,control,6
14094,if_stage_i.gen_prefetch_buffer.prefetch_buffer_i.stored_addr_q[21]$_DFFE_PP_,fetch,control,6
14095,if_stage_i.gen_prefetch_buffer.prefetch_buffer_i.stored_addr_q[22]$_DFFE_PP_,fetch,control,6
14096,if_stage_i.gen_prefetch_buffer.prefetch_buffer_i.stored_addr_q[23]$_DFFE_PP_,fetch,control,6
14097,if_stage_i.gen_prefetch_buffer.prefetch_buffer_i.stored_addr_q[24]$_DFFE_PP_,fetch,control,6
14098,if_stage_i.gen_prefetch_buffer.prefetch_buffer_i.stored_addr_q[25]$_DFFE_PP_,fetch,control,6
14099,if_stage_i.gen_prefetch_buffer.prefetch_buffer_i.stored_addr_q[26]$_DFFE_PP_,fetch,control,6
14100,if_stage_i.gen_prefetch_buffer.prefetch_buffer_i.stored_addr_q[27]$_DFFE_PP_,fetch,control,6
14101,if_stage_i.gen_prefetch_buffer.prefetch_buffer_i.stored_addr_q[28]$_DFFE_PP_,fetch,control,6
14102,if_stage_i.gen_prefetch_buffer.prefetch_buffer_i.stored_addr_q[29]$_DFFE_PP_,fetch,control,6
14103,if_stage_i.gen_prefetch_buffer.prefetch_buffer_i.stored_addr_q[2]$_DFFE_PP_,fetch,control,6
14104,if_stage_i.gen_prefetch_buffer.prefetch_buffer_i.stored_addr_q[30]$_DFFE_PP_,fetch,control,6
14105,if_stage_i.gen_prefetch_buffer.prefetch_buffer_i.stored_addr_q[31]$_DFFE_PP_,fetch,control,6
14106,if_stage_i.gen_prefetch_buffer.prefetch_buffer_i.stored_addr_q[3]$_DFFE_PP_,fetch,control,6
14107,if_stage_i.gen_prefetch_buffer.prefetch_buffer_i.stored_addr_q[4]$_DFFE_PP_,fetch,control,6
14108,if_stage_i.gen_prefetch_buffer.prefetch_buffer_i.stored_addr_q[5]$_DFFE_PP_,fetch,control,6
14109,if_stage_i.gen_prefetch_buffer.prefetch_buffer_i.stored_addr_q[6]$_DFFE_PP_,fetch,control,6
14110,if_stage_i.gen_prefetch_buffer.prefetch_buffer_i.stored_addr_q[7]$_DFFE_PP_,fetch,control,6
14111,if_stage_i.gen_prefetch_buffer.prefetch_buffer_i.stored_addr_q[8]$_DFFE_PP_,fetch,control,6
14112,if_stage_i.gen_prefetch_buffer.prefetch_buffer_i.stored_addr_q[9]$_DFFE_PP_,fetch,control,6
14113,if_stage_i.gen_prefetch_buffer.prefetch_buffer_i.valid_req_q$_DFF_PN0_,pipeline_state,control,6
14114,if_stage_i.illegal_c_insn_id_o$_DFFE_PP_,pipeline_state,control,6
14115,if_stage_i.instr_fetch_err_o$_DFFE_PP_,pipeline_state,control,6
14116,if_stage_i.instr_fetch_err_plus2_o$_SDFFCE_PN0P_,pipeline_state,control,6
14117,if_stage_i.instr_is_compressed_id_o$_DFFE_PP_,pipeline_state,control,6
14118,if_stage_i.instr_rdata_c_id_o[0]$_DFFE_PP_,register_file,datapath,6
14119,if_stage_i.instr_rdata_c_id_o[10]$_DFFE_PP_,register_file,datapath,6
14120,if_stage_i.instr_rdata_c_id_o[11]$_DFFE_PP_,register_file,datapath,6
14121,if_stage_i.instr_rdata_c_id_o[12]$_DFFE_PP_,register_file,datapath,6
14122,if_stage_i.instr_rdata_c_id_o[13]$_DFFE_PP_,register_file,datapath,6
14123,if_stage_i.instr_rdata_c_id_o[14]$_DFFE_PP_,register_file,datapath,6
14124,if_stage_i.instr_rdata_c_id_o[15]$_DFFE_PP_,register_file,datapath,6
14125,if_stage_i.instr_rdata_c_id_o[1]$_DFFE_PP_,register_file,datapath,6
14126,if_stage_i.instr_rdata_c_id_o[2]$_DFFE_PP_,register_file,datapath,6
14127,if_stage_i.instr_rdata_c_id_o[3]$_DFFE_PP_,register_file,datapath,6
14128,if_stage_i.instr_rdata_c_id_o[4]$_DFFE_PP_,register_file,datapath,6
14129,if_stage_i.instr_rdata_c_id_o[5]$_DFFE_PP_,register_file,datapath,6
14130,if_stage_i.instr_rdata_c_id_o[6]$_DFFE_PP_,register_file,datapath,6
14131,if_stage_i.instr_rdata_c_id_o[7]$_DFFE_PP_,register_file,datapath,6
14132,if_stage_i.instr_rdata_c_id_o[8]$_DFFE_PP_,register_file,datapath,6
14133,if_stage_i.instr_rdata_c_id_o[9]$_DFFE_PP_,register_file,datapath,6
14134,if_stage_i.instr_rdata_id_o[0]$_DFFE_PP_,register_file,datapath,6
14135,if_stage_i.instr_rdata_id_o[10]$_DFFE_PP_,register_file,datapath,6
14136,if_stage_i.instr_rdata_id_o[11]$_DFFE_PP_,register_file,datapath,6
14137,if_stage_i.instr_rdata_id_o[12]$_DFFE_PP_,register_file,datapath,6
14138,if_stage_i.instr_rdata_id_o[13]$_DFFE_PP_,register_file,datapath,6
14139,if_stage_i.instr_rdata_id_o[14]$_DFFE_PP_,register_file,datapath,6
14140,if_stage_i.instr_rdata_id_o[15]$_DFFE_PP_,register_file,datapath,6
14141,if_stage_i.instr_rdata_id_o[16]$_DFFE_PP_,register_file,datapath,6
14142,if_stage_i.instr_rdata_id_o[17]$_DFFE_PP_,register_file,datapath,6
14143,if_stage_i.instr_rdata_id_o[18]$_DFFE_PP_,register_file,datapath,6
14144,if_stage_i.instr_rdata_id_o[19]$_DFFE_PP_,register_file,datapath,6
14145,if_stage_i.instr_rdata_id_o[1]$_DFFE_PP_,register_file,datapath,6
14146,if_stage_i.instr_rdata_id_o[20]$_DFFE_PP_,register_file,datapath,6
14147,if_stage_i.instr_rdata_id_o[21]$_DFFE_PP_,register_file,datapath,6
14148,if_stage_i.instr_rdata_id_o[22]$_DFFE_PP_,register_file,datapath,6
14149,if_stage_i.instr_rdata_id_o[23]$_DFFE_PP_,register_file,datapath,6
14150,if_stage_i.instr_rdata_id_o[24]$_DFFE_PP_,register_file,datapath,6
14151,if_stage_i.instr_rdata_id_o[25]$_DFFE_PP_,register_file,datapath,6
14152,if_stage_i.instr_rdata_id_o[26]$_DFFE_PP_,register_file,datapath,6
14153,if_stage_i.instr_rdata_id_o[27]$_DFFE_PP_,register_file,datapath,6
14154,if_stage_i.instr_rdata_id_o[28]$_DFFE_PP_,register_file,datapath,6
14155,if_stage_i.instr_rdata_id_o[29]$_DFFE_PP_,register_file,datapath,6
14156,if_stage_i.instr_rdata_id_o[2]$_DFFE_PP_,register_file,datapath,6
14157,if_stage_i.instr_rdata_id_o[30]$_DFFE_PP_,register_file,datapath,6
14158,if_stage_i.instr_rdata_id_o[31]$_DFFE_PP_,register_file,datapath,6
14159,if_stage_i.instr_rdata_id_o[3]$_DFFE_PP_,register_file,datapath,6
14160,if_stage_i.instr_rdata_id_o[4]$_DFFE_PP_,register_file,datapath,6
14161,if_stage_i.instr_rdata_id_o[5]$_DFFE_PP_,register_file,datapath,6
14162,if_stage_i.instr_rdata_id_o[6]$_DFFE_PP_,register_file,datapath,6
14163,if_stage_i.instr_rdata_id_o[7]$_DFFE_PP_,register_file,datapath,6
14164,if_stage_i.instr_rdata_id_o[8]$_DFFE_PP_,register_file,datapath,6
14165,if_stage_i.instr_rdata_id_o[9]$_DFFE_PP_,register_file,datapath,6
14166,if_stage_i.instr_valid_id_o$_DFF_PN0_,pipeline_state,control,6
14167,if_stage_i.pc_id_o[10]$_DFFE_PP_,fetch,control,6
14168,if_stage_i.pc_id_o[11]$_DFFE_PP_,fetch,control,6
14169,if_stage_i.pc_id_o[12]$_DFFE_PP_,fetch,control,6
14170,if_stage_i.pc_id_o[13]$_DFFE_PP_,fetch,control,6
14171,if_stage_i.pc_id_o[14]$_DFFE_PP_,fetch,control,6
14172,if_stage_i.pc_id_o[15]$_DFFE_PP_,fetch,control,6
14173,if_stage_i.pc_id_o[16]$_DFFE_PP_,fetch,control,6
14174,if_stage_i.pc_id_o[17]$_DFFE_PP_,fetch,control,6
14175,if_stage_i.pc_id_o[18]$_DFFE_PP_,fetch,control,6
14176,if_stage_i.pc_id_o[19]$_DFFE_PP_,fetch,control,6
14177,if_stage_i.pc_id_o[1]$_DFFE_PP_,fetch,control,6
14178,if_stage_i.pc_id_o[20]$_DFFE_PP_,fetch,control,6
14179,if_stage_i.pc_id_o[21]$_DFFE_PP_,fetch,control,6
14180,if_stage_i.pc_id_o[22]$_DFFE_PP_,fetch,control,6
14181,if_stage_i.pc_id_o[23]$_DFFE_PP_,fetch,control,6
14182,if_stage_i.pc_id_o[24]$_DFFE_PP_,fetch,control,6
14183,if_stage_i.pc_id_o[25]$_DFFE_PP_,fetch,control,6
14184,if_stage_i.pc_id_o[26]$_DFFE_PP_,fetch,control,6
14185,if_stage_i.pc_id_o[27]$_DFFE_PP_,fetch,control,6
14186,if_stage_i.pc_id_o[28]$_DFFE_PP_,fetch,control,6
14187,if_stage_i.pc_id_o[29]$_DFFE_PP_,fetch,control,6
14188,if_stage_i.pc_id_o[2]$_DFFE_PP_,fetch,control,6
14189,if_stage_i.pc_id_o[30]$_DFFE_PP_,fetch,control,6
14190,if_stage_i.pc_id_o[31]$_DFFE_PP_,fetch,control,6
14191,if_stage_i.pc_id_o[3]$_DFFE_PP_,fetch,control,6
14192,if_stage_i.pc_id_o[4]$_DFFE_PP_,fetch,control,6
14193,if_stage_i.pc_id_o[5]$_DFFE_PP_,fetch,control,6
14194,if_stage_i.pc_id_o[6]$_DFFE_PP_,fetch,control,6
14195,if_stage_i.pc_id_o[7]$_DFFE_PP_,fetch,control,6
14196,if_stage_i.pc_id_o[8]$_DFFE_PP_,fetch,control,6
14197,if_stage_i.pc_id_o[9]$_DFFE_PP_,fetch,control,6
14198,input100,generated_control,infrastructure,3
14199,input101,generated_control,infrastructure,3
14200,input102,generated_control,infrastructure,3
14201,input103,generated_control,infrastructure,3
14202,input104,generated_control,infrastructure,3
14203,input105,generated_control,infrastructure,3
14204,input106,generated_control,infrastructure,3
14205,input107,generated_control,infrastructure,3
14206,input108,generated_control,infrastructure,3
14207,input109,generated_control,infrastructure,3
14208,input110,fetch,control,3
14209,input111,fetch,control,3
14210,input112,register_file,datapath,3
14211,input113,register_file,datapath,3
14212,input114,register_file,datapath,3
14213,input115,register_file,datapath,3
14214,input116,register_file,datapath,3
14215,input117,register_file,datapath,3
14216,input118,register_file,datapath,3
14217,input119,register_file,datapath,3
14218,input120,register_file,datapath,3
14219,input121,register_file,datapath,3
14220,input122,register_file,datapath,3
14221,input123,register_file,datapath,3
14222,input124,register_file,datapath,3
14223,input125,register_file,datapath,3
14224,input126,register_file,datapath,3
14225,input127,register_file,datapath,3
14226,input128,register_file,datapath,3
14227,input129,register_file,datapath,3
14228,input130,register_file,datapath,3
14229,input131,register_file,datapath,3
14230,input132,register_file,datapath,3
14231,input133,register_file,datapath,3
14232,input134,register_file,datapath,3
14233,input135,register_file,datapath,3
14234,input136,register_file,datapath,3
14235,input137,register_file,datapath,3
14236,input138,register_file,datapath,3
14237,input139,register_file,datapath,3
14238,input140,register_file,datapath,3
14239,input141,register_file,datapath,3
14240,input142,register_file,datapath,3
14241,input143,register_file,datapath,3
14242,input144,fetch,control,3
14243,input145,trap_debug,control,3
14244,input146,trap_debug,control,3
14245,input147,trap_debug,control,3
14246,input148,trap_debug,control,3
14247,input149,trap_debug,control,3
14248,input150,trap_debug,control,3
14249,input151,trap_debug,control,3
14250,input152,trap_debug,control,3
14251,input153,trap_debug,control,3
14252,input154,trap_debug,control,3
14253,input155,trap_debug,control,3
14254,input156,trap_debug,control,3
14255,input157,trap_debug,control,3
14256,input158,trap_debug,control,3
14257,input159,trap_debug,control,3
14258,input160,trap_debug,control,3
14259,input161,trap_debug,control,3
14260,input162,trap_debug,control,3
14261,input163,trap_debug,control,3
14262,input164,clock_reset,control,3
14263,input165,generated_control,infrastructure,3
14264,input17,fetch,control,3
14265,input18,fetch,control,3
14266,input19,fetch,control,3
14267,input20,fetch,control,3
14268,input21,fetch,control,3
14269,input22,fetch,control,3
14270,input23,fetch,control,3
14271,input24,fetch,control,3
14272,input25,fetch,control,3
14273,input26,fetch,control,3
14274,input27,fetch,control,3
14275,input28,fetch,control,3
14276,input29,fetch,control,3
14277,input30,fetch,control,3
14278,input31,fetch,control,3
14279,input32,fetch,control,3
14280,input33,fetch,control,3
14281,input34,fetch,control,3
14282,input35,fetch,control,3
14283,input36,fetch,control,3
14284,input37,fetch,control,3
14285,input38,fetch,control,3
14286,input39,fetch,control,3
14287,input40,fetch,control,3
14288,input41,generated_control,infrastructure,3
14289,input42,load_store,datapath,3
14290,input43,register_file,datapath,3
14291,input44,register_file,datapath,3
14292,input45,register_file,datapath,3
14293,input46,register_file,datapath,3
14294,input47,register_file,datapath,3
14295,input48,register_file,datapath,3
14296,input49,register_file,datapath,3
14297,input50,register_file,datapath,3
14298,input51,register_file,datapath,3
14299,input52,register_file,datapath,3
14300,input53,register_file,datapath,3
14301,input54,register_file,datapath,3
14302,input55,register_file,datapath,3
14303,input56,register_file,datapath,3
14304,input57,register_file,datapath,3
14305,input58,register_file,datapath,3
14306,input59,register_file,datapath,3
14307,input60,register_file,datapath,3
14308,input61,register_file,datapath,3
14309,input62,register_file,datapath,3
14310,input63,register_file,datapath,3
14311,input64,register_file,datapath,3
14312,input65,register_file,datapath,3
14313,input66,register_file,datapath,3
14314,input67,register_file,datapath,3
14315,input68,register_file,datapath,3
14316,input69,register_file,datapath,3
14317,input70,register_file,datapath,3
14318,input71,register_file,datapath,3
14319,input72,register_file,datapath,3
14320,input73,register_file,datapath,3
14321,input74,register_file,datapath,3
14322,input75,pipeline_state,control,3
14323,input76,trap_debug,control,3
14324,input77,fetch,control,3
14325,input78,generated_control,infrastructure,3
14326,input79,generated_control,infrastructure,3
14327,input80,generated_control,infrastructure,3
14328,input81,generated_control,infrastructure,3
14329,input82,generated_control,infrastructure,3
14330,input83,generated_control,infrastructure,3
14331,input84,generated_control,infrastructure,3
14332,input85,generated_control,infrastructure,3
14333,input86,generated_control,infrastructure,3
14334,input87,generated_control,infrastructure,3
14335,input88,generated_control,infrastructure,3
14336,input89,generated_control,infrastructure,3
14337,input90,generated_control,infrastructure,3
14338,input91,generated_control,infrastructure,3
14339,input92,generated_control,infrastructure,3
14340,input93,generated_control,infrastructure,3
14341,input94,generated_control,infrastructure,3
14342,input95,generated_control,infrastructure,3
14343,input96,generated_control,infrastructure,3
14344,input97,generated_control,infrastructure,3
14345,input98,generated_control,infrastructure,3
14346,input99,generated_control,infrastructure,3
14347,load_store_unit_i.addr_last_o[0]$_DFFE_PN0P_,load_store,datapath,6
14348,load_store_unit_i.addr_last_o[10]$_DFFE_PN0P_,load_store,datapath,6
14349,load_store_unit_i.addr_last_o[11]$_DFFE_PN0P_,load_store,datapath,6
14350,load_store_unit_i.addr_last_o[12]$_DFFE_PN0P_,load_store,datapath,6
14351,load_store_unit_i.addr_last_o[13]$_DFFE_PN0P_,load_store,datapath,6
14352,load_store_unit_i.addr_last_o[14]$_DFFE_PN0P_,load_store,datapath,6
14353,load_store_unit_i.addr_last_o[15]$_DFFE_PN0P_,load_store,datapath,6
14354,load_store_unit_i.addr_last_o[16]$_DFFE_PN0P_,load_store,datapath,6
14355,load_store_unit_i.addr_last_o[17]$_DFFE_PN0P_,load_store,datapath,6
14356,load_store_unit_i.addr_last_o[18]$_DFFE_PN0P_,load_store,datapath,6
14357,load_store_unit_i.addr_last_o[19]$_DFFE_PN0P_,load_store,datapath,6
14358,load_store_unit_i.addr_last_o[1]$_DFFE_PN0P_,load_store,datapath,6
14359,load_store_unit_i.addr_last_o[20]$_DFFE_PN0P_,load_store,datapath,6
14360,load_store_unit_i.addr_last_o[21]$_DFFE_PN0P_,load_store,datapath,6
14361,load_store_unit_i.addr_last_o[22]$_DFFE_PN0P_,load_store,datapath,6
14362,load_store_unit_i.addr_last_o[23]$_DFFE_PN0P_,load_store,datapath,6
14363,load_store_unit_i.addr_last_o[24]$_DFFE_PN0P_,load_store,datapath,6
14364,load_store_unit_i.addr_last_o[25]$_DFFE_PN0P_,load_store,datapath,6
14365,load_store_unit_i.addr_last_o[26]$_DFFE_PN0P_,load_store,datapath,6
14366,load_store_unit_i.addr_last_o[27]$_DFFE_PN0P_,load_store,datapath,6
14367,load_store_unit_i.addr_last_o[28]$_DFFE_PN0P_,load_store,datapath,6
14368,load_store_unit_i.addr_last_o[29]$_DFFE_PN0P_,load_store,datapath,6
14369,load_store_unit_i.addr_last_o[2]$_DFFE_PN0P_,load_store,datapath,6
14370,load_store_unit_i.addr_last_o[30]$_DFFE_PN0P_,load_store,datapath,6
14371,load_store_unit_i.addr_last_o[31]$_DFFE_PN0P_,load_store,datapath,6
14372,load_store_unit_i.addr_last_o[3]$_DFFE_PN0P_,load_store,datapath,6
14373,load_store_unit_i.addr_last_o[4]$_DFFE_PN0P_,load_store,datapath,6
14374,load_store_unit_i.addr_last_o[5]$_DFFE_PN0P_,load_store,datapath,6
14375,load_store_unit_i.addr_last_o[6]$_DFFE_PN0P_,load_store,datapath,6
14376,load_store_unit_i.addr_last_o[7]$_DFFE_PN0P_,load_store,datapath,6
14377,load_store_unit_i.addr_last_o[8]$_DFFE_PN0P_,load_store,datapath,6
14378,load_store_unit_i.addr_last_o[9]$_DFFE_PN0P_,load_store,datapath,6
14379,load_store_unit_i.data_sign_ext_q$_DFFE_PN0P_,load_store,datapath,6
14380,load_store_unit_i.data_type_q[0]$_DFF_PN1_,load_store,datapath,6
14381,load_store_unit_i.data_type_q[1]$_DFF_PN0_,load_store,datapath,6
14382,load_store_unit_i.data_type_q[2]$_DFF_PN0_,load_store,datapath,6
14383,load_store_unit_i.data_we_q$_DFFE_PN0P_,load_store,datapath,6
14384,load_store_unit_i.handle_misaligned_q$_DFFE_PN0P_,load_store,datapath,6
14385,load_store_unit_i.ls_fsm_cs[0]$_DFFE_PN0P_,load_store,datapath,6
14386,load_store_unit_i.ls_fsm_cs[1]$_DFFE_PN0P_,load_store,datapath,6
14387,load_store_unit_i.ls_fsm_cs[2]$_DFFE_PN0P_,load_store,datapath,6
14388,load_store_unit_i.lsu_err_q$_DFFE_PN0P_,load_store,datapath,6
14389,load_store_unit_i.rdata_offset_q[0]$_DFFE_PN0P_,register_file,datapath,6
14390,load_store_unit_i.rdata_offset_q[1]$_DFFE_PN0P_,register_file,datapath,6
14391,load_store_unit_i.rdata_q[10]$_DFFE_PN0P_,register_file,datapath,6
14392,load_store_unit_i.rdata_q[11]$_DFFE_PN0P_,register_file,datapath,6
14393,load_store_unit_i.rdata_q[12]$_DFFE_PN0P_,register_file,datapath,6
14394,load_store_unit_i.rdata_q[13]$_DFFE_PN0P_,register_file,datapath,6
14395,load_store_unit_i.rdata_q[14]$_DFFE_PN0P_,register_file,datapath,6
14396,load_store_unit_i.rdata_q[15]$_DFFE_PN0P_,register_file,datapath,6
14397,load_store_unit_i.rdata_q[16]$_DFFE_PN0P_,register_file,datapath,6
14398,load_store_unit_i.rdata_q[17]$_DFFE_PN0P_,register_file,datapath,6
14399,load_store_unit_i.rdata_q[18]$_DFFE_PN0P_,register_file,datapath,6
14400,load_store_unit_i.rdata_q[19]$_DFFE_PN0P_,register_file,datapath,6
14401,load_store_unit_i.rdata_q[20]$_DFFE_PN0P_,register_file,datapath,6
14402,load_store_unit_i.rdata_q[21]$_DFFE_PN0P_,register_file,datapath,6
14403,load_store_unit_i.rdata_q[22]$_DFFE_PN0P_,register_file,datapath,6
14404,load_store_unit_i.rdata_q[23]$_DFFE_PN0P_,register_file,datapath,6
14405,load_store_unit_i.rdata_q[24]$_DFFE_PN0P_,register_file,datapath,6
14406,load_store_unit_i.rdata_q[25]$_DFFE_PN0P_,register_file,datapath,6
14407,load_store_unit_i.rdata_q[26]$_DFFE_PN0P_,register_file,datapath,6
14408,load_store_unit_i.rdata_q[27]$_DFFE_PN0P_,register_file,datapath,6
14409,load_store_unit_i.rdata_q[28]$_DFFE_PN0P_,register_file,datapath,6
14410,load_store_unit_i.rdata_q[29]$_DFFE_PN0P_,register_file,datapath,6
14411,load_store_unit_i.rdata_q[30]$_DFFE_PN0P_,register_file,datapath,6
14412,load_store_unit_i.rdata_q[31]$_DFFE_PN0P_,register_file,datapath,6
14413,load_store_unit_i.rdata_q[8]$_DFFE_PN0P_,register_file,datapath,6
14414,load_store_unit_i.rdata_q[9]$_DFFE_PN0P_,register_file,datapath,6
14415,output166,generated_control,infrastructure,3
14416,output167,load_store,datapath,3
14417,output168,load_store,datapath,3
14418,output169,load_store,datapath,3
14419,output170,load_store,datapath,3
14420,output171,load_store,datapath,3
14421,output172,load_store,datapath,3
14422,output173,load_store,datapath,3
14423,output174,load_store,datapath,3
14424,output175,load_store,datapath,3
14425,output176,load_store,datapath,3
14426,output177,load_store,datapath,3
14427,output178,load_store,datapath,3
14428,output179,load_store,datapath,3
14429,output180,load_store,datapath,3
14430,output181,load_store,datapath,3
14431,output182,load_store,datapath,3
14432,output183,load_store,datapath,3
14433,output184,load_store,datapath,3
14434,output185,load_store,datapath,3
14435,output186,load_store,datapath,3
14436,output187,load_store,datapath,3
14437,output188,load_store,datapath,3
14438,output189,load_store,datapath,3
14439,output190,load_store,datapath,3
14440,output191,load_store,datapath,3
14441,output192,load_store,datapath,3
14442,output193,load_store,datapath,3
14443,output194,load_store,datapath,3
14444,output195,load_store,datapath,3
14445,output196,load_store,datapath,3
14446,output197,generated_control,infrastructure,3
14447,output198,generated_control,infrastructure,3
14448,output199,generated_control,infrastructure,3
14449,output200,generated_control,infrastructure,3
14450,output201,load_store,datapath,3
14451,output202,register_file,datapath,3
14452,output203,register_file,datapath,3
14453,output204,register_file,datapath,3
14454,output205,register_file,datapath,3
14455,output206,register_file,datapath,3
14456,output207,register_file,datapath,3
14457,output208,register_file,datapath,3
14458,output209,register_file,datapath,3
14459,output210,register_file,datapath,3
14460,output211,register_file,datapath,3
14461,output212,register_file,datapath,3
14462,output213,register_file,datapath,3
14463,output214,register_file,datapath,3
14464,output215,register_file,datapath,3
14465,output216,register_file,datapath,3
14466,output217,register_file,datapath,3
14467,output218,register_file,datapath,3
14468,output219,register_file,datapath,3
14469,output220,register_file,datapath,3
14470,output221,register_file,datapath,3
14471,output222,register_file,datapath,3
14472,output223,register_file,datapath,3
14473,output224,register_file,datapath,3
14474,output225,register_file,datapath,3
14475,output226,register_file,datapath,3
14476,output227,register_file,datapath,3
14477,output228,register_file,datapath,3
14478,output229,register_file,datapath,3
14479,output230,register_file,datapath,3
14480,output231,register_file,datapath,3
14481,output232,register_file,datapath,3
14482,output233,register_file,datapath,3
14483,output234,generated_control,infrastructure,3
14484,output235,fetch,control,3
14485,output236,fetch,control,3
14486,output237,fetch,control,3
14487,output238,fetch,control,3
14488,output239,fetch,control,3
14489,output240,fetch,control,3
14490,output241,fetch,control,3
14491,output242,fetch,control,3
14492,output243,fetch,control,3
14493,output244,fetch,control,3
14494,output245,fetch,control,3
14495,output246,fetch,control,3
14496,output247,fetch,control,3
14497,output248,fetch,control,3
14498,output249,fetch,control,3
14499,output250,fetch,control,3
14500,output251,fetch,control,3
14501,output252,fetch,control,3
14502,output253,fetch,control,3
14503,output254,fetch,control,3
14504,output255,fetch,control,3
14505,output256,fetch,control,3
14506,output257,fetch,control,3
14507,output258,fetch,control,3
14508,output259,fetch,control,3
14509,output260,fetch,control,3
14510,output261,fetch,control,3
14511,output262,fetch,control,3
14512,output263,fetch,control,3
14513,output264,fetch,control,3
14514,output265,fetch,control,3
14515,place3076,generated_control,infrastructure,3
14516,place3077,generated_control,infrastructure,3
14517,place3078,generated_control,infrastructure,3
14518,place3079,generated_control,infrastructure,3
14519,place3080,generated_control,infrastructure,3
14520,place3081,generated_control,infrastructure,3
14521,place3082,generated_control,infrastructure,3
14522,place3083,generated_control,infrastructure,3
14523,place3084,generated_control,infrastructure,3
14524,place3085,generated_control,infrastructure,3
14525,place3086,generated_control,infrastructure,3
14526,place3087,generated_control,infrastructure,3
14527,place3088,generated_control,infrastructure,3
14528,place3089,generated_control,infrastructure,3
14529,place3090,generated_control,infrastructure,3
14530,place3091,generated_control,infrastructure,3
14531,place3092,generated_control,infrastructure,3
14532,place3093,generated_control,infrastructure,3
14533,place3094,generated_control,infrastructure,3
14534,place3095,generated_control,infrastructure,3
14535,place3096,generated_control,infrastructure,3
14536,place3097,generated_control,infrastructure,3
14537,place3098,generated_control,infrastructure,3
14538,place3099,generated_control,infrastructure,3
14539,place3100,generated_control,infrastructure,3
14540,place3101,generated_control,infrastructure,3
14541,place3102,generated_control,infrastructure,3
14542,place3103,generated_control,infrastructure,3
14543,place3104,generated_control,infrastructure,3
14544,place3105,generated_control,infrastructure,3
14545,place3106,generated_control,infrastructure,3
14546,place3107,generated_control,infrastructure,3
14547,place3108,generated_control,infrastructure,3
14548,place3109,generated_control,infrastructure,3
14549,place3110,generated_control,infrastructure,3
14550,place3111,generated_control,infrastructure,3
14551,place3112,generated_control,infrastructure,3
14552,place3113,generated_control,infrastructure,3
14553,place3114,generated_control,infrastructure,3
14554,place3115,generated_control,infrastructure,3
14555,place3116,generated_control,infrastructure,3
14556,place3117,generated_control,infrastructure,3
14557,place3118,generated_control,infrastructure,3
14558,place3119,generated_control,infrastructure,3
14559,place3120,generated_control,infrastructure,3
14560,place3121,generated_control,infrastructure,3
14561,place3122,generated_control,infrastructure,3
14562,place3123,generated_control,infrastructure,3
14563,place3124,generated_control,infrastructure,3
14564,place3125,generated_control,infrastructure,3
14565,place3126,generated_control,infrastructure,3
14566,place3127,generated_control,infrastructure,3
14567,place3128,generated_control,infrastructure,3
14568,place3129,generated_control,infrastructure,3
14569,place3130,generated_control,infrastructure,3
14570,place3131,generated_control,infrastructure,3
14571,place3132,generated_control,infrastructure,3
14572,place3133,generated_control,infrastructure,3
14573,place3134,generated_control,infrastructure,3
14574,place3135,generated_control,infrastructure,3
14575,place3136,generated_control,infrastructure,3
14576,place3137,generated_control,infrastructure,3
14577,place3138,generated_control,infrastructure,3
14578,place3139,generated_control,infrastructure,3
14579,place3140,generated_control,infrastructure,3
14580,place3141,generated_control,infrastructure,3
14581,place3142,generated_control,infrastructure,3
14582,place3143,generated_control,infrastructure,3
14583,place3144,generated_control,infrastructure,3
14584,place3145,generated_control,infrastructure,3
14585,place3146,generated_control,infrastructure,3
14586,place3147,generated_control,infrastructure,3
14587,place3148,generated_control,infrastructure,3
14588,place3149,generated_control,infrastructure,3
14589,place3150,generated_control,infrastructure,3
14590,place3151,generated_control,infrastructure,3
14591,place3152,generated_control,infrastructure,3
14592,place3153,generated_control,infrastructure,3
14593,place3154,generated_control,infrastructure,3
14594,place3155,generated_control,infrastructure,3
14595,place3156,generated_control,infrastructure,3
14596,place3157,generated_control,infrastructure,3
14597,place3158,generated_control,infrastructure,3
14598,place3159,generated_control,infrastructure,3
14599,place3160,generated_control,infrastructure,3
14600,place3161,generated_control,infrastructure,3
14601,place3162,generated_control,infrastructure,3
14602,place3163,generated_control,infrastructure,3
14603,place3164,generated_control,infrastructure,3
14604,place3165,generated_control,infrastructure,3
14605,place3166,generated_control,infrastructure,3
14606,place3167,generated_control,infrastructure,3
14607,place3168,generated_control,infrastructure,3
14608,place3169,generated_control,infrastructure,3
14609,place3170,generated_control,infrastructure,3
14610,place3171,generated_control,infrastructure,3
14611,place3172,generated_control,infrastructure,3
14612,place3173,generated_control,infrastructure,3
14613,place3174,generated_control,infrastructure,3
14614,place3175,generated_control,infrastructure,3
14615,place3176,generated_control,infrastructure,3
14616,place3177,generated_control,infrastructure,3
14617,place3178,generated_control,infrastructure,3
14618,place3179,generated_control,infrastructure,3
14619,place3180,generated_control,infrastructure,3
14620,place3181,generated_control,infrastructure,3
14621,place3182,generated_control,infrastructure,3
14622,place3183,generated_control,infrastructure,3
14623,place3184,generated_control,infrastructure,3
14624,place3185,generated_control,infrastructure,3
14625,place3186,generated_control,infrastructure,3
14626,place3187,generated_control,infrastructure,3
14627,place3188,generated_control,infrastructure,3
14628,place3189,generated_control,infrastructure,3
14629,place3190,generated_control,infrastructure,3
14630,place3191,generated_control,infrastructure,3
14631,place3192,generated_control,infrastructure,3
14632,place3193,generated_control,infrastructure,3
14633,place3194,generated_control,infrastructure,3
14634,place3195,generated_control,infrastructure,3
14635,place3196,generated_control,infrastructure,3
14636,place3197,generated_control,infrastructure,3
14637,place3198,generated_control,infrastructure,3
14638,place3199,generated_control,infrastructure,3
14639,place3200,generated_control,infrastructure,3
14640,place3201,generated_control,infrastructure,3
14641,place3202,generated_control,infrastructure,3
14642,place3203,generated_control,infrastructure,3
14643,place3204,generated_control,infrastructure,3
14644,place3205,generated_control,infrastructure,3
14645,place3206,generated_control,infrastructure,3
14646,place3207,generated_control,infrastructure,3
14647,place3208,generated_control,infrastructure,3
14648,place3209,generated_control,infrastructure,3
14649,place3210,generated_control,infrastructure,3
14650,place3211,generated_control,infrastructure,3
14651,place3212,generated_control,infrastructure,3
14652,place3213,generated_control,infrastructure,3
14653,place3214,generated_control,infrastructure,3
14654,place3215,generated_control,infrastructure,3
14655,place3216,generated_control,infrastructure,3
14656,place3217,generated_control,infrastructure,3
14657,place3218,generated_control,infrastructure,3
14658,place3219,generated_control,infrastructure,3
14659,place3220,generated_control,infrastructure,3
14660,place3221,generated_control,infrastructure,3
14661,place3222,generated_control,infrastructure,3
14662,place3223,generated_control,infrastructure,3
14663,place3224,generated_control,infrastructure,3
14664,place3225,generated_control,infrastructure,3
14665,place3226,generated_control,infrastructure,3
14666,place3227,generated_control,infrastructure,3
14667,place3228,generated_control,infrastructure,3
14668,place3229,generated_control,infrastructure,3
14669,place3230,generated_control,infrastructure,3
14670,place3231,generated_control,infrastructure,3
14671,place3232,generated_control,infrastructure,3
14672,place3233,generated_control,infrastructure,3
14673,place3234,generated_control,infrastructure,3
14674,place3235,generated_control,infrastructure,3
14675,place3236,generated_control,infrastructure,3
14676,place3237,generated_control,infrastructure,3
14677,place3238,generated_control,infrastructure,3
14678,place3239,generated_control,infrastructure,3
14679,place3240,generated_control,infrastructure,3
14680,place3241,generated_control,infrastructure,3
14681,place3242,generated_control,infrastructure,3
14682,place3243,generated_control,infrastructure,3
14683,place3244,generated_control,infrastructure,3
14684,place3245,generated_control,infrastructure,3
14685,place3246,generated_control,infrastructure,3
14686,place3247,generated_control,infrastructure,3
14687,place3248,generated_control,infrastructure,3
14688,place3249,generated_control,infrastructure,3
14689,place3250,generated_control,infrastructure,3
14690,place3251,generated_control,infrastructure,3
14691,place3252,generated_control,infrastructure,3
14692,place3253,generated_control,infrastructure,3
14693,place3254,generated_control,infrastructure,3
14694,place3255,generated_control,infrastructure,3
14695,place3256,generated_control,infrastructure,3
14696,place3257,generated_control,infrastructure,3
14697,place3258,generated_control,infrastructure,3
14698,place3259,generated_control,infrastructure,3
14699,place3260,generated_control,infrastructure,3
14700,place3261,generated_control,infrastructure,3
14701,place3262,generated_control,infrastructure,3
14702,place3263,generated_control,infrastructure,3
14703,place3264,generated_control,infrastructure,3
14704,place3265,generated_control,infrastructure,3
14705,place3266,generated_control,infrastructure,3
14706,place3267,generated_control,infrastructure,3
14707,place3268,generated_control,infrastructure,3
14708,place3269,generated_control,infrastructure,3
14709,place3270,generated_control,infrastructure,3
14710,place3271,generated_control,infrastructure,3
14711,place3272,generated_control,infrastructure,3
14712,place3273,generated_control,infrastructure,3
14713,place3274,generated_control,infrastructure,3
14714,place3275,generated_control,infrastructure,3
14715,place3276,generated_control,infrastructure,3
14716,place3277,generated_control,infrastructure,3
14717,place3278,generated_control,infrastructure,3
14718,place3279,generated_control,infrastructure,3
14719,place3280,generated_control,infrastructure,3
14720,place3281,generated_control,infrastructure,3
14721,place3282,generated_control,infrastructure,3
14722,place3283,generated_control,infrastructure,3
14723,place3284,generated_control,infrastructure,3
14724,place3285,generated_control,infrastructure,3
14725,place3286,generated_control,infrastructure,3
14726,place3287,generated_control,infrastructure,3
14727,place3288,generated_control,infrastructure,3
14728,place3289,generated_control,infrastructure,3
14729,place3290,generated_control,infrastructure,3
14730,place3291,generated_control,infrastructure,3
14731,place3292,generated_control,infrastructure,3
14732,place3293,generated_control,infrastructure,3
14733,place3294,generated_control,infrastructure,3
14734,place3295,generated_control,infrastructure,3
14735,place3296,generated_control,infrastructure,3
14736,place3297,generated_control,infrastructure,3
14737,place3298,generated_control,infrastructure,3
14738,place3299,generated_control,infrastructure,3
14739,place3300,generated_control,infrastructure,3
14740,place3301,generated_control,infrastructure,3
14741,place3302,generated_control,infrastructure,3
14742,place3303,generated_control,infrastructure,3
14743,place3304,generated_control,infrastructure,3
14744,place3305,generated_control,infrastructure,3
14745,place3306,generated_control,infrastructure,3
14746,place3307,generated_control,infrastructure,3
14747,place3308,generated_control,infrastructure,3
14748,place3309,generated_control,infrastructure,3
14749,place3310,generated_control,infrastructure,3
14750,place3311,generated_control,infrastructure,3
14751,place3312,generated_control,infrastructure,3
14752,place3313,generated_control,infrastructure,3
14753,place3314,generated_control,infrastructure,3
14754,place3315,generated_control,infrastructure,3
14755,place3316,generated_control,infrastructure,3
14756,place3317,generated_control,infrastructure,3
14757,place3318,generated_control,infrastructure,3
14758,place3319,generated_control,infrastructure,3
14759,place3320,generated_control,infrastructure,3
14760,place3321,generated_control,infrastructure,3
14761,place3322,generated_control,infrastructure,3
14762,place3323,generated_control,infrastructure,3
14763,place3324,generated_control,infrastructure,3
14764,place3325,generated_control,infrastructure,3
14765,place3326,generated_control,infrastructure,3
14766,place3327,generated_control,infrastructure,3
14767,place3328,generated_control,infrastructure,3
14768,place3329,generated_control,infrastructure,3
14769,place3330,generated_control,infrastructure,3
14770,place3331,generated_control,infrastructure,3
14771,place3332,generated_control,infrastructure,3
14772,place3333,generated_control,infrastructure,3
14773,place3334,generated_control,infrastructure,3
14774,place3335,generated_control,infrastructure,3
14775,place3336,generated_control,infrastructure,3
14776,place3337,generated_control,infrastructure,3
14777,place3338,generated_control,infrastructure,3
14778,place3339,generated_control,infrastructure,3
14779,place3340,generated_control,infrastructure,3
14780,place3341,generated_control,infrastructure,3
14781,place3342,generated_control,infrastructure,3
14782,place3343,generated_control,infrastructure,3
14783,place3344,generated_control,infrastructure,3
14784,place3345,generated_control,infrastructure,3
14785,place3346,generated_control,infrastructure,3
14786,place3347,generated_control,infrastructure,3
14787,place3348,generated_control,infrastructure,3
14788,place3349,generated_control,infrastructure,3
14789,place3350,generated_control,infrastructure,3
14790,place3351,generated_control,infrastructure,3
14791,place3352,generated_control,infrastructure,3
14792,place3353,generated_control,infrastructure,3
14793,place3354,generated_control,infrastructure,3
14794,place3355,generated_control,infrastructure,3
14795,place3356,generated_control,infrastructure,3
14796,place3357,generated_control,infrastructure,3
14797,place3358,generated_control,infrastructure,3
14798,place3359,generated_control,infrastructure,3
14799,place3360,generated_control,infrastructure,3
14800,place3361,generated_control,infrastructure,3
14801,place3362,generated_control,infrastructure,3
14802,place3363,generated_control,infrastructure,3
14803,place3364,generated_control,infrastructure,3
14804,place3365,generated_control,infrastructure,3
14805,place3366,generated_control,infrastructure,3
14806,place3367,generated_control,infrastructure,3
14807,place3368,generated_control,infrastructure,3
14808,place3369,generated_control,infrastructure,3
14809,place3370,generated_control,infrastructure,3
14810,place3371,generated_control,infrastructure,3
14811,place3372,generated_control,infrastructure,3
14812,place3373,generated_control,infrastructure,3
14813,place3374,generated_control,infrastructure,3
14814,place3375,generated_control,infrastructure,3
14815,place3376,generated_control,infrastructure,3
14816,place3377,generated_control,infrastructure,3
14817,place3378,generated_control,infrastructure,3
14818,place3379,generated_control,infrastructure,3
14819,place3380,generated_control,infrastructure,3
14820,place3381,generated_control,infrastructure,3
14821,place3382,generated_control,infrastructure,3
14822,place3383,generated_control,infrastructure,3
14823,place3387,generated_control,infrastructure,3
14824,place3388,generated_control,infrastructure,3
14825,place3389,generated_control,infrastructure,3
14826,place3390,generated_control,infrastructure,3
14827,place3391,generated_control,infrastructure,3
14828,place3392,generated_control,infrastructure,3
14829,place3393,generated_control,infrastructure,3
14830,place3394,generated_control,infrastructure,3
14831,place3395,generated_control,infrastructure,3
14832,place3396,generated_control,infrastructure,3
14833,place3397,generated_control,infrastructure,3
14834,place3398,generated_control,infrastructure,3
14835,place3399,generated_control,infrastructure,3
14836,place3400,generated_control,infrastructure,3
14837,place3401,generated_control,infrastructure,3
14838,place3402,generated_control,infrastructure,3
14839,place3403,generated_control,infrastructure,3
14840,place3404,generated_control,infrastructure,3
14841,place3405,generated_control,infrastructure,3
14842,place3406,generated_control,infrastructure,3
14843,place3407,generated_control,infrastructure,3
14844,place3408,generated_control,infrastructure,3
14845,place3409,generated_control,infrastructure,3
14846,place3410,generated_control,infrastructure,3
14847,place3411,generated_control,infrastructure,3
14848,place3412,generated_control,infrastructure,3
14849,place3413,generated_control,infrastructure,3
14850,place3414,generated_control,infrastructure,3
14851,place3415,generated_control,infrastructure,3
14852,place3416,generated_control,infrastructure,3
14853,place3417,generated_control,infrastructure,3
14854,place3418,generated_control,infrastructure,3
14855,place3419,generated_control,infrastructure,3
14856,place3420,generated_control,infrastructure,3
14857,place3421,generated_control,infrastructure,3
14858,place3422,generated_control,infrastructure,3
14859,place3423,generated_control,infrastructure,3
14860,place3424,generated_control,infrastructure,3
14861,place3425,generated_control,infrastructure,3
14862,place3426,generated_control,infrastructure,3
14863,place3427,generated_control,infrastructure,3
14864,place3428,generated_control,infrastructure,3
14865,place3429,generated_control,infrastructure,3
14866,place3430,generated_control,infrastructure,3
14867,place3431,generated_control,infrastructure,3
14868,place3432,generated_control,infrastructure,3
14869,place3433,generated_control,infrastructure,3
14870,place3434,generated_control,infrastructure,3
14871,place3435,generated_control,infrastructure,3
14872,place3436,generated_control,infrastructure,3
14873,place3437,generated_control,infrastructure,3
14874,place3438,generated_control,infrastructure,3
14875,place3439,generated_control,infrastructure,3
14876,place3440,generated_control,infrastructure,3
14877,place3446,generated_control,infrastructure,3
14878,place3447,generated_control,infrastructure,3
14879,place3448,generated_control,infrastructure,3
14880,place3449,generated_control,infrastructure,3
14881,place3450,generated_control,infrastructure,3
14882,place3451,generated_control,infrastructure,3
14883,place3452,generated_control,infrastructure,3
14884,place3453,generated_control,infrastructure,3
14885,place3454,generated_control,infrastructure,3
14886,place3455,generated_control,infrastructure,3
14887,place3456,generated_control,infrastructure,3
14888,place3457,generated_control,infrastructure,3
14889,place3458,generated_control,infrastructure,3
14890,place3465,generated_control,infrastructure,3
14891,place3466,generated_control,infrastructure,3
14892,place3467,generated_control,infrastructure,3
14893,place3468,generated_control,infrastructure,3
14894,place3469,generated_control,infrastructure,3
14895,place3470,generated_control,infrastructure,3
14896,place3471,generated_control,infrastructure,3
14897,place3472,generated_control,infrastructure,3
14898,place3474,generated_control,infrastructure,3
14899,place3475,generated_control,infrastructure,3
14900,place3478,generated_control,infrastructure,3
14901,place3479,generated_control,infrastructure,3
14902,place3480,generated_control,infrastructure,3
14903,place3481,generated_control,infrastructure,3
14904,place3482,generated_control,infrastructure,3
14905,place3483,execute_alu,datapath,3
14906,place3484,generated_control,infrastructure,3
14907,place3485,generated_control,infrastructure,3
14908,place3491,generated_control,infrastructure,3
14909,place3492,generated_control,infrastructure,3
14910,place3493,generated_control,infrastructure,3
14911,place3494,generated_control,infrastructure,3
14912,place3495,generated_control,infrastructure,3
14913,place3496,generated_control,infrastructure,3
14914,place3497,generated_control,infrastructure,3
14915,place3498,generated_control,infrastructure,3
14916,place3499,generated_control,infrastructure,3
14917,place3500,generated_control,infrastructure,3
14918,place3501,generated_control,infrastructure,3
14919,place3502,generated_control,infrastructure,3
14920,place3503,generated_control,infrastructure,3
14921,place3504,generated_control,infrastructure,3
14922,place3505,generated_control,infrastructure,3
14923,place3506,generated_control,infrastructure,3
14924,place3507,generated_control,infrastructure,3
14925,place3508,generated_control,infrastructure,3
14926,place3509,generated_control,infrastructure,3
14927,place3510,generated_control,infrastructure,3
14928,place3518,generated_control,infrastructure,3
14929,place3519,execute_alu,datapath,3
14930,place3532,generated_control,infrastructure,3
14931,place3533,generated_control,infrastructure,3
14932,place3534,generated_control,infrastructure,3
14933,place3535,generated_control,infrastructure,3
14934,place3536,generated_control,infrastructure,3
14935,place3537,generated_control,infrastructure,3
14936,place3538,generated_control,infrastructure,3
14937,place3539,generated_control,infrastructure,3
14938,place3540,generated_control,infrastructure,3
14939,place3541,generated_control,infrastructure,3
14940,place3542,generated_control,infrastructure,3
14941,place3543,generated_control,infrastructure,3
14942,place3544,generated_control,infrastructure,3
14943,place3545,generated_control,infrastructure,3
14944,place3546,generated_control,infrastructure,3
14945,place3547,generated_control,infrastructure,3
14946,place3548,generated_control,infrastructure,3
14947,place3549,generated_control,infrastructure,3
14948,place3550,generated_control,infrastructure,3
14949,place3551,generated_control,infrastructure,3
14950,place3552,generated_control,infrastructure,3
14951,place3553,generated_control,infrastructure,3
14952,place3554,generated_control,infrastructure,3
14953,place3555,generated_control,infrastructure,3
14954,place3556,generated_control,infrastructure,3
14955,place3557,generated_control,infrastructure,3
14956,place3559,generated_control,infrastructure,3
14957,place3560,generated_control,infrastructure,3
14958,place3561,generated_control,infrastructure,3
14959,place3562,generated_control,infrastructure,3
14960,place3563,generated_control,infrastructure,3
14961,place3564,generated_control,infrastructure,3
14962,place3565,generated_control,infrastructure,3
14963,place3566,generated_control,infrastructure,3
14964,place3567,generated_control,infrastructure,3
14965,place3568,generated_control,infrastructure,3
14966,place3569,generated_control,infrastructure,3
14967,place3570,generated_control,infrastructure,3
14968,place3571,generated_control,infrastructure,3
14969,place3572,generated_control,infrastructure,3
14970,place3573,generated_control,infrastructure,3
14971,place3574,generated_control,infrastructure,3
14972,place3575,generated_control,infrastructure,3
14973,place3576,generated_control,infrastructure,3
14974,place3577,generated_control,infrastructure,3
14975,place3578,generated_control,infrastructure,3
14976,place3579,generated_control,infrastructure,3
14977,place3580,generated_control,infrastructure,3
14978,place3581,generated_control,infrastructure,3
14979,place3582,generated_control,infrastructure,3
14980,place3583,generated_control,infrastructure,3
14981,place3584,generated_control,infrastructure,3
14982,place3585,generated_control,infrastructure,3
14983,place3586,generated_control,infrastructure,3
14984,place3587,generated_control,infrastructure,3
14985,place3588,generated_control,infrastructure,3
14986,place3589,generated_control,infrastructure,3
14987,place3590,generated_control,infrastructure,3
14988,place3591,generated_control,infrastructure,3
14989,place3592,generated_control,infrastructure,3
14990,place3593,generated_control,infrastructure,3
14991,place3594,generated_control,infrastructure,3
14992,place3595,generated_control,infrastructure,3
14993,place3596,generated_control,infrastructure,3
14994,place3597,generated_control,infrastructure,3
14995,place3598,generated_control,infrastructure,3
14996,place3599,generated_control,infrastructure,3
14997,place3600,generated_control,infrastructure,3
14998,place3601,generated_control,infrastructure,3
14999,place3602,generated_control,infrastructure,3
15000,place3603,generated_control,infrastructure,3
15001,place3604,generated_control,infrastructure,3
15002,place3605,generated_control,infrastructure,3
15003,place3606,generated_control,infrastructure,3
15004,place3607,generated_control,infrastructure,3
15005,place3608,generated_control,infrastructure,3
15006,place3609,generated_control,infrastructure,3
15007,place3610,generated_control,infrastructure,3
15008,place3611,generated_control,infrastructure,3
15009,place3612,generated_control,infrastructure,3
15010,place3613,generated_control,infrastructure,3
15011,place3614,generated_control,infrastructure,3
15012,place3615,generated_control,infrastructure,3
15013,place3616,generated_control,infrastructure,3
15014,place3617,generated_control,infrastructure,3
15015,place3618,generated_control,infrastructure,3
15016,place3619,generated_control,infrastructure,3
15017,place3620,generated_control,infrastructure,3
15018,place3621,generated_control,infrastructure,3
15019,place3622,generated_control,infrastructure,3
15020,place3623,generated_control,infrastructure,3
15021,place3624,generated_control,infrastructure,3
15022,place3625,generated_control,infrastructure,3
15023,place3626,generated_control,infrastructure,3
15024,place3627,generated_control,infrastructure,3
15025,place3628,generated_control,infrastructure,3
15026,place3629,generated_control,infrastructure,3
15027,place3630,generated_control,infrastructure,3
15028,place3631,generated_control,infrastructure,3
15029,place3632,generated_control,infrastructure,3
15030,place3633,generated_control,infrastructure,3
15031,place3634,generated_control,infrastructure,3
15032,place3635,generated_control,infrastructure,3
15033,place3636,generated_control,infrastructure,3
15034,place3637,generated_control,infrastructure,3
15035,place3638,generated_control,infrastructure,3
15036,place3639,generated_control,infrastructure,3
15037,place3640,generated_control,infrastructure,3
15038,place3641,generated_control,infrastructure,3
15039,place3642,generated_control,infrastructure,3
15040,place3643,generated_control,infrastructure,3
15041,place3644,generated_control,infrastructure,3
15042,place3645,generated_control,infrastructure,3
15043,place3646,generated_control,infrastructure,3
15044,place3647,generated_control,infrastructure,3
15045,place3648,generated_control,infrastructure,3
15046,place3649,generated_control,infrastructure,3
15047,place3650,generated_control,infrastructure,3
15048,place3651,generated_control,infrastructure,3
15049,place3652,generated_control,infrastructure,3
15050,place3653,generated_control,infrastructure,3
15051,place3654,generated_control,infrastructure,3
15052,place3655,generated_control,infrastructure,3
15053,place3656,generated_control,infrastructure,3
15054,place3657,generated_control,infrastructure,3
15055,place3658,generated_control,infrastructure,3
15056,place3659,generated_control,infrastructure,3
15057,place3660,generated_control,infrastructure,3
15058,place3661,generated_control,infrastructure,3
15059,place3662,generated_control,infrastructure,3
15060,place3663,generated_control,infrastructure,3
15061,place3664,generated_control,infrastructure,3
15062,place3665,generated_control,infrastructure,3
15063,place3666,generated_control,infrastructure,3
15064,place3667,generated_control,infrastructure,3
15065,place3668,generated_control,infrastructure,3
15066,place3669,generated_control,infrastructure,3
15067,place3670,generated_control,infrastructure,3
15068,place3671,generated_control,infrastructure,3
15069,place3672,generated_control,infrastructure,3
15070,place3673,generated_control,infrastructure,3
15071,place3674,generated_control,infrastructure,3
15072,place3675,generated_control,infrastructure,3
15073,place3676,generated_control,infrastructure,3
15074,place3677,generated_control,infrastructure,3
15075,place3678,generated_control,infrastructure,3
15076,place3679,generated_control,infrastructure,3
15077,place3680,generated_control,infrastructure,3
15078,place3681,generated_control,infrastructure,3
15079,place3682,generated_control,infrastructure,3
15080,place3683,generated_control,infrastructure,3
15081,place3684,generated_control,infrastructure,3
15082,place3685,generated_control,infrastructure,3
15083,place3686,generated_control,infrastructure,3
15084,place3687,generated_control,infrastructure,3
15085,place3688,generated_control,infrastructure,3
15086,place3689,generated_control,infrastructure,3
15087,place3690,generated_control,infrastructure,3
15088,place3691,generated_control,infrastructure,3
15089,place3692,generated_control,infrastructure,3
15090,place3693,generated_control,infrastructure,3
15091,place3694,generated_control,infrastructure,3
15092,place3695,generated_control,infrastructure,3
15093,place3696,generated_control,infrastructure,3
15094,place3697,generated_control,infrastructure,3
15095,place3698,generated_control,infrastructure,3
15096,place3699,generated_control,infrastructure,3
15097,place3700,generated_control,infrastructure,3
15098,place3701,generated_control,infrastructure,3
15099,place3702,generated_control,infrastructure,3
15100,place3703,generated_control,infrastructure,3
15101,place3704,generated_control,infrastructure,3
15102,place3705,generated_control,infrastructure,3
15103,place3706,generated_control,infrastructure,3
15104,place3707,generated_control,infrastructure,3
15105,place3708,generated_control,infrastructure,3
15106,place3709,generated_control,infrastructure,3
15107,place3710,generated_control,infrastructure,3
15108,place3711,generated_control,infrastructure,3
15109,place3712,generated_control,infrastructure,3
15110,place3713,generated_control,infrastructure,3
15111,place3714,generated_control,infrastructure,3
15112,place3715,generated_control,infrastructure,3
15113,place3716,generated_control,infrastructure,3
15114,place3717,generated_control,infrastructure,3
15115,place3718,generated_control,infrastructure,3
15116,place3719,generated_control,infrastructure,3
15117,place3720,generated_control,infrastructure,3
15118,place3721,generated_control,infrastructure,3
15119,place3722,generated_control,infrastructure,3
15120,place3723,generated_control,infrastructure,3
15121,place3724,generated_control,infrastructure,3
15122,place3725,generated_control,infrastructure,3
15123,place3726,generated_control,infrastructure,3
15124,place3727,generated_control,infrastructure,3
15125,place3728,generated_control,infrastructure,3
15126,place3729,generated_control,infrastructure,3
15127,place3730,generated_control,infrastructure,3
15128,place3731,generated_control,infrastructure,3
15129,place3732,generated_control,infrastructure,3
15130,place3733,generated_control,infrastructure,3
15131,place3734,generated_control,infrastructure,3
15132,place3735,generated_control,infrastructure,3
15133,place3736,generated_control,infrastructure,3
15134,place3737,generated_control,infrastructure,3
15135,place3738,generated_control,infrastructure,3
15136,place3739,generated_control,infrastructure,3
15137,place3740,generated_control,infrastructure,3
15138,place3741,generated_control,infrastructure,3
15139,place3742,generated_control,infrastructure,3
15140,place3743,generated_control,infrastructure,3
15141,place3744,generated_control,infrastructure,3
15142,place3745,generated_control,infrastructure,3
15143,place3746,generated_control,infrastructure,3
15144,place3747,generated_control,infrastructure,3
15145,place3748,generated_control,infrastructure,3
15146,place3749,generated_control,infrastructure,3
15147,place3750,generated_control,infrastructure,3
15148,place3751,generated_control,infrastructure,3
15149,place3752,generated_control,infrastructure,3
15150,place3753,generated_control,infrastructure,3
15151,place3754,generated_control,infrastructure,3
15152,place3755,generated_control,infrastructure,3
15153,place3756,generated_control,infrastructure,3
15154,place3757,generated_control,infrastructure,3
15155,place3758,generated_control,infrastructure,3
15156,place3759,generated_control,infrastructure,3
15157,place3760,generated_control,infrastructure,3
15158,place3761,generated_control,infrastructure,3
15159,place3762,generated_control,infrastructure,3
15160,place3763,generated_control,infrastructure,3
15161,place3764,generated_control,infrastructure,3
15162,place3765,generated_control,infrastructure,3
15163,place3766,generated_control,infrastructure,3
15164,place3767,generated_control,infrastructure,3
15165,place3768,generated_control,infrastructure,3
15166,place3769,generated_control,infrastructure,3
15167,place3770,generated_control,infrastructure,3
15168,place3771,generated_control,infrastructure,3
15169,place3772,generated_control,infrastructure,3
15170,place3773,generated_control,infrastructure,3
15171,place3774,generated_control,infrastructure,3
15172,place3775,generated_control,infrastructure,3
15173,place3776,generated_control,infrastructure,3
15174,place3777,generated_control,infrastructure,3
15175,place3778,generated_control,infrastructure,3
15176,place3779,generated_control,infrastructure,3
15177,place3780,generated_control,infrastructure,3
15178,place3781,generated_control,infrastructure,3
15179,place3782,generated_control,infrastructure,3
15180,place3783,generated_control,infrastructure,3
15181,place3784,generated_control,infrastructure,3
15182,place3785,generated_control,infrastructure,3
15183,place3786,generated_control,infrastructure,3
15184,place3787,generated_control,infrastructure,3
15185,place3788,generated_control,infrastructure,3
15186,place3789,generated_control,infrastructure,3
15187,place3790,generated_control,infrastructure,3
15188,place3791,generated_control,infrastructure,3
15189,place3792,generated_control,infrastructure,3
15190,place3793,generated_control,infrastructure,3
15191,place3794,generated_control,infrastructure,3
15192,place3795,generated_control,infrastructure,3
15193,place3796,generated_control,infrastructure,3
15194,place3797,generated_control,infrastructure,3
15195,place3798,generated_control,infrastructure,3
15196,place3799,generated_control,infrastructure,3
15197,place3800,generated_control,infrastructure,3
15198,place3801,generated_control,infrastructure,3
15199,place3802,generated_control,infrastructure,3
15200,place3803,generated_control,infrastructure,3
15201,place3804,generated_control,infrastructure,3
15202,place3805,generated_control,infrastructure,3
15203,place3806,generated_control,infrastructure,3
15204,place3807,generated_control,infrastructure,3
15205,place3808,generated_control,infrastructure,3
15206,place3809,generated_control,infrastructure,3
15207,place3810,generated_control,infrastructure,3
15208,place3811,generated_control,infrastructure,3
15209,place3812,generated_control,infrastructure,3
15210,place3813,generated_control,infrastructure,3
15211,place3814,generated_control,infrastructure,3
15212,place3815,generated_control,infrastructure,3
15213,place3816,generated_control,infrastructure,3
15214,place3817,generated_control,infrastructure,3
15215,place3818,generated_control,infrastructure,3
15216,place3819,generated_control,infrastructure,3
15217,place3820,generated_control,infrastructure,3
15218,place3821,generated_control,infrastructure,3
15219,place3822,generated_control,infrastructure,3
15220,place3823,generated_control,infrastructure,3
15221,place3824,generated_control,infrastructure,3
15222,place3825,generated_control,infrastructure,3
15223,place3826,generated_control,infrastructure,3
15224,place3827,generated_control,infrastructure,3
15225,place3828,generated_control,infrastructure,3
15226,place3829,generated_control,infrastructure,3
15227,place3830,generated_control,infrastructure,3
15228,place3831,generated_control,infrastructure,3
15229,place3832,generated_control,infrastructure,3
15230,place3833,generated_control,infrastructure,3
15231,place3834,generated_control,infrastructure,3
15232,place3835,generated_control,infrastructure,3
15233,place3836,generated_control,infrastructure,3
15234,place3837,generated_control,infrastructure,3
15235,place3838,generated_control,infrastructure,3
15236,place3839,generated_control,infrastructure,3
15237,place3840,generated_control,infrastructure,3
15238,place3841,generated_control,infrastructure,3
15239,place3842,generated_control,infrastructure,3
15240,place3843,generated_control,infrastructure,3
15241,place3844,generated_control,infrastructure,3
15242,place3845,generated_control,infrastructure,3
15243,place3846,generated_control,infrastructure,3
15244,place3847,generated_control,infrastructure,3
15245,place3848,generated_control,infrastructure,3
15246,place3849,generated_control,infrastructure,3
15247,place3850,generated_control,infrastructure,3
15248,place3851,generated_control,infrastructure,3
15249,place3852,generated_control,infrastructure,3
15250,place3853,generated_control,infrastructure,3
15251,place3854,generated_control,infrastructure,3
15252,place3855,generated_control,infrastructure,3
15253,place3856,generated_control,infrastructure,3
15254,place3857,generated_control,infrastructure,3
15255,place3858,generated_control,infrastructure,3
15256,place3859,generated_control,infrastructure,3
15257,place3860,generated_control,infrastructure,3
15258,place3861,generated_control,infrastructure,3
15259,place3862,generated_control,infrastructure,3
15260,place3863,generated_control,infrastructure,3
15261,place3864,generated_control,infrastructure,3
15262,place3865,generated_control,infrastructure,3
15263,place3866,generated_control,infrastructure,3
15264,place3867,generated_control,infrastructure,3
15265,place3868,generated_control,infrastructure,3
15266,place3869,generated_control,infrastructure,3
15267,place3870,generated_control,infrastructure,3
15268,place3871,generated_control,infrastructure,3
15269,place3872,generated_control,infrastructure,3
15270,place3873,generated_control,infrastructure,3
15271,place3874,generated_control,infrastructure,3
15272,place3875,generated_control,infrastructure,3
15273,place3876,generated_control,infrastructure,3
15274,place3877,generated_control,infrastructure,3
15275,place3878,generated_control,infrastructure,3
15276,place3879,generated_control,infrastructure,3
15277,place3880,generated_control,infrastructure,3
15278,place3881,generated_control,infrastructure,3
15279,place3882,generated_control,infrastructure,3
15280,place3883,generated_control,infrastructure,3
15281,place3884,generated_control,infrastructure,3
15282,place3885,generated_control,infrastructure,3
15283,place3886,generated_control,infrastructure,3
15284,place3887,generated_control,infrastructure,3
15285,place3888,generated_control,infrastructure,3
15286,place3889,generated_control,infrastructure,3
15287,place3890,generated_control,infrastructure,3
15288,place3891,generated_control,infrastructure,3
15289,place3892,generated_control,infrastructure,3
15290,place3893,generated_control,infrastructure,3
15291,place3894,generated_control,infrastructure,3
15292,place3895,generated_control,infrastructure,3
15293,place3896,generated_control,infrastructure,3
15294,place3897,generated_control,infrastructure,3
15295,place3898,generated_control,infrastructure,3
15296,place3899,generated_control,infrastructure,3
15297,place3900,generated_control,infrastructure,3
15298,place3901,generated_control,infrastructure,3
15299,place3902,generated_control,infrastructure,3
15300,place3903,generated_control,infrastructure,3
15301,place3904,generated_control,infrastructure,3
15302,place3905,generated_control,infrastructure,3
15303,place3906,generated_control,infrastructure,3
15304,place3907,generated_control,infrastructure,3
15305,place3908,generated_control,infrastructure,3
15306,place3909,generated_control,infrastructure,3
15307,place3910,generated_control,infrastructure,3
15308,place3911,generated_control,infrastructure,3
15309,place3912,generated_control,infrastructure,3
15310,place3913,generated_control,infrastructure,3
15311,place3914,generated_control,infrastructure,3
15312,place3915,generated_control,infrastructure,3
15313,place3916,generated_control,infrastructure,3
15314,place3917,generated_control,infrastructure,3
15315,place3918,generated_control,infrastructure,3
15316,place3919,generated_control,infrastructure,3
15317,place3920,generated_control,infrastructure,3
15318,place3921,generated_control,infrastructure,3
15319,place3922,generated_control,infrastructure,3
15320,place3923,generated_control,infrastructure,3
15321,place3924,generated_control,infrastructure,3
15322,place3925,generated_control,infrastructure,3
15323,place3926,generated_control,infrastructure,3
15324,place3927,generated_control,infrastructure,3
15325,place3928,generated_control,infrastructure,3
15326,place3929,generated_control,infrastructure,3
15327,place3930,generated_control,infrastructure,3
15328,place3931,generated_control,infrastructure,3
15329,place3932,generated_control,infrastructure,3
15330,place3933,generated_control,infrastructure,3
15331,place3934,generated_control,infrastructure,3
15332,place3935,generated_control,infrastructure,3
15333,place3936,generated_control,infrastructure,3
15334,place3937,generated_control,infrastructure,3
15335,place3938,generated_control,infrastructure,3
15336,place3939,generated_control,infrastructure,3
15337,place3940,generated_control,infrastructure,3
15338,place3941,generated_control,infrastructure,3
15339,place3942,generated_control,infrastructure,3
15340,place3943,generated_control,infrastructure,3
15341,place3944,generated_control,infrastructure,3
15342,place3945,generated_control,infrastructure,3
15343,place3946,generated_control,infrastructure,3
15344,place3947,generated_control,infrastructure,3
15345,place3948,generated_control,infrastructure,3
15346,place3949,generated_control,infrastructure,3
15347,place3950,generated_control,infrastructure,3
15348,place3951,generated_control,infrastructure,3
15349,place3952,generated_control,infrastructure,3
15350,place3953,generated_control,infrastructure,3
15351,place3954,generated_control,infrastructure,3
15352,place3955,generated_control,infrastructure,3
15353,place3956,generated_control,infrastructure,3
15354,place3957,generated_control,infrastructure,3
15355,place3958,generated_control,infrastructure,3
15356,place3959,generated_control,infrastructure,3
15357,place3960,generated_control,infrastructure,3
15358,place3961,generated_control,infrastructure,3
15359,place3962,generated_control,infrastructure,3
15360,place3963,generated_control,infrastructure,3
15361,place3964,generated_control,infrastructure,3
15362,place3965,generated_control,infrastructure,3
15363,place3966,generated_control,infrastructure,3
15364,place3967,generated_control,infrastructure,3
15365,place3968,generated_control,infrastructure,3
15366,place3969,generated_control,infrastructure,3
15367,place3970,generated_control,infrastructure,3
15368,place3971,generated_control,infrastructure,3
15369,place3972,generated_control,infrastructure,3
15370,place3973,generated_control,infrastructure,3
15371,place3974,generated_control,infrastructure,3
15372,place3975,generated_control,infrastructure,3
15373,place3976,generated_control,infrastructure,3
15374,place3977,generated_control,infrastructure,3
15375,place3978,generated_control,infrastructure,3
15376,place3979,generated_control,infrastructure,3
15377,place3980,generated_control,infrastructure,3
15378,place3981,generated_control,infrastructure,3
15379,place3982,generated_control,infrastructure,3
15380,place3983,generated_control,infrastructure,3
15381,place3984,generated_control,infrastructure,3
15382,place3985,generated_control,infrastructure,3
15383,place3986,generated_control,infrastructure,3
15384,place3987,generated_control,infrastructure,3
15385,place3988,generated_control,infrastructure,3
15386,place3989,generated_control,infrastructure,3
15387,place3990,generated_control,infrastructure,3
15388,place3991,generated_control,infrastructure,3
15389,place3992,generated_control,infrastructure,3
15390,place3993,generated_control,infrastructure,3
15391,place3994,generated_control,infrastructure,3
15392,place3995,generated_control,infrastructure,3
15393,place3996,generated_control,infrastructure,3
15394,place3997,generated_control,infrastructure,3
15395,place3998,generated_control,infrastructure,3
15396,place3999,generated_control,infrastructure,3
15397,place4000,generated_control,infrastructure,3
15398,place4001,generated_control,infrastructure,3
15399,place4002,generated_control,infrastructure,3
15400,place4003,generated_control,infrastructure,3
15401,place4004,generated_control,infrastructure,3
15402,place4005,generated_control,infrastructure,3
15403,place4006,generated_control,infrastructure,3
15404,place4007,generated_control,infrastructure,3
15405,place4008,generated_control,infrastructure,3
15406,place4009,generated_control,infrastructure,3
15407,place4010,generated_control,infrastructure,3
15408,place4011,generated_control,infrastructure,3
15409,place4012,generated_control,infrastructure,3
15410,place4013,generated_control,infrastructure,3
15411,place4014,generated_control,infrastructure,3
15412,place4015,generated_control,infrastructure,3
15413,place4016,generated_control,infrastructure,3
15414,place4017,generated_control,infrastructure,3
15415,place4018,generated_control,infrastructure,3
15416,place4019,generated_control,infrastructure,3
15417,place4020,generated_control,infrastructure,3
15418,place4021,generated_control,infrastructure,3
15419,place4022,fetch,control,3
15420,place4023,generated_control,infrastructure,3
15421,place4024,generated_control,infrastructure,3
15422,place4025,generated_control,infrastructure,3
15423,place4026,generated_control,infrastructure,3
15424,place4027,generated_control,infrastructure,3
15425,place4028,generated_control,infrastructure,3
15426,place4029,generated_control,infrastructure,3
15427,place4030,generated_control,infrastructure,3
15428,place4031,generated_control,infrastructure,3
15429,place4032,generated_control,infrastructure,3
15430,place4033,generated_control,infrastructure,3
15431,place4034,generated_control,infrastructure,3
15432,place4035,generated_control,infrastructure,3
15433,place4036,generated_control,infrastructure,3
15434,place4037,generated_control,infrastructure,3
15435,place4038,generated_control,infrastructure,3
15436,place4039,generated_control,infrastructure,3
15437,place4040,generated_control,infrastructure,3
15438,place4041,generated_control,infrastructure,3
15439,place4042,generated_control,infrastructure,3
15440,place4043,generated_control,infrastructure,3
15441,place4044,generated_control,infrastructure,3
15442,place4045,generated_control,infrastructure,3
15443,place4046,generated_control,infrastructure,3
15444,place4047,generated_control,infrastructure,3
15445,place4048,generated_control,infrastructure,3
15446,place4049,generated_control,infrastructure,3
15447,place4050,generated_control,infrastructure,3
15448,place4051,generated_control,infrastructure,3
15449,place4052,generated_control,infrastructure,3
15450,place4053,generated_control,infrastructure,3
15451,place4054,generated_control,infrastructure,3
15452,place4055,generated_control,infrastructure,3
15453,place4056,generated_control,infrastructure,3
15454,place4057,generated_control,infrastructure,3
15455,place4058,generated_control,infrastructure,3
15456,place4059,generated_control,infrastructure,3
15457,place4060,generated_control,infrastructure,3
15458,place4061,generated_control,infrastructure,3
15459,place4062,generated_control,infrastructure,3
15460,place4063,generated_control,infrastructure,3
15461,place4064,generated_control,infrastructure,3
15462,place4065,generated_control,infrastructure,3
15463,place4066,generated_control,infrastructure,3
15464,place4067,generated_control,infrastructure,3
15465,place4068,generated_control,infrastructure,3
15466,place4069,generated_control,infrastructure,3
15467,place4070,generated_control,infrastructure,3
15468,place4071,generated_control,infrastructure,3
15469,place4072,generated_control,infrastructure,3
15470,place4073,generated_control,infrastructure,3
15471,place4074,generated_control,infrastructure,3
15472,place4075,generated_control,infrastructure,3
15473,place4076,generated_control,infrastructure,3
15474,place4077,generated_control,infrastructure,3
15475,place4078,generated_control,infrastructure,3
15476,place4079,generated_control,infrastructure,3
15477,place4080,generated_control,infrastructure,3
15478,place4081,generated_control,infrastructure,3
15479,place4082,generated_control,infrastructure,3
15480,place4083,generated_control,infrastructure,3
15481,place4084,generated_control,infrastructure,3
15482,place4085,generated_control,infrastructure,3
15483,place4086,generated_control,infrastructure,3
15484,place4087,generated_control,infrastructure,3
15485,place4088,generated_control,infrastructure,3
15486,place4089,generated_control,infrastructure,3
15487,place4090,generated_control,infrastructure,3
15488,place4091,generated_control,infrastructure,3
15489,place4092,generated_control,infrastructure,3
15490,place4093,generated_control,infrastructure,3
15491,place4094,generated_control,infrastructure,3
15492,place4095,generated_control,infrastructure,3
15493,place4096,generated_control,infrastructure,3
15494,place4097,generated_control,infrastructure,3
15495,place4098,generated_control,infrastructure,3
15496,place4099,generated_control,infrastructure,3
15497,place4100,generated_control,infrastructure,3
15498,place4101,generated_control,infrastructure,3
15499,place4102,generated_control,infrastructure,3
15500,place4103,generated_control,infrastructure,3
15501,place4104,generated_control,infrastructure,3
15502,place4105,generated_control,infrastructure,3
15503,place4106,generated_control,infrastructure,3
15504,place4107,generated_control,infrastructure,3
15505,place4108,generated_control,infrastructure,3
15506,place4109,generated_control,infrastructure,3
15507,place4110,generated_control,infrastructure,3
15508,place4111,generated_control,infrastructure,3
15509,place4112,generated_control,infrastructure,3
15510,place4113,fetch,control,3
15511,place4114,fetch,control,3
15512,place4115,generated_control,infrastructure,3
15513,place4116,generated_control,infrastructure,3
15514,place4117,generated_control,infrastructure,3
15515,place4118,generated_control,infrastructure,3
15516,place4119,generated_control,infrastructure,3
15517,place4120,generated_control,infrastructure,3
15518,place4121,generated_control,infrastructure,3
15519,place4122,generated_control,infrastructure,3
15520,place4123,generated_control,infrastructure,3
15521,place4124,generated_control,infrastructure,3
15522,place4125,generated_control,infrastructure,3
15523,place4126,generated_control,infrastructure,3
15524,place4127,generated_control,infrastructure,3
15525,place4128,generated_control,infrastructure,3
15526,place4129,generated_control,infrastructure,3
15527,place4130,generated_control,infrastructure,3
15528,place4131,csr,control,3
15529,place4132,generated_control,infrastructure,3
15530,place4133,generated_control,infrastructure,3
15531,place4134,generated_control,infrastructure,3
15532,place4135,generated_control,infrastructure,3
15533,place4136,generated_control,infrastructure,3
15534,place4137,generated_control,infrastructure,3
15535,place4138,generated_control,infrastructure,3
15536,place4139,generated_control,infrastructure,3
15537,place4140,generated_control,infrastructure,3
15538,place4141,generated_control,infrastructure,3
15539,place4142,generated_control,infrastructure,3
15540,place4143,generated_control,infrastructure,3
15541,place4144,generated_control,infrastructure,3
15542,place4145,generated_control,infrastructure,3
15543,place4146,generated_control,infrastructure,3
15544,place4147,generated_control,infrastructure,3
15545,place4148,generated_control,infrastructure,3
15546,place4149,generated_control,infrastructure,3
15547,place4150,generated_control,infrastructure,3
15548,place4151,generated_control,infrastructure,3
15549,place4152,generated_control,infrastructure,3
15550,place4153,generated_control,infrastructure,3
15551,place4154,generated_control,infrastructure,3
15552,place4155,generated_control,infrastructure,3
15553,place4156,generated_control,infrastructure,3
15554,place4157,generated_control,infrastructure,3
15555,place4158,generated_control,infrastructure,3
15556,place4159,generated_control,infrastructure,3
15557,place4160,generated_control,infrastructure,3
15558,place4161,generated_control,infrastructure,3
15559,place4162,generated_control,infrastructure,3
15560,place4163,generated_control,infrastructure,3
15561,place4164,generated_control,infrastructure,3
15562,place4165,generated_control,infrastructure,3
15563,place4166,generated_control,infrastructure,3
15564,place4167,generated_control,infrastructure,3
15565,place4168,generated_control,infrastructure,3
15566,place4169,generated_control,infrastructure,3
15567,place4170,generated_control,infrastructure,3
15568,place4171,generated_control,infrastructure,3
15569,place4172,generated_control,infrastructure,3
15570,place4173,generated_control,infrastructure,3
15571,place4174,generated_control,infrastructure,3
15572,place4175,generated_control,infrastructure,3
15573,place4176,generated_control,infrastructure,3
15574,place4177,generated_control,infrastructure,3
15575,place4178,generated_control,infrastructure,3
15576,place4179,generated_control,infrastructure,3
15577,place4180,generated_control,infrastructure,3
15578,rebuffer4181,generated_control,infrastructure,3
15579,rebuffer4182,generated_control,infrastructure,3
15580,rebuffer4183,generated_control,infrastructure,3
15581,rebuffer4184,generated_control,infrastructure,3
15582,rebuffer4185,generated_control,infrastructure,3
15583,rebuffer4186,generated_control,infrastructure,3
15584,rebuffer4188,generated_control,infrastructure,3
15585,rebuffer4189,generated_control,infrastructure,3
15586,rebuffer4190,generated_control,infrastructure,3
15587,rebuffer4191,generated_control,infrastructure,3
15588,rebuffer4192,generated_control,infrastructure,3
15589,rebuffer4193,generated_control,infrastructure,3
15590,rebuffer4194,generated_control,infrastructure,3
15591,rebuffer4195,generated_control,infrastructure,3
15592,rebuffer4196,generated_control,infrastructure,3
15593,rebuffer4199,generated_control,infrastructure,3
15594,rebuffer4200,generated_control,infrastructure,3
15595,rebuffer4201,generated_control,infrastructure,3
15596,rebuffer4202,generated_control,infrastructure,3
15597,rebuffer4203,generated_control,infrastructure,3
15598,rebuffer4204,generated_control,infrastructure,3
15599,rebuffer4208,generated_control,infrastructure,3
15600,rebuffer4209,generated_control,infrastructure,3
15601,wire4187,generated_control,infrastructure,3
