design,scenario,case,net,fanout,tier0_connections,tier1_connections,vertical_connection_proxy,architecture_units,semantic_groups,has_control_datapath_boundary,has_clock_reset_unit,mean_timing_context_score,max_timing_context_score,timing_weighted_vertical_proxy,mean_physical_context_score,physical_weighted_vertical_proxy,max_arch_criticality,criticality_weighted_vertical_proxy,hpwl_um,cross_tier_hpwl_exposure_proxy_um
scr1_core_tuned,control_datapath_split,tritonpart,_04250_,3,2,1,1,generated_control,infrastructure,0,0,0.000000,0.000000,0.000000,0.189221,0.189221,1.200,1.200000,62.440,20.813
scr1_core_tuned,control_datapath_split,tritonpart,_04262_,9,8,1,1,generated_control;generated_datapath,infrastructure,0,0,0.000000,0.000000,0.000000,0.367066,0.367066,1.500,1.500000,173.820,19.313
scr1_core_tuned,control_datapath_split,tritonpart,_04273_,5,3,2,2,generated_control;generated_datapath,infrastructure,0,0,0.000000,0.000000,0.000000,0.294623,0.589245,1.500,3.000000,359.760,143.904
scr1_core_tuned,control_datapath_split,tritonpart,_04300_,4,3,1,1,generated_control,infrastructure,0,0,0.000000,0.000000,0.000000,0.305827,0.305827,1.200,1.200000,264.000,66.000
scr1_core_tuned,control_datapath_split,tritonpart,_04304_,3,2,1,1,generated_control,infrastructure,0,0,0.000000,0.000000,0.000000,0.352443,0.352443,1.200,1.200000,260.820,86.940
scr1_core_tuned,control_datapath_split,tritonpart,_04385_,2,1,1,1,generated_control;unclassified,infrastructure,0,0,0.000000,0.000000,0.000000,0.243537,0.243537,1.200,1.200000,266.560,133.280
scr1_core_tuned,control_datapath_split,tritonpart,_04595_,2,1,1,1,generated_control,infrastructure,0,0,0.000000,0.000000,0.000000,0.243736,0.243736,1.200,1.200000,229.540,114.770
scr1_core_tuned,control_datapath_split,tritonpart,_05365_,2,1,1,1,generated_control;generated_datapath,infrastructure,0,0,0.000000,0.000000,0.000000,0.252647,0.252647,1.500,1.500000,208.340,104.170
scr1_core_tuned,control_datapath_split,tritonpart,_05409_,5,2,3,2,generated_control,infrastructure,0,0,0.000000,0.000000,0.000000,0.305205,0.610410,1.200,2.400000,242.260,96.904
scr1_core_tuned,control_datapath_split,tritonpart,_05449_,4,2,2,2,generated_control;unclassified,infrastructure,0,0,0.000000,0.000000,0.000000,0.406663,0.813326,1.200,2.400000,586.160,293.080
scr1_core_tuned,control_datapath_split,tritonpart,_05451_,3,2,1,1,generated_control,infrastructure,0,0,0.000000,0.000000,0.000000,0.406341,0.406341,1.200,1.200000,206.260,68.753
scr1_core_tuned,control_datapath_split,tritonpart,_05453_,4,3,1,1,generated_control;generated_datapath;unclassified,infrastructure,0,0,0.000000,0.000000,0.000000,0.441622,0.441622,1.500,1.500000,295.960,73.990
scr1_core_tuned,control_datapath_split,tritonpart,_05766_,2,1,1,1,csr;generated_datapath,control;infrastructure,0,0,0.000000,0.000000,0.000000,0.359113,0.359113,2.500,2.500000,49.680,24.840
scr1_core_tuned,control_datapath_split,tritonpart,_05804_,3,2,1,1,generated_control;generated_datapath,infrastructure,0,0,0.000000,0.000000,0.000000,0.303488,0.303488,1.500,1.500000,21.080,7.027
scr1_core_tuned,control_datapath_split,tritonpart,_05862_,3,2,1,1,generated_control;unclassified,infrastructure,0,0,0.000000,0.000000,0.000000,0.327426,0.327426,1.200,1.200000,73.480,24.493
scr1_core_tuned,control_datapath_split,tritonpart,_05882_,2,1,1,1,generated_control;generated_datapath,infrastructure,0,0,0.000000,0.000000,0.000000,0.401525,0.401525,1.500,1.500000,37.900,18.950
scr1_core_tuned,control_datapath_split,tritonpart,_05910_,3,2,1,1,generated_control;generated_datapath;unclassified,infrastructure,0,0,0.000000,0.000000,0.000000,0.249729,0.249729,1.500,1.500000,76.780,25.593
scr1_core_tuned,control_datapath_split,tritonpart,_06046_,6,4,2,2,generated_control;unclassified,infrastructure,0,0,0.000000,0.000000,0.000000,0.260379,0.520758,1.200,2.400000,52.220,17.407
scr1_core_tuned,control_datapath_split,tritonpart,_06047_,6,3,3,3,generated_control;unclassified,infrastructure,0,0,0.000000,0.000000,0.000000,0.248924,0.746772,1.200,3.600000,60.140,30.070
scr1_core_tuned,control_datapath_split,tritonpart,_06118_,3,1,2,1,generated_control;generated_datapath;unclassified,infrastructure,0,0,0.000000,0.000000,0.000000,0.194719,0.194719,1.500,1.500000,74.760,24.920
scr1_core_tuned,control_datapath_split,tritonpart,_06262_,2,1,1,1,generated_control,infrastructure,0,0,0.104475,0.104475,0.104475,0.165022,0.165022,1.200,1.200000,115.480,57.740
scr1_core_tuned,control_datapath_split,tritonpart,_06267_,2,1,1,1,generated_control;unclassified,infrastructure,0,0,0.000000,0.000000,0.000000,0.160218,0.160218,1.200,1.200000,48.160,24.080
scr1_core_tuned,control_datapath_split,tritonpart,_06382_,2,1,1,1,generated_control,infrastructure,0,0,0.000000,0.000000,0.000000,0.281809,0.281809,1.200,1.200000,62.940,31.470
scr1_core_tuned,control_datapath_split,tritonpart,_06578_,2,1,1,1,generated_control;generated_datapath,infrastructure,0,0,0.000000,0.000000,0.000000,0.390695,0.390695,1.500,1.500000,3.640,1.820
scr1_core_tuned,control_datapath_split,tritonpart,_07063_,6,1,5,1,csr;generated_control;unclassified,control;infrastructure,0,0,0.000000,0.000000,0.000000,0.295129,0.295129,2.500,2.500000,244.860,40.810
scr1_core_tuned,control_datapath_split,tritonpart,_07225_,2,1,1,1,generated_control;generated_datapath,infrastructure,0,0,0.000000,0.000000,0.000000,0.355602,0.355602,1.500,1.500000,11.960,5.980
scr1_core_tuned,control_datapath_split,tritonpart,_11055_,5,3,2,2,generated_control;generated_datapath;unclassified,infrastructure,0,0,0.000000,0.000000,0.000000,0.300894,0.601788,1.500,3.000000,115.520,46.208
scr1_core_tuned,control_datapath_split,tritonpart,_12026_,24,23,1,1,generated_control;generated_datapath,infrastructure,0,0,0.000000,0.000000,0.000000,0.286618,0.286618,1.500,1.500000,72.020,3.001
scr1_core_tuned,control_datapath_split,tritonpart,_12029_,10,9,1,1,generated_control,infrastructure,0,0,0.000000,0.000000,0.000000,0.268158,0.268158,1.200,1.200000,59.140,5.914
scr1_core_tuned,control_datapath_split,tritonpart,_12113_,6,5,1,1,generated_control;generated_datapath,infrastructure,0,0,0.000000,0.000000,0.000000,0.235785,0.235785,1.500,1.500000,223.520,37.253
scr1_core_tuned,control_datapath_split,tritonpart,_12156_,11,10,1,1,generated_control;generated_datapath;unclassified,infrastructure,0,0,0.000000,0.000000,0.000000,0.331203,0.331203,1.500,1.500000,263.760,23.978
scr1_core_tuned,control_datapath_split,tritonpart,_12159_,13,11,2,2,generated_control;generated_datapath;unclassified,infrastructure,0,0,0.000000,0.000000,0.000000,0.301364,0.602729,1.500,3.000000,273.360,42.055
scr1_core_tuned,control_datapath_split,tritonpart,_12278_,2,1,1,1,generated_control;unclassified,infrastructure,0,0,0.165883,0.165883,0.165883,0.283794,0.283794,1.200,1.200000,123.020,61.510
scr1_core_tuned,control_datapath_split,tritonpart,_12575_,2,1,1,1,generated_control;unclassified,infrastructure,0,0,0.168796,0.168796,0.168796,0.238710,0.238710,1.200,1.200000,6.900,3.450
scr1_core_tuned,control_datapath_split,tritonpart,_12647_,2,1,1,1,generated_control;unclassified,infrastructure,0,0,0.000000,0.000000,0.000000,0.255371,0.255371,1.200,1.200000,147.660,73.830
scr1_core_tuned,control_datapath_split,tritonpart,_12659_,2,1,1,1,generated_datapath;unclassified,infrastructure,0,0,0.000000,0.000000,0.000000,0.260800,0.260800,1.500,1.500000,4.100,2.050
scr1_core_tuned,control_datapath_split,tritonpart,_12720_,2,1,1,1,generated_control;unclassified,infrastructure,0,0,0.152873,0.152873,0.152873,0.314236,0.314236,1.200,1.200000,140.920,70.460
scr1_core_tuned,control_datapath_split,tritonpart,_12791_,2,1,1,1,generated_control,infrastructure,0,0,0.000000,0.000000,0.000000,0.211974,0.211974,1.200,1.200000,9.080,4.540
scr1_core_tuned,control_datapath_split,tritonpart,_12866_,2,1,1,1,generated_datapath,infrastructure,0,0,0.000000,0.000000,0.000000,0.364113,0.364113,1.500,1.500000,103.460,51.730
scr1_core_tuned,control_datapath_split,tritonpart,_12874_,2,1,1,1,generated_datapath;unclassified,infrastructure,0,0,0.000000,0.000000,0.000000,0.308948,0.308948,1.500,1.500000,18.400,9.200
scr1_core_tuned,control_datapath_split,tritonpart,_12910_,2,1,1,1,generated_control;generated_datapath,infrastructure,0,0,0.123160,0.123160,0.123160,0.280851,0.280851,1.500,1.500000,7.360,3.680
scr1_core_tuned,control_datapath_split,tritonpart,_12960_,2,1,1,1,generated_datapath,infrastructure,0,0,0.029469,0.058937,0.029469,0.374409,0.374409,1.500,1.500000,285.620,142.810
scr1_core_tuned,control_datapath_split,tritonpart,_13108_,2,1,1,1,generated_datapath,infrastructure,0,0,0.000000,0.000000,0.000000,0.366810,0.366810,1.500,1.500000,116.720,58.360
scr1_core_tuned,control_datapath_split,tritonpart,_13121_,2,1,1,1,generated_control;generated_datapath,infrastructure,0,0,0.000000,0.000000,0.000000,0.282498,0.282498,1.500,1.500000,177.440,88.720
scr1_core_tuned,control_datapath_split,tritonpart,_13194_,2,1,1,1,generated_control;generated_datapath,infrastructure,0,0,0.000000,0.000000,0.000000,0.238534,0.238534,1.500,1.500000,32.760,16.380
scr1_core_tuned,control_datapath_split,tritonpart,_13195_,2,1,1,1,generated_control;generated_datapath,infrastructure,0,0,0.000000,0.000000,0.000000,0.311411,0.311411,1.500,1.500000,133.400,66.700
scr1_core_tuned,control_datapath_split,tritonpart,_13245_,2,1,1,1,generated_datapath,infrastructure,0,0,0.000000,0.000000,0.000000,0.349266,0.349266,1.500,1.500000,160.540,80.270
scr1_core_tuned,control_datapath_split,tritonpart,_13274_,2,1,1,1,generated_control,infrastructure,0,0,0.000000,0.000000,0.000000,0.301952,0.301952,1.200,1.200000,51.440,25.720
scr1_core_tuned,control_datapath_split,tritonpart,_13326_,2,1,1,1,generated_control;generated_datapath,infrastructure,0,0,0.000000,0.000000,0.000000,0.156594,0.156594,1.500,1.500000,38.480,19.240
scr1_core_tuned,control_datapath_split,tritonpart,_13328_,2,1,1,1,generated_datapath,infrastructure,0,0,0.000000,0.000000,0.000000,0.335706,0.335706,1.500,1.500000,22.960,11.480
scr1_core_tuned,control_datapath_split,tritonpart,_13336_,2,1,1,1,generated_datapath;unclassified,infrastructure,0,0,0.000000,0.000000,0.000000,0.323232,0.323232,1.500,1.500000,330.440,165.220
scr1_core_tuned,control_datapath_split,tritonpart,_13394_,2,1,1,1,generated_datapath,infrastructure,0,0,0.000000,0.000000,0.000000,0.372496,0.372496,1.500,1.500000,159.880,79.940
scr1_core_tuned,control_datapath_split,tritonpart,_13401_,2,1,1,1,generated_datapath;unclassified,infrastructure,0,0,0.000000,0.000000,0.000000,0.304376,0.304376,1.500,1.500000,12.420,6.210
scr1_core_tuned,control_datapath_split,tritonpart,_13427_,2,1,1,1,generated_datapath,infrastructure,0,0,0.000000,0.000000,0.000000,0.381027,0.381027,1.500,1.500000,206.540,103.270
scr1_core_tuned,control_datapath_split,tritonpart,_13462_,2,1,1,1,generated_control;generated_datapath,infrastructure,0,0,0.000000,0.000000,0.000000,0.288614,0.288614,1.500,1.500000,184.920,92.460
scr1_core_tuned,control_datapath_split,tritonpart,_13491_,2,1,1,1,generated_datapath;unclassified,infrastructure,0,0,0.000000,0.000000,0.000000,0.326683,0.326683,1.500,1.500000,212.660,106.330
scr1_core_tuned,control_datapath_split,tritonpart,_13527_,2,1,1,1,generated_control;generated_datapath,infrastructure,0,0,0.000000,0.000000,0.000000,0.250935,0.250935,1.500,1.500000,248.180,124.090
scr1_core_tuned,control_datapath_split,tritonpart,_13579_,2,1,1,1,generated_control;generated_datapath,infrastructure,0,0,0.000000,0.000000,0.000000,0.312016,0.312016,1.500,1.500000,183.840,91.920
scr1_core_tuned,control_datapath_split,tritonpart,_13618_,2,1,1,1,generated_datapath,infrastructure,0,0,0.000000,0.000000,0.000000,0.353869,0.353869,1.500,1.500000,172.040,86.020
scr1_core_tuned,control_datapath_split,tritonpart,_13653_,2,1,1,1,generated_datapath,infrastructure,0,0,0.000000,0.000000,0.000000,0.347022,0.347022,1.500,1.500000,194.540,97.270
scr1_core_tuned,control_datapath_split,tritonpart,_13684_,2,1,1,1,generated_datapath,infrastructure,0,0,0.000000,0.000000,0.000000,0.351785,0.351785,1.500,1.500000,198.180,99.090
scr1_core_tuned,control_datapath_split,tritonpart,_13719_,2,1,1,1,generated_datapath,infrastructure,0,0,0.000000,0.000000,0.000000,0.302700,0.302700,1.500,1.500000,113.360,56.680
scr1_core_tuned,control_datapath_split,tritonpart,_13736_,2,1,1,1,generated_control;generated_datapath,infrastructure,0,0,0.000000,0.000000,0.000000,0.174565,0.174565,1.500,1.500000,125.600,62.800
scr1_core_tuned,control_datapath_split,tritonpart,_13738_,2,1,1,1,generated_datapath;unclassified,infrastructure,0,0,0.000000,0.000000,0.000000,0.310823,0.310823,1.500,1.500000,33.040,16.520
scr1_core_tuned,control_datapath_split,tritonpart,_13756_,2,1,1,1,generated_control;unclassified,infrastructure,0,0,0.000000,0.000000,0.000000,0.281723,0.281723,1.200,1.200000,5.940,2.970
scr1_core_tuned,control_datapath_split,tritonpart,_13771_,3,2,1,1,generated_control;generated_datapath;unclassified,infrastructure,0,0,0.000000,0.000000,0.000000,0.307291,0.307291,1.500,1.500000,183.260,61.087
scr1_core_tuned,control_datapath_split,tritonpart,_13795_,8,7,1,1,generated_control,infrastructure,0,0,0.000000,0.000000,0.000000,0.270507,0.270507,1.200,1.200000,48.640,6.080
scr1_core_tuned,control_datapath_split,tritonpart,_13851_,10,9,1,1,generated_control,infrastructure,0,0,0.000000,0.000000,0.000000,0.279880,0.279880,1.200,1.200000,51.780,5.178
scr1_core_tuned,control_datapath_split,tritonpart,_13884_,10,9,1,1,generated_control,infrastructure,0,0,0.000000,0.000000,0.000000,0.280820,0.280820,1.200,1.200000,55.920,5.592
scr1_core_tuned,control_datapath_split,tritonpart,_16055_,12,3,9,3,generated_control;generated_datapath,infrastructure,0,0,0.000000,0.000000,0.000000,0.300958,0.902875,1.500,4.500000,230.360,57.590
scr1_core_tuned,control_datapath_split,tritonpart,_16144_,6,1,5,1,generated_control;unclassified,infrastructure,0,0,0.000000,0.000000,0.000000,0.322759,0.322759,1.200,1.200000,230.360,38.393
scr1_core_tuned,control_datapath_split,tritonpart,_16256_,9,2,7,2,generated_control;generated_datapath;unclassified,infrastructure,0,0,0.000000,0.000000,0.000000,0.275630,0.551261,1.500,3.000000,153.820,34.182
scr1_core_tuned,control_datapath_split,tritonpart,_16280_,5,3,2,2,generated_control,infrastructure,0,0,0.000000,0.000000,0.000000,0.268748,0.537497,1.200,2.400000,76.180,30.472
scr1_core_tuned,control_datapath_split,tritonpart,_16291_,7,5,2,2,generated_control;generated_datapath,infrastructure,0,0,0.000000,0.000000,0.000000,0.251845,0.503690,1.500,3.000000,107.600,30.743
scr1_core_tuned,control_datapath_split,tritonpart,_16339_,3,1,2,1,generated_control;generated_datapath,infrastructure,0,0,0.000000,0.000000,0.000000,0.347571,0.347571,1.500,1.500000,119.520,39.840
scr1_core_tuned,control_datapath_split,tritonpart,_16359_,7,6,1,1,generated_control;generated_datapath;unclassified,infrastructure,0,0,0.000000,0.000000,0.000000,0.279885,0.279885,1.500,1.500000,99.500,14.214
scr1_core_tuned,control_datapath_split,tritonpart,_16375_,5,4,1,1,generated_control;generated_datapath,infrastructure,0,0,0.000000,0.000000,0.000000,0.255023,0.255023,1.500,1.500000,97.700,19.540
scr1_core_tuned,control_datapath_split,tritonpart,_16379_,8,6,2,2,generated_datapath,infrastructure,0,0,0.116682,0.828978,0.233363,0.217576,0.435151,1.500,3.000000,39.320,9.830
scr1_core_tuned,control_datapath_split,tritonpart,_16382_,8,6,2,2,generated_control;generated_datapath,infrastructure,0,0,0.233363,0.933453,0.466726,0.235639,0.471278,1.500,3.000000,64.120,16.030
scr1_core_tuned,control_datapath_split,tritonpart,_16383_,4,2,2,2,generated_control;generated_datapath,infrastructure,0,0,0.000000,0.000000,0.000000,0.170978,0.341955,1.500,3.000000,27.520,13.760
scr1_core_tuned,control_datapath_split,tritonpart,_16409_,6,5,1,1,generated_control;generated_datapath;unclassified,infrastructure,0,0,0.000000,0.000000,0.000000,0.253684,0.253684,1.500,1.500000,59.680,9.947
scr1_core_tuned,control_datapath_split,tritonpart,_16414_,5,4,1,1,generated_control;generated_datapath,infrastructure,0,0,0.000000,0.000000,0.000000,0.280804,0.280804,1.500,1.500000,68.000,13.600
scr1_core_tuned,control_datapath_split,tritonpart,_16449_,5,4,1,1,generated_control,infrastructure,0,0,0.000000,0.000000,0.000000,0.289906,0.289906,1.200,1.200000,86.480,17.296
scr1_core_tuned,control_datapath_split,tritonpart,_16465_,3,2,1,1,generated_control;generated_datapath,infrastructure,0,0,0.000000,0.000000,0.000000,0.243559,0.243559,1.500,1.500000,104.060,34.687
scr1_core_tuned,control_datapath_split,tritonpart,_16581_,5,3,2,2,generated_control;generated_datapath,infrastructure,0,0,0.000000,0.000000,0.000000,0.358096,0.716191,1.500,3.000000,496.060,198.424
scr1_core_tuned,control_datapath_split,tritonpart,_16591_,6,3,3,3,generated_control;generated_datapath,infrastructure,0,0,0.000000,0.000000,0.000000,0.290790,0.872369,1.500,4.500000,215.960,107.980
scr1_core_tuned,control_datapath_split,tritonpart,_16594_,6,3,3,3,generated_control,infrastructure,0,0,0.000000,0.000000,0.000000,0.303200,0.909599,1.200,3.600000,318.200,159.100
scr1_core_tuned,control_datapath_split,tritonpart,_16598_,3,2,1,1,generated_control;generated_datapath,infrastructure,0,0,0.000000,0.000000,0.000000,0.252993,0.252993,1.500,1.500000,92.520,30.840
scr1_core_tuned,control_datapath_split,tritonpart,_16601_,8,4,4,4,generated_control;generated_datapath,infrastructure,0,0,0.000000,0.000000,0.000000,0.266957,1.067828,1.500,6.000000,208.800,104.400
scr1_core_tuned,control_datapath_split,tritonpart,_16606_,7,5,2,2,generated_control;generated_datapath,infrastructure,0,0,0.000000,0.000000,0.000000,0.241275,0.482550,1.500,3.000000,213.200,60.914
scr1_core_tuned,control_datapath_split,tritonpart,_16611_,3,2,1,1,generated_control;generated_datapath,infrastructure,0,0,0.000000,0.000000,0.000000,0.219766,0.219766,1.500,1.500000,16.360,5.453
scr1_core_tuned,control_datapath_split,tritonpart,_16617_,5,4,1,1,generated_control;unclassified,infrastructure,0,0,0.000000,0.000000,0.000000,0.196985,0.196985,1.200,1.200000,44.540,8.908
scr1_core_tuned,control_datapath_split,tritonpart,_16620_,5,4,1,1,generated_control,infrastructure,0,0,0.000000,0.000000,0.000000,0.176693,0.176693,1.200,1.200000,43.200,8.640
scr1_core_tuned,control_datapath_split,tritonpart,_16626_,6,4,2,2,generated_control;generated_datapath,infrastructure,0,0,0.000000,0.000000,0.000000,0.236255,0.472509,1.500,3.000000,19.120,6.373
scr1_core_tuned,control_datapath_split,tritonpart,_16631_,5,3,2,2,generated_control;generated_datapath;unclassified,infrastructure,0,0,0.000000,0.000000,0.000000,0.219880,0.439760,1.500,3.000000,19.120,7.648
scr1_core_tuned,control_datapath_split,tritonpart,_16639_,4,2,2,2,generated_control;generated_datapath,infrastructure,0,0,0.000000,0.000000,0.000000,0.197648,0.395296,1.500,3.000000,50.780,25.390
scr1_core_tuned,control_datapath_split,tritonpart,_16661_,3,2,1,1,generated_control,infrastructure,0,0,0.000000,0.000000,0.000000,0.193351,0.193351,1.200,1.200000,19.200,6.400
scr1_core_tuned,control_datapath_split,tritonpart,_16675_,7,4,3,3,generated_control;generated_datapath,infrastructure,0,0,0.000000,0.000000,0.000000,0.247071,0.741214,1.500,4.500000,55.420,23.751
scr1_core_tuned,control_datapath_split,tritonpart,_16683_,4,2,2,2,generated_control;generated_datapath,infrastructure,0,0,0.000000,0.000000,0.000000,0.267414,0.534829,1.500,3.000000,90.880,45.440
scr1_core_tuned,control_datapath_split,tritonpart,_16687_,5,4,1,1,generated_datapath;unclassified,infrastructure,0,0,0.000000,0.000000,0.000000,0.177982,0.177982,1.500,1.500000,29.080,5.816
scr1_core_tuned,control_datapath_split,tritonpart,_16690_,4,3,1,1,generated_datapath,infrastructure,0,0,0.000000,0.000000,0.000000,0.215603,0.215603,1.500,1.500000,35.340,8.835
scr1_core_tuned,control_datapath_split,tritonpart,_16707_,5,4,1,1,generated_datapath,infrastructure,0,0,0.000000,0.000000,0.000000,0.268282,0.268282,1.500,1.500000,52.960,10.592
scr1_core_tuned,control_datapath_split,tritonpart,_16708_,5,4,1,1,generated_datapath,infrastructure,0,0,0.000000,0.000000,0.000000,0.222909,0.222909,1.500,1.500000,35.800,7.160
scr1_core_tuned,control_datapath_split,tritonpart,_16722_,12,11,1,1,generated_control;generated_datapath;unclassified,infrastructure,0,0,0.000000,0.000000,0.000000,0.311524,0.311524,1.500,1.500000,153.760,12.813
scr1_core_tuned,control_datapath_split,tritonpart,_16726_,5,2,3,2,generated_control;generated_datapath;unclassified,infrastructure,0,0,0.000000,0.000000,0.000000,0.372473,0.744946,1.500,3.000000,260.920,104.368
scr1_core_tuned,control_datapath_split,tritonpart,_16954_,2,1,1,1,generated_control;generated_datapath,infrastructure,0,0,0.000000,0.000000,0.000000,0.402587,0.402587,1.500,1.500000,25.760,12.880
scr1_core_tuned,control_datapath_split,tritonpart,_17035_,3,1,2,1,generated_control;generated_datapath,infrastructure,0,0,0.000000,0.000000,0.000000,0.251577,0.251577,1.500,1.500000,250.760,83.587
scr1_core_tuned,control_datapath_split,tritonpart,_17167_,2,1,1,1,generated_control;generated_datapath,infrastructure,0,0,0.000000,0.000000,0.000000,0.190285,0.190285,1.500,1.500000,10.120,5.060
scr1_core_tuned,control_datapath_split,tritonpart,_17283_,4,2,2,2,generated_control,infrastructure,0,0,0.000000,0.000000,0.000000,0.301142,0.602284,1.200,2.400000,305.220,152.610
scr1_core_tuned,control_datapath_split,tritonpart,_17308_,3,1,2,1,generated_control,infrastructure,0,0,0.000000,0.000000,0.000000,0.377429,0.377429,1.200,1.200000,115.840,38.613
scr1_core_tuned,control_datapath_split,tritonpart,_17343_,5,4,1,1,generated_control;generated_datapath,infrastructure,0,0,0.000000,0.000000,0.000000,0.323926,0.323926,1.500,1.500000,286.920,57.384
scr1_core_tuned,control_datapath_split,tritonpart,_17411_,2,1,1,1,generated_control;generated_datapath,infrastructure,0,0,0.000000,0.000000,0.000000,0.299904,0.299904,1.500,1.500000,14.260,7.130
scr1_core_tuned,control_datapath_split,tritonpart,_17538_,2,1,1,1,generated_control;generated_datapath,infrastructure,0,0,0.000000,0.000000,0.000000,0.259203,0.259203,1.500,1.500000,228.600,114.300
scr1_core_tuned,control_datapath_split,tritonpart,_17539_,3,2,1,1,generated_control;generated_datapath,infrastructure,0,0,0.000000,0.000000,0.000000,0.155693,0.155693,1.500,1.500000,83.600,27.867
scr1_core_tuned,control_datapath_split,tritonpart,_17646_,2,1,1,1,generated_control;generated_datapath,infrastructure,0,0,0.828978,0.828978,0.828978,0.191713,0.191713,1.500,1.500000,67.160,33.580
scr1_core_tuned,control_datapath_split,tritonpart,_17647_,2,1,1,1,generated_control;generated_datapath,infrastructure,0,0,0.000000,0.000000,0.000000,0.252617,0.252617,1.500,1.500000,9.160,4.580
scr1_core_tuned,control_datapath_split,tritonpart,_17649_,3,1,2,1,generated_control,infrastructure,0,0,0.552652,0.828978,0.552652,0.178570,0.178570,1.200,1.200000,40.860,13.620
scr1_core_tuned,control_datapath_split,tritonpart,_17733_,5,1,4,1,csr;fetch;generated_control;generated_datapath,control;infrastructure,0,0,0.000000,0.000000,0.000000,0.312273,0.312273,2.500,2.500000,276.260,55.252
scr1_core_tuned,control_datapath_split,tritonpart,_18071_,4,2,2,2,generated_control;generated_datapath;unclassified,infrastructure,0,0,0.000000,0.000000,0.000000,0.395718,0.791435,1.500,3.000000,158.820,79.410
scr1_core_tuned,control_datapath_split,tritonpart,_18186_,2,1,1,1,generated_datapath;unclassified,infrastructure,0,0,0.000000,0.000000,0.000000,0.470882,0.470882,1.500,1.500000,134.040,67.020
scr1_core_tuned,control_datapath_split,tritonpart,_18282_,4,2,2,2,generated_control;generated_datapath,infrastructure,0,0,0.000000,0.000000,0.000000,0.356202,0.712404,1.500,3.000000,193.040,96.520
scr1_core_tuned,control_datapath_split,tritonpart,_18297_,3,2,1,1,generated_control;generated_datapath,infrastructure,0,0,0.000000,0.000000,0.000000,0.283279,0.283279,1.500,1.500000,51.060,17.020
scr1_core_tuned,control_datapath_split,tritonpart,clknet_0_clk_pipe,5,2,3,2,clock_reset,control,0,1,0.494697,0.999148,0.989394,0.057326,0.114652,5.000,10.000000,688.200,275.280
scr1_core_tuned,control_datapath_split,tritonpart,clknet_4_2__leaf_clk_pipe,19,12,7,7,clock_reset,control,0,1,0.005386,0.051170,0.037705,0.051613,0.361292,5.000,35.000000,341.980,125.993
scr1_core_tuned,control_datapath_split,tritonpart,clknet_4_8__leaf_clk_pipe,11,8,3,3,clock_reset,control,0,1,0.022155,0.121855,0.066466,0.054264,0.162793,5.000,15.000000,514.740,140.384
scr1_core_tuned,control_datapath_split,tritonpart,clknet_4_9__leaf_clk_pipe,14,11,3,3,clock_reset,control,0,1,0.033133,0.231934,0.099400,0.051196,0.153589,5.000,15.000000,385.500,82.607
scr1_core_tuned,control_datapath_split,tritonpart,clknet_leaf_155_clk_pipe,12,4,8,4,clock_reset,control,0,1,0.000000,0.000000,0.000000,0.027546,0.110185,5.000,20.000000,0.000,0.000
scr1_core_tuned,control_datapath_split,tritonpart,clknet_leaf_158_clk_pipe,11,7,4,4,clock_reset,control,0,1,0.000000,0.000000,0.000000,0.031788,0.127153,5.000,20.000000,2.720,0.989
scr1_core_tuned,control_datapath_split,tritonpart,clknet_leaf_89_clk_pipe,8,1,7,1,clock_reset;csr,control,0,1,0.000000,0.000000,0.000000,0.136197,0.136197,5.000,5.000000,2.720,0.340
scr1_core_tuned,control_datapath_split,tritonpart,i_pipe_top.exu2csr_rw_addr[8],4,1,3,1,csr,control,0,0,0.000000,0.000000,0.000000,0.227110,0.227110,2.500,2.500000,69.560,17.390
scr1_core_tuned,control_datapath_split,tritonpart,i_pipe_top.exu2csr_rw_addr[9],4,1,3,1,csr,control,0,0,0.000000,0.000000,0.000000,0.244385,0.244385,2.500,2.500000,116.740,29.185
scr1_core_tuned,control_datapath_split,tritonpart,i_pipe_top.i_pipe_exu.i_ialu.exu2ialu_addr_op2_i[16],6,2,4,2,generated_control;generated_datapath,infrastructure,0,0,0.000000,0.000000,0.000000,0.362701,0.725402,1.500,3.000000,183.520,61.173
scr1_core_tuned,control_datapath_split,tritonpart,i_pipe_top.i_pipe_exu.i_ialu.exu2ialu_addr_op2_i[17],5,2,3,2,generated_control;generated_datapath,infrastructure,0,0,0.000000,0.000000,0.000000,0.369916,0.739832,1.500,3.000000,242.520,97.008
scr1_core_tuned,control_datapath_split,tritonpart,i_pipe_top.i_pipe_exu.i_ialu.exu2ialu_addr_op2_i[25],6,2,4,2,generated_control;generated_datapath,infrastructure,0,0,0.000000,0.000000,0.000000,0.419469,0.838937,1.500,3.000000,442.820,147.607
scr1_core_tuned,control_datapath_split,tritonpart,i_pipe_top.i_pipe_exu.i_ialu.exu2ialu_addr_op2_i[27],5,1,4,1,generated_control;generated_datapath,infrastructure,0,0,0.000000,0.000000,0.000000,0.354186,0.354186,1.500,1.500000,154.540,30.908
scr1_core_tuned,control_datapath_split,tritonpart,net288,3,1,2,1,generated_control;generated_datapath,infrastructure,0,0,0.000000,0.000000,0.000000,0.281495,0.281495,1.500,1.500000,15.980,5.327
scr1_core_tuned,control_datapath_split,tritonpart,net4173,32,31,1,1,generated_control;generated_datapath,infrastructure,0,0,0.010550,0.168796,0.010550,0.416668,0.416668,1.500,1.500000,222.120,6.941
scr1_core_tuned,control_datapath_split,tritonpart,net4175,32,31,1,1,generated_control;generated_datapath,infrastructure,0,0,0.010368,0.165883,0.010368,0.391134,0.391134,1.500,1.500000,158.360,4.949
scr1_core_tuned,control_datapath_split,tritonpart,net4177,32,31,1,1,generated_control;generated_datapath,infrastructure,0,0,0.009555,0.152873,0.009555,0.432635,0.432635,1.500,1.500000,262.460,8.202
scr1_core_tuned,control_datapath_split,tritonpart,net4185,32,31,1,1,generated_control,infrastructure,0,0,0.007697,0.123160,0.007697,0.435543,0.435543,1.200,1.200000,354.380,11.074
scr1_core_tuned,control_datapath_split,tritonpart,net4313,32,31,1,1,generated_control;generated_datapath,infrastructure,0,0,0.000000,0.000000,0.000000,0.464374,0.464374,1.500,1.500000,445.940,13.936
scr1_core_tuned,control_datapath_split,tritonpart,net4325,32,31,1,1,generated_control;generated_datapath,infrastructure,0,0,0.000000,0.000000,0.000000,0.490617,0.490617,1.500,1.500000,487.700,15.241
scr1_core_tuned,control_datapath_split,tritonpart,net4374,3,2,1,1,generated_control;unclassified,infrastructure,0,0,0.041444,0.124331,0.041444,0.282794,0.282794,1.200,1.200000,357.900,119.300
scr1_core_tuned,control_datapath_split,tritonpart,net4396,2,1,1,1,generated_control;generated_datapath,infrastructure,0,0,0.000000,0.000000,0.000000,0.296007,0.296007,1.500,1.500000,315.360,157.680
scr1_core_tuned,control_datapath_split,tritonpart,net4407,2,1,1,1,generated_control;generated_datapath,infrastructure,0,0,0.017499,0.034998,0.017499,0.283185,0.283185,1.500,1.500000,311.800,155.900
scr1_core_tuned,control_datapath_split,tritonpart,net4414,2,1,1,1,generated_control;generated_datapath,infrastructure,0,0,0.000000,0.000000,0.000000,0.308540,0.308540,1.500,1.500000,214.780,107.390
scr1_core_tuned,control_datapath_split,tritonpart,net4415,2,1,1,1,generated_control,infrastructure,0,0,0.000000,0.000000,0.000000,0.270624,0.270624,1.200,1.200000,390.880,195.440
scr1_core_tuned,control_datapath_split,tritonpart,net4416,2,1,1,1,generated_control,infrastructure,0,0,0.000000,0.000000,0.000000,0.195165,0.195165,1.200,1.200000,168.340,84.170
scr1_core_tuned,control_datapath_split,tritonpart,net4480,2,1,1,1,generated_control,infrastructure,0,0,0.000000,0.000000,0.000000,0.202370,0.202370,1.200,1.200000,164.920,82.460
scr1_core_tuned,control_datapath_split,tritonpart,net4556,3,1,2,1,generated_control;generated_datapath,infrastructure,0,0,0.000000,0.000000,0.000000,0.276346,0.276346,1.500,1.500000,306.780,102.260
scr1_core_tuned,control_datapath_split,tritonpart,net4847,11,6,5,5,generated_control;generated_datapath;unclassified,infrastructure,0,0,0.000000,0.000000,0.000000,0.487554,2.437770,1.500,7.500000,296.140,134.609
scr1_core_tuned,control_datapath_split,tritonpart,net4850,3,2,1,1,generated_control,infrastructure,0,0,0.000000,0.000000,0.000000,0.154244,0.154244,1.200,1.200000,88.000,29.333
scr1_core_tuned,control_datapath_split,tritonpart,net4852,9,5,4,4,generated_control;generated_datapath,infrastructure,0,0,0.000000,0.000000,0.000000,0.392917,1.571670,1.500,6.000000,186.100,82.711
scr1_core_tuned,control_datapath_split,tritonpart,net4854,3,2,1,1,generated_control,infrastructure,0,0,0.000000,0.000000,0.000000,0.212969,0.212969,1.200,1.200000,192.360,64.120
scr1_core_tuned,control_datapath_split,tritonpart,net4866,8,7,1,1,generated_control;generated_datapath,infrastructure,0,0,0.000000,0.000000,0.000000,0.338661,0.338661,1.500,1.500000,236.400,29.550
scr1_core_tuned,control_datapath_split,tritonpart,net4903,6,3,3,3,generated_control;generated_datapath,infrastructure,0,0,0.000000,0.000000,0.000000,0.355183,1.065549,1.500,4.500000,276.920,138.460
scr1_core_tuned,control_datapath_split,tritonpart,net4905,7,3,4,3,generated_control;generated_datapath,infrastructure,0,0,0.000000,0.000000,0.000000,0.396947,1.190842,1.500,4.500000,325.840,139.646
scr1_core_tuned,control_datapath_split,tritonpart,net4906,6,3,3,3,generated_control;generated_datapath,infrastructure,0,0,0.000000,0.000000,0.000000,0.379749,1.139246,1.500,4.500000,317.860,158.930
scr1_core_tuned,control_datapath_split,tritonpart,net4908,7,4,3,3,generated_control;generated_datapath,infrastructure,0,0,0.000000,0.000000,0.000000,0.404620,1.213861,1.500,4.500000,167.700,71.871
scr1_core_tuned,control_datapath_split,tritonpart,net4909,4,2,2,2,generated_control;generated_datapath,infrastructure,0,0,0.000000,0.000000,0.000000,0.441899,0.883798,1.500,3.000000,680.840,340.420
scr1_core_tuned,control_datapath_split,tritonpart,net4910,4,1,3,1,generated_control,infrastructure,0,0,0.000000,0.000000,0.000000,0.362855,0.362855,1.200,1.200000,117.320,29.330
scr1_core_tuned,control_datapath_split,tritonpart,net4911,4,2,2,2,generated_control;generated_datapath,infrastructure,0,0,0.000000,0.000000,0.000000,0.475236,0.950473,1.500,3.000000,825.020,412.510
scr1_core_tuned,control_datapath_split,tritonpart,net4912,5,2,3,2,generated_control;generated_datapath,infrastructure,0,0,0.000000,0.000000,0.000000,0.376324,0.752648,1.500,3.000000,458.100,183.240
scr1_core_tuned,control_datapath_split,tritonpart,net4913,7,4,3,3,generated_control;generated_datapath,infrastructure,0,0,0.000000,0.000000,0.000000,0.381032,1.143097,1.500,4.500000,235.280,100.834
scr1_core_tuned,control_datapath_split,tritonpart,net4915,7,4,3,3,generated_control;generated_datapath,infrastructure,0,0,0.000000,0.000000,0.000000,0.421752,1.265257,1.500,4.500000,457.460,196.054
scr1_core_tuned,control_datapath_split,tritonpart,net4916,5,2,3,2,generated_control;generated_datapath,infrastructure,0,0,0.000000,0.000000,0.000000,0.416431,0.832862,1.500,3.000000,169.120,67.648
scr1_core_tuned,control_datapath_split,tritonpart,net4917,4,2,2,2,generated_control;generated_datapath,infrastructure,0,0,0.000000,0.000000,0.000000,0.389687,0.779374,1.500,3.000000,597.000,298.500
scr1_core_tuned,control_datapath_split,tritonpart,net4918,8,4,4,4,generated_control;generated_datapath,infrastructure,0,0,0.000000,0.000000,0.000000,0.493167,1.972669,1.500,6.000000,700.460,350.230
scr1_core_tuned,control_datapath_split,tritonpart,net4919,5,2,3,2,generated_control;generated_datapath,infrastructure,0,0,0.000000,0.000000,0.000000,0.355130,0.710260,1.500,3.000000,318.360,127.344
scr1_core_tuned,control_datapath_split,tritonpart,net4920,6,3,3,3,generated_control;generated_datapath,infrastructure,0,0,0.000000,0.000000,0.000000,0.353349,1.060045,1.500,4.500000,220.320,110.160
scr1_core_tuned,control_datapath_split,tritonpart,net4921,6,3,3,3,generated_control;generated_datapath,infrastructure,0,0,0.000000,0.000000,0.000000,0.381203,1.143608,1.500,4.500000,375.300,187.650
scr1_core_tuned,control_datapath_split,tritonpart,net4922,5,2,3,2,generated_control;generated_datapath,infrastructure,0,0,0.000000,0.000000,0.000000,0.380861,0.761723,1.500,3.000000,347.960,139.184
scr1_core_tuned,control_datapath_split,tritonpart,net4924,8,4,4,4,generated_control;generated_datapath,infrastructure,0,0,0.000000,0.000000,0.000000,0.411356,1.645423,1.500,6.000000,281.220,140.610
scr1_core_tuned,control_datapath_split,tritonpart,net4925,5,2,3,2,generated_control;generated_datapath,infrastructure,0,0,0.000000,0.000000,0.000000,0.322086,0.644172,1.500,3.000000,152.940,61.176
scr1_core_tuned,control_datapath_split,tritonpart,net4927,6,3,3,3,generated_control;generated_datapath,infrastructure,0,0,0.000000,0.000000,0.000000,0.428874,1.286621,1.500,4.500000,544.320,272.160
scr1_core_tuned,control_datapath_split,tritonpart,net4928,5,2,3,2,generated_control;generated_datapath,infrastructure,0,0,0.000000,0.000000,0.000000,0.376104,0.752207,1.500,3.000000,230.500,92.200
scr1_core_tuned,control_datapath_split,tritonpart,net4930,9,4,5,4,generated_control;generated_datapath,infrastructure,0,0,0.000000,0.000000,0.000000,0.410232,1.640930,1.500,6.000000,325.940,144.862
scr1_core_tuned,control_datapath_split,tritonpart,net4943,4,1,3,1,generated_control;generated_datapath,infrastructure,0,0,0.000000,0.000000,0.000000,0.283971,0.283971,1.500,1.500000,90.500,22.625
scr1_core_tuned,control_datapath_split,tritonpart,net4948,7,3,4,3,generated_control;generated_datapath,infrastructure,0,0,0.000000,0.000000,0.000000,0.393460,1.180380,1.500,4.500000,296.980,127.277
scr1_core_tuned,control_datapath_split,tritonpart,net4953,4,2,2,2,generated_control;generated_datapath,infrastructure,0,0,0.000000,0.000000,0.000000,0.272492,0.544984,1.500,3.000000,85.260,42.630
scr1_core_tuned,control_datapath_split,tritonpart,net4954,7,4,3,3,generated_control;generated_datapath,infrastructure,0,0,0.000000,0.000000,0.000000,0.346942,1.040826,1.500,4.500000,225.240,96.531
scr1_core_tuned,control_datapath_split,tritonpart,net4955,8,4,4,4,generated_control;generated_datapath,infrastructure,0,0,0.000000,0.000000,0.000000,0.408231,1.632923,1.500,6.000000,333.020,166.510
scr1_core_tuned,control_datapath_split,tritonpart,net4960,7,4,3,3,generated_control;generated_datapath,infrastructure,0,0,0.000000,0.000000,0.000000,0.382123,1.146370,1.500,4.500000,248.360,106.440
scr1_core_tuned,control_datapath_split,tritonpart,net4961,4,2,2,2,generated_control;generated_datapath,infrastructure,0,0,0.000000,0.000000,0.000000,0.487052,0.974105,1.500,3.000000,846.540,423.270
scr1_core_tuned,control_datapath_split,tritonpart,net4968,22,21,1,1,generated_control;generated_datapath,infrastructure,0,0,0.000000,0.000000,0.000000,0.325725,0.325725,1.500,1.500000,342.760,15.580
scr1_core_tuned,control_datapath_split,tritonpart,net4969,33,32,1,1,generated_control;generated_datapath,infrastructure,0,0,0.000000,0.000000,0.000000,0.414804,0.414804,1.500,1.500000,375.160,11.368
scr1_core_tuned,control_datapath_split,tritonpart,net4989,6,3,3,3,generated_control;generated_datapath,infrastructure,0,0,0.000000,0.000000,0.000000,0.369277,1.107830,1.500,4.500000,216.360,108.180
scr1_core_tuned,control_datapath_split,tritonpart,net4991,3,2,1,1,generated_control,infrastructure,0,0,0.000000,0.000000,0.000000,0.297696,0.297696,1.200,1.200000,459.780,153.260
scr1_core_tuned,control_datapath_split,tritonpart,net5009,12,8,4,4,generated_control;generated_datapath,infrastructure,0,0,0.000000,0.000000,0.000000,0.396516,1.586064,1.500,6.000000,375.480,125.160
scr1_core_tuned,control_datapath_split,tritonpart,net5011,17,14,3,3,generated_control;generated_datapath;unclassified,infrastructure,0,0,0.043238,0.168796,0.129713,0.355996,1.067989,1.500,4.500000,373.460,65.905
scr1_core_tuned,control_datapath_split,tritonpart,net5012,22,21,1,1,generated_control;generated_datapath;unclassified,infrastructure,0,0,0.033411,0.168796,0.033411,0.385754,0.385754,1.500,1.500000,498.060,22.639
scr1_core_tuned,control_datapath_split,tritonpart,net5013,28,27,1,1,generated_control;generated_datapath,infrastructure,0,0,0.000000,0.000000,0.000000,0.459801,0.459801,1.500,1.500000,395.040,14.109
scr1_core_tuned,control_datapath_split,tritonpart,net5014,19,16,3,3,generated_control;generated_datapath;unclassified,infrastructure,0,0,0.003102,0.058937,0.009306,0.339114,1.017343,1.500,4.500000,308.160,48.657
scr1_core_tuned,control_datapath_split,tritonpart,net5030,32,31,1,1,generated_control;generated_datapath;multdiv,datapath;infrastructure,0,0,0.000000,0.000000,0.000000,0.367172,0.367172,2.000,2.000000,352.960,11.030
scr1_core_tuned,control_datapath_split,tritonpart,net5033,9,8,1,1,generated_control;generated_datapath;unclassified,infrastructure,0,0,0.000000,0.000000,0.000000,0.388815,0.388815,1.500,1.500000,324.460,36.051
scr1_core_tuned,control_datapath_split,tritonpart,net5041,2,1,1,1,generated_control;unclassified,infrastructure,0,0,0.000000,0.000000,0.000000,0.277555,0.277555,1.200,1.200000,318.820,159.410
scr1_core_tuned,control_datapath_split,tritonpart,net5043,5,4,1,1,generated_control;unclassified,infrastructure,0,0,0.000000,0.000000,0.000000,0.338520,0.338520,1.200,1.200000,135.200,27.040
scr1_core_tuned,control_datapath_split,tritonpart,net5045,24,23,1,1,generated_control;generated_datapath,infrastructure,0,0,0.000000,0.000000,0.000000,0.305585,0.305585,1.500,1.500000,250.100,10.421
scr1_core_tuned,control_datapath_split,tritonpart,net5051,28,27,1,1,generated_control;generated_datapath,infrastructure,0,0,0.000000,0.000000,0.000000,0.412004,0.412004,1.500,1.500000,289.700,10.346
scr1_core_tuned,control_datapath_split,tritonpart,net5054,33,32,1,1,generated_control;generated_datapath,infrastructure,0,0,0.000000,0.000000,0.000000,0.449528,0.449528,1.500,1.500000,329.520,9.985
scr1_core_tuned,control_datapath_split,tritonpart,net5055,13,12,1,1,generated_control;generated_datapath,infrastructure,0,0,0.000000,0.000000,0.000000,0.327038,0.327038,1.500,1.500000,438.260,33.712
scr1_core_tuned,control_datapath_split,tritonpart,net5062,5,1,4,1,generated_control;generated_datapath,infrastructure,0,0,0.000000,0.000000,0.000000,0.388894,0.388894,1.500,1.500000,416.060,83.212
scr1_core_tuned,control_datapath_split,tritonpart,net5065,15,14,1,1,generated_control;generated_datapath,infrastructure,0,0,0.000000,0.000000,0.000000,0.260617,0.260617,1.500,1.500000,235.140,15.676
scr1_core_tuned,control_datapath_split,tritonpart,net5067,19,18,1,1,generated_control;generated_datapath;unclassified,infrastructure,0,0,0.005499,0.104475,0.005499,0.292232,0.292232,1.500,1.500000,241.460,12.708
scr1_core_tuned,control_datapath_split,tritonpart,net5077,8,6,2,2,generated_control,infrastructure,0,0,0.000000,0.000000,0.000000,0.300333,0.600666,1.200,2.400000,168.340,42.085
scr1_core_tuned,control_datapath_split,tritonpart,net5078,5,1,4,1,generated_control;generated_datapath,infrastructure,0,0,0.000000,0.000000,0.000000,0.371927,0.371927,1.500,1.500000,352.360,70.472
scr1_core_tuned,control_datapath_split,tritonpart,net5081,8,1,7,1,csr;generated_control;generated_datapath,control;infrastructure,0,0,0.000000,0.000000,0.000000,0.250425,0.250425,2.500,2.500000,251.240,31.405
scr1_core_tuned,control_datapath_split,tritonpart,net5085,28,25,3,3,generated_control;generated_datapath;unclassified,infrastructure,0,0,0.000000,0.000000,0.000000,0.398471,1.195412,1.500,4.500000,296.980,31.819
scr1_core_tuned,control_datapath_split,tritonpart,net5087,15,12,3,3,csr;generated_control;generated_datapath;unclassified,control;infrastructure,0,0,0.055265,0.828978,0.165796,0.334097,1.002292,2.500,7.500000,162.520,32.504
scr1_core_tuned,control_datapath_split,tritonpart,net5104,20,18,2,2,generated_control;generated_datapath;unclassified,infrastructure,0,0,0.005224,0.104475,0.010448,0.370203,0.740407,1.500,3.000000,239.460,23.946
scr1_core_tuned,control_datapath_split,tritonpart,net5105,6,2,4,2,generated_control;generated_datapath,infrastructure,0,0,0.000000,0.000000,0.000000,0.333762,0.667524,1.500,3.000000,306.280,102.093
scr1_core_tuned,control_datapath_split,tritonpart,net5106,6,2,4,2,generated_control;generated_datapath,infrastructure,0,0,0.000000,0.000000,0.000000,0.344066,0.688132,1.500,3.000000,310.000,103.333
scr1_core_tuned,control_datapath_split,tritonpart,net5111,6,2,4,2,generated_control;generated_datapath,infrastructure,0,0,0.000000,0.000000,0.000000,0.303450,0.606900,1.500,3.000000,291.420,97.140
scr1_core_tuned,control_datapath_split,tritonpart,net5112,6,2,4,2,generated_control;generated_datapath,infrastructure,0,0,0.000000,0.000000,0.000000,0.356542,0.713084,1.500,3.000000,180.820,60.273
scr1_core_tuned,control_datapath_split,tritonpart,net5115,14,2,12,2,csr;generated_control;generated_datapath;unclassified,control;infrastructure,0,0,0.000000,0.000000,0.000000,0.348745,0.697490,2.500,5.000000,400.340,57.191
scr1_core_tuned,control_datapath_split,tritonpart,net5218,21,19,2,2,generated_control,infrastructure,0,0,0.000000,0.000000,0.000000,0.284479,0.568959,1.200,2.400000,79.840,7.604
scr1_core_tuned,control_datapath_split,tritonpart,net5270,10,2,8,2,generated_control;generated_datapath,infrastructure,0,0,0.000000,0.000000,0.000000,0.311113,0.622227,1.500,3.000000,323.320,64.664
scr1_core_tuned,control_datapath_split,tritonpart,net5278,19,18,1,1,generated_control;generated_datapath,infrastructure,0,0,0.000000,0.000000,0.000000,0.360535,0.360535,1.500,1.500000,392.640,20.665
scr1_core_tuned,control_datapath_split,tritonpart,net5294,46,44,2,2,generated_control;generated_datapath;unclassified,infrastructure,0,0,0.000000,0.000000,0.000000,0.502563,1.005126,1.500,3.000000,527.700,22.943
scr1_core_tuned,control_datapath_split,tritonpart,net5297,21,18,3,3,generated_control;generated_datapath;unclassified,infrastructure,0,0,0.000000,0.000000,0.000000,0.385989,1.157967,1.500,4.500000,426.440,60.920
scr1_core_tuned,control_datapath_split,tritonpart,net5301,13,4,9,4,generated_control;generated_datapath,infrastructure,0,0,0.000000,0.000000,0.000000,0.348444,1.393777,1.500,6.000000,331.840,102.105
scr1_core_tuned,control_datapath_split,tritonpart,net5308,14,12,2,2,generated_control,infrastructure,0,0,0.000000,0.000000,0.000000,0.279999,0.559998,1.200,2.400000,53.200,7.600
scr1_core_tuned,control_datapath_split,tritonpart,net5315,13,11,2,2,generated_control;generated_datapath,infrastructure,0,0,0.000000,0.000000,0.000000,0.382179,0.764358,1.500,3.000000,428.600,65.938
scr1_core_tuned,control_datapath_split,tritonpart,net5317,9,6,3,3,generated_control;generated_datapath;unclassified,infrastructure,0,0,0.000000,0.000000,0.000000,0.410048,1.230144,1.500,4.500000,634.740,211.580
scr1_core_tuned,control_datapath_split,tritonpart,net5318,9,7,2,2,generated_control;generated_datapath;unclassified,infrastructure,0,0,0.000000,0.000000,0.000000,0.384877,0.769753,1.500,3.000000,233.760,51.947
scr1_core_tuned,control_datapath_split,tritonpart,net5324,8,7,1,1,generated_control;generated_datapath;unclassified,infrastructure,0,0,0.000000,0.000000,0.000000,0.309509,0.309509,1.500,1.500000,331.580,41.447
scr1_core_tuned,control_datapath_split,tritonpart,net5328,40,38,2,2,generated_control;generated_datapath;unclassified,infrastructure,0,0,0.000000,0.000000,0.000000,0.507256,1.014512,1.500,3.000000,715.060,35.753
scr1_core_tuned,control_datapath_split,tritonpart,net5329,6,5,1,1,generated_control;generated_datapath,infrastructure,0,0,0.000000,0.000000,0.000000,0.334809,0.334809,1.500,1.500000,357.240,59.540
scr1_core_tuned,control_datapath_split,tritonpart,net5331,13,12,1,1,generated_control;generated_datapath;unclassified,infrastructure,0,0,0.000000,0.000000,0.000000,0.374203,0.374203,1.500,1.500000,342.020,26.309
scr1_core_tuned,control_datapath_split,tritonpart,net5333,14,11,3,3,generated_control;generated_datapath,infrastructure,0,0,0.000000,0.000000,0.000000,0.351976,1.055928,1.500,4.500000,328.240,70.337
scr1_core_tuned,control_datapath_split,tritonpart,net5351,8,7,1,1,generated_control;generated_datapath,infrastructure,0,0,0.000000,0.000000,0.000000,0.322829,0.322829,1.500,1.500000,176.820,22.102
scr1_core_tuned,control_datapath_split,tritonpart,net5352,8,7,1,1,generated_control,infrastructure,0,0,0.000000,0.000000,0.000000,0.264447,0.264447,1.200,1.200000,94.140,11.768
scr1_core_tuned,control_datapath_split,tritonpart,net5369,22,21,1,1,generated_control;generated_datapath,infrastructure,0,0,0.000000,0.000000,0.000000,0.400106,0.400106,1.500,1.500000,137.500,6.250
scr1_core_tuned,control_datapath_split,tritonpart,net5370,21,18,3,3,generated_control;generated_datapath,infrastructure,0,0,0.000000,0.000000,0.000000,0.426462,1.279387,1.500,4.500000,155.480,22.211
scr1_core_tuned,control_datapath_split,tritonpart,net5377,7,6,1,1,generated_control;generated_datapath;unclassified,infrastructure,0,0,0.014925,0.104475,0.014925,0.295672,0.295672,1.500,1.500000,335.040,47.863
scr1_core_tuned,control_datapath_split,tritonpart,net5378,40,29,11,11,generated_control;generated_datapath;unclassified,infrastructure,0,0,0.000000,0.000000,0.000000,0.418169,4.599858,1.500,16.500000,268.280,73.777
scr1_core_tuned,control_datapath_split,tritonpart,net5379,30,29,1,1,generated_control;generated_datapath;unclassified,infrastructure,0,0,0.000000,0.000000,0.000000,0.402852,0.402852,1.500,1.500000,443.620,14.787
scr1_core_tuned,control_datapath_split,tritonpart,net5385,3,2,1,1,generated_control;generated_datapath,infrastructure,0,0,0.000000,0.000000,0.000000,0.196991,0.196991,1.500,1.500000,86.740,28.913
scr1_core_tuned,control_datapath_split,tritonpart,net5387,3,2,1,1,generated_control,infrastructure,0,0,0.000000,0.000000,0.000000,0.138739,0.138739,1.200,1.200000,13.640,4.547
scr1_core_tuned,control_datapath_split,tritonpart,net5391,41,39,2,2,generated_control;generated_datapath;unclassified,infrastructure,0,0,0.000000,0.000000,0.000000,0.435663,0.871327,1.500,3.000000,400.120,19.518
scr1_core_tuned,control_datapath_split,tritonpart,net5393,15,12,3,3,generated_control;generated_datapath;unclassified,infrastructure,0,0,0.000000,0.000000,0.000000,0.318783,0.956350,1.500,4.500000,259.540,51.908
scr1_core_tuned,control_datapath_split,tritonpart,net5394,31,26,5,5,csr;generated_control;generated_datapath;unclassified,control;infrastructure,0,0,0.000000,0.000000,0.000000,0.401901,2.009506,2.500,12.500000,313.720,50.600
scr1_core_tuned,control_datapath_split,tritonpart,net5395,7,6,1,1,generated_control;generated_datapath,infrastructure,0,0,0.000000,0.000000,0.000000,0.265875,0.265875,1.500,1.500000,185.500,26.500
scr1_core_tuned,control_datapath_split,tritonpart,net5408,9,6,3,3,generated_control;generated_datapath,infrastructure,0,0,0.000000,0.000000,0.000000,0.252344,0.757033,1.500,4.500000,109.000,36.333
scr1_core_tuned,control_datapath_split,tritonpart,net5414,16,15,1,1,generated_control;generated_datapath,infrastructure,0,0,0.000000,0.000000,0.000000,0.318163,0.318163,1.500,1.500000,223.460,13.966
scr1_core_tuned,control_datapath_split,tritonpart,net5415,11,10,1,1,generated_control;generated_datapath;unclassified,infrastructure,0,0,0.000000,0.000000,0.000000,0.300250,0.300250,1.500,1.500000,226.240,20.567
scr1_core_tuned,control_datapath_split,tritonpart,net5417,11,10,1,1,generated_control;generated_datapath,infrastructure,0,0,0.000000,0.000000,0.000000,0.286924,0.286924,1.500,1.500000,131.540,11.958
scr1_core_tuned,control_datapath_split,tritonpart,net5419,6,3,3,3,generated_control;unclassified,infrastructure,0,0,0.000000,0.000000,0.000000,0.275471,0.826414,1.200,3.600000,258.080,129.040
scr1_core_tuned,control_datapath_split,tritonpart,net5422,9,2,7,2,generated_control;generated_datapath,infrastructure,0,0,0.000000,0.000000,0.000000,0.276439,0.552877,1.500,3.000000,238.600,53.022
scr1_core_tuned,control_datapath_split,tritonpart,net5424,12,7,5,5,generated_control;generated_datapath,infrastructure,0,0,0.000000,0.000000,0.000000,0.400580,2.002902,1.500,7.500000,160.100,66.708
scr1_core_tuned,control_datapath_split,tritonpart,net5428,25,2,23,2,generated_control;generated_datapath,infrastructure,0,0,0.000000,0.000000,0.000000,0.427282,0.854565,1.500,3.000000,463.400,37.072
scr1_core_tuned,control_datapath_split,tritonpart,net5439,17,1,16,1,csr;generated_control;generated_datapath,control;infrastructure,0,0,0.000000,0.000000,0.000000,0.339660,0.339660,2.500,2.500000,381.600,22.447
scr1_core_tuned,control_datapath_split,tritonpart,net5465,12,6,6,6,generated_control;generated_datapath;unclassified,infrastructure,0,0,0.077788,0.828978,0.466727,0.222108,1.332645,1.500,9.000000,90.220,45.110
scr1_core_tuned,control_datapath_split,tritonpart,net5470,30,19,11,11,generated_control;generated_datapath;unclassified,infrastructure,0,0,0.000000,0.000000,0.000000,0.416978,4.586763,1.500,16.500000,304.560,111.672
scr1_core_tuned,control_datapath_split,tritonpart,net5472,23,1,22,1,generated_control;generated_datapath;unclassified,infrastructure,0,0,0.000000,0.000000,0.000000,0.338050,0.338050,1.500,1.500000,254.240,11.054
scr1_core_tuned,control_datapath_split,tritonpart,net5475,13,4,9,4,generated_control;generated_datapath;unclassified,infrastructure,0,0,0.000000,0.000000,0.000000,0.254857,1.019429,1.500,6.000000,67.340,20.720
scr1_core_tuned,control_datapath_split,tritonpart,net5496,17,7,10,7,generated_control;generated_datapath,infrastructure,0,0,0.000000,0.000000,0.000000,0.325912,2.281382,1.500,10.500000,165.980,68.345
scr1_core_tuned,control_datapath_split,tritonpart,net5505,7,2,5,2,generated_control;generated_datapath,infrastructure,0,0,0.000000,0.000000,0.000000,0.343657,0.687314,1.500,3.000000,345.400,98.686
scr1_core_tuned,control_datapath_split,tritonpart,net5676,38,35,3,3,clock_reset;generated_control,control;infrastructure,0,1,0.002300,0.027868,0.006899,0.050886,0.152658,5.000,15.000000,107.640,8.498
scr1_core_tuned,control_datapath_split,asa_rv3d,_04250_,3,2,1,1,generated_control,infrastructure,0,0,0.000000,0.000000,0.000000,0.189221,0.189221,1.200,1.200000,62.440,20.813
scr1_core_tuned,control_datapath_split,asa_rv3d,_04262_,9,8,1,1,generated_control;generated_datapath,infrastructure,0,0,0.000000,0.000000,0.000000,0.367066,0.367066,1.500,1.500000,173.820,19.313
scr1_core_tuned,control_datapath_split,asa_rv3d,_04273_,5,3,2,2,generated_control;generated_datapath,infrastructure,0,0,0.000000,0.000000,0.000000,0.294623,0.589245,1.500,3.000000,359.760,143.904
scr1_core_tuned,control_datapath_split,asa_rv3d,_04300_,4,3,1,1,generated_control,infrastructure,0,0,0.000000,0.000000,0.000000,0.305827,0.305827,1.200,1.200000,264.000,66.000
scr1_core_tuned,control_datapath_split,asa_rv3d,_04303_,2,1,1,1,generated_control,infrastructure,0,0,0.000000,0.000000,0.000000,0.248441,0.248441,1.200,1.200000,16.020,8.010
scr1_core_tuned,control_datapath_split,asa_rv3d,_04304_,3,2,1,1,generated_control,infrastructure,0,0,0.000000,0.000000,0.000000,0.352443,0.352443,1.200,1.200000,260.820,86.940
scr1_core_tuned,control_datapath_split,asa_rv3d,_04360_,2,1,1,1,generated_control;generated_datapath,infrastructure,0,0,0.000000,0.000000,0.000000,0.432215,0.432215,1.500,1.500000,153.040,76.520
scr1_core_tuned,control_datapath_split,asa_rv3d,_04385_,2,1,1,1,generated_control;unclassified,infrastructure,0,0,0.000000,0.000000,0.000000,0.243537,0.243537,1.200,1.200000,266.560,133.280
scr1_core_tuned,control_datapath_split,asa_rv3d,_04595_,2,1,1,1,generated_control,infrastructure,0,0,0.000000,0.000000,0.000000,0.243736,0.243736,1.200,1.200000,229.540,114.770
scr1_core_tuned,control_datapath_split,asa_rv3d,_04642_,3,2,1,1,generated_control;unclassified,infrastructure,0,0,0.000000,0.000000,0.000000,0.274947,0.274947,1.200,1.200000,79.360,26.453
scr1_core_tuned,control_datapath_split,asa_rv3d,_04691_,2,1,1,1,generated_control,infrastructure,0,0,0.000000,0.000000,0.000000,0.190458,0.190458,1.200,1.200000,11.380,5.690
scr1_core_tuned,control_datapath_split,asa_rv3d,_04869_,3,1,2,1,generated_control;generated_datapath,infrastructure,0,0,0.000000,0.000000,0.000000,0.282048,0.282048,1.500,1.500000,9.540,3.180
scr1_core_tuned,control_datapath_split,asa_rv3d,_04960_,3,2,1,1,generated_control,infrastructure,0,0,0.000000,0.000000,0.000000,0.267979,0.267979,1.200,1.200000,12.420,4.140
scr1_core_tuned,control_datapath_split,asa_rv3d,_05367_,3,2,1,1,generated_control;generated_datapath,infrastructure,0,0,0.000000,0.000000,0.000000,0.279682,0.279682,1.500,1.500000,41.320,13.773
scr1_core_tuned,control_datapath_split,asa_rv3d,_05407_,3,2,1,1,generated_control;generated_datapath,infrastructure,0,0,0.000000,0.000000,0.000000,0.247243,0.247243,1.500,1.500000,33.120,11.040
scr1_core_tuned,control_datapath_split,asa_rv3d,_05408_,3,2,1,1,generated_control;generated_datapath,infrastructure,0,0,0.000000,0.000000,0.000000,0.265930,0.265930,1.500,1.500000,39.560,13.187
scr1_core_tuned,control_datapath_split,asa_rv3d,_05409_,5,3,2,2,generated_control,infrastructure,0,0,0.000000,0.000000,0.000000,0.305205,0.610410,1.200,2.400000,242.260,96.904
scr1_core_tuned,control_datapath_split,asa_rv3d,_05449_,4,3,1,1,generated_control;unclassified,infrastructure,0,0,0.000000,0.000000,0.000000,0.406663,0.406663,1.200,1.200000,586.160,146.540
scr1_core_tuned,control_datapath_split,asa_rv3d,_05453_,4,3,1,1,generated_control;generated_datapath;unclassified,infrastructure,0,0,0.000000,0.000000,0.000000,0.441622,0.441622,1.500,1.500000,295.960,73.990
scr1_core_tuned,control_datapath_split,asa_rv3d,_05803_,5,1,4,1,generated_control;generated_datapath,infrastructure,0,0,0.000000,0.000000,0.000000,0.339832,0.339832,1.500,1.500000,241.880,48.376
scr1_core_tuned,control_datapath_split,asa_rv3d,_05826_,4,1,3,1,generated_control,infrastructure,0,0,0.000000,0.000000,0.000000,0.252761,0.252761,1.200,1.200000,90.660,22.665
scr1_core_tuned,control_datapath_split,asa_rv3d,_05829_,2,1,1,1,generated_control,infrastructure,0,0,0.000000,0.000000,0.000000,0.277182,0.277182,1.200,1.200000,3.180,1.590
scr1_core_tuned,control_datapath_split,asa_rv3d,_05861_,5,1,4,1,generated_control;generated_datapath,infrastructure,0,0,0.000000,0.000000,0.000000,0.274236,0.274236,1.500,1.500000,155.400,31.080
scr1_core_tuned,control_datapath_split,asa_rv3d,_05910_,3,2,1,1,generated_control;generated_datapath;unclassified,infrastructure,0,0,0.000000,0.000000,0.000000,0.249729,0.249729,1.500,1.500000,76.780,25.593
scr1_core_tuned,control_datapath_split,asa_rv3d,_05925_,2,1,1,1,generated_control,infrastructure,0,0,0.000000,0.000000,0.000000,0.269031,0.269031,1.200,1.200000,2.720,1.360
scr1_core_tuned,control_datapath_split,asa_rv3d,_06041_,2,1,1,1,generated_control;generated_datapath,infrastructure,0,0,0.000000,0.000000,0.000000,0.252568,0.252568,1.500,1.500000,4.560,2.280
scr1_core_tuned,control_datapath_split,asa_rv3d,_06044_,2,1,1,1,generated_control;unclassified,infrastructure,0,0,0.000000,0.000000,0.000000,0.299887,0.299887,1.200,1.200000,5.480,2.740
scr1_core_tuned,control_datapath_split,asa_rv3d,_06046_,6,5,1,1,generated_control;unclassified,infrastructure,0,0,0.000000,0.000000,0.000000,0.260379,0.260379,1.200,1.200000,52.220,8.703
scr1_core_tuned,control_datapath_split,asa_rv3d,_06047_,6,4,2,2,generated_control;unclassified,infrastructure,0,0,0.000000,0.000000,0.000000,0.248924,0.497848,1.200,2.400000,60.140,20.047
scr1_core_tuned,control_datapath_split,asa_rv3d,_06118_,3,1,2,1,generated_control;generated_datapath;unclassified,infrastructure,0,0,0.000000,0.000000,0.000000,0.194719,0.194719,1.500,1.500000,74.760,24.920
scr1_core_tuned,control_datapath_split,asa_rv3d,_06119_,4,1,3,1,generated_control;unclassified,infrastructure,0,0,0.000000,0.000000,0.000000,0.247488,0.247488,1.200,1.200000,56.280,14.070
scr1_core_tuned,control_datapath_split,asa_rv3d,_06120_,4,1,3,1,generated_control;generated_datapath,infrastructure,0,0,0.000000,0.000000,0.000000,0.169876,0.169876,1.500,1.500000,14.560,3.640
scr1_core_tuned,control_datapath_split,asa_rv3d,_11041_,2,1,1,1,generated_control,infrastructure,0,0,0.000000,0.000000,0.000000,0.262340,0.262340,1.200,1.200000,2.720,1.360
scr1_core_tuned,control_datapath_split,asa_rv3d,_11055_,5,3,2,2,generated_control;generated_datapath;unclassified,infrastructure,0,0,0.000000,0.000000,0.000000,0.300894,0.601788,1.500,3.000000,115.520,46.208
scr1_core_tuned,control_datapath_split,asa_rv3d,_12026_,24,23,1,1,generated_control;generated_datapath,infrastructure,0,0,0.000000,0.000000,0.000000,0.286618,0.286618,1.500,1.500000,72.020,3.001
scr1_core_tuned,control_datapath_split,asa_rv3d,_12029_,10,9,1,1,generated_control,infrastructure,0,0,0.000000,0.000000,0.000000,0.268158,0.268158,1.200,1.200000,59.140,5.914
scr1_core_tuned,control_datapath_split,asa_rv3d,_12106_,2,1,1,1,generated_control;generated_datapath,infrastructure,0,0,0.000000,0.000000,0.000000,0.226044,0.226044,1.500,1.500000,27.200,13.600
scr1_core_tuned,control_datapath_split,asa_rv3d,_12108_,2,1,1,1,generated_control,infrastructure,0,0,0.000000,0.000000,0.000000,0.249113,0.249113,1.200,1.200000,3.640,1.820
scr1_core_tuned,control_datapath_split,asa_rv3d,_12113_,6,5,1,1,generated_control;generated_datapath,infrastructure,0,0,0.000000,0.000000,0.000000,0.235785,0.235785,1.500,1.500000,223.520,37.253
scr1_core_tuned,control_datapath_split,asa_rv3d,_12132_,2,1,1,1,generated_control,infrastructure,0,0,0.000000,0.000000,0.000000,0.288300,0.288300,1.200,1.200000,6.820,3.410
scr1_core_tuned,control_datapath_split,asa_rv3d,_12159_,13,12,1,1,generated_control;generated_datapath;unclassified,infrastructure,0,0,0.000000,0.000000,0.000000,0.301364,0.301364,1.500,1.500000,273.360,21.028
scr1_core_tuned,control_datapath_split,asa_rv3d,_12211_,2,1,1,1,generated_control,infrastructure,0,0,0.000000,0.000000,0.000000,0.240851,0.240851,1.200,1.200000,4.560,2.280
scr1_core_tuned,control_datapath_split,asa_rv3d,_12212_,2,1,1,1,generated_control;generated_datapath,infrastructure,0,0,0.000000,0.000000,0.000000,0.234534,0.234534,1.500,1.500000,3.220,1.610
scr1_core_tuned,control_datapath_split,asa_rv3d,_12213_,2,1,1,1,generated_control,infrastructure,0,0,0.000000,0.000000,0.000000,0.296071,0.296071,1.200,1.200000,7.740,3.870
scr1_core_tuned,control_datapath_split,asa_rv3d,_12277_,2,1,1,1,generated_control;generated_datapath,infrastructure,0,0,0.000000,0.000000,0.000000,0.232563,0.232563,1.500,1.500000,25.860,12.930
scr1_core_tuned,control_datapath_split,asa_rv3d,_12278_,2,1,1,1,generated_control;unclassified,infrastructure,0,0,0.165883,0.165883,0.165883,0.283794,0.283794,1.200,1.200000,123.020,61.510
scr1_core_tuned,control_datapath_split,asa_rv3d,_12400_,2,1,1,1,generated_control,infrastructure,0,0,0.000000,0.000000,0.000000,0.320656,0.320656,1.200,1.200000,7.280,3.640
scr1_core_tuned,control_datapath_split,asa_rv3d,_12440_,2,1,1,1,generated_control;generated_datapath,infrastructure,0,0,0.000000,0.000000,0.000000,0.283564,0.283564,1.500,1.500000,50.060,25.030
scr1_core_tuned,control_datapath_split,asa_rv3d,_12507_,3,2,1,1,generated_datapath;unclassified,infrastructure,0,0,0.000000,0.000000,0.000000,0.359330,0.359330,1.500,1.500000,104.720,34.907
scr1_core_tuned,control_datapath_split,asa_rv3d,_12647_,2,1,1,1,generated_control;unclassified,infrastructure,0,0,0.000000,0.000000,0.000000,0.255371,0.255371,1.200,1.200000,147.660,73.830
scr1_core_tuned,control_datapath_split,asa_rv3d,_12659_,2,1,1,1,generated_datapath;unclassified,infrastructure,0,0,0.000000,0.000000,0.000000,0.260800,0.260800,1.500,1.500000,4.100,2.050
scr1_core_tuned,control_datapath_split,asa_rv3d,_12720_,2,1,1,1,generated_control;unclassified,infrastructure,0,0,0.152873,0.152873,0.152873,0.314236,0.314236,1.200,1.200000,140.920,70.460
scr1_core_tuned,control_datapath_split,asa_rv3d,_12768_,2,1,1,1,generated_control;generated_datapath,infrastructure,0,0,0.000000,0.000000,0.000000,0.281836,0.281836,1.500,1.500000,97.360,48.680
scr1_core_tuned,control_datapath_split,asa_rv3d,_12784_,2,1,1,1,generated_control;unclassified,infrastructure,0,0,0.000000,0.000000,0.000000,0.280606,0.280606,1.200,1.200000,93.100,46.550
scr1_core_tuned,control_datapath_split,asa_rv3d,_12792_,2,1,1,1,generated_control,infrastructure,0,0,0.000000,0.000000,0.000000,0.255900,0.255900,1.200,1.200000,3.180,1.590
scr1_core_tuned,control_datapath_split,asa_rv3d,_12866_,2,1,1,1,generated_datapath,infrastructure,0,0,0.000000,0.000000,0.000000,0.364113,0.364113,1.500,1.500000,103.460,51.730
scr1_core_tuned,control_datapath_split,asa_rv3d,_12874_,2,1,1,1,generated_datapath;unclassified,infrastructure,0,0,0.000000,0.000000,0.000000,0.308948,0.308948,1.500,1.500000,18.400,9.200
scr1_core_tuned,control_datapath_split,asa_rv3d,_12960_,2,1,1,1,generated_datapath,infrastructure,0,0,0.029469,0.058937,0.029469,0.374409,0.374409,1.500,1.500000,285.620,142.810
scr1_core_tuned,control_datapath_split,asa_rv3d,_13063_,2,1,1,1,generated_control;generated_datapath,infrastructure,0,0,0.000000,0.000000,0.000000,0.291820,0.291820,1.500,1.500000,21.120,10.560
scr1_core_tuned,control_datapath_split,asa_rv3d,_13108_,2,1,1,1,generated_datapath,infrastructure,0,0,0.000000,0.000000,0.000000,0.366810,0.366810,1.500,1.500000,116.720,58.360
scr1_core_tuned,control_datapath_split,asa_rv3d,_13121_,2,1,1,1,generated_control;generated_datapath,infrastructure,0,0,0.000000,0.000000,0.000000,0.282498,0.282498,1.500,1.500000,177.440,88.720
scr1_core_tuned,control_datapath_split,asa_rv3d,_13195_,2,1,1,1,generated_control;generated_datapath,infrastructure,0,0,0.000000,0.000000,0.000000,0.311411,0.311411,1.500,1.500000,133.400,66.700
scr1_core_tuned,control_datapath_split,asa_rv3d,_13245_,2,1,1,1,generated_datapath,infrastructure,0,0,0.000000,0.000000,0.000000,0.349266,0.349266,1.500,1.500000,160.540,80.270
scr1_core_tuned,control_datapath_split,asa_rv3d,_13274_,2,1,1,1,generated_control,infrastructure,0,0,0.000000,0.000000,0.000000,0.301952,0.301952,1.200,1.200000,51.440,25.720
scr1_core_tuned,control_datapath_split,asa_rv3d,_13325_,3,2,1,1,generated_control;generated_datapath,infrastructure,0,0,0.000000,0.000000,0.000000,0.231855,0.231855,1.500,1.500000,11.500,3.833
scr1_core_tuned,control_datapath_split,asa_rv3d,_13326_,2,1,1,1,generated_control;generated_datapath,infrastructure,0,0,0.000000,0.000000,0.000000,0.156594,0.156594,1.500,1.500000,38.480,19.240
scr1_core_tuned,control_datapath_split,asa_rv3d,_13328_,2,1,1,1,generated_datapath,infrastructure,0,0,0.000000,0.000000,0.000000,0.335706,0.335706,1.500,1.500000,22.960,11.480
scr1_core_tuned,control_datapath_split,asa_rv3d,_13363_,2,1,1,1,generated_datapath;unclassified,infrastructure,0,0,0.000000,0.000000,0.000000,0.359878,0.359878,1.500,1.500000,132.600,66.300
scr1_core_tuned,control_datapath_split,asa_rv3d,_13364_,2,1,1,1,generated_control;generated_datapath,infrastructure,0,0,0.000000,0.000000,0.000000,0.419772,0.419772,1.500,1.500000,146.460,73.230
scr1_core_tuned,control_datapath_split,asa_rv3d,_13394_,2,1,1,1,generated_datapath,infrastructure,0,0,0.000000,0.000000,0.000000,0.372496,0.372496,1.500,1.500000,159.880,79.940
scr1_core_tuned,control_datapath_split,asa_rv3d,_13401_,2,1,1,1,generated_datapath;unclassified,infrastructure,0,0,0.000000,0.000000,0.000000,0.304376,0.304376,1.500,1.500000,12.420,6.210
scr1_core_tuned,control_datapath_split,asa_rv3d,_13427_,2,1,1,1,generated_datapath,infrastructure,0,0,0.000000,0.000000,0.000000,0.381027,0.381027,1.500,1.500000,206.540,103.270
scr1_core_tuned,control_datapath_split,asa_rv3d,_13462_,2,1,1,1,generated_control;generated_datapath,infrastructure,0,0,0.000000,0.000000,0.000000,0.288614,0.288614,1.500,1.500000,184.920,92.460
scr1_core_tuned,control_datapath_split,asa_rv3d,_13491_,2,1,1,1,generated_datapath;unclassified,infrastructure,0,0,0.000000,0.000000,0.000000,0.326683,0.326683,1.500,1.500000,212.660,106.330
scr1_core_tuned,control_datapath_split,asa_rv3d,_13527_,2,1,1,1,generated_control;generated_datapath,infrastructure,0,0,0.000000,0.000000,0.000000,0.250935,0.250935,1.500,1.500000,248.180,124.090
scr1_core_tuned,control_datapath_split,asa_rv3d,_13579_,2,1,1,1,generated_control;generated_datapath,infrastructure,0,0,0.000000,0.000000,0.000000,0.312016,0.312016,1.500,1.500000,183.840,91.920
scr1_core_tuned,control_datapath_split,asa_rv3d,_13584_,2,1,1,1,generated_control;generated_datapath,infrastructure,0,0,0.000000,0.000000,0.000000,0.413989,0.413989,1.500,1.500000,76.360,38.180
scr1_core_tuned,control_datapath_split,asa_rv3d,_13618_,2,1,1,1,generated_datapath,infrastructure,0,0,0.000000,0.000000,0.000000,0.353869,0.353869,1.500,1.500000,172.040,86.020
scr1_core_tuned,control_datapath_split,asa_rv3d,_13653_,2,1,1,1,generated_datapath,infrastructure,0,0,0.000000,0.000000,0.000000,0.347022,0.347022,1.500,1.500000,194.540,97.270
scr1_core_tuned,control_datapath_split,asa_rv3d,_13684_,2,1,1,1,generated_datapath,infrastructure,0,0,0.000000,0.000000,0.000000,0.351785,0.351785,1.500,1.500000,198.180,99.090
scr1_core_tuned,control_datapath_split,asa_rv3d,_13719_,2,1,1,1,generated_datapath,infrastructure,0,0,0.000000,0.000000,0.000000,0.302700,0.302700,1.500,1.500000,113.360,56.680
scr1_core_tuned,control_datapath_split,asa_rv3d,_13724_,2,1,1,1,generated_control;generated_datapath,infrastructure,0,0,0.000000,0.000000,0.000000,0.420359,0.420359,1.500,1.500000,161.460,80.730
scr1_core_tuned,control_datapath_split,asa_rv3d,_13736_,2,1,1,1,generated_control;generated_datapath,infrastructure,0,0,0.000000,0.000000,0.000000,0.174565,0.174565,1.500,1.500000,125.600,62.800
scr1_core_tuned,control_datapath_split,asa_rv3d,_13738_,2,1,1,1,generated_datapath;unclassified,infrastructure,0,0,0.000000,0.000000,0.000000,0.310823,0.310823,1.500,1.500000,33.040,16.520
scr1_core_tuned,control_datapath_split,asa_rv3d,_13756_,2,1,1,1,generated_control;unclassified,infrastructure,0,0,0.000000,0.000000,0.000000,0.281723,0.281723,1.200,1.200000,5.940,2.970
scr1_core_tuned,control_datapath_split,asa_rv3d,_13771_,3,2,1,1,generated_control;generated_datapath;unclassified,infrastructure,0,0,0.000000,0.000000,0.000000,0.307291,0.307291,1.500,1.500000,183.260,61.087
scr1_core_tuned,control_datapath_split,asa_rv3d,_13795_,8,7,1,1,generated_control,infrastructure,0,0,0.000000,0.000000,0.000000,0.270507,0.270507,1.200,1.200000,48.640,6.080
scr1_core_tuned,control_datapath_split,asa_rv3d,_13851_,10,9,1,1,generated_control,infrastructure,0,0,0.000000,0.000000,0.000000,0.279880,0.279880,1.200,1.200000,51.780,5.178
scr1_core_tuned,control_datapath_split,asa_rv3d,_13884_,10,9,1,1,generated_control,infrastructure,0,0,0.000000,0.000000,0.000000,0.280820,0.280820,1.200,1.200000,55.920,5.592
scr1_core_tuned,control_datapath_split,asa_rv3d,_15062_,2,1,1,1,generated_control,infrastructure,0,0,0.000000,0.000000,0.000000,0.202230,0.202230,1.200,1.200000,29.540,14.770
scr1_core_tuned,control_datapath_split,asa_rv3d,_15984_,8,1,7,1,generated_control;generated_datapath;unclassified,infrastructure,0,0,0.000000,0.000000,0.000000,0.313273,0.313273,1.500,1.500000,330.820,41.352
scr1_core_tuned,control_datapath_split,asa_rv3d,_16055_,12,3,9,3,generated_control;generated_datapath,infrastructure,0,0,0.000000,0.000000,0.000000,0.300958,0.902875,1.500,4.500000,230.360,57.590
scr1_core_tuned,control_datapath_split,asa_rv3d,_16142_,7,1,6,1,generated_control;generated_datapath,infrastructure,0,0,0.000000,0.000000,0.000000,0.291141,0.291141,1.500,1.500000,184.680,26.383
scr1_core_tuned,control_datapath_split,asa_rv3d,_16144_,6,1,5,1,generated_control;unclassified,infrastructure,0,0,0.000000,0.000000,0.000000,0.322759,0.322759,1.200,1.200000,230.360,38.393
scr1_core_tuned,control_datapath_split,asa_rv3d,_16147_,5,1,4,1,generated_control;generated_datapath,infrastructure,0,0,0.000000,0.000000,0.000000,0.227413,0.227413,1.500,1.500000,57.100,11.420
scr1_core_tuned,control_datapath_split,asa_rv3d,_16220_,5,1,4,1,generated_control;generated_datapath,infrastructure,0,0,0.000000,0.000000,0.000000,0.201957,0.201957,1.500,1.500000,96.520,19.304
scr1_core_tuned,control_datapath_split,asa_rv3d,_16256_,9,2,7,2,generated_control;generated_datapath;unclassified,infrastructure,0,0,0.000000,0.000000,0.000000,0.275630,0.551261,1.500,3.000000,153.820,34.182
scr1_core_tuned,control_datapath_split,asa_rv3d,_16274_,3,1,2,1,generated_control,infrastructure,0,0,0.000000,0.000000,0.000000,0.304103,0.304103,1.200,1.200000,68.080,22.693
scr1_core_tuned,control_datapath_split,asa_rv3d,_16275_,3,1,2,1,generated_control;generated_datapath,infrastructure,0,0,0.000000,0.000000,0.000000,0.249147,0.249147,1.500,1.500000,25.900,8.633
scr1_core_tuned,control_datapath_split,asa_rv3d,_16276_,2,1,1,1,generated_control;generated_datapath,infrastructure,0,0,0.000000,0.000000,0.000000,0.214961,0.214961,1.500,1.500000,5.060,2.530
scr1_core_tuned,control_datapath_split,asa_rv3d,_16280_,5,4,1,1,generated_control,infrastructure,0,0,0.000000,0.000000,0.000000,0.268748,0.268748,1.200,1.200000,76.180,15.236
scr1_core_tuned,control_datapath_split,asa_rv3d,_16286_,3,2,1,1,generated_control;generated_datapath,infrastructure,0,0,0.000000,0.000000,0.000000,0.268066,0.268066,1.500,1.500000,41.360,13.787
scr1_core_tuned,control_datapath_split,asa_rv3d,_16290_,5,3,2,2,generated_control;generated_datapath,infrastructure,0,0,0.000000,0.000000,0.000000,0.328534,0.657069,1.500,3.000000,62.400,24.960
scr1_core_tuned,control_datapath_split,asa_rv3d,_16291_,7,6,1,1,generated_control;generated_datapath,infrastructure,0,0,0.000000,0.000000,0.000000,0.251845,0.251845,1.500,1.500000,107.600,15.371
scr1_core_tuned,control_datapath_split,asa_rv3d,_16339_,3,1,2,1,generated_control;generated_datapath,infrastructure,0,0,0.000000,0.000000,0.000000,0.347571,0.347571,1.500,1.500000,119.520,39.840
scr1_core_tuned,control_datapath_split,asa_rv3d,_16359_,7,6,1,1,generated_control;generated_datapath;unclassified,infrastructure,0,0,0.000000,0.000000,0.000000,0.279885,0.279885,1.500,1.500000,99.500,14.214
scr1_core_tuned,control_datapath_split,asa_rv3d,_16369_,2,1,1,1,generated_control;generated_datapath,infrastructure,0,0,0.000000,0.000000,0.000000,0.255879,0.255879,1.500,1.500000,7.820,3.910
scr1_core_tuned,control_datapath_split,asa_rv3d,_16375_,5,4,1,1,generated_control;generated_datapath,infrastructure,0,0,0.000000,0.000000,0.000000,0.255023,0.255023,1.500,1.500000,97.700,19.540
scr1_core_tuned,control_datapath_split,asa_rv3d,_16379_,8,7,1,1,generated_datapath,infrastructure,0,0,0.116682,0.828978,0.116682,0.217576,0.217576,1.500,1.500000,39.320,4.915
scr1_core_tuned,control_datapath_split,asa_rv3d,_16380_,2,1,1,1,generated_control,infrastructure,0,0,0.000000,0.000000,0.000000,0.256466,0.256466,1.200,1.200000,1.380,0.690
scr1_core_tuned,control_datapath_split,asa_rv3d,_16382_,8,6,2,2,generated_control;generated_datapath,infrastructure,0,0,0.233363,0.933453,0.466726,0.235639,0.471278,1.500,3.000000,64.120,16.030
scr1_core_tuned,control_datapath_split,asa_rv3d,_16383_,4,3,1,1,generated_control;generated_datapath,infrastructure,0,0,0.000000,0.000000,0.000000,0.170978,0.170978,1.500,1.500000,27.520,6.880
scr1_core_tuned,control_datapath_split,asa_rv3d,_16389_,2,1,1,1,generated_control;unclassified,infrastructure,0,0,0.000000,0.000000,0.000000,0.197260,0.197260,1.200,1.200000,7.820,3.910
scr1_core_tuned,control_datapath_split,asa_rv3d,_16400_,3,2,1,1,generated_control;generated_datapath,infrastructure,0,0,0.000000,0.000000,0.000000,0.207867,0.207867,1.500,1.500000,56.500,18.833
scr1_core_tuned,control_datapath_split,asa_rv3d,_16402_,3,2,1,1,generated_control;generated_datapath,infrastructure,0,0,0.000000,0.000000,0.000000,0.212279,0.212279,1.500,1.500000,39.480,13.160
scr1_core_tuned,control_datapath_split,asa_rv3d,_16409_,6,5,1,1,generated_control;generated_datapath;unclassified,infrastructure,0,0,0.000000,0.000000,0.000000,0.253684,0.253684,1.500,1.500000,59.680,9.947
scr1_core_tuned,control_datapath_split,asa_rv3d,_16414_,5,4,1,1,generated_control;generated_datapath,infrastructure,0,0,0.000000,0.000000,0.000000,0.280804,0.280804,1.500,1.500000,68.000,13.600
scr1_core_tuned,control_datapath_split,asa_rv3d,_16443_,3,2,1,1,generated_control;generated_datapath,infrastructure,0,0,0.000000,0.000000,0.000000,0.183684,0.183684,1.500,1.500000,49.980,16.660
scr1_core_tuned,control_datapath_split,asa_rv3d,_16454_,2,1,1,1,generated_control;generated_datapath,infrastructure,0,0,0.000000,0.000000,0.000000,0.194571,0.194571,1.500,1.500000,10.040,5.020
scr1_core_tuned,control_datapath_split,asa_rv3d,_16581_,5,4,1,1,generated_control;generated_datapath,infrastructure,0,0,0.000000,0.000000,0.000000,0.358096,0.358096,1.500,1.500000,496.060,99.212
scr1_core_tuned,control_datapath_split,asa_rv3d,_16591_,6,1,5,1,generated_control;generated_datapath,infrastructure,0,0,0.000000,0.000000,0.000000,0.290790,0.290790,1.500,1.500000,215.960,35.993
scr1_core_tuned,control_datapath_split,asa_rv3d,_16593_,2,1,1,1,generated_control,infrastructure,0,0,0.000000,0.000000,0.000000,0.350538,0.350538,1.200,1.200000,3.180,1.590
scr1_core_tuned,control_datapath_split,asa_rv3d,_16594_,6,4,2,2,generated_control,infrastructure,0,0,0.000000,0.000000,0.000000,0.303200,0.606399,1.200,2.400000,318.200,106.067
scr1_core_tuned,control_datapath_split,asa_rv3d,_16597_,4,2,2,2,generated_control,infrastructure,0,0,0.000000,0.000000,0.000000,0.216226,0.432453,1.200,2.400000,86.200,43.100
scr1_core_tuned,control_datapath_split,asa_rv3d,_16598_,3,2,1,1,generated_control;generated_datapath,infrastructure,0,0,0.000000,0.000000,0.000000,0.252993,0.252993,1.500,1.500000,92.520,30.840
scr1_core_tuned,control_datapath_split,asa_rv3d,_16599_,3,2,1,1,generated_control,infrastructure,0,0,0.000000,0.000000,0.000000,0.294020,0.294020,1.200,1.200000,50.380,16.793
scr1_core_tuned,control_datapath_split,asa_rv3d,_16601_,8,5,3,3,generated_control;generated_datapath,infrastructure,0,0,0.000000,0.000000,0.000000,0.266957,0.800871,1.500,4.500000,208.800,78.300
scr1_core_tuned,control_datapath_split,asa_rv3d,_16604_,4,1,3,1,generated_control,infrastructure,0,0,0.000000,0.000000,0.000000,0.197627,0.197627,1.200,1.200000,55.780,13.945
scr1_core_tuned,control_datapath_split,asa_rv3d,_16605_,3,2,1,1,generated_control,infrastructure,0,0,0.000000,0.000000,0.000000,0.197849,0.197849,1.200,1.200000,28.120,9.373
scr1_core_tuned,control_datapath_split,asa_rv3d,_16611_,3,2,1,1,generated_control;generated_datapath,infrastructure,0,0,0.000000,0.000000,0.000000,0.219766,0.219766,1.500,1.500000,16.360,5.453
scr1_core_tuned,control_datapath_split,asa_rv3d,_16617_,5,4,1,1,generated_control;unclassified,infrastructure,0,0,0.000000,0.000000,0.000000,0.196985,0.196985,1.200,1.200000,44.540,8.908
scr1_core_tuned,control_datapath_split,asa_rv3d,_16620_,5,4,1,1,generated_control,infrastructure,0,0,0.000000,0.000000,0.000000,0.176693,0.176693,1.200,1.200000,43.200,8.640
scr1_core_tuned,control_datapath_split,asa_rv3d,_16626_,6,4,2,2,generated_control;generated_datapath,infrastructure,0,0,0.000000,0.000000,0.000000,0.236255,0.472509,1.500,3.000000,19.120,6.373
scr1_core_tuned,control_datapath_split,asa_rv3d,_16631_,5,3,2,2,generated_control;generated_datapath;unclassified,infrastructure,0,0,0.000000,0.000000,0.000000,0.219880,0.439760,1.500,3.000000,19.120,7.648
scr1_core_tuned,control_datapath_split,asa_rv3d,_16639_,4,3,1,1,generated_control;generated_datapath,infrastructure,0,0,0.000000,0.000000,0.000000,0.197648,0.197648,1.500,1.500000,50.780,12.695
scr1_core_tuned,control_datapath_split,asa_rv3d,_16661_,3,2,1,1,generated_control,infrastructure,0,0,0.000000,0.000000,0.000000,0.193351,0.193351,1.200,1.200000,19.200,6.400
scr1_core_tuned,control_datapath_split,asa_rv3d,_16672_,3,1,2,1,generated_control;unclassified,infrastructure,0,0,0.000000,0.000000,0.000000,0.289342,0.289342,1.200,1.200000,119.140,39.713
scr1_core_tuned,control_datapath_split,asa_rv3d,_16675_,7,5,2,2,generated_control;generated_datapath,infrastructure,0,0,0.000000,0.000000,0.000000,0.247071,0.494143,1.500,3.000000,55.420,15.834
scr1_core_tuned,control_datapath_split,asa_rv3d,_16679_,3,2,1,1,generated_datapath,infrastructure,0,0,0.000000,0.000000,0.000000,0.256086,0.256086,1.500,1.500000,23.680,7.893
scr1_core_tuned,control_datapath_split,asa_rv3d,_16682_,3,2,1,1,generated_datapath,infrastructure,0,0,0.000000,0.000000,0.000000,0.182611,0.182611,1.500,1.500000,17.820,5.940
scr1_core_tuned,control_datapath_split,asa_rv3d,_16687_,5,4,1,1,generated_datapath;unclassified,infrastructure,0,0,0.000000,0.000000,0.000000,0.177982,0.177982,1.500,1.500000,29.080,5.816
scr1_core_tuned,control_datapath_split,asa_rv3d,_16690_,4,3,1,1,generated_datapath,infrastructure,0,0,0.000000,0.000000,0.000000,0.215603,0.215603,1.500,1.500000,35.340,8.835
scr1_core_tuned,control_datapath_split,asa_rv3d,_16701_,2,1,1,1,generated_control;generated_datapath,infrastructure,0,0,0.000000,0.000000,0.000000,0.128655,0.128655,1.500,1.500000,8.200,4.100
scr1_core_tuned,control_datapath_split,asa_rv3d,_16707_,5,4,1,1,generated_datapath,infrastructure,0,0,0.000000,0.000000,0.000000,0.268282,0.268282,1.500,1.500000,52.960,10.592
scr1_core_tuned,control_datapath_split,asa_rv3d,_16708_,5,4,1,1,generated_datapath,infrastructure,0,0,0.000000,0.000000,0.000000,0.222909,0.222909,1.500,1.500000,35.800,7.160
scr1_core_tuned,control_datapath_split,asa_rv3d,_16722_,12,11,1,1,generated_control;generated_datapath;unclassified,infrastructure,0,0,0.000000,0.000000,0.000000,0.311524,0.311524,1.500,1.500000,153.760,12.813
scr1_core_tuned,control_datapath_split,asa_rv3d,_16724_,2,1,1,1,generated_control,infrastructure,0,0,0.000000,0.000000,0.000000,0.179019,0.179019,1.200,1.200000,5.520,2.760
scr1_core_tuned,control_datapath_split,asa_rv3d,_16726_,5,3,2,2,generated_control;generated_datapath;unclassified,infrastructure,0,0,0.000000,0.000000,0.000000,0.372473,0.744946,1.500,3.000000,260.920,104.368
scr1_core_tuned,control_datapath_split,asa_rv3d,_16779_,3,2,1,1,generated_control;generated_datapath,infrastructure,0,0,0.000000,0.000000,0.000000,0.249852,0.249852,1.500,1.500000,8.740,2.913
scr1_core_tuned,control_datapath_split,asa_rv3d,_16953_,5,1,4,1,csr;generated_control;generated_datapath,control;infrastructure,0,0,0.000000,0.000000,0.000000,0.325009,0.325009,2.500,2.500000,292.060,58.412
scr1_core_tuned,control_datapath_split,asa_rv3d,_16955_,3,2,1,1,generated_control;generated_datapath,infrastructure,0,0,0.000000,0.000000,0.000000,0.317662,0.317662,1.500,1.500000,81.720,27.240
scr1_core_tuned,control_datapath_split,asa_rv3d,_17035_,3,1,2,1,generated_control;generated_datapath,infrastructure,0,0,0.000000,0.000000,0.000000,0.251577,0.251577,1.500,1.500000,250.760,83.587
scr1_core_tuned,control_datapath_split,asa_rv3d,_17242_,3,2,1,1,generated_control;generated_datapath,infrastructure,0,0,0.000000,0.000000,0.000000,0.285614,0.285614,1.500,1.500000,27.560,9.187
scr1_core_tuned,control_datapath_split,asa_rv3d,_17282_,3,2,1,1,generated_control;generated_datapath,infrastructure,0,0,0.000000,0.000000,0.000000,0.300056,0.300056,1.500,1.500000,79.220,26.407
scr1_core_tuned,control_datapath_split,asa_rv3d,_17283_,4,3,1,1,generated_control,infrastructure,0,0,0.000000,0.000000,0.000000,0.301142,0.301142,1.200,1.200000,305.220,76.305
scr1_core_tuned,control_datapath_split,asa_rv3d,_17308_,3,1,2,1,generated_control,infrastructure,0,0,0.000000,0.000000,0.000000,0.377429,0.377429,1.200,1.200000,115.840,38.613
scr1_core_tuned,control_datapath_split,asa_rv3d,_17343_,5,4,1,1,generated_control;generated_datapath,infrastructure,0,0,0.000000,0.000000,0.000000,0.323926,0.323926,1.500,1.500000,286.920,57.384
scr1_core_tuned,control_datapath_split,asa_rv3d,_17473_,2,1,1,1,generated_datapath,infrastructure,0,0,0.000000,0.000000,0.000000,0.293760,0.293760,1.500,1.500000,113.940,56.970
scr1_core_tuned,control_datapath_split,asa_rv3d,_17474_,2,1,1,1,generated_datapath,infrastructure,0,0,0.000000,0.000000,0.000000,0.481346,0.481346,1.500,1.500000,102.100,51.050
scr1_core_tuned,control_datapath_split,asa_rv3d,_17477_,3,1,2,1,generated_control,infrastructure,0,0,0.000000,0.000000,0.000000,0.309093,0.309093,1.200,1.200000,17.820,5.940
scr1_core_tuned,control_datapath_split,asa_rv3d,_17647_,2,1,1,1,generated_control;generated_datapath,infrastructure,0,0,0.000000,0.000000,0.000000,0.252617,0.252617,1.500,1.500000,9.160,4.580
scr1_core_tuned,control_datapath_split,asa_rv3d,_17649_,3,1,2,1,generated_control,infrastructure,0,0,0.552652,0.828978,0.552652,0.178570,0.178570,1.200,1.200000,40.860,13.620
scr1_core_tuned,control_datapath_split,asa_rv3d,_17733_,5,1,4,1,csr;fetch;generated_control;generated_datapath,control;infrastructure,0,0,0.000000,0.000000,0.000000,0.312273,0.312273,2.500,2.500000,276.260,55.252
scr1_core_tuned,control_datapath_split,asa_rv3d,_17785_,2,1,1,1,generated_control,infrastructure,0,0,0.000000,0.000000,0.000000,0.220139,0.220139,1.200,1.200000,45.440,22.720
scr1_core_tuned,control_datapath_split,asa_rv3d,_18071_,4,2,2,2,generated_control;generated_datapath;unclassified,infrastructure,0,0,0.000000,0.000000,0.000000,0.395718,0.791435,1.500,3.000000,158.820,79.410
scr1_core_tuned,control_datapath_split,asa_rv3d,_18084_,3,1,2,1,generated_control,infrastructure,0,0,0.000000,0.000000,0.000000,0.253656,0.253656,1.200,1.200000,102.040,34.013
scr1_core_tuned,control_datapath_split,asa_rv3d,_18173_,5,1,4,1,generated_control;generated_datapath,infrastructure,0,0,0.000000,0.000000,0.000000,0.344064,0.344064,1.500,1.500000,61.000,12.200
scr1_core_tuned,control_datapath_split,asa_rv3d,_18185_,5,1,4,1,generated_datapath,infrastructure,0,0,0.000000,0.000000,0.000000,0.321017,0.321017,1.500,1.500000,73.260,14.652
scr1_core_tuned,control_datapath_split,asa_rv3d,_18282_,4,2,2,2,generated_control;generated_datapath,infrastructure,0,0,0.000000,0.000000,0.000000,0.356202,0.712404,1.500,3.000000,193.040,96.520
scr1_core_tuned,control_datapath_split,asa_rv3d,_18296_,3,1,2,1,generated_control;generated_datapath,infrastructure,0,0,0.000000,0.000000,0.000000,0.301852,0.301852,1.500,1.500000,51.500,17.167
scr1_core_tuned,control_datapath_split,asa_rv3d,clknet_0_clk_pipe,5,2,3,2,clock_reset,control,0,1,0.494697,0.999148,0.989394,0.057326,0.114652,5.000,10.000000,688.200,275.280
scr1_core_tuned,control_datapath_split,asa_rv3d,clknet_4_8__leaf_clk_pipe,11,10,1,1,clock_reset,control,0,1,0.022155,0.121855,0.022155,0.054264,0.054264,5.000,5.000000,514.740,46.795
scr1_core_tuned,control_datapath_split,asa_rv3d,clknet_4_9__leaf_clk_pipe,14,13,1,1,clock_reset,control,0,1,0.033133,0.231934,0.033133,0.051196,0.051196,5.000,5.000000,385.500,27.536
scr1_core_tuned,control_datapath_split,asa_rv3d,clknet_leaf_123_clk_pipe,5,1,4,1,clock_reset;csr,control,0,1,0.000000,0.000000,0.000000,0.159255,0.159255,5.000,5.000000,8.700,1.740
scr1_core_tuned,control_datapath_split,asa_rv3d,clknet_leaf_141_clk_pipe,10,1,9,1,clock_reset,control,0,1,0.000000,0.000000,0.000000,0.029611,0.029611,5.000,5.000000,2.300,0.230
scr1_core_tuned,control_datapath_split,asa_rv3d,clknet_leaf_142_clk_pipe,12,1,11,1,clock_reset,control,0,1,0.000000,0.000000,0.000000,0.033825,0.033825,5.000,5.000000,2.720,0.227
scr1_core_tuned,control_datapath_split,asa_rv3d,clknet_leaf_143_clk_pipe,10,1,9,1,clock_reset,control,0,1,0.000000,0.000000,0.000000,0.034878,0.034878,5.000,5.000000,8.160,0.816
scr1_core_tuned,control_datapath_split,asa_rv3d,clknet_leaf_155_clk_pipe,12,5,7,5,clock_reset,control,0,1,0.000000,0.000000,0.000000,0.027546,0.137731,5.000,25.000000,0.000,0.000
scr1_core_tuned,control_datapath_split,asa_rv3d,clknet_leaf_156_clk_pipe,12,1,11,1,clock_reset,control,0,1,0.000000,0.000000,0.000000,0.026391,0.026391,5.000,5.000000,0.000,0.000
scr1_core_tuned,control_datapath_split,asa_rv3d,clknet_leaf_157_clk_pipe,9,1,8,1,clock_reset,control,0,1,0.000000,0.000000,0.000000,0.026429,0.026429,5.000,5.000000,9.540,1.060
scr1_core_tuned,control_datapath_split,asa_rv3d,clknet_leaf_158_clk_pipe,11,9,2,2,clock_reset,control,0,1,0.000000,0.000000,0.000000,0.031788,0.063576,5.000,10.000000,2.720,0.495
scr1_core_tuned,control_datapath_split,asa_rv3d,clknet_leaf_89_clk_pipe,8,2,6,2,clock_reset;csr,control,0,1,0.000000,0.000000,0.000000,0.136197,0.272395,5.000,10.000000,2.720,0.680
scr1_core_tuned,control_datapath_split,asa_rv3d,i_pipe_top.exu2csr_rw_addr[5],3,1,2,1,csr,control,0,0,0.000000,0.000000,0.000000,0.154425,0.154425,2.500,2.500000,53.820,17.940
scr1_core_tuned,control_datapath_split,asa_rv3d,i_pipe_top.exu2csr_rw_addr[7],4,1,3,1,csr,control,0,0,0.000000,0.000000,0.000000,0.202234,0.202234,2.500,2.500000,80.400,20.100
scr1_core_tuned,control_datapath_split,asa_rv3d,i_pipe_top.exu2csr_rw_addr[8],4,1,3,1,csr,control,0,0,0.000000,0.000000,0.000000,0.227110,0.227110,2.500,2.500000,69.560,17.390
scr1_core_tuned,control_datapath_split,asa_rv3d,i_pipe_top.exu2csr_rw_addr[9],4,1,3,1,csr,control,0,0,0.000000,0.000000,0.000000,0.244385,0.244385,2.500,2.500000,116.740,29.185
scr1_core_tuned,control_datapath_split,asa_rv3d,i_pipe_top.i_pipe_exu.i_ialu.exu2ialu_addr_op2_i[16],6,2,4,2,generated_control;generated_datapath,infrastructure,0,0,0.000000,0.000000,0.000000,0.362701,0.725402,1.500,3.000000,183.520,61.173
scr1_core_tuned,control_datapath_split,asa_rv3d,i_pipe_top.i_pipe_exu.i_ialu.exu2ialu_addr_op2_i[17],5,2,3,2,generated_control;generated_datapath,infrastructure,0,0,0.000000,0.000000,0.000000,0.369916,0.739832,1.500,3.000000,242.520,97.008
scr1_core_tuned,control_datapath_split,asa_rv3d,i_pipe_top.i_pipe_exu.i_ialu.exu2ialu_addr_op2_i[23],5,1,4,1,generated_control;generated_datapath,infrastructure,0,0,0.000000,0.000000,0.000000,0.354058,0.354058,1.500,1.500000,228.760,45.752
scr1_core_tuned,control_datapath_split,asa_rv3d,i_pipe_top.i_pipe_exu.i_ialu.exu2ialu_addr_op2_i[25],6,2,4,2,generated_control;generated_datapath,infrastructure,0,0,0.000000,0.000000,0.000000,0.419469,0.838937,1.500,3.000000,442.820,147.607
scr1_core_tuned,control_datapath_split,asa_rv3d,i_pipe_top.i_pipe_exu.i_ialu.exu2ialu_addr_op2_i[27],5,1,4,1,generated_control;generated_datapath,infrastructure,0,0,0.000000,0.000000,0.000000,0.354186,0.354186,1.500,1.500000,154.540,30.908
scr1_core_tuned,control_datapath_split,asa_rv3d,net288,3,2,1,1,generated_control;generated_datapath,infrastructure,0,0,0.000000,0.000000,0.000000,0.281495,0.281495,1.500,1.500000,15.980,5.327
scr1_core_tuned,control_datapath_split,asa_rv3d,net4173,32,31,1,1,generated_control;generated_datapath,infrastructure,0,0,0.010550,0.168796,0.010550,0.416668,0.416668,1.500,1.500000,222.120,6.941
scr1_core_tuned,control_datapath_split,asa_rv3d,net4175,32,31,1,1,generated_control;generated_datapath,infrastructure,0,0,0.010368,0.165883,0.010368,0.391134,0.391134,1.500,1.500000,158.360,4.949
scr1_core_tuned,control_datapath_split,asa_rv3d,net4177,32,31,1,1,generated_control;generated_datapath,infrastructure,0,0,0.009555,0.152873,0.009555,0.432635,0.432635,1.500,1.500000,262.460,8.202
scr1_core_tuned,control_datapath_split,asa_rv3d,net4179,2,1,1,1,generated_control,infrastructure,0,0,0.168796,0.168796,0.168796,0.213591,0.213591,1.200,1.200000,110.680,55.340
scr1_core_tuned,control_datapath_split,asa_rv3d,net4185,32,31,1,1,generated_control,infrastructure,0,0,0.007697,0.123160,0.007697,0.435543,0.435543,1.200,1.200000,354.380,11.074
scr1_core_tuned,control_datapath_split,asa_rv3d,net4192,2,1,1,1,generated_control;generated_datapath,infrastructure,0,0,0.123160,0.123160,0.123160,0.321466,0.321466,1.500,1.500000,152.220,76.110
scr1_core_tuned,control_datapath_split,asa_rv3d,net4332,2,1,1,1,generated_control;generated_datapath,infrastructure,0,0,0.000000,0.000000,0.000000,0.288274,0.288274,1.500,1.500000,122.140,61.070
scr1_core_tuned,control_datapath_split,asa_rv3d,net4387,3,1,2,1,generated_control,infrastructure,0,0,0.000000,0.000000,0.000000,0.227364,0.227364,1.200,1.200000,143.960,47.987
scr1_core_tuned,control_datapath_split,asa_rv3d,net4388,3,1,2,1,generated_control;unclassified,infrastructure,0,0,0.104475,0.104475,0.104475,0.208079,0.208079,1.200,1.200000,94.640,31.547
scr1_core_tuned,control_datapath_split,asa_rv3d,net4415,2,1,1,1,generated_control,infrastructure,0,0,0.000000,0.000000,0.000000,0.270624,0.270624,1.200,1.200000,390.880,195.440
scr1_core_tuned,control_datapath_split,asa_rv3d,net4480,2,1,1,1,generated_control,infrastructure,0,0,0.000000,0.000000,0.000000,0.202370,0.202370,1.200,1.200000,164.920,82.460
scr1_core_tuned,control_datapath_split,asa_rv3d,net4847,11,8,3,3,generated_control;generated_datapath;unclassified,infrastructure,0,0,0.000000,0.000000,0.000000,0.487554,1.462662,1.500,4.500000,296.140,80.765
scr1_core_tuned,control_datapath_split,asa_rv3d,net4852,9,7,2,2,generated_control;generated_datapath,infrastructure,0,0,0.000000,0.000000,0.000000,0.392917,0.785835,1.500,3.000000,186.100,41.356
scr1_core_tuned,control_datapath_split,asa_rv3d,net4853,3,2,1,1,generated_control,infrastructure,0,0,0.000000,0.000000,0.000000,0.235199,0.235199,1.200,1.200000,130.140,43.380
scr1_core_tuned,control_datapath_split,asa_rv3d,net4903,6,5,1,1,generated_control;generated_datapath,infrastructure,0,0,0.000000,0.000000,0.000000,0.355183,0.355183,1.500,1.500000,276.920,46.153
scr1_core_tuned,control_datapath_split,asa_rv3d,net4904,3,2,1,1,generated_control;generated_datapath,infrastructure,0,0,0.000000,0.000000,0.000000,0.220449,0.220449,1.500,1.500000,30.500,10.167
scr1_core_tuned,control_datapath_split,asa_rv3d,net4905,7,4,3,3,generated_control;generated_datapath,infrastructure,0,0,0.000000,0.000000,0.000000,0.396947,1.190842,1.500,4.500000,325.840,139.646
scr1_core_tuned,control_datapath_split,asa_rv3d,net4906,6,4,2,2,generated_control;generated_datapath,infrastructure,0,0,0.000000,0.000000,0.000000,0.379749,0.759497,1.500,3.000000,317.860,105.953
scr1_core_tuned,control_datapath_split,asa_rv3d,net4908,7,6,1,1,generated_control;generated_datapath,infrastructure,0,0,0.000000,0.000000,0.000000,0.404620,0.404620,1.500,1.500000,167.700,23.957
scr1_core_tuned,control_datapath_split,asa_rv3d,net4909,4,3,1,1,generated_control;generated_datapath,infrastructure,0,0,0.000000,0.000000,0.000000,0.441899,0.441899,1.500,1.500000,680.840,170.210
scr1_core_tuned,control_datapath_split,asa_rv3d,net4910,4,3,1,1,generated_control,infrastructure,0,0,0.000000,0.000000,0.000000,0.362855,0.362855,1.200,1.200000,117.320,29.330
scr1_core_tuned,control_datapath_split,asa_rv3d,net4911,4,3,1,1,generated_control;generated_datapath,infrastructure,0,0,0.000000,0.000000,0.000000,0.475236,0.475236,1.500,1.500000,825.020,206.255
scr1_core_tuned,control_datapath_split,asa_rv3d,net4912,5,3,2,2,generated_control;generated_datapath,infrastructure,0,0,0.000000,0.000000,0.000000,0.376324,0.752648,1.500,3.000000,458.100,183.240
scr1_core_tuned,control_datapath_split,asa_rv3d,net4913,7,5,2,2,generated_control;generated_datapath,infrastructure,0,0,0.000000,0.000000,0.000000,0.381032,0.762065,1.500,3.000000,235.280,67.223
scr1_core_tuned,control_datapath_split,asa_rv3d,net4915,7,5,2,2,generated_control;generated_datapath,infrastructure,0,0,0.000000,0.000000,0.000000,0.421752,0.843505,1.500,3.000000,457.460,130.703
scr1_core_tuned,control_datapath_split,asa_rv3d,net4916,5,4,1,1,generated_control;generated_datapath,infrastructure,0,0,0.000000,0.000000,0.000000,0.416431,0.416431,1.500,1.500000,169.120,33.824
scr1_core_tuned,control_datapath_split,asa_rv3d,net4917,4,3,1,1,generated_control;generated_datapath,infrastructure,0,0,0.000000,0.000000,0.000000,0.389687,0.389687,1.500,1.500000,597.000,149.250
scr1_core_tuned,control_datapath_split,asa_rv3d,net4918,8,5,3,3,generated_control;generated_datapath,infrastructure,0,0,0.000000,0.000000,0.000000,0.493167,1.479501,1.500,4.500000,700.460,262.673
scr1_core_tuned,control_datapath_split,asa_rv3d,net4919,5,3,2,2,generated_control;generated_datapath,infrastructure,0,0,0.000000,0.000000,0.000000,0.355130,0.710260,1.500,3.000000,318.360,127.344
scr1_core_tuned,control_datapath_split,asa_rv3d,net4920,6,4,2,2,generated_control;generated_datapath,infrastructure,0,0,0.000000,0.000000,0.000000,0.353349,0.706697,1.500,3.000000,220.320,73.440
scr1_core_tuned,control_datapath_split,asa_rv3d,net4921,6,4,2,2,generated_control;generated_datapath,infrastructure,0,0,0.000000,0.000000,0.000000,0.381203,0.762405,1.500,3.000000,375.300,125.100
scr1_core_tuned,control_datapath_split,asa_rv3d,net4922,5,3,2,2,generated_control;generated_datapath,infrastructure,0,0,0.000000,0.000000,0.000000,0.380861,0.761723,1.500,3.000000,347.960,139.184
scr1_core_tuned,control_datapath_split,asa_rv3d,net4924,8,5,3,3,generated_control;generated_datapath,infrastructure,0,0,0.000000,0.000000,0.000000,0.411356,1.234067,1.500,4.500000,281.220,105.458
scr1_core_tuned,control_datapath_split,asa_rv3d,net4925,5,1,4,1,generated_control;generated_datapath,infrastructure,0,0,0.000000,0.000000,0.000000,0.322086,0.322086,1.500,1.500000,152.940,30.588
scr1_core_tuned,control_datapath_split,asa_rv3d,net4927,6,4,2,2,generated_control;generated_datapath,infrastructure,0,0,0.000000,0.000000,0.000000,0.428874,0.857747,1.500,3.000000,544.320,181.440
scr1_core_tuned,control_datapath_split,asa_rv3d,net4928,5,3,2,2,generated_control;generated_datapath,infrastructure,0,0,0.000000,0.000000,0.000000,0.376104,0.752207,1.500,3.000000,230.500,92.200
scr1_core_tuned,control_datapath_split,asa_rv3d,net4930,9,5,4,4,generated_control;generated_datapath,infrastructure,0,0,0.000000,0.000000,0.000000,0.410232,1.640930,1.500,6.000000,325.940,144.862
scr1_core_tuned,control_datapath_split,asa_rv3d,net4943,4,1,3,1,generated_control;generated_datapath,infrastructure,0,0,0.000000,0.000000,0.000000,0.283971,0.283971,1.500,1.500000,90.500,22.625
scr1_core_tuned,control_datapath_split,asa_rv3d,net4948,7,5,2,2,generated_control;generated_datapath,infrastructure,0,0,0.000000,0.000000,0.000000,0.393460,0.786920,1.500,3.000000,296.980,84.851
scr1_core_tuned,control_datapath_split,asa_rv3d,net4949,3,2,1,1,generated_control;generated_datapath,infrastructure,0,0,0.000000,0.000000,0.000000,0.307232,0.307232,1.500,1.500000,432.360,144.120
scr1_core_tuned,control_datapath_split,asa_rv3d,net4954,7,5,2,2,generated_control;generated_datapath,infrastructure,0,0,0.000000,0.000000,0.000000,0.346942,0.693884,1.500,3.000000,225.240,64.354
scr1_core_tuned,control_datapath_split,asa_rv3d,net4955,8,6,2,2,generated_control;generated_datapath,infrastructure,0,0,0.000000,0.000000,0.000000,0.408231,0.816462,1.500,3.000000,333.020,83.255
scr1_core_tuned,control_datapath_split,asa_rv3d,net4956,3,2,1,1,generated_control;generated_datapath,infrastructure,0,0,0.000000,0.000000,0.000000,0.313096,0.313096,1.500,1.500000,376.680,125.560
scr1_core_tuned,control_datapath_split,asa_rv3d,net4960,7,6,1,1,generated_control;generated_datapath,infrastructure,0,0,0.000000,0.000000,0.000000,0.382123,0.382123,1.500,1.500000,248.360,35.480
scr1_core_tuned,control_datapath_split,asa_rv3d,net4961,4,3,1,1,generated_control;generated_datapath,infrastructure,0,0,0.000000,0.000000,0.000000,0.487052,0.487052,1.500,1.500000,846.540,211.635
scr1_core_tuned,control_datapath_split,asa_rv3d,net4989,6,2,4,2,generated_control;generated_datapath,infrastructure,0,0,0.000000,0.000000,0.000000,0.369277,0.738554,1.500,3.000000,216.360,72.120
scr1_core_tuned,control_datapath_split,asa_rv3d,net4990,3,2,1,1,generated_control,infrastructure,0,0,0.000000,0.000000,0.000000,0.363894,0.363894,1.200,1.200000,516.860,172.287
scr1_core_tuned,control_datapath_split,asa_rv3d,net4991,3,2,1,1,generated_control,infrastructure,0,0,0.000000,0.000000,0.000000,0.297696,0.297696,1.200,1.200000,459.780,153.260
scr1_core_tuned,control_datapath_split,asa_rv3d,net5004,3,1,2,1,generated_control,infrastructure,0,0,0.552652,0.828978,0.552652,0.320516,0.320516,1.200,1.200000,355.700,118.567
scr1_core_tuned,control_datapath_split,asa_rv3d,net5009,12,9,3,3,generated_control;generated_datapath,infrastructure,0,0,0.000000,0.000000,0.000000,0.396516,1.189548,1.500,4.500000,375.480,93.870
scr1_core_tuned,control_datapath_split,asa_rv3d,net5011,17,15,2,2,generated_control;generated_datapath;unclassified,infrastructure,0,0,0.043238,0.168796,0.086476,0.355996,0.711993,1.500,3.000000,373.460,43.936
scr1_core_tuned,control_datapath_split,asa_rv3d,net5014,19,17,2,2,generated_control;generated_datapath;unclassified,infrastructure,0,0,0.003102,0.058937,0.006204,0.339114,0.678229,1.500,3.000000,308.160,32.438
scr1_core_tuned,control_datapath_split,asa_rv3d,net5041,2,1,1,1,generated_control;unclassified,infrastructure,0,0,0.000000,0.000000,0.000000,0.277555,0.277555,1.200,1.200000,318.820,159.410
scr1_core_tuned,control_datapath_split,asa_rv3d,net5043,5,4,1,1,generated_control;unclassified,infrastructure,0,0,0.000000,0.000000,0.000000,0.338520,0.338520,1.200,1.200000,135.200,27.040
scr1_core_tuned,control_datapath_split,asa_rv3d,net5062,5,1,4,1,generated_control;generated_datapath,infrastructure,0,0,0.000000,0.000000,0.000000,0.388894,0.388894,1.500,1.500000,416.060,83.212
scr1_core_tuned,control_datapath_split,asa_rv3d,net5077,8,6,2,2,generated_control,infrastructure,0,0,0.000000,0.000000,0.000000,0.300333,0.600666,1.200,2.400000,168.340,42.085
scr1_core_tuned,control_datapath_split,asa_rv3d,net5078,5,1,4,1,generated_control;generated_datapath,infrastructure,0,0,0.000000,0.000000,0.000000,0.371927,0.371927,1.500,1.500000,352.360,70.472
scr1_core_tuned,control_datapath_split,asa_rv3d,net5081,8,1,7,1,csr;generated_control;generated_datapath,control;infrastructure,0,0,0.000000,0.000000,0.000000,0.250425,0.250425,2.500,2.500000,251.240,31.405
scr1_core_tuned,control_datapath_split,asa_rv3d,net5085,28,27,1,1,generated_control;generated_datapath;unclassified,infrastructure,0,0,0.000000,0.000000,0.000000,0.398471,0.398471,1.500,1.500000,296.980,10.606
scr1_core_tuned,control_datapath_split,asa_rv3d,net5103,6,1,5,1,generated_control;generated_datapath,infrastructure,0,0,0.000000,0.000000,0.000000,0.338304,0.338304,1.500,1.500000,395.360,65.893
scr1_core_tuned,control_datapath_split,asa_rv3d,net5104,20,19,1,1,generated_control;generated_datapath;unclassified,infrastructure,0,0,0.005224,0.104475,0.005224,0.370203,0.370203,1.500,1.500000,239.460,11.973
scr1_core_tuned,control_datapath_split,asa_rv3d,net5105,6,2,4,2,generated_control;generated_datapath,infrastructure,0,0,0.000000,0.000000,0.000000,0.333762,0.667524,1.500,3.000000,306.280,102.093
scr1_core_tuned,control_datapath_split,asa_rv3d,net5106,6,2,4,2,generated_control;generated_datapath,infrastructure,0,0,0.000000,0.000000,0.000000,0.344066,0.688132,1.500,3.000000,310.000,103.333
scr1_core_tuned,control_datapath_split,asa_rv3d,net5111,6,2,4,2,generated_control;generated_datapath,infrastructure,0,0,0.000000,0.000000,0.000000,0.303450,0.606900,1.500,3.000000,291.420,97.140
scr1_core_tuned,control_datapath_split,asa_rv3d,net5112,6,2,4,2,generated_control;generated_datapath,infrastructure,0,0,0.000000,0.000000,0.000000,0.356542,0.713084,1.500,3.000000,180.820,60.273
scr1_core_tuned,control_datapath_split,asa_rv3d,net5113,5,1,4,1,generated_control;generated_datapath,infrastructure,0,0,0.000000,0.000000,0.000000,0.316501,0.316501,1.500,1.500000,272.160,54.432
scr1_core_tuned,control_datapath_split,asa_rv3d,net5115,14,2,12,2,csr;generated_control;generated_datapath;unclassified,control;infrastructure,0,0,0.000000,0.000000,0.000000,0.348745,0.697490,2.500,5.000000,400.340,57.191
scr1_core_tuned,control_datapath_split,asa_rv3d,net5218,21,20,1,1,generated_control,infrastructure,0,0,0.000000,0.000000,0.000000,0.284479,0.284479,1.200,1.200000,79.840,3.802
scr1_core_tuned,control_datapath_split,asa_rv3d,net5294,46,44,2,2,generated_control;generated_datapath;unclassified,infrastructure,0,0,0.000000,0.000000,0.000000,0.502563,1.005126,1.500,3.000000,527.700,22.943
scr1_core_tuned,control_datapath_split,asa_rv3d,net5297,21,19,2,2,generated_control;generated_datapath;unclassified,infrastructure,0,0,0.000000,0.000000,0.000000,0.385989,0.771978,1.500,3.000000,426.440,40.613
scr1_core_tuned,control_datapath_split,asa_rv3d,net5301,13,5,8,5,generated_control;generated_datapath,infrastructure,0,0,0.000000,0.000000,0.000000,0.348444,1.742221,1.500,7.500000,331.840,127.631
scr1_core_tuned,control_datapath_split,asa_rv3d,net5317,9,7,2,2,generated_control;generated_datapath;unclassified,infrastructure,0,0,0.000000,0.000000,0.000000,0.410048,0.820096,1.500,3.000000,634.740,141.053
scr1_core_tuned,control_datapath_split,asa_rv3d,net5324,8,7,1,1,generated_control;generated_datapath;unclassified,infrastructure,0,0,0.000000,0.000000,0.000000,0.309509,0.309509,1.500,1.500000,331.580,41.447
scr1_core_tuned,control_datapath_split,asa_rv3d,net5328,40,39,1,1,generated_control;generated_datapath;unclassified,infrastructure,0,0,0.000000,0.000000,0.000000,0.507256,0.507256,1.500,1.500000,715.060,17.877
scr1_core_tuned,control_datapath_split,asa_rv3d,net5333,14,12,2,2,generated_control;generated_datapath,infrastructure,0,0,0.000000,0.000000,0.000000,0.351976,0.703952,1.500,3.000000,328.240,46.891
scr1_core_tuned,control_datapath_split,asa_rv3d,net5352,8,7,1,1,generated_control,infrastructure,0,0,0.000000,0.000000,0.000000,0.264447,0.264447,1.200,1.200000,94.140,11.768
scr1_core_tuned,control_datapath_split,asa_rv3d,net5370,21,20,1,1,generated_control;generated_datapath,infrastructure,0,0,0.000000,0.000000,0.000000,0.426462,0.426462,1.500,1.500000,155.480,7.404
scr1_core_tuned,control_datapath_split,asa_rv3d,net5372,6,1,5,1,generated_control;generated_datapath,infrastructure,0,0,0.000000,0.000000,0.000000,0.221468,0.221468,1.500,1.500000,204.660,34.110
scr1_core_tuned,control_datapath_split,asa_rv3d,net5378,40,39,1,1,generated_control;generated_datapath;unclassified,infrastructure,0,0,0.000000,0.000000,0.000000,0.418169,0.418169,1.500,1.500000,268.280,6.707
scr1_core_tuned,control_datapath_split,asa_rv3d,net5379,30,29,1,1,generated_control;generated_datapath;unclassified,infrastructure,0,0,0.000000,0.000000,0.000000,0.402852,0.402852,1.500,1.500000,443.620,14.787
scr1_core_tuned,control_datapath_split,asa_rv3d,net5387,3,2,1,1,generated_control,infrastructure,0,0,0.000000,0.000000,0.000000,0.138739,0.138739,1.200,1.200000,13.640,4.547
scr1_core_tuned,control_datapath_split,asa_rv3d,net5391,41,40,1,1,generated_control;generated_datapath;unclassified,infrastructure,0,0,0.000000,0.000000,0.000000,0.435663,0.435663,1.500,1.500000,400.120,9.759
scr1_core_tuned,control_datapath_split,asa_rv3d,net5408,9,8,1,1,generated_control;generated_datapath,infrastructure,0,0,0.000000,0.000000,0.000000,0.252344,0.252344,1.500,1.500000,109.000,12.111
scr1_core_tuned,control_datapath_split,asa_rv3d,net5419,6,4,2,2,generated_control;unclassified,infrastructure,0,0,0.000000,0.000000,0.000000,0.275471,0.550943,1.200,2.400000,258.080,86.027
scr1_core_tuned,control_datapath_split,asa_rv3d,net5422,9,2,7,2,generated_control;generated_datapath,infrastructure,0,0,0.000000,0.000000,0.000000,0.276439,0.552877,1.500,3.000000,238.600,53.022
scr1_core_tuned,control_datapath_split,asa_rv3d,net5424,12,10,2,2,generated_control;generated_datapath,infrastructure,0,0,0.000000,0.000000,0.000000,0.400580,0.801161,1.500,3.000000,160.100,26.683
scr1_core_tuned,control_datapath_split,asa_rv3d,net5465,12,9,3,3,generated_control;generated_datapath;unclassified,infrastructure,0,0,0.077788,0.828978,0.233363,0.222108,0.666323,1.500,4.500000,90.220,22.555
scr1_core_tuned,control_datapath_split,asa_rv3d,net5470,30,24,6,6,generated_control;generated_datapath;unclassified,infrastructure,0,0,0.000000,0.000000,0.000000,0.416978,2.501871,1.500,9.000000,304.560,60.912
scr1_core_tuned,control_datapath_split,asa_rv3d,net5472,23,1,22,1,generated_control;generated_datapath;unclassified,infrastructure,0,0,0.000000,0.000000,0.000000,0.338050,0.338050,1.500,1.500000,254.240,11.054
scr1_core_tuned,control_datapath_split,asa_rv3d,net5475,13,4,9,4,generated_control;generated_datapath;unclassified,infrastructure,0,0,0.000000,0.000000,0.000000,0.254857,1.019429,1.500,6.000000,67.340,20.720
scr1_core_tuned,control_datapath_split,asa_rv3d,net5496,17,7,10,7,generated_control;generated_datapath,infrastructure,0,0,0.000000,0.000000,0.000000,0.325912,2.281382,1.500,10.500000,165.980,68.345
scr1_core_tuned,control_datapath_split,asa_rv3d,net5505,7,2,5,2,generated_control;generated_datapath,infrastructure,0,0,0.000000,0.000000,0.000000,0.343657,0.687314,1.500,3.000000,345.400,98.686
scr1_core_tuned,control_datapath_split,asa_rv3d,net5676,38,35,3,3,clock_reset;generated_control,control;infrastructure,0,1,0.002300,0.027868,0.006899,0.050886,0.152658,5.000,15.000000,107.640,8.498
