pass,move_index,instance,architecture_unit,from_tier,to_tier,gain,instance_balance_after,weight_balance_after
1,1,_3854_,generated_control,tier0,tier1,2.875608,0.542619,0.613699
1,2,_4310_,generated_control,tier0,tier1,7.993556,0.543034,0.614436
1,3,_4077_,generated_control,tier0,tier1,2.995176,0.543449,0.615174
1,4,_4263_,generated_control,tier0,tier1,1.694432,0.543864,0.615912
1,5,_5421_,generated_control,tier0,tier1,21.920013,0.544280,0.616651
1,6,_5611_,generated_control,tier0,tier1,21.959927,0.544696,0.617391
1,7,_4498_,generated_control,tier0,tier1,17.081652,0.545112,0.618132
1,8,_4898_,generated_control,tier0,tier1,17.083009,0.545528,0.618873
1,9,_4308_,generated_control,tier0,tier1,25.535601,0.545944,0.619615
1,10,_5481_,generated_control,tier0,tier1,13.259217,0.546361,0.620358
1,11,_5801_,generated_control,tier0,tier1,25.233680,0.546778,0.621101
1,12,_4381_,generated_control,tier0,tier1,20.127057,0.547195,0.621845
1,13,_4071_,generated_control,tier0,tier1,25.412970,0.547613,0.622590
1,14,_4463_,generated_control,tier0,tier1,25.516799,0.548030,0.623335
1,15,_5738_,generated_control,tier0,tier1,20.825664,0.548448,0.624081
1,16,dp.rf.rf[0][9]$_DFFE_PP_,pipeline_state,tier0,tier1,1.201131,0.548866,0.624641
1,17,_3842_,generated_control,tier0,tier1,4.672382,0.549284,0.625201
1,18,_5014_,generated_control,tier0,tier1,6.181963,0.549703,0.625762
1,19,_6167_,generated_control,tier0,tier1,9.075361,0.550122,0.626323
1,20,_6166_,generated_control,tier0,tier1,25.364866,0.550541,0.626885
1,21,_7613_,generated_control,tier0,tier1,5.512965,0.550960,0.627446
1,22,_5888_,generated_control,tier0,tier1,8.456989,0.551379,0.628009
1,23,_7116_,generated_control,tier0,tier1,9.177530,0.551799,0.628571
1,24,_5884_,generated_control,tier0,tier1,22.748176,0.552219,0.629134
1,25,_3940_,generated_control,tier0,tier1,4.398754,0.552639,0.629604
1,26,_3883_,generated_control,tier0,tier1,3.003301,0.553059,0.630074
1,27,_3921_,generated_control,tier0,tier1,2.990749,0.553480,0.630544
1,28,_6823_,generated_control,tier0,tier1,0.970411,0.553900,0.631014
1,29,_6205_,generated_control,tier0,tier1,1.002279,0.554321,0.631485
1,30,_4992_,generated_control,tier0,tier1,0.061994,0.554743,0.631956
1,31,_5233_,generated_control,tier0,tier1,0.061714,0.555164,0.632427
1,32,_5568_,generated_control,tier0,tier1,0.098860,0.555586,0.632898
1,33,_6547_,generated_control,tier0,tier1,0.204099,0.556008,0.633370
1,34,_7458_,generated_control,tier0,tier1,1.652255,0.556430,0.633842
1,35,_7085_,generated_control,tier0,tier1,1.812965,0.556852,0.634314
1,36,_7089_,generated_control,tier0,tier1,0.197002,0.557275,0.634787
1,37,_7097_,generated_control,tier0,tier1,1.894648,0.557698,0.635259
1,38,_7101_,generated_control,tier0,tier1,5.018636,0.558121,0.635732
1,39,_7104_,generated_control,tier0,tier1,6.652465,0.558544,0.636206
1,40,_6544_,generated_control,tier0,tier1,2.828083,0.558967,0.636679
1,41,_6662_,generated_control,tier0,tier1,1.980808,0.559391,0.637153
1,42,_6499_,generated_control,tier0,tier1,2.487044,0.559815,0.637627
1,43,_6727_,generated_control,tier0,tier1,2.172585,0.560239,0.638102
1,44,_6786_,generated_control,tier0,tier1,2.809052,0.560664,0.638577
1,45,_6433_,generated_control,tier0,tier1,3.000617,0.561088,0.639052
1,46,_6766_,generated_control,tier0,tier1,2.037338,0.561513,0.639527
1,47,_6657_,generated_control,tier0,tier1,1.988653,0.561938,0.640002
1,48,_6704_,generated_control,tier0,tier1,13.618848,0.562364,0.640478
1,49,_6642_,generated_control,tier0,tier1,25.536518,0.562789,0.640954
1,50,_6603_,generated_control,tier0,tier1,25.704575,0.563215,0.641431
1,51,_7485_,generated_control,tier0,tier1,6.317853,0.563641,0.641907
1,52,_5448_,generated_control,tier0,tier1,17.456873,0.564068,0.642384
1,53,_5638_,generated_control,tier0,tier1,17.495620,0.564494,0.642861
1,54,_5748_,generated_control,tier0,tier1,17.882950,0.564921,0.643339
1,55,_6653_,generated_control,tier0,tier1,0.513824,0.565348,0.643817
1,56,_7049_,generated_control,tier0,tier1,0.155492,0.565775,0.644295
1,57,_7057_,generated_control,tier0,tier1,1.897483,0.566203,0.644773
1,58,_4559_,generated_control,tier0,tier1,0.517376,0.566630,0.645251
1,59,_6153_,generated_control,tier0,tier1,1.400635,0.567058,0.645730
1,60,_6381_,generated_control,tier0,tier1,0.251036,0.567486,0.646209
1,61,_7072_,generated_control,tier0,tier1,4.503361,0.567915,0.646689
1,62,_6038_,generated_control,tier0,tier1,6.380744,0.568343,0.647168
1,63,_7005_,generated_control,tier0,tier1,0.362092,0.568772,0.647648
1,64,_6522_,generated_control,tier0,tier1,2.500970,0.569201,0.648129
1,65,_6938_,generated_control,tier0,tier1,1.407403,0.569631,0.648609
1,66,_5193_,generated_control,tier0,tier1,5.672034,0.570060,0.649090
1,67,_6337_,generated_control,tier0,tier1,2.257876,0.570490,0.649571
1,68,_6888_,generated_control,tier0,tier1,8.222582,0.570920,0.650053
1,69,_4047_,generated_control,tier0,tier1,13.163865,0.571350,0.650534
1,70,_4301_,generated_control,tier0,tier1,17.829574,0.571781,0.651016
1,71,_4456_,generated_control,tier0,tier1,17.869969,0.572212,0.651498
1,72,_4643_,generated_control,tier0,tier1,17.715642,0.572643,0.651981
1,73,_6147_,generated_control,tier0,tier1,4.015297,0.573074,0.652464
1,74,_7027_,generated_control,tier0,tier1,8.121032,0.573505,0.652947
1,75,_5052_,generated_control,tier0,tier1,17.114804,0.573937,0.653430
1,76,_5064_,generated_control,tier0,tier1,17.181679,0.574369,0.653914
1,77,_5139_,generated_control,tier0,tier1,17.177938,0.574801,0.654398
1,78,_5930_,generated_control,tier0,tier1,4.508027,0.575233,0.654882
1,79,_7109_,generated_control,tier0,tier1,19.580342,0.575666,0.655366
1,80,_6343_,generated_control,tier0,tier1,13.924981,0.576099,0.655851
1,81,_6466_,generated_control,tier0,tier1,9.783902,0.576532,0.656336
1,82,_4240_,generated_control,tier0,tier1,18.863226,0.576965,0.656821
1,83,_4402_,generated_control,tier0,tier1,18.863641,0.577399,0.657307
1,84,_4787_,generated_control,tier0,tier1,18.905339,0.577833,0.657793
1,85,_4833_,generated_control,tier0,tier1,18.863696,0.578267,0.658279
1,86,_5503_,generated_control,tier0,tier1,18.968680,0.578701,0.658766
1,87,_5696_,generated_control,tier0,tier1,18.979502,0.579136,0.659252
1,88,_6317_,generated_control,tier0,tier1,5.785249,0.579570,0.659739
1,89,_6897_,generated_control,tier0,tier1,8.382180,0.580006,0.660227
1,90,_5017_,generated_control,tier0,tier1,22.673982,0.580441,0.660714
1,91,_6891_,generated_control,tier0,tier1,0.414234,0.580876,0.661202
1,92,_6174_,generated_control,tier0,tier1,12.732609,0.581312,0.661690
1,93,_6071_,generated_control,tier0,tier1,1.312081,0.581748,0.662179
1,94,_6564_,generated_control,tier0,tier1,14.447935,0.582184,0.662668
1,95,_4249_,generated_control,tier0,tier1,8.955013,0.582621,0.663157
1,96,_5343_,generated_control,tier0,tier1,8.953477,0.583057,0.663646
1,97,_4365_,generated_control,tier0,tier1,21.739748,0.583494,0.664136
1,98,_4410_,generated_control,tier0,tier1,8.348029,0.583932,0.664626
1,99,_5251_,generated_control,tier0,tier1,3.023997,0.584369,0.665116
1,100,_5586_,generated_control,tier0,tier1,3.013634,0.584807,0.665606
1,101,_5823_,generated_control,tier0,tier1,10.277862,0.585245,0.666097
1,102,_6942_,generated_control,tier0,tier1,12.621370,0.585683,0.666588
1,103,_4875_,generated_control,tier0,tier1,0.562750,0.586121,0.667079
1,104,_6963_,generated_control,tier0,tier1,8.258911,0.586560,0.667571
1,105,_4426_,generated_control,tier0,tier1,26.506316,0.586999,0.668063
1,106,_6955_,generated_control,tier0,tier1,16.107703,0.587438,0.668555
1,107,_6958_,generated_control,tier0,tier1,9.367359,0.587877,0.669048
1,108,_6398_,generated_control,tier0,tier1,8.654727,0.588317,0.669541
1,109,_6953_,generated_control,tier0,tier1,8.592284,0.588757,0.670034
1,110,_5356_,generated_control,tier0,tier1,13.036007,0.589197,0.670527
1,111,_5109_,generated_control,tier0,tier1,14.364159,0.589637,0.671021
1,112,_5035_,generated_control,tier0,tier1,8.401311,0.590078,0.671515
1,113,_4983_,generated_control,tier0,tier1,11.158596,0.590518,0.672009
1,114,_5622_,generated_control,tier0,tier1,10.933032,0.590960,0.672504
1,115,_6654_,generated_control,tier0,tier1,25.559101,0.591401,0.672998
1,116,_6904_,generated_control,tier0,tier1,17.304313,0.591842,0.673494
1,117,_6951_,generated_control,tier0,tier1,17.840590,0.592284,0.673989
1,118,_5890_,generated_control,tier0,tier1,12.518256,0.592726,0.674485
1,119,_7242_,generated_control,tier0,tier1,11.329381,0.593169,0.674981
1,120,_4882_,generated_control,tier0,tier1,16.849673,0.593611,0.675477
1,121,_5629_,generated_control,tier0,tier1,18.160074,0.594054,0.675974
1,122,_5886_,generated_control,tier0,tier1,8.783184,0.594497,0.676471
1,123,_6520_,generated_control,tier0,tier1,13.054489,0.594940,0.676968
1,124,_4525_,generated_control,tier0,tier1,10.821489,0.595384,0.677465
1,125,_4874_,generated_control,tier0,tier1,17.772298,0.595828,0.677963
1,126,_4924_,generated_control,tier0,tier1,10.765766,0.596272,0.678461
1,127,_6145_,generated_control,tier0,tier1,19.461516,0.596716,0.678960
1,128,_4947_,generated_control,tier0,tier1,16.680179,0.597160,0.679458
1,129,_3843_,generated_control,tier0,tier1,19.179386,0.597605,0.679957
1,130,_4165_,generated_control,tier0,tier1,9.688294,0.598050,0.680456
1,131,_4973_,generated_control,tier0,tier1,11.392587,0.598495,0.680956
1,132,_5240_,generated_control,tier0,tier1,11.392137,0.598941,0.681456
1,133,_5575_,generated_control,tier0,tier1,11.391629,0.599387,0.681956
1,134,_6908_,generated_control,tier0,tier1,9.516399,0.599833,0.682457
1,135,_5903_,generated_control,tier0,tier1,17.110471,0.600279,0.682957
1,136,_5043_,generated_control,tier0,tier1,8.339047,0.600725,0.683458
1,137,_5128_,generated_control,tier0,tier1,16.923524,0.601172,0.683960
1,138,_4509_,generated_control,tier0,tier1,13.382835,0.601619,0.684461
1,139,_6875_,generated_control,tier0,tier1,17.161113,0.602066,0.684963
1,140,_5097_,generated_control,tier0,tier1,17.150474,0.602514,0.685466
1,141,_5856_,generated_control,tier0,tier1,13.560536,0.602962,0.685968
1,142,_5121_,generated_control,tier0,tier1,19.666038,0.603410,0.686471
1,143,_6468_,generated_control,tier0,tier1,16.831990,0.603858,0.686974
1,144,_3872_,generated_control,tier0,tier1,3.886918,0.604306,0.687377
1,145,_3868_,generated_control,tier0,tier1,5.101148,0.604755,0.687780
1,146,_5922_,generated_control,tier0,tier1,7.644322,0.605204,0.688183
1,147,_6377_,generated_control,tier0,tier1,1.912699,0.605654,0.688586
1,148,_6379_,generated_control,tier0,tier1,0.560708,0.606103,0.688990
1,149,_4657_,generated_control,tier0,tier1,7.565785,0.606553,0.689393
1,150,_6939_,generated_control,tier0,tier1,2.564749,0.607003,0.689797
1,151,_6631_,generated_control,tier0,tier1,1.954721,0.607453,0.690201
1,152,_6511_,generated_control,tier0,tier1,5.659868,0.607904,0.690606
1,153,_7222_,generated_control,tier0,tier1,2.092731,0.608354,0.691010
1,154,_7227_,generated_control,tier0,tier1,2.014239,0.608805,0.691415
1,155,_7244_,generated_control,tier0,tier1,8.233722,0.609257,0.691820
1,156,_4248_,generated_control,tier0,tier1,6.015917,0.609708,0.692225
1,157,_5342_,generated_control,tier0,tier1,5.975610,0.610160,0.692630
1,158,_4945_,generated_control,tier0,tier1,6.087890,0.610612,0.693036
1,159,_6031_,generated_control,tier0,tier1,1.573701,0.611064,0.693441
1,160,_6580_,generated_control,tier0,tier1,0.693306,0.611517,0.693847
1,161,_6481_,generated_control,tier0,tier1,8.685270,0.611970,0.694253
1,162,_7617_,generated_control,tier0,tier1,8.479033,0.612423,0.694659
1,163,_5834_,generated_control,tier0,tier1,10.057437,0.612876,0.695066
1,164,_5835_,generated_control,tier0,tier1,15.621633,0.613330,0.695472
1,165,_6755_,generated_control,tier0,tier1,3.841497,0.613783,0.695879
1,166,_4687_,generated_control,tier0,tier1,0.645770,0.614237,0.696286
1,167,_4841_,generated_control,tier0,tier1,5.817742,0.614692,0.696693
1,168,_3810_,generated_control,tier0,tier1,2.759707,0.615146,0.697101
1,169,_6083_,generated_control,tier0,tier1,8.825955,0.615601,0.697508
1,170,_5191_,generated_control,tier0,tier1,2.876176,0.616056,0.697916
1,171,_7015_,generated_control,tier0,tier1,5.364930,0.616512,0.698324
1,172,_6901_,generated_control,tier0,tier1,5.204439,0.616967,0.698732
1,173,_6069_,generated_control,tier0,tier1,0.549029,0.617423,0.699141
1,174,_6272_,generated_control,tier0,tier1,13.001735,0.617879,0.699549
1,175,_6373_,generated_control,tier0,tier1,13.133776,0.618336,0.699958
1,176,_6429_,generated_control,tier0,tier1,12.947632,0.618792,0.700367
1,177,_6590_,generated_control,tier0,tier1,13.208395,0.619249,0.700776
1,178,_6679_,generated_control,tier0,tier1,13.133301,0.619706,0.701185
1,179,_6734_,generated_control,tier0,tier1,13.072927,0.620164,0.701595
1,180,_5923_,generated_control,tier0,tier1,5.431070,0.620621,0.702005
1,181,_6421_,generated_control,tier0,tier1,15.633347,0.621079,0.702415
1,182,_6791_,generated_control,tier0,tier1,12.227612,0.621538,0.702825
1,183,_6022_,generated_control,tier0,tier1,10.077806,0.621996,0.703235
1,184,_6277_,generated_control,tier0,tier1,4.945430,0.622455,0.703646
1,185,_6614_,generated_control,tier0,tier1,2.582370,0.622914,0.704056
1,186,_6641_,generated_control,tier0,tier1,8.170736,0.623373,0.704467
1,187,_6689_,generated_control,tier0,tier1,13.922053,0.623832,0.704878
1,188,_6232_,generated_control,tier0,tier1,1.709643,0.624292,0.705290
1,189,_7290_,generated_control,tier0,tier1,11.261176,0.624752,0.705701
1,190,_7450_,generated_control,tier0,tier1,11.212193,0.625212,0.706113
1,191,_7454_,generated_control,tier0,tier1,11.251797,0.625673,0.706525
1,192,_7461_,generated_control,tier0,tier1,11.256636,0.626134,0.706937
1,193,_7465_,generated_control,tier0,tier1,11.122273,0.626595,0.707349
1,194,_7479_,generated_control,tier0,tier1,11.268461,0.627056,0.707762
1,195,_6394_,generated_control,tier0,tier1,16.615177,0.627518,0.708175
1,196,_6839_,generated_control,tier0,tier1,3.965855,0.627980,0.708588
1,197,_4337_,generated_control,tier0,tier1,8.949867,0.628442,0.709001
1,198,_6195_,generated_control,tier0,tier1,0.139832,0.628904,0.709414
1,199,_6757_,generated_control,tier0,tier1,15.631939,0.629367,0.709828
1,200,_5909_,generated_control,tier0,tier1,4.078098,0.629830,0.710241
1,201,_6902_,generated_control,tier0,tier1,2.926415,0.630293,0.710655
1,202,_6910_,generated_control,tier0,tier1,2.940426,0.630756,0.711069
1,203,_6960_,generated_control,tier0,tier1,2.948923,0.631220,0.711484
1,204,_6288_,generated_control,tier0,tier1,18.638670,0.631684,0.711898
1,205,_6091_,generated_control,tier0,tier1,11.271252,0.632148,0.712313
1,206,_7603_,generated_control,tier0,tier1,2.407848,0.632612,0.712728
1,207,_3875_,generated_control,tier0,tier1,12.967626,0.633077,0.713143
1,208,_5600_,generated_control,tier0,tier1,0.920065,0.633542,0.713558
1,209,_6893_,generated_control,tier0,tier1,3.935811,0.634007,0.713974
1,210,_3884_,generated_control,tier0,tier1,13.041054,0.634473,0.714390
1,211,_6029_,generated_control,tier0,tier1,1.897026,0.634939,0.714806
1,212,_6236_,generated_control,tier0,tier1,19.602738,0.635405,0.715222
1,213,_6847_,generated_control,tier0,tier1,14.735538,0.635871,0.715638
1,214,_7273_,generated_control,tier0,tier1,14.738979,0.636338,0.716055
1,215,_7297_,generated_control,tier0,tier1,14.734526,0.636805,0.716471
1,216,_7421_,generated_control,tier0,tier1,14.728779,0.637272,0.716888
1,217,_7431_,generated_control,tier0,tier1,14.732472,0.637739,0.717305
1,218,_7435_,generated_control,tier0,tier1,14.732355,0.638207,0.717723
1,219,_7439_,generated_control,tier0,tier1,14.734555,0.638675,0.718140
1,220,_4942_,generated_control,tier0,tier1,9.241138,0.639143,0.718558
1,221,_6099_,generated_control,tier0,tier1,4.061895,0.639611,0.718976
1,222,_7318_,generated_control,tier0,tier1,3.934420,0.640080,0.719394
1,223,_7334_,generated_control,tier0,tier1,10.380748,0.640549,0.719813
1,224,_5021_,generated_control,tier0,tier1,8.677811,0.641018,0.720231
1,225,_6016_,generated_control,tier0,tier1,14.748456,0.641488,0.720650
1,226,_6295_,generated_control,tier0,tier1,5.971858,0.641958,0.721069
1,227,_5056_,generated_control,tier0,tier1,0.444176,0.642428,0.721488
1,228,_6078_,generated_control,tier0,tier1,1.597543,0.642898,0.721908
1,229,_7494_,generated_control,tier0,tier1,19.408061,0.643369,0.722327
1,230,_3838_,generated_control,tier0,tier1,1.290052,0.643840,0.722747
1,231,_6313_,generated_control,tier0,tier1,5.812711,0.644311,0.723167
1,232,_3834_,generated_control,tier0,tier1,15.385070,0.644782,0.723587
1,233,_6626_,generated_control,tier0,tier1,5.216372,0.645254,0.724008
1,234,_7246_,generated_control,tier0,tier1,0.609080,0.645726,0.724428
1,235,_6342_,generated_control,tier0,tier1,21.674278,0.646198,0.724849
1,236,_6472_,generated_control,tier0,tier1,4.536135,0.646670,0.725270
1,237,_6767_,generated_control,tier0,tier1,0.561583,0.647143,0.725691
1,238,_4246_,generated_control,tier0,tier1,9.668658,0.647616,0.726113
1,239,_4251_,generated_control,tier0,tier1,2.553186,0.648090,0.726534
1,240,_5340_,generated_control,tier0,tier1,9.627404,0.648563,0.726956
1,241,_5345_,generated_control,tier0,tier1,2.520657,0.649037,0.727378
1,242,_5769_,generated_control,tier0,tier1,2.483860,0.649511,0.727801
1,243,_7062_,generated_control,tier0,tier1,8.140482,0.649986,0.728223
1,244,_5919_,generated_control,tier0,tier1,16.905537,0.650460,0.728646
1,245,_7625_,generated_control,tier0,tier1,9.515797,0.650935,0.729069
1,246,_6129_,generated_control,tier0,tier1,22.302149,0.651410,0.729492
1,247,_4748_,generated_control,tier0,tier1,6.992853,0.651886,0.729915
1,248,_7285_,generated_control,tier0,tier1,1.383521,0.652362,0.730338
1,249,_3813_,generated_control,tier0,tier1,15.385932,0.652838,0.730762
1,250,_4405_,generated_control,tier0,tier1,4.894353,0.653314,0.731186
1,251,_4507_,generated_control,tier0,tier1,12.410682,0.653791,0.731610
1,252,_3822_,generated_control,tier0,tier1,23.968954,0.654268,0.732035
1,253,_6320_,generated_control,tier0,tier1,4.250285,0.654745,0.732459
1,254,_6878_,generated_control,tier0,tier1,0.580085,0.655222,0.732884
1,255,_7081_,generated_control,tier0,tier1,8.184842,0.655700,0.733309
1,256,_6222_,generated_control,tier0,tier1,9.277809,0.656178,0.733734
1,257,_5849_,generated_control,tier0,tier1,15.283406,0.656656,0.734159
1,258,_3841_,generated_control,tier0,tier1,22.361196,0.657135,0.734585
1,259,_6239_,generated_control,tier0,tier1,9.243434,0.657613,0.735011
1,260,_7342_,generated_control,tier0,tier1,23.263212,0.658092,0.735437
1,261,_5671_,generated_control,tier0,tier1,12.902027,0.658572,0.735863
1,262,_5765_,generated_control,tier0,tier1,9.816377,0.659051,0.736289
1,263,_4760_,generated_control,tier0,tier1,13.090563,0.659531,0.736716
1,264,_4808_,generated_control,tier0,tier1,13.081370,0.660012,0.737143
1,265,_5952_,generated_control,tier0,tier1,9.492356,0.660492,0.737570
1,266,_6824_,generated_control,tier0,tier1,12.911098,0.660973,0.737997
1,267,_6196_,generated_control,tier0,tier1,15.340174,0.661454,0.738425
1,268,_6986_,generated_control,tier0,tier1,4.136084,0.661935,0.738852
1,269,_7017_,generated_control,tier0,tier1,12.723109,0.662417,0.739280
1,270,_4335_,generated_control,tier0,tier1,12.397433,0.662899,0.739708
1,271,_4913_,generated_control,tier0,tier1,12.472550,0.663381,0.740137
1,272,_6531_,generated_control,tier0,tier1,1.237761,0.663863,0.740565
1,273,_6355_,generated_control,tier0,tier1,14.954678,0.664346,0.740994
1,274,_6744_,generated_control,tier0,tier1,14.326496,0.664829,0.741423
1,275,_6769_,generated_control,tier0,tier1,14.360430,0.665312,0.741852
1,276,_6788_,generated_control,tier0,tier1,14.416659,0.665796,0.742281
1,277,_6721_,generated_control,tier0,tier1,15.368128,0.666279,0.742711
1,278,_6831_,generated_control,tier0,tier1,8.427322,0.666764,0.743141
1,279,_5875_,generated_control,tier0,tier1,13.093884,0.667248,0.743571
1,280,_4698_,generated_control,tier0,tier1,21.058766,0.667733,0.744001
1,281,_5814_,generated_control,tier0,tier1,4.041785,0.668218,0.744431
1,282,_6164_,generated_control,tier0,tier1,4.106270,0.668703,0.744862
1,283,_6600_,generated_control,tier0,tier1,18.091664,0.669188,0.745293
1,284,_6737_,generated_control,tier0,tier1,12.805521,0.669674,0.745724
1,285,_4928_,generated_control,tier0,tier1,8.010356,0.670160,0.746155
1,286,_6116_,generated_control,tier0,tier1,11.900117,0.670646,0.746587
1,287,_6947_,generated_control,tier0,tier1,0.716938,0.671133,0.747018
1,288,_6692_,generated_control,tier0,tier1,7.350370,0.671620,0.747450
1,289,_6892_,generated_control,tier0,tier1,12.946509,0.672107,0.747883
1,290,_6909_,generated_control,tier0,tier1,11.720110,0.672595,0.748315
1,291,_6636_,generated_control,tier0,tier1,12.437676,0.673083,0.748747
1,292,_5840_,generated_control,tier0,tier1,8.661574,0.673571,0.749180
1,293,_5154_,generated_control,tier0,tier1,10.734102,0.674059,0.749613
1,294,_5280_,generated_control,tier0,tier1,10.710666,0.674548,0.750046
1,295,_7155_,generated_control,tier0,tier1,9.519473,0.675036,0.750480
1,296,_6127_,generated_control,tier0,tier1,19.998595,0.675526,0.750913
1,297,_6634_,generated_control,tier0,tier1,5.198753,0.676015,0.751347
1,298,_4481_,generated_control,tier0,tier1,0.759061,0.676505,0.751781
1,299,_5842_,generated_control,tier0,tier1,0.786036,0.676995,0.752216
1,300,_6028_,generated_control,tier0,tier1,7.638653,0.677485,0.752650
1,301,_5894_,generated_control,tier0,tier1,6.776451,0.677976,0.753085
1,302,_6280_,generated_control,tier0,tier1,17.635209,0.678467,0.753520
1,303,_5482_,generated_control,tier0,tier1,4.942080,0.678958,0.753955
1,304,_6386_,generated_control,tier0,tier1,22.045105,0.679450,0.754390
1,305,_6425_,generated_control,tier0,tier1,13.180675,0.679941,0.754826
1,306,_6518_,generated_control,tier0,tier1,4.500595,0.680434,0.755262
1,307,_4454_,generated_control,tier0,tier1,7.491617,0.680926,0.755698
1,308,_4513_,generated_control,tier0,tier1,7.414548,0.681419,0.756134
1,309,_4557_,generated_control,tier0,tier1,7.563920,0.681911,0.756570
1,310,_4638_,generated_control,tier0,tier1,7.514820,0.682405,0.757007
1,311,_5025_,generated_control,tier0,tier1,26.891033,0.682898,0.757444
1,312,_5950_,generated_control,tier0,tier1,9.523023,0.683392,0.757881
1,313,_6324_,generated_control,tier0,tier1,6.023278,0.683886,0.758318
1,314,_6879_,generated_control,tier0,tier1,11.720412,0.684381,0.758756
1,315,_7052_,generated_control,tier0,tier1,8.461976,0.684875,0.759194
1,316,_7069_,generated_control,tier0,tier1,12.629018,0.685370,0.759632
1,317,_6240_,generated_control,tier0,tier1,15.809419,0.685865,0.760070
1,318,_4382_,generated_control,tier0,tier1,15.446148,0.686361,0.760508
1,319,_4755_,generated_control,tier0,tier1,26.874042,0.686857,0.760947
1,320,_4499_,generated_control,tier0,tier1,7.373458,0.687353,0.761386
1,321,_4899_,generated_control,tier0,tier1,7.318560,0.687849,0.761825
1,322,_6392_,generated_control,tier0,tier1,9.296088,0.688346,0.762264
1,323,_6403_,generated_control,tier0,tier1,17.319759,0.688843,0.762703
1,324,_4963_,generated_control,tier0,tier1,22.494545,0.689340,0.763143
1,325,_4299_,generated_control,tier0,tier1,9.186690,0.689838,0.763583
1,326,_6623_,generated_control,tier0,tier1,12.187330,0.690336,0.764023
1,327,_6773_,generated_control,tier0,tier1,6.006056,0.690834,0.764464
1,328,_4205_,generated_control,tier0,tier1,28.274012,0.691333,0.764904
1,329,_4045_,generated_control,tier0,tier1,12.748076,0.691831,0.765345
1,330,_4356_,generated_control,tier0,tier1,22.121878,0.692330,0.765786
1,331,_4361_,generated_control,tier0,tier1,22.148289,0.692830,0.766227
1,332,_4362_,generated_control,tier0,tier1,22.266435,0.693329,0.766669
1,333,_6573_,generated_control,tier0,tier1,12.632844,0.693829,0.767110
1,334,_4357_,generated_control,tier0,tier1,22.123820,0.694330,0.767552
1,335,_3862_,generated_control,tier0,tier1,17.968094,0.694830,0.767994
1,336,_6991_,generated_control,tier0,tier1,4.354046,0.695331,0.768437
1,337,_6799_,generated_control,tier0,tier1,9.799918,0.695832,0.768879
1,338,_6168_,generated_control,tier0,tier1,15.069434,0.696334,0.769322
1,339,_3840_,generated_control,tier0,tier1,5.424104,0.696835,0.769765
1,340,_5250_,generated_control,tier0,tier1,12.592972,0.697337,0.770209
1,341,_5409_,generated_control,tier0,tier1,5.293835,0.697840,0.770652
1,342,_5585_,generated_control,tier0,tier1,12.433784,0.698342,0.771096
1,343,_5621_,generated_control,tier0,tier1,12.425466,0.698845,0.771540
1,344,_6487_,generated_control,tier0,tier1,5.244597,0.699348,0.771984
1,345,_4978_,generated_control,tier0,tier1,9.765394,0.699852,0.772428
1,346,_5245_,generated_control,tier0,tier1,9.868549,0.700356,0.772873
1,347,_5274_,generated_control,tier0,tier1,9.837066,0.700860,0.773317
1,348,_5383_,generated_control,tier0,tier1,9.832038,0.701364,0.773762
1,349,_4962_,generated_control,tier0,tier1,16.561923,0.701869,0.774208
1,350,_7203_,generated_control,tier0,tier1,11.084313,0.702374,0.774653
1,351,_7234_,generated_control,tier0,tier1,11.852374,0.702879,0.775099
1,352,_6577_,generated_control,tier0,tier1,16.949856,0.703385,0.775545
1,353,_6254_,generated_control,tier0,tier1,17.274999,0.703891,0.775991
1,354,_6448_,generated_control,tier0,tier1,8.715026,0.704397,0.776437
1,355,_5038_,generated_control,tier0,tier1,12.844604,0.704903,0.776884
1,356,_6278_,generated_control,tier0,tier1,24.861095,0.705410,0.777331
1,357,_6701_,generated_control,tier0,tier1,15.193736,0.705917,0.777778
1,358,_7213_,generated_control,tier0,tier1,7.896725,0.706425,0.778225
1,359,_4105_,generated_control,tier0,tier1,19.736415,0.706932,0.778673
1,360,_4197_,generated_control,tier0,tier1,25.744492,0.707440,0.779120
1,361,_6635_,generated_control,tier0,tier1,21.263275,0.707949,0.779568
1,362,_3859_,generated_control,tier0,tier1,15.253595,0.708457,0.780016
1,363,_5426_,generated_control,tier0,tier1,15.241345,0.708966,0.780465
1,364,_5580_,generated_control,tier0,tier1,15.246711,0.709476,0.780913
1,365,_5616_,generated_control,tier0,tier1,15.246649,0.709985,0.781362
1,366,_4987_,generated_control,tier0,tier1,8.089310,0.710495,0.781811
1,367,_5228_,generated_control,tier0,tier1,8.183490,0.711005,0.782261
1,368,_5443_,generated_control,tier0,tier1,8.122430,0.711516,0.782710
1,369,_5563_,generated_control,tier0,tier1,8.133646,0.712026,0.783160
1,370,_5633_,generated_control,tier0,tier1,8.092217,0.712537,0.783610
1,371,_5041_,generated_control,tier0,tier1,9.792222,0.713049,0.784060
1,372,_7255_,generated_control,tier0,tier1,6.426789,0.713560,0.784511
1,373,_7110_,generated_control,tier0,tier1,22.545581,0.714072,0.784961
1,374,_4269_,generated_control,tier0,tier1,4.314250,0.714585,0.785412
1,375,_5329_,generated_control,tier0,tier1,19.893223,0.715097,0.785863
1,376,_6683_,generated_control,tier0,tier1,20.267839,0.715610,0.786315
1,377,_7554_,generated_control,tier0,tier1,7.825272,0.716123,0.786766
1,378,_6699_,generated_control,tier0,tier1,9.712705,0.716637,0.787218
1,379,_5071_,generated_control,tier0,tier1,9.677520,0.717151,0.787670
1,380,_5079_,generated_control,tier0,tier1,9.679125,0.717665,0.788122
1,381,_5146_,generated_control,tier0,tier1,9.715286,0.718179,0.788575
1,382,_6724_,generated_control,tier0,tier1,16.721305,0.718694,0.789027
1,383,_3850_,generated_control,tier0,tier1,13.395635,0.719209,0.789480
1,384,_4007_,generated_control,tier0,tier1,9.125996,0.719724,0.789934
1,385,_4287_,generated_control,tier0,tier1,9.125339,0.720240,0.790387
1,386,_4445_,generated_control,tier0,tier1,9.252977,0.720756,0.790841
1,387,_7131_,generated_control,tier0,tier1,8.636997,0.721272,0.791294
1,388,_7142_,generated_control,tier0,tier1,8.660474,0.721789,0.791749
1,389,_7197_,generated_control,tier0,tier1,8.671345,0.722306,0.792203
1,390,_3831_,generated_control,tier0,tier1,12.744231,0.722823,0.792657
1,391,_4661_,generated_control,tier0,tier1,5.678963,0.723340,0.793112
1,392,_6560_,generated_control,tier0,tier1,8.845508,0.723858,0.793567
1,393,_7055_,generated_control,tier0,tier1,12.991642,0.724376,0.794022
1,394,_7066_,generated_control,tier0,tier1,8.585211,0.724895,0.794478
1,395,_6633_,generated_control,tier0,tier1,21.296902,0.725414,0.794934
1,396,_6665_,generated_control,tier0,tier1,8.104727,0.725933,0.795390
1,397,_6964_,generated_control,tier0,tier1,13.029718,0.726452,0.795846
1,398,_7149_,generated_control,tier0,tier1,18.021189,0.726972,0.796302
1,399,_5743_,generated_control,tier0,tier1,5.992968,0.727492,0.796759
1,400,_5604_,generated_control,tier0,tier1,4.509889,0.728012,0.797216
1,401,_7135_,generated_control,tier0,tier1,13.608235,0.728533,0.797673
1,402,_4662_,generated_control,tier0,tier1,11.640646,0.729054,0.798130
1,403,_4668_,generated_control,tier0,tier1,4.728544,0.729575,0.798588
1,404,_6407_,generated_control,tier0,tier1,13.987134,0.730097,0.799045
1,405,_7296_,generated_control,tier0,tier1,13.676547,0.730618,0.799504
1,406,_5918_,generated_control,tier0,tier1,19.500209,0.731141,0.799962
1,407,_7169_,generated_control,tier0,tier1,16.830856,0.731663,0.800420
1,408,_7175_,generated_control,tier0,tier1,16.769324,0.732186,0.800879
1,409,_7336_,generated_control,tier0,tier1,12.447429,0.732709,0.801338
1,410,_5047_,generated_control,tier0,tier1,10.056831,0.733233,0.801797
1,411,_5059_,generated_control,tier0,tier1,10.181069,0.733756,0.802257
1,412,_5134_,generated_control,tier0,tier1,10.119619,0.734281,0.802716
1,413,_7042_,generated_control,tier0,tier1,13.180195,0.734805,0.803176
1,414,_6436_,generated_control,tier0,tier1,11.553318,0.735330,0.803636
1,415,_5830_,generated_control,tier0,tier1,8.736280,0.735855,0.804097
1,416,_5920_,generated_control,tier0,tier1,18.516490,0.736380,0.804557
1,417,_6905_,generated_control,tier0,tier1,13.214407,0.736906,0.805018
1,418,_7150_,generated_control,tier0,tier1,17.162555,0.737432,0.805479
1,419,_5498_,generated_control,tier0,tier1,15.441998,0.737958,0.805941
1,420,_5691_,generated_control,tier0,tier1,15.492033,0.738485,0.806402
1,421,_5525_,generated_control,tier0,tier1,17.089545,0.739012,0.806864
1,422,_4096_,generated_control,tier0,tier1,17.100410,0.739539,0.807326
1,423,_4317_,generated_control,tier0,tier1,17.157965,0.740067,0.807788
1,424,_4332_,generated_control,tier0,tier1,17.107482,0.740595,0.808251
1,425,_4472_,generated_control,tier0,tier1,17.101278,0.741123,0.808713
1,426,_4504_,generated_control,tier0,tier1,17.163899,0.741651,0.809176
1,427,_4570_,generated_control,tier0,tier1,17.106640,0.742180,0.809640
1,428,_4620_,generated_control,tier0,tier1,17.106809,0.742710,0.810103
1,429,_4714_,generated_control,tier0,tier1,17.106774,0.743239,0.810567
1,430,_4860_,generated_control,tier0,tier1,17.106351,0.743769,0.811031
1,431,_4910_,generated_control,tier0,tier1,17.111502,0.744299,0.811495
1,432,_5726_,generated_control,tier0,tier1,17.156162,0.744830,0.811959
1,433,_5808_,generated_control,tier0,tier1,17.151687,0.745361,0.812424
1,434,_6050_,generated_control,tier0,tier1,15.834480,0.745892,0.812889
1,435,_7064_,generated_control,tier0,tier1,13.016186,0.746423,0.813354
1,436,_5324_,generated_control,tier0,tier1,15.470082,0.746955,0.813819
1,437,_6606_,generated_control,tier0,tier1,16.060821,0.747487,0.814285
1,438,_4216_,generated_control,tier0,tier1,21.781219,0.748020,0.814751
1,439,_4775_,generated_control,tier0,tier1,21.850492,0.748552,0.815217
1,440,_5414_,generated_control,tier0,tier1,13.298692,0.749085,0.815683
1,441,_6918_,generated_control,tier0,tier1,12.125214,0.749619,0.816150
1,442,_7316_,generated_control,tier0,tier1,17.245006,0.750153,0.816616
1,443,_5156_,generated_control,tier0,tier1,8.530401,0.750687,0.817083
1,444,_5898_,generated_control,tier0,tier1,5.134337,0.751221,0.817551
1,445,_4406_,generated_control,tier0,tier1,17.014921,0.751756,0.818018
1,446,_6817_,generated_control,tier0,tier1,21.462315,0.752291,0.818486
1,447,_6854_,generated_control,tier0,tier1,21.591881,0.752826,0.818954
1,448,_5656_,generated_control,tier0,tier1,7.738929,0.753362,0.819422
1,449,_6532_,generated_control,tier0,tier1,3.801549,0.753898,0.819891
1,450,_4229_,generated_control,tier0,tier1,18.006435,0.754434,0.820359
1,451,_4396_,generated_control,tier0,tier1,18.027587,0.754971,0.820828
1,452,_4782_,generated_control,tier0,tier1,18.027831,0.755508,0.821297
1,453,_4828_,generated_control,tier0,tier1,18.027725,0.756045,0.821767
1,454,_4340_,generated_control,tier0,tier1,10.501586,0.756583,0.822237
1,455,_7012_,generated_control,tier0,tier1,13.647040,0.757121,0.822706
1,456,_4121_,generated_control,tier0,tier1,10.316936,0.757659,0.823177
1,457,_5821_,generated_control,tier0,tier1,13.003809,0.758198,0.823647
1,458,_6598_,generated_control,tier0,tier1,13.597267,0.758737,0.824118
1,459,_7210_,generated_control,tier0,tier1,15.466930,0.759276,0.824589
1,460,_5966_,generated_control,tier0,tier1,14.313830,0.759816,0.825060
1,461,clkbuf_leaf_85_clk,clock_reset,tier0,tier1,0.709013,0.760356,0.825413
1,462,clone2171,clock_reset,tier0,tier1,2.270679,0.760896,0.825767
1,463,clone2575,clock_reset,tier0,tier1,2.163066,0.761437,0.826121
1,464,_6126_,clock_reset,tier0,tier1,22.510175,0.761978,0.826475
1,465,_6287_,clock_reset,tier0,tier1,21.219620,0.762519,0.826829
1,466,clone1895,clock_reset,tier0,tier1,1.216830,0.763061,0.827183
1,467,output113,clock_reset,tier0,tier1,8.797323,0.763603,0.827537
1,468,output128,clock_reset,tier0,tier1,8.913898,0.764145,0.827892
1,469,input42,fetch,tier0,tier1,6.180170,0.764688,0.828246
1,470,input37,fetch,tier0,tier1,5.735257,0.765231,0.828601
1,471,input36,fetch,tier0,tier1,5.079857,0.765774,0.828956
1,472,input43,fetch,tier0,tier1,5.122279,0.766318,0.829311
1,473,input48,fetch,tier0,tier1,7.497046,0.766862,0.829666
1,474,input57,fetch,tier0,tier1,5.169591,0.767406,0.830021
1,475,place1466,generated_control,tier0,tier1,4.456609,0.767951,0.830377
1,476,place1260,generated_control,tier0,tier1,2.731269,0.768496,0.830732
1,477,place1455,generated_control,tier0,tier1,4.001878,0.769041,0.831088
1,478,place1254,generated_control,tier0,tier1,8.136389,0.769587,0.831444
1,479,place1333,generated_control,tier0,tier1,0.462917,0.770133,0.831800
1,480,place1465,generated_control,tier0,tier1,7.961456,0.770679,0.832156
1,481,_4374_,generated_control,tier0,tier1,0.889242,0.771226,0.832512
1,482,place1354,generated_control,tier0,tier1,0.847909,0.771773,0.832869
1,483,place1348,generated_control,tier0,tier1,3.190464,0.772320,0.833225
1,484,place1373,generated_control,tier0,tier1,0.785974,0.772868,0.833582
1,485,rebuffer2333,generated_control,tier0,tier1,1.754552,0.773416,0.833939
1,486,place1316,generated_control,tier0,tier1,0.499465,0.773964,0.834296
1,487,place1352,generated_control,tier0,tier1,0.301450,0.774513,0.834653
1,488,place1170,generated_control,tier0,tier1,3.046085,0.775062,0.835010
1,489,_7115_,generated_control,tier0,tier1,3.374474,0.775611,0.835367
1,490,place1001,generated_control,tier0,tier1,1.045767,0.776161,0.835725
1,491,place1038,generated_control,tier0,tier1,4.142567,0.776711,0.836083
1,492,place1054,generated_control,tier0,tier1,0.867517,0.777261,0.836440
1,493,place1071,generated_control,tier0,tier1,3.960171,0.777812,0.836798
1,494,place1072,generated_control,tier0,tier1,7.659761,0.778363,0.837156
1,495,place1098,generated_control,tier0,tier1,7.596892,0.778915,0.837515
1,496,place1108,generated_control,tier0,tier1,4.109518,0.779467,0.837873
1,497,place1116,generated_control,tier0,tier1,3.183292,0.780019,0.838231
1,498,place1140,generated_control,tier0,tier1,4.147290,0.780571,0.838590
1,499,place1142,generated_control,tier0,tier1,7.205676,0.781124,0.838949
1,500,place1169,generated_control,tier0,tier1,0.858932,0.781677,0.839308
1,501,place1247,generated_control,tier0,tier1,0.954240,0.782231,0.839667
1,502,place1358,generated_control,tier0,tier1,1.799130,0.782784,0.840026
1,503,place1371,generated_control,tier0,tier1,0.750604,0.783339,0.840385
1,504,place1382,generated_control,tier0,tier1,3.083772,0.783893,0.840745
1,505,place1412,generated_control,tier0,tier1,0.673930,0.784448,0.841104
1,506,place1414,generated_control,tier0,tier1,4.225625,0.785003,0.841464
1,507,place1417,generated_control,tier0,tier1,4.232136,0.785559,0.841824
1,508,place1425,generated_control,tier0,tier1,0.693627,0.786115,0.842184
1,509,place1429,generated_control,tier0,tier1,4.084399,0.786671,0.842544
1,510,place1434,generated_control,tier0,tier1,1.044133,0.787227,0.842905
1,511,place1451,generated_control,tier0,tier1,4.350016,0.787784,0.843265
1,512,place1456,generated_control,tier0,tier1,7.818101,0.788342,0.843626
1,513,place1564,generated_control,tier0,tier1,3.320959,0.788899,0.843986
1,514,place1566,generated_control,tier0,tier1,3.321933,0.789457,0.844347
1,515,place1585,generated_control,tier0,tier1,3.255892,0.790016,0.844708
1,516,rebuffer1886,generated_control,tier0,tier1,0.908494,0.790574,0.845070
1,517,rebuffer2084,generated_control,tier0,tier1,1.166976,0.791133,0.845431
1,518,rebuffer2226,generated_control,tier0,tier1,1.231701,0.791693,0.845792
1,519,rebuffer2235,generated_control,tier0,tier1,1.826290,0.792252,0.846154
1,520,rebuffer2300,generated_control,tier0,tier1,0.966523,0.792813,0.846516
1,521,rebuffer2334,generated_control,tier0,tier1,4.168199,0.793373,0.846877
1,522,place1422,generated_control,tier0,tier1,0.791038,0.793934,0.847239
1,523,place1295,generated_control,tier0,tier1,5.168841,0.794495,0.847602
1,524,place1337,generated_control,tier0,tier1,3.141779,0.795056,0.847964
1,525,place1420,generated_control,tier0,tier1,4.129569,0.795618,0.848326
1,526,place1321,generated_control,tier0,tier1,3.266375,0.796180,0.848689
1,527,place1335,generated_control,tier0,tier1,0.489252,0.796743,0.849052
1,528,_4181_,generated_control,tier0,tier1,5.984391,0.797306,0.849415
1,529,place1350,generated_control,tier0,tier1,9.741401,0.797869,0.849778
1,530,place1160,generated_control,tier0,tier1,0.714080,0.798433,0.850141
1,531,place1457,generated_control,tier0,tier1,8.759539,0.798997,0.850504
1,532,place1308,generated_control,tier0,tier1,5.142792,0.799561,0.850867
1,533,place1314,generated_control,tier0,tier1,0.140149,0.800126,0.851231
1,534,place1329,generated_control,tier0,tier1,0.431501,0.800691,0.851595
1,535,place1399,generated_control,tier0,tier1,0.639081,0.801256,0.851959
1,536,place1453,generated_control,tier0,tier1,10.010488,0.801822,0.852323
1,537,_4758_,generated_control,tier0,tier1,1.270362,0.802388,0.852687
1,538,place1112,generated_control,tier0,tier1,1.484169,0.802954,0.853051
1,539,place1148,generated_control,tier0,tier1,1.456803,0.803521,0.853415
1,540,place1376,generated_control,tier0,tier1,3.300808,0.804088,0.853780
1,541,place1631,generated_control,tier0,tier1,3.378619,0.804656,0.854145
1,542,place1014,generated_control,tier0,tier1,0.261594,0.805223,0.854510
1,543,place1095,generated_control,tier0,tier1,6.579317,0.805792,0.854875
1,544,place1173,generated_control,tier0,tier1,3.258375,0.806360,0.855240
1,545,place1353,generated_control,tier0,tier1,16.813319,0.806929,0.855605
1,546,place1374,generated_control,tier0,tier1,3.424855,0.807498,0.855971
1,547,place1421,generated_control,tier0,tier1,7.070540,0.808068,0.856336
1,548,place1423,generated_control,tier0,tier1,3.382762,0.808638,0.856702
1,549,place999,generated_control,tier0,tier1,3.349378,0.809208,0.857068
1,550,rebuffer2223,generated_control,tier0,tier1,0.112984,0.809779,0.857434
1,551,rebuffer2276,generated_control,tier0,tier1,3.138009,0.810350,0.857800
1,552,_5868_,generated_control,tier0,tier1,5.670876,0.810922,0.858166
1,553,place1323,generated_control,tier0,tier1,3.848397,0.811494,0.858533
1,554,place1460,generated_control,tier0,tier1,15.027333,0.812066,0.858899
1,555,_3978_,generated_control,tier0,tier1,8.773189,0.812638,0.859266
1,556,place1159,generated_control,tier0,tier1,0.385974,0.813211,0.859633
1,557,place1164,generated_control,tier0,tier1,0.487834,0.813784,0.860000
1,558,place1327,generated_control,tier0,tier1,0.659623,0.814358,0.860367
1,559,place1368,generated_control,tier0,tier1,0.659688,0.814932,0.860735
1,560,place1378,generated_control,tier0,tier1,8.792770,0.815506,0.861102
1,561,place1322,generated_control,tier0,tier1,3.079735,0.816081,0.861470
1,562,place1608,generated_control,tier0,tier1,5.490939,0.816656,0.861837
1,563,place1605,generated_control,tier0,tier1,5.634449,0.817232,0.862205
1,564,_4891_,generated_control,tier0,tier1,1.199784,0.817807,0.862573
1,565,_5474_,generated_control,tier0,tier1,1.132626,0.818384,0.862941
1,566,place1115,generated_control,tier0,tier1,7.556179,0.818960,0.863310
1,567,place1171,generated_control,tier0,tier1,4.242593,0.819537,0.863678
1,568,place1307,generated_control,tier0,tier1,8.736874,0.820114,0.864047
1,569,place1317,generated_control,tier0,tier1,1.844611,0.820692,0.864416
1,570,place1326,generated_control,tier0,tier1,1.792391,0.821270,0.864785
1,571,place1330,generated_control,tier0,tier1,1.728656,0.821848,0.865154
1,572,place1334,generated_control,tier0,tier1,1.748692,0.822427,0.865523
1,573,place1389,generated_control,tier0,tier1,1.879301,0.823006,0.865892
1,574,place1402,generated_control,tier0,tier1,1.782594,0.823586,0.866262
1,575,_3887_,generated_control,tier0,tier1,16.181804,0.824165,0.866631
1,576,place1146,generated_control,tier0,tier1,9.654848,0.824746,0.867001
1,577,place1158,generated_control,tier0,tier1,4.863069,0.825326,0.867371
1,578,place1318,generated_control,tier0,tier1,10.242584,0.825907,0.867741
1,579,place1113,generated_control,tier0,tier1,9.617327,0.826488,0.868112
1,580,place1320,generated_control,tier0,tier1,5.208275,0.827070,0.868482
1,581,place1629,generated_control,tier0,tier1,17.197021,0.827652,0.868852
1,582,place1394,generated_control,tier0,tier1,5.121132,0.828235,0.869223
1,583,input71,generated_control,tier0,tier1,4.285111,0.828817,0.869594
1,584,place1000,generated_control,tier0,tier1,1.677209,0.829401,0.869965
1,585,place1002,generated_control,tier0,tier1,1.038143,0.829984,0.870336
1,586,place1013,generated_control,tier0,tier1,1.126667,0.830568,0.870707
1,587,place1020,generated_control,tier0,tier1,1.776568,0.831152,0.871079
1,588,place1033,generated_control,tier0,tier1,1.060301,0.831737,0.871450
1,589,place1034,generated_control,tier0,tier1,0.782555,0.832322,0.871822
1,590,place1041,generated_control,tier0,tier1,1.021797,0.832907,0.872194
1,591,place1044,generated_control,tier0,tier1,1.066800,0.833493,0.872566
1,592,place1080,generated_control,tier0,tier1,7.907858,0.834079,0.872938
1,593,place1087,generated_control,tier0,tier1,0.803354,0.834666,0.873310
1,594,place1124,generated_control,tier0,tier1,7.895799,0.835253,0.873683
1,595,place1226,generated_control,tier0,tier1,1.762226,0.835840,0.874055
1,596,place1440,generated_control,tier0,tier1,0.940930,0.836428,0.874428
1,597,place997,generated_control,tier0,tier1,1.791254,0.837016,0.874801
1,598,place998,generated_control,tier0,tier1,0.850944,0.837604,0.875174
1,599,rebuffer1640,generated_control,tier0,tier1,7.813233,0.838193,0.875547
1,600,rebuffer1668,generated_control,tier0,tier1,0.956755,0.838782,0.875921
1,601,rebuffer1885,generated_control,tier0,tier1,7.578664,0.839372,0.876294
1,602,rebuffer2069,generated_control,tier0,tier1,0.965564,0.839962,0.876668
1,603,place1630,generated_control,tier0,tier1,18.811714,0.840552,0.877042
1,604,place1325,generated_control,tier0,tier1,9.822856,0.841142,0.877415
1,605,place1397,generated_control,tier0,tier1,0.977929,0.841734,0.877790
1,606,place1607,generated_control,tier0,tier1,17.912540,0.842325,0.878164
1,607,place1426,generated_control,tier0,tier1,7.913989,0.842917,0.878538
1,608,place1427,generated_control,tier0,tier1,7.802381,0.843509,0.878913
1,609,place1527,generated_control,tier0,tier1,3.589594,0.844102,0.879287
1,610,place1530,generated_control,tier0,tier1,3.644477,0.844695,0.879662
1,611,place1532,generated_control,tier0,tier1,3.692794,0.845288,0.880037
1,612,rebuffer1676,generated_control,tier0,tier1,3.652089,0.845882,0.880412
1,613,_4282_,generated_control,tier0,tier1,9.046617,0.846476,0.880788
1,614,_5763_,generated_control,tier0,tier1,1.090178,0.847070,0.881163
1,615,place1130,generated_control,tier0,tier1,0.368393,0.847665,0.881539
1,616,place1186,generated_control,tier0,tier1,8.679404,0.848260,0.881914
1,617,place1296,generated_control,tier0,tier1,10.689936,0.848856,0.882290
1,618,place1306,generated_control,tier0,tier1,5.319747,0.849452,0.882666
1,619,place1328,generated_control,tier0,tier1,5.353240,0.850048,0.883042
1,620,place1392,generated_control,tier0,tier1,4.275807,0.850645,0.883419
1,621,place1443,generated_control,tier0,tier1,9.008776,0.851242,0.883795
1,622,_6124_,generated_control,tier0,tier1,9.921624,0.851840,0.884172
1,623,place1445,generated_control,tier0,tier1,0.933822,0.852438,0.884549
1,624,place1624,generated_control,tier0,tier1,24.932161,0.853036,0.884926
1,625,place1401,generated_control,tier0,tier1,10.710038,0.853635,0.885303
1,626,place1627,generated_control,tier0,tier1,1.687282,0.854234,0.885680
1,627,place1347,generated_control,tier0,tier1,13.049046,0.854833,0.886057
1,628,place1253,generated_control,tier0,tier1,9.193416,0.855433,0.886435
1,629,place1626,generated_control,tier0,tier1,17.602400,0.856034,0.886813
1,630,_4102_,generated_control,tier0,tier1,17.125140,0.856634,0.887190
1,631,place1625,generated_control,tier0,tier1,23.038046,0.857235,0.887568
1,632,place1137,generated_control,tier0,tier1,9.082993,0.857837,0.887947
1,633,_6495_,generated_control,tier0,tier1,9.780443,0.858439,0.888325
1,634,place1152,generated_control,tier0,tier1,9.767850,0.859041,0.888703
1,635,place1336,generated_control,tier0,tier1,9.816596,0.859643,0.889082
1,636,_4805_,generated_control,tier0,tier1,1.321549,0.860246,0.889461
1,637,_6144_,generated_control,tier0,tier1,5.406410,0.860850,0.889840
1,638,place1393,generated_control,tier0,tier1,8.002442,0.861454,0.890219
1,639,place1628,generated_control,tier0,tier1,19.864505,0.862058,0.890598
1,640,place1310,generated_control,tier0,tier1,9.966857,0.862662,0.890977
1,641,_6249_,generated_control,tier0,tier1,9.854263,0.863267,0.891357
1,642,_6610_,generated_control,tier0,tier1,9.824785,0.863873,0.891736
1,643,place1375,generated_control,tier0,tier1,9.907586,0.864478,0.892116
1,644,place1458,generated_control,tier0,tier1,3.158640,0.865085,0.892496
1,645,place1448,generated_control,tier0,tier1,1.435830,0.865691,0.892876
1,646,place1062,generated_control,tier0,tier1,0.119916,0.866298,0.893257
1,647,place1088,generated_control,tier0,tier1,4.500806,0.866905,0.893637
1,648,place1143,generated_control,tier0,tier1,0.195710,0.867513,0.894018
1,649,place1147,generated_control,tier0,tier1,9.771515,0.868121,0.894398
1,650,place1342,generated_control,tier0,tier1,0.031905,0.868730,0.894779
1,651,place1452,generated_control,tier0,tier1,9.155146,0.869339,0.895160
1,652,rebuffer1657,generated_control,tier0,tier1,0.019750,0.869948,0.895541
1,653,rebuffer2275,generated_control,tier0,tier1,0.243449,0.870558,0.895923
1,654,_5983_,generated_control,tier0,tier1,17.291147,0.871168,0.896304
1,655,place1606,generated_control,tier0,tier1,4.149071,0.871778,0.896686
1,656,_6248_,generated_control,tier0,tier1,4.386031,0.872389,0.897068
1,657,_6931_,generated_control,tier0,tier1,4.252598,0.873000,0.897450
1,658,output156,generated_control,tier0,tier1,5.280310,0.873612,0.897832
1,659,output176,generated_control,tier0,tier1,4.404575,0.874224,0.898214
1,660,output187,generated_control,tier0,tier1,4.432207,0.874837,0.898596
1,661,output191,generated_control,tier0,tier1,4.523114,0.875449,0.898979
1,662,place1012,generated_control,tier0,tier1,4.551364,0.876063,0.899362
1,663,place1017,generated_control,tier0,tier1,4.373978,0.876676,0.899745
1,664,place1021,generated_control,tier0,tier1,4.512164,0.877291,0.900128
1,665,place1028,generated_control,tier0,tier1,1.992535,0.877905,0.900511
1,666,place1029,generated_control,tier0,tier1,1.965092,0.878520,0.900894
1,667,place1039,generated_control,tier0,tier1,4.375799,0.879135,0.901278
1,668,place1040,generated_control,tier0,tier1,1.876038,0.879751,0.901661
1,669,place1045,generated_control,tier0,tier1,4.413588,0.880367,0.902045
1,670,place1047,generated_control,tier0,tier1,4.339686,0.880984,0.902429
1,671,place1051,generated_control,tier0,tier1,5.206914,0.881601,0.902813
1,672,place1058,generated_control,tier0,tier1,5.238762,0.882218,0.903198
1,673,place1066,generated_control,tier0,tier1,4.539743,0.882836,0.903582
1,674,place1067,generated_control,tier0,tier1,4.403385,0.883454,0.903967
1,675,place1084,generated_control,tier0,tier1,4.396322,0.884072,0.904351
1,676,place1091,generated_control,tier0,tier1,5.361093,0.884691,0.904736
1,677,place1097,generated_control,tier0,tier1,7.956179,0.885311,0.905121
1,678,place1101,generated_control,tier0,tier1,1.121206,0.885930,0.905507
1,679,place1105,generated_control,tier0,tier1,9.041969,0.886550,0.905892
1,680,place1106,generated_control,tier0,tier1,9.213869,0.887171,0.906277
1,681,place1107,generated_control,tier0,tier1,8.965523,0.887792,0.906663
1,682,place1120,generated_control,tier0,tier1,4.277305,0.888413,0.907049
1,683,place1122,generated_control,tier0,tier1,4.393513,0.889035,0.907435
1,684,place1133,generated_control,tier0,tier1,0.848178,0.889657,0.907821
1,685,place1138,generated_control,tier0,tier1,8.029136,0.890280,0.908207
1,686,place1174,generated_control,tier0,tier1,4.462155,0.890903,0.908594
1,687,place1214,generated_control,tier0,tier1,4.287705,0.891527,0.908980
1,688,place1250,generated_control,tier0,tier1,4.551625,0.892150,0.909367
1,689,place1299,generated_control,tier0,tier1,1.034695,0.892775,0.909754
1,690,place1366,generated_control,tier0,tier1,4.658227,0.893399,0.910141
1,691,place1372,generated_control,tier0,tier1,8.864379,0.894024,0.910528
1,692,place1406,generated_control,tier0,tier1,4.609054,0.894650,0.910916
1,693,place1409,generated_control,tier0,tier1,4.527161,0.895276,0.911303
1,694,place1432,generated_control,tier0,tier1,4.648078,0.895902,0.911691
1,695,place1436,generated_control,tier0,tier1,4.526205,0.896529,0.912079
1,696,place1462,generated_control,tier0,tier1,8.028483,0.897156,0.912467
1,697,place1469,generated_control,tier0,tier1,4.625732,0.897784,0.912855
1,698,place1500,generated_control,tier0,tier1,4.584874,0.898412,0.913244
1,699,place1507,generated_control,tier0,tier1,4.585052,0.899040,0.913632
1,700,place1508,generated_control,tier0,tier1,4.687351,0.899669,0.914021
1,701,place1552,generated_control,tier0,tier1,4.603506,0.900298,0.914410
1,702,place1569,generated_control,tier0,tier1,4.553401,0.900928,0.914799
1,703,place1575,generated_control,tier0,tier1,4.553761,0.901558,0.915188
1,704,place995,generated_control,tier0,tier1,4.364076,0.902188,0.915577
1,705,place996,generated_control,tier0,tier1,1.900800,0.902819,0.915966
1,706,rebuffer1656,generated_control,tier0,tier1,5.346818,0.903451,0.916356
1,707,rebuffer1662,generated_control,tier0,tier1,7.822734,0.904082,0.916746
1,708,rebuffer1674,generated_control,tier0,tier1,4.348795,0.904714,0.917136
1,709,rebuffer1768,generated_control,tier0,tier1,1.263858,0.905347,0.917526
1,710,rebuffer1783,generated_control,tier0,tier1,4.537063,0.905980,0.917916
1,711,rebuffer2224,generated_control,tier0,tier1,9.018401,0.906613,0.918306
1,712,rebuffer2225,generated_control,tier0,tier1,8.714940,0.907247,0.918697
1,713,rebuffer2231,generated_control,tier0,tier1,8.707027,0.907882,0.919088
1,714,_3826_,generated_control,tier0,tier1,18.933968,0.908516,0.919479
1,715,_4483_,generated_control,tier0,tier1,9.348918,0.909151,0.919870
1,716,_7023_,generated_control,tier0,tier1,8.905757,0.909787,0.920261
1,717,place1161,generated_control,tier0,tier1,10.830974,0.910423,0.920652
1,718,place1603,generated_control,tier0,tier1,8.866258,0.911059,0.921044
1,719,place1144,generated_control,tier0,tier1,13.769240,0.911696,0.921435
1,720,place1464,generated_control,tier0,tier1,10.645577,0.912333,0.921827
1,721,place1479,generated_control,tier0,tier1,13.072376,0.912971,0.922219
1,722,place1478,generated_control,tier0,tier1,17.234519,0.913609,0.922611
1,723,place1477,generated_control,tier0,tier1,15.065627,0.914248,0.923004
1,724,place1349,generated_control,tier0,tier1,9.381615,0.914887,0.923396
1,725,place1467,generated_control,tier0,tier1,11.235014,0.915526,0.923789
1,726,_4190_,generated_control,tier0,tier1,14.384103,0.916166,0.924182
1,727,_6149_,generated_control,tier0,tier1,9.932021,0.916806,0.924575
1,728,_6877_,generated_control,tier0,tier1,8.826646,0.917447,0.924968
1,729,_6882_,generated_control,tier0,tier1,8.586657,0.918088,0.925361
1,730,place1119,generated_control,tier0,tier1,4.362842,0.918729,0.925754
1,731,place1126,generated_control,tier0,tier1,5.039005,0.919371,0.926148
1,732,place1145,generated_control,tier0,tier1,5.080833,0.920013,0.926542
1,733,place1155,generated_control,tier0,tier1,5.091286,0.920656,0.926936
1,734,place1165,generated_control,tier0,tier1,5.056351,0.921299,0.927330
1,735,place1223,generated_control,tier0,tier1,8.664973,0.921943,0.927724
1,736,place1224,generated_control,tier0,tier1,8.832907,0.922587,0.928118
1,737,place1315,generated_control,tier0,tier1,9.956373,0.923232,0.928513
1,738,place1319,generated_control,tier0,tier1,9.834482,0.923877,0.928908
1,739,place1332,generated_control,tier0,tier1,5.406562,0.924522,0.929303
1,740,place1472,generated_control,tier0,tier1,12.353925,0.925168,0.929698
1,741,place1184,generated_control,tier0,tier1,11.684696,0.925814,0.930093
1,742,place1470,generated_control,tier0,tier1,10.029951,0.926461,0.930488
1,743,place1604,generated_control,tier0,tier1,2.160258,0.927108,0.930884
1,744,place1404,generated_control,tier0,tier1,11.568666,0.927755,0.931279
1,745,_5838_,generated_control,tier0,tier1,7.993309,0.928403,0.931675
1,746,place1022,generated_control,tier0,tier1,4.613624,0.929052,0.932071
1,747,place1042,generated_control,tier0,tier1,4.418942,0.929701,0.932468
1,748,place1059,generated_control,tier0,tier1,4.623426,0.930350,0.932864
1,749,place1064,generated_control,tier0,tier1,4.513456,0.931000,0.933260
1,750,place1065,generated_control,tier0,tier1,3.604788,0.931650,0.933657
1,751,place1085,generated_control,tier0,tier1,8.024304,0.932300,0.934054
1,752,place1096,generated_control,tier0,tier1,8.167054,0.932951,0.934451
1,753,place1100,generated_control,tier0,tier1,3.569541,0.933603,0.934848
1,754,place1182,generated_control,tier0,tier1,7.918304,0.934255,0.935245
1,755,place1261,generated_control,tier0,tier1,8.341221,0.934907,0.935643
1,756,place1339,generated_control,tier0,tier1,3.672746,0.935560,0.936041
1,757,place1396,generated_control,tier0,tier1,8.236963,0.936213,0.936438
1,758,rebuffer1658,generated_control,tier0,tier1,3.659152,0.936867,0.936836
1,759,rebuffer1663,generated_control,tier0,tier1,4.502603,0.937521,0.937234
1,760,rebuffer1761,generated_control,tier0,tier1,1.155498,0.938176,0.937633
1,761,rebuffer2230,generated_control,tier0,tier1,1.380241,0.938831,0.938031
1,762,rebuffer2252,generated_control,tier0,tier1,3.638040,0.939486,0.938430
1,763,place1476,generated_control,tier0,tier1,23.289598,0.940142,0.938829
1,764,_7080_,generated_control,tier0,tier1,8.822929,0.940798,0.939228
1,765,_7428_,generated_control,tier0,tier1,8.786934,0.941455,0.939627
1,766,_7545_,generated_control,tier0,tier1,8.838676,0.942112,0.940026
1,767,_7547_,generated_control,tier0,tier1,8.823247,0.942770,0.940426
1,768,place1060,generated_control,tier0,tier1,8.988702,0.943428,0.940825
1,769,place1110,generated_control,tier0,tier1,9.672252,0.944087,0.941225
1,770,place1114,generated_control,tier0,tier1,8.761004,0.944746,0.941625
1,771,place1187,generated_control,tier0,tier1,8.684154,0.945405,0.942025
1,772,place1225,generated_control,tier0,tier1,8.807241,0.946065,0.942425
1,773,place1395,generated_control,tier0,tier1,9.921587,0.946725,0.942826
1,774,place1400,generated_control,tier0,tier1,9.879961,0.947386,0.943226
1,775,place1150,generated_control,tier0,tier1,9.597759,0.948048,0.943627
1,776,place1153,generated_control,tier0,tier1,9.694048,0.948709,0.944028
1,777,place1480,generated_control,tier0,tier1,12.977935,0.949371,0.944429
1,778,place1474,generated_control,tier0,tier1,11.079074,0.950034,0.944830
1,779,output192,generated_control,tier0,tier1,4.703069,0.950697,0.945232
1,780,place1048,generated_control,tier0,tier1,4.549899,0.951361,0.945633
1,781,place1090,generated_control,tier0,tier1,4.424227,0.952024,0.946035
1,782,place1118,generated_control,tier0,tier1,9.832890,0.952689,0.946437
1,783,place1444,generated_control,tier0,tier1,8.552104,0.953354,0.946839
1,784,place1475,generated_control,tier0,tier1,16.835500,0.954019,0.947242
1,785,place1596,generated_control,tier0,tier1,16.607233,0.954685,0.947644
1,786,output193,generated_control,tier0,tier1,4.675695,0.955351,0.948047
1,787,place1111,generated_control,tier0,tier1,9.900231,0.956018,0.948449
1,788,place1149,generated_control,tier0,tier1,9.932874,0.956685,0.948852
1,789,place1602,generated_control,tier0,tier1,17.959031,0.957352,0.949255
1,790,place1162,generated_control,tier0,tier1,5.303608,0.958020,0.949659
1,791,output194,generated_control,tier0,tier1,4.622152,0.958689,0.950062
1,792,place1601,generated_control,tier0,tier1,12.597670,0.959358,0.950466
1,793,place1482,generated_control,tier0,tier1,8.813202,0.960027,0.950869
1,794,place1219,generated_control,tier0,tier1,15.190276,0.960697,0.951273
1,795,place1486,generated_control,tier0,tier1,14.939628,0.961368,0.951677
1,796,place1594,generated_control,tier0,tier1,14.223801,0.962038,0.952082
1,797,place1043,generated_control,tier0,tier1,7.204037,0.962710,0.952486
1,798,rebuffer1675,generated_control,tier0,tier1,7.207712,0.963381,0.952891
1,799,place1481,generated_control,tier0,tier1,12.383032,0.964053,0.953296
1,800,place1344,generated_control,tier0,tier1,2.700334,0.964726,0.953701
1,801,place1484,generated_control,tier0,tier1,8.116980,0.965399,0.954106
1,802,place1597,generated_control,tier0,tier1,24.513694,0.966073,0.954511
1,803,place1463,generated_control,tier0,tier1,9.600339,0.966747,0.954916
1,804,place1595,generated_control,tier0,tier1,6.053898,0.967421,0.955322
1,805,place1293,generated_control,tier0,tier1,7.127214,0.968096,0.955728
1,806,output130,generated_control,tier0,tier1,7.429202,0.968771,0.956134
1,807,place1485,generated_control,tier0,tier1,21.561629,0.969447,0.956540
1,808,place1483,generated_control,tier0,tier1,15.219689,0.970124,0.956946
1,809,place1473,generated_control,tier0,tier1,11.789306,0.970800,0.957353
1,810,place1598,generated_control,tier0,tier1,23.326612,0.971478,0.957759
1,811,place1471,generated_control,tier0,tier1,13.120957,0.972155,0.958166
1,812,place1489,generated_control,tier0,tier1,13.091938,0.972834,0.958573
1,813,place1487,generated_control,tier0,tier1,9.316912,0.973512,0.958980
1,814,_7611_,generated_control,tier0,tier1,10.646942,0.974191,0.959387
1,815,_7340_,generated_control,tier0,tier1,9.262354,0.974871,0.959795
1,816,place1109,generated_control,tier0,tier1,9.778539,0.975551,0.960202
1,817,place1209,generated_control,tier0,tier1,8.960609,0.976231,0.960610
1,818,place1221,generated_control,tier0,tier1,8.852368,0.976912,0.961018
1,819,place1222,generated_control,tier0,tier1,8.963518,0.977594,0.961426
1,820,rebuffer2577,generated_control,tier0,tier1,8.898465,0.978276,0.961835
1,821,place1068,generated_control,tier0,tier1,10.058497,0.978958,0.962243
1,822,place1131,generated_control,tier0,tier1,8.950135,0.979641,0.962652
1,823,place1132,generated_control,tier0,tier1,9.615103,0.980324,0.963061
1,824,place1134,generated_control,tier0,tier1,9.346033,0.981008,0.963470
1,825,place1166,generated_control,tier0,tier1,8.997652,0.981693,0.963879
1,826,place1167,generated_control,tier0,tier1,9.876188,0.982377,0.964288
1,827,place1168,generated_control,tier0,tier1,9.973227,0.983063,0.964698
1,828,place1210,generated_control,tier0,tier1,9.050600,0.983748,0.965107
1,829,place1212,generated_control,tier0,tier1,9.933693,0.984434,0.965517
1,830,place1220,generated_control,tier0,tier1,9.238718,0.985121,0.965927
1,831,place1227,generated_control,tier0,tier1,9.887026,0.985808,0.966337
1,832,place1228,generated_control,tier0,tier1,9.883685,0.986496,0.966748
1,833,place1229,generated_control,tier0,tier1,9.929952,0.987184,0.967158
1,834,place1230,generated_control,tier0,tier1,9.906204,0.987872,0.967569
1,835,place1231,generated_control,tier0,tier1,9.919698,0.988562,0.967980
1,836,place1232,generated_control,tier0,tier1,10.932521,0.989251,0.968391
1,837,place1233,generated_control,tier0,tier1,9.999869,0.989941,0.968802
1,838,place1234,generated_control,tier0,tier1,10.983590,0.990632,0.969214
1,839,place1235,generated_control,tier0,tier1,10.905182,0.991322,0.969625
1,840,place1237,generated_control,tier0,tier1,9.931704,0.992014,0.970037
1,841,place1238,generated_control,tier0,tier1,10.919380,0.992706,0.970449
1,842,place1239,generated_control,tier0,tier1,10.920743,0.993398,0.970861
1,843,rebuffer1642,generated_control,tier0,tier1,9.711440,0.994091,0.971273
1,844,rebuffer1660,generated_control,tier0,tier1,9.087142,0.994784,0.971686
1,845,rebuffer2229,generated_control,tier0,tier1,10.538446,0.995478,0.972098
1,846,rebuffer2330,generated_control,tier0,tier1,9.124996,0.996173,0.972511
1,847,output101,generated_control,tier0,tier1,4.747853,0.996867,0.972924
1,848,output102,generated_control,tier0,tier1,4.674830,0.997563,0.973337
1,849,output125,generated_control,tier0,tier1,4.646424,0.998258,0.973750
1,850,output126,generated_control,tier0,tier1,4.694264,0.998955,0.974164
1,851,output127,generated_control,tier0,tier1,5.572104,0.999651,0.974577
1,852,output99,generated_control,tier0,tier1,5.292964,0.999651,0.974991
1,853,place1009,generated_control,tier0,tier1,9.704226,0.998955,0.975405
1,854,place1010,generated_control,tier0,tier1,8.727298,0.998258,0.975819
1,855,place1011,generated_control,tier0,tier1,9.376124,0.997563,0.976234
1,856,place1015,generated_control,tier0,tier1,9.487537,0.996867,0.976648
1,857,place1031,generated_control,tier0,tier1,8.802179,0.996173,0.977063
1,858,place1036,generated_control,tier0,tier1,9.670230,0.995478,0.977478
1,859,place1037,generated_control,tier0,tier1,9.538318,0.994784,0.977893
1,860,place1052,generated_control,tier0,tier1,8.782183,0.994091,0.978308
1,861,place1057,generated_control,tier0,tier1,8.832634,0.993398,0.978723
1,862,place1069,generated_control,tier0,tier1,8.727191,0.992706,0.979139
1,863,place1070,generated_control,tier0,tier1,8.923066,0.992014,0.979555
1,864,place1081,generated_control,tier0,tier1,8.783750,0.991322,0.979971
1,865,place1082,generated_control,tier0,tier1,8.842093,0.990632,0.980387
1,866,place1083,generated_control,tier0,tier1,8.880389,0.989941,0.980803
1,867,place1086,generated_control,tier0,tier1,8.737145,0.989251,0.981219
1,868,place1092,generated_control,tier0,tier1,8.730997,0.988562,0.981636
1,869,place1094,generated_control,tier0,tier1,8.768019,0.987872,0.982053
1,870,place1104,generated_control,tier0,tier1,8.736513,0.987184,0.982470
1,871,place1181,generated_control,tier0,tier1,9.152593,0.986496,0.982887
1,872,place1437,generated_control,tier0,tier1,9.031603,0.985808,0.983304
1,873,place986,generated_control,tier0,tier1,9.706838,0.985121,0.983722
1,874,place989,generated_control,tier0,tier1,9.765817,0.984434,0.984139
1,875,place990,generated_control,tier0,tier1,9.636341,0.983748,0.984557
1,876,place994,generated_control,tier0,tier1,9.727071,0.983063,0.984975
1,877,input65,generated_control,tier0,tier1,5.055523,0.982377,0.985393
1,878,input66,generated_control,tier0,tier1,4.158168,0.981693,0.985812
1,879,input67,generated_control,tier0,tier1,4.169422,0.981008,0.986230
1,880,input68,generated_control,tier0,tier1,4.165179,0.980324,0.986649
1,881,input69,generated_control,tier0,tier1,4.165421,0.979641,0.987068
1,882,input70,generated_control,tier0,tier1,4.170923,0.978958,0.987487
1,883,input72,generated_control,tier0,tier1,4.153155,0.978276,0.987906
1,884,input73,generated_control,tier0,tier1,4.152051,0.977594,0.988325
1,885,input74,generated_control,tier0,tier1,4.152517,0.976912,0.988745
1,886,input75,generated_control,tier0,tier1,4.152251,0.976231,0.989165
1,887,input76,generated_control,tier0,tier1,4.950537,0.975551,0.989585
1,888,input77,generated_control,tier0,tier1,4.153125,0.974871,0.990005
1,889,input78,generated_control,tier0,tier1,4.154258,0.974191,0.990425
1,890,input79,generated_control,tier0,tier1,4.152403,0.973512,0.990846
1,891,input80,generated_control,tier0,tier1,4.153472,0.972834,0.991266
1,892,input81,generated_control,tier0,tier1,4.158940,0.972155,0.991687
1,893,input82,generated_control,tier0,tier1,4.153385,0.971478,0.992108
1,894,input83,generated_control,tier0,tier1,4.153648,0.970800,0.992529
1,895,input84,generated_control,tier0,tier1,4.159038,0.970124,0.992951
1,896,input85,generated_control,tier0,tier1,4.153952,0.969447,0.993372
1,897,input86,generated_control,tier0,tier1,4.157888,0.968771,0.993794
1,898,input87,generated_control,tier0,tier1,4.933748,0.968096,0.994216
1,899,input88,generated_control,tier0,tier1,4.154675,0.967421,0.994638
1,900,input89,generated_control,tier0,tier1,4.154686,0.966747,0.995060
1,901,input90,generated_control,tier0,tier1,4.970695,0.966073,0.995483
1,902,input91,generated_control,tier0,tier1,4.941574,0.965399,0.995905
1,903,input95,generated_control,tier0,tier1,4.170540,0.964726,0.996328
1,904,input96,generated_control,tier0,tier1,4.158922,0.964053,0.996751
1,905,output104,generated_control,tier0,tier1,4.017410,0.963381,0.997174
1,906,place1030,generated_control,tier0,tier1,8.668891,0.962710,0.997598
1,907,place1035,generated_control,tier0,tier1,10.250589,0.962038,0.998021
1,908,place1099,generated_control,tier0,tier1,9.040068,0.961368,0.998445
1,909,place1461,generated_control,tier0,tier1,9.079212,0.960697,0.998869
1,910,input94,generated_control,tier0,tier1,5.190860,0.960027,0.999293
1,911,output129,generated_control,tier0,tier1,4.262141,0.959358,0.999717
1,912,place1019,generated_control,tier0,tier1,7.742548,0.958689,0.999859
1,913,place1053,generated_control,tier0,tier1,7.919499,0.958020,0.999434
1,914,place1089,generated_control,tier0,tier1,7.946578,0.957352,0.999010
1,915,place1103,generated_control,tier0,tier1,8.000445,0.956685,0.998586
1,916,place979,generated_control,tier0,tier1,8.810192,0.956018,0.998162
1,917,place1032,generated_control,tier0,tier1,7.916612,0.955351,0.997739
1,918,place1073,generated_control,tier0,tier1,7.679420,0.954685,0.997315
1,919,place1117,generated_control,tier0,tier1,8.071712,0.954019,0.996892
1,920,rebuffer2578,generated_control,tier0,tier1,7.777174,0.953354,0.996469
1,921,clkload34,clock_reset,tier0,tier1,12.388620,0.952689,0.996187
1,922,clkload31,clock_reset,tier0,tier1,12.709918,0.952024,0.995905
1,923,clkload8,clock_reset,tier0,tier1,12.371455,0.951361,0.995624
1,924,clkload5,clock_reset,tier0,tier1,12.656931,0.950697,0.995342
1,925,clkload17,clock_reset,tier0,tier1,12.373538,0.950034,0.995060
1,926,clkload53,clock_reset,tier0,tier1,13.289099,0.949371,0.994779
1,927,clkload6,clock_reset,tier0,tier1,13.279950,0.948709,0.994497
1,928,dp.rf.rf[0][0]$_DFFE_PP__1,unclassified,tier1,tier0,5.239751,0.949371,0.994779
1,929,dp.rf.rf[0][10]$_DFFE_PP__2,unclassified,tier1,tier0,5.250124,0.950034,0.995060
1,930,dp.rf.rf[0][11]$_DFFE_PP__3,unclassified,tier1,tier0,5.249728,0.950697,0.995342
1,931,dp.rf.rf[0][12]$_DFFE_PP__4,unclassified,tier1,tier0,5.240023,0.951361,0.995624
1,932,dp.rf.rf[0][13]$_DFFE_PP__5,unclassified,tier1,tier0,5.251353,0.952024,0.995905
1,933,dp.rf.rf[0][14]$_DFFE_PP__6,unclassified,tier1,tier0,5.263550,0.952689,0.996187
1,934,dp.rf.rf[0][15]$_DFFE_PP__7,unclassified,tier1,tier0,5.251006,0.953354,0.996469
1,935,dp.rf.rf[0][16]$_DFFE_PP__8,unclassified,tier1,tier0,5.241327,0.954019,0.996751
1,936,dp.rf.rf[0][17]$_DFFE_PP__9,unclassified,tier1,tier0,5.241666,0.954685,0.997033
1,937,dp.rf.rf[0][18]$_DFFE_PP__10,unclassified,tier1,tier0,5.253499,0.955351,0.997315
1,938,dp.rf.rf[0][19]$_DFFE_PP__11,unclassified,tier1,tier0,5.241081,0.956018,0.997598
1,939,dp.rf.rf[0][20]$_DFFE_PP__13,unclassified,tier1,tier0,5.253808,0.956685,0.997880
1,940,dp.rf.rf[0][21]$_DFFE_PP__14,unclassified,tier1,tier0,5.241132,0.957352,0.998162
1,941,dp.rf.rf[0][22]$_DFFE_PP__15,unclassified,tier1,tier0,5.241642,0.958020,0.998445
1,942,dp.rf.rf[0][23]$_DFFE_PP__16,unclassified,tier1,tier0,5.241459,0.958689,0.998727
1,943,dp.rf.rf[0][24]$_DFFE_PP__17,unclassified,tier1,tier0,5.251457,0.959358,0.999010
1,944,dp.rf.rf[0][25]$_DFFE_PP__18,unclassified,tier1,tier0,5.276893,0.960027,0.999293
1,945,dp.rf.rf[0][26]$_DFFE_PP__19,unclassified,tier1,tier0,5.241717,0.960697,0.999576
1,946,dp.rf.rf[0][27]$_DFFE_PP__20,unclassified,tier1,tier0,5.254671,0.961368,0.999859
1,947,dp.rf.rf[0][28]$_DFFE_PP__21,unclassified,tier1,tier0,5.240463,0.962038,0.999859
1,948,dp.rf.rf[0][29]$_DFFE_PP__22,unclassified,tier1,tier0,5.222624,0.962710,0.999576
1,949,dp.rf.rf[0][30]$_DFFE_PP__24,unclassified,tier1,tier0,5.196389,0.963381,0.999293
1,950,dp.rf.rf[0][31]$_DFFE_PP__25,unclassified,tier1,tier0,5.203587,0.964053,0.999010
1,951,dp.rf.rf[0][3]$_DFFE_PP__26,unclassified,tier1,tier0,5.204510,0.964726,0.998727
1,952,dp.rf.rf[0][5]$_DFFE_PP__28,unclassified,tier1,tier0,5.214248,0.965399,0.998445
1,953,dp.rf.rf[0][6]$_DFFE_PP__29,unclassified,tier1,tier0,5.216827,0.966073,0.998162
1,954,dp.rf.rf[0][8]$_DFFE_PP__31,unclassified,tier1,tier0,5.217408,0.966747,0.997880
1,summary,,,,,8381.987733,0.966747,0.997880
2,1,_6026_,generated_datapath,tier1,tier0,6.007624,0.967421,0.996892
2,2,_6380_,generated_datapath,tier1,tier0,10.834222,0.968096,0.995905
2,3,_5012_,generated_datapath,tier1,tier0,16.710661,0.968771,0.994920
2,4,_6037_,generated_datapath,tier1,tier0,6.417977,0.969447,0.993935
2,5,_5995_,generated_datapath,tier1,tier0,19.512898,0.970124,0.992951
2,6,_6265_,unclassified,tier1,tier0,19.841598,0.970800,0.991968
2,7,dp.rf.rf[5][4]$_DFFE_PP_,execute_alu,tier1,tier0,16.623329,0.971478,0.991126
2,8,dp.rf.rf[26][4]$_DFFE_PP_,execute_alu,tier1,tier0,11.655968,0.972155,0.990285
2,9,dp.rf.rf[27][4]$_DFFE_PP_,execute_alu,tier1,tier0,11.636539,0.972834,0.989445
2,10,dp.rf.rf[24][4]$_DFFE_PP_,execute_alu,tier1,tier0,13.076411,0.973512,0.988605
2,11,dp.rf.rf[24][7]$_DFFE_PP_,execute_alu,tier1,tier0,12.839037,0.974191,0.987766
2,12,dp.rf.rf[25][7]$_DFFE_PP_,execute_alu,tier1,tier0,18.358630,0.974871,0.986928
2,13,dp.rf.rf[14][2]$_DFFE_PP_,execute_alu,tier1,tier0,16.478541,0.975551,0.986091
2,14,dp.rf.rf[25][4]$_DFFE_PP_,execute_alu,tier1,tier0,18.631449,0.976231,0.985254
2,15,dp.rf.rf[24][1]$_DFFE_PP_,execute_alu,tier1,tier0,12.835724,0.976912,0.984418
2,16,dp.rf.rf[26][7]$_DFFE_PP_,execute_alu,tier1,tier0,9.218501,0.977594,0.983582
2,17,dp.rf.rf[27][7]$_DFFE_PP_,execute_alu,tier1,tier0,9.215707,0.978276,0.982748
2,18,dp.rf.rf[18][4]$_DFFE_PP_,execute_alu,tier1,tier0,16.549539,0.978958,0.981914
2,19,dp.rf.rf[19][4]$_DFFE_PP_,execute_alu,tier1,tier0,16.550348,0.979641,0.981081
2,20,dp.rf.rf[1][1]$_DFFE_PP_,execute_alu,tier1,tier0,16.544335,0.980324,0.980248
2,21,dp.rf.rf[16][4]$_DFFE_PP_,execute_alu,tier1,tier0,16.519975,0.981008,0.979416
2,22,dp.rf.rf[17][4]$_DFFE_PP_,execute_alu,tier1,tier0,16.589840,0.981693,0.978585
2,23,dp.rf.rf[21][4]$_DFFE_PP_,execute_alu,tier1,tier0,21.903409,0.982377,0.977754
2,24,dp.rf.rf[22][4]$_DFFE_PP_,execute_alu,tier1,tier0,21.904621,0.983063,0.976925
2,25,dp.rf.rf[23][4]$_DFFE_PP_,execute_alu,tier1,tier0,21.896175,0.983748,0.976096
2,26,dp.rf.rf[28][4]$_DFFE_PP_,execute_alu,tier1,tier0,21.898744,0.984434,0.975267
2,27,dp.rf.rf[30][4]$_DFFE_PP_,execute_alu,tier1,tier0,16.574847,0.985121,0.974440
2,28,dp.rf.rf[31][4]$_DFFE_PP_,execute_alu,tier1,tier0,16.569956,0.985808,0.973613
2,29,dp.rf.rf[1][4]$_DFFE_PP_,execute_alu,tier1,tier0,16.317001,0.986496,0.972786
2,30,dp.rf.rf[20][7]$_DFFE_PP_,execute_alu,tier1,tier0,21.672833,0.987184,0.971961
2,31,dp.rf.rf[20][4]$_DFFE_PP_,execute_alu,tier1,tier0,32.079534,0.987872,0.971136
2,32,dp.rf.rf[3][4]$_DFFE_PP_,execute_alu,tier1,tier0,36.742149,0.988562,0.970312
2,33,dp.rf.rf[4][4]$_DFFE_PP_,execute_alu,tier1,tier0,42.030279,0.989251,0.969488
2,34,dp.rf.rf[28][1]$_DFFE_PP_,execute_alu,tier1,tier0,21.648705,0.989941,0.968665
2,35,dp.rf.rf[30][1]$_DFFE_PP_,execute_alu,tier1,tier0,21.649121,0.990632,0.967843
2,36,dp.rf.rf[28][7]$_DFFE_PP_,execute_alu,tier1,tier0,20.929330,0.991322,0.967021
2,37,dp.rf.rf[12][1]$_DFFE_PP_,execute_alu,tier1,tier0,20.601443,0.992014,0.966201
2,38,dp.rf.rf[17][2]$_DFFE_PP_,execute_alu,tier1,tier0,16.308435,0.992706,0.965381
2,39,dp.rf.rf[29][4]$_DFFE_PP_,execute_alu,tier1,tier0,41.949962,0.993398,0.964561
2,40,dp.rf.rf[7][1]$_DFFE_PP_,execute_alu,tier1,tier0,21.775396,0.994091,0.963742
2,41,_5001_,generated_datapath,tier1,tier0,2.846756,0.994784,0.962924
2,42,_6036_,generated_datapath,tier1,tier0,9.498498,0.995478,0.962107
2,43,_5331_,generated_datapath,tier1,tier0,0.330648,0.996173,0.961290
2,44,_6396_,generated_datapath,tier1,tier0,1.121722,0.996867,0.960474
2,45,_6366_,generated_datapath,tier1,tier0,3.781513,0.997563,0.959659
2,46,_7622_,generated_datapath,tier1,tier0,3.867367,0.998258,0.958844
2,47,_6003_,generated_datapath,tier1,tier0,5.864320,0.998955,0.958030
2,48,_7288_,generated_datapath,tier1,tier0,0.521168,0.999651,0.957217
2,49,_5304_,generated_datapath,tier1,tier0,0.521989,0.999651,0.956404
2,50,_4966_,generated_datapath,tier1,tier0,2.937827,0.998955,0.955592
2,51,_5559_,generated_datapath,tier1,tier0,12.339454,0.998258,0.954781
2,52,_6378_,generated_datapath,tier1,tier0,5.061337,0.997563,0.953971
2,53,_5174_,generated_datapath,tier1,tier0,12.667854,0.996867,0.953161
2,54,_6835_,generated_datapath,tier1,tier0,11.639734,0.996173,0.952351
2,55,_6506_,generated_datapath,tier1,tier0,4.753969,0.995478,0.951543
2,56,_6834_,generated_datapath,tier1,tier0,29.167055,0.994784,0.950735
2,57,_6318_,generated_datapath,tier1,tier0,9.805514,0.994091,0.949928
2,58,_6451_,generated_datapath,tier1,tier0,16.495388,0.993398,0.949121
2,59,_5885_,generated_datapath,tier1,tier0,3.220619,0.992706,0.948315
2,60,_5149_,generated_datapath,tier1,tier0,12.082564,0.992014,0.947510
2,61,_4993_,generated_control,tier0,tier1,7.989943,0.992706,0.948315
2,62,_5252_,generated_control,tier0,tier1,16.586232,0.993398,0.949121
2,63,_5587_,generated_control,tier0,tier1,7.939070,0.994091,0.949928
2,64,_5863_,generated_control,tier0,tier1,9.867793,0.994784,0.950735
2,65,_6503_,generated_control,tier0,tier1,13.208021,0.995478,0.951543
2,66,_3864_,generated_control,tier0,tier1,11.818326,0.996173,0.952351
2,67,_5828_,generated_control,tier0,tier1,11.225535,0.996867,0.953161
2,68,_5087_,unclassified,tier1,tier0,19.533292,0.996173,0.952351
2,69,_5027_,unclassified,tier1,tier0,19.788198,0.995478,0.951543
2,70,_5009_,unclassified,tier1,tier0,24.135081,0.994784,0.950735
2,71,_5013_,unclassified,tier1,tier0,26.695767,0.994091,0.949928
2,72,_5773_,unclassified,tier1,tier0,5.640213,0.993398,0.949121
2,73,_7106_,execute_alu,tier1,tier0,2.650826,0.992706,0.948449
2,74,_7657_,execute_alu,tier1,tier0,22.171164,0.992014,0.947778
2,75,_7323_,generated_datapath,tier1,tier0,1.116056,0.991322,0.947107
2,76,_7620_,generated_datapath,tier1,tier0,3.150998,0.990632,0.946437
2,77,_7418_,generated_datapath,tier1,tier0,3.444755,0.989941,0.945767
2,78,_7420_,generated_datapath,tier1,tier0,3.628872,0.989251,0.945098
2,79,_7416_,generated_datapath,tier1,tier0,4.571151,0.988562,0.944429
2,80,_5398_,generated_datapath,tier1,tier0,6.517021,0.987872,0.943761
2,81,_7385_,generated_datapath,tier1,tier0,13.628652,0.987184,0.943093
2,82,_6213_,generated_datapath,tier1,tier0,0.108039,0.986496,0.942425
2,83,_7387_,generated_datapath,tier1,tier0,13.613564,0.985808,0.941758
2,84,_7394_,generated_datapath,tier1,tier0,14.640340,0.985121,0.941092
2,85,_7383_,generated_datapath,tier1,tier0,14.522669,0.984434,0.940426
2,86,_7389_,generated_datapath,tier1,tier0,4.357984,0.983748,0.939760
2,87,_6077_,generated_datapath,tier1,tier0,4.472354,0.983063,0.939095
2,88,_7414_,generated_datapath,tier1,tier0,13.676022,0.982377,0.938430
2,89,_7397_,generated_datapath,tier1,tier0,13.578168,0.981693,0.937766
2,90,_7406_,generated_datapath,tier1,tier0,13.562057,0.981008,0.937102
2,91,_6525_,generated_datapath,tier1,tier0,4.427462,0.980324,0.936438
2,92,_6551_,generated_datapath,tier1,tier0,14.312440,0.979641,0.935775
2,93,_6569_,generated_datapath,tier1,tier0,13.669685,0.978958,0.935113
2,94,_4135_,generated_datapath,tier1,tier0,1.456116,0.978276,0.934451
2,95,_7400_,generated_datapath,tier1,tier0,14.289194,0.977594,0.933789
2,96,_6550_,generated_datapath,tier1,tier0,23.053078,0.976912,0.933128
2,97,_7402_,generated_datapath,tier1,tier0,13.595214,0.976231,0.932468
2,98,_6628_,generated_datapath,tier1,tier0,22.754614,0.975551,0.931807
2,99,_6527_,generated_datapath,tier1,tier0,23.449641,0.974871,0.931148
2,100,_6649_,generated_datapath,tier1,tier0,13.747671,0.974191,0.930488
2,101,_7654_,generated_datapath,tier1,tier0,3.402453,0.973512,0.929829
2,102,_6011_,generated_datapath,tier1,tier0,7.258197,0.972834,0.929171
2,103,_6319_,generated_datapath,tier1,tier0,11.965830,0.972155,0.928513
2,104,_6316_,generated_datapath,tier1,tier0,27.457012,0.971478,0.927855
2,105,_5303_,generated_datapath,tier1,tier0,10.853143,0.970800,0.927198
2,106,_7329_,generated_datapath,tier1,tier0,13.541405,0.970124,0.926542
2,107,_6234_,generated_datapath,tier1,tier0,2.348537,0.969447,0.925886
2,108,_7621_,generated_datapath,tier1,tier0,15.728240,0.968771,0.925230
2,109,_7737_,generated_datapath,tier1,tier0,8.113530,0.968096,0.924575
2,110,_6340_,generated_datapath,tier1,tier0,6.859500,0.967421,0.923920
2,111,_5520_,generated_datapath,tier1,tier0,7.730536,0.966747,0.923265
2,112,_6678_,generated_datapath,tier1,tier0,6.830497,0.966073,0.922611
2,113,_6212_,generated_datapath,tier1,tier0,2.585994,0.965399,0.921958
2,114,_6677_,generated_datapath,tier1,tier0,25.655829,0.964726,0.921305
2,115,_6305_,generated_datapath,tier1,tier0,8.201474,0.964053,0.920652
2,116,_5294_,generated_datapath,tier1,tier0,17.532631,0.963381,0.920000
2,117,_5102_,generated_control,tier0,tier1,0.126882,0.964053,0.920652
2,118,_3940_,generated_control,tier1,tier0,6.370267,0.963381,0.920000
2,119,_3882_,generated_control,tier0,tier1,3.003948,0.964053,0.920652
2,120,_3920_,generated_control,tier0,tier1,3.109278,0.964726,0.921305
2,121,_6984_,generated_control,tier0,tier1,0.140509,0.965399,0.921958
2,122,_6988_,generated_control,tier0,tier1,0.145063,0.966073,0.922611
2,123,_6998_,generated_control,tier0,tier1,0.117960,0.966747,0.923265
2,124,_7020_,generated_control,tier0,tier1,0.092099,0.967421,0.923920
2,125,_7028_,generated_control,tier0,tier1,0.026335,0.968096,0.924575
2,126,_6296_,generated_control,tier0,tier1,6.930341,0.968771,0.925230
2,127,_7008_,generated_control,tier0,tier1,0.066605,0.969447,0.925886
2,128,_7447_,generated_control,tier0,tier1,1.561316,0.970124,0.926542
2,129,_7473_,generated_control,tier0,tier1,5.184545,0.970800,0.927198
2,130,_7488_,generated_control,tier0,tier1,1.582904,0.971478,0.927855
2,131,_6169_,generated_control,tier0,tier1,2.536544,0.972155,0.928513
2,132,_7470_,generated_control,tier0,tier1,5.070252,0.972834,0.929171
2,133,_6148_,generated_control,tier0,tier1,3.406625,0.973512,0.929829
2,134,_6205_,generated_control,tier1,tier0,8.285041,0.972834,0.929171
2,135,_3852_,generated_control,tier0,tier1,16.258324,0.973512,0.929829
2,136,_6547_,generated_control,tier1,tier0,8.523937,0.972834,0.929171
2,137,_7067_,generated_control,tier0,tier1,6.974019,0.973512,0.929829
2,138,_6456_,generated_control,tier0,tier1,25.448454,0.974191,0.930488
2,139,_6349_,generated_control,tier0,tier1,21.021043,0.974871,0.931148
2,140,_6491_,generated_control,tier0,tier1,24.787063,0.975551,0.931807
2,141,_6584_,generated_control,tier0,tier1,24.763282,0.976231,0.932468
2,142,_6843_,generated_control,tier0,tier1,1.672304,0.976912,0.933128
2,143,_6772_,generated_control,tier0,tier1,24.914853,0.977594,0.933789
2,144,_6740_,generated_control,tier0,tier1,24.664531,0.978276,0.934451
2,145,_6409_,generated_control,tier0,tier1,25.788731,0.978958,0.935113
2,146,_6539_,generated_control,tier0,tier1,25.728766,0.979641,0.935775
2,147,_3829_,generated_control,tier0,tier1,11.409824,0.980324,0.936438
2,148,_6359_,generated_control,tier0,tier1,25.675744,0.981008,0.937102
2,149,_6474_,generated_control,tier0,tier1,25.505012,0.981693,0.937766
2,150,_6608_,generated_control,tier0,tier1,25.795288,0.982377,0.938430
2,151,_6175_,generated_control,tier0,tier1,2.781650,0.983063,0.939095
2,152,_6684_,generated_control,tier0,tier1,15.702711,0.983748,0.939760
2,153,_6845_,generated_control,tier0,tier1,5.175811,0.984434,0.940426
2,154,_6810_,generated_control,tier0,tier1,25.657561,0.985121,0.941092
2,155,_7230_,generated_control,tier0,tier1,8.640859,0.985808,0.941758
2,156,_6333_,generated_control,tier0,tier1,4.105258,0.986496,0.942425
2,157,_6401_,generated_control,tier0,tier1,3.994051,0.987184,0.943093
2,158,_6912_,generated_control,tier0,tier1,12.165755,0.987872,0.943761
2,159,_6328_,generated_control,tier0,tier1,25.868524,0.988562,0.944429
2,160,_4526_,generated_control,tier0,tier1,12.906830,0.989251,0.945098
2,161,_4587_,generated_control,tier0,tier1,12.637398,0.989941,0.945767
2,162,_6335_,generated_control,tier0,tier1,1.009888,0.990632,0.946437
2,163,_6171_,generated_control,tier0,tier1,10.532199,0.991322,0.947107
2,164,_5045_,generated_control,tier0,tier1,10.930104,0.992014,0.947778
2,165,_6596_,generated_control,tier0,tier1,12.171012,0.992706,0.948449
2,166,_6076_,generated_control,tier0,tier1,1.311013,0.993398,0.949121
2,167,_6555_,generated_control,tier0,tier1,15.211432,0.994091,0.949793
2,168,_5826_,generated_control,tier0,tier1,12.888590,0.994784,0.950466
2,169,_6438_,generated_control,tier0,tier1,5.485843,0.995478,0.951139
2,170,_5934_,generated_control,tier0,tier1,10.086926,0.996173,0.951812
2,171,_6962_,generated_control,tier0,tier1,16.607315,0.996867,0.952486
2,172,_6485_,generated_control,tier0,tier1,13.317263,0.997563,0.953161
2,173,_6460_,generated_control,tier0,tier1,8.895509,0.998258,0.953836
2,174,_6554_,generated_control,tier0,tier1,12.147601,0.998955,0.954511
2,175,_6937_,generated_control,tier0,tier1,8.389096,0.999651,0.955187
2,176,_6913_,generated_control,tier0,tier1,16.556609,0.999651,0.955863
2,177,_6509_,generated_control,tier0,tier1,9.062804,0.998955,0.956540
2,178,_6806_,generated_control,tier0,tier1,9.085703,0.998258,0.957217
2,179,_4925_,generated_control,tier0,tier1,9.419333,0.997563,0.957895
2,180,_6157_,generated_control,tier0,tier1,6.589078,0.996867,0.958573
2,181,_7321_,generated_control,tier0,tier1,10.156586,0.996173,0.959252
2,182,_7324_,generated_control,tier0,tier1,10.160916,0.995478,0.959931
2,183,_7327_,generated_control,tier0,tier1,10.033212,0.994784,0.960610
2,184,_7330_,generated_control,tier0,tier1,5.483170,0.994091,0.961290
2,185,_7332_,generated_control,tier0,tier1,10.157673,0.993398,0.961971
2,186,_6900_,generated_control,tier0,tier1,7.004785,0.992706,0.962652
2,187,_6294_,generated_control,tier0,tier1,24.025225,0.992014,0.963333
2,188,_7619_,execute_alu,tier1,tier0,9.532501,0.992706,0.962788
2,189,_6203_,execute_alu,tier1,tier0,9.849595,0.993398,0.962243
2,190,_5881_,generated_datapath,tier1,tier0,4.669794,0.994091,0.961699
2,191,_7102_,generated_datapath,tier1,tier0,5.689998,0.994784,0.961154
2,192,_6874_,generated_datapath,tier1,tier0,9.353374,0.995478,0.960610
2,193,_6971_,generated_datapath,tier1,tier0,9.176704,0.996173,0.960067
2,194,_6982_,generated_datapath,tier1,tier0,4.033415,0.996867,0.959523
2,195,_6990_,generated_datapath,tier1,tier0,9.245412,0.997563,0.958980
2,196,_6995_,generated_datapath,tier1,tier0,4.138675,0.998258,0.958437
2,197,_7000_,generated_datapath,tier1,tier0,9.336285,0.998955,0.957895
2,198,_7011_,generated_datapath,tier1,tier0,3.987975,0.999651,0.957353
2,199,_7022_,generated_datapath,tier1,tier0,3.740658,0.999651,0.956811
2,200,_7030_,generated_datapath,tier1,tier0,8.782315,0.998955,0.956269
2,201,_7034_,generated_datapath,tier1,tier0,8.877368,0.998258,0.955728
2,202,_7038_,generated_datapath,tier1,tier0,8.805154,0.997563,0.955187
2,203,_7046_,generated_datapath,tier1,tier0,4.293877,0.996867,0.954646
2,204,_7051_,generated_datapath,tier1,tier0,3.377004,0.996173,0.954106
2,205,_7074_,generated_datapath,tier1,tier0,8.727295,0.995478,0.953566
2,206,_7079_,generated_datapath,tier1,tier0,3.345562,0.994784,0.953026
2,207,_7091_,generated_datapath,tier1,tier0,8.679186,0.994091,0.952486
2,208,_7095_,generated_datapath,tier1,tier0,3.385226,0.993398,0.951947
2,209,_7099_,generated_datapath,tier1,tier0,3.416598,0.992706,0.951408
2,210,_7059_,generated_datapath,tier1,tier0,4.196512,0.992014,0.950869
2,211,_7004_,generated_datapath,tier1,tier0,3.446773,0.991322,0.950331
2,212,_7086_,generated_datapath,tier1,tier0,4.084246,0.990632,0.949793
2,213,_6985_,generated_datapath,tier1,tier0,3.327269,0.989941,0.949255
2,214,_7041_,generated_datapath,tier1,tier0,8.729955,0.989251,0.948718
2,215,_7068_,generated_datapath,tier1,tier0,3.349802,0.988562,0.948181
2,216,_6977_,generated_datapath,tier1,tier0,9.057420,0.987872,0.947644
2,217,_6930_,generated_datapath,tier1,tier0,9.018404,0.987184,0.947107
2,218,_4373_,generated_control,tier0,tier1,5.979858,0.987872,0.947644
2,219,_5018_,generated_control,tier0,tier1,0.015522,0.988562,0.948181
2,220,_5907_,generated_control,tier0,tier1,4.139126,0.989251,0.948718
2,221,_6673_,generated_control,tier0,tier1,4.191151,0.989941,0.949255
2,222,_6055_,generated_control,tier0,tier1,10.546912,0.990632,0.949793
2,223,_7254_,generated_control,tier0,tier1,5.497159,0.991322,0.950331
2,224,_7014_,generated_control,tier0,tier1,10.252603,0.992014,0.950869
2,225,_5946_,generated_control,tier0,tier1,3.946076,0.992706,0.951408
2,226,_5846_,generated_control,tier0,tier1,4.863408,0.993398,0.951947
2,227,_6377_,generated_control,tier1,tier0,7.254324,0.992706,0.951408
2,228,_7198_,generated_control,tier0,tier1,13.412229,0.993398,0.951947
2,229,_6946_,generated_control,tier0,tier1,2.729013,0.994091,0.952486
2,230,_7266_,generated_control,tier0,tier1,16.822688,0.994784,0.953026
2,231,_6178_,generated_control,tier0,tier1,11.833383,0.995478,0.953566
2,232,_4791_,generated_control,tier0,tier1,4.691382,0.996173,0.954106
2,233,_5873_,generated_control,tier0,tier1,8.684598,0.996867,0.954646
2,234,_7143_,generated_control,tier0,tier1,12.658409,0.997563,0.955187
2,235,_7245_,generated_control,tier0,tier1,13.087282,0.998258,0.955728
2,236,_6354_,generated_control,tier0,tier1,8.032699,0.998955,0.956269
2,237,_6143_,generated_control,tier0,tier1,14.264340,0.999651,0.956811
2,238,_5936_,generated_control,tier0,tier1,9.809229,0.999651,0.957353
2,239,_6172_,generated_control,tier0,tier1,5.715539,0.998955,0.957895
2,240,_6274_,generated_control,tier0,tier1,5.103571,0.998258,0.958437
2,241,_5933_,generated_control,tier0,tier1,7.555283,0.997563,0.958980
2,242,_5602_,generated_control,tier0,tier1,4.744935,0.996867,0.959523
2,243,_7132_,generated_control,tier0,tier1,14.140572,0.996173,0.960067
2,244,_7357_,generated_control,tier0,tier1,7.192198,0.995478,0.960610
2,245,_7368_,generated_control,tier0,tier1,7.184016,0.994784,0.961154
2,246,_5911_,generated_control,tier0,tier1,7.851267,0.994091,0.961699
2,247,_6156_,generated_control,tier0,tier1,11.775582,0.993398,0.962243
2,248,_4741_,generated_control,tier0,tier1,2.259177,0.992706,0.962788
2,249,_5945_,generated_control,tier0,tier1,7.286062,0.992014,0.963333
2,250,_6944_,generated_control,tier0,tier1,2.215281,0.991322,0.963879
2,251,_6455_,generated_control,tier0,tier1,13.518313,0.990632,0.964425
2,252,_7351_,generated_control,tier0,tier1,7.245155,0.989941,0.964971
2,253,_7355_,generated_control,tier0,tier1,7.249569,0.989251,0.965517
2,254,_7359_,generated_control,tier0,tier1,7.224420,0.988562,0.966064
2,255,_7364_,generated_control,tier0,tier1,7.202130,0.987872,0.966611
2,256,_7377_,generated_control,tier0,tier1,7.189965,0.987184,0.967158
2,257,_6708_,generated_control,tier0,tier1,4.683996,0.986496,0.967706
2,258,_7346_,generated_control,tier0,tier1,7.190892,0.985808,0.968254
2,259,_7348_,generated_control,tier0,tier1,7.172921,0.985121,0.968802
2,260,_7353_,generated_control,tier0,tier1,7.219017,0.984434,0.969351
2,261,_7361_,generated_control,tier0,tier1,7.205731,0.983748,0.969900
2,262,_7372_,generated_control,tier0,tier1,7.250915,0.983063,0.970449
2,263,_7374_,generated_control,tier0,tier1,7.260668,0.982377,0.970998
2,264,_6959_,generated_control,tier0,tier1,10.868641,0.981693,0.971548
2,265,_4837_,generated_control,tier0,tier1,2.344376,0.981008,0.972098
2,266,_6298_,generated_control,tier0,tier1,4.002721,0.980324,0.972649
2,267,_6195_,generated_control,tier1,tier0,0.309043,0.981008,0.972098
2,268,_6949_,generated_control,tier0,tier1,4.627344,0.980324,0.972649
2,269,_5958_,generated_control,tier0,tier1,3.370727,0.979641,0.973199
2,270,_6179_,generated_control,tier0,tier1,13.185788,0.978958,0.973750
2,271,_7047_,generated_control,tier0,tier1,12.178360,0.978276,0.974302
2,272,_7060_,generated_control,tier0,tier1,7.636198,0.977594,0.974853
2,273,_6950_,generated_control,tier0,tier1,3.424356,0.976912,0.975405
2,274,_5819_,generated_control,tier0,tier1,10.451669,0.976231,0.975958
2,275,_5899_,generated_control,tier0,tier1,6.055871,0.975551,0.976510
2,276,_7112_,generated_control,tier0,tier1,9.708121,0.974871,0.977063
2,277,output108,clock_reset,tier0,tier1,6.677059,0.974191,0.977478
2,278,input40,fetch,tier0,tier1,3.488345,0.973512,0.977893
2,279,input41,fetch,tier0,tier1,3.471970,0.972834,0.978308
2,280,input49,fetch,tier0,tier1,3.606149,0.972155,0.978723
2,281,input38,fetch,tier0,tier1,5.156374,0.971478,0.979139
2,282,_5845_,execute_alu,tier1,tier0,0.675592,0.972155,0.978723
2,283,rebuffer1795,execute_alu,tier1,tier0,2.985325,0.972834,0.978308
2,284,rebuffer2332,execute_alu,tier1,tier0,8.198506,0.973512,0.977893
2,285,place1003,execute_alu,tier1,tier0,7.858040,0.974191,0.977478
2,286,place1004,execute_alu,tier1,tier0,7.987853,0.974871,0.977063
2,287,place1005,execute_alu,tier1,tier0,7.903477,0.975551,0.976648
2,288,place1006,execute_alu,tier1,tier0,7.843318,0.976231,0.976234
2,289,place1007,execute_alu,tier1,tier0,7.859267,0.976912,0.975819
2,290,place1008,execute_alu,tier1,tier0,7.847872,0.977594,0.975405
2,291,place1016,execute_alu,tier1,tier0,7.895235,0.978276,0.974991
2,292,place1023,execute_alu,tier1,tier0,7.881559,0.978958,0.974577
2,293,place1024,execute_alu,tier1,tier0,7.837388,0.979641,0.974164
2,294,place1025,execute_alu,tier1,tier0,7.882045,0.980324,0.973750
2,295,place1026,execute_alu,tier1,tier0,7.891478,0.981008,0.973337
2,296,place1027,execute_alu,tier1,tier0,7.747454,0.981693,0.972924
2,297,place1049,execute_alu,tier1,tier0,7.894140,0.982377,0.972511
2,298,place975,execute_alu,tier1,tier0,7.783109,0.983063,0.972098
2,299,place977,execute_alu,tier1,tier0,7.900707,0.983748,0.971686
2,300,place978,execute_alu,tier1,tier0,7.819623,0.984434,0.971273
2,301,place981,execute_alu,tier1,tier0,7.898979,0.985121,0.970861
2,302,place982,execute_alu,tier1,tier0,8.012558,0.985808,0.970449
2,303,place984,execute_alu,tier1,tier0,7.821161,0.986496,0.970037
2,304,place987,execute_alu,tier1,tier0,7.904654,0.987184,0.969625
2,305,place991,execute_alu,tier1,tier0,7.839126,0.987872,0.969214
2,306,place992,execute_alu,tier1,tier0,7.850491,0.988562,0.968802
2,307,place993,execute_alu,tier1,tier0,7.827912,0.989251,0.968391
2,308,_5874_,generated_control,tier0,tier1,2.365312,0.988562,0.968802
2,309,place1450,generated_control,tier0,tier1,5.528068,0.987872,0.969214
2,310,place1416,generated_control,tier0,tier1,2.440778,0.987184,0.969625
2,311,place1428,generated_control,tier0,tier1,2.429938,0.986496,0.970037
2,312,_7469_,generated_control,tier0,tier1,5.608435,0.985808,0.970449
2,313,rebuffer1670,generated_control,tier0,tier1,2.197848,0.985121,0.970861
2,314,rebuffer1673,generated_control,tier0,tier1,2.228224,0.984434,0.971273
2,315,rebuffer1844,generated_control,tier0,tier1,2.231262,0.983748,0.971686
2,316,rebuffer2304,generated_control,tier0,tier1,5.609506,0.983063,0.972098
2,317,output103,generated_control,tier0,tier1,2.157814,0.982377,0.972511
2,318,output116,generated_control,tier0,tier1,2.280264,0.981693,0.972924
2,319,output117,generated_control,tier0,tier1,2.173918,0.981008,0.973337
2,320,output121,generated_control,tier0,tier1,2.210563,0.980324,0.973750
2,321,output165,generated_control,tier0,tier1,2.166986,0.979641,0.974164
2,322,input92,generated_control,tier0,tier1,2.122559,0.978958,0.974577
2,323,output100,generated_control,tier0,tier1,2.131176,0.978276,0.974991
2,324,output118,generated_control,tier0,tier1,2.220396,0.977594,0.975405
2,325,place1449,generated_control,tier0,tier1,9.220619,0.976912,0.975819
2,326,place1435,generated_control,tier0,tier1,0.622752,0.976231,0.976234
2,327,place1333,generated_control,tier1,tier0,0.023795,0.976912,0.975819
2,328,place1341,generated_control,tier0,tier1,0.083205,0.976231,0.976234
2,329,_6162_,generated_control,tier0,tier1,6.068214,0.975551,0.976648
2,330,place1424,generated_control,tier0,tier1,5.983685,0.974871,0.977063
2,331,place1055,generated_control,tier0,tier1,6.729475,0.974191,0.977478
2,332,place1141,generated_control,tier0,tier1,6.546995,0.973512,0.977893
2,333,place1343,generated_control,tier0,tier1,8.013100,0.972834,0.978308
2,334,place1384,generated_control,tier0,tier1,0.103088,0.972155,0.978723
2,335,place1408,generated_control,tier0,tier1,3.763009,0.971478,0.979139
2,336,place1431,generated_control,tier0,tier1,3.760148,0.970800,0.979555
2,337,_5904_,generated_control,tier0,tier1,3.769791,0.970124,0.979971
2,338,place1377,generated_control,tier0,tier1,4.436872,0.969447,0.980387
2,339,_5867_,generated_control,tier0,tier1,1.260723,0.968771,0.980803
2,340,_6579_,generated_control,tier0,tier1,2.499730,0.968096,0.981219
2,341,place1352,generated_control,tier1,tier0,0.184036,0.968771,0.980803
2,342,place1391,generated_control,tier0,tier1,0.035301,0.968096,0.981219
2,343,place1079,generated_control,tier0,tier1,6.896497,0.967421,0.981636
2,344,place1247,generated_control,tier1,tier0,8.590532,0.968096,0.981219
2,345,place1385,generated_control,tier0,tier1,0.415829,0.967421,0.981636
2,346,place1430,generated_control,tier0,tier1,0.420609,0.966747,0.982053
2,347,place1564,generated_control,tier1,tier0,2.524454,0.967421,0.981636
2,348,place1566,generated_control,tier1,tier0,2.587248,0.968096,0.981219
2,349,rebuffer1661,generated_control,tier0,tier1,2.572363,0.967421,0.981636
2,350,rebuffer1784,generated_control,tier0,tier1,6.996117,0.966747,0.982053
2,351,rebuffer2234,generated_control,tier0,tier1,6.851913,0.966073,0.982470
2,352,rebuffer2302,generated_control,tier0,tier1,2.578837,0.965399,0.982887
2,353,rebuffer2448,generated_control,tier0,tier1,2.559019,0.964726,0.983304
2,354,place1390,generated_control,tier0,tier1,0.105763,0.964053,0.983722
2,355,place1321,generated_control,tier1,tier0,3.885520,0.964726,0.983304
2,356,place1335,generated_control,tier1,tier0,0.001175,0.965399,0.982887
2,357,place1457,generated_control,tier1,tier0,2.088948,0.966073,0.982470
2,358,place1314,generated_control,tier1,tier0,0.351579,0.966747,0.982053
2,359,place1329,generated_control,tier1,tier0,0.060577,0.967421,0.981636
2,360,place1331,generated_control,tier0,tier1,0.097368,0.966747,0.982053
2,361,place1369,generated_control,tier0,tier1,2.874832,0.966073,0.982470
2,362,place1398,generated_control,tier0,tier1,2.882854,0.965399,0.982887
2,363,place1446,generated_control,tier0,tier1,2.884618,0.964726,0.983304
2,364,rebuffer1665,generated_control,tier0,tier1,2.665922,0.964053,0.983722
2,365,rebuffer1667,generated_control,tier0,tier1,2.661180,0.963381,0.984139
2,366,rebuffer1669,generated_control,tier0,tier1,6.029768,0.962710,0.984557
2,367,place1151,generated_control,tier0,tier1,9.044286,0.962038,0.984975
2,368,_6139_,generated_control,tier0,tier1,10.932715,0.961368,0.985393
2,369,place1121,generated_control,tier0,tier1,8.962082,0.960697,0.985812
2,370,place1172,generated_control,tier0,tier1,8.183617,0.960027,0.986230
2,371,place1380,generated_control,tier0,tier1,4.599887,0.959358,0.986649
2,372,place1318,generated_control,tier1,tier0,0.231572,0.960027,0.986230
2,373,output106,generated_control,tier0,tier1,3.853938,0.959358,0.986649
2,374,output109,generated_control,tier0,tier1,4.705379,0.958689,0.987068
2,375,output110,generated_control,tier0,tier1,3.842553,0.958020,0.987487
2,376,output112,generated_control,tier0,tier1,3.905160,0.957352,0.987906
2,377,output115,generated_control,tier0,tier1,3.922773,0.956685,0.988325
2,378,output120,generated_control,tier0,tier1,3.835422,0.956018,0.988745
2,379,output123,generated_control,tier0,tier1,3.840107,0.955351,0.989165
2,380,output124,generated_control,tier0,tier1,4.687120,0.954685,0.989585
2,381,output98,generated_control,tier0,tier1,3.961385,0.954019,0.990005
2,382,place1527,generated_control,tier1,tier0,2.223785,0.954685,0.989585
2,383,place1530,generated_control,tier1,tier0,2.209197,0.955351,0.989165
2,384,rebuffer1676,generated_control,tier1,tier0,2.258113,0.956018,0.988745
2,385,output105,generated_control,tier0,tier1,3.011382,0.955351,0.989165
2,386,output111,generated_control,tier0,tier1,3.036308,0.954685,0.989585
2,387,output114,generated_control,tier0,tier1,2.967837,0.954019,0.990005
2,388,rebuffer2275,generated_control,tier1,tier0,0.264022,0.954685,0.989585
2,389,place1250,generated_control,tier1,tier0,5.188948,0.955351,0.989165
2,390,place1500,generated_control,tier1,tier0,1.355471,0.956018,0.988745
2,summary,,,,,3435.554223,0.956018,0.988745
3,1,_3854_,generated_control,tier1,tier0,8.413012,0.956685,0.987627
3,2,_4077_,generated_control,tier1,tier0,19.191173,0.957352,0.986509
3,3,dp.rf.rf[0][4]$_DFFE_PP_,execute_alu,tier1,tier0,17.348900,0.958020,0.985672
3,4,dp.rf.rf[2][4]$_DFFE_PP_,execute_alu,tier1,tier0,2.002962,0.958689,0.984836
3,5,dp.rf.rf[10][4]$_DFFE_PP_,execute_alu,tier1,tier0,10.543125,0.959358,0.984000
3,6,dp.rf.rf[11][4]$_DFFE_PP_,execute_alu,tier1,tier0,10.542202,0.960027,0.983165
3,7,dp.rf.rf[13][4]$_DFFE_PP_,execute_alu,tier1,tier0,10.493798,0.960697,0.982331
3,8,dp.rf.rf[14][4]$_DFFE_PP_,execute_alu,tier1,tier0,25.732635,0.961368,0.981497
3,9,dp.rf.rf[15][4]$_DFFE_PP_,execute_alu,tier1,tier0,40.923716,0.962038,0.980664
3,10,dp.rf.rf[9][4]$_DFFE_PP_,execute_alu,tier1,tier0,40.886032,0.962710,0.979832
3,11,dp.rf.rf[12][4]$_DFFE_PP_,execute_alu,tier1,tier0,35.649815,0.963381,0.979000
3,12,dp.rf.rf[8][4]$_DFFE_PP_,execute_alu,tier1,tier0,35.652519,0.964053,0.978170
3,13,dp.rf.rf[6][4]$_DFFE_PP_,execute_alu,tier1,tier0,42.209746,0.964726,0.977339
3,14,dp.rf.rf[7][4]$_DFFE_PP_,execute_alu,tier1,tier0,42.210192,0.965399,0.976510
3,15,_6206_,generated_datapath,tier1,tier0,8.796383,0.966073,0.975681
3,16,_5014_,generated_control,tier1,tier0,9.677192,0.966747,0.974853
3,17,_7323_,generated_datapath,tier0,tier1,7.587718,0.966073,0.975543
3,18,_6233_,generated_datapath,tier1,tier0,14.518705,0.966747,0.974853
3,19,_7381_,generated_datapath,tier1,tier0,9.534615,0.967421,0.974164
3,20,_7411_,generated_datapath,tier1,tier0,4.297826,0.968096,0.973475
3,21,_7409_,generated_datapath,tier1,tier0,5.027922,0.968771,0.972786
3,22,_7404_,generated_datapath,tier1,tier0,4.124802,0.969447,0.972098
3,23,_7391_,generated_datapath,tier1,tier0,4.103150,0.970124,0.971411
3,24,_7654_,generated_datapath,tier0,tier1,9.293989,0.969447,0.972098
3,25,_7328_,generated_datapath,tier1,tier0,5.895058,0.970124,0.971411
3,26,_6102_,generated_datapath,tier1,tier0,11.860897,0.970800,0.970724
3,27,_6101_,generated_datapath,tier1,tier0,29.835065,0.971478,0.970037
3,28,_7552_,generated_datapath,tier1,tier0,9.500798,0.972155,0.969351
3,29,_6618_,generated_datapath,tier1,tier0,21.142423,0.972834,0.968665
3,30,_7553_,generated_datapath,tier1,tier0,9.920906,0.973512,0.967980
3,31,_5858_,generated_datapath,tier1,tier0,8.317704,0.974191,0.967295
3,32,_4946_,generated_datapath,tier1,tier0,0.116696,0.974871,0.966611
3,33,_6215_,generated_datapath,tier1,tier0,12.533950,0.975551,0.965927
3,34,_6201_,generated_datapath,tier1,tier0,28.197136,0.976231,0.965244
3,35,_6440_,generated_datapath,tier1,tier0,3.689465,0.976912,0.964561
3,36,_6214_,generated_datapath,tier1,tier0,27.209853,0.977594,0.963879
3,37,_6391_,generated_datapath,tier1,tier0,1.861852,0.978276,0.963197
3,38,_6822_,generated_datapath,tier1,tier0,12.771194,0.978958,0.962516
3,39,_6512_,generated_datapath,tier1,tier0,0.657875,0.979641,0.961835
3,40,_7111_,generated_datapath,tier1,tier0,1.297720,0.980324,0.961154
3,41,_6563_,generated_datapath,tier1,tier0,6.464040,0.981008,0.960474
3,42,_6231_,generated_datapath,tier1,tier0,7.420516,0.981693,0.959795
3,43,_4683_,generated_datapath,tier1,tier0,15.160347,0.982377,0.959116
3,44,_6796_,generated_datapath,tier1,tier0,10.941670,0.983063,0.958437
3,45,_4667_,generated_datapath,tier1,tier0,4.042850,0.983748,0.957759
3,46,_6266_,generated_datapath,tier1,tier0,8.574916,0.984434,0.957082
3,47,_5102_,generated_control,tier1,tier0,0.414896,0.985121,0.956404
3,48,_5852_,generated_control,tier0,tier1,2.487583,0.984434,0.957082
3,49,_6984_,generated_control,tier1,tier0,5.758046,0.985121,0.956404
3,50,_6988_,generated_control,tier1,tier0,5.759765,0.985808,0.955728
3,51,_6998_,generated_control,tier1,tier0,5.770648,0.986496,0.955052
3,52,_7020_,generated_control,tier1,tier0,5.778696,0.987184,0.954376
3,53,_7028_,generated_control,tier1,tier0,5.846279,0.987872,0.953701
3,54,_7008_,generated_control,tier1,tier0,5.823237,0.988562,0.953026
3,55,_6823_,generated_control,tier1,tier0,8.485186,0.989251,0.952351
3,56,_7281_,generated_control,tier0,tier1,8.698010,0.988562,0.953026
3,57,_7444_,generated_control,tier0,tier1,17.793979,0.987872,0.953701
3,58,_7491_,generated_control,tier0,tier1,10.871178,0.987184,0.954376
3,59,_7498_,generated_control,tier0,tier1,6.334579,0.986496,0.955052
3,60,_7501_,generated_control,tier0,tier1,6.390415,0.985808,0.955728
3,61,_7504_,generated_control,tier0,tier1,13.307288,0.985121,0.956404
3,62,_5906_,generated_control,tier0,tier1,15.885676,0.984434,0.957082
3,63,_7476_,generated_control,tier0,tier1,10.972878,0.983748,0.957759
3,64,_7546_,generated_control,tier0,tier1,10.657962,0.983063,0.958437
3,65,_7544_,generated_control,tier0,tier1,15.178222,0.982377,0.959116
3,66,_6058_,generated_control,tier0,tier1,0.248090,0.981693,0.959795
3,67,_6896_,generated_control,tier0,tier1,16.271229,0.981008,0.960474
3,68,_6948_,generated_control,tier0,tier1,15.200747,0.980324,0.961154
3,69,_5886_,generated_control,tier1,tier0,0.941574,0.981008,0.960474
3,70,_6173_,generated_control,tier0,tier1,7.539241,0.980324,0.961018
3,71,_5018_,generated_control,tier1,tier0,0.533121,0.981008,0.960474
3,72,_5872_,generated_control,tier0,tier1,5.504376,0.980324,0.961018
3,73,_6714_,generated_control,tier0,tier1,3.602315,0.979641,0.961562
3,74,_6511_,generated_control,tier1,tier0,3.843812,0.980324,0.961018
3,75,_4945_,generated_control,tier1,tier0,3.336490,0.981008,0.960474
3,76,_6232_,generated_control,tier1,tier0,7.859606,0.981693,0.959931
3,77,_7554_,generated_control,tier1,tier0,1.847514,0.982377,0.959387
3,78,output122,clock_reset,tier0,tier1,6.462711,0.981693,0.959795
3,79,input56,fetch,tier0,tier1,4.088374,0.981008,0.960202
3,80,place1433,generated_control,tier0,tier1,2.163770,0.980324,0.960610
3,81,place1387,generated_control,tier0,tier1,2.865567,0.979641,0.961018
3,82,place1419,generated_control,tier0,tier1,2.883905,0.978958,0.961426
3,83,place1439,generated_control,tier0,tier1,2.876093,0.978276,0.961835
3,84,place1442,generated_control,tier0,tier1,2.870859,0.977594,0.962243
3,85,place1325,generated_control,tier1,tier0,0.002647,0.978276,0.961835
3,86,place1310,generated_control,tier1,tier0,0.143709,0.978958,0.961426
3,87,place1507,generated_control,tier1,tier0,1.282879,0.979641,0.961018
3,88,place1181,generated_control,tier1,tier0,0.368060,0.980324,0.960610
3,89,dp.rf.rf[0][4]$_DFFE_PP__27,unclassified,tier1,tier0,5.514148,0.981008,0.960338
3,summary,,,,,916.640420,0.981008,0.960338
4,1,_6208_,generated_datapath,tier1,tier0,1.232350,0.981693,0.959523
4,2,_5019_,generated_datapath,tier1,tier0,0.504627,0.982377,0.958709
4,3,_6229_,generated_datapath,tier1,tier0,4.014217,0.983063,0.958030
4,4,_5871_,generated_control,tier0,tier1,3.098671,0.982377,0.958709
4,5,_5891_,generated_control,tier0,tier1,17.198163,0.981693,0.959387
4,6,_5870_,generated_control,tier0,tier1,1.204717,0.981008,0.959931
4,7,_5900_,generated_control,tier0,tier1,5.383088,0.980324,0.960474
4,summary,,,,,32.635833,0.980324,0.960474
